sensor_id,x,y,time,temperature
0,-1.0,-1.0,2.5,0.0
0,-1.0,-0.98,2.5,0.0
0,-1.0,-0.96,2.5,0.0
0,-1.0,-0.94,2.5,0.0
0,-1.0,-0.92,2.5,0.0
0,-1.0,-0.9,2.5,0.0
0,-1.0,-0.88,2.5,0.0
0,-1.0,-0.86,2.5,0.0
0,-1.0,-0.84,2.5,0.0
0,-1.0,-0.8200000000000001,2.5,0.0
0,-1.0,-0.8,2.5,0.0
0,-1.0,-0.78,2.5,0.0
0,-1.0,-0.76,2.5,0.0
0,-1.0,-0.74,2.5,0.0
0,-1.0,-0.72,2.5,0.0
0,-1.0,-0.7,2.5,0.0
0,-1.0,-0.6799999999999999,2.5,0.0
0,-1.0,-0.6599999999999999,2.5,0.0
0,-1.0,-0.64,2.5,0.0
0,-1.0,-0.62,2.5,0.0
0,-1.0,-0.6,2.5,0.0
0,-1.0,-0.5800000000000001,2.5,0.0
0,-1.0,-0.56,2.5,0.0
0,-1.0,-0.54,2.5,0.0
0,-1.0,-0.52,2.5,0.0
0,-1.0,-0.5,2.5,0.0
0,-1.0,-0.48,2.5,0.0
0,-1.0,-0.45999999999999996,2.5,0.0
0,-1.0,-0.43999999999999995,2.5,0.0
0,-1.0,-0.42000000000000004,2.5,0.0
0,-1.0,-0.4,2.5,0.0
0,-1.0,-0.38,2.5,0.0
0,-1.0,-0.36,2.5,0.0
0,-1.0,-0.33999999999999997,2.5,0.0
0,-1.0,-0.31999999999999995,2.5,0.0
0,-1.0,-0.29999999999999993,2.5,0.0
0,-1.0,-0.28,2.5,0.0
0,-1.0,-0.26,2.5,0.0
0,-1.0,-0.24,2.5,0.0
0,-1.0,-0.21999999999999997,2.5,0.0
0,-1.0,-0.19999999999999996,2.5,0.0
0,-1.0,-0.17999999999999994,2.5,0.0
0,-1.0,-0.16000000000000003,2.5,0.0
0,-1.0,-0.14,2.5,0.0
0,-1.0,-0.12,2.5,0.0
0,-1.0,-0.09999999999999998,2.5,0.0
0,-1.0,-0.07999999999999996,2.5,0.0
0,-1.0,-0.05999999999999994,2.5,0.0
0,-1.0,-0.040000000000000036,2.5,0.0
0,-1.0,-0.020000000000000018,2.5,0.0
0,-1.0,0.0,2.5,0.0
0,-1.0,0.020000000000000018,2.5,0.0
0,-1.0,0.040000000000000036,2.5,0.0
0,-1.0,0.06000000000000005,2.5,0.0
0,-1.0,0.08000000000000007,2.5,0.0
0,-1.0,0.10000000000000009,2.5,0.0
0,-1.0,0.1200000000000001,2.5,0.0
0,-1.0,0.14000000000000012,2.5,0.0
0,-1.0,0.15999999999999992,2.5,0.0
0,-1.0,0.17999999999999994,2.5,0.0
0,-1.0,0.19999999999999996,2.5,0.0
0,-1.0,0.21999999999999997,2.5,0.0
0,-1.0,0.24,2.5,0.0
0,-1.0,0.26,2.5,0.0
0,-1.0,0.28,2.5,0.0
0,-1.0,0.30000000000000004,2.5,0.0
0,-1.0,0.32000000000000006,2.5,0.0
0,-1.0,0.3400000000000001,2.5,0.0
0,-1.0,0.3600000000000001,2.5,0.0
0,-1.0,0.3800000000000001,2.5,0.0
0,-1.0,0.40000000000000013,2.5,0.0
0,-1.0,0.41999999999999993,2.5,0.0
0,-1.0,0.43999999999999995,2.5,0.0
0,-1.0,0.45999999999999996,2.5,0.0
0,-1.0,0.48,2.5,0.0
0,-1.0,0.5,2.5,0.0
0,-1.0,0.52,2.5,0.0
0,-1.0,0.54,2.5,0.0
0,-1.0,0.56,2.5,0.0
0,-1.0,0.5800000000000001,2.5,0.0
0,-1.0,0.6000000000000001,2.5,0.0
0,-1.0,0.6200000000000001,2.5,0.0
0,-1.0,0.6400000000000001,2.5,0.0
0,-1.0,0.6600000000000001,2.5,0.0
0,-1.0,0.6799999999999999,2.5,0.0
0,-1.0,0.7,2.5,0.0
0,-1.0,0.72,2.5,0.0
0,-1.0,0.74,2.5,0.0
0,-1.0,0.76,2.5,0.0
0,-1.0,0.78,2.5,0.0
0,-1.0,0.8,2.5,0.0
0,-1.0,0.8200000000000001,2.5,0.0
0,-1.0,0.8400000000000001,2.5,0.0
0,-1.0,0.8600000000000001,2.5,0.0
0,-1.0,0.8800000000000001,2.5,0.0
0,-1.0,0.9000000000000001,2.5,0.0
0,-1.0,0.9199999999999999,2.5,0.0
0,-1.0,0.94,2.5,0.0
0,-1.0,0.96,2.5,0.0
0,-1.0,0.98,2.5,0.0
0,-1.0,1.0,2.5,0.0
0,-0.98,-1.0,2.5,0.0
0,-0.98,-0.98,2.5,0.0013440942411186336
0,-0.98,-0.96,2.5,0.002686037039488679
0,-0.98,-0.94,2.5,0.004023682192243644
0,-0.98,-0.92,2.5,0.0053548928514992366
0,-0.98,-0.9,2.5,0.006677543494319915
0,-0.98,-0.88,2.5,0.007989518927208922
0,-0.98,-0.86,2.5,0.00928870978348565
0,-0.98,-0.84,2.5,0.010573004305975272
0,-0.98,-0.8200000000000001,2.5,0.011840276569175232
0,-0.98,-0.8,2.5,0.013088371654961184
0,-0.98,-0.78,2.5,0.014315088625162523
0,-0.98,-0.76,2.5,0.015518162407344396
0,-0.98,-0.74,2.5,0.01669524590643638
0,-0.98,-0.72,2.5,0.01784389376067136
0,-0.98,-0.7,2.5,0.01896154916932664
0,-0.98,-0.6799999999999999,2.5,0.020045535133240092
0,-0.98,-0.6599999999999999,2.5,0.021093051275245255
0,-0.98,-0.64,2.5,0.022101177160639442
0,-0.98,-0.62,2.5,0.0230668827360087
0,-0.98,-0.6,2.5,0.023987046169204936
0,-0.98,-0.5800000000000001,2.5,0.0248584790257965
0,-0.98,-0.56,2.5,0.02567795837878429
0,-0.98,-0.54,2.5,0.026442265137356414
0,-0.98,-0.52,2.5,0.027148227612121423
0,-0.98,-0.5,2.5,0.027792769119740608
0,-0.98,-0.48,2.5,0.028372958275986605
0,-0.98,-0.45999999999999996,2.5,0.02888606053560547
0,-0.98,-0.43999999999999995,2.5,0.029329589508776118
0,-0.98,-0.42000000000000004,2.5,0.02970135661310687
0,-0.98,-0.4,2.5,0.029999517700243235
0,-0.98,-0.38,2.5,0.030222615418929993
0,-0.98,-0.36,2.5,0.03036961623258174
0,-0.98,-0.33999999999999997,2.5,0.03043994118970211
0,-0.98,-0.31999999999999995,2.5,0.03043348974086738
0,-0.98,-0.29999999999999993,2.5,0.03035065609824978
0,-0.98,-0.28,2.5,0.03019233783563623
0,-0.98,-0.26,2.5,0.029959936622604717
0,-0.98,-0.24,2.5,0.029655351171147575
0,-0.98,-0.21999999999999997,2.5,0.02928096264289778
0,-0.98,-0.19999999999999996,2.5,0.028839612917552146
0,-0.98,-0.17999999999999994,2.5,0.02833457625628986
0,-0.98,-0.16000000000000003,2.5,0.027769525006868544
0,-0.98,-0.14,2.5,0.027148490089131668
0,-0.98,-0.12,2.5,0.026475817070823436
0,-0.98,-0.09999999999999998,2.5,0.0257561186941814
0,-0.98,-0.07999999999999996,2.5,0.0249942247443545
0,-0.98,-0.05999999999999994,2.5,0.024195130162103496
0,-0.98,-0.040000000000000036,2.5,0.023363942296522895
0,-0.98,-0.020000000000000018,2.5,0.022505828169910057
0,-0.98,0.0,2.5,0.02162596258780958
0,-0.98,0.020000000000000018,2.5,0.02072947787426151
0,-0.98,0.040000000000000036,2.5,0.019821415947117293
0,-0.98,0.06000000000000005,2.5,0.01890668337283549
0,-0.98,0.08000000000000007,2.5,0.017990009956417804
0,-0.98,0.10000000000000009,2.5,0.017075911332165614
0,-0.98,0.1200000000000001,2.5,0.016168655926840917
0,-0.98,0.14000000000000012,2.5,0.015272236570714902
0,-0.98,0.15999999999999992,2.5,0.014390346935949112
0,-0.98,0.17999999999999994,2.5,0.013526362887752991
0,-0.98,0.19999999999999996,2.5,0.01268332874363574
0,-0.98,0.21999999999999997,2.5,0.011863948351481812
0,-0.98,0.24,2.5,0.0110705808195796
0,-0.98,0.26,2.5,0.01030524066233235
0,-0.98,0.28,2.5,0.009569602065132929
0,-0.98,0.30000000000000004,2.5,0.008865006921470233
0,-0.98,0.32000000000000006,2.5,0.008192476255163466
0,-0.98,0.3400000000000001,2.5,0.0075527246108294775
0,-0.98,0.3600000000000001,2.5,0.006946176976160825
0,-0.98,0.3800000000000001,2.5,0.00637298778997406
0,-0.98,0.40000000000000013,2.5,0.005833061589713302
0,-0.98,0.41999999999999993,2.5,0.00532607486041566
0,-0.98,0.43999999999999995,2.5,0.004851498663166027
0,-0.98,0.45999999999999996,2.5,0.004408621643778021
0,-0.98,0.48,2.5,0.0039965730507461016
0,-0.98,0.5,2.5,0.0036143454242884504
0,-0.98,0.52,2.5,0.0032608166543991192
0,-0.98,0.54,2.5,0.002934771144131565
0,-0.98,0.56,2.5,0.0026349198537753606
0,-0.98,0.5800000000000001,2.5,0.0023599190411710837
0,-0.98,0.6000000000000001,2.5,0.00210838755223916
0,-0.98,0.6200000000000001,2.5,0.001878922553094864
0,-0.98,0.6400000000000001,2.5,0.00167011363022673
0,-0.98,0.6600000000000001,2.5,0.0014805552176054308
0,-0.98,0.6799999999999999,2.5,0.0013088573388763036
0,-0.98,0.7,2.5,0.0011536546787161092
0,-0.98,0.72,2.5,0.0010136140198768026
0,-0.98,0.74,2.5,0.0008874401013871912
0,-0.98,0.76,2.5,0.000773879968934366
0,-0.98,0.78,2.5,0.0006717259007877635
0,-0.98,0.8,2.5,0.0005798170020194343
0,-0.98,0.8200000000000001,2.5,0.0004970395665294234
0,-0.98,0.8400000000000001,2.5,0.00042232631085611575
0,-0.98,0.8600000000000001,2.5,0.00035465458630804615
0,-0.98,0.8800000000000001,2.5,0.00029304367696866986
0,-0.98,0.9000000000000001,2.5,0.00023655129096021455
0,-0.98,0.9199999999999999,2.5,0.00018426935134551107
0,-0.98,0.94,2.5,0.00013531919150455804
0,-0.98,0.96,2.5,8.884625801519315e-05
0,-0.98,0.98,2.5,4.40144222237864e-05
0,-0.98,1.0,2.5,0.0
0,-0.96,-1.0,2.5,0.0
0,-0.96,-0.98,2.5,0.002686037039488679
0,-0.96,-0.96,2.5,0.005367774675888353
0,-0.96,-0.94,2.5,0.008040923978582243
0,-0.96,-0.92,2.5,0.01070121471414421
0,-0.96,-0.9,2.5,0.01334439928424267
0,-0.96,-0.88,2.5,0.01596625073736504
0,-0.96,-0.86,2.5,0.018562553771963565
0,-0.96,-0.84,2.5,0.02112908831620843
0,-0.96,-0.8200000000000001,2.5,0.02366160599243107
0,-0.96,-0.8,2.5,0.026155800493557407
0,-0.96,-0.78,2.5,0.028607273556834383
0,-0.96,-0.76,2.5,0.031011498765725305
0,-0.96,-0.74,2.5,0.03336378580313679
0,-0.96,-0.72,2.5,0.03565924799061229
0,-0.96,-0.7,2.5,0.037892775966163805
0,-0.96,-0.6799999999999999,2.5,0.04005902018050837
0,-0.96,-0.6599999999999999,2.5,0.04215238454408974
0,-0.96,-0.64,2.5,0.0441670330635968
0,-0.96,-0.62,2.5,0.04609691070358747
0,-0.96,-0.6,2.5,0.0479357790383016
0,-0.96,-0.5800000000000001,2.5,0.04967726656435253
0,-0.96,-0.56,2.5,0.051314932868466105
0,-0.96,-0.54,2.5,0.05284234522289582
0,-0.96,-0.52,2.5,0.054253165644906766
0,-0.96,-0.5,2.5,0.055541246028027326
0,-0.96,-0.48,2.5,0.05670072864523301
0,-0.96,-0.45999999999999996,2.5,0.05772614914307933
0,-0.96,-0.43999999999999995,2.5,0.05861253908868859
0,-0.96,-0.42000000000000004,2.5,0.05935552518975487
0,-0.96,-0.4,2.5,0.05995142246788592
0,-0.96,-0.38,2.5,0.06039731891096149
0,-0.96,-0.36,2.5,0.06069114944237905
0,-0.96,-0.33999999999999997,2.5,0.060831757405364804
0,-0.96,-0.31999999999999995,2.5,0.060818942150989416
0,-0.96,-0.29999999999999993,2.5,0.06065349172274956
0,-0.96,-0.28,2.5,0.06033720003423822
0,-0.96,-0.26,2.5,0.059872868327551794
0,-0.96,-0.24,2.5,0.05926429106906384
0,-0.96,-0.21999999999999997,2.5,0.058516226778677745
0,-0.96,-0.19999999999999996,2.5,0.057634354593320364
0,-0.96,-0.17999999999999994,2.5,0.056625217631646206
0,-0.96,-0.16000000000000003,2.5,0.0554961544525177
0,-0.96,-0.14,2.5,0.054255220083783466
0,-0.96,-0.12,2.5,0.0529110982400815
0,-0.96,-0.09999999999999998,2.5,0.05147300644944983
0,-0.96,-0.07999999999999996,2.5,0.049950595869610905
0,-0.96,-0.05999999999999994,2.5,0.04835384759756902
0,-0.96,-0.040000000000000036,2.5,0.04669296726269864
0,-0.96,-0.020000000000000018,2.5,0.0449782796462704
0,-0.96,0.0,2.5,0.043220124992179
0,-0.96,0.020000000000000018,2.5,0.04142875856767019
0,-0.96,0.040000000000000036,2.5,0.03961425490258142
0,-0.96,0.06000000000000005,2.5,0.03778641798476861
0,-0.96,0.08000000000000007,2.5,0.035954698521962876
0,-0.96,0.10000000000000009,2.5,0.03412811920042823
0,-0.96,0.1200000000000001,2.5,0.032315208682694274
0,-0.96,0.14000000000000012,2.5,0.030523944894543645
0,-0.96,0.15999999999999992,2.5,0.02876170795947088
0,-0.96,0.17999999999999994,2.5,0.02703524295094614
0,-0.96,0.19999999999999996,2.5,0.02535063245269012
0,-0.96,0.21999999999999997,2.5,0.023713278748116257
0,-0.96,0.24,2.5,0.022127895305024337
0,-0.96,0.26,2.5,0.020598507082957275
0,-0.96,0.28,2.5,0.019128459070263063
0,-0.96,0.30000000000000004,2.5,0.01772043235719846
0,-0.96,0.32000000000000006,2.5,0.016376466971184275
0,-0.96,0.3400000000000001,2.5,0.015097990640849403
0,-0.96,0.3600000000000001,2.5,0.013885852616546429
0,-0.96,0.3800000000000001,2.5,0.01274036165587578
0,-0.96,0.40000000000000013,2.5,0.011661327282285451
0,-0.96,0.41999999999999993,2.5,0.010648103441522535
0,-0.96,0.43999999999999995,2.5,0.009699633712807186
0,-0.96,0.45999999999999996,2.5,0.008814497277055923
0,-0.96,0.48,2.5,0.007990954901120461
0,-0.96,0.5,2.5,0.007226994262565146
0,-0.96,0.52,2.5,0.0065203740116957015
0,-0.96,0.54,2.5,0.005868666044137011
0,-0.96,0.56,2.5,0.005269295536100049
0,-0.96,0.5800000000000001,2.5,0.004719578373594581
0,-0.96,0.6000000000000001,2.5,0.0042167556844440275
0,-0.96,0.6200000000000001,2.5,0.0037580252564797245
0,-0.96,0.6400000000000001,2.5,0.0033405696954212556
0,-0.96,0.6600000000000001,2.5,0.002961581240642318
0,-0.96,0.6799999999999999,2.5,0.0026182832155022106
0,-0.96,0.7,2.5,0.0023079481406846577
0,-0.96,0.72,2.5,0.002027912583776475
0,-0.96,0.74,2.5,0.0017755888561237381
0,-0.96,0.76,2.5,0.0015484736990182646
0,-0.96,0.78,2.5,0.0013441541258682591
0,-0.96,0.8,2.5,0.0011603106057151806
0,-0.96,0.8200000000000001,2.5,0.000994717786904842
0,-0.96,0.8400000000000001,2.5,0.0008452429686074844
0,-0.96,0.8600000000000001,2.5,0.0007098425329493588
0,-0.96,0.8800000000000001,2.5,0.0005865565525124492
0,-0.96,0.9000000000000001,2.5,0.0004735017876014693
0,-0.96,0.9199999999999999,2.5,0.0003688632856441656
0,-0.96,0.94,2.5,0.0002708847919950674
0,-0.96,0.96,2.5,0.00017785817779199145
0,-0.96,0.98,2.5,8.811208682570656e-05
0,-0.96,1.0,2.5,0.0
0,-0.94,-1.0,2.5,0.0
0,-0.94,-0.98,2.5,0.004023682192243644
0,-0.94,-0.96,2.5,0.008040923978582243
0,-0.94,-0.94,2.5,0.012045300643640197
0,-0.94,-0.92,2.5,0.01603041548599146
0,-0.94,-0.9,2.5,0.019989905719981597
0,-0.94,-0.88,2.5,0.02391743950020392
0,-0.94,-0.86,2.5,0.027806702447211926
0,-0.94,-0.84,2.5,0.0316513730530859
0,-0.94,-0.8200000000000001,2.5,0.035445087428363886
0,-0.94,-0.8,2.5,0.03918139492922375
0,-0.94,-0.78,2.5,0.04285370718948332
0,-0.94,-0.76,2.5,0.04645524389923906
0,-0.94,-0.74,2.5,0.04997897925959925
0,-0.94,-0.72,2.5,0.05341759335973792
0,-0.94,-0.7,2.5,0.056763432749501415
0,-0.94,-0.6799999999999999,2.5,0.060008484221772664
0,-0.94,-0.6599999999999999,2.5,0.06314436529840109
0,-0.94,-0.64,2.5,0.06616233417397421
0,-0.94,-0.62,2.5,0.06905332096824776
0,-0.94,-0.6,2.5,0.07180798113359413
0,-0.94,-0.5800000000000001,2.5,0.07441677082361511
0,-0.94,-0.56,2.5,0.0768700430156346
0,-0.94,-0.54,2.5,0.07915816224871391
0,-0.94,-0.52,2.5,0.0812716350355552
0,-0.94,-0.5,2.5,0.08320125236448034
0,-0.94,-0.48,2.5,0.08493824024700097
0,-0.94,-0.45999999999999996,2.5,0.08647441399515132
0,-0.94,-0.43999999999999995,2.5,0.08780233182723118
0,-0.94,-0.42000000000000004,2.5,0.08891544348790802
0,-0.94,-0.4,2.5,0.08980822980857936
0,-0.94,-0.38,2.5,0.09047632950149129
0,-0.94,-0.36,2.5,0.09091664994882505
0,-0.94,-0.33999999999999997,2.5,0.09112745928775823
0,-0.94,-0.31999999999999995,2.5,0.09110845767748178
0,-0.94,-0.29999999999999993,2.5,0.09086082623973844
0,-0.94,-0.28,2.5,0.09038725276920048
0,-0.94,-0.26,2.5,0.089691933895971
0,-0.94,-0.24,2.5,0.088780553935287
0,-0.94,-0.21999999999999997,2.5,0.08766024116810031
0,-0.94,-0.19999999999999996,2.5,0.08633950275262033
0,-0.94,-0.17999999999999994,2.5,0.08482813986571705
0,-0.94,-0.16000000000000003,2.5,0.08313714501104079
0,-0.94,-0.14,2.5,0.08127858370628921
0,-0.94,-0.12,2.5,0.0792654629750584
0,-0.94,-0.09999999999999998,2.5,0.07711158922006438
0,-0.94,-0.07999999999999996,2.5,0.07483141814597316
0,-0.94,-0.05999999999999994,2.5,0.07243989943411859
0,-0.94,-0.040000000000000036,2.5,0.06995231885113215
0,-0.94,-0.020000000000000018,2.5,0.06738414040264733
0,-0.94,0.0,2.5,0.06475085102600246
0,-0.94,0.020000000000000018,2.5,0.062067810156988416
0,-0.94,0.040000000000000036,2.5,0.05935010631038126
0,-0.94,0.06000000000000005,2.5,0.05661242258788862
0,-0.94,0.08000000000000007,2.5,0.05386891277618019
0,-0.94,0.10000000000000009,2.5,0.05113308942807783
0,-0.94,0.1200000000000001,2.5,0.0484177250380776
0,-0.94,0.14000000000000012,2.5,0.04573476713549657
0,-0.94,0.15999999999999992,2.5,0.04309526783087545
0,-0.94,0.17999999999999994,2.5,0.040509328069742015
0,-0.94,0.19999999999999996,2.5,0.03798605657795761
0,-0.94,0.21999999999999997,2.5,0.03553354322961103
0,-0.94,0.24,2.5,0.03315884633613691
0,-0.94,0.26,2.5,0.030867993147645933
0,-0.94,0.28,2.5,0.02866599267721537
0,-0.94,0.30000000000000004,2.5,0.02655685980813559
0,-0.94,0.32000000000000006,2.5,0.024543649524060823
0,-0.94,0.3400000000000001,2.5,0.022628500013078368
0,-0.94,0.3600000000000001,2.5,0.02081268333853267
0,-0.94,0.3800000000000001,2.5,0.019096662340950362
0,-0.94,0.40000000000000013,2.5,0.01748015243490655
0,-0.94,0.41999999999999993,2.5,0.015962186989904877
0,-0.94,0.43999999999999995,2.5,0.014541185032618167
0,-0.94,0.45999999999999996,2.5,0.013215020076118238
0,-0.94,0.48,2.5,0.011981088966741063
0,-0.94,0.5,2.5,0.010836379737589554
0,-0.94,0.52,2.5,0.009777537565942787
0,-0.94,0.54,2.5,0.00880092804666281
0,-0.94,0.56,2.5,0.00790269711186264
0,-0.94,0.5800000000000001,2.5,0.007078827045649571
0,-0.94,0.6000000000000001,2.5,0.006325188159003263
0,-0.94,0.6200000000000001,2.5,0.005637585801449024
0,-0.94,0.6400000000000001,2.5,0.005011802491178876
0,-0.94,0.6600000000000001,2.5,0.0044436350420938055
0,-0.94,0.6799999999999999,2.5,0.003928926653732048
0,-0.94,0.7,2.5,0.00346359400745563
0,-0.94,0.72,2.5,0.0030436494792185254
0,-0.94,0.74,2.5,0.002665218635718163
0,-0.94,0.76,2.5,0.0023245532270357253
0,-0.94,0.78,2.5,0.0020180399255685768
0,-0.94,0.8,2.5,0.001742205088935476
0,-0.94,0.8200000000000001,2.5,0.0014937158445411695
0,-0.94,0.8400000000000001,2.5,0.0012693778066776161
0,-0.94,0.8600000000000001,2.5,0.0010661297445259518
0,-0.94,0.8800000000000001,2.5,0.0008810355223237657
0,-0.94,0.9000000000000001,2.5,0.0007112736323582944
0,-0.94,0.9199999999999999,2.5,0.0005541246383493622
0,-0.94,0.94,2.5,0.00040695684211257665
0,-0.94,0.96,2.5,0.0002672104809466453
0,-0.94,0.98,2.5,0.00013238075765017746
0,-0.94,1.0,2.5,0.0
0,-0.92,-1.0,2.5,0.0
0,-0.92,-0.98,2.5,0.0053548928514992366
0,-0.92,-0.96,2.5,0.01070121471414421
0,-0.92,-0.94,2.5,0.01603041548599146
0,-0.92,-0.92,2.5,0.021333982357869465
0,-0.92,-0.9,2.5,0.02660344767318653
0,-0.92,-0.88,2.5,0.03183038497350711
0,-0.92,-0.86,2.5,0.03700639107207171
0,-0.92,-0.84,2.5,0.04212305332831564
0,-0.92,-0.8200000000000001,2.5,0.047171902737588624
0,-0.92,-0.8,2.5,0.05214435488407866
0,-0.92,-0.78,2.5,0.05703164211671214
0,-0.92,-0.76,2.5,0.06182474139541615
0,-0.92,-0.74,2.5,0.06651430303715607
0,-0.92,-0.72,2.5,0.07109058601270846
0,-0.92,-0.7,2.5,0.07554340548104227
0,-0.92,-0.6799999999999999,2.5,0.07986209790342992
0,-0.92,-0.6599999999999999,2.5,0.08403550838681449
0,-0.92,-0.64,2.5,0.08805200392173304
0,-0.92,-0.62,2.5,0.09189951497770649
0,-0.92,-0.6,2.5,0.09556560658221
0,-0.92,-0.5800000000000001,2.5,0.09903757862495906
0,-0.92,-0.56,2.5,0.10230259378051543
0,-0.92,-0.54,2.5,0.10534783020310023
0,-0.92,-0.52,2.5,0.10816065507846848
0,-0.92,-0.5,2.5,0.11072881426307188
0,-0.92,-0.48,2.5,0.1130406326276789
0,-0.92,-0.45999999999999996,2.5,0.11508521936154137
0,-0.92,-0.43999999999999995,2.5,0.11685267237942276
0,-0.92,-0.42000000000000004,2.5,0.11833427609005173
0,-0.92,-0.4,2.5,0.11952268710397634
0,-0.92,-0.38,2.5,0.12041210294809306
0,-0.92,-0.36,2.5,0.12099840947667936
0,-0.92,-0.33999999999999997,2.5,0.12127930338725094
0,-0.92,-0.31999999999999995,2.5,0.12125438702818833
0,-0.92,-0.29999999999999993,2.5,0.12092523349113883
0,-0.92,-0.28,2.5,0.12029542078615138
0,-0.92,-0.26,2.5,0.11937053467745122
0,-0.92,-0.24,2.5,0.11815814049355587
0,-0.92,-0.21999999999999997,2.5,0.1166677249023993
0,-0.92,-0.19999999999999996,2.5,0.11491060924962236
0,-0.92,-0.17999999999999994,2.5,0.11289983658900929
0,-0.92,-0.16000000000000003,2.5,0.11065003498385705
0,-0.92,-0.14,2.5,0.10817726002481666
0,-0.92,-0.12,2.5,0.10549881979319732
0,-0.92,-0.09999999999999998,2.5,0.10263308570008438
0,-0.92,-0.07999999999999996,2.5,0.09959929275323162
0,-0.92,-0.05999999999999994,2.5,0.09641733284885406
0,-0.92,-0.040000000000000036,2.5,0.09310754465832058
0,-0.92,-0.020000000000000018,2.5,0.0896905035852325
0,-0.92,0.0,2.5,0.08618681511211419
0,-0.92,0.020000000000000018,2.5,0.08261691464424069
0,-0.92,0.040000000000000036,2.5,0.07900087669793271
0,-0.92,0.06000000000000005,2.5,0.07535823597944097
0,-0.92,0.08000000000000007,2.5,0.07170782256627582
0,-0.92,0.10000000000000009,2.5,0.06806761304377018
0,-0.92,0.1200000000000001,2.5,0.06445459907423806
0,-0.92,0.14000000000000012,2.5,0.060884674492739016
0,-0.92,0.15999999999999992,2.5,0.05737254164043298
0,-0.92,0.17999999999999994,2.5,0.05393163727169397
0,-0.92,0.19999999999999996,2.5,0.05057407801188209
0,-0.92,0.21999999999999997,2.5,0.04731062500558688
0,-0.92,0.24,2.5,0.044150667086035156
0,-0.92,0.26,2.5,0.041102221520035204
0,-0.92,0.28,2.5,0.03817195114309919
0,-0.92,0.30000000000000004,2.5,0.03536519649895667
0,-0.92,0.32000000000000006,2.5,0.032686021438157596
0,-0.92,0.3400000000000001,2.5,0.030137270512403443
0,-0.92,0.3600000000000001,2.5,0.02772063642415307
0,-0.92,0.3800000000000001,2.5,0.025436735753494262
0,-0.92,0.40000000000000013,2.5,0.023285191183977746
0,-0.92,0.41999999999999993,2.5,0.021264718483071675
0,-0.92,0.43999999999999995,2.5,0.01937321655751626
0,-0.92,0.45999999999999996,2.5,0.01760785899508701
0,-0.92,0.48,2.5,0.015965185617748387
0,-0.92,0.5,2.5,0.014441192702363893
0,-0.92,0.52,2.5,0.013031420669455703
0,-0.92,0.54,2.5,0.011731038193503091
0,-0.92,0.56,2.5,0.01053492184566534
0,-0.92,0.5800000000000001,2.5,0.009437730537651083
0,-0.92,0.6000000000000001,2.5,0.008433974190162735
0,-0.92,0.6200000000000001,2.5,0.0075180761978080836
0,-0.92,0.6400000000000001,2.5,0.006684429401982725
0,-0.92,0.6600000000000001,2.5,0.005927445411910977
0,-0.92,0.6799999999999999,2.5,0.0052415972302566
0,-0.92,0.7,2.5,0.0046214552424818185
0,-0.92,0.72,2.5,0.004061716717958398
0,-0.92,0.74,2.5,0.0035572290457059194
0,-0.92,0.76,2.5,0.0031030069889574474
0,-0.92,0.78,2.5,0.0026942442912980605
0,-0.92,0.8,2.5,0.0023263200039418987
0,-0.92,0.8200000000000001,2.5,0.0019947999300793536
0,-0.92,0.8400000000000001,2.5,0.0016954335995495483
0,-0.92,0.8600000000000001,2.5,0.0014241471968580912
0,-0.92,0.8800000000000001,2.5,0.0011770328692554473
0,-0.92,0.9000000000000001,2.5,0.0009503348406573453
0,-0.92,0.9199999999999999,2.5,0.000740432752970068
0,-0.92,0.94,2.5,0.0005438226500962038
0,-0.92,0.96,2.5,0.0003570960126047429
0,-0.92,0.98,2.5,0.00017691724365477768
0,-0.92,1.0,2.5,0.0
0,-0.9,-1.0,2.5,0.0
0,-0.9,-0.98,2.5,0.006677543494319915
0,-0.9,-0.96,2.5,0.01334439928424267
0,-0.9,-0.94,2.5,0.019989905719981597
0,-0.9,-0.92,2.5,0.02660344767318653
0,-0.9,-0.9,2.5,0.03317446634700486
0,-0.9,-0.88,2.5,0.03969245435402719
0,-0.9,-0.86,2.5,0.046146933371362095
0,-0.9,-0.84,2.5,0.05252741334167023
0,-0.9,-0.8200000000000001,2.5,0.0588233339860726
0,-0.9,-0.8,2.5,0.06502399118276776
0,-0.9,-0.78,2.5,0.07111845240093333
0,-0.9,-0.76,2.5,0.07709546673570522
0,-0.9,-0.74,2.5,0.08294337606517399
0,-0.9,-0.72,2.5,0.0886500343759653
0,-0.9,-0.7,2.5,0.09420274234871046
0,-0.9,-0.6799999999999999,2.5,0.09958820386476201
0,-0.9,-0.6599999999999999,2.5,0.10479251023180246
0,-0.9,-0.64,2.5,0.10980115669861791
0,-0.9,-0.62,2.5,0.11459909432989339
0,-0.9,-0.6,2.5,0.11917081864486626
0,-0.9,-0.5800000000000001,2.5,0.12350049469732695
0,-0.9,-0.56,2.5,0.12757211659257206
0,-0.9,-0.54,2.5,0.13136969789172948
0,-0.9,-0.52,2.5,0.13487748802079597
0,-0.9,-0.5,2.5,0.13808020873603324
0,-0.9,-0.48,2.5,0.1409633039329206
0,-0.9,-0.45999999999999996,2.5,0.1435131956356587
0,-0.9,-0.43999999999999995,2.5,0.14571753886241864
0,-0.9,-0.42000000000000004,2.5,0.14756546820659683
0,-0.9,-0.4,2.5,0.14904782937275868
0,-0.9,-0.38,2.5,0.1501573895162587
0,-0.9,-0.36,2.5,0.1508890210120053
0,-0.9,-0.33999999999999997,2.5,0.15123985417397937
0,-0.9,-0.31999999999999995,2.5,0.15120939541824807
0,-0.9,-0.29999999999999993,2.5,0.15079960836756995
0,-0.9,-0.28,2.5,0.15001495639966445
0,-0.9,-0.26,2.5,0.1488624061140074
0,-0.9,-0.24,2.5,0.14735139210973686
0,-0.9,-0.21999999999999997,2.5,0.14549374431159204
0,-0.9,-0.19999999999999996,2.5,0.1433035798384865
0,-0.9,-0.17999999999999994,2.5,0.14079716207135431
0,-0.9,-0.16000000000000003,2.5,0.13799273013787774
0,-0.9,-0.14,2.5,0.1349103024890534
0,-0.9,-0.12,2.5,0.13157145859597533
0,-0.9,-0.09999999999999998,2.5,0.12799910304620904
0,-0.9,-0.07999999999999996,2.5,0.12421721647060913
0,-0.9,-0.05999999999999994,2.5,0.12025059778753565
0,-0.9,-0.040000000000000036,2.5,0.11612460221730933
0,-0.9,-0.020000000000000018,2.5,0.11186487940155213
0,-0.9,0.0,2.5,0.10749711576681464
0,-0.9,0.020000000000000018,2.5,0.10304678500747852
0,-0.9,0.040000000000000036,2.5,0.09853891023800261
0,-0.9,0.06000000000000005,2.5,0.09399784098851093
0,-0.9,0.08000000000000007,2.5,0.0894470478004186
0,-0.9,0.10000000000000009,2.5,0.08490893673058399
0,-0.9,0.1200000000000001,2.5,0.08040468560389466
0,-0.9,0.14000000000000012,2.5,0.07595410337577702
0,-0.9,0.15999999999999992,2.5,0.0715755134881712
0,-0.9,0.17999999999999994,2.5,0.06728566163487151
0,-0.9,0.19999999999999996,2.5,0.0630996479039663
0,-0.9,0.21999999999999997,2.5,0.059030882844698165
0,-0.9,0.24,2.5,0.05509106662062371
0,-0.9,0.26,2.5,0.051290190066514196
0,-0.9,0.28,2.5,0.047636556167725205
0,-0.9,0.30000000000000004,2.5,0.04413682023115657
0,-0.9,0.32000000000000006,2.5,0.040796046818421805
0,-0.9,0.3400000000000001,2.5,0.0376177813651146
0,-0.9,0.3600000000000001,2.5,0.034604134314475135
0,-0.9,0.3800000000000001,2.5,0.03175587554752252
0,-0.9,0.40000000000000013,2.5,0.02907253689197305
0,-0.9,0.41999999999999993,2.5,0.026552520535243717
0,-0.9,0.43999999999999995,2.5,0.024193211248040664
0,-0.9,0.45999999999999996,2.5,0.0219910904393824
0,-0.9,0.48,2.5,0.019941850205947256
0,-0.9,0.5,2.5,0.0180405057026957
0,-0.9,0.52,2.5,0.016281504342090043
0,-0.9,0.54,2.5,0.014658830520325851
0,-0.9,0.56,2.5,0.013166104765471514
0,-0.9,0.5800000000000001,2.5,0.011796676399340063
0,-0.9,0.6000000000000001,2.5,0.01054370899783936
0,-0.9,0.6200000000000001,2.5,0.009400258119582512
0,-0.9,0.6400000000000001,2.5,0.008359340946443302
0,-0.9,0.6600000000000001,2.5,0.007413997639931544
0,-0.9,0.6799999999999999,2.5,0.006557344361842376
0,-0.9,0.7,2.5,0.005782618035372367
0,-0.9,0.72,2.5,0.005083213033205853
0,-0.9,0.74,2.5,0.00445271007195804
0,-0.9,0.76,2.5,0.003884897668343159
0,-0.9,0.78,2.5,0.003373786572488351
0,-0.9,0.8,2.5,0.002913617639267556
0,-0.9,0.8200000000000001,2.5,0.002498863630981933
0,-0.9,0.8400000000000001,2.5,0.0021242254659355263
0,-0.9,0.8600000000000001,2.5,0.0017846234393039467
0,-0.9,0.8800000000000001,2.5,0.0014751839470309618
0,-0.9,0.9000000000000001,2.5,0.0011912222421090897
0,-0.9,0.9199999999999999,2.5,0.000928221747179747
0,-0.9,0.94,2.5,0.000681810439436614
0,-0.9,0.96,2.5,0.00044773481465235375
0,-0.9,0.98,2.5,0.00022183192788859818
0,-0.9,1.0,2.5,0.0
0,-0.88,-1.0,2.5,0.0
0,-0.88,-0.98,2.5,0.007989518927208922
0,-0.88,-0.96,2.5,0.01596625073736504
0,-0.88,-0.94,2.5,0.02391743950020392
0,-0.88,-0.92,2.5,0.03183038497350711
0,-0.88,-0.9,2.5,0.03969245435402719
0,-0.88,-0.88,2.5,0.04749107640211795
0,-0.88,-0.86,2.5,0.055213714720719495
0,-0.88,-0.84,2.5,0.06284781895497372
0,-0.88,-0.8200000000000001,2.5,0.07038075482887633
0,-0.88,-0.8,2.5,0.0777997160745333
0,-0.88,-0.78,2.5,0.08509162326666368
0,-0.88,-0.76,2.5,0.0922430161976187
0,-0.88,-0.74,2.5,0.09923994759486626
0,-0.88,-0.72,2.5,0.10606788661172627
0,-0.88,-0.7,2.5,0.11271164057560565
0,-0.88,-0.6799999999999999,2.5,0.1191553029634882
0,-0.88,-0.6599999999999999,2.5,0.1253822345409606
0,-0.88,-0.64,2.5,0.13137508313246693
0,-0.88,-0.62,2.5,0.13711584569640684
0,-0.88,-0.6,2.5,0.14258597438409099
0,-0.88,-0.5800000000000001,2.5,0.14776652619599187
0,-0.88,-0.56,2.5,0.15263835383636407
0,-0.88,-0.54,2.5,0.15718233351851774
0,-0.88,-0.52,2.5,0.16137962387804342
0,-0.88,-0.5,2.5,0.16521194887623614
0,-0.88,-0.48,2.5,0.16866189666138567
0,-0.88,-0.45999999999999996,2.5,0.17171322581702742
0,-0.88,-0.43999999999999995,2.5,0.1743511702567098
0,-0.88,-0.42000000000000004,2.5,0.17656273419855129
0,-0.88,-0.4,2.5,0.17833696912975178
0,-0.88,-0.38,2.5,0.17966522540164814
0,-0.88,-0.36,2.5,0.180541372025194
0,-0.88,-0.33999999999999997,2.5,0.180961979309221
0,-0.88,-0.31999999999999995,2.5,0.1809264601460611
0,-0.88,-0.29999999999999993,2.5,0.18043716695229794
0,-0.88,-0.28,2.5,0.1794994424739465
0,-0.88,-0.26,2.5,0.17812162382957802
0,-0.88,-0.24,2.5,0.1763150002632187
0,-0.88,-0.21999999999999997,2.5,0.17409372608932866
0,-0.88,-0.19999999999999996,2.5,0.1714746912189239
0,-0.88,-0.17999999999999994,2.5,0.16847735244816703
0,-0.88,-0.16000000000000003,2.5,0.16512352936203356
0,-0.88,-0.14,2.5,0.16143716925288018
0,-0.88,-0.12,2.5,0.157444085876542
0,-0.88,-0.09999999999999998,2.5,0.1531716771687323
0,-0.88,-0.07999999999999996,2.5,0.14864862722552236
0,-0.88,-0.05999999999999994,2.5,0.14390459791845647
0,-0.88,-0.040000000000000036,2.5,0.13896991547361603
0,-0.88,-0.020000000000000018,2.5,0.13387525720201857
0,-0.88,0.0,2.5,0.12865134333454742
0,-0.88,0.020000000000000018,2.5,0.12332863859760122
0,-0.88,0.040000000000000036,2.5,0.1179370677762099
0,-0.88,0.06000000000000005,2.5,0.1125057490606979
0,-0.88,0.08000000000000007,2.5,0.10706274847297431
0,-0.88,0.10000000000000009,2.5,0.1016348581315765
0,-0.88,0.1200000000000001,2.5,0.09624740055330534
0,-0.88,0.14000000000000012,2.5,0.09092406061630863
0,-0.88,0.15999999999999992,2.5,0.08568674623713211
0,-0.88,0.17999999999999994,2.5,0.08055547825436958
0,-0.88,0.19999999999999996,2.5,0.07554830947508247
0,-0.88,0.21999999999999997,2.5,0.07068127233704215
0,-0.88,0.24,2.5,0.0659683541787279
0,-0.88,0.26,2.5,0.06142149869709804
0,-0.88,0.28,2.5,0.057050631816101254
0,-0.88,0.30000000000000004,2.5,0.05286370989073829
0,-0.88,0.32000000000000006,2.5,0.048866787934605145
0,-0.88,0.3400000000000001,2.5,0.04506410538402522
0,-0.88,0.3600000000000001,2.5,0.041458186798342754
0,-0.88,0.3800000000000001,2.5,0.038049954841526935
0,-0.88,0.40000000000000013,2.5,0.034838852891476826
0,-0.88,0.41999999999999993,2.5,0.03182297467579205
0,-0.88,0.43999999999999995,2.5,0.028999198430861343
0,-0.88,0.45999999999999996,2.5,0.02636332321882464
0,-0.88,0.48,2.5,0.023910205207726017
0,-0.88,0.5,2.5,0.021633891917185705
0,-0.88,0.52,2.5,0.019527752648328713
0,-0.88,0.54,2.5,0.01758460354580624
0,-0.88,0.56,2.5,0.015796825975147203
0,-0.88,0.5800000000000001,2.5,0.014156477134457184
0,-0.88,0.6000000000000001,2.5,0.01265539205031273
0,-0.88,0.6200000000000001,2.5,0.011285276328942035
0,-0.88,0.6400000000000001,2.5,0.010037789241562605
0,-0.88,0.6600000000000001,2.5,0.008904616913990039
0,-0.88,0.6799999999999999,2.5,0.00787753556308573
0,-0.88,0.7,2.5,0.006948464874826828
0,-0.88,0.72,2.5,0.006109511750078922
0,-0.88,0.74,2.5,0.0053530047545577416
0,-0.88,0.76,2.5,0.004671519699635786
0,-0.88,0.78,2.5,0.004057896851770843
0,-0.88,0.8,2.5,0.0035052503220212106
0,-0.88,0.8200000000000001,2.5,0.003006970225297459
0,-0.88,0.8400000000000001,2.5,0.00255671822381822
0,-0.88,0.8600000000000001,2.5,0.0021484170829197693
0,-0.88,0.8800000000000001,2.5,0.0017762348721492606
0,-0.88,0.9000000000000001,2.5,0.001434564442598366
0,-0.88,0.9199999999999999,2.5,0.0011179988047068466
0,-0.88,0.94,2.5,0.0008213030210828028
0,-0.88,0.96,2.5,0.0005393832178154486
0,-0.88,0.98,2.5,0.00026725330661753557
0,-0.88,1.0,2.5,0.0
0,-0.86,-1.0,2.5,0.0
0,-0.86,-0.98,2.5,0.00928870978348565
0,-0.86,-0.96,2.5,0.018562553771963565
0,-0.86,-0.94,2.5,0.027806702447211926
0,-0.86,-0.92,2.5,0.03700639107207171
0,-0.86,-0.9,2.5,0.046146933371362095
0,-0.86,-0.88,2.5,0.055213714720719495
0,-0.86,-0.86,2.5,0.06419216110061064
0,-0.86,-0.84,2.5,0.07306768238124048
0,-0.86,-0.8200000000000001,2.5,0.08182559100379176
0,-0.86,-0.8,2.5,0.09045099961038745
0,-0.86,-0.78,2.5,0.09892870345041307
0,-0.86,-0.76,2.5,0.10724305527724737
0,-0.86,-0.74,2.5,0.11537784180575836
0,-0.86,-0.72,2.5,0.123316171531923
0,-0.86,-0.7,2.5,0.13104038377799326
0,-0.86,-0.6799999999999999,2.5,0.13853198822837554
0,-0.86,-0.6599999999999999,2.5,0.145771643019767
0,-0.86,-0.64,2.5,0.15273917774159773
0,-0.86,-0.62,2.5,0.1594136656169262
0,-0.86,-0.6,2.5,0.16577354681491324
0,-0.86,-0.5800000000000001,2.5,0.1717968024444731
0,-0.86,-0.56,2.5,0.17746117643906054
0,-0.86,-0.54,2.5,0.18274444039311086
0,-0.86,-0.52,2.5,0.187624694556309
0,-0.86,-0.5,2.5,0.19208069670952452
0,-0.86,-0.48,2.5,0.19609220958302617
0,-0.86,-0.45999999999999996,2.5,0.19964035685156645
0,-0.86,-0.43999999999999995,2.5,0.2027079775439913
0,-0.86,-0.42000000000000004,2.5,0.20527996890720837
0,-0.86,-0.4,2.5,0.20734360831905485
0,-0.86,-0.38,2.5,0.2088888456941117
0,-0.86,-0.36,2.5,0.20990855890726487
0,-0.86,-0.33999999999999997,2.5,0.2103987660070725
0,-0.86,-0.31999999999999995,2.5,0.21035878934262314
0,-0.86,-0.29999999999999993,2.5,0.20979136812683752
0,-0.86,-0.28,2.5,0.2087027173565118
0,-0.86,-0.26,2.5,0.20710253236336232
0,-0.86,-0.24,2.5,0.20500393954763377
0,-0.86,-0.21999999999999997,2.5,0.2024233950209861
0,-0.86,-0.19999999999999996,2.5,0.19938053393987706
0,-0.86,-0.17999999999999994,2.5,0.1958979742319729
0,-0.86,-0.16000000000000003,2.5,0.192001079198692
0,-0.86,-0.14,2.5,0.18771768411320963
0,-0.86,-0.12,2.5,0.18307779242471506
0,-0.86,-0.09999999999999998,2.5,0.1781132475284436
0,-0.86,-0.07999999999999996,2.5,0.1728573862710911
0,-0.86,-0.05999999999999994,2.5,0.16734468043837525
0,-0.86,-0.040000000000000036,2.5,0.16161037242294388
0,-0.86,-0.020000000000000018,2.5,0.15569011110509645
0,-0.86,0.0,2.5,0.14961959370568031
0,-0.86,0.020000000000000018,2.5,0.14343421900105166
0,-0.86,0.040000000000000036,2.5,0.1371687568362409
0,-0.86,0.06000000000000005,2.5,0.130857038347507
0,-0.86,0.08000000000000007,2.5,0.1245316707231473
0,-0.86,0.10000000000000009,2.5,0.11822377970618131
0,-0.86,0.1200000000000001,2.5,0.11196278238905749
0,-0.86,0.14000000000000012,2.5,0.10577619218355876
0,-0.86,0.15999999999999992,2.5,0.09968945718299427
0,-0.86,0.17999999999999994,2.5,0.09372583248230644
0,-0.86,0.19999999999999996,2.5,0.08790628639768235
0,-0.86,0.21999999999999997,2.5,0.08224943994218376
0,-0.86,0.24,2.5,0.07677153837787518
0,-0.86,0.26,2.5,0.07148645318631641
0,-0.86,0.28,2.5,0.0664057123846741
0,-0.86,0.30000000000000004,2.5,0.06153855676876955
0,-0.86,0.32000000000000006,2.5,0.056892019389870804
0,-0.86,0.3400000000000001,2.5,0.05247102536983839
0,-0.86,0.3600000000000001,2.5,0.04827850902841828
0,-0.86,0.3800000000000001,2.5,0.044315545234485346
0,-0.86,0.40000000000000013,2.5,0.040581491895821206
0,-0.86,0.41999999999999993,2.5,0.03707414056425709
0,-0.86,0.43999999999999995,2.5,0.03378987224838109
0,-0.86,0.45999999999999996,2.5,0.03072381568737048
0,-0.86,0.48,2.5,0.027870005539200268
0,-0.86,0.5,2.5,0.02522153816654898
0,-0.86,0.52,2.5,0.022770722956175424
0,-0.86,0.54,2.5,0.02050922737455321
0,-0.86,0.56,2.5,0.018428214236679338
0,-0.86,0.5800000000000001,2.5,0.016518469939322357
0,-0.86,0.6000000000000001,2.5,0.014770522678348809
0,-0.86,0.6200000000000001,2.5,0.013174749926775519
0,-0.86,0.6400000000000001,2.5,0.011721474691347008
0,-0.86,0.6600000000000001,2.5,0.010401050287179872
0,-0.86,0.6799999999999999,2.5,0.009203933569754078
0,-0.86,0.7,2.5,0.008120746739613004
0,-0.86,0.72,2.5,0.007142327986801578
0,-0.86,0.74,2.5,0.006259771369394543
0,-0.86,0.76,2.5,0.005464456424242041
0,-0.86,0.78,2.5,0.004748068089704575
0,-0.86,0.8,2.5,0.0041026075815736255
0,-0.86,0.8200000000000001,2.5,0.003520394906851175
0,-0.86,0.8400000000000001,2.5,0.00299406372809502
0,-0.86,0.8600000000000001,2.5,0.002516549306238329
0,-0.86,0.8800000000000001,2.5,0.002081070254765207
0,-0.86,0.9000000000000001,2.5,0.0016811048353688976
0,-0.86,0.9199999999999999,2.5,0.001310362517053013
0,-0.86,0.94,2.5,0.0009627515091386498
0,-0.86,0.96,2.5,0.0006323429656162899
0,-0.86,0.98,2.5,0.00031333254524717536
0,-0.86,1.0,2.5,0.0
0,-0.84,-1.0,2.5,0.0
0,-0.84,-0.98,2.5,0.010573004305975272
0,-0.84,-0.96,2.5,0.02112908831620843
0,-0.84,-0.94,2.5,0.0316513730530859
0,-0.84,-0.92,2.5,0.04212305332831564
0,-0.84,-0.9,2.5,0.05252741334167023
0,-0.84,-0.88,2.5,0.06284781895497372
0,-0.84,-0.86,2.5,0.07306768238124048
0,-0.84,-0.84,2.5,0.08317039765646403
0,-0.84,-0.8200000000000001,2.5,0.09313924810682221
0,-0.84,-0.8,2.5,0.10295728985478865
0,-0.84,-0.78,2.5,0.11260721799737913
0,-0.84,-0.76,2.5,0.12207122423688518
0,-0.84,-0.74,2.5,0.1313308562881695
0,-0.84,-0.72,2.5,0.14036689021854704
0,-0.84,-0.7,2.5,0.14915922694678824
0,-0.84,-0.6799999999999999,2.5,0.15768682344667886
0,-0.84,-0.6599999999999999,2.5,0.16592766783266966
0,-0.84,-0.64,2.5,0.17385880556144415
0,-0.84,-0.62,2.5,0.18145642160880812
0,-0.84,-0.6,2.5,0.18869598084153535
0,-0.84,-0.5800000000000001,2.5,0.1955524260701545
0,-0.84,-0.56,2.5,0.20200043060547415
0,-0.84,-0.54,2.5,0.20801469969498454
0,-0.84,-0.52,2.5,0.2135703131045634
0,-0.84,-0.5,2.5,0.21864309942368101
0,-0.84,-0.48,2.5,0.2232100314621849
0,-0.84,-0.45999999999999996,2.5,0.2272496313943389
0,-0.84,-0.43999999999999995,2.5,0.2307423740818574
0,-0.84,-0.42000000000000004,2.5,0.23367107723811045
0,-0.84,-0.4,2.5,0.23602126772743234
0,-0.84,-0.38,2.5,0.2377815142608589
0,-0.84,-0.36,2.5,0.23894371798027292
0,-0.84,-0.33999999999999997,2.5,0.23950335384317745
0,-0.84,-0.31999999999999995,2.5,0.23945965725938434
0,-0.84,-0.29999999999999993,2.5,0.23881575202423083
0,-0.84,-0.28,2.5,0.2375787171840759
0,-0.84,-0.26,2.5,0.23575959201157537
0,-0.84,-0.24,2.5,0.23337331972268607
0,-0.84,-0.21999999999999997,2.5,0.23043863190547417
0,-0.84,-0.19999999999999996,2.5,0.22697787683150913
0,-0.84,-0.17999999999999994,2.5,0.22301679586963302
0,-0.84,-0.16000000000000003,2.5,0.2185842531105644
0,-0.84,-0.14,2.5,0.2137119240350259
0,-0.84,-0.12,2.5,0.20843394961736456
0,-0.84,-0.09999999999999998,2.5,0.20278656265328515
0,-0.84,-0.07999999999999996,2.5,0.19680769333896286
0,-0.84,-0.05999999999999994,2.5,0.1905365612159633
0,-0.84,-0.040000000000000036,2.5,0.18401326054028613
0,-0.84,-0.020000000000000018,2.5,0.1772783459441909
0,-0.84,0.0,2.5,0.17037242494746704
0,-0.84,0.020000000000000018,2.5,0.163335763452987
0,-0.84,0.040000000000000036,2.5,0.15620790984356397
0,-0.84,0.06000000000000005,2.5,0.14902734269820764
0,-0.84,0.08000000000000007,2.5,0.14183114648166067
0,-0.84,0.10000000000000009,2.5,0.1346547188480571
0,-0.84,0.1200000000000001,2.5,0.12753151245447295
0,-0.84,0.14000000000000012,2.5,0.12049281341983094
0,-0.84,0.15999999999999992,2.5,0.11356755780550032
0,-0.84,0.17999999999999994,2.5,0.10678218675167798
0,-0.84,0.19999999999999996,2.5,0.10016054019284429
0,-0.84,0.21999999999999997,2.5,0.09372378840942004
0,-0.84,0.24,2.5,0.08749040006269543
0,-0.84,0.26,2.5,0.08147614481570399
0,-0.84,0.28,2.5,0.07569412817146291
0,-0.84,0.30000000000000004,2.5,0.07015485576719432
0,-0.84,0.32000000000000006,2.5,0.06486632405190217
0,-0.84,0.3400000000000001,2.5,0.059834134045961225
0,-0.84,0.3600000000000001,2.5,0.05506162473409923
0,-0.84,0.3800000000000001,2.5,0.05055002257434423
0,-0.84,0.40000000000000013,2.5,0.04629860361051095
0,-0.84,0.41999999999999993,2.5,0.04230486474851168
0,-0.84,0.43999999999999995,2.5,0.03856470088992151
0,-0.84,0.45999999999999996,2.5,0.035072584801634964
0,-0.84,0.48,2.5,0.031821746829343175
0,-0.84,0.5,2.5,0.02880435182584307
0,-0.84,0.52,2.5,0.026011670953716197
0,-0.84,0.54,2.5,0.023434246326752887
0,-0.84,0.56,2.5,0.02106204676714305
0,-0.84,0.5800000000000001,2.5,0.018884613268052252
0,-0.84,0.6000000000000001,2.5,0.016891193056689242
0,-0.84,0.6200000000000001,2.5,0.015070861445226139
0,-0.84,0.6400000000000001,2.5,0.01341263093085761
0,-0.84,0.6600000000000001,2.5,0.011905547257864635
0,-0.84,0.6799999999999999,2.5,0.010538772380864262
0,-0.84,0.7,2.5,0.00930165446763861
0,-0.84,0.72,2.5,0.0081837852512318
0,-0.84,0.74,2.5,0.007175045184508454
0,-0.84,0.76,2.5,0.0062656369670423965
0,-0.84,0.78,2.5,0.005446108105709224
0,-0.84,0.8,2.5,0.004707363238911588
0,-0.84,0.8200000000000001,2.5,0.004040667002595899
0,-0.84,0.8400000000000001,2.5,0.003437638247005583
0,-0.84,0.8600000000000001,2.5,0.002890236429451816
0,-0.84,0.8800000000000001,2.5,0.0023907410132429463
0,-0.84,0.9000000000000001,2.5,0.001931724699145304
0,-0.84,0.9199999999999999,2.5,0.0015060213059799874
0,-0.84,0.94,2.5,0.0011066891035432524
0,-0.84,0.96,2.5,0.0007269703860042599
0,-0.84,0.98,2.5,0.00036024805898193026
0,-0.84,1.0,2.5,0.0
0,-0.8200000000000001,-1.0,2.5,0.0
0,-0.8200000000000001,-0.98,2.5,0.011840276569175232
0,-0.8200000000000001,-0.96,2.5,0.02366160599243107
0,-0.8200000000000001,-0.94,2.5,0.035445087428363886
0,-0.8200000000000001,-0.92,2.5,0.047171902737588624
0,-0.8200000000000001,-0.9,2.5,0.0588233339860726
0,-0.8200000000000001,-0.88,2.5,0.07038075482887633
0,-0.8200000000000001,-0.86,2.5,0.08182559100379176
0,-0.8200000000000001,-0.84,2.5,0.09313924810682221
0,-0.8200000000000001,-0.8200000000000001,2.5,0.10430300800765269
0,-0.8200000000000001,-0.8,2.5,0.115297898433162
0,-0.8200000000000001,-0.78,2.5,0.1261045431470398
0,-0.8200000000000001,-0.76,2.5,0.1367030025579075
0,-0.8200000000000001,-0.74,2.5,0.14707261631693833
0,-0.8200000000000001,-0.72,2.5,0.1571918603974713
0,-0.8200000000000001,-0.7,2.5,0.1670382312279059
0,-0.8200000000000001,-0.6799999999999999,2.5,0.17658816868624824
0,-0.8200000000000001,-0.6599999999999999,2.5,0.18581702823264667
0,-0.8200000000000001,-0.64,2.5,0.19469911027941042
0,-0.8200000000000001,-0.62,2.5,0.20320775223882084
0,-0.8200000000000001,-0.6,2.5,0.2113154857327417
0,-0.8200000000000001,-0.5800000000000001,2.5,0.2189942583866166
0,-0.8200000000000001,-0.56,2.5,0.22621571664796916
0,-0.8200000000000001,-0.54,2.5,0.2329515433295803
0,-0.8200000000000001,-0.52,2.5,0.23917384121383342
0,-0.8200000000000001,-0.5,2.5,0.2448555521653415
0,-0.8200000000000001,-0.48,2.5,0.24997089984396467
0,-0.8200000000000001,-0.45999999999999996,2.5,0.25449584331276043
0,-0.8200000000000001,-0.43999999999999995,2.5,0.2584085285849471
0,-0.8200000000000001,-0.42000000000000004,2.5,0.26168972541240954
0,-0.8200000000000001,-0.4,2.5,0.26432323732623664
0,-0.8200000000000001,-0.38,2.5,0.2662962740236873
0,-0.8200000000000001,-0.36,2.5,0.2675997765747693
0,-0.8200000000000001,-0.33999999999999997,2.5,0.2682286875128003
0,-0.8200000000000001,-0.31999999999999995,2.5,0.26818215959759173
0,-0.8200000000000001,-0.29999999999999993,2.5,0.2674636988249924
0,-0.8200000000000001,-0.28,2.5,0.2660812390391614
0,-0.8200000000000001,-0.26,2.5,0.26404714723125344
0,-0.8200000000000001,-0.24,2.5,0.26137816023770727
0,-0.8200000000000001,-0.21999999999999997,2.5,0.25809525505048947
0,-0.8200000000000001,-0.19999999999999996,2.5,0.25422345629681103
0,-0.8200000000000001,-0.17999999999999994,2.5,0.24979158562097542
0,-0.8200000000000001,-0.16000000000000003,2.5,0.2448319586964478
0,-0.8200000000000001,-0.14,2.5,0.2393800364073067
0,-0.8200000000000001,-0.12,2.5,0.2334740373643839
0,-0.8200000000000001,-0.09999999999999998,2.5,0.22715451936519357
0,-0.8200000000000001,-0.07999999999999996,2.5,0.22046393767335595
0,-0.8200000000000001,-0.05999999999999994,2.5,0.21344618808994723
0,-0.8200000000000001,-0.040000000000000036,2.5,0.20614614272525444
0,-0.8200000000000001,-0.020000000000000018,2.5,0.19860918616569678
0,-0.8200000000000001,0.0,2.5,0.19088075937975615
0,-0.8200000000000001,0.020000000000000018,2.5,0.18300591823271067
0,-0.8200000000000001,0.040000000000000036,2.5,0.17502891289829553
0,-0.8200000000000001,0.06000000000000005,2.5,0.16699279378286233
0,-0.8200000000000001,0.08000000000000007,2.5,0.1589390488319397
0,-0.8200000000000001,0.10000000000000009,2.5,0.15090727628880968
0,-0.8200000000000001,0.1200000000000001,2.5,0.14293489613867058
0,-0.8200000000000001,0.14000000000000012,2.5,0.13505690261903702
0,-0.8200000000000001,0.15999999999999992,2.5,0.12730565932566626
0,-0.8200000000000001,0.17999999999999994,2.5,0.11971073761112344
0,-0.8200000000000001,0.19999999999999996,2.5,0.11229879817647796
0,-0.8200000000000001,0.21999999999999997,2.5,0.10509351501035241
0,-0.8200000000000001,0.24,2.5,0.09811554014648881
0,-0.8200000000000001,0.26,2.5,0.09138250710187157
0,-0.8200000000000001,0.28,2.5,0.08490907033062134
0,-0.8200000000000001,0.30000000000000004,2.5,0.07870697759026872
0,-0.8200000000000001,0.32000000000000006,2.5,0.07278517177009632
0,-0.8200000000000001,0.3400000000000001,2.5,0.06714991847702448
0,-0.8200000000000001,0.3600000000000001,2.5,0.061804955511750165
0,-0.8200000000000001,0.3800000000000001,2.5,0.056751660293127296
0,-0.8200000000000001,0.40000000000000013,2.5,0.051989231296823195
0,-0.8200000000000001,0.41999999999999993,2.5,0.04751487965818513
0,-0.8200000000000001,0.43999999999999995,2.5,0.04332402724078376
0,-0.8200000000000001,0.45999999999999996,2.5,0.03941050768203988
0,-0.8200000000000001,0.48,2.5,0.035766767185786634
0,-0.8200000000000001,0.5,2.5,0.03238406212832477
0,-0.8200000000000001,0.52,2.5,0.0292526508691942
0,-0.8200000000000001,0.54,2.5,0.026361977500463832
0,-0.8200000000000001,0.56,2.5,0.02370084561928296
0,-0.8200000000000001,0.5800000000000001,2.5,0.02125758055891871
0,-0.8200000000000001,0.6000000000000001,2.5,0.019020178855619376
0,-0.8200000000000001,0.6200000000000001,2.5,0.016976444055542765
0,-0.8200000000000001,0.6400000000000001,2.5,0.015114108271989007
0,-0.8200000000000001,0.6600000000000001,2.5,0.013420939183815815
0,-0.8200000000000001,0.6799999999999999,2.5,0.011884832417972412
0,-0.8200000000000001,0.7,2.5,0.010493889480560147
0,-0.8200000000000001,0.72,2.5,0.009236481590866675
0,-0.8200000000000001,0.74,2.5,0.008101299931633962
0,-0.8200000000000001,0.76,2.5,0.007077392957550872
0,-0.8200000000000001,0.78,2.5,0.006154191504533032
0,-0.8200000000000001,0.8,2.5,0.005321522517311437
0,-0.8200000000000001,0.8200000000000001,2.5,0.004569612265186955
0,-0.8200000000000001,0.8400000000000001,2.5,0.003889079948789005
0,-0.8200000000000001,0.8600000000000001,2.5,0.0032709226176822577
0,-0.8200000000000001,0.8800000000000001,2.5,0.0027064923230423307
0,-0.8200000000000001,0.9000000000000001,2.5,0.0021874664245592496
0,-0.8200000000000001,0.9199999999999999,2.5,0.0017058119591590979
0,-0.8200000000000001,0.94,2.5,0.0012537449636703475
0,-0.8200000000000001,0.96,2.5,0.000823685626446925
0,-0.8200000000000001,0.98,2.5,0.0004082101260621021
0,-0.8200000000000001,1.0,2.5,0.0
0,-0.8,-1.0,2.5,0.0
0,-0.8,-0.98,2.5,0.013088371654961184
0,-0.8,-0.96,2.5,0.026155800493557407
0,-0.8,-0.94,2.5,0.03918139492922375
0,-0.8,-0.92,2.5,0.05214435488407866
0,-0.8,-0.9,2.5,0.06502399118276776
0,-0.8,-0.88,2.5,0.0777997160745333
0,-0.8,-0.86,2.5,0.09045099961038745
0,-0.8,-0.84,2.5,0.10295728985478865
0,-0.8,-0.8200000000000001,2.5,0.115297898433162
0,-0.8,-0.8,2.5,0.12745185642050447
0,-0.8,-0.78,2.5,0.13939774878185307
0,-0.8,-0.76,2.5,0.15111353823298848
0,-0.8,-0.74,2.5,0.16257639130035376
0,-0.8,-0.72,2.5,0.1737625203886401
0,-0.8,-0.7,2.5,0.18464705575136753
0,-0.8,-0.6799999999999999,2.5,0.19520396041621835
0,-0.8,-0.6599999999999999,2.5,0.20540599942312893
0,-0.8,-0.64,2.5,0.21522477232661558
0,-0.8,-0.62,2.5,0.22463081497411305
0,-0.8,-0.6,2.5,0.23359377330399497
0,-0.8,-0.5800000000000001,2.5,0.24208264852267167
0,-0.8,-0.56,2.5,0.25006610972320814
0,-0.8,-0.54,2.5,0.2575128669790974
0,-0.8,-0.52,2.5,0.2643920953340125
0,-0.8,-0.5,2.5,0.2706738980199324
0,-0.8,-0.48,2.5,0.27632979573838984
0,-0.8,-0.45999999999999996,2.5,0.2813332279582625
0,-0.8,-0.43999999999999995,2.5,0.285660051907056
0,-0.8,-0.42000000000000004,2.5,0.2892890252188446
0,-0.8,-0.4,2.5,0.2922022589852442
0,-0.8,-0.38,2.5,0.2943856291546827
0,-0.8,-0.36,2.5,0.2958291357501995
0,-0.8,-0.33999999999999997,2.5,0.2965272011358101
0,-0.8,-0.31999999999999995,2.5,0.29647890046850656
0,-0.8,-0.29999999999999993,2.5,0.2956881194472134
0,-0.8,-0.28,2.5,0.29416363644161386
0,-0.8,-0.26,2.5,0.2919191279941414
0,-0.8,-0.24,2.5,0.28897309849066044
0,-0.8,-0.21999999999999997,2.5,0.28534873645338965
0,-0.8,-0.19999999999999996,2.5,0.2810737013972945
0,-0.8,-0.17999999999999994,2.5,0.2761798464907109
0,-0.8,-0.16000000000000003,2.5,0.27070288336163323
0,-0.8,-0.14,2.5,0.26468199628772
0,-0.8,-0.12,2.5,0.2581594137000077
0,-0.8,-0.09999999999999998,2.5,0.2511799454203551
0,-0.8,-0.07999999999999996,2.5,0.24379049434652858
0,-0.8,-0.05999999999999994,2.5,0.23603955140460892
0,-0.8,-0.040000000000000036,2.5,0.22797668251624406
0,-0.8,-0.020000000000000018,2.5,0.21965201609031018
0,-0.8,0.0,2.5,0.2111157391586414
0,-0.8,0.020000000000000018,2.5,0.20241760974930229
0,-0.8,0.040000000000000036,2.5,0.19360649244556763
0,-0.8,0.06000000000000005,2.5,0.1847299233329325
0,-0.8,0.08000000000000007,2.5,0.17583370970980622
0,-0.8,0.10000000000000009,2.5,0.16696156905057263
0,-0.8,0.1200000000000001,2.5,0.15815481078335986
0,-0.8,0.14000000000000012,2.5,0.14945206350010043
0,-0.8,0.15999999999999992,2.5,0.14088904927373355
0,-0.8,0.17999999999999994,2.5,0.13249840583625566
0,-0.8,0.19999999999999996,2.5,0.12430955648991408
0,-0.8,0.21999999999999997,2.5,0.11634862679856131
0,-0.8,0.24,2.5,0.10863840635129138
0,-0.8,0.26,2.5,0.10119835321782322
0,-0.8,0.28,2.5,0.09404463813392304
0,-0.8,0.30000000000000004,2.5,0.08719022497199011
0,-0.8,0.32000000000000006,2.5,0.0806449836705537
0,-0.8,0.3400000000000001,2.5,0.07441583151791807
0,-0.8,0.3600000000000001,2.5,0.06850689850808042
0,-0.8,0.3800000000000001,2.5,0.06291971240749264
0,-0.8,0.40000000000000013,2.5,0.05765339918331049
0,-0.8,0.41999999999999993,2.5,0.052704894539738326
0,-0.8,0.43999999999999995,2.5,0.04806916247974508
0,-0.8,0.45999999999999996,2.5,0.04373941704450209
0,-0.8,0.48,2.5,0.039707343671342106
0,-0.8,0.5,2.5,0.03596331694144697
0,-0.8,0.52,2.5,0.032496611849388186
0,-0.8,0.54,2.5,0.029295606106901826
0,-0.8,0.56,2.5,0.026347971382280858
0,-0.8,0.5800000000000001,2.5,0.023640851764738312
0,-0.8,0.6000000000000001,2.5,0.021161028121287027
0,-0.8,0.6200000000000001,2.5,0.01889506737453961
0,-0.8,0.6400000000000001,2.5,0.016829456067101366
0,-0.8,0.6600000000000001,2.5,0.01495071788702611
0,-0.8,0.6799999999999999,2.5,0.013245515105631213
0,-0.8,0.7,2.5,0.011700734121680326
0,-0.8,0.72,2.5,0.010303555513686493
0,-0.8,0.74,2.5,0.009041509175179421
0,-0.8,0.76,2.5,0.007902515247570402
0,-0.8,0.78,2.5,0.0068749116739472895
0,-0.8,0.8,2.5,0.005947469277631922
0,-0.8,0.8200000000000001,2.5,0.005109395325004989
0,-0.8,0.8400000000000001,2.5,0.004350326566614359
0,-0.8,0.8600000000000001,2.5,0.0036603127677045356
0,-0.8,0.8800000000000001,2.5,0.0030297917427562584
0,-0.8,0.9000000000000001,2.5,0.0024495569019333772
0,-0.8,0.9199999999999999,2.5,0.0019107183037272487
0,-0.8,0.94,2.5,0.0014046581904235687
0,-0.8,0.96,2.5,0.0009229819637355169
0,-0.8,0.98,2.5,0.00045746553906757405
0,-0.8,1.0,2.5,0.0
0,-0.78,-1.0,2.5,0.0
0,-0.78,-0.98,2.5,0.014315088625162523
0,-0.78,-0.96,2.5,0.028607273556834383
0,-0.78,-0.94,2.5,0.04285370718948332
0,-0.78,-0.92,2.5,0.05703164211671214
0,-0.78,-0.9,2.5,0.07111845240093333
0,-0.78,-0.88,2.5,0.08509162326666368
0,-0.78,-0.86,2.5,0.09892870345041307
0,-0.78,-0.84,2.5,0.11260721799737913
0,-0.78,-0.8200000000000001,2.5,0.1261045431470398
0,-0.78,-0.8,2.5,0.13939774878185307
0,-0.78,-0.78,2.5,0.15246341741904085
0,-0.78,-0.76,2.5,0.16527745163187396
0,-0.78,-0.74,2.5,0.1778148838762954
0,-0.78,-0.72,2.5,0.1900497038244087
0,-0.78,-0.7,2.5,0.20195471840108112
0,-0.78,-0.6799999999999999,2.5,0.21350145879698912
0,-0.78,-0.6599999999999999,2.5,0.22466014687863903
0,-0.78,-0.64,2.5,0.2353997307835249
0,-0.78,-0.62,2.5,0.24568799627310764
0,-0.78,-0.6,2.5,0.25549175684164815
0,-0.78,-0.5800000000000001,2.5,0.26477712187727626
0,-0.78,-0.56,2.5,0.27350983856558764
0,-0.78,-0.54,2.5,0.2816556999133238
0,-0.78,-0.52,2.5,0.289181008412026
0,-0.78,-0.5,2.5,0.29605308257751933
0,-0.78,-0.48,2.5,0.3022407919633335
0,-0.78,-0.45999999999999996,2.5,0.30771510528260526
0,-0.78,-0.43999999999999995,2.5,0.312449635971151
0,-0.78,-0.42000000000000004,2.5,0.31642116983809015
0,-0.78,-0.4,2.5,0.31961016030782397
0,-0.78,-0.38,2.5,0.32200117806935846
0,-0.78,-0.36,2.5,0.32358330361791954
0,-0.78,-0.33999999999999997,2.5,0.3243504530997174
0,-0.78,-0.31999999999999995,2.5,0.3243016299577319
0,-0.78,-0.29999999999999993,2.5,0.32344109703698837
0,-0.78,-0.28,2.5,0.32177846596548115
0,-0.78,-0.26,2.5,0.3193287027176221
0,-0.78,-0.24,2.5,0.3161120502394458
0,-0.78,-0.21999999999999997,2.5,0.31215387082931223
0,-0.78,-0.19999999999999996,2.5,0.307484412595856
0,-0.78,-0.17999999999999994,2.5,0.30213850573694334
0,-0.78,-0.16000000000000003,2.5,0.2961551955876204
0,-0.78,-0.14,2.5,0.2895773203657716
0,-0.78,-0.12,2.5,0.2824510423007029
0,-0.78,-0.09999999999999998,2.5,0.27482534136516507
0,-0.78,-0.07999999999999996,2.5,0.2667514811516894
0,-0.78,-0.05999999999999994,2.5,0.25828245654832205
0,-0.78,-0.040000000000000036,2.5,0.24947243278807632
0,-0.78,-0.020000000000000018,2.5,0.24037618518392945
0,-0.78,0.0,2.5,0.23104854843222586
0,-0.78,0.020000000000000018,2.5,0.22154388378905526
0,-0.78,0.040000000000000036,2.5,0.21191557171541717
0,-0.78,0.06000000000000005,2.5,0.2022155367681747
0,-0.78,0.08000000000000007,2.5,0.1924938106065817
0,-0.78,0.10000000000000009,2.5,0.18279813801109532
0,-0.78,0.1200000000000001,2.5,0.1731736297952504
0,-0.78,0.14000000000000012,2.5,0.1636624654555891
0,-0.78,0.15999999999999992,2.5,0.15430364737147748
0,-0.78,0.17999999999999994,2.5,0.1451328073575566
0,-0.78,0.19999999999999996,2.5,0.1361820654065137
0,-0.78,0.21999999999999997,2.5,0.1274799395567917
0,-0.78,0.24,2.5,0.11905130499441623
0,-0.78,0.26,2.5,0.11091739976327983
0,-0.78,0.28,2.5,0.10309587382409988
0,-0.78,0.30000000000000004,2.5,0.095600877675948
0,-0.78,0.32000000000000006,2.5,0.08844318633982871
0,-0.78,0.3400000000000001,2.5,0.08163035420236842
0,-0.78,0.3600000000000001,2.5,0.07516689602755718
0,-0.78,0.3800000000000001,2.5,0.06905448936136672
0,-0.78,0.40000000000000013,2.5,0.06329219357133666
0,-0.78,0.41999999999999993,2.5,0.057876680872299135
0,-0.78,0.43999999999999995,2.5,0.05280247488011673
0,-0.78,0.45999999999999996,2.5,0.04806219249626082
0,-0.78,0.48,2.5,0.04364678524506797
0,-0.78,0.5,2.5,0.03954577654999306
0,-0.78,0.52,2.5,0.03574749183251257
0,-0.78,0.54,2.5,0.03223927873523354
0,-0.78,0.56,2.5,0.02900771519758874
0,-0.78,0.5800000000000001,2.5,0.026038803537528205
0,-0.78,0.6000000000000001,2.5,0.023318149106274447
0,-0.78,0.6200000000000001,2.5,0.020831122477247905
0,-0.78,0.6400000000000001,2.5,0.018563004497888166
0,-0.78,0.6600000000000001,2.5,0.01649911386901473
0,-0.78,0.6799999999999999,2.5,0.014624917216839377
0,-0.78,0.7,2.5,0.012926121885512147
0,-0.78,0.72,2.5,0.011388751902321364
0,-0.78,0.74,2.5,0.009999207753834576
0,-0.78,0.76,2.5,0.00874431076094751
0,-0.78,0.78,2.5,0.007611332956532284
0,-0.78,0.8,2.5,0.006588013454402274
0,-0.78,0.8200000000000001,2.5,0.005662562356414596
0,-0.78,0.8400000000000001,2.5,0.004823653279787739
0,-0.78,0.8600000000000001,2.5,0.0040604056032943914
0,-0.78,0.8800000000000001,2.5,0.003362357532990685
0,-0.78,0.9000000000000001,2.5,0.002719431079422612
0,-0.78,0.9199999999999999,2.5,0.0021218900223205495
0,-0.78,0.94,2.5,0.0015602919187414556
0,-0.78,0.96,2.5,0.0010254351890664017
0,-0.78,0.98,2.5,0.0005083022943559774
0,-0.78,1.0,2.5,0.0
0,-0.76,-1.0,2.5,0.0
0,-0.76,-0.98,2.5,0.015518162407344396
0,-0.76,-0.96,2.5,0.031011498765725305
0,-0.76,-0.94,2.5,0.04645524389923906
0,-0.76,-0.92,2.5,0.06182474139541615
0,-0.76,-0.9,2.5,0.07709546673570522
0,-0.76,-0.88,2.5,0.0922430161976187
0,-0.76,-0.86,2.5,0.10724305527724737
0,-0.76,-0.84,2.5,0.12207122423688518
0,-0.76,-0.8200000000000001,2.5,0.1367030025579075
0,-0.76,-0.8,2.5,0.15111353823298848
0,-0.76,-0.78,2.5,0.16527745163187396
0,-0.76,-0.76,2.5,0.17916862682532975
0,-0.76,-0.74,2.5,0.19276000551658332
0,-0.76,-0.72,2.5,0.2060233999495175
0,-0.76,-0.7,2.5,0.2189293412652018
0,-0.76,-0.6799999999999999,2.5,0.2314469787774871
0,-0.76,-0.6599999999999999,2.5,0.24354404362950985
0,-0.76,-0.64,2.5,0.25518688743900053
0,-0.76,-0.62,2.5,0.26634060305423796
0,-0.76,-0.6,2.5,0.2769692306671344
0,-0.76,-0.5800000000000001,2.5,0.2870360485169505
0,-0.76,-0.56,2.5,0.2965039435088288
0,-0.76,-0.54,2.5,0.3053358534801189
0,-0.76,-0.52,2.5,0.3134952697496815
0,-0.76,-0.5,2.5,0.3209467861095456
0,-0.76,-0.48,2.5,0.3276566786432185
0,-0.76,-0.45999999999999996,2.5,0.33359349971089297
0,-0.76,-0.43999999999999995,2.5,0.3387286691152184
0,-0.76,-0.42000000000000004,2.5,0.34303704580219363
0,-0.76,-0.4,2.5,0.34649746438222323
0,-0.76,-0.38,2.5,0.34909322218002575
0,-0.76,-0.36,2.5,0.3508125043326389
0,-0.76,-0.33999999999999997,2.5,0.3516487365439987
0,-0.76,-0.31999999999999995,2.5,0.35160085736856334
0,-0.76,-0.29999999999999993,2.5,0.3506735042402611
0,-0.76,-0.28,2.5,0.34887710980372655
0,-0.76,-0.26,2.5,0.3462279073728384
0,-0.76,-0.24,2.5,0.34274784648120626
0,-0.76,-0.21999999999999997,2.5,0.33846442145762856
0,-0.76,-0.19999999999999996,2.5,0.33341041772550234
0,-0.76,-0.17999999999999994,2.5,0.3276235820675471
0,-0.76,-0.16000000000000003,2.5,0.3211462244031191
0,-0.76,-0.14,2.5,0.3140247596886506
0,-0.76,-0.12,2.5,0.30630919937145845
0,-0.76,-0.09999999999999998,2.5,0.29805260240661235
0,-0.76,-0.07999999999999996,2.5,0.2893104961924882
0,-0.76,-0.05999999999999994,2.5,0.28014027790258855
0,-0.76,-0.040000000000000036,2.5,0.2706006066013227
0,-0.76,-0.020000000000000018,2.5,0.2607507962440886
0,-0.76,0.0,2.5,0.2506502191938021
0,-0.76,0.020000000000000018,2.5,0.2403577292556072
0,-0.76,0.040000000000000036,2.5,0.22993111245944653
0,-0.76,0.06000000000000005,2.5,0.21942657292868017
0,-0.76,0.08000000000000007,2.5,0.20889826018561988
0,-0.76,0.10000000000000009,2.5,0.19839784318623957
0,-0.76,0.1200000000000001,2.5,0.18797413527152126
0,-0.76,0.14000000000000012,2.5,0.17767277309694002
0,-0.76,0.15999999999999992,2.5,0.16753595147898545
0,-0.76,0.17999999999999994,2.5,0.15760221500171112
0,-0.76,0.19999999999999996,2.5,0.1479063061788203
0,-0.76,0.21999999999999997,2.5,0.1384790689872808
0,-0.76,0.24,2.5,0.12934740569391276
0,-0.76,0.26,2.5,0.1205342841008893
0,-0.76,0.28,2.5,0.11205879165058057
0,-0.76,0.30000000000000004,2.5,0.10393623226231727
0,-0.76,0.32000000000000006,2.5,0.09617826132780383
0,-0.76,0.3400000000000001,2.5,0.08879305396919081
0,-0.76,0.3600000000000001,2.5,0.08178550146225079
0,-0.76,0.3800000000000001,2.5,0.07515743064190131
0,-0.76,0.40000000000000013,2.5,0.06890784113116002
0,-0.76,0.41999999999999993,2.5,0.06303315535805461
0,-0.76,0.43999999999999995,2.5,0.057527476536836375
0,-0.76,0.45999999999999996,2.5,0.0523828500775733
0,-0.76,0.48,2.5,0.04758952423846606
0,-0.76,0.5,2.5,0.043136206234256055
0,-0.76,0.52,2.5,0.039010310448087865
0,-0.76,0.54,2.5,0.035198195849738406
0,-0.76,0.56,2.5,0.031685390187541865
0,-0.76,0.5800000000000001,2.5,0.02845679898296555
0,-0.76,0.6000000000000001,2.5,0.025496897805238793
0,-0.76,0.6200000000000001,2.5,0.02278990672978397
0,-0.76,0.6400000000000001,2.5,0.02031994628112489
0,-0.76,0.6600000000000001,2.5,0.018071174522801187
0,-0.76,0.6799999999999999,2.5,0.016027905279635338
0,-0.76,0.7,2.5,0.01417470775916007
0,-0.76,0.72,2.5,0.012496488078347755
0,-0.76,0.74,2.5,0.010978553399626962
0,-0.76,0.76,2.5,0.009606659538384844
0,-0.76,0.78,2.5,0.00836704302561696
0,-0.76,0.8,2.5,0.007246438697753949
0,-0.76,0.8200000000000001,2.5,0.00623208394516854
0,-0.76,0.8400000000000001,2.5,0.0053117107859486055
0,-0.76,0.8600000000000001,2.5,0.004473526946796587
0,-0.76,0.8800000000000001,2.5,0.0037061871328491923
0,-0.76,0.9000000000000001,2.5,0.0029987556569917324
0,-0.76,0.9199999999999999,2.5,0.0023406615806524974
0,-0.76,0.94,2.5,0.001721647495405576
0,-0.76,0.96,2.5,0.0011317130507626989
0,-0.76,0.98,2.5,0.0005610543105499885
0,-0.76,1.0,2.5,0.0
0,-0.74,-1.0,2.5,0.0
0,-0.74,-0.98,2.5,0.01669524590643638
0,-0.74,-0.96,2.5,0.03336378580313679
0,-0.74,-0.94,2.5,0.04997897925959925
0,-0.74,-0.92,2.5,0.06651430303715607
0,-0.74,-0.9,2.5,0.08294337606517399
0,-0.74,-0.88,2.5,0.09923994759486626
0,-0.74,-0.86,2.5,0.11537784180575836
0,-0.74,-0.84,2.5,0.1313308562881695
0,-0.74,-0.8200000000000001,2.5,0.14707261631693833
0,-0.74,-0.8,2.5,0.16257639130035376
0,-0.74,-0.78,2.5,0.1778148838762954
0,-0.74,-0.76,2.5,0.19276000551658332
0,-0.74,-0.74,2.5,0.207382654936608
0,-0.74,-0.72,2.5,0.22165251691935686
0,-0.74,-0.7,2.5,0.23553789927258914
0,-0.74,-0.6799999999999999,2.5,0.2490056245606707
0,-0.74,-0.6599999999999999,2.5,0.26202099109086757
0,-0.74,-0.64,2.5,0.27454781456301797
0,-0.74,-0.62,2.5,0.2865485580406223
0,-0.74,-0.6,2.5,0.2979845537317085
0,-0.74,-0.5800000000000001,2.5,0.3088163157501682
0,-0.74,-0.56,2.5,0.3190039388222182
0,-0.74,-0.54,2.5,0.3285075740389395
0,-0.74,-0.52,2.5,0.337287969423145
0,-0.74,-0.5,2.5,0.3453070604154372
0,-0.74,-0.48,2.5,0.3525285934749937
0,-0.74,-0.45999999999999996,2.5,0.35891876486797053
0,-0.74,-0.43999999999999995,2.5,0.36444685636588053
0,-0.74,-0.42000000000000004,2.5,0.36908584994407956
0,-0.74,-0.4,2.5,0.3728130045728116
0,-0.74,-0.38,2.5,0.37561037972637074
0,-0.74,-0.36,2.5,0.37746529218547853
0,-0.74,-0.33999999999999997,2.5,0.3783706949575237
0,-0.74,-0.31999999999999995,2.5,0.3783254695769819
0,-0.74,-0.29999999999999993,2.5,0.37733462557196673
0,-0.74,-0.28,2.5,0.3754094034031579
0,-0.74,-0.26,2.5,0.37256727962345304
0,-0.74,-0.24,2.5,0.3688318753105091
0,-0.74,-0.21999999999999997,2.5,0.364232770943728
0,-0.74,-0.19999999999999996,2.5,0.3588052327985606
0,-0.74,-0.17999999999999994,2.5,0.35258985759143513
0,-0.74,-0.16000000000000003,2.5,0.3456321435142067
0,-0.74,-0.14,2.5,0.3379819969410507
0,-0.74,-0.12,2.5,0.3296931849721505
0,-0.74,-0.09999999999999998,2.5,0.3208227446008948
0,-0.74,-0.07999999999999996,2.5,0.3114303596617763
0,-0.74,-0.05999999999999994,2.5,0.3015777168451032
0,-0.74,-0.040000000000000036,2.5,0.29132785196500166
0,-0.74,-0.020000000000000018,2.5,0.28074449735456863
0,-0.74,0.0,2.5,0.2698914407543525
0,-0.74,0.020000000000000018,2.5,0.25883190537774264
0,-0.74,0.040000000000000036,2.5,0.2476279600015708
0,-0.74,0.06000000000000005,2.5,0.2363399669663129
0,-0.74,0.08000000000000007,2.5,0.22502607490324628
0,-0.74,0.10000000000000009,2.5,0.21374176186235794
0,-0.74,0.1200000000000001,2.5,0.20253943332184077
0,-0.74,0.14000000000000012,2.5,0.19146807834477447
0,-0.74,0.15999999999999992,2.5,0.18057298593756593
0,-0.74,0.17999999999999994,2.5,0.16989552248318673
0,-0.74,0.19999999999999996,2.5,0.15947296999366634
0,-0.74,0.21999999999999997,2.5,0.14933842387180066
0,-0.74,0.24,2.5,0.13952074790995944
0,-0.74,0.26,2.5,0.1300445833993888
0,-0.74,0.28,2.5,0.12093040848828317
0,-0.74,0.30000000000000004,2.5,0.11219464331931962
0,-0.74,0.32000000000000006,2.5,0.10384979600193289
0,-0.74,0.3400000000000001,2.5,0.09590464413241796
0,-0.74,0.3600000000000001,2.5,0.08836444636374104
0,-0.74,0.3800000000000001,2.5,0.08123117844137791
0,-0.74,0.40000000000000013,2.5,0.07450378815353337
0,-0.74,0.41999999999999993,2.5,0.06817846378335553
0,-0.74,0.43999999999999995,2.5,0.062248910885000605
0,-0.74,0.45999999999999996,2.5,0.056706632520986115
0,-0.74,0.48,2.5,0.0515412084806445
0,-0.74,0.5,2.5,0.046740569433653435
0,-0.74,0.52,2.5,0.042291262443599986
0,-0.74,0.54,2.5,0.03817870475978482
0,-0.74,0.56,2.5,0.03438742330725936
0,-0.74,0.5800000000000001,2.5,0.030901277792821747
0,-0.74,0.6000000000000001,2.5,0.027703665827189382
0,-0.74,0.6200000000000001,2.5,0.024777708921247647
0,-0.74,0.6400000000000001,2.5,0.02210641863932848
0,-0.74,0.6600000000000001,2.5,0.019672842578914804
0,-0.74,0.6799999999999999,2.5,0.01746019018985591
0,-0.74,0.7,2.5,0.015451938744765048
0,-0.74,0.72,2.5,0.013631920025088042
0,-0.74,0.74,2.5,0.011984388495239152
0,-0.74,0.76,2.5,0.010494071902376978
0,-0.74,0.78,2.5,0.009146205365103108
0,-0.74,0.8,2.5,0.007926550104700244
0,-0.74,0.8200000000000001,2.5,0.006821398032136817
0,-0.74,0.8400000000000001,2.5,0.005817563437901873
0,-0.74,0.8600000000000001,2.5,0.004902363044802293
0,-0.74,0.8800000000000001,2.5,0.004063585680999009
0,-0.74,0.9000000000000001,2.5,0.003289452816288613
0,-0.74,0.9199999999999999,2.5,0.0025685711829936215
0,-0.74,0.94,2.5,0.0018898786773024446
0,-0.74,0.96,2.5,0.0012425847104080242
0,-0.74,0.98,2.5,0.0006161061536637932
0,-0.74,1.0,2.5,0.0
0,-0.72,-1.0,2.5,0.0
0,-0.72,-0.98,2.5,0.01784389376067136
0,-0.72,-0.96,2.5,0.03565924799061229
0,-0.72,-0.94,2.5,0.05341759335973792
0,-0.72,-0.92,2.5,0.07109058601270846
0,-0.72,-0.9,2.5,0.0886500343759653
0,-0.72,-0.88,2.5,0.10606788661172627
0,-0.72,-0.86,2.5,0.123316171531923
0,-0.72,-0.84,2.5,0.14036689021854704
0,-0.72,-0.8200000000000001,2.5,0.1571918603974713
0,-0.72,-0.8,2.5,0.1737625203886401
0,-0.72,-0.78,2.5,0.1900497038244087
0,-0.72,-0.76,2.5,0.2060233999495175
0,-0.72,-0.74,2.5,0.22165251691935686
0,-0.72,-0.72,2.5,0.23690466691496345
0,-0.72,-0.7,2.5,0.2517459920098072
0,-0.72,-0.6799999999999999,2.5,0.2661410485715043
0,-0.72,-0.6599999999999999,2.5,0.2800527656705865
0,-0.72,-0.64,2.5,0.29344248968575226
0,-0.72,-0.62,2.5,0.3062701232855661
0,-0.72,-0.6,2.5,0.31849436250958035
0,-0.72,-0.5800000000000001,2.5,0.3300730310567607
0,-0.72,-0.56,2.5,0.3409635063934379
0,-0.72,-0.54,2.5,0.351123228163376
0,-0.72,-0.52,2.5,0.36051027582062306
0,-0.72,-0.5,2.5,0.3690839995594386
0,-0.72,-0.48,2.5,0.3768056865754053
0,-0.72,-0.45999999999999996,2.5,0.38363924349267736
0,-0.72,-0.43999999999999995,2.5,0.389551875418673
0,-0.72,-0.42000000000000004,2.5,0.39451474248186913
0,-0.72,-0.4,2.5,0.3985035757811866
0,-0.72,-0.38,2.5,0.401499236315835
0,-0.72,-0.36,2.5,0.40348820255022627
0,-0.72,-0.33999999999999997,2.5,0.4044629746751228
0,-0.72,-0.31999999999999995,2.5,0.4044223862339945
0,-0.72,-0.29999999999999993,2.5,0.40337181648333537
0,-0.72,-0.28,2.5,0.40132329955192064
0,-0.72,-0.26,2.5,0.39829552907659194
0,-0.72,-0.24,2.5,0.3943137594568246
0,-0.72,-0.21999999999999997,2.5,0.38940960713761885
0,-0.72,-0.19999999999999996,2.5,0.3836207573641445
0,-0.72,-0.17999999999999994,2.5,0.3769905836275387
0,-0.72,-0.16000000000000003,2.5,0.3695676885243161
0,-0.72,-0.14,2.5,0.3614053759747283
0,-0.72,-0.12,2.5,0.3525610656869287
0,-0.72,-0.09999999999999998,2.5,0.34309566141768355
0,-0.72,-0.07999999999999996,2.5,0.3330728849742765
0,-0.72,-0.05999999999999994,2.5,0.3225585880371882
0,-0.72,-0.040000000000000036,2.5,0.31162005377306146
0,-0.72,-0.020000000000000018,2.5,0.30032529986904943
0,-0.72,0.0,2.5,0.2887423940721316
0,-0.72,0.020000000000000018,2.5,0.2769387925820437
0,-0.72,0.040000000000000036,2.5,0.2649807107479798
0,-0.72,0.06000000000000005,2.5,0.25293253448306163
0,-0.72,0.08000000000000007,2.5,0.2408562796641912
0,-0.72,0.10000000000000009,2.5,0.22881110555691822
0,-0.72,0.1200000000000001,2.5,0.2168528870245519
0,-0.72,0.14000000000000012,2.5,0.2050338489771151
0,-0.72,0.15999999999999992,2.5,0.1934022652173749
0,-0.72,0.17999999999999994,2.5,0.18200222257526852
0,-0.72,0.19999999999999996,2.5,0.1708734500137889
0,-0.72,0.21999999999999997,2.5,0.16005121126150773
0,-0.72,0.24,2.5,0.14956625849903865
0,-0.72,0.26,2.5,0.1394448437151501
0,-0.72,0.28,2.5,0.12970878356546567
0,-0.72,0.30000000000000004,2.5,0.12037557292144524
0,-0.72,0.32000000000000006,2.5,0.11145854179444148
0,-0.72,0.3400000000000001,2.5,0.10296704996007608
0,-0.72,0.3600000000000001,2.5,0.0949067133893989
0,-0.72,0.3800000000000001,2.5,0.08727965650937063
0,-0.72,0.40000000000000013,2.5,0.08008478435731534
0,-0.72,0.41999999999999993,2.5,0.07331806885079747
0,-0.72,0.43999999999999995,2.5,0.06697284365255737
0,-0.72,0.45999999999999996,2.5,0.06104010245487101
0,-0.72,0.48,2.5,0.055508795923207004
0,-0.72,0.5,2.5,0.05036612300909519
0,-0.72,0.52,2.5,0.045597812850520225
0,-0.72,0.54,2.5,0.04118839400921665
0,-0.72,0.56,2.5,0.0371214483331925
0,-0.72,0.5800000000000001,2.5,0.033379847266131565
0,-0.72,0.6000000000000001,2.5,0.02994596894105023
0,-0.72,0.6200000000000001,2.5,0.026801894883514702
0,-0.72,0.6400000000000001,2.5,0.023929585601584456
0,-0.72,0.6600000000000001,2.5,0.021311034749152573
0,-0.72,0.6799999999999999,2.5,0.018928401912233148
0,-0.72,0.7,2.5,0.016764124381667075
0,-0.72,0.72,2.5,0.014801008540171853
0,-0.72,0.74,2.5,0.01302230170778026
0,-0.72,0.76,2.5,0.011411745460042193
0,-0.72,0.78,2.5,0.009953611561601605
0,-0.72,0.8,2.5,0.008632721748470356
0,-0.72,0.8200000000000001,2.5,0.0074344526506390125
0,-0.72,0.8400000000000001,2.5,0.006344727178013605
0,-0.72,0.8600000000000001,2.5,0.00534999370248688
0,-0.72,0.8800000000000001,2.5,0.0044371943624685875
0,-0.72,0.9000000000000001,2.5,0.0035937237982357536
0,-0.72,0.9199999999999999,2.5,0.002807379601304693
0,-0.72,0.94,2.5,0.002066305732334913
0,-0.72,0.96,2.5,0.0013589301328629372
0,-0.72,0.98,2.5,0.0006738977288091925
0,-0.72,1.0,2.5,0.0
0,-0.7,-1.0,2.5,0.0
0,-0.7,-0.98,2.5,0.01896154916932664
0,-0.7,-0.96,2.5,0.037892775966163805
0,-0.7,-0.94,2.5,0.056763432749501415
0,-0.7,-0.92,2.5,0.07554340548104227
0,-0.7,-0.9,2.5,0.09420274234871046
0,-0.7,-0.88,2.5,0.11271164057560565
0,-0.7,-0.86,2.5,0.13104038377799326
0,-0.7,-0.84,2.5,0.14915922694678824
0,-0.7,-0.8200000000000001,2.5,0.1670382312279059
0,-0.7,-0.8,2.5,0.18464705575136753
0,-0.7,-0.78,2.5,0.20195471840108112
0,-0.7,-0.76,2.5,0.2189293412652018
0,-0.7,-0.74,2.5,0.23553789927258914
0,-0.7,-0.72,2.5,0.2517459920098072
0,-0.7,-0.7,2.5,0.26751765883636025
0,-0.7,-0.6799999999999999,2.5,0.2828152561910824
0,-0.7,-0.6599999999999999,2.5,0.2975994135261564
0,-0.7,-0.64,2.5,0.31182908081624633
0,-0.7,-0.62,2.5,0.32546167632902223
0,-0.7,-0.6,2.5,0.33845333860664517
0,-0.7,-0.5800000000000001,2.5,0.3507592817031953
0,-0.7,-0.56,2.5,0.3623342479454639
0,-0.7,-0.54,2.5,0.37313304809613
0,-0.7,-0.52,2.5,0.38311117501338476
0,-0.7,-0.5,2.5,0.3922254738767502
0,-0.7,-0.48,2.5,0.4004348498814562
0,-0.7,-0.45999999999999996,2.5,0.40770099303038515
0,-0.7,-0.43999999999999995,2.5,0.41398909925676525
0,-0.7,-0.42000000000000004,2.5,0.419268567531401
0,-0.7,-0.4,2.5,0.4235136537501455
0,-0.7,-0.38,2.5,0.42670406394265875
0,-0.7,-0.36,2.5,0.4288254715623759
0,-0.7,-0.33999999999999997,2.5,0.4298699461776569
0,-0.7,-0.31999999999999995,2.5,0.42983628365819715
0,-0.7,-0.29999999999999993,2.5,0.42873023082272055
0,-0.7,-0.28,2.5,0.42656460038218774
0,-0.7,-0.26,2.5,0.4233592747920498
0,-0.7,-0.24,2.5,0.41914110024896056
0,-0.7,-0.21999999999999997,2.5,0.4139436744792303
0,-0.7,-0.19999999999999996,2.5,0.40780703412971014
0,-0.7,-0.17999999999999994,2.5,0.40077724946059995
0,-0.7,-0.16000000000000003,2.5,0.3929059356378103
0,-0.7,-0.14,2.5,0.3842496912221506
0,-0.7,-0.12,2.5,0.37486947545243565
0,-0.7,-0.09999999999999998,2.5,0.3648299366234856
0,-0.7,-0.07999999999999996,2.5,0.35419870427604294
0,-0.7,-0.05999999999999994,2.5,0.3430456580555511
0,-0.7,-0.040000000000000036,2.5,0.3314421859753726
0,-0.7,-0.020000000000000018,2.5,0.3194604444551881
0,-0.7,0.0,2.5,0.30717263191752714
0,-0.7,0.020000000000000018,2.5,0.2946502869378276
0,-0.7,0.040000000000000036,2.5,0.28196362098164024
0,-0.7,0.06000000000000005,2.5,0.26918089465429573
0,-0.7,0.08000000000000007,2.5,0.2563678451629049
0,-0.7,0.10000000000000009,2.5,0.24358717137865102
0,-0.7,0.1200000000000001,2.5,0.2308980815201705
0,-0.7,0.14000000000000012,2.5,0.2183559070876926
0,-0.7,0.15999999999999992,2.5,0.2060117852930074
0,-0.7,0.17999999999999994,2.5,0.19391241088134553
0,-0.7,0.19999999999999996,2.5,0.182099856954856
0,-0.7,0.21999999999999997,2.5,0.1706114632077942
0,-0.7,0.24,2.5,0.1594797888917747
0,-0.7,0.26,2.5,0.1487326268627958
0,-0.7,0.28,2.5,0.13839307423352637
0,-0.7,0.30000000000000004,2.5,0.12847965447374052
0,-0.7,0.32000000000000006,2.5,0.1190064852737744
0,-0.7,0.3400000000000001,2.5,0.10998348611136236
0,-0.7,0.3600000000000001,2.5,0.10141661923822788
0,-0.7,0.3800000000000001,2.5,0.09330815772282011
0,-0.7,0.40000000000000013,2.5,0.08565697423994313
0,-0.7,0.41999999999999993,2.5,0.07845884447439047
0,-0.7,0.43999999999999995,2.5,0.07170675928960372
0,-0.7,0.45999999999999996,2.5,0.0653912401877891
0,-0.7,0.48,2.5,0.059500653037793165
0,-0.7,0.5,2.5,0.05402151555386685
0,-0.7,0.52,2.5,0.04893879455481168
0,-0.7,0.54,2.5,0.044236189602069216
0,-0.7,0.56,2.5,0.03989640019124918
0,-0.7,0.5800000000000001,2.5,0.03590137423996362
0,-0.7,0.6000000000000001,2.5,0.03223253616290825
0,-0.7,0.6200000000000001,2.5,0.028870993342109543
0,-0.7,0.6400000000000001,2.5,0.02579772027743696
0,-0.7,0.6600000000000001,2.5,0.022993720133328264
0,-0.7,0.6799999999999999,2.5,0.02044016377783921
0,-0.7,0.7,2.5,0.01811850673734859
0,-0.7,0.72,2.5,0.016010584764233737
0,-0.7,0.74,2.5,0.014098688937042558
0,-0.7,0.76,2.5,0.012365621386096239
0,-0.7,0.78,2.5,0.01079473286624765
0,-0.7,0.8,2.5,0.009369943487775983
0,-0.7,0.8200000000000001,2.5,0.008075747971779566
0,-0.7,0.8400000000000001,2.5,0.006897206823856769
0,-0.7,0.8600000000000001,2.5,0.005819924825230535
0,-0.7,0.8800000000000001,2.5,0.0048300182293887495
0,-0.7,0.9000000000000001,2.5,0.003914072029910169
0,-0.7,0.9199999999999999,2.5,0.003059088635933825
0,-0.7,0.94,2.5,0.0022524292595138876
0,-0.7,0.96,2.5,0.001481749286963691
0,-0.7,0.98,2.5,0.0007349288766184642
0,-0.7,1.0,2.5,0.0
0,-0.6799999999999999,-1.0,2.5,0.0
0,-0.6799999999999999,-0.98,2.5,0.020045535133240092
0,-0.6799999999999999,-0.96,2.5,0.04005902018050837
0,-0.6799999999999999,-0.94,2.5,0.060008484221772664
0,-0.6799999999999999,-0.92,2.5,0.07986209790342992
0,-0.6799999999999999,-0.9,2.5,0.09958820386476201
0,-0.6799999999999999,-0.88,2.5,0.1191553029634882
0,-0.6799999999999999,-0.86,2.5,0.13853198822837554
0,-0.6799999999999999,-0.84,2.5,0.15768682344667886
0,-0.6799999999999999,-0.8200000000000001,2.5,0.17658816868624824
0,-0.6799999999999999,-0.8,2.5,0.19520396041621835
0,-0.6799999999999999,-0.78,2.5,0.21350145879698912
0,-0.6799999999999999,-0.76,2.5,0.2314469787774871
0,-0.6799999999999999,-0.74,2.5,0.2490056245606707
0,-0.6799999999999999,-0.72,2.5,0.2661410485715043
0,-0.6799999999999999,-0.7,2.5,0.2828152561910824
0,-0.6799999999999999,-0.6799999999999999,2.5,0.29898847622496355
0,-0.6799999999999999,-0.6599999999999999,2.5,0.3146191144760506
0,-0.6799999999999999,-0.64,2.5,0.32966380410310203
0,-0.6799999999999999,-0.62,2.5,0.3440775619403988
0,-0.6799999999999999,-0.6,2.5,0.35781405494592994
0,-0.6799999999999999,-0.5800000000000001,2.5,0.3708259757599606
0,-0.6799999999999999,-0.56,2.5,0.38306552130480626
0,-0.6799999999999999,-0.54,2.5,0.39448496371719716
0,-0.6799999999999999,-0.52,2.5,0.4050372989033976
0,-0.6799999999999999,-0.5,2.5,0.4146769548104191
0,-0.6799999999999999,-0.48,2.5,0.42336053921611944
0,-0.6799999999999999,-0.45999999999999996,2.5,0.4310476054959157
0,-0.6799999999999999,-0.43999999999999995,2.5,0.43770141440687144
0,-0.6799999999999999,-0.42000000000000004,2.5,0.4432896703764558
0,-0.6799999999999999,-0.4,2.5,0.44778521199276133
0,-0.6799999999999999,-0.38,2.5,0.45116663824076086
0,-0.6799999999999999,-0.36,2.5,0.4534188543779479
0,-0.6799999999999999,-0.33999999999999997,2.5,0.45453352405244923
0,-0.6799999999999999,-0.31999999999999995,2.5,0.45450941720297
0,-0.6799999999999999,-0.29999999999999993,2.5,0.45335264631977895
0,-0.6799999999999999,-0.28,2.5,0.45107678668189416
0,-0.6799999999999999,-0.26,2.5,0.44770287912748336
0,-0.6799999999999999,-0.24,2.5,0.44325931668973906
0,-0.6799999999999999,-0.21999999999999997,2.5,0.4377816189833286
0,-0.6799999999999999,-0.19999999999999996,2.5,0.431312100516198
0,-0.6799999999999999,-0.17999999999999994,2.5,0.4238994411002151
0,-0.6799999999999999,-0.16000000000000003,2.5,0.4155981682247727
0,-0.6799999999999999,-0.14,2.5,0.40646806263161467
0,-0.6799999999999999,-0.12,2.5,0.3965734993853112
0,-0.6799999999999999,-0.09999999999999998,2.5,0.38598273747600986
0,-0.6799999999999999,-0.07999999999999996,2.5,0.3747671714278611
0,-0.6799999999999999,-0.05999999999999994,2.5,0.36300055853021757
0,-0.6799999999999999,-0.040000000000000036,2.5,0.35075823517509225
0,-0.6799999999999999,-0.020000000000000018,2.5,0.3381163353923017
0,-0.6799999999999999,0.0,2.5,0.32515102404509305
0,-0.6799999999999999,0.020000000000000018,2.5,0.31193775630848025
0,-0.6799999999999999,0.040000000000000036,2.5,0.2985505740272653
0,-0.6799999999999999,0.06000000000000005,2.5,0.2850614483702591
0,-0.6799999999999999,0.08000000000000007,2.5,0.2715396768929428
0,-0.6799999999999999,0.10000000000000009,2.5,0.2580513417253668
0,-0.6799999999999999,0.1200000000000001,2.5,0.2446588341488267
0,-0.6799999999999999,0.14000000000000012,2.5,0.23142044934711364
0,-0.6799999999999999,0.15999999999999992,2.5,0.2183900536484207
0,-0.6799999999999999,0.17999999999999994,2.5,0.2056168251433073
0,-0.6799999999999999,0.19999999999999996,2.5,0.19314506720118935
0,-0.6799999999999999,0.21999999999999997,2.5,0.18101409313841899
0,-0.6799999999999999,0.24,2.5,0.16925817913744423
0,-0.6799999999999999,0.26,2.5,0.1579065814971073
0,-0.6799999999999999,0.28,2.5,0.1469836134229315
0,-0.6799999999999999,0.30000000000000004,2.5,0.13650877585285184
0,-0.6799999999999999,0.32000000000000006,2.5,0.12649693626339428
0,-0.6799999999999999,0.3400000000000001,2.5,0.11695854901454474
0,-0.6799999999999999,0.3600000000000001,2.5,0.10789991056506501
0,-0.6799999999999999,0.3800000000000001,2.5,0.0993234428166095
0,-0.6799999999999999,0.40000000000000013,2.5,0.09122799791411217
0,-0.6799999999999999,0.41999999999999993,2.5,0.08360917802816592
0,-0.6799999999999999,0.43999999999999995,2.5,0.07645966395684267
0,-0.6799999999999999,0.45999999999999996,2.5,0.06976954679229395
0,-0.6799999999999999,0.48,2.5,0.06352665738317263
0,-0.6799999999999999,0.5,2.5,0.05771688886861422
0,-0.6799999999999999,0.52,2.5,0.05232450814454713
0,-0.6799999999999999,0.54,2.5,0.04733245273044252
0,-0.6799999999999999,0.56,2.5,0.04272261011738899
0,-0.6799999999999999,0.5800000000000001,2.5,0.03847607728123393
0,-0.6799999999999999,0.6000000000000001,2.5,0.034573398623994105
0,-0.6799999999999999,0.6200000000000001,2.5,0.030994781151435186
0,-0.6799999999999999,0.6400000000000001,2.5,0.027720286195563798
0,-0.6799999999999999,0.6600000000000001,2.5,0.024729997441035174
0,-0.6799999999999999,0.6799999999999999,2.5,0.022004165409773003
0,-0.6799999999999999,0.7,2.5,0.019523328896309082
0,-0.6799999999999999,0.72,2.5,0.017268414127467407
0,-0.6799999999999999,0.74,2.5,0.015220812645905527
0,-0.6799999999999999,0.76,2.5,0.013362439091144863
0,-0.6799999999999999,0.78,2.5,0.011675770178806612
0,-0.6799999999999999,0.8,2.5,0.010143866264476286
0,-0.6799999999999999,0.8200000000000001,2.5,0.00875037692917748
0,-0.6799999999999999,0.8400000000000001,2.5,0.007479532045295968
0,-0.6799999999999999,0.8600000000000001,2.5,0.0063161197813227845
0,-0.6799999999999999,0.8800000000000001,2.5,0.005245452986982486
0,-0.6799999999999999,0.9000000000000001,2.5,0.004253325372612639
0,-0.6799999999999999,0.9199999999999999,2.5,0.0033259588627752306
0,-0.6799999999999999,0.94,2.5,0.0024499434679290523
0,-0.6799999999999999,0.96,2.5,0.0016121709826867016
0,-0.6799999999999999,0.98,2.5,0.0007997637870749875
0,-0.6799999999999999,1.0,2.5,0.0
0,-0.6599999999999999,-1.0,2.5,0.0
0,-0.6599999999999999,-0.98,2.5,0.021093051275245255
0,-0.6599999999999999,-0.96,2.5,0.04215238454408974
0,-0.6599999999999999,-0.94,2.5,0.06314436529840109
0,-0.6599999999999999,-0.92,2.5,0.08403550838681449
0,-0.6599999999999999,-0.9,2.5,0.10479251023180246
0,-0.6599999999999999,-0.88,2.5,0.1253822345409606
0,-0.6599999999999999,-0.86,2.5,0.145771643019767
0,-0.6599999999999999,-0.84,2.5,0.16592766783266966
0,-0.6599999999999999,-0.8200000000000001,2.5,0.18581702823264667
0,-0.6599999999999999,-0.8,2.5,0.20540599942312893
0,-0.6599999999999999,-0.78,2.5,0.22466014687863903
0,-0.6599999999999999,-0.76,2.5,0.24354404362950985
0,-0.6599999999999999,-0.74,2.5,0.26202099109086757
0,-0.6599999999999999,-0.72,2.5,0.2800527656705865
0,-0.6599999999999999,-0.7,2.5,0.2975994135261564
0,-0.6599999999999999,-0.6799999999999999,2.5,0.3146191144760506
0,-0.6599999999999999,-0.6599999999999999,2.5,0.33106813333671264
0,-0.6599999999999999,-0.64,2.5,0.34690087307325373
0,-0.6599999999999999,-0.62,2.5,0.3620700394100451
0,-0.6599999999999999,-0.6,2.5,0.3765269212767225
0,-0.6599999999999999,-0.5800000000000001,2.5,0.39022178600799884
0,-0.6599999999999999,-0.56,2.5,0.403104382900255
0,-0.6599999999999999,-0.54,2.5,0.4151245438458146
0,-0.6599999999999999,-0.52,2.5,0.42623286555561407
0,-0.6599999999999999,-0.5,2.5,0.43638145451758015
0,-0.6599999999999999,-0.48,2.5,0.4455247134286576
0,-0.6599999999999999,-0.45999999999999996,2.5,0.4536201464243974
0,-0.6599999999999999,-0.43999999999999995,2.5,0.46062915999304027
0,-0.6599999999999999,-0.42000000000000004,2.5,0.46651783693318155
0,-0.6599999999999999,-0.4,2.5,0.4712576619895471
0,-0.6599999999999999,-0.38,2.5,0.4748261797489985
0,-0.6599999999999999,-0.36,2.5,0.4772075678540323
0,-0.6599999999999999,-0.33999999999999997,2.5,0.47839311144642765
0,-0.6599999999999999,-0.31999999999999995,2.5,0.4783815678476907
0,-0.6599999999999999,-0.29999999999999993,2.5,0.47717941368615774
0,-0.6599999999999999,-0.28,2.5,0.4748009698797298
0,-0.6599999999999999,-0.26,2.5,0.4712684029832502
0,-0.6599999999999999,-0.24,2.5,0.46661160433396354
0,-0.6599999999999999,-0.21999999999999997,2.5,0.46086795111848083
0,-0.6599999999999999,-0.19999999999999996,2.5,0.4540819558971191
0,-0.6599999999999999,-0.17999999999999994,2.5,0.44630481322695903
0,-0.6599999999999999,-0.16000000000000003,2.5,0.4375938538053074
0,-0.6599999999999999,-0.14,2.5,0.4280119180014575
0,-0.6599999999999999,-0.12,2.5,0.41762666175500296
0,-0.6599999999999999,-0.09999999999999998,2.5,0.40650980859764346
0,-0.6599999999999999,-0.07999999999999996,2.5,0.3947363620113202
0,-0.6599999999999999,-0.05999999999999994,2.5,0.3823837924816615
0,-0.6599999999999999,-0.040000000000000036,2.5,0.36953121345871287
0,-0.6599999999999999,-0.020000000000000018,2.5,0.35625856001673734
0,-0.6599999999999999,0.0,2.5,0.3426457833346542
0,-0.6599999999999999,0.020000000000000018,2.5,0.32877207322459173
0,-0.6599999999999999,0.040000000000000036,2.5,0.3147151198469454
0,-0.6599999999999999,0.06000000000000005,2.5,0.3005504244976259
0,-0.6599999999999999,0.08000000000000007,2.5,0.2863506679701538
0,-0.6599999999999999,0.10000000000000009,2.5,0.27218514351664186
0,-0.6599999999999999,0.1200000000000001,2.5,0.2581192598929369
0,-0.6599999999999999,0.14000000000000012,2.5,0.24421411840969304
0,-0.6599999999999999,0.15999999999999992,2.5,0.230526166357461
0,-0.6599999999999999,0.17999999999999994,2.5,0.2171069276629191
0,-0.6599999999999999,0.19999999999999996,2.5,0.20400281019560748
0,-0.6599999999999999,0.21999999999999997,2.5,0.1912549878072845
0,-0.6599999999999999,0.24,2.5,0.17889935397287818
0,-0.6599999999999999,0.26,2.5,0.16696654283229728
0,-0.6599999999999999,0.28,2.5,0.1554820125208611
0,-0.6599999999999999,0.30000000000000004,2.5,0.14446618493280797
0,-0.6599999999999999,0.32000000000000006,2.5,0.13393463549245477
0,-0.6599999999999999,0.3400000000000001,2.5,0.12389832611163289
0,-0.6599999999999999,0.3600000000000001,2.5,0.11436387428611765
0,-0.6599999999999999,0.3800000000000001,2.5,0.1053338512199527
0,-0.6599999999999999,0.40000000000000013,2.5,0.09680710195333517
0,-0.6599999999999999,0.41999999999999993,2.5,0.08877908069254882
0,-0.6599999999999999,0.43999999999999995,2.5,0.08124219488240277
0,-0.6599999999999999,0.45999999999999996,2.5,0.07418615200410808
0,-0.6599999999999999,0.48,2.5,0.06759830360477974
0,-0.6599999999999999,0.5,2.5,0.061463981648629956
0,-0.6599999999999999,0.52,2.5,0.055766822904465954
0,-0.6599999999999999,0.54,2.5,0.0504890777301022
0,-0.6599999999999999,0.56,2.5,0.04561190026380376
0,-0.6599999999999999,0.5800000000000001,2.5,0.04111561766963854
0,-0.6599999999999999,0.6000000000000001,2.5,0.036979976693423997
0,-0.6599999999999999,0.6200000000000001,2.5,0.03318436635690448
0,-0.6599999999999999,0.6400000000000001,2.5,0.029708016140459273
0,-0.6599999999999999,0.6600000000000001,2.5,0.026530169472144587
0,-0.6599999999999999,0.6799999999999999,2.5,0.023630232748872694
0,-0.6599999999999999,0.7,2.5,0.02098790046212712
0,-0.6599999999999999,0.72,2.5,0.018583257286149315
0,-0.6599999999999999,0.74,2.5,0.016396858213356284
0,-0.6599999999999999,0.76,2.5,0.014409787993886605
0,-0.6599999999999999,0.78,2.5,0.012603701258978339
0,-0.6599999999999999,0.8,2.5,0.01096084478765081
0,-0.6599999999999999,0.8200000000000001,2.5,0.009464063419741132
0,-0.6599999999999999,0.8400000000000001,2.5,0.008096791132757913
0,-0.6599999999999999,0.8600000000000001,2.5,0.006843028792117886
0,-0.6599999999999999,0.8800000000000001,2.5,0.0056873100605283194
0,-0.6599999999999999,0.9000000000000001,2.5,0.004614656918292628
0,-0.6599999999999999,0.9199999999999999,2.5,0.0036105262070445644
0,-0.6599999999999999,0.94,2.5,0.002660748568853719
0,-0.6599999999999999,0.96,2.5,0.0017514611138936481
0,-0.6599999999999999,0.98,2.5,0.0008690351151968455
0,-0.6599999999999999,1.0,2.5,0.0
0,-0.64,-1.0,2.5,0.0
0,-0.64,-0.98,2.5,0.022101177160639442
0,-0.64,-0.96,2.5,0.0441670330635968
0,-0.64,-0.94,2.5,0.06616233417397421
0,-0.64,-0.92,2.5,0.08805200392173304
0,-0.64,-0.9,2.5,0.10980115669861791
0,-0.64,-0.88,2.5,0.13137508313246693
0,-0.64,-0.86,2.5,0.15273917774159773
0,-0.64,-0.84,2.5,0.17385880556144415
0,-0.64,-0.8200000000000001,2.5,0.19469911027941042
0,-0.64,-0.8,2.5,0.21522477232661558
0,-0.64,-0.78,2.5,0.2353997307835249
0,-0.64,-0.76,2.5,0.25518688743900053
0,-0.64,-0.74,2.5,0.27454781456301797
0,-0.64,-0.72,2.5,0.29344248968575226
0,-0.64,-0.7,2.5,0.31182908081624633
0,-0.64,-0.6799999999999999,2.5,0.32966380410310203
0,-0.64,-0.6599999999999999,2.5,0.34690087307325373
0,-0.64,-0.64,2.5,0.36349255451511403
0,-0.64,-0.62,2.5,0.37938934110274924
0,-0.64,-0.6,2.5,0.39454024533421317
0,-0.64,-0.5800000000000001,2.5,0.4088932136384661
0,-0.64,-0.56,2.5,0.42239565393530554
0,-0.64,-0.54,2.5,0.4349950648171166
0,-0.64,-0.52,2.5,0.4466397501099829
0,-0.64,-0.5,2.5,0.4572795990481114
0,-0.64,-0.48,2.5,0.4668669097720568
0,-0.64,-0.45999999999999996,2.5,0.4753572323811903
0,-0.64,-0.43999999999999995,2.5,0.4827102073151366
0,-0.64,-0.42000000000000004,2.5,0.48889037533633567
0,-0.64,-0.4,2.5,0.4938679367255941
0,-0.64,-0.38,2.5,0.49761943934701613
0,-0.64,-0.36,2.5,0.5001283778365331
0,-0.64,-0.33999999999999997,2.5,0.5013856891649106
0,-0.64,-0.31999999999999995,2.5,0.5013901330731567
0,-0.64,-0.29999999999999993,2.5,0.5001485492399058
0,-0.64,-0.28,2.5,0.4976759863978089
0,-0.64,-0.26,2.5,0.49399570186945363
0,-0.64,-0.24,2.5,0.4891390330625345
0,-0.64,-0.21999999999999997,2.5,0.4831451452870029
0,-0.64,-0.19999999999999996,2.5,0.4760606627884116
0,-0.64,-0.17999999999999994,2.5,0.4679391921005413
0,-0.64,-0.16000000000000003,2.5,0.4588407486874684
0,-0.64,-0.14,2.5,0.4488310993608534
0,-0.64,-0.12,2.5,0.4379810341204891
0,-0.64,-0.09999999999999998,2.5,0.4263655818792713
0,-0.64,-0.07999999999999996,2.5,0.4140631850070418
0,-0.64,-0.05999999999999994,2.5,0.40115484777480165
0,-0.64,-0.040000000000000036,2.5,0.38772327361910225
0,-0.64,-0.020000000000000018,2.5,0.37385200569699195
0,-0.64,0.0,2.5,0.35962458448921647
0,-0.64,0.020000000000000018,2.5,0.3451237352610297
0,-0.64,0.040000000000000036,2.5,0.3304305970365965
0,-0.64,0.06000000000000005,2.5,0.31562400341773633
0,-0.64,0.08000000000000007,2.5,0.3007798241159548
0,-0.64,0.10000000000000009,2.5,0.28597037450516105
0,-0.64,0.1200000000000001,2.5,0.271263898878708
0,-0.64,0.14000000000000012,2.5,0.2567241314459489
0,-0.64,0.15999999999999992,2.5,0.24240993746698677
0,-0.64,0.17999999999999994,2.5,0.22837503533451345
0,-0.64,0.19999999999999996,2.5,0.21466779890084414
0,-0.64,0.21999999999999997,2.5,0.201331137945293
0,-0.64,0.24,2.5,0.18840245340676234
0,-0.64,0.26,2.5,0.1759136628891632
0,-0.64,0.28,2.5,0.16389129099847702
0,-0.64,0.30000000000000004,2.5,0.1523566183002628
0,-0.64,0.32000000000000006,2.5,0.14132588210045613
0,-0.64,0.3400000000000001,2.5,0.13081052185062303
0,-0.64,0.3600000000000001,2.5,0.12081746175698041
0,-0.64,0.3800000000000001,2.5,0.11134942312168983
0,-0.64,0.40000000000000013,2.5,0.10240525905263537
0,-0.64,0.41999999999999993,2.5,0.093980304428369
0,-0.64,0.43999999999999995,2.5,0.08606673437991909
0,-0.64,0.45999999999999996,2.5,0.07865392503065342
0,-0.64,0.48,2.5,0.07172881079821546
0,-0.64,0.5,2.5,0.06527623318716445
0,-0.64,0.52,2.5,0.05927927666604317
0,-0.64,0.54,2.5,0.05371958790774807
0,-0.64,0.56,2.5,0.048577675358263094
0,-0.64,0.5800000000000001,2.5,0.04383318676888461
0,-0.64,0.6000000000000001,2.5,0.03946516296609763
0,-0.64,0.6200000000000001,2.5,0.03545226672885672
0,-0.64,0.6400000000000001,2.5,0.03177298618546333
0,-0.64,0.6600000000000001,2.5,0.028405812624555722
0,-0.64,0.6799999999999999,2.5,0.025329393032717005
0,-0.64,0.7,2.5,0.02252265802325243
0,-0.64,0.72,2.5,0.019964926107582444
0,-0.64,0.74,2.5,0.017635985485358982
0,-0.64,0.76,2.5,0.0155161546965204
0,-0.64,0.78,2.5,0.013586323594111301
0,-0.64,0.8,2.5,0.011827976167810278
0,-0.64,0.8200000000000001,2.5,0.010223196782259525
0,-0.64,0.8400000000000001,2.5,0.008754661399111522
0,-0.64,0.8600000000000001,2.5,0.00740561533458006
0,-0.64,0.8800000000000001,2.5,0.006159839072016825
0,-0.64,0.9000000000000001,2.5,0.0050016036076369905
0,-0.64,0.9199999999999999,2.5,0.003915616762041283
0,-0.64,0.94,2.5,0.002886961844663462
0,-0.64,0.96,2.5,0.001901030015752765
0,-0.64,0.98,2.5,0.0009434476531184749
0,-0.64,1.0,2.5,0.0
0,-0.62,-1.0,2.5,0.0
0,-0.62,-0.98,2.5,0.0230668827360087
0,-0.62,-0.96,2.5,0.04609691070358747
0,-0.62,-0.94,2.5,0.06905332096824776
0,-0.62,-0.92,2.5,0.09189951497770649
0,-0.62,-0.9,2.5,0.11459909432989339
0,-0.62,-0.88,2.5,0.13711584569640684
0,-0.62,-0.86,2.5,0.1594136656169262
0,-0.62,-0.84,2.5,0.18145642160880812
0,-0.62,-0.8200000000000001,2.5,0.20320775223882084
0,-0.62,-0.8,2.5,0.22463081497411305
0,-0.62,-0.78,2.5,0.24568799627310764
0,-0.62,-0.76,2.5,0.26634060305423796
0,-0.62,-0.74,2.5,0.2865485580406223
0,-0.62,-0.72,2.5,0.3062701232855661
0,-0.62,-0.7,2.5,0.32546167632902223
0,-0.62,-0.6799999999999999,2.5,0.3440775619403988
0,-0.62,-0.6599999999999999,2.5,0.3620700394100451
0,-0.62,-0.64,2.5,0.37938934110274924
0,-0.62,-0.62,2.5,0.3959838527985222
0,-0.62,-0.6,2.5,0.4118004205799248
0,-0.62,-0.5800000000000001,2.5,0.4267847830557035
0,-0.62,-0.56,2.5,0.4408821218964986
0,-0.62,-0.54,2.5,0.4540377183189814
0,-0.62,-0.52,2.5,0.46619769855093224
0,-0.62,-0.5,2.5,0.47730984763290096
0,-0.62,-0.48,2.5,0.48732446827960996
0,-0.62,-0.45999999999999996,2.5,0.4961952599814247
0,-0.62,-0.43999999999999995,2.5,0.503880193053125
0,-0.62,-0.42000000000000004,2.5,0.5103423528596153
0,-0.62,-0.4,2.5,0.5155507308503795
0,-0.62,-0.38,2.5,0.5194809411729465
0,-0.62,-0.36,2.5,0.5221158443521714
0,-0.62,-0.33999999999999997,2.5,0.5234460626554632
0,-0.62,-0.31999999999999995,2.5,0.5234703751591435
0,-0.62,-0.29999999999999993,2.5,0.522195984046055
0,-0.62,-0.28,2.5,0.5196386471751281
0,-0.62,-0.26,2.5,0.5158226753656006
0,-0.62,-0.24,2.5,0.5107807960478086
0,-0.62,-0.21999999999999997,2.5,0.5045538878841532
0,-0.62,-0.19999999999999996,2.5,0.49719059361036816
0,-0.62,-0.17999999999999994,2.5,0.48874682065592584
0,-0.62,-0.16000000000000003,2.5,0.4792851410529887
0,-0.62,-0.14,2.5,0.468874103725535
0,-0.62,-0.12,2.5,0.4575874734619184
0,-0.62,-0.09999999999999998,2.5,0.44550341171948615
0,-0.62,-0.07999999999999996,2.5,0.4327036148985996
0,-0.62,-0.05999999999999994,2.5,0.4192724258696543
0,-0.62,-0.040000000000000036,2.5,0.40529593435881667
0,-0.62,-0.020000000000000018,2.5,0.3908610813182537
0,-0.62,0.0,2.5,0.3760547816503782
0,-0.62,0.020000000000000018,2.5,0.36096307865217975
0,-0.62,0.040000000000000036,2.5,0.3456703423273686
0,-0.62,0.06000000000000005,2.5,0.33025852231586017
0,-0.62,0.08000000000000007,2.5,0.31480646464940204
0,-0.62,0.10000000000000009,2.5,0.2993892998977515
0,-0.62,0.1200000000000001,2.5,0.28407790856149306
0,-0.62,0.14000000000000012,2.5,0.26893846783497116
0,-0.62,0.15999999999999992,2.5,0.25403208214456585
0,-0.62,0.17999999999999994,2.5,0.23941449820046148
0,-0.62,0.19999999999999996,2.5,0.22513590371811495
0,-0.62,0.21999999999999997,2.5,0.21124080749921928
0,-0.62,0.24,2.5,0.19776799723720445
0,-0.62,0.26,2.5,0.18475057025049682
0,-0.62,0.28,2.5,0.17221603136394126
0,-0.62,0.30000000000000004,2.5,0.1601864513656381
0,-0.62,0.32000000000000006,2.5,0.14867867886815458
0,-0.62,0.3400000000000001,2.5,0.13770459799954066
0,-0.62,0.3600000000000001,2.5,0.12727142413568873
0,-0.62,0.3800000000000001,2.5,0.11738202985166704
0,-0.62,0.40000000000000013,2.5,0.1080352934020345
0,-0.62,0.41999999999999993,2.5,0.0992264623217932
0,-0.62,0.43999999999999995,2.5,0.09094752515089134
0,-0.62,0.45999999999999996,2.5,0.08318758480451739
0,-0.62,0.48,2.5,0.07593322771617717
0,-0.62,0.5,2.5,0.06916888354769907
0,-0.62,0.52,2.5,0.06287717096719793
0,-0.62,0.54,2.5,0.05703922572096302
0,-0.62,0.56,2.5,0.051635007948108366
0,-0.62,0.5800000000000001,2.5,0.046643586389587134
0,-0.62,0.6000000000000001,2.5,0.042043397810219714
0,-0.62,0.6200000000000001,2.5,0.037812480570857586
0,-0.62,0.6400000000000001,2.5,0.03392868184775002
0,-0.62,0.6600000000000001,2.5,0.030369838490634026
0,-0.62,0.6799999999999999,2.5,0.027113931936006815
0,-0.62,0.7,2.5,0.02413921794624609
0,-0.62,0.72,2.5,0.021424332230057522
0,-0.62,0.74,2.5,0.018948373218737755
0,-0.62,0.76,2.5,0.016690963431380677
0,-0.62,0.78,2.5,0.014632290967275542
0,-0.62,0.8,2.5,0.012753132723144423
0,-0.62,0.8200000000000001,2.5,0.011034860954815701
0,-0.62,0.8400000000000001,2.5,0.009459434795735045
0,-0.62,0.8600000000000001,2.5,0.008009378316307325
0,-0.62,0.8800000000000001,2.5,0.006667746665672185
0,-0.62,0.9000000000000001,2.5,0.0054180817874246254
0,-0.62,0.9199999999999999,2.5,0.0042443591481812724
0,-0.62,0.94,2.5,0.003130926866796531
0,-0.62,0.96,2.5,0.0020624385853762113
0,-0.62,0.98,2.5,0.0010237813829613533
0,-0.62,1.0,2.5,0.0
0,-0.6,-1.0,2.5,0.0
0,-0.6,-0.98,2.5,0.023987046169204936
0,-0.6,-0.96,2.5,0.0479357790383016
0,-0.6,-0.94,2.5,0.07180798113359413
0,-0.6,-0.92,2.5,0.09556560658221
0,-0.6,-0.9,2.5,0.11917081864486626
0,-0.6,-0.88,2.5,0.14258597438409099
0,-0.6,-0.86,2.5,0.16577354681491324
0,-0.6,-0.84,2.5,0.18869598084153535
0,-0.6,-0.8200000000000001,2.5,0.2113154857327417
0,-0.6,-0.8,2.5,0.23359377330399497
0,-0.6,-0.78,2.5,0.25549175684164815
0,-0.6,-0.76,2.5,0.2769692306671344
0,-0.6,-0.74,2.5,0.2979845537317085
0,-0.6,-0.72,2.5,0.31849436250958035
0,-0.6,-0.7,2.5,0.33845333860664517
0,-0.6,-0.6799999999999999,2.5,0.35781405494592994
0,-0.6,-0.6599999999999999,2.5,0.3765269212767225
0,-0.6,-0.64,2.5,0.39454024533421317
0,-0.6,-0.62,2.5,0.4118004205799248
0,-0.6,-0.6,2.5,0.4282522454558448
0,-0.6,-0.5800000000000001,2.5,0.4438393728764674
0,-0.6,-0.56,2.5,0.458504882636286
0,-0.6,-0.54,2.5,0.47219196385756296
0,-0.6,-0.52,2.5,0.4848446898159161
0,-0.6,-0.5,2.5,0.4964088636585084
0,-0.6,-0.48,2.5,0.5068329107936237
0,-0.6,-0.45999999999999996,2.5,0.5160687921282368
0,-0.6,-0.43999999999999995,2.5,0.5240729118412426
0,-0.6,-0.42000000000000004,2.5,0.5308069939270696
0,-0.6,-0.4,2.5,0.5362389032071656
0,-0.6,-0.38,2.5,0.5403433887360203
0,-0.6,-0.36,2.5,0.5431027303594773
0,-0.6,-0.33999999999999997,2.5,0.5445072724481577
0,-0.6,-0.31999999999999995,2.5,0.5445558323665838
0,-0.6,-0.29999999999999993,2.5,0.5432559749012649
0,-0.6,-0.28,2.5,0.5406241475293055
0,-0.6,-0.26,2.5,0.536685674954224
0,-0.6,-0.24,2.5,0.531474614679963
0,-0.6,-0.21999999999999997,2.5,0.525033478469778
0,-0.6,-0.19999999999999996,2.5,0.5174128272940346
0,-0.6,-0.17999999999999994,2.5,0.5086707497756632
0,-0.6,-0.16000000000000003,2.5,0.4988722361727013
0,-0.6,-0.14,2.5,0.48808846158310315
0,-0.6,-0.12,2.5,0.4763959933153107
0,-0.6,-0.09999999999999998,2.5,0.4638759382432721
0,-0.6,-0.07999999999999996,2.5,0.45061304646659106
0,-0.6,-0.05999999999999994,2.5,0.4366947877400456
0,-0.6,-0.040000000000000036,2.5,0.422210416940943
0,-0.6,-0.020000000000000018,2.5,0.4072500443308184
0,-0.6,0.0,2.5,0.39190372556686004
0,-0.6,0.020000000000000018,2.5,0.3762605853587851
0,-0.6,0.040000000000000036,2.5,0.36040798738269725
0,-0.6,0.06000000000000005,2.5,0.34443076159168323
0,-0.6,0.08000000000000007,2.5,0.32841049844287856
0,-0.6,0.10000000000000009,2.5,0.3124249178334888
0,-0.6,0.1200000000000001,2.5,0.2965473187456686
0,-0.6,0.14000000000000012,2.5,0.2808461137840535
0,-0.6,0.15999999999999992,2.5,0.26538445099088415
0,-0.6,0.17999999999999994,2.5,0.2502199235807926
0,-0.6,0.19999999999999996,2.5,0.23540436658619274
0,-0.6,0.21999999999999997,2.5,0.2209837378767829
0,-0.6,0.24,2.5,0.20699807964026212
0,-0.6,0.26,2.5,0.19348155520823523
0,-0.6,0.28,2.5,0.18046255509807202
0,-0.6,0.30000000000000004,2.5,0.1679638653291085
0,-0.6,0.32000000000000006,2.5,0.1560028904651289
0,-0.6,0.3400000000000001,2.5,0.14459192343400737
0,-0.6,0.3600000000000001,2.5,0.13373845397386686
0,-0.6,0.3800000000000001,2.5,0.12344550754245412
0,-0.6,0.40000000000000013,2.5,0.11371200668772262
0,-0.6,0.41999999999999993,2.5,0.10453314719442831
0,-0.6,0.43999999999999995,2.5,0.09590078177270252
0,-0.6,0.45999999999999996,2.5,0.08780380461695107
0,-0.6,0.48,2.5,0.08022853081280445
0,-0.6,0.5,2.5,0.07315906528165608
0,-0.6,0.52,2.5,0.06657765670247184
0,-0.6,0.54,2.5,0.06046503261605288
0,-0.6,0.56,2.5,0.054800712676580494
0,-0.6,0.5800000000000001,2.5,0.04956329775010861
0,-0.6,0.6000000000000001,2.5,0.044730733253439736
0,-0.6,0.6200000000000001,2.5,0.040280545766241765
0,-0.6,0.6400000000000001,2.5,0.036190052524216774
0,-0.6,0.6600000000000001,2.5,0.03243654390472438
0,-0.6,0.6799999999999999,2.5,0.02899743944476807
0,-0.6,0.7,2.5,0.025850418283943803
0,-0.6,0.72,2.5,0.022973525203832983
0,-0.6,0.74,2.5,0.020345253644765256
0,-0.6,0.76,2.5,0.017944607227187107
0,-0.6,0.78,2.5,0.015751141395798796
0,-0.6,0.8,2.5,0.013744986848849318
0,-0.6,0.8200000000000001,2.5,0.011906856421603468
0,-0.6,0.8400000000000001,2.5,0.010218037071046064
0,-0.6,0.8600000000000001,2.5,0.008660368566886338
0,-0.6,0.8800000000000001,2.5,0.007216210439533747
0,-0.6,0.9000000000000001,2.5,0.005868398675480443
0,-0.6,0.9199999999999999,2.5,0.004600193589726402
0,-0.6,0.94,2.5,0.0033952202475016416
0,-0.6,0.96,2.5,0.0022374027563254175
0,-0.6,0.98,2.5,0.0011108937060708777
0,-0.6,1.0,2.5,0.0
0,-0.5800000000000001,-1.0,2.5,0.0
0,-0.5800000000000001,-0.98,2.5,0.0248584790257965
0,-0.5800000000000001,-0.96,2.5,0.04967726656435253
0,-0.5800000000000001,-0.94,2.5,0.07441677082361511
0,-0.5800000000000001,-0.92,2.5,0.09903757862495906
0,-0.5800000000000001,-0.9,2.5,0.12350049469732695
0,-0.5800000000000001,-0.88,2.5,0.14776652619599187
0,-0.5800000000000001,-0.86,2.5,0.1717968024444731
0,-0.5800000000000001,-0.84,2.5,0.1955524260701545
0,-0.5800000000000001,-0.8200000000000001,2.5,0.2189942583866166
0,-0.5800000000000001,-0.8,2.5,0.24208264852267167
0,-0.5800000000000001,-0.78,2.5,0.26477712187727626
0,-0.5800000000000001,-0.76,2.5,0.2870360485169505
0,-0.5800000000000001,-0.74,2.5,0.3088163157501682
0,-0.5800000000000001,-0.72,2.5,0.3300730310567607
0,-0.5800000000000001,-0.7,2.5,0.3507592817031953
0,-0.5800000000000001,-0.6799999999999999,2.5,0.3708259757599606
0,-0.5800000000000001,-0.6599999999999999,2.5,0.39022178600799884
0,-0.5800000000000001,-0.64,2.5,0.4088932136384661
0,-0.5800000000000001,-0.62,2.5,0.4267847830557035
0,-0.5800000000000001,-0.6,2.5,0.4438393728764674
0,-0.5800000000000001,-0.5800000000000001,2.5,0.4599986817829458
0,-0.5800000000000001,-0.56,2.5,0.475203821619861
0,-0.5800000000000001,-0.54,2.5,0.48939602437117247
0,-0.5800000000000001,-0.52,2.5,0.5025174446909049
0,-0.5800000000000001,-0.5,2.5,0.5145120357019634
0,-0.5800000000000001,-0.48,2.5,0.525326472943114
0,-0.5800000000000001,-0.45999999999999996,2.5,0.5349110996865538
0,-0.5800000000000001,-0.43999999999999995,2.5,0.5432208663453274
0,-0.5800000000000001,-0.42000000000000004,2.5,0.5502162372612837
0,-0.5800000000000001,-0.4,2.5,0.5558640396856388
0,-0.5800000000000001,-0.38,2.5,0.5601382320807788
0,-0.5800000000000001,-0.36,2.5,0.563020571813107
0,-0.5800000000000001,-0.33999999999999997,2.5,0.5645011656984218
0,-0.5800000000000001,-0.31999999999999995,2.5,0.5645788905361325
0,-0.5800000000000001,-0.29999999999999993,2.5,0.5632616745732479
0,-0.5800000000000001,-0.28,2.5,0.5605666346392725
0,-0.5800000000000001,-0.26,2.5,0.5565200673758334
0,-0.5800000000000001,-0.24,2.5,0.55115729645894
0,-0.5800000000000001,-0.21999999999999997,2.5,0.5445223809066041
0,-0.5800000000000001,-0.19999999999999996,2.5,0.5366676924282523
0,-0.5800000000000001,-0.17999999999999994,2.5,0.5276533722690406
0,-0.5800000000000001,-0.16000000000000003,2.5,0.5175466801093423
0,-0.5800000000000001,-0.14,2.5,0.5064212492857066
0,-0.5800000000000001,-0.12,2.5,0.4943562639016685
0,-0.5800000000000001,-0.09999999999999998,2.5,0.4814355742991916
0,-0.5800000000000001,-0.07999999999999996,2.5,0.4677467678744486
0,-0.5800000000000001,-0.05999999999999994,2.5,0.4533802123603582
0,-0.5800000000000001,-0.040000000000000036,2.5,0.43842808848271475
0,-0.5800000000000001,-0.020000000000000018,2.5,0.4229834283510331
0,-0.5800000000000001,0.0,2.5,0.40713917509769343
0,-0.5800000000000001,0.020000000000000018,2.5,0.3909872781617713
0,-0.5800000000000001,0.040000000000000036,2.5,0.3746178372627919
0,-0.5800000000000001,0.06000000000000005,2.5,0.3581183065634463
0,-0.5800000000000001,0.08000000000000007,2.5,0.3415727688204377
0,-0.5800000000000001,0.10000000000000009,2.5,0.3250612875123115
0,-0.5800000000000001,0.1200000000000001,2.5,0.30865934305644177
0,-0.5800000000000001,0.14000000000000012,2.5,0.29243735732835474
0,-0.5800000000000001,0.15999999999999992,2.5,0.27646030881814004
0,-0.5800000000000001,0.17999999999999994,2.5,0.2607874389415837
0,-0.5800000000000001,0.19999999999999996,2.5,0.24547204830540525
0,-0.5800000000000001,0.21999999999999997,2.5,0.23056138014005262
0,-0.5800000000000001,0.24,2.5,0.21609658668853307
0,-0.5800000000000001,0.26,2.5,0.20211277309883544
0,-0.5800000000000001,0.28,2.5,0.18863911232786348
0,-0.5800000000000001,0.30000000000000004,2.5,0.1756990237375226
0,-0.5800000000000001,0.32000000000000006,2.5,0.16331040745360798
0,-0.5800000000000001,0.3400000000000001,2.5,0.15148592616437492
0,-0.5800000000000001,0.3600000000000001,2.5,0.14023332585142725
0,-0.5800000000000001,0.3800000000000001,2.5,0.1295557869590525
0,-0.5800000000000001,0.40000000000000013,2.5,0.11945229770310219
0,-0.5800000000000001,0.41999999999999993,2.5,0.10991804157700859
0,-0.5800000000000001,0.43999999999999995,2.5,0.10094479160773649
0,-0.5800000000000001,0.45999999999999996,2.5,0.09252130452358272
0,-0.5800000000000001,0.48,2.5,0.08463370869283349
0,-0.5800000000000001,0.5,2.5,0.0772658804512046
0,-0.5800000000000001,0.52,2.5,0.07039980423111547
0,-0.5800000000000001,0.54,2.5,0.06401591271287002
0,-0.5800000000000001,0.56,2.5,0.05809340401439905
0,-0.5800000000000001,0.5800000000000001,2.5,0.05261053370251098
0,-0.5800000000000001,0.6000000000000001,2.5,0.04754488012770458
0,-0.5800000000000001,0.6200000000000001,2.5,0.0428735822428659
0,-0.5800000000000001,0.6400000000000001,2.5,0.03857354965338718
0,-0.5800000000000001,0.6600000000000001,2.5,0.034621645155673064
0,-0.5800000000000001,0.6799999999999999,2.5,0.030994840449314606
0,-0.5800000000000001,0.7,2.5,0.02767034605530287
0,-0.5800000000000001,0.72,2.5,0.024625716741309787
0,-0.5800000000000001,0.74,2.5,0.02183893395057558
0,-0.5800000000000001,0.76,2.5,0.019288466860603468
0,-0.5800000000000001,0.78,2.5,0.016953313770449816
0,-0.5800000000000001,0.8,2.5,0.014813025540582484
0,-0.5800000000000001,0.8200000000000001,2.5,0.012847712797076142
0,-0.5800000000000001,0.8400000000000001,2.5,0.011038038572136949
0,-0.5800000000000001,0.8600000000000001,2.5,0.009365197994753882
0,-0.5800000000000001,0.8800000000000001,2.5,0.0078108865767693835
0,-0.5800000000000001,0.9000000000000001,2.5,0.0063572585676483955
0,-0.5800000000000001,0.9199999999999999,2.5,0.004986876781048123
0,-0.5800000000000001,0.94,2.5,0.0036826552318253575
0,-0.5800000000000001,0.96,2.5,0.002427795865868623
0,-0.5800000000000001,0.98,2.5,0.001205720618441077
0,-0.5800000000000001,1.0,2.5,0.0
0,-0.56,-1.0,2.5,0.0
0,-0.56,-0.98,2.5,0.02567795837878429
0,-0.56,-0.96,2.5,0.051314932868466105
0,-0.56,-0.94,2.5,0.0768700430156346
0,-0.56,-0.92,2.5,0.10230259378051543
0,-0.56,-0.9,2.5,0.12757211659257206
0,-0.56,-0.88,2.5,0.15263835383636407
0,-0.56,-0.86,2.5,0.17746117643906054
0,-0.56,-0.84,2.5,0.20200043060547415
0,-0.56,-0.8200000000000001,2.5,0.22621571664796916
0,-0.56,-0.8,2.5,0.25006610972320814
0,-0.56,-0.78,2.5,0.27350983856558764
0,-0.56,-0.76,2.5,0.2965039435088288
0,-0.56,-0.74,2.5,0.3190039388222182
0,-0.56,-0.72,2.5,0.3409635063934379
0,-0.56,-0.7,2.5,0.3623342479454639
0,-0.56,-0.6799999999999999,2.5,0.38306552130480626
0,-0.56,-0.6599999999999999,2.5,0.403104382900255
0,-0.56,-0.64,2.5,0.42239565393530554
0,-0.56,-0.62,2.5,0.4408821218964986
0,-0.56,-0.6,2.5,0.458504882636286
0,-0.56,-0.5800000000000001,2.5,0.475203821619861
0,-0.56,-0.56,2.5,0.49091822645054967
0,-0.56,-0.54,2.5,0.5055875168434191
0,-0.56,-0.52,2.5,0.519152073092525
0,-0.56,-0.5,2.5,0.5315541399870785
0,-0.56,-0.48,2.5,0.5427387802067601
0,-0.56,-0.45999999999999996,2.5,0.5526548495170718
0,-0.56,-0.43999999999999995,2.5,0.5612559655699965
0,-0.56,-0.42000000000000004,2.5,0.5685014427108048
0,-0.56,-0.4,2.5,0.5743571667697709
0,-0.56,-0.38,2.5,0.5787963862179927
0,-0.56,-0.36,2.5,0.5818003991131283
0,-0.56,-0.33999999999999997,2.5,0.5833591187737036
0,-0.56,-0.31999999999999995,2.5,0.5834715049266067
0,-0.56,-0.29999999999999993,2.5,0.5821458510128662
0,-0.56,-0.28,2.5,0.5793999222727926
0,-0.56,-0.26,2.5,0.5752609430459744
0,-0.56,-0.24,2.5,0.5697654353198898
0,-0.56,-0.21999999999999997,2.5,0.5629589138697173
0,-0.56,-0.19999999999999996,2.5,0.5548954462972776
0,-0.56,-0.17999999999999994,2.5,0.5456370888614066
0,-0.56,-0.16000000000000003,2.5,0.535253211171854
0,-0.56,-0.14,2.5,0.5238197245816476
0,-0.56,-0.12,2.5,0.511418230455585
0,-0.56,-0.09999999999999998,2.5,0.49813510541929
0,-0.56,-0.07999999999999996,2.5,0.4840605412145491
0,-0.56,-0.05999999999999994,2.5,0.4692875569181377
0,-0.56,-0.040000000000000036,2.5,0.453911001043785
0,-0.56,-0.020000000000000018,2.5,0.43802656046546773
0,-0.56,0.0,2.5,0.42172979220447543
0,-0.56,0.020000000000000018,2.5,0.40511519294633974
0,-0.56,0.040000000000000036,2.5,0.3882753197342633
0,-0.56,0.06000000000000005,2.5,0.3712999736639526
0,-0.56,0.08000000000000007,2.5,0.35427545662426846
0,-0.56,0.10000000000000009,2.5,0.33728390923430457
0,-0.56,0.1200000000000001,2.5,0.3204027361667418
0,-0.56,0.14000000000000012,2.5,0.30370412306590994
0,-0.56,0.15999999999999992,2.5,0.287254647311988
0,-0.56,0.17999999999999994,2.5,0.2711149829929468
0,-0.56,0.19999999999999996,2.5,0.2553396986625683
0,-0.56,0.21999999999999997,2.5,0.23997714482116772
0,-0.56,0.24,2.5,0.22506942658535198
0,-0.56,0.26,2.5,0.21065245573826144
0,-0.56,0.28,2.5,0.19675607528998598
0,-0.56,0.30000000000000004,2.5,0.1834042488404196
0,-0.56,0.32000000000000006,2.5,0.17061530642837322
0,-0.56,0.3400000000000001,2.5,0.1584022381696244
0,-0.56,0.3600000000000001,2.5,0.14677302682507967
0,-0.56,0.3800000000000001,2.5,0.13573101048534056
0,-0.56,0.40000000000000013,2.5,0.12527526679194256
0,-0.56,0.41999999999999993,2.5,0.11540101051678371
0,-0.56,0.43999999999999995,2.5,0.10609999686519292
0,-0.56,0.45999999999999996,2.5,0.09736092352808574
0,-0.56,0.48,2.5,0.08916982525700261
0,-0.56,0.5,2.5,0.0815104555446444
0,-0.56,0.52,2.5,0.07436465083562162
0,-0.56,0.54,2.5,0.06771267354182643
0,-0.56,0.56,2.5,0.06153353097061649
0,-0.56,0.5800000000000001,2.5,0.055805268071128504
0,-0.56,0.6000000000000001,2.5,0.05050523264700569
0,-0.56,0.6200000000000001,2.5,0.045610312358660816
0,-0.56,0.6400000000000001,2.5,0.04109714343466384
0,-0.56,0.6600000000000001,2.5,0.03694229152346888
0,-0.56,0.6799999999999999,2.5,0.03312240554067235
0,-0.56,0.7,2.5,0.029614345703955894
0,-0.56,0.72,2.5,0.02639528720153404
0,-0.56,0.74,2.5,0.023442801116646116
0,-0.56,0.76,2.5,0.020734914338840647
0,-0.56,0.78,2.5,0.018250150242425524
0,-0.56,0.8,2.5,0.015967551914283933
0,-0.56,0.8200000000000001,2.5,0.01386668967831019
0,-0.56,0.8400000000000001,2.5,0.011927654602682762
0,-0.56,0.8600000000000001,2.5,0.010131039598895919
0,-0.56,0.8800000000000001,2.5,0.008457909636490573
0,-0.56,0.9000000000000001,2.5,0.006889762511804114
0,-0.56,0.9199999999999999,2.5,0.00540848152817029
0,-0.56,0.94,2.5,0.00399628137255347
0,-0.56,0.96,2.5,0.002635648411778141
0,-0.56,0.98,2.5,0.0013092765812189415
0,-0.56,1.0,2.5,0.0
0,-0.54,-1.0,2.5,0.0
0,-0.54,-0.98,2.5,0.026442265137356414
0,-0.54,-0.96,2.5,0.05284234522289582
0,-0.54,-0.94,2.5,0.07915816224871391
0,-0.54,-0.92,2.5,0.10534783020310023
0,-0.54,-0.9,2.5,0.13136969789172948
0,-0.54,-0.88,2.5,0.15718233351851774
0,-0.54,-0.86,2.5,0.18274444039311086
0,-0.54,-0.84,2.5,0.20801469969498454
0,-0.54,-0.8200000000000001,2.5,0.2329515433295803
0,-0.54,-0.8,2.5,0.2575128669790974
0,-0.54,-0.78,2.5,0.2816556999133238
0,-0.54,-0.76,2.5,0.3053358534801189
0,-0.54,-0.74,2.5,0.3285075740389395
0,-0.54,-0.72,2.5,0.351123228163376
0,-0.54,-0.7,2.5,0.37313304809613
0,-0.54,-0.6799999999999999,2.5,0.39448496371719716
0,-0.54,-0.6599999999999999,2.5,0.4151245438458146
0,-0.54,-0.64,2.5,0.4349950648171166
0,-0.54,-0.62,2.5,0.4540377183189814
0,-0.54,-0.6,2.5,0.47219196385756296
0,-0.54,-0.5800000000000001,2.5,0.48939602437117247
0,-0.54,-0.56,2.5,0.5055875168434191
0,-0.54,-0.54,2.5,0.5207042036441272
0,-0.54,-0.52,2.5,0.5346848450501099
0,-0.54,-0.5,2.5,0.5474701291872841
0,-0.54,-0.48,2.5,0.5590036526258808
0,-0.54,-0.45999999999999996,2.5,0.5692329231038362
0,-0.54,-0.43999999999999995,2.5,0.5781103553273411
0,-0.54,-0.42000000000000004,2.5,0.5855942314169693
0,-0.54,-0.4,2.5,0.5916495992001628
0,-0.54,-0.38,2.5,0.5962490840314825
0,-0.54,-0.36,2.5,0.5993735929692252
0,-0.54,-0.33999999999999997,2.5,0.6010128937653183
0,-0.54,-0.31999999999999995,2.5,0.6011660550563117
0,-0.54,-0.29999999999999993,2.5,0.5998417382132022
0,-0.54,-0.28,2.5,0.597058335373237
0,-0.54,-0.26,2.5,0.5928439521168153
0,-0.54,-0.24,2.5,0.5872362369692419
0,-0.54,-0.21999999999999997,2.5,0.580282063324533
0,-0.54,-0.19999999999999996,2.5,0.5720370724505113
0,-0.54,-0.17999999999999994,2.5,0.5625650889020072
0,-0.54,-0.16000000000000003,2.5,0.5519374219173573
0,-0.54,-0.14,2.5,0.540232068189372
0,-0.54,-0.12,2.5,0.5275328327819819
0,-0.54,-0.09999999999999998,2.5,0.5139283859118566
0,-0.54,-0.07999999999999996,2.5,0.4995112738410999
0,-0.54,-0.05999999999999994,2.5,0.4843769022488104
0,-0.54,-0.040000000000000036,2.5,0.4686225101872985
0,-0.54,-0.020000000000000018,2.5,0.45234615210929036
0,-0.54,0.0,2.5,0.43564570450640167
0,-0.54,0.020000000000000018,2.5,0.41861791246177765
0,-0.54,0.040000000000000036,2.5,0.40135748993036274
0,-0.54,0.06000000000000005,2.5,0.38395628586163116
0,-0.54,0.08000000000000007,2.5,0.3665025264174545
0,-0.54,0.10000000000000009,2.5,0.34908014155984646
0,-0.54,0.1200000000000001,2.5,0.33176818223829074
0,-0.54,0.14000000000000012,2.5,0.3146403323428615
0,-0.54,0.15999999999999992,2.5,0.2977645175546699
0,-0.54,0.17999999999999994,2.5,0.2812026112641681
0,-0.54,0.19999999999999996,2.5,0.2650102358817242
0,-0.54,0.21999999999999997,2.5,0.24923665617022844
0,-0.54,0.24,2.5,0.23392475971737117
0,-0.54,0.26,2.5,0.21911111836049182
0,-0.54,0.28,2.5,0.2048261232977161
0,-0.54,0.30000000000000004,2.5,0.1910941857767059
0,-0.54,0.32000000000000006,2.5,0.1779339946510496
0,-0.54,0.3400000000000001,2.5,0.1653588217316911
0,-0.54,0.3600000000000001,2.5,0.15337686572809467
0,-0.54,0.3800000000000001,2.5,0.14199162565664417
0,-0.54,0.40000000000000013,2.5,0.1312022948727192
0,-0.54,0.41999999999999993,2.5,0.12100416733456167
0,-0.54,0.43999999999999995,2.5,0.11138904830494846
0,-0.54,0.45999999999999996,2.5,0.10234566241225179
0,-0.54,0.48,2.5,0.09386005279605276
0,-0.54,0.5,2.5,0.08591596592438694
0,-0.54,0.52,2.5,0.07849521756108081
0,-0.54,0.54,2.5,0.07157803625535569
0,-0.54,0.56,2.5,0.06514338159722857
0,-0.54,0.5800000000000001,2.5,0.05916923530959497
0,-0.54,0.6000000000000001,2.5,0.05363286401314027
0,-0.54,0.6200000000000001,2.5,0.04851105318916552
0,-0.54,0.6400000000000001,2.5,0.043780312467851044
0,-0.54,0.6600000000000001,2.5,0.03941705287931658
0,-0.54,0.6799999999999999,2.5,0.03539773711990962
0,-0.54,0.7,2.5,0.03169900420799302
0,-0.54,0.72,2.5,0.028297770136911753
0,-0.54,0.74,2.5,0.02517130628537224
0,-0.54,0.76,2.5,0.022297297426896262
0,-0.54,0.78,2.5,0.01965388120154893
0,-0.54,0.8,2.5,0.017219670886815617
0,-0.54,0.8200000000000001,2.5,0.014973763242467604
0,-0.54,0.8400000000000001,2.5,0.012895733118140924
0,-0.54,0.8600000000000001,2.5,0.010965616412719386
0,-0.54,0.8800000000000001,2.5,0.009163882870524425
0,-0.54,0.9000000000000001,2.5,0.007471400098045508
0,-0.54,0.9199999999999999,2.5,0.005869390091855304
0,-0.54,0.94,2.5,0.0043393794869215335
0,-0.54,0.96,2.5,0.002863144666526628
0,-0.54,0.98,2.5,0.001422652820817149
0,-0.54,1.0,2.5,0.0
0,-0.52,-1.0,2.5,0.0
0,-0.52,-0.98,2.5,0.027148227612121423
0,-0.52,-0.96,2.5,0.054253165644906766
0,-0.52,-0.94,2.5,0.0812716350355552
0,-0.52,-0.92,2.5,0.10816065507846848
0,-0.52,-0.9,2.5,0.13487748802079597
0,-0.52,-0.88,2.5,0.16137962387804342
0,-0.52,-0.86,2.5,0.187624694556309
0,-0.52,-0.84,2.5,0.2135703131045634
0,-0.52,-0.8200000000000001,2.5,0.23917384121383342
0,-0.52,-0.8,2.5,0.2643920953340125
0,-0.52,-0.78,2.5,0.289181008412026
0,-0.52,-0.76,2.5,0.3134952697496815
0,-0.52,-0.74,2.5,0.337287969423145
0,-0.52,-0.72,2.5,0.36051027582062306
0,-0.52,-0.7,2.5,0.38311117501338476
0,-0.52,-0.6799999999999999,2.5,0.4050372989033976
0,-0.52,-0.6599999999999999,2.5,0.42623286555561407
0,-0.52,-0.64,2.5,0.4466397501099829
0,-0.52,-0.62,2.5,0.46619769855093224
0,-0.52,-0.6,2.5,0.4848446898159161
0,-0.52,-0.5800000000000001,2.5,0.5025174446909049
0,-0.52,-0.56,2.5,0.519152073092525
0,-0.52,-0.54,2.5,0.5346848450501099
0,-0.52,-0.52,2.5,0.5490530652839971
0,-0.52,-0.5,2.5,0.5621960269548996
0,-0.52,-0.48,2.5,0.5740560170718307
0,-0.52,-0.45999999999999996,2.5,0.5845793442466632
0,-0.52,-0.43999999999999995,2.5,0.59371735894884
0,-0.52,-0.42000000000000004,2.5,0.6014274370569073
0,-0.52,-0.4,2.5,0.6076738991881321
0,-0.52,-0.38,2.5,0.6124288408444886
0,-0.52,-0.36,2.5,0.6156728516559942
0,-0.52,-0.33999999999999997,2.5,0.6173956057402323
0,-0.52,-0.31999999999999995,2.5,0.6175963092462694
0,-0.52,-0.29999999999999993,2.5,0.6162839953438796
0,-0.52,-0.28,2.5,0.6134776611071847
0,-0.52,-0.26,2.5,0.6092062448009008
0,-0.52,-0.24,2.5,0.6035084459063905
0,-0.52,-0.21999999999999997,2.5,0.5964323937451014
0,-0.52,-0.19999999999999996,2.5,0.5880351737105883
0,-0.52,-0.17999999999999994,2.5,0.5783822228664016
0,-0.52,-0.16000000000000003,2.5,0.5675466089798028
0,-0.52,-0.14,2.5,0.5556082089265372
0,-0.52,-0.12,2.5,0.5426528038156524
0,-0.52,-0.09999999999999998,2.5,0.5287711091495133
0,-0.52,-0.07999999999999996,2.5,0.5140577588634142
0,-0.52,-0.05999999999999994,2.5,0.4986102621981895
0,-0.52,-0.040000000000000036,2.5,0.48252795207009397
0,-0.52,-0.020000000000000018,2.5,0.46591094294218255
0,-0.52,0.0,2.5,0.44885911520267696
0,-0.52,0.020000000000000018,2.5,0.4314711417551735
0,-0.52,0.040000000000000036,2.5,0.4138435709641642
0,-0.52,0.06000000000000005,2.5,0.3960699783221217
0,-0.52,0.08000000000000007,2.5,0.37824019725924335
0,-0.52,0.10000000000000009,2.5,0.3604396374539821
0,-0.52,0.1200000000000001,2.5,0.3427486968727775
0,-0.52,0.14000000000000012,2.5,0.3252422716219844
0,-0.52,0.15999999999999992,2.5,0.3079893655834628
0,-0.52,0.17999999999999994,2.5,0.2910527997745939
0,-0.52,0.19999999999999996,2.5,0.2744890194667521
0,-0.52,0.21999999999999997,2.5,0.25834799535162084
0,-0.52,0.24,2.5,0.24267321349450233
0,-0.52,0.26,2.5,0.2275017474835905
0,-0.52,0.28,2.5,0.21286440509263654
0,-0.52,0.30000000000000004,2.5,0.19878594093272645
0,-0.52,0.32000000000000006,2.5,0.18528532598086575
0,-0.52,0.3400000000000001,2.5,0.17237606453541174
0,-0.52,0.3600000000000001,2.5,0.16006654905116374
0,-0.52,0.3800000000000001,2.5,0.14836044343413501
0,-0.52,0.40000000000000013,2.5,0.13725708570652656
0,-0.52,0.41999999999999993,2.5,0.12675190146082893
0,-0.52,0.43999999999999995,2.5,0.11683682017970362
0,-0.52,0.45999999999999996,2.5,0.10750068727466332
0,-0.52,0.48,2.5,0.09872966555988058
0,-0.52,0.5,2.5,0.09050762079606224
0,-0.52,0.52,2.5,0.0828164868826187
0,-0.52,0.54,2.5,0.07563660721568131
0,-0.52,0.56,2.5,0.0689470496389459
0,-0.52,0.5800000000000001,2.5,0.06272589327131287
0,-0.52,0.6000000000000001,2.5,0.05695048628119473
0,-0.52,0.6200000000000001,2.5,0.051597674377747746
0,-0.52,0.6400000000000001,2.5,0.04664400039412771
0,-0.52,0.6600000000000001,2.5,0.042065875841557486
0,-0.52,0.6799999999999999,2.5,0.03783972571416333
0,-0.52,0.7,2.5,0.03394210812576869
0,-0.52,0.72,2.5,0.030349810567193807
0,-0.52,0.74,2.5,0.027039924695073374
0,-0.52,0.76,2.5,0.023989901611980887
0,-0.52,0.78,2.5,0.02117758958543721
0,-0.52,0.8,2.5,0.01858125609361079
0,-0.52,0.8200000000000001,2.5,0.016179595991584465
0,-0.52,0.8400000000000001,2.5,0.013951727476644134
0,-0.52,0.8600000000000001,2.5,0.011877177405491487
0,-0.52,0.8800000000000001,2.5,0.009935857390168222
0,-0.52,0.9000000000000001,2.5,0.008108031980299848
0,-0.52,0.9199999999999999,2.5,0.006374280132323143
0,-0.52,0.94,2.5,0.004715451074826141
0,-0.52,0.96,2.5,0.003112615604278273
0,-0.52,0.98,2.5,0.0015470137870097326
0,-0.52,1.0,2.5,0.0
0,-0.5,-1.0,2.5,0.0
0,-0.5,-0.98,2.5,0.027792769119740608
0,-0.5,-0.96,2.5,0.055541246028027326
0,-0.5,-0.94,2.5,0.08320125236448034
0,-0.5,-0.92,2.5,0.11072881426307188
0,-0.5,-0.9,2.5,0.13808020873603324
0,-0.5,-0.88,2.5,0.16521194887623614
0,-0.5,-0.86,2.5,0.19208069670952452
0,-0.5,-0.84,2.5,0.21864309942368101
0,-0.5,-0.8200000000000001,2.5,0.2448555521653415
0,-0.5,-0.8,2.5,0.2706738980199324
0,-0.5,-0.78,2.5,0.29605308257751933
0,-0.5,-0.76,2.5,0.3209467861095456
0,-0.5,-0.74,2.5,0.3453070604154372
0,-0.5,-0.72,2.5,0.3690839995594386
0,-0.5,-0.7,2.5,0.3922254738767502
0,-0.5,-0.6799999999999999,2.5,0.4146769548104191
0,-0.5,-0.6599999999999999,2.5,0.43638145451758015
0,-0.5,-0.64,2.5,0.4572795990481114
0,-0.5,-0.62,2.5,0.47730984763290096
0,-0.5,-0.6,2.5,0.4964088636585084
0,-0.5,-0.5800000000000001,2.5,0.5145120357019634
0,-0.5,-0.56,2.5,0.5315541399870785
0,-0.5,-0.54,2.5,0.5474701291872841
0,-0.5,-0.52,2.5,0.5621960269548996
0,-0.5,-0.5,2.5,0.5756699031343643
0,-0.5,-0.48,2.5,0.5878329014595134
0,-0.5,-0.45999999999999996,2.5,0.5986302896976281
0,-0.5,-0.43999999999999995,2.5,0.6080125016622557
0,-0.5,-0.42000000000000004,2.5,0.615936141183455
0,-0.5,-0.4,2.5,0.6223649198587556
0,-0.5,-0.38,2.5,0.6272705030375737
0,-0.5,-0.36,2.5,0.6306332418247911
0,-0.5,-0.33999999999999997,2.5,0.6324427727304399
0,-0.5,-0.31999999999999995,2.5,0.6326984707535985
0,-0.5,-0.29999999999999993,2.5,0.6314097459971592
0,-0.5,-0.28,2.5,0.6285961782142149
0,-0.5,-0.26,2.5,0.6242874878583973
0,-0.5,-0.24,2.5,0.6185233461455555
0,-0.5,-0.21999999999999997,2.5,0.6113530302516949
0,-0.5,-0.19999999999999996,2.5,0.602834933011905
0,-0.5,-0.17999999999999994,2.5,0.5930359393047314
0,-0.5,-0.16000000000000003,2.5,0.582030683678972
0,-0.5,-0.14,2.5,0.5699007056903511
0,-0.5,-0.12,2.5,0.556733520859257
0,-0.5,-0.09999999999999998,2.5,0.5426216261414383
0,-0.5,-0.07999999999999996,2.5,0.5276614593319583
0,-0.5,-0.05999999999999994,2.5,0.511952331915865
0,-0.5,-0.040000000000000036,2.5,0.49559535455975984
0,-0.5,-0.020000000000000018,2.5,0.4786923737349494
0,-0.5,0.0,2.5,0.46134493690869344
0,-0.5,0.020000000000000018,2.5,0.4436533023736311
0,-0.5,0.040000000000000036,2.5,0.4257155081498095
0,-0.5,0.06000000000000005,2.5,0.40762651253589693
0,-0.5,0.08000000000000007,2.5,0.38947741685636983
0,-0.5,0.10000000000000009,2.5,0.3713547788022428
0,-0.5,0.1200000000000001,2.5,0.35334002254788255
0,-0.5,0.14000000000000012,2.5,0.33550894959907585
0,-0.5,0.15999999999999992,2.5,0.31793135213980395
0,-0.5,0.17999999999999994,2.5,0.3006707285462294
0,-0.5,0.19999999999999996,2.5,0.2837840987712874
0,-0.5,0.21999999999999997,2.5,0.26732191551174483
0,-0.5,0.24,2.5,0.2513280654851341
0,-0.5,0.26,2.5,0.23583995379308054
0,-0.5,0.28,2.5,0.22088866324909734
0,-0.5,0.30000000000000004,2.5,0.20649917971402673
0,-0.5,0.32000000000000006,2.5,0.1926906739142062
0,-0.5,0.3400000000000001,2.5,0.1794768299118409
0,-0.5,0.3600000000000001,2.5,0.16686621034261634
0,-0.5,0.3800000000000001,2.5,0.1548626487145961
0,-0.5,0.40000000000000013,2.5,0.14346565945178882
0,-0.5,0.41999999999999993,2.5,0.13267085693787303
0,-0.5,0.43999999999999995,2.5,0.12247037553961848
0,-0.5,0.45999999999999996,2.5,0.11285328343253731
0,-0.5,0.48,2.5,0.10380598397934789
0,-0.5,0.5,2.5,0.09531259939118482
0,-0.5,0.52,2.5,0.08735533239967357
0,-0.5,0.54,2.5,0.07991480265474922
0,-0.5,0.56,2.5,0.07297035551123439
0,-0.5,0.5800000000000001,2.5,0.0665003417532528
0,-0.5,0.6000000000000001,2.5,0.060482367610355046
0,-0.5,0.6200000000000001,2.5,0.05489351512821846
0,-0.5,0.6400000000000001,2.5,0.049710533560172486
0,-0.5,0.6600000000000001,2.5,0.04491000293860887
0,-0.5,0.6799999999999999,2.5,0.040468471367147985
0,-0.5,0.7,2.5,0.036362567849061694
0,-0.5,0.72,2.5,0.03256909264242176
0,-0.5,0.74,2.5,0.02906508721832629
0,-0.5,0.76,2.5,0.02582788590823124
0,-0.5,0.78,2.5,0.0228351512742403
0,-0.5,0.8,2.5,0.020064895137166746
0,-0.5,0.8200000000000001,2.5,0.017495487066062534
0,-0.5,0.8400000000000001,2.5,0.015105651983533263
0,-0.5,0.8600000000000001,2.5,0.012874458385736457
0,-0.5,0.8800000000000001,2.5,0.010781298524603652
0,-0.5,0.9000000000000001,2.5,0.008805861760238863
0,-0.5,0.9199999999999999,2.5,0.006928102168820637
0,-0.5,0.94,2.5,0.005128201388461543
0,-0.5,0.96,2.5,0.0033865276030294565
0,-0.5,0.98,2.5,0.0016835915009130887
0,-0.5,1.0,2.5,0.0
0,-0.48,-1.0,2.5,0.0
0,-0.48,-0.98,2.5,0.028372958275986605
0,-0.48,-0.96,2.5,0.05670072864523301
0,-0.48,-0.94,2.5,0.08493824024700097
0,-0.48,-0.92,2.5,0.1130406326276789
0,-0.48,-0.9,2.5,0.1409633039329206
0,-0.48,-0.88,2.5,0.16866189666138567
0,-0.48,-0.86,2.5,0.19609220958302617
0,-0.48,-0.84,2.5,0.2232100314621849
0,-0.48,-0.8200000000000001,2.5,0.24997089984396467
0,-0.48,-0.8,2.5,0.27632979573838984
0,-0.48,-0.78,2.5,0.3022407919633335
0,-0.48,-0.76,2.5,0.3276566786432185
0,-0.48,-0.74,2.5,0.3525285934749937
0,-0.48,-0.72,2.5,0.3768056865754053
0,-0.48,-0.7,2.5,0.4004348498814562
0,-0.48,-0.6799999999999999,2.5,0.42336053921611944
0,-0.48,-0.6599999999999999,2.5,0.4455247134286576
0,-0.48,-0.64,2.5,0.4668669097720568
0,-0.48,-0.62,2.5,0.48732446827960996
0,-0.48,-0.6,2.5,0.5068329107936237
0,-0.48,-0.5800000000000001,2.5,0.525326472943114
0,-0.48,-0.56,2.5,0.5427387802067601
0,-0.48,-0.54,2.5,0.5590036526258808
0,-0.48,-0.52,2.5,0.5740560170718307
0,-0.48,-0.5,2.5,0.5878329014595134
0,-0.48,-0.48,2.5,0.6002744820790067
0,-0.48,-0.45999999999999996,2.5,0.6113251533471139
0,-0.48,-0.43999999999999995,2.5,0.6209345887360926
0,-0.48,-0.42000000000000004,2.5,0.6290587623269166
0,-0.48,-0.4,2.5,0.6356609022168052
0,-0.48,-0.38,2.5,0.6407123497086026
0,-0.48,-0.36,2.5,0.6441933016274389
0,-0.48,-0.33999999999999997,2.5,0.6460934170483522
0,-0.48,-0.31999999999999995,2.5,0.6464122739846233
0,-0.48,-0.29999999999999993,2.5,0.6451596660038196
0,-0.48,-0.28,2.5,0.6423557331514657
0,-0.48,-0.26,2.5,0.6380309258394596
0,-0.48,-0.24,2.5,0.6322258043910095
0,-0.48,-0.21999999999999997,2.5,0.6249906806425363
0,-0.48,-0.19999999999999996,2.5,0.6163851113234384
0,-0.48,-0.17999999999999994,2.5,0.6064772558229589
0,-0.48,-0.16000000000000003,2.5,0.5953431133811056
0,-0.48,-0.14,2.5,0.5830656566920023
0,-0.48,-0.12,2.5,0.5697338803777892
0,-0.48,-0.09999999999999998,2.5,0.5554417837827005
0,-0.48,-0.07999999999999996,2.5,0.5402873080609545
0,-0.48,-0.05999999999999994,2.5,0.5243712476059829
0,-0.48,-0.040000000000000036,2.5,0.5077961555157687
0,-0.48,-0.020000000000000018,2.5,0.49066526203891475
0,-0.48,0.0,2.5,0.4730814238333619
0,-0.48,0.020000000000000018,2.5,0.45514612043452407
0,-0.48,0.040000000000000036,2.5,0.43695851261698265
0,-0.48,0.06000000000000005,2.5,0.41861457539301855
0,-0.48,0.08000000000000007,2.5,0.40020631627482506
0,-0.48,0.10000000000000009,2.5,0.3818210871902556
0,-0.48,0.1200000000000001,2.5,0.36354099614067975
0,-0.48,0.14000000000000012,2.5,0.34544242237996353
0,-0.48,0.15999999999999992,2.5,0.32759563663018687
0,-0.48,0.17999999999999994,2.5,0.31006452568390624
0,-0.48,0.19999999999999996,2.5,0.2929064187215374
0,-0.48,0.21999999999999997,2.5,0.2761720108371994
0,-0.48,0.24,2.5,0.25990537765182825
0,-0.48,0.26,2.5,0.2441440735257756
0,-0.48,0.28,2.5,0.22891930478362912
0,-0.48,0.30000000000000004,2.5,0.21425616854250965
0,-0.48,0.32000000000000006,2.5,0.2001739471941443
0,-0.48,0.3400000000000001,2.5,0.18668644832517348
0,-0.48,0.3600000000000001,2.5,0.17380237985646563
0,-0.48,0.3800000000000001,2.5,0.16152575042111822
0,-0.48,0.40000000000000013,2.5,0.14985628545697852
0,-0.48,0.41999999999999993,2.5,0.1387898501330166
0,-0.48,0.43999999999999995,2.5,0.12831887102639908
0,-0.48,0.45999999999999996,2.5,0.11843274938320207
0,-0.48,0.48,2.5,0.10911825979403875
0,-0.48,0.5,2.5,0.1003599291604991
0,-0.48,0.52,2.5,0.09214039188472817
0,-0.48,0.54,2.5,0.08444071825076377
0,-0.48,0.56,2.5,0.07724071395389077
0,-0.48,0.5800000000000001,2.5,0.07051918964886733
0,-0.48,0.6000000000000001,2.5,0.06425420020975951
0,-0.48,0.6200000000000001,2.5,0.05842325410866045
0,-0.48,0.6400000000000001,2.5,0.053003493918357146
0,-0.48,0.6600000000000001,2.5,0.04797184942081056
0,-0.48,0.6799999999999999,2.5,0.04330516515985229
0,-0.48,0.7,2.5,0.03898030451800813
0,-0.48,0.72,2.5,0.034974232533027436
0,-0.48,0.74,2.5,0.031264079711915756
0,-0.48,0.76,2.5,0.02782718906380405
0,-0.48,0.78,2.5,0.024641148474053923
0,-0.48,0.8,2.5,0.021683810397322027
0,-0.48,0.8200000000000001,2.5,0.018933300673211535
0,-0.48,0.8400000000000001,2.5,0.016368018079710375
0,-0.48,0.8600000000000001,2.5,0.01396662604999825
0,-0.48,0.8800000000000001,2.5,0.011708037798078053
0,-0.48,0.9000000000000001,2.5,0.009571395935948917
0,-0.48,0.9199999999999999,2.5,0.007536047524724389
0,-0.48,0.94,2.5,0.005581515386527485
0,-0.48,0.96,2.5,0.0036874664131228375
0,-0.48,0.98,2.5,0.0018336775392054257
0,-0.48,1.0,2.5,0.0
0,-0.45999999999999996,-1.0,2.5,0.0
0,-0.45999999999999996,-0.98,2.5,0.02888606053560547
0,-0.45999999999999996,-0.96,2.5,0.05772614914307933
0,-0.45999999999999996,-0.94,2.5,0.08647441399515132
0,-0.45999999999999996,-0.92,2.5,0.11508521936154137
0,-0.45999999999999996,-0.9,2.5,0.1435131956356587
0,-0.45999999999999996,-0.88,2.5,0.17171322581702742
0,-0.45999999999999996,-0.86,2.5,0.19964035685156645
0,-0.45999999999999996,-0.84,2.5,0.2272496313943389
0,-0.45999999999999996,-0.8200000000000001,2.5,0.25449584331276043
0,-0.45999999999999996,-0.8,2.5,0.2813332279582625
0,-0.45999999999999996,-0.78,2.5,0.30771510528260526
0,-0.45999999999999996,-0.76,2.5,0.33359349971089297
0,-0.45999999999999996,-0.74,2.5,0.35891876486797053
0,-0.45999999999999996,-0.72,2.5,0.38363924349267736
0,-0.45999999999999996,-0.7,2.5,0.40770099303038515
0,-0.45999999999999996,-0.6799999999999999,2.5,0.4310476054959157
0,-0.45999999999999996,-0.6599999999999999,2.5,0.4536201464243974
0,-0.45999999999999996,-0.64,2.5,0.4753572323811903
0,-0.45999999999999996,-0.62,2.5,0.4961952599814247
0,-0.45999999999999996,-0.6,2.5,0.5160687921282368
0,-0.45999999999999996,-0.5800000000000001,2.5,0.5349110996865538
0,-0.45999999999999996,-0.56,2.5,0.5526548495170718
0,-0.45999999999999996,-0.54,2.5,0.5692329231038362
0,-0.45999999999999996,-0.52,2.5,0.5845793442466632
0,-0.45999999999999996,-0.5,2.5,0.5986302896976281
0,-0.45999999999999996,-0.48,2.5,0.6113251533471139
0,-0.45999999999999996,-0.45999999999999996,2.5,0.6226076326672292
0,-0.45999999999999996,-0.43999999999999995,2.5,0.6324268055745849
0,-0.45999999999999996,-0.42000000000000004,2.5,0.6407381665878826
0,-0.45999999999999996,-0.4,2.5,0.6475045929836426
0,-0.45999999999999996,-0.38,2.5,0.6526972144154816
0,-0.45999999999999996,-0.36,2.5,0.6562961629595956
0,-0.45999999999999996,-0.33999999999999997,2.5,0.6582911845778304
0,-0.45999999999999996,-0.31999999999999995,2.5,0.6586820973536363
0,-0.45999999999999996,-0.29999999999999993,2.5,0.6574790863748404
0,-0.45999999999999996,-0.28,2.5,0.6547028296516293
0,-0.45999999999999996,-0.26,2.5,0.6503844538339635
0,-0.45999999999999996,-0.24,2.5,0.6445653226202541
0,-0.45999999999999996,-0.21999999999999997,2.5,0.6372966645427766
0,-0.45999999999999996,-0.19999999999999996,2.5,0.6286390502107427
0,-0.45999999999999996,-0.17999999999999994,2.5,0.6186617320436587
0,-0.45999999999999996,-0.16000000000000003,2.5,0.6074418620057523
0,-0.45999999999999996,-0.14,2.5,0.5950636048401547
0,-0.45999999999999996,-0.12,2.5,0.5816171657931271
0,-0.45999999999999996,-0.09999999999999998,2.5,0.5671977528169757
0,-0.45999999999999996,-0.07999999999999996,2.5,0.5519044937560879
0,-0.45999999999999996,-0.05999999999999994,2.5,0.5358393290714162
0,-0.45999999999999996,-0.040000000000000036,2.5,0.5191059002688994
0,-0.45999999999999996,-0.020000000000000018,2.5,0.501808453396901
0,-0.45999999999999996,0.0,2.5,0.48405077580308126
0,-0.45999999999999996,0.020000000000000018,2.5,0.4659351828339153
0,-0.45999999999999996,0.040000000000000036,2.5,0.4475615693673822
0,-0.45999999999999996,0.06000000000000005,2.5,0.42902653904268107
0,-0.45999999999999996,0.08000000000000007,2.5,0.4104226218453455
0,-0.45999999999999996,0.10000000000000009,2.5,0.3918375883795197
0,-0.45999999999999996,0.1200000000000001,2.5,0.37335386677038773
0,-0.45999999999999996,0.14000000000000012,2.5,0.35504806574748354
0,-0.45999999999999996,0.15999999999999992,2.5,0.33699060512090584
0,-0.45999999999999996,0.17999999999999994,2.5,0.31924545263103177
0,-0.45999999999999996,0.19999999999999996,2.5,0.30186996407725436
0,-0.45999999999999996,0.21999999999999997,2.5,0.2849148217556156
0,-0.45999999999999996,0.24,2.5,0.26842406459490575
0,-0.45999999999999996,0.26,2.5,0.2524352020038267
0,-0.45999999999999996,0.28,2.5,0.23697940234755913
0,-0.45999999999999996,0.30000000000000004,2.5,0.22208174617108584
0,-0.45999999999999996,0.32000000000000006,2.5,0.20776153378061538
0,-0.45999999999999996,0.3400000000000001,2.5,0.19403263657667844
0,-0.45999999999999996,0.3600000000000001,2.5,0.18090388158823145
0,-0.45999999999999996,0.3800000000000001,2.5,0.16837945896469628
0,-0.45999999999999996,0.40000000000000013,2.5,0.15645934271456485
0,-0.45999999999999996,0.41999999999999993,2.5,0.14513971570247888
0,-0.45999999999999996,0.43999999999999995,2.5,0.13441339079554074
0,-0.45999999999999996,0.45999999999999996,2.5,0.12427022104588324
0,-0.45999999999999996,0.48,2.5,0.11469749287129612
0,-0.45999999999999996,0.5,2.5,0.10568029731060635
0,-0.45999999999999996,0.52,2.5,0.0972018755489293
0,-0.45999999999999996,0.54,2.5,0.08924393599611524
0,-0.45999999999999996,0.56,2.5,0.0817869412298055
0,-0.45999999999999996,0.5800000000000001,2.5,0.07481036405716109
0,-0.45999999999999996,0.6000000000000001,2.5,0.06829291278639298
0,-0.45999999999999996,0.6200000000000001,2.5,0.062212726516085004
0,-0.45999999999999996,0.6400000000000001,2.5,0.05654754183803164
0,-0.45999999999999996,0.6600000000000001,2.5,0.05127483280459931
0,-0.45999999999999996,0.6799999999999999,2.5,0.04637192633648725
0,-0.45999999999999996,0.7,2.5,0.041816095448096696
0,-0.45999999999999996,0.72,2.5,0.03758463275659373
0,-0.45999999999999996,0.74,2.5,0.03365490673162124
0,-0.45999999999999996,0.76,2.5,0.03000440305236219
0,-0.45999999999999996,0.78,2.5,0.026610753285575592
0,-0.45999999999999996,0.8,2.5,0.023451752900983617
0,-0.45999999999999996,0.8200000000000001,2.5,0.02050537041701216
0,-0.45999999999999996,0.8400000000000001,2.5,0.01774974923685488
0,-0.45999999999999996,0.8600000000000001,2.5,0.015163203506300132
0,-0.45999999999999996,0.8800000000000001,2.5,0.012724209112014297
0,-0.45999999999999996,0.9000000000000001,2.5,0.010411390750094486
0,-0.45999999999999996,0.9199999999999999,2.5,0.008203505834507017
0,-0.45999999999999996,0.94,2.5,0.006079425885270274
0,-0.45999999999999996,0.96,2.5,0.004018115936042895
0,-0.45999999999999996,0.98,2.5,0.0019986124272611547
0,-0.45999999999999996,1.0,2.5,0.0
0,-0.43999999999999995,-1.0,2.5,0.0
0,-0.43999999999999995,-0.98,2.5,0.029329589508776118
0,-0.43999999999999995,-0.96,2.5,0.05861253908868859
0,-0.43999999999999995,-0.94,2.5,0.08780233182723118
0,-0.43999999999999995,-0.92,2.5,0.11685267237942276
0,-0.43999999999999995,-0.9,2.5,0.14571753886241864
0,-0.43999999999999995,-0.88,2.5,0.1743511702567098
0,-0.43999999999999995,-0.86,2.5,0.2027079775439913
0,-0.43999999999999995,-0.84,2.5,0.2307423740818574
0,-0.43999999999999995,-0.8200000000000001,2.5,0.2584085285849471
0,-0.43999999999999995,-0.8,2.5,0.285660051907056
0,-0.43999999999999995,-0.78,2.5,0.312449635971151
0,-0.43999999999999995,-0.76,2.5,0.3387286691152184
0,-0.43999999999999995,-0.74,2.5,0.36444685636588053
0,-0.43999999999999995,-0.72,2.5,0.389551875418673
0,-0.43999999999999995,-0.7,2.5,0.41398909925676525
0,-0.43999999999999995,-0.6799999999999999,2.5,0.43770141440687144
0,-0.43999999999999995,-0.6599999999999999,2.5,0.46062915999304027
0,-0.43999999999999995,-0.64,2.5,0.4827102073151366
0,-0.43999999999999995,-0.62,2.5,0.503880193053125
0,-0.43999999999999995,-0.6,2.5,0.5240729118412426
0,-0.43999999999999995,-0.5800000000000001,2.5,0.5432208663453274
0,-0.43999999999999995,-0.56,2.5,0.5612559655699965
0,-0.43999999999999995,-0.54,2.5,0.5781103553273411
0,-0.43999999999999995,-0.52,2.5,0.59371735894884
0,-0.43999999999999995,-0.5,2.5,0.6080125016622557
0,-0.43999999999999995,-0.48,2.5,0.6209345887360926
0,-0.43999999999999995,-0.45999999999999996,2.5,0.6324268055745849
0,-0.43999999999999995,-0.43999999999999995,2.5,0.6424378074017782
0,-0.43999999999999995,-0.42000000000000004,2.5,0.6509227669101384
0,-0.43999999999999995,-0.4,2.5,0.6578443501201603
0,-0.43999999999999995,-0.38,2.5,0.6631735935196593
0,-0.43999999999999995,-0.36,2.5,0.6668906591223506
0,-0.43999999999999995,-0.33999999999999997,2.5,0.6689854481979985
0,-0.43999999999999995,-0.31999999999999995,2.5,0.6694580588809064
0,-0.43999999999999995,-0.29999999999999993,2.5,0.6683190774761151
0,-0.43999999999999995,-0.28,2.5,0.6655896978912863
0,-0.43999999999999995,-0.26,2.5,0.6613016680895348
0,-0.43999999999999995,-0.24,2.5,0.6554970666723062
0,-0.43999999999999995,-0.21999999999999997,2.5,0.6482279165737316
0,-0.43999999999999995,-0.19999999999999996,2.5,0.6395556463125353
0,-0.43999999999999995,-0.17999999999999994,2.5,0.6295504122573122
0,-0.43999999999999995,-0.16000000000000003,2.5,0.6182902978846685
0,-0.43999999999999995,-0.14,2.5,0.60586040802949
0,-0.43999999999999995,-0.12,2.5,0.5923518776357469
0,-0.43999999999999995,-0.09999999999999998,2.5,0.5778608155172335
0,-0.43999999999999995,-0.07999999999999996,2.5,0.5624872041411652
0,-0.43999999999999995,-0.05999999999999994,2.5,0.5463337764714629
0,-0.43999999999999995,-0.040000000000000036,2.5,0.5295048904776188
0,-0.43999999999999995,-0.020000000000000018,2.5,0.5121054210604989
0,-0.43999999999999995,0.0,2.5,0.49423968790591905
0,-0.43999999999999995,0.020000000000000018,2.5,0.47601043619386574
0,-0.43999999999999995,0.040000000000000036,2.5,0.457517885214961
0,-0.43999999999999995,0.06000000000000005,2.5,0.4388588578300734
0,-0.43999999999999995,0.08000000000000007,2.5,0.42012600141165835
0,-0.43999999999999995,0.10000000000000009,2.5,0.4014071084869457
0,-0.43999999999999995,0.1200000000000001,2.5,0.3827845428252343
0,-0.43999999999999995,0.14000000000000012,2.5,0.3643347742358377
0,-0.43999999999999995,0.15999999999999992,2.5,0.34612802292934575
0,-0.43999999999999995,0.17999999999999994,2.5,0.3282280119989753
0,-0.43999999999999995,0.19999999999999996,2.5,0.3106918244521131
0,-0.43999999999999995,0.21999999999999997,2.5,0.29356985930943696
0,-0.43999999999999995,0.24,2.5,0.2769058796274451
0,-0.43999999999999995,0.26,2.5,0.26073714391846303
0,-0.43999999999999995,0.28,2.5,0.2450946113598073
0,-0.43999999999999995,0.30000000000000004,2.5,0.23000321041086727
0,-0.43999999999999995,0.32000000000000006,2.5,0.21548215999416187
0,-0.43999999999999995,0.3400000000000001,2.5,0.20154533223569546
0,-0.43999999999999995,0.3600000000000001,2.5,0.18820164588450533
0,-0.43999999999999995,0.3800000000000001,2.5,0.1754554799171232
0,-0.43999999999999995,0.40000000000000013,2.5,0.16330709744937186
0,-0.43999999999999995,0.41999999999999993,2.5,0.15175307089012033
0,-0.43999999999999995,0.43999999999999995,2.5,0.14078670024036696
0,-0.43999999999999995,0.45999999999999996,2.5,0.1303984175252219
0,-0.43999999999999995,0.48,2.5,0.12057617150430092
0,-0.43999999999999995,0.5,2.5,0.11130578799673431
0,-0.43999999999999995,0.52,2.5,0.10257130234155877
0,-0.43999999999999995,0.54,2.5,0.09435526165705634
0,-0.43999999999999995,0.56,2.5,0.08663899563227807
0,-0.43999999999999995,0.5800000000000001,2.5,0.07940285555425758
0,-0.43999999999999995,0.6000000000000001,2.5,0.07262642212470362
0,-0.43999999999999995,0.6200000000000001,2.5,0.06628868333572997
0,-0.43999999999999995,0.6400000000000001,2.5,0.06036818424710809
0,-0.43999999999999995,0.6600000000000001,2.5,0.054843150935389
0,-0.43999999999999995,0.6799999999999999,2.5,0.04969159117157371
0,-0.43999999999999995,0.7,2.5,0.044891374537571443
0,-0.43999999999999995,0.72,2.5,0.040420294725695714
0,-0.43999999999999995,0.74,2.5,0.036256116696671024
0,-0.43999999999999995,0.76,2.5,0.03237661121931791
0,-0.43999999999999995,0.78,2.5,0.028759579099865377
0,-0.43999999999999995,0.8,2.5,0.02538286715153073
0,-0.43999999999999995,0.8200000000000001,2.5,0.022224377675523748
0,-0.43999999999999995,0.8400000000000001,2.5,0.019262072940979428
0,-0.43999999999999995,0.8600000000000001,2.5,0.016473975878765132
0,-0.43999999999999995,0.8800000000000001,2.5,0.013838167954568003
0,-0.43999999999999995,0.9000000000000001,2.5,0.011332784968395484
0,-0.43999999999999995,0.9199999999999999,2.5,0.008936011345159773
0,-0.43999999999999995,0.94,2.5,0.006626073335453247
0,-0.43999999999999995,0.96,2.5,0.004381231435113188
0,-0.43999999999999995,0.98,2.5,0.002179772252678723
0,-0.43999999999999995,1.0,2.5,0.0
0,-0.42000000000000004,-1.0,2.5,0.0
0,-0.42000000000000004,-0.98,2.5,0.02970135661310687
0,-0.42000000000000004,-0.96,2.5,0.05935552518975487
0,-0.42000000000000004,-0.94,2.5,0.08891544348790802
0,-0.42000000000000004,-0.92,2.5,0.11833427609005173
0,-0.42000000000000004,-0.9,2.5,0.14756546820659683
0,-0.42000000000000004,-0.88,2.5,0.17656273419855129
0,-0.42000000000000004,-0.86,2.5,0.20527996890720837
0,-0.42000000000000004,-0.84,2.5,0.23367107723811045
0,-0.42000000000000004,-0.8200000000000001,2.5,0.26168972541240954
0,-0.42000000000000004,-0.8,2.5,0.2892890252188446
0,-0.42000000000000004,-0.78,2.5,0.31642116983809015
0,-0.42000000000000004,-0.76,2.5,0.34303704580219363
0,-0.42000000000000004,-0.74,2.5,0.36908584994407956
0,-0.42000000000000004,-0.72,2.5,0.39451474248186913
0,-0.42000000000000004,-0.7,2.5,0.419268567531401
0,-0.42000000000000004,-0.6799999999999999,2.5,0.4432896703764558
0,-0.42000000000000004,-0.6599999999999999,2.5,0.46651783693318155
0,-0.42000000000000004,-0.64,2.5,0.48889037533633567
0,-0.42000000000000004,-0.62,2.5,0.5103423528596153
0,-0.42000000000000004,-0.6,2.5,0.5308069939270696
0,-0.42000000000000004,-0.5800000000000001,2.5,0.5502162372612837
0,-0.42000000000000004,-0.56,2.5,0.5685014427108048
0,-0.42000000000000004,-0.54,2.5,0.5855942314169693
0,-0.42000000000000004,-0.52,2.5,0.6014274370569073
0,-0.42000000000000004,-0.5,2.5,0.615936141183455
0,-0.42000000000000004,-0.48,2.5,0.6290587623269166
0,-0.42000000000000004,-0.45999999999999996,2.5,0.6407381665878826
0,-0.42000000000000004,-0.43999999999999995,2.5,0.6509227669101384
0,-0.42000000000000004,-0.42000000000000004,2.5,0.6595675789830657
0,-0.42000000000000004,-0.4,2.5,0.6666352036349174
0,-0.42000000000000004,-0.38,2.5,0.6720967084563876
0,-0.42000000000000004,-0.36,2.5,0.6759323850329234
0,-0.42000000000000004,-0.33999999999999997,2.5,0.6781323623540558
0,-0.42000000000000004,-0.31999999999999995,2.5,0.6786970615058662
0,-0.42000000000000004,-0.29999999999999993,2.5,0.6776374814516796
0,-0.42000000000000004,-0.28,2.5,0.6749753104013596
0,-0.42000000000000004,-0.26,2.5,0.6707428618211037
0,-0.42000000000000004,-0.24,2.5,0.6649828384288666
0,-0.42000000000000004,-0.21999999999999997,2.5,0.6577479314651985
0,-0.42000000000000004,-0.19999999999999996,2.5,0.6491002660572639
0,-0.42000000000000004,-0.17999999999999994,2.5,0.639110706556159
0,-0.42000000000000004,-0.16000000000000003,2.5,0.6278580382917885
0,-0.42000000000000004,-0.14,2.5,0.6154280442365021
0,-0.42000000000000004,-0.12,2.5,0.6019124965908104
0,-0.42000000000000004,-0.09999999999999998,2.5,0.5874080843038005
0,-0.42000000000000004,-0.07999999999999996,2.5,0.5720152980277791
0,-0.42000000000000004,-0.05999999999999994,2.5,0.5558372939992959
0,-0.42000000000000004,-0.040000000000000036,2.5,0.5389787578623989
0,-0.42000000000000004,-0.020000000000000018,2.5,0.5215447885369778
0,-0.42000000000000004,0.0,2.5,0.5036398209244328
0,-0.42000000000000004,0.020000000000000018,2.5,0.48536660458003456
0,-0.42000000000000004,0.040000000000000036,2.5,0.46682525351750653
0,-0.42000000000000004,0.06000000000000005,2.5,0.44811238010299004
0,-0.42000000000000004,0.08000000000000007,2.5,0.4293203236031862
0,-0.42000000000000004,0.10000000000000009,2.5,0.41053648143947274
0,-0.42000000000000004,0.1200000000000001,2.5,0.39184274863094887
0,-0.42000000000000004,0.14000000000000012,2.5,0.3733150683491143
0,-0.42000000000000004,0.15999999999999992,2.5,0.3550230940177391
0,-0.42000000000000004,0.17999999999999994,2.5,0.33702996103215327
0,-0.42000000000000004,0.19999999999999996,2.5,0.3193921639961017
0,-0.42000000000000004,0.21999999999999997,2.5,0.30215953342795115
0,-0.42000000000000004,0.24,2.5,0.2853753042098771
0,-0.42000000000000004,0.26,2.5,0.26907626667300666
0,-0.42000000000000004,0.28,2.5,0.25329299014797657
0,-0.42000000000000004,0.30000000000000004,2.5,0.2380501080735688
0,-0.42000000000000004,0.32000000000000006,2.5,0.22336665334561345
0,-0.42000000000000004,0.3400000000000001,2.5,0.20925643249425244
0,-0.42000000000000004,0.3600000000000001,2.5,0.19572842748109617
0,-0.42000000000000004,0.3800000000000001,2.5,0.18278721438213608
0,-0.42000000000000004,0.40000000000000013,2.5,0.17043338893418605
0,-0.42000000000000004,0.41999999999999993,2.5,0.15866398983363414
0,-0.42000000000000004,0.43999999999999995,2.5,0.1474729117442088
0,-0.42000000000000004,0.45999999999999996,2.5,0.13685130115103092
0,-0.42000000000000004,0.48,2.5,0.1267879294466626
0,-0.42000000000000004,0.5,2.5,0.11726953890738949
0,-0.42000000000000004,0.52,2.5,0.10828115847325012
0,-0.42000000000000004,0.54,2.5,0.09980638744569449
0,-0.42000000000000004,0.56,2.5,0.09182764632932833
0,-0.42000000000000004,0.5800000000000001,2.5,0.08432639504171727
0,-0.42000000000000004,0.6000000000000001,2.5,0.07728331957670356
0,-0.42000000000000004,0.6200000000000001,2.5,0.07067848891776529
0,-0.42000000000000004,0.6400000000000001,2.5,0.06449148455103741
0,-0.42000000000000004,0.6600000000000001,2.5,0.058701505321752154
0,-0.42000000000000004,0.6799999999999999,2.5,0.053287450618315836
0,-0.42000000000000004,0.7,2.5,0.04822798496589228
0,-0.42000000000000004,0.72,2.5,0.04350158708184827
0,-0.42000000000000004,0.74,2.5,0.03908658630808398
0,-0.42000000000000004,0.76,2.5,0.03496118911203249
0,-0.42000000000000004,0.78,2.5,0.031103498062164035
0,-0.42000000000000004,0.8,2.5,0.027491525358385026
0,-0.42000000000000004,0.8200000000000001,2.5,0.024103202654780012
0,-0.42000000000000004,0.8400000000000001,2.5,0.020916388571390294
0,-0.42000000000000004,0.8600000000000001,2.5,0.01790887496962331
0,-0.42000000000000004,0.8800000000000001,2.5,0.015058392775047945
0,-0.42000000000000004,0.9000000000000001,2.5,0.012342617880159201
0,-0.42000000000000004,0.9199999999999999,2.5,0.009739177452392394
0,-0.42000000000000004,0.94,2.5,0.0072256568095462655
0,-0.42000000000000004,0.96,2.5,0.004779606902885829
0,-0.42000000000000004,0.98,2.5,0.002378552362176935
0,-0.42000000000000004,1.0,2.5,0.0
0,-0.4,-1.0,2.5,0.0
0,-0.4,-0.98,2.5,0.029999517700243235
0,-0.4,-0.96,2.5,0.05995142246788592
0,-0.4,-0.94,2.5,0.08980822980857936
0,-0.4,-0.92,2.5,0.11952268710397634
0,-0.4,-0.9,2.5,0.14904782937275868
0,-0.4,-0.88,2.5,0.17833696912975178
0,-0.4,-0.86,2.5,0.20734360831905485
0,-0.4,-0.84,2.5,0.23602126772743234
0,-0.4,-0.8200000000000001,2.5,0.26432323732623664
0,-0.4,-0.8,2.5,0.2922022589852442
0,-0.4,-0.78,2.5,0.31961016030782397
0,-0.4,-0.76,2.5,0.34649746438222323
0,-0.4,-0.74,2.5,0.3728130045728116
0,-0.4,-0.72,2.5,0.3985035757811866
0,-0.4,-0.7,2.5,0.4235136537501455
0,-0.4,-0.6799999999999999,2.5,0.44778521199276133
0,-0.4,-0.6599999999999999,2.5,0.4712576619895471
0,-0.4,-0.64,2.5,0.4938679367255941
0,-0.4,-0.62,2.5,0.5155507308503795
0,-0.4,-0.6,2.5,0.5362389032071656
0,-0.4,-0.5800000000000001,2.5,0.5558640396856388
0,-0.4,-0.56,2.5,0.5743571667697709
0,-0.4,-0.54,2.5,0.5916495992001628
0,-0.4,-0.52,2.5,0.6076738991881321
0,-0.4,-0.5,2.5,0.6223649198587556
0,-0.4,-0.48,2.5,0.6356609022168052
0,-0.4,-0.45999999999999996,2.5,0.6475045929836426
0,-0.4,-0.43999999999999995,2.5,0.6578443501201603
0,-0.4,-0.42000000000000004,2.5,0.6666352036349174
0,-0.4,-0.4,2.5,0.6738398412272468
0,-0.4,-0.38,2.5,0.6794294912448677
0,-0.4,-0.36,2.5,0.6833846791368549
0,-0.4,-0.33999999999999997,2.5,0.6856958378431783
0,-0.4,-0.31999999999999995,2.5,0.6863637571757828
0,-0.4,-0.29999999999999993,2.5,0.6853998620240125
0,-0.4,-0.28,2.5,0.6828263139915959
0,-0.4,-0.26,2.5,0.6786759357009132
0,-0.4,-0.24,2.5,0.6729919613660238
0,-0.4,-0.21999999999999997,2.5,0.6658276212465399
0,-0.4,-0.19999999999999996,2.5,0.6572455711798163
0,-0.4,-0.17999999999999994,2.5,0.6473171814984028
0,-0.4,-0.16000000000000003,2.5,0.6361217022392116
0,-0.4,-0.14,2.5,0.6237453236200867
0,-0.4,-0.12,2.5,0.6102801522899217
0,-0.4,-0.09999999999999998,2.5,0.5958231248514819
0,-0.4,-0.07999999999999996,2.5,0.5804748806218457
0,-0.4,-0.05999999999999994,2.5,0.5643386155521494
0,-0.4,-0.040000000000000036,2.5,0.54751893870199
0,-0.4,-0.020000000000000018,2.5,0.5301207516877628
0,-0.4,0.0,2.5,0.5122481701388022
0,-0.4,0.020000000000000018,2.5,0.49400350444782426
0,-0.4,0.040000000000000036,2.5,0.4754863150463764
0,-0.4,0.06000000000000005,2.5,0.45679255513082967
0,-0.4,0.08000000000000007,2.5,0.43801381127336403
0,-0.4,0.10000000000000009,2.5,0.41923664974181957
0,-0.4,0.1200000000000001,2.5,0.40054207369013844
0,-0.4,0.14000000000000012,2.5,0.38200509373495106
0,-0.4,0.15999999999999992,2.5,0.3636944118691147
0,-0.4,0.17999999999999994,2.5,0.34567221624110356
0,-0.4,0.19999999999999996,2.5,0.3279940821057583
0,-0.4,0.21999999999999997,2.5,0.310708972275376
0,-0.4,0.24,2.5,0.29385932871016796
0,-0.4,0.26,2.5,0.2774812455136842
0,-0.4,0.28,2.5,0.2616047125615588
0,-0.4,0.30000000000000004,2.5,0.2462539182997508
0,-0.4,0.32000000000000006,2.5,0.23144759989969432
0,-0.4,0.3400000000000001,2.5,0.2171994289405304
0,-0.4,0.3600000000000001,2.5,0.20351842108165724
0,-0.4,0.3800000000000001,2.5,0.19040935876265133
0,-0.4,0.40000000000000013,2.5,0.17787321678569165
0,-0.4,0.41999999999999993,2.5,0.1659075816560568
0,-0.4,0.43999999999999995,2.5,0.15450705673336348
0,-0.4,0.45999999999999996,2.5,0.1436636465322488
0,-0.4,0.48,2.5,0.13336711485807368
0,-0.4,0.5,2.5,0.12360531282414748
0,-0.4,0.52,2.5,0.11436447412795792
0,-0.4,0.54,2.5,0.10562947622512754
0,-0.4,0.56,2.5,0.09738406719680445
0,-0.4,0.5800000000000001,2.5,0.08961105913066958
0,-0.4,0.6000000000000001,2.5,0.08229248970634061
0,-0.4,0.6200000000000001,2.5,0.07540975437857265
0,-0.4,0.6400000000000001,2.5,0.06894371207959289
0,-0.4,0.6600000000000001,2.5,0.06287476771564904
0,-0.4,0.6799999999999999,2.5,0.05718293491963727
0,-0.4,0.7,2.5,0.05184788255475976
0,-0.4,0.72,2.5,0.046848968361887976
0,-0.4,0.74,2.5,0.04216526292790961
0,-0.4,0.76,2.5,0.03777556684867637
0,-0.4,0.78,2.5,0.033658423594303
0,-0.4,0.8,2.5,0.02979213018235102
0,-0.4,0.8200000000000001,2.5,0.02615474735015975
0,-0.4,0.8400000000000001,2.5,0.022724110512788723
0,-0.4,0.8600000000000001,2.5,0.01947784241548452
0,-0.4,0.8800000000000001,2.5,0.01639336805261855
0,-0.4,0.9000000000000001,2.5,0.01344793213720803
0,-0.4,0.9199999999999999,2.5,0.01061861917022207
0,-0.4,0.94,2.5,0.00788237597631482
0,-0.4,0.96,2.5,0.0052160364382076675
0,-0.4,0.98,2.5,0.0025963480688105385
0,-0.4,1.0,2.5,0.0
0,-0.38,-1.0,2.5,0.0
0,-0.38,-0.98,2.5,0.030222615418929993
0,-0.38,-0.96,2.5,0.06039731891096149
0,-0.38,-0.94,2.5,0.09047632950149129
0,-0.38,-0.92,2.5,0.12041210294809306
0,-0.38,-0.9,2.5,0.1501573895162587
0,-0.38,-0.88,2.5,0.17966522540164814
0,-0.38,-0.86,2.5,0.2088888456941117
0,-0.38,-0.84,2.5,0.2377815142608589
0,-0.38,-0.8200000000000001,2.5,0.2662962740236873
0,-0.38,-0.8,2.5,0.2943856291546827
0,-0.38,-0.78,2.5,0.32200117806935846
0,-0.38,-0.76,2.5,0.34909322218002575
0,-0.38,-0.74,2.5,0.37561037972637074
0,-0.38,-0.72,2.5,0.401499236315835
0,-0.38,-0.7,2.5,0.42670406394265875
0,-0.38,-0.6799999999999999,2.5,0.45116663824076086
0,-0.38,-0.6599999999999999,2.5,0.4748261797489985
0,-0.38,-0.64,2.5,0.49761943934701613
0,-0.38,-0.62,2.5,0.5194809411729465
0,-0.38,-0.6,2.5,0.5403433887360203
0,-0.38,-0.5800000000000001,2.5,0.5601382320807788
0,-0.38,-0.56,2.5,0.5787963862179927
0,-0.38,-0.54,2.5,0.5962490840314825
0,-0.38,-0.52,2.5,0.6124288408444886
0,-0.38,-0.5,2.5,0.6272705030375737
0,-0.38,-0.48,2.5,0.6407123497086026
0,-0.38,-0.45999999999999996,2.5,0.6526972144154816
0,-0.38,-0.43999999999999995,2.5,0.6631735935196593
0,-0.38,-0.42000000000000004,2.5,0.6720967084563876
0,-0.38,-0.4,2.5,0.6794294912448677
0,-0.38,-0.38,2.5,0.6851434655286592
0,-0.38,-0.36,2.5,0.6892194991947378
0,-0.38,-0.33999999999999997,2.5,0.6916484089436675
0,-0.38,-0.31999999999999995,2.5,0.6924314018657726
0,-0.38,-0.29999999999999993,2.5,0.691580343927295
0,-0.38,-0.28,2.5,0.6891178501165468
0,-0.38,-0.26,2.5,0.6850771956983225
0,-0.38,-0.24,2.5,0.679502052456279
0,-0.38,-0.21999999999999997,2.5,0.6724460578731545
0,-0.38,-0.19999999999999996,2.5,0.6639722288355633
0,-0.38,-0.17999999999999994,2.5,0.6541522346012241
0,-0.38,-0.16000000000000003,2.5,0.6430655463961193
0,-0.38,-0.14,2.5,0.630798483095743
0,-0.38,-0.12,2.5,0.6174431739785561
0,-0.38,-0.09999999999999998,2.5,0.6030964605217561
0,-0.38,-0.07999999999999996,2.5,0.5878587596493061
0,-0.38,-0.05999999999999994,2.5,0.5718329107582091
0,-0.38,-0.040000000000000036,2.5,0.5551230282677407
0,-0.38,-0.020000000000000018,2.5,0.5378333803921083
0,-0.38,0.0,2.5,0.520067313371766
0,-0.38,0.020000000000000018,2.5,0.5019262385617173
0,-0.38,0.040000000000000036,2.5,0.4835086976224832
0,-0.38,0.06000000000000005,2.5,0.4649095186529064
0,-0.38,0.08000000000000007,2.5,0.4462190735100059
0,-0.38,0.10000000000000009,2.5,0.4275226438494564
0,-0.38,0.1200000000000001,2.5,0.4088999006621047
0,-0.38,0.14000000000000012,2.5,0.3904244993481184
0,-0.38,0.15999999999999992,2.5,0.37216378972942826
0,-0.38,0.17999999999999994,2.5,0.3541786379172861
0,-0.38,0.19999999999999996,2.5,0.3365233546831123
0,-0.38,0.21999999999999997,2.5,0.3192457229775767
0,-0.38,0.24,2.5,0.30238711554603265
0,-0.38,0.26,2.5,0.285982692228588
0,-0.38,0.28,2.5,0.27006166552983013
0,-0.38,0.30000000000000004,2.5,0.2546476224046183
0,-0.38,0.32000000000000006,2.5,0.23975888992928654
0,-0.38,0.3400000000000001,2.5,0.22540893259806127
0,-0.38,0.3600000000000001,2.5,0.21160676937858308
0,-0.38,0.3800000000000001,2.5,0.1983573993454242
0,-0.38,0.40000000000000013,2.5,0.18566222564642476
0,-0.38,0.41999999999999993,2.5,0.1735194686978809
0,-0.38,0.43999999999999995,2.5,0.16192456080160195
0,-0.38,0.45999999999999996,2.5,0.15087051577810992
0,-0.38,0.48,2.5,0.14034826866410863
0,-0.38,0.5,2.5,0.130346981978742
0,-0.38,0.52,2.5,0.12085431647527566
0,-0.38,0.54,2.5,0.11185666562054988
0,-0.38,0.56,2.5,0.10333935424766662
0,-0.38,0.5800000000000001,2.5,0.09528680287859012
0,-0.38,0.6000000000000001,2.5,0.08768266009094333
0,-0.38,0.6200000000000001,2.5,0.08050990599352739
0,-0.38,0.6400000000000001,2.5,0.07375093037229766
0,-0.38,0.6600000000000001,2.5,0.06738758937484439
0,-0.38,0.6799999999999999,2.5,0.06140124472629376
0,-0.38,0.7,2.5,0.05577278942889458
0,-0.38,0.72,2.5,0.050482663712729775
0,-0.38,0.74,2.5,0.045510864701438336
0,-0.38,0.76,2.5,0.040836952862671215
0,-0.38,0.78,2.5,0.03644005785745454
0,-0.38,0.8,2.5,0.03229888591446115
0,-0.38,0.8200000000000001,2.5,0.028391730361217817
0,-0.38,0.8400000000000001,2.5,0.024696486468040024
0,-0.38,0.8600000000000001,2.5,0.0211906713211906
0,-0.38,0.8800000000000001,2.5,0.017851449053515975
0,-0.38,0.9000000000000001,2.5,0.014655661432303978
0,-0.38,0.9199999999999999,2.5,0.011579863538638636
0,-0.38,0.94,2.5,0.0086003640685159
0,-0.38,0.96,2.5,0.00569326963780145
0,-0.38,0.98,2.5,0.00283453237223222
0,-0.38,1.0,2.5,0.0
0,-0.36,-1.0,2.5,0.0
0,-0.36,-0.98,2.5,0.03036961623258174
0,-0.36,-0.96,2.5,0.06069114944237905
0,-0.36,-0.94,2.5,0.09091664994882505
0,-0.36,-0.92,2.5,0.12099840947667936
0,-0.36,-0.9,2.5,0.1508890210120053
0,-0.36,-0.88,2.5,0.180541372025194
0,-0.36,-0.86,2.5,0.20990855890726487
0,-0.36,-0.84,2.5,0.23894371798027292
0,-0.36,-0.8200000000000001,2.5,0.2675997765747693
0,-0.36,-0.8,2.5,0.2958291357501995
0,-0.36,-0.78,2.5,0.32358330361791954
0,-0.36,-0.76,2.5,0.3508125043326389
0,-0.36,-0.74,2.5,0.37746529218547853
0,-0.36,-0.72,2.5,0.40348820255022627
0,-0.36,-0.7,2.5,0.4288254715623759
0,-0.36,-0.6799999999999999,2.5,0.4534188543779479
0,-0.36,-0.6599999999999999,2.5,0.4772075678540323
0,-0.36,-0.64,2.5,0.5001283778365331
0,-0.36,-0.62,2.5,0.5221158443521714
0,-0.36,-0.6,2.5,0.5431027303594773
0,-0.36,-0.5800000000000001,2.5,0.563020571813107
0,-0.36,-0.56,2.5,0.5818003991131283
0,-0.36,-0.54,2.5,0.5993735929692252
0,-0.36,-0.52,2.5,0.6156728516559942
0,-0.36,-0.5,2.5,0.6306332418247911
0,-0.36,-0.48,2.5,0.6441933016274389
0,-0.36,-0.45999999999999996,2.5,0.6562961629595956
0,-0.36,-0.43999999999999995,2.5,0.6668906591223506
0,-0.36,-0.42000000000000004,2.5,0.6759323850329234
0,-0.36,-0.4,2.5,0.6833846791368549
0,-0.36,-0.38,2.5,0.6892194991947378
0,-0.36,-0.36,2.5,0.6934181679255786
0,-0.36,-0.33999999999999997,2.5,0.6959719688700533
0,-0.36,-0.31999999999999995,2.5,0.6968825775807301
0,-0.36,-0.29999999999999993,2.5,0.6961623181591805
0,-0.36,-0.28,2.5,0.693834240070125
0,-0.36,-0.26,2.5,0.6899320149235673
0,-0.36,-0.24,2.5,0.6844996574062334
0,-0.36,-0.21999999999999997,2.5,0.6775910786670185
0,-0.36,-0.19999999999999996,2.5,0.6692694841436125
0,-0.36,-0.17999999999999994,2.5,0.6596066310047163
0,-0.36,-0.16000000000000003,2.5,0.6486819630368957
0,-0.36,-0.14,2.5,0.6365816429041543
0,-0.36,-0.12,2.5,0.6233975032409105
0,-0.36,-0.09999999999999998,2.5,0.6092259390051245
0,-0.36,-0.07999999999999996,2.5,0.5941667639272419
0,-0.36,-0.05999999999999994,2.5,0.5783220537608394
0,-0.36,-0.040000000000000036,2.5,0.561794998399359
0,-0.36,-0.020000000000000018,2.5,0.5446887838055195
0,-0.36,0.0,2.5,0.5271055231494586
0,-0.36,0.020000000000000018,2.5,0.5091452546197321
0,-0.36,0.040000000000000036,2.5,0.4909050211165094
0,-0.36,0.06000000000000005,2.5,0.4724780445233574
0,-0.36,0.08000000000000007,2.5,0.45395300455265386
0,-0.36,0.10000000000000009,2.5,0.4354134293429832
0,-0.36,0.1200000000000001,2.5,0.4169372021296193
0,-0.36,0.14000000000000012,2.5,0.39859618548565934
0,-0.36,0.15999999999999992,2.5,0.38045596191336245
0,-0.36,0.17999999999999994,2.5,0.36257568701994863
0,-0.36,0.19999999999999996,2.5,0.34500804920013695
0,-0.36,0.21999999999999997,2.5,0.32779932772122716
0,-0.36,0.24,2.5,0.3109895394078552
0,-0.36,0.26,2.5,0.2946126627838792
0,-0.36,0.28,2.5,0.27869692756758013
0,-0.36,0.30000000000000004,2.5,0.26326515684067836
0,-0.36,0.32000000000000006,2.5,0.2483351490167833
0,-0.36,0.3400000000000001,2.5,0.23392008690445185
0,-0.36,0.3600000000000001,2.5,0.22002896166717245
0,-0.36,0.3800000000000001,2.5,0.2066670002911511
0,-0.36,0.40000000000000013,2.5,0.19383608623792783
0,-0.36,0.41999999999999993,2.5,0.18153516423288682
0,-0.36,0.43999999999999995,2.5,0.16976062156896882
0,-0.36,0.45999999999999996,2.5,0.15850663983177413
0,-0.36,0.48,2.5,0.1477655125221938
0,-0.36,0.5,2.5,0.13752792561215615
0,-0.36,0.52,2.5,0.12778319956814832
0,-0.36,0.54,2.5,0.1185194927712902
0,-0.36,0.56,2.5,0.10972396751389991
0,-0.36,0.5800000000000001,2.5,0.10138292083031746
0,-0.36,0.6000000000000001,2.5,0.09348188330222666
0,-0.36,0.6200000000000001,2.5,0.08600568965252446
0,-0.36,0.6400000000000001,2.5,0.07893852540244439
0,-0.36,0.6600000000000001,2.5,0.072263954118158
0,-0.36,0.6799999999999999,2.5,0.06596492982736915
0,-0.36,0.7,2.5,0.06002379906238263
0,-0.36,0.72,2.5,0.05442229670843519
0,-0.36,0.74,2.5,0.04914153943372509
0,-0.36,0.76,2.5,0.044162019982274106
0,-0.36,0.78,2.5,0.0394636050552073
0,-0.36,0.8,2.5,0.03502553892220338
0,-0.36,0.8200000000000001,2.5,0.030826454322334763
0,-0.36,0.8400000000000001,2.5,0.026844391658025678
0,-0.36,0.8600000000000001,2.5,0.02305682697815264
0,-0.36,0.8800000000000001,2.5,0.019440708801343177
0,-0.36,0.9000000000000001,2.5,0.015972503457090146
0,-0.36,0.9199999999999999,2.5,0.012628248323142771
0,-0.36,0.94,2.5,0.009383612110036969
0,-0.36,0.96,2.5,0.006213961180372198
0,-0.36,0.98,2.5,0.0030944307811383073
0,-0.36,1.0,2.5,0.0
0,-0.33999999999999997,-1.0,2.5,0.0
0,-0.33999999999999997,-0.98,2.5,0.03043994118970211
0,-0.33999999999999997,-0.96,2.5,0.060831757405364804
0,-0.33999999999999997,-0.94,2.5,0.09112745928775823
0,-0.33999999999999997,-0.92,2.5,0.12127930338725094
0,-0.33999999999999997,-0.9,2.5,0.15123985417397937
0,-0.33999999999999997,-0.88,2.5,0.180961979309221
0,-0.33999999999999997,-0.86,2.5,0.2103987660070725
0,-0.33999999999999997,-0.84,2.5,0.23950335384317745
0,-0.33999999999999997,-0.8200000000000001,2.5,0.2682286875128003
0,-0.33999999999999997,-0.8,2.5,0.2965272011358101
0,-0.33999999999999997,-0.78,2.5,0.3243504530997174
0,-0.33999999999999997,-0.76,2.5,0.3516487365439987
0,-0.33999999999999997,-0.74,2.5,0.3783706949575237
0,-0.33999999999999997,-0.72,2.5,0.4044629746751228
0,-0.33999999999999997,-0.7,2.5,0.4298699461776569
0,-0.33999999999999997,-0.6799999999999999,2.5,0.45453352405244923
0,-0.33999999999999997,-0.6599999999999999,2.5,0.47839311144642765
0,-0.33999999999999997,-0.64,2.5,0.5013856891649106
0,-0.33999999999999997,-0.62,2.5,0.5234460626554632
0,-0.33999999999999997,-0.6,2.5,0.5445072724481577
0,-0.33999999999999997,-0.5800000000000001,2.5,0.5645011656984218
0,-0.33999999999999997,-0.56,2.5,0.5833591187737036
0,-0.33999999999999997,-0.54,2.5,0.6010128937653183
0,-0.33999999999999997,-0.52,2.5,0.6173956057402323
0,-0.33999999999999997,-0.5,2.5,0.6324427727304399
0,-0.33999999999999997,-0.48,2.5,0.6460934170483522
0,-0.33999999999999997,-0.45999999999999996,2.5,0.6582911845778304
0,-0.33999999999999997,-0.43999999999999995,2.5,0.6689854481979985
0,-0.33999999999999997,-0.42000000000000004,2.5,0.6781323623540558
0,-0.33999999999999997,-0.4,2.5,0.6856958378431783
0,-0.33999999999999997,-0.38,2.5,0.6916484089436675
0,-0.33999999999999997,-0.36,2.5,0.6959719688700533
0,-0.33999999999999997,-0.33999999999999997,2.5,0.6986583539685913
0,-0.33999999999999997,-0.31999999999999995,2.5,0.6997097618656115
0,-0.33999999999999997,-0.29999999999999993,2.5,0.699138993750432
0,-0.33999999999999997,-0.28,2.5,0.696969515941623
0,-0.33999999999999997,-0.26,2.5,0.6932353407017481
0,-0.33999999999999997,-0.24,2.5,0.6879807308082877
0,-0.33999999999999997,-0.21999999999999997,2.5,0.681259736558865
0,-0.33999999999999997,-0.19999999999999996,2.5,0.6731355776111326
0,-0.33999999999999997,-0.17999999999999994,2.5,0.6636798852756052
0,-0.33999999999999997,-0.16000000000000003,2.5,0.6529718235541675
0,-0.33999999999999997,-0.14,2.5,0.6410971093233887
0,-0.33999999999999997,-0.12,2.5,0.6281469535880325
0,-0.33999999999999997,-0.09999999999999998,2.5,0.6142169466752642
0,-0.33999999999999997,-0.07999999999999996,2.5,0.5994059106128914
0,-0.33999999999999997,-0.05999999999999994,2.5,0.5838147417540274
0,-0.33999999999999997,-0.040000000000000036,2.5,0.5675452660032722
0,-0.33999999999999997,-0.020000000000000018,2.5,0.5506991278024241
0,-0.33999999999999997,0.0,2.5,0.5333767323920311
0,-0.33999999999999997,0.020000000000000018,2.5,0.515676258832267
0,-0.33999999999999997,0.040000000000000036,2.5,0.49769275890390124
0,-0.33999999999999997,0.06000000000000005,2.5,0.4795173543852797
0,-0.33999999999999997,0.08000000000000007,2.5,0.46123654238740314
0,-0.33999999999999997,0.10000000000000009,2.5,0.4429316155031378
0,-0.33999999999999997,0.1200000000000001,2.5,0.4246782005667185
0,-0.33999999999999997,0.14000000000000012,2.5,0.40654591690403025
0,-0.33999999999999997,0.15999999999999992,2.5,0.38859815215788845
0,-0.33999999999999997,0.17999999999999994,2.5,0.3708919511660498
0,-0.33999999999999997,0.19999999999999996,2.5,0.3534780110161594
0,-0.33999999999999997,0.21999999999999997,2.5,0.33640077335556084
0,-0.33999999999999997,0.24,2.5,0.31969860333846023
0,-0.33999999999999997,0.26,2.5,0.30340404328015635
0,-0.33999999999999997,0.28,2.5,0.2875441281770469
0,-0.33999999999999997,0.30000000000000004,2.5,0.2721407497480885
0,-0.33999999999999997,0.32000000000000006,2.5,0.25721105555160867
0,-0.33999999999999997,0.3400000000000001,2.5,0.2427678700119566
0,-0.33999999999999997,0.3600000000000001,2.5,0.22882012482328698
0,-0.33999999999999997,0.3800000000000001,2.5,0.2153732871428827
0,-0.33999999999999997,0.40000000000000013,2.5,0.2024297751958169
0,-0.33999999999999997,0.41999999999999993,2.5,0.18998935233230915
0,-0.33999999999999997,0.43999999999999995,2.5,0.17804949215066257
0,-0.33999999999999997,0.45999999999999996,2.5,0.1666057089621636
0,-0.33999999999999997,0.48,2.5,0.15565184957004916
0,-0.33999999999999997,0.5,2.5,0.14518034400520843
0,-0.33999999999999997,0.52,2.5,0.1351824144535527
0,-0.33999999999999997,0.54,2.5,0.1256482430767322
0,-0.33999999999999997,0.56,2.5,0.11656710072920656
0,-0.33999999999999997,0.5800000000000001,2.5,0.10792743967907957
0,-0.33999999999999997,0.6000000000000001,2.5,0.09971695432530295
0,-0.33999999999999997,0.6200000000000001,2.5,0.09192261455704856
0,-0.33999999999999997,0.6400000000000001,2.5,0.08453067681912398
0,-0.33999999999999997,0.6600000000000001,2.5,0.07752667813635097
0,-0.33999999999999997,0.6799999999999999,2.5,0.07089541832450567
0,-0.33999999999999997,0.7,2.5,0.06462093539791182
0,-0.33999999999999997,0.72,2.5,0.05868647880242202
0,-0.33999999999999997,0.74,2.5,0.05307448459021586
0,-0.33999999999999997,0.76,2.5,0.047766556045246635
0,-0.33999999999999997,0.78,2.5,0.04274345260179663
0,-0.33999999999999997,0.8,2.5,0.03798508920891677
0,-0.33999999999999997,0.8200000000000001,2.5,0.033470547613131896
0,-0.33999999999999997,0.8400000000000001,2.5,0.029178100388826123
0,-0.33999999999999997,0.8600000000000001,2.5,0.025085247962606715
0,-0.33999999999999997,0.8800000000000001,2.5,0.02116876837051561
0,-0.33999999999999997,0.9000000000000001,2.5,0.017404779064114514
0,-0.33999999999999997,0.9199999999999999,2.5,0.013768809745329442
0,-0.33999999999999997,0.94,2.5,0.010235884956503297
0,-0.33999999999999997,0.96,2.5,0.006780614972394149
0,-0.33999999999999997,0.98,2.5,0.0033772934224120203
0,-0.33999999999999997,1.0,2.5,0.0
0,-0.31999999999999995,-1.0,2.5,0.0
0,-0.31999999999999995,-0.98,2.5,0.03043348974086738
0,-0.31999999999999995,-0.96,2.5,0.060818942150989416
0,-0.31999999999999995,-0.94,2.5,0.09110845767748178
0,-0.31999999999999995,-0.92,2.5,0.12125438702818833
0,-0.31999999999999995,-0.9,2.5,0.15120939541824807
0,-0.31999999999999995,-0.88,2.5,0.1809264601460611
0,-0.31999999999999995,-0.86,2.5,0.21035878934262314
0,-0.31999999999999995,-0.84,2.5,0.23945965725938434
0,-0.31999999999999995,-0.8200000000000001,2.5,0.26818215959759173
0,-0.31999999999999995,-0.8,2.5,0.29647890046850656
0,-0.31999999999999995,-0.78,2.5,0.3243016299577319
0,-0.31999999999999995,-0.76,2.5,0.35160085736856334
0,-0.31999999999999995,-0.74,2.5,0.3783254695769819
0,-0.31999999999999995,-0.72,2.5,0.4044223862339945
0,-0.31999999999999995,-0.7,2.5,0.42983628365819715
0,-0.31999999999999995,-0.6799999999999999,2.5,0.45450941720297
0,-0.31999999999999995,-0.6599999999999999,2.5,0.4783815678476907
0,-0.31999999999999995,-0.64,2.5,0.5013901330731567
0,-0.31999999999999995,-0.62,2.5,0.5234703751591435
0,-0.31999999999999995,-0.6,2.5,0.5445558323665838
0,-0.31999999999999995,-0.5800000000000001,2.5,0.5645788905361325
0,-0.31999999999999995,-0.56,2.5,0.5834715049266067
0,-0.31999999999999995,-0.54,2.5,0.6011660550563117
0,-0.31999999999999995,-0.52,2.5,0.6175963092462694
0,-0.31999999999999995,-0.5,2.5,0.6326984707535985
0,-0.31999999999999995,-0.48,2.5,0.6464122739846233
0,-0.31999999999999995,-0.45999999999999996,2.5,0.6586820973536363
0,-0.31999999999999995,-0.43999999999999995,2.5,0.6694580588809064
0,-0.31999999999999995,-0.42000000000000004,2.5,0.6786970615058662
0,-0.31999999999999995,-0.4,2.5,0.6863637571757828
0,-0.31999999999999995,-0.38,2.5,0.6924314018657726
0,-0.31999999999999995,-0.36,2.5,0.6968825775807301
0,-0.31999999999999995,-0.33999999999999997,2.5,0.6997097618656115
0,-0.31999999999999995,-0.31999999999999995,2.5,0.7009157301957754
0,-0.31999999999999995,-0.29999999999999993,2.5,0.7005137816375205
0,-0.31999999999999995,-0.28,2.5,0.698527783185761
0,-0.31999999999999995,-0.26,2.5,0.6949920330507348
0,-0.31999999999999995,-0.24,2.5,0.689950947753983
0,-0.31999999999999995,-0.21999999999999997,2.5,0.6834585821051242
0,-0.31999999999999995,-0.19999999999999996,2.5,0.6755779948873356
0,-0.31999999999999995,-0.17999999999999994,2.5,0.6663804763226658
0,-0.31999999999999995,-0.16000000000000003,2.5,0.6559446560774381
0,-0.31999999999999995,-0.14,2.5,0.6443555126767507
0,-0.31999999999999995,-0.12,2.5,0.6317033067119884
0,-0.31999999999999995,-0.09999999999999998,2.5,0.6180824611442732
0,-0.31999999999999995,-0.07999999999999996,2.5,0.6035904123382341
0,-0.31999999999999995,-0.05999999999999994,2.5,0.5883264552227633
0,-0.31999999999999995,-0.040000000000000036,2.5,0.5723906051965518
0,-0.31999999999999995,-0.020000000000000018,2.5,0.5558824981137463
0,-0.31999999999999995,0.0,2.5,0.5389003479459762
0,-0.31999999999999995,0.020000000000000018,2.5,0.5215399795770155
0,-0.31999999999999995,0.040000000000000036,2.5,0.5038939517094781
0,-0.31999999999999995,0.06000000000000005,2.5,0.4860507821202663
0,-0.31999999999999995,0.08000000000000007,2.5,0.46809428456972857
0,-0.31999999999999995,0.10000000000000009,2.5,0.45010302362923565
0,-0.31999999999999995,0.1200000000000001,2.5,0.43214989062553305
0,-0.31999999999999995,0.14000000000000012,2.5,0.4143018008896082
0,-0.31999999999999995,0.15999999999999992,2.5,0.3966195096218575
0,-0.31999999999999995,0.17999999999999994,2.5,0.3791575410176622
0,-0.31999999999999995,0.19999999999999996,2.5,0.36196422290408575
0,-0.31999999999999995,0.21999999999999997,2.5,0.3450818170756738
0,-0.31999999999999995,0.24,2.5,0.32854673383028377
0,-0.31999999999999995,0.26,2.5,0.3123898179268254
0,-0.31999999999999995,0.28,2.5,0.29663669233460194
0,-0.31999999999999995,0.30000000000000004,2.5,0.2813081457235511
0,-0.31999999999999995,0.32000000000000006,2.5,0.26642054964736306
0,-0.31999999999999995,0.3400000000000001,2.5,0.25198629177544135
0,-0.31999999999999995,0.3600000000000001,2.5,0.23801421230128966
0,-0.31999999999999995,0.3800000000000001,2.5,0.22451003175011536
0,-0.31999999999999995,0.40000000000000013,2.5,0.21147675977469768
0,-0.31999999999999995,0.41999999999999993,2.5,0.19891507610692363
0,-0.31999999999999995,0.43999999999999995,2.5,0.18682367655981422
0,-0.31999999999999995,0.45999999999999996,2.5,0.17519957878653247
0,-0.31999999999999995,0.48,2.5,0.16403838433452955
0,-0.31999999999999995,0.5,2.5,0.15333449532317325
0,-0.31999999999999995,0.52,2.5,0.14308128576526288
0,-0.31999999999999995,0.54,2.5,0.1332712290967214
0,-0.31999999999999995,0.56,2.5,0.12389598483255597
0,-0.31999999999999995,0.5800000000000001,2.5,0.11494644839823581
0,-0.31999999999999995,0.6000000000000001,2.5,0.10641276907137917
0,-0.31999999999999995,0.6200000000000001,2.5,0.098284341596969
0,-0.31999999999999995,0.6400000000000001,2.5,0.09054977740857896
0,-0.31999999999999995,0.6600000000000001,2.5,0.0831968615067315
0,-0.31999999999999995,0.6799999999999999,2.5,0.07621250093120287
0,-0.31999999999999995,0.7,2.5,0.06958267044263179
0,-0.31999999999999995,0.72,2.5,0.06329236053254006
0,-0.31999999999999995,0.74,2.5,0.057325532247004166
0,-0.31999999999999995,0.76,2.5,0.051665082577705926
0,-0.31999999999999995,0.78,2.5,0.04629282338561301
0,-0.31999999999999995,0.8,2.5,0.04118947601638001
0,-0.31999999999999995,0.8200000000000001,2.5,0.03633468297859748
0,-0.31999999999999995,0.8400000000000001,2.5,0.03170703731699948
0,-0.31999999999999995,0.8600000000000001,2.5,0.02728412964689553
0,-0.31999999999999995,0.8800000000000001,2.5,0.02304261224021269
0,-0.31999999999999995,0.9000000000000001,2.5,0.018958279076609002
0,-0.31999999999999995,0.9199999999999999,2.5,0.015006160396546534
0,-0.31999999999999995,0.94,2.5,0.011160630011580765
0,-0.31999999999999995,0.96,2.5,0.00739552342950553
0,-0.31999999999999995,0.98,2.5,0.003684264723653594
0,-0.31999999999999995,1.0,2.5,0.0
0,-0.29999999999999993,-1.0,2.5,0.0
0,-0.29999999999999993,-0.98,2.5,0.03035065609824978
0,-0.29999999999999993,-0.96,2.5,0.06065349172274956
0,-0.29999999999999993,-0.94,2.5,0.09086082623973844
0,-0.29999999999999993,-0.92,2.5,0.12092523349113883
0,-0.29999999999999993,-0.9,2.5,0.15079960836756995
0,-0.29999999999999993,-0.88,2.5,0.18043716695229794
0,-0.29999999999999993,-0.86,2.5,0.20979136812683752
0,-0.29999999999999993,-0.84,2.5,0.23881575202423083
0,-0.29999999999999993,-0.8200000000000001,2.5,0.2674636988249924
0,-0.29999999999999993,-0.8,2.5,0.2956881194472134
0,-0.29999999999999993,-0.78,2.5,0.32344109703698837
0,-0.29999999999999993,-0.76,2.5,0.3506735042402611
0,-0.29999999999999993,-0.74,2.5,0.37733462557196673
0,-0.29999999999999993,-0.72,2.5,0.40337181648333537
0,-0.29999999999999993,-0.7,2.5,0.42873023082272055
0,-0.29999999999999993,-0.6799999999999999,2.5,0.45335264631977895
0,-0.29999999999999993,-0.6599999999999999,2.5,0.47717941368615774
0,-0.29999999999999993,-0.64,2.5,0.5001485492399058
0,-0.29999999999999993,-0.62,2.5,0.522195984046055
0,-0.29999999999999993,-0.6,2.5,0.5432559749012649
0,-0.29999999999999993,-0.5800000000000001,2.5,0.5632616745732479
0,-0.29999999999999993,-0.56,2.5,0.5821458510128662
0,-0.29999999999999993,-0.54,2.5,0.5998417382132022
0,-0.29999999999999993,-0.52,2.5,0.6162839953438796
0,-0.29999999999999993,-0.5,2.5,0.6314097459971592
0,-0.29999999999999993,-0.48,2.5,0.6451596660038196
0,-0.29999999999999993,-0.45999999999999996,2.5,0.6574790863748404
0,-0.29999999999999993,-0.43999999999999995,2.5,0.6683190774761151
0,-0.29999999999999993,-0.42000000000000004,2.5,0.6776374814516796
0,-0.29999999999999993,-0.4,2.5,0.6853998620240125
0,-0.29999999999999993,-0.38,2.5,0.691580343927295
0,-0.29999999999999993,-0.36,2.5,0.6961623181591805
0,-0.29999999999999993,-0.33999999999999997,2.5,0.699138993750432
0,-0.29999999999999993,-0.31999999999999995,2.5,0.7005137816375205
0,-0.29999999999999993,-0.29999999999999993,2.5,0.700300501283926
0,-0.29999999999999993,-0.28,2.5,0.6985234057554615
0,-0.29999999999999993,-0.26,2.5,0.6952170258618832
0,-0.29999999999999993,-0.24,2.5,0.6904258386048037
0,-0.29999999999999993,-0.21999999999999997,2.5,0.6842037694182453
0,-0.29999999999999993,-0.19999999999999996,2.5,0.6766135414731153
0,-0.29999999999999993,-0.17999999999999994,2.5,0.6677258885801755
0,-0.29999999999999993,-0.16000000000000003,2.5,0.6576186509248688
0,-0.29999999999999993,-0.14,2.5,0.6463757749734439
0,-0.29999999999999993,-0.12,2.5,0.63408624038837
0,-0.29999999999999993,-0.09999999999999998,2.5,0.6208429376787395
0,-0.29999999999999993,-0.07999999999999996,2.5,0.6067415205959766
0,-0.29999999999999993,-0.05999999999999994,2.5,0.5918792569849615
0,-0.29999999999999993,-0.040000000000000036,2.5,0.5763539009441403
0,-0.29999999999999993,-0.020000000000000018,2.5,0.5602626077740637
0,-0.29999999999999993,0.0,2.5,0.5437009113507405
0,-0.29999999999999993,0.020000000000000018,2.5,0.5267617813064015
0,-0.29999999999999993,0.040000000000000036,2.5,0.509534774802696
0,-0.29999999999999993,0.06000000000000005,2.5,0.49210529481446347
0,-0.29999999999999993,0.08000000000000007,2.5,0.47455396378667464
0,-0.29999999999999993,0.10000000000000009,2.5,0.45695611836749545
0,-0.29999999999999993,0.1200000000000001,2.5,0.43938142774332967
0,-0.29999999999999993,0.14000000000000012,2.5,0.4218936349930291
0,-0.29999999999999993,0.15999999999999992,2.5,0.4045504179210571
0,-0.29999999999999993,0.17999999999999994,2.5,0.3874033631003435
0,-0.29999999999999993,0.19999999999999996,2.5,0.3704980444237872
0,-0.29999999999999993,0.21999999999999997,2.5,0.3538741953874885
0,-0.29999999999999993,0.24,2.5,0.3375659626552262
0,-0.29999999999999993,0.26,2.5,0.3216022272153559
0,-0.29999999999999993,0.28,2.5,0.3060069786565862
0,-0.29999999999999993,0.30000000000000004,2.5,0.29079972776162466
0,-0.29999999999999993,0.32000000000000006,2.5,0.2759959427364754
0,-0.29999999999999993,0.3400000000000001,2.5,0.2616074949333282
0,-0.29999999999999993,0.3600000000000001,2.5,0.24764310084898372
0,-0.29999999999999993,0.3800000000000001,2.5,0.23410874844010776
0,-0.29999999999999993,0.40000000000000013,2.5,0.2210080973338285
0,-0.29999999999999993,0.41999999999999993,2.5,0.20834284426316377
0,-0.29999999999999993,0.43999999999999995,2.5,0.19611304695317608
0,-0.29999999999999993,0.45999999999999996,2.5,0.1843174016556355
0,-0.29999999999999993,0.48,2.5,0.17295347150820314
0,-0.29999999999999993,0.5,2.5,0.16201786481286154
0,-0.29999999999999993,0.52,2.5,0.15150636412711083
0,-0.29999999999999993,0.54,2.5,0.14141400868724943
0,-0.29999999999999993,0.56,2.5,0.1317351340918274
0,-0.29999999999999993,0.5800000000000001,2.5,0.1224633743312256
0,-0.29999999999999993,0.6000000000000001,2.5,0.11359163213348243
0,-0.29999999999999993,0.6200000000000001,2.5,0.10511202419559451
0,-0.29999999999999993,0.6400000000000001,2.5,0.09701580818361241
0,-0.29999999999999993,0.6600000000000001,2.5,0.08929329842492405
0,-0.29999999999999993,0.6799999999999999,2.5,0.08193377700318186
0,-0.29999999999999993,0.7,2.5,0.07492540653011087
0,-0.29999999999999993,0.72,2.5,0.06825515024570218
0,-0.29999999999999993,0.74,2.5,0.06190870433086985
0,-0.29999999999999993,0.76,2.5,0.05587044644920561
0,-0.29999999999999993,0.78,2.5,0.0501234036122159
0,-0.29999999999999993,0.8,2.5,0.04464924152878388
0,-0.29999999999999993,0.8200000000000001,2.5,0.03942827669402244
0,-0.29999999999999993,0.8400000000000001,2.5,0.0344395116287262
0,-0.29999999999999993,0.8600000000000001,2.5,0.02966069292447814
0,-0.29999999999999993,0.8800000000000001,2.5,0.025068391098924524
0,-0.29999999999999993,0.9000000000000001,2.5,0.020638100729871604
0,-0.29999999999999993,0.9199999999999999,2.5,0.016344358916274664
0,-0.29999999999999993,0.94,2.5,0.012160879801914545
0,-0.29999999999999993,0.96,2.5,0.008060702680524607
0,-0.29999999999999993,0.98,2.5,0.004016351062110785
0,-0.29999999999999993,1.0,2.5,0.0
0,-0.28,-1.0,2.5,0.0
0,-0.28,-0.98,2.5,0.03019233783563623
0,-0.28,-0.96,2.5,0.06033720003423822
0,-0.28,-0.94,2.5,0.09038725276920048
0,-0.28,-0.92,2.5,0.12029542078615138
0,-0.28,-0.9,2.5,0.15001495639966445
0,-0.28,-0.88,2.5,0.1794994424739465
0,-0.28,-0.86,2.5,0.2087027173565118
0,-0.28,-0.84,2.5,0.2375787171840759
0,-0.28,-0.8200000000000001,2.5,0.2660812390391614
0,-0.28,-0.8,2.5,0.29416363644161386
0,-0.28,-0.78,2.5,0.32177846596548115
0,-0.28,-0.76,2.5,0.34887710980372655
0,-0.28,-0.74,2.5,0.3754094034031579
0,-0.28,-0.72,2.5,0.40132329955192064
0,-0.28,-0.7,2.5,0.42656460038218774
0,-0.28,-0.6799999999999999,2.5,0.45107678668189416
0,-0.28,-0.6599999999999999,2.5,0.4748009698797298
0,-0.28,-0.64,2.5,0.4976759863978089
0,-0.28,-0.62,2.5,0.5196386471751281
0,-0.28,-0.6,2.5,0.5406241475293055
0,-0.28,-0.5800000000000001,2.5,0.5605666346392725
0,-0.28,-0.56,2.5,0.5793999222727926
0,-0.28,-0.54,2.5,0.597058335373237
0,-0.28,-0.52,2.5,0.6134776611071847
0,-0.28,-0.5,2.5,0.6285961782142149
0,-0.28,-0.48,2.5,0.6423557331514657
0,-0.28,-0.45999999999999996,2.5,0.6547028296516293
0,-0.28,-0.43999999999999995,2.5,0.6655896978912863
0,-0.28,-0.42000000000000004,2.5,0.6749753104013596
0,-0.28,-0.4,2.5,0.6828263139915959
0,-0.28,-0.38,2.5,0.6891178501165468
0,-0.28,-0.36,2.5,0.693834240070125
0,-0.28,-0.33999999999999997,2.5,0.696969515941623
0,-0.28,-0.31999999999999995,2.5,0.698527783185761
0,-0.28,-0.29999999999999993,2.5,0.6985234057554615
0,-0.28,-0.28,2.5,0.6969810098417909
0,-0.28,-0.26,2.5,0.6939353072079761
0,-0.28,-0.24,2.5,0.6894307437655681
0,-0.28,-0.21999999999999997,2.5,0.6835209833164679
0,-0.28,-0.19999999999999996,2.5,0.6762682401926923
0,-0.28,-0.17999999999999994,2.5,0.6677424778040804
0,-0.28,-0.16000000000000003,2.5,0.658020492807593
0,-0.28,-0.14,2.5,0.6471849067104243
0,-0.28,-0.12,2.5,0.635323088196275
0,-0.28,-0.09999999999999998,2.5,0.6225260303153163
0,-0.28,-0.07999999999999996,2.5,0.6088872069106357
0,-0.28,-0.05999999999999994,2.5,0.5945014322853555
0,-0.28,-0.040000000000000036,2.5,0.5794637471741713
0,-0.28,-0.020000000000000018,2.5,0.5638683526106544
0,-0.28,0.0,2.5,0.5478076113278322
0,-0.28,0.020000000000000018,2.5,0.5313711339549929
0,-0.28,0.040000000000000036,2.5,0.5146449645484396
0,-0.28,0.06000000000000005,2.5,0.49771087699616895
0,-0.28,0.08000000000000007,2.5,0.48064579065083984
0,-0.28,0.10000000000000009,2.5,0.46352131026084303
0,-0.28,0.1200000000000001,2.5,0.44640339197681206
0,-0.28,0.14000000000000012,2.5,0.42935213400077477
0,-0.28,0.15999999999999992,2.5,0.41242168740428087
0,-0.28,0.17999999999999994,2.5,0.3956602798509883
0,-0.28,0.19999999999999996,2.5,0.37911034249036335
0,-0.28,0.21999999999999997,2.5,0.3628087282033186
0,-0.28,0.24,2.5,0.34678700772563925
0,-0.28,0.26,2.5,0.33107182898439735
0,-0.28,0.28,2.5,0.3156853242741057
0,-0.28,0.30000000000000004,2.5,0.30064554967528284
0,-0.28,0.32000000000000006,2.5,0.2859669413648937
0,-0.28,0.3400000000000001,2.5,0.2716607741575431
0,-0.28,0.3600000000000001,2.5,0.25773560870661605
0,-0.28,0.3800000000000001,2.5,0.24419771523247097
0,-0.28,0.40000000000000013,2.5,0.23105146336750157
0,-0.28,0.41999999999999993,2.5,0.2182996696457004
0,-0.28,0.43999999999999995,2.5,0.20594389624329212
0,-0.28,0.45999999999999996,2.5,0.19398469672153848
0,-0.28,0.48,2.5,0.18242180665861346
0,-0.28,0.5,2.5,0.17125427911393776
0,-0.28,0.52,2.5,0.16048056678109288
0,-0.28,0.54,2.5,0.1500985543981644
0,-0.28,0.56,2.5,0.14010554645074735
0,-0.28,0.5800000000000001,2.5,0.1304982163877917
0,-0.28,0.6000000000000001,2.5,0.12127252445093532
0,-0.28,0.6200000000000001,2.5,0.11242361178348653
0,-0.28,0.6400000000000001,2.5,0.1039456787376657
0,-0.28,0.6600000000000001,2.5,0.09583185525190735
0,-0.28,0.6799999999999999,2.5,0.08807407084859072
0,-0.28,0.7,2.5,0.08066293124052773
0,-0.28,0.72,2.5,0.07358760777344305
0,-0.28,0.74,2.5,0.06683574501839296
0,-0.28,0.76,2.5,0.06039339081236897
0,-0.28,0.78,2.5,0.054244951977319364
0,-0.28,0.8,2.5,0.0483731778754072
0,-0.28,0.8200000000000001,2.5,0.04275917292479956
0,-0.28,0.8400000000000001,2.5,0.03738243824225225
0,-0.28,0.8600000000000001,2.5,0.03222094172449607
0,-0.28,0.8800000000000001,2.5,0.027251215148837823
0,-0.28,0.9000000000000001,2.5,0.02244847627359826
0,-0.28,0.9199999999999999,2.5,0.01778677345073179
0,-0.28,0.94,2.5,0.013239149917528222
0,-0.28,0.96,2.5,0.008777824696294739
0,-0.28,0.98,2.5,0.004374386880400116
0,-0.28,1.0,2.5,0.0
0,-0.26,-1.0,2.5,0.0
0,-0.26,-0.98,2.5,0.029959936622604717
0,-0.26,-0.96,2.5,0.059872868327551794
0,-0.26,-0.94,2.5,0.089691933895971
0,-0.26,-0.92,2.5,0.11937053467745122
0,-0.26,-0.9,2.5,0.1488624061140074
0,-0.26,-0.88,2.5,0.17812162382957802
0,-0.26,-0.86,2.5,0.20710253236336232
0,-0.26,-0.84,2.5,0.23575959201157537
0,-0.26,-0.8200000000000001,2.5,0.26404714723125344
0,-0.26,-0.8,2.5,0.2919191279941414
0,-0.26,-0.78,2.5,0.3193287027176221
0,-0.26,-0.76,2.5,0.3462279073728384
0,-0.26,-0.74,2.5,0.37256727962345304
0,-0.26,-0.72,2.5,0.39829552907659194
0,-0.26,-0.7,2.5,0.4233592747920498
0,-0.26,-0.6799999999999999,2.5,0.44770287912748336
0,-0.26,-0.6599999999999999,2.5,0.4712684029832502
0,-0.26,-0.64,2.5,0.49399570186945363
0,-0.26,-0.62,2.5,0.5158226753656006
0,-0.26,-0.6,2.5,0.536685674954224
0,-0.26,-0.5800000000000001,2.5,0.5565200673758334
0,-0.26,-0.56,2.5,0.5752609430459744
0,-0.26,-0.54,2.5,0.5928439521168153
0,-0.26,-0.52,2.5,0.6092062448009008
0,-0.26,-0.5,2.5,0.6242874878583973
0,-0.26,-0.48,2.5,0.6380309258394596
0,-0.26,-0.45999999999999996,2.5,0.6503844538339635
0,-0.26,-0.43999999999999995,2.5,0.6613016680895348
0,-0.26,-0.42000000000000004,2.5,0.6707428618211037
0,-0.26,-0.4,2.5,0.6786759357009132
0,-0.26,-0.38,2.5,0.6850771956983225
0,-0.26,-0.36,2.5,0.6899320149235673
0,-0.26,-0.33999999999999997,2.5,0.6932353407017481
0,-0.26,-0.31999999999999995,2.5,0.6949920330507348
0,-0.26,-0.29999999999999993,2.5,0.6952170258618832
0,-0.26,-0.28,2.5,0.6939353072079761
0,-0.26,-0.26,2.5,0.6911817201747592
0,-0.26,-0.24,2.5,0.6870005903011771
0,-0.26,-0.21999999999999997,2.5,0.6814451900129813
0,-0.26,-0.19999999999999996,2.5,0.6745770542606655
0,-0.26,-0.17999999999999994,2.5,0.6664651648611102
0,-0.26,-0.16000000000000003,2.5,0.6571850237456822
0,-0.26,-0.14,2.5,0.6468176374037587
0,-0.26,-0.12,2.5,0.6354484362613911
0,-0.26,-0.09999999999999998,2.5,0.6231661535442607
0,-0.26,-0.07999999999999996,2.5,0.6100616883484014
0,-0.26,-0.05999999999999994,2.5,0.5962269771991731
0,-0.26,-0.040000000000000036,2.5,0.5817538973482531
0,-0.26,-0.020000000000000018,2.5,0.5667332234809537
0,-0.26,0.0,2.5,0.5512536574345087
0,-0.26,0.020000000000000018,2.5,0.535400948025426
0,-0.26,0.040000000000000036,2.5,0.5192571152238932
0,-0.26,0.06000000000000005,2.5,0.502899789777633
0,-0.26,0.08000000000000007,2.5,0.486401676065359
0,-0.26,0.10000000000000009,2.5,0.46983014254466277
0,-0.26,0.1200000000000001,2.5,0.45324694074640104
0,-0.26,0.14000000000000012,2.5,0.4367080504523468
0,-0.26,0.15999999999999992,2.5,0.42026364556624823
0,-0.26,0.17999999999999994,2.5,0.4039581723351579
0,-0.26,0.19999999999999996,2.5,0.387830529073186
0,-0.26,0.21999999999999997,2.5,0.37191433444709954
0,-0.26,0.24,2.5,0.35623826975186607
0,-0.26,0.26,2.5,0.3408264794682297
0,-0.26,0.28,2.5,0.3256990137710993
0,-0.26,0.30000000000000004,2.5,0.3108722965473744
0,-0.26,0.32000000000000006,2.5,0.29635960286870044
0,-0.26,0.3400000000000001,2.5,0.2821715307165748
0,-0.26,0.3600000000000001,2.5,0.2683164530280428
0,-0.26,0.3800000000000001,2.5,0.2548009377613795
0,-0.26,0.40000000000000013,2.5,0.24163012560418162
0,-0.26,0.41999999999999993,2.5,0.22880805708548987
0,-0.26,0.43999999999999995,2.5,0.21633794312886329
0,-0.26,0.45999999999999996,2.5,0.20422237541325391
0,-0.26,0.48,2.5,0.19246347521318474
0,-0.26,0.5,2.5,0.18106298159349363
0,-0.26,0.52,2.5,0.17002228186803223
0,-0.26,0.54,2.5,0.15934238903654657
0,-0.26,0.56,2.5,0.14902387244077334
0,-0.26,0.5800000000000001,2.5,0.13906674909314856
0,-0.26,0.6000000000000001,2.5,0.12947034400624163
0,-0.26,0.6200000000000001,2.5,0.12023312837855125
0,-0.26,0.6400000000000001,2.5,0.11135254467658484
0,-0.26,0.6600000000000001,2.5,0.10282482751103253
0,-0.26,0.6799999999999999,2.5,0.09464482876491759
0,-0.26,0.7,2.5,0.08680585473251724
0,-0.26,0.72,2.5,0.07929952211631613
0,-0.26,0.74,2.5,0.07211563865759893
0,-0.26,0.76,2.5,0.06524211299977745
0,-0.26,0.78,2.5,0.058664897157576
0,-0.26,0.8,2.5,0.05236796374249797
0,-0.26,0.8200000000000001,2.5,0.04633331892300416
0,-0.26,0.8400000000000001,2.5,0.04054105101641691
0,-0.26,0.8600000000000001,2.5,0.0349694136492503
0,-0.26,0.8800000000000001,2.5,0.029594941603504107
0,-0.26,0.9000000000000001,2.5,0.024392596797641407
0,-0.26,0.9199999999999999,2.5,0.019335941331232058
0,-0.26,0.94,2.5,0.014397334141055429
0,-0.26,0.96,2.5,0.009548147555887806
0,-0.26,0.98,2.5,0.0047589998743549945
0,-0.26,1.0,2.5,0.0
0,-0.24,-1.0,2.5,0.0
0,-0.24,-0.98,2.5,0.029655351171147575
0,-0.24,-0.96,2.5,0.05926429106906384
0,-0.24,-0.94,2.5,0.088780553935287
0,-0.24,-0.92,2.5,0.11815814049355587
0,-0.24,-0.9,2.5,0.14735139210973686
0,-0.24,-0.88,2.5,0.1763150002632187
0,-0.24,-0.86,2.5,0.20500393954763377
0,-0.24,-0.84,2.5,0.23337331972268607
0,-0.24,-0.8200000000000001,2.5,0.26137816023770727
0,-0.24,-0.8,2.5,0.28897309849066044
0,-0.24,-0.78,2.5,0.3161120502394458
0,-0.24,-0.76,2.5,0.34274784648120626
0,-0.24,-0.74,2.5,0.3688318753105091
0,-0.24,-0.72,2.5,0.3943137594568246
0,-0.24,-0.7,2.5,0.41914110024896056
0,-0.24,-0.6799999999999999,2.5,0.44325931668973906
0,-0.24,-0.6599999999999999,2.5,0.46661160433396354
0,-0.24,-0.64,2.5,0.4891390330625345
0,-0.24,-0.62,2.5,0.5107807960478086
0,-0.24,-0.6,2.5,0.531474614679963
0,-0.24,-0.5800000000000001,2.5,0.55115729645894
0,-0.24,-0.56,2.5,0.5697654353198898
0,-0.24,-0.54,2.5,0.5872362369692419
0,-0.24,-0.52,2.5,0.6035084459063905
0,-0.24,-0.5,2.5,0.6185233461455555
0,-0.24,-0.48,2.5,0.6322258043910095
0,-0.24,-0.45999999999999996,2.5,0.6445653226202541
0,-0.24,-0.43999999999999995,2.5,0.6554970666723062
0,-0.24,-0.42000000000000004,2.5,0.6649828384288666
0,-0.24,-0.4,2.5,0.6729919613660238
0,-0.24,-0.38,2.5,0.679502052456279
0,-0.24,-0.36,2.5,0.6844996574062334
0,-0.24,-0.33999999999999997,2.5,0.6879807308082877
0,-0.24,-0.31999999999999995,2.5,0.689950947753983
0,-0.24,-0.29999999999999993,2.5,0.6904258386048037
0,-0.24,-0.28,2.5,0.6894307437655681
0,-0.24,-0.26,2.5,0.6870005903011771
0,-0.24,-0.24,2.5,0.6831794969483469
0,-0.24,-0.21999999999999997,2.5,0.6780202183923087
0,-0.24,-0.19999999999999996,2.5,0.6715834435179753
0,-0.24,-0.17999999999999994,2.5,0.6639369656389603
0,-0.24,-0.16000000000000003,2.5,0.6551547454064754
0,-0.24,-0.14,2.5,0.6453158891693486
0,-0.24,-0.12,2.5,0.6345035669758847
0,-0.24,-0.09999999999999998,2.5,0.6228038951708169
0,-0.24,-0.07999999999999996,2.5,0.6103048086513668
0,-0.24,-0.05999999999999994,2.5,0.5970949473230697
0,-0.24,-0.040000000000000036,2.5,0.5832625801685113
0,-0.24,-0.020000000000000018,2.5,0.5688945886527441
0,-0.24,0.0,2.5,0.5540755289924334
0,-0.24,0.020000000000000018,2.5,0.5388867901778248
0,-0.24,0.040000000000000036,2.5,0.5234058616342501
0,-0.24,0.06000000000000005,2.5,0.5077057211291715
0,-0.24,0.08000000000000007,2.5,0.49185435006512634
0,-0.24,0.10000000000000009,2.5,0.4759143797467209
0,-0.24,0.1200000000000001,2.5,0.45994286867162154
0,-0.24,0.14000000000000012,2.5,0.4439912074710702
0,-0.24,0.15999999999999992,2.5,0.42810514491059054
0,-0.24,0.17999999999999994,2.5,0.41232492544500526
0,-0.24,0.19999999999999996,2.5,0.3966855262822784
0,-0.24,0.21999999999999997,2.5,0.3812169798140144
0,-0.24,0.24,2.5,0.3659447656676872
0,-0.24,0.26,2.5,0.35089025556123604
0,-0.24,0.28,2.5,0.33607119361129817
0,-0.24,0.30000000000000004,2.5,0.3215021947607139
0,-0.24,0.32000000000000006,2.5,0.30719524452996794
0,-0.24,0.3400000000000001,2.5,0.29316018432506646
0,-0.24,0.3600000000000001,2.5,0.27940516799993304
0,-0.24,0.3800000000000001,2.5,0.2659370772106674
0,-0.24,0.40000000000000013,2.5,0.25276188523733323
0,-0.24,0.41999999999999993,2.5,0.2398849613042417
0,-0.24,0.43999999999999995,2.5,0.2273113099153768
0,-0.24,0.45999999999999996,2.5,0.2150457422498819
0,-0.24,0.48,2.5,0.20309297914749191
0,-0.24,0.5,2.5,0.19145768757450748
0,-0.24,0.52,2.5,0.18014445462402945
0,-0.24,0.54,2.5,0.1691577050064443
0,-0.24,0.56,2.5,0.1585015695762871
0,-0.24,0.5800000000000001,2.5,0.14817971368183155
0,-0.24,0.6000000000000001,2.5,0.13819513499069963
0,-0.24,0.6200000000000001,2.5,0.12854994092996208
0,-0.24,0.6400000000000001,2.5,0.11924511598878884
0,-0.24,0.6600000000000001,2.5,0.11028028888585907
0,-0.24,0.6799999999999999,2.5,0.10165350903525427
0,-0.24,0.7,2.5,0.09336104089712541
0,-0.24,0.72,2.5,0.08539718372529036
0,-0.24,0.74,2.5,0.07775412298128402
0,-0.24,0.76,2.5,0.07042181833440467
0,-0.24,0.78,2.5,0.06338793177105899
0,-0.24,0.8,2.5,0.0566377979521015
0,-0.24,0.8200000000000001,2.5,0.05015443763577579
0,-0.24,0.8400000000000001,2.5,0.04391861376965552
0,-0.24,0.8600000000000001,2.5,0.03790892878057958
0,-0.24,0.8800000000000001,2.5,0.03210196067825563
0,-0.24,0.9000000000000001,2.5,0.026472434845205436
0,-0.24,0.9199999999999999,2.5,0.020993427810721648
0,-0.24,0.94,2.5,0.01563659888696077
0,-0.24,0.96,2.5,0.01037244526054978
0,-0.24,0.98,2.5,0.005170575957061785
0,-0.24,1.0,2.5,0.0
0,-0.21999999999999997,-1.0,2.5,0.0
0,-0.21999999999999997,-0.98,2.5,0.02928096264289778
0,-0.21999999999999997,-0.96,2.5,0.058516226778677745
0,-0.21999999999999997,-0.94,2.5,0.08766024116810031
0,-0.21999999999999997,-0.92,2.5,0.1166677249023993
0,-0.21999999999999997,-0.9,2.5,0.14549374431159204
0,-0.21999999999999997,-0.88,2.5,0.17409372608932866
0,-0.21999999999999997,-0.86,2.5,0.2024233950209861
0,-0.21999999999999997,-0.84,2.5,0.23043863190547417
0,-0.21999999999999997,-0.8200000000000001,2.5,0.25809525505048947
0,-0.21999999999999997,-0.8,2.5,0.28534873645338965
0,-0.21999999999999997,-0.78,2.5,0.31215387082931223
0,-0.21999999999999997,-0.76,2.5,0.33846442145762856
0,-0.21999999999999997,-0.74,2.5,0.364232770943728
0,-0.21999999999999997,-0.72,2.5,0.38940960713761885
0,-0.21999999999999997,-0.7,2.5,0.4139436744792303
0,-0.21999999999999997,-0.6799999999999999,2.5,0.4377816189833286
0,-0.21999999999999997,-0.6599999999999999,2.5,0.46086795111848083
0,-0.21999999999999997,-0.64,2.5,0.4831451452870029
0,-0.21999999999999997,-0.62,2.5,0.5045538878841532
0,-0.21999999999999997,-0.6,2.5,0.525033478469778
0,-0.21999999999999997,-0.5800000000000001,2.5,0.5445223809066041
0,-0.21999999999999997,-0.56,2.5,0.5629589138697173
0,-0.21999999999999997,-0.54,2.5,0.580282063324533
0,-0.21999999999999997,-0.52,2.5,0.5964323937451014
0,-0.21999999999999997,-0.5,2.5,0.6113530302516949
0,-0.21999999999999997,-0.48,2.5,0.6249906806425363
0,-0.21999999999999997,-0.45999999999999996,2.5,0.6372966645427766
0,-0.21999999999999997,-0.43999999999999995,2.5,0.6482279165737316
0,-0.21999999999999997,-0.42000000000000004,2.5,0.6577479314651985
0,-0.21999999999999997,-0.4,2.5,0.6658276212465399
0,-0.21999999999999997,-0.38,2.5,0.6724460578731545
0,-0.21999999999999997,-0.36,2.5,0.6775910786670185
0,-0.21999999999999997,-0.33999999999999997,2.5,0.681259736558865
0,-0.21999999999999997,-0.31999999999999995,2.5,0.6834585821051242
0,-0.21999999999999997,-0.29999999999999993,2.5,0.6842037694182453
0,-0.21999999999999997,-0.28,2.5,0.6835209833164679
0,-0.21999999999999997,-0.26,2.5,0.6814451900129813
0,-0.21999999999999997,-0.24,2.5,0.6780202183923087
0,-0.21999999999999997,-0.21999999999999997,2.5,0.6732981832540061
0,-0.21999999999999997,-0.19999999999999996,2.5,0.6673387657519779
0,-0.21999999999999997,-0.17999999999999994,2.5,0.6602083695525862
0,-0.21999999999999997,-0.16000000000000003,2.5,0.6519791739242564
0,-0.21999999999999997,-0.14,2.5,0.6427281070189593
0,-0.21999999999999997,-0.12,2.5,0.6325357639894416
0,-0.21999999999999997,-0.09999999999999998,2.5,0.6214852952965586
0,-0.21999999999999997,-0.07999999999999996,2.5,0.6096612906027852
0,-0.21999999999999997,-0.05999999999999994,2.5,0.597148683038215
0,-0.21999999999999997,-0.040000000000000036,2.5,0.584031697394567
0,-0.21999999999999997,-0.020000000000000018,2.5,0.5703928639944753
0,-0.21999999999999997,0.0,2.5,0.5563121176542789
0,-0.21999999999999997,0.020000000000000018,2.5,0.5418659983776442
0,-0.21999999999999997,0.040000000000000036,2.5,0.527126967265145
0,-0.21999999999999997,0.06000000000000005,2.5,0.5121628476917387
0,-0.21999999999999997,0.08000000000000007,2.5,0.49703639818805223
0,-0.21999999999999997,0.10000000000000009,2.5,0.48180501976602513
0,-0.21999999999999997,0.1200000000000001,2.5,0.46652059676049057
0,-0.21999999999999997,0.14000000000000012,2.5,0.45122946672059555
0,-0.21999999999999997,0.15999999999999992,2.5,0.43597251157920885
0,-0.21999999999999997,0.17999999999999994,2.5,0.42078535934762573
0,-0.21999999999999997,0.19999999999999996,2.5,0.40569868300922574
0,-0.21999999999999997,0.21999999999999997,2.5,0.39073858118787674
0,-0.21999999999999997,0.24,2.5,0.37592702359747754
0,-0.21999999999999997,0.26,2.5,0.3612823432729784
0,-0.21999999999999997,0.28,2.5,0.3468197571565031
0,-0.21999999999999997,0.30000000000000004,2.5,0.3325518967615767
0,-0.21999999999999997,0.32000000000000006,2.5,0.318489331341708
0,-0.21999999999999997,0.3400000000000001,2.5,0.30464106720663015
0,-0.21999999999999997,0.3600000000000001,2.5,0.29101500850414147
0,-0.21999999999999997,0.3800000000000001,2.5,0.27761836684766567
0,-0.21999999999999997,0.40000000000000013,2.5,0.26445800953829524
0,-0.21999999999999997,0.41999999999999993,2.5,0.2515407387162124
0,-0.21999999999999997,0.43999999999999995,2.5,0.23887349648652684
0,-0.21999999999999997,0.45999999999999996,2.5,0.226463493804164
0,-0.21999999999999997,0.48,2.5,0.2143182635792605
0,-0.21999999999999997,0.5,2.5,0.20244564099192103
0,-0.21999999999999997,0.52,2.5,0.19085367630499156
0,-0.21999999999999997,0.54,2.5,0.17955048746860755
0,-0.21999999999999997,0.56,2.5,0.1685440614667288
0,-0.21999999999999997,0.5800000000000001,2.5,0.1578420146244608
0,-0.21999999999999997,0.6000000000000001,2.5,0.1474513229521899
0,-0.21999999999999997,0.6200000000000001,2.5,0.13737803404109428
0,-0.21999999999999997,0.6400000000000001,2.5,0.12762697205301868
0,-0.21999999999999997,0.6600000000000001,2.5,0.11820144698970933
0,-0.21999999999999997,0.6799999999999999,2.5,0.10910297871936209
0,-0.21999999999999997,0.7,2.5,0.10033104523138346
0,-0.21999999999999997,0.72,2.5,0.09188286334140124
0,-0.21999999999999997,0.74,2.5,0.08375320864235083
0,-0.21999999999999997,0.76,2.5,0.07593427996138374
0,-0.21999999999999997,0.78,2.5,0.06841561200352383
0,-0.21999999999999997,0.8,2.5,0.061184038304876
0,-0.21999999999999997,0.8200000000000001,2.5,0.054223705137378196
0,-0.21999999999999997,0.8400000000000001,2.5,0.04751613565067743
0,-0.21999999999999997,0.8600000000000001,2.5,0.0410403423401792
0,-0.21999999999999997,0.8800000000000001,2.5,0.03477298491624761
0,-0.21999999999999997,0.9000000000000001,2.5,0.02868856982718894
0,-0.21999999999999997,0.9199999999999999,2.5,0.02275968705456921
0,-0.21999999999999997,0.94,2.5,0.016957279338897735
0,-0.21999999999999997,0.96,2.5,0.01125093868316327
0,-0.21999999999999997,0.98,2.5,0.005609224791657896
0,-0.21999999999999997,1.0,2.5,0.0
0,-0.19999999999999996,-1.0,2.5,0.0
0,-0.19999999999999996,-0.98,2.5,0.028839612917552146
0,-0.19999999999999996,-0.96,2.5,0.057634354593320364
0,-0.19999999999999996,-0.94,2.5,0.08633950275262033
0,-0.19999999999999996,-0.92,2.5,0.11491060924962236
0,-0.19999999999999996,-0.9,2.5,0.1433035798384865
0,-0.19999999999999996,-0.88,2.5,0.1714746912189239
0,-0.19999999999999996,-0.86,2.5,0.19938053393987706
0,-0.19999999999999996,-0.84,2.5,0.22697787683150913
0,-0.19999999999999996,-0.8200000000000001,2.5,0.25422345629681103
0,-0.19999999999999996,-0.8,2.5,0.2810737013972945
0,-0.19999999999999996,-0.78,2.5,0.307484412595856
0,-0.19999999999999996,-0.76,2.5,0.33341041772550234
0,-0.19999999999999996,-0.74,2.5,0.3588052327985606
0,-0.19999999999999996,-0.72,2.5,0.3836207573641445
0,-0.19999999999999996,-0.7,2.5,0.40780703412971014
0,-0.19999999999999996,-0.6799999999999999,2.5,0.431312100516198
0,-0.19999999999999996,-0.6599999999999999,2.5,0.4540819558971191
0,-0.19999999999999996,-0.64,2.5,0.4760606627884116
0,-0.19999999999999996,-0.62,2.5,0.49719059361036816
0,-0.19999999999999996,-0.6,2.5,0.5174128272940346
0,-0.19999999999999996,-0.5800000000000001,2.5,0.5366676924282523
0,-0.19999999999999996,-0.56,2.5,0.5548954462972776
0,-0.19999999999999996,-0.54,2.5,0.5720370724505113
0,-0.19999999999999996,-0.52,2.5,0.5880351737105883
0,-0.19999999999999996,-0.5,2.5,0.602834933011905
0,-0.19999999999999996,-0.48,2.5,0.6163851113234384
0,-0.19999999999999996,-0.45999999999999996,2.5,0.6286390502107427
0,-0.19999999999999996,-0.43999999999999995,2.5,0.6395556463125353
0,-0.19999999999999996,-0.42000000000000004,2.5,0.6491002660572639
0,-0.19999999999999996,-0.4,2.5,0.6572455711798163
0,-0.19999999999999996,-0.38,2.5,0.6639722288355633
0,-0.19999999999999996,-0.36,2.5,0.6692694841436125
0,-0.19999999999999996,-0.33999999999999997,2.5,0.6731355776111326
0,-0.19999999999999996,-0.31999999999999995,2.5,0.6755779948873356
0,-0.19999999999999996,-0.29999999999999993,2.5,0.6766135414731153
0,-0.19999999999999996,-0.28,2.5,0.6762682401926923
0,-0.19999999999999996,-0.26,2.5,0.6745770542606655
0,-0.19999999999999996,-0.24,2.5,0.6715834435179753
0,-0.19999999999999996,-0.21999999999999997,2.5,0.6673387657519779
0,-0.19999999999999996,-0.19999999999999996,2.5,0.6619015388683918
0,-0.19999999999999996,-0.17999999999999994,2.5,0.6553365829745816
0,-0.19999999999999996,-0.16000000000000003,2.5,0.6477140641098709
0,-0.19999999999999996,-0.14,2.5,0.6391084633803791
0,-0.19999999999999996,-0.12,2.5,0.6295974965988121
0,-0.19999999999999996,-0.09999999999999998,2.5,0.6192610101830901
0,-0.19999999999999996,-0.07999999999999996,2.5,0.6081798790349557
0,-0.19999999999999996,-0.05999999999999994,2.5,0.5964349314175995
0,-0.19999999999999996,-0.040000000000000036,2.5,0.5841059245108193
0,-0.19999999999999996,-0.020000000000000018,2.5,0.5712705923882315
0,-0.19999999999999996,0.0,2.5,0.5580037856923408
0,-0.19999999999999996,0.020000000000000018,2.5,0.5443767193519605
0,-0.19999999999999996,0.040000000000000036,2.5,0.5304563413768602
0,-0.19999999999999996,0.06000000000000005,2.5,0.5163048321714093
0,-0.19999999999999996,0.08000000000000007,2.5,0.5019792400355891
0,-0.19999999999999996,0.10000000000000009,2.5,0.4875312546768399
0,-0.19999999999999996,0.1200000000000001,2.5,0.4730071167510515
0,-0.19999999999999996,0.14000000000000012,2.5,0.4584476577958472
0,-0.19999999999999996,0.15999999999999992,2.5,0.443888461519843
0,-0.19999999999999996,0.17999999999999994,2.5,0.4293601343653144
0,-0.19999999999999996,0.19999999999999996,2.5,0.4148886706546475
0,-0.19999999999999996,0.21999999999999997,2.5,0.4004958955345564
0,-0.19999999999999996,0.24,2.5,0.3861999674006123
0,-0.19999999999999996,0.26,2.5,0.3720159205535831
0,-0.19999999999999996,0.28,2.5,0.357956228523557
0,-0.19999999999999996,0.30000000000000004,2.5,0.3440313687925218
0,-0.19999999999999996,0.32000000000000006,2.5,0.3302503705254015
0,-0.19999999999999996,0.3400000000000001,2.5,0.3166213283389713
0,-0.19999999999999996,0.3600000000000001,2.5,0.30315186703585023
0,-0.19999999999999996,0.3800000000000001,2.5,0.28984954453056044
0,-0.19999999999999996,0.40000000000000013,2.5,0.27672218280843225
0,-0.19999999999999996,0.41999999999999993,2.5,0.2637781195897365
0,-0.19999999999999996,0.43999999999999995,2.5,0.25102637631996827
0,-0.19999999999999996,0.45999999999999996,2.5,0.23847674107103597
0,-0.19999999999999996,0.48,2.5,0.2261397678182402
0,-0.19999999999999996,0.5,2.5,0.21402669626171952
0,-0.19999999999999996,0.52,2.5,0.20214929880517063
0,-0.19999999999999996,0.54,2.5,0.1905196634179971
0,-0.19999999999999996,0.56,2.5,0.1791499228328268
0,-0.19999999999999996,0.5800000000000001,2.5,0.1680519418278602
0,-0.19999999999999996,0.6000000000000001,2.5,0.15723697518915697
0,-0.19999999999999996,0.6200000000000001,2.5,0.14671530933566856
0,-0.19999999999999996,0.6400000000000001,2.5,0.1364959005307386
0,-0.19999999999999996,0.6600000000000001,2.5,0.12658602212539605
0,-0.19999999999999996,0.6799999999999999,2.5,0.11699093242330835
0,-0.19999999999999996,0.7,2.5,0.1077135735794705
0,-0.19999999999999996,0.72,2.5,0.09875431050913748
0,-0.19999999999999996,0.74,2.5,0.09011071716129045
0,-0.19999999999999996,0.76,2.5,0.08177741577624997
0,-0.19999999999999996,0.78,2.5,0.07374597297349436
0,-0.19999999999999996,0.8,2.5,0.06600485477261933
0,-0.19999999999999996,0.8200000000000001,2.5,0.05853944099932885
0,-0.19999999999999996,0.8400000000000001,2.5,0.05133209802042598
0,-0.19999999999999996,0.8600000000000001,2.5,0.044362307425161916
0,-0.19999999999999996,0.8800000000000001,2.5,0.037606847148949483
0,-0.19999999999999996,0.9000000000000001,2.5,0.03104002062865006
0,-0.19999999999999996,0.9199999999999999,2.5,0.024633928881704983
0,-0.19999999999999996,0.94,2.5,0.018358779897298064
0,-0.19999999999999996,0.96,2.5,0.01218322938978555
0,-0.19999999999999996,0.98,2.5,0.006074746759702217
0,-0.19999999999999996,1.0,2.5,0.0
0,-0.17999999999999994,-1.0,2.5,0.0
0,-0.17999999999999994,-0.98,2.5,0.02833457625628986
0,-0.17999999999999994,-0.96,2.5,0.056625217631646206
0,-0.17999999999999994,-0.94,2.5,0.08482813986571705
0,-0.17999999999999994,-0.92,2.5,0.11289983658900929
0,-0.17999999999999994,-0.9,2.5,0.14079716207135431
0,-0.17999999999999994,-0.88,2.5,0.16847735244816703
0,-0.17999999999999994,-0.86,2.5,0.1958979742319729
0,-0.17999999999999994,-0.84,2.5,0.22301679586963302
0,-0.17999999999999994,-0.8200000000000001,2.5,0.24979158562097542
0,-0.17999999999999994,-0.8,2.5,0.2761798464907109
0,-0.17999999999999994,-0.78,2.5,0.30213850573694334
0,-0.17999999999999994,-0.76,2.5,0.3276235820675471
0,-0.17999999999999994,-0.74,2.5,0.35258985759143513
0,-0.17999999999999994,-0.72,2.5,0.3769905836275387
0,-0.17999999999999994,-0.7,2.5,0.40077724946059995
0,-0.17999999999999994,-0.6799999999999999,2.5,0.4238994411002151
0,-0.17999999999999994,-0.6599999999999999,2.5,0.44630481322695903
0,-0.17999999999999994,-0.64,2.5,0.4679391921005413
0,-0.17999999999999994,-0.62,2.5,0.48874682065592584
0,-0.17999999999999994,-0.6,2.5,0.5086707497756632
0,-0.17999999999999994,-0.5800000000000001,2.5,0.5276533722690406
0,-0.17999999999999994,-0.56,2.5,0.5456370888614066
0,-0.17999999999999994,-0.54,2.5,0.5625650889020072
0,-0.17999999999999994,-0.52,2.5,0.5783822228664016
0,-0.17999999999999994,-0.5,2.5,0.5930359393047314
0,-0.17999999999999994,-0.48,2.5,0.6064772558229589
0,-0.17999999999999994,-0.45999999999999996,2.5,0.6186617320436587
0,-0.17999999999999994,-0.43999999999999995,2.5,0.6295504122573122
0,-0.17999999999999994,-0.42000000000000004,2.5,0.639110706556159
0,-0.17999999999999994,-0.4,2.5,0.6473171814984028
0,-0.17999999999999994,-0.38,2.5,0.6541522346012241
0,-0.17999999999999994,-0.36,2.5,0.6596066310047163
0,-0.17999999999999994,-0.33999999999999997,2.5,0.6636798852756052
0,-0.17999999999999994,-0.31999999999999995,2.5,0.6663804763226658
0,-0.17999999999999994,-0.29999999999999993,2.5,0.6677258885801755
0,-0.17999999999999994,-0.28,2.5,0.6677424778040804
0,-0.17999999999999994,-0.26,2.5,0.6664651648611102
0,-0.17999999999999994,-0.24,2.5,0.6639369656389603
0,-0.17999999999999994,-0.21999999999999997,2.5,0.6602083695525862
0,-0.17999999999999994,-0.19999999999999996,2.5,0.6553365829745816
0,-0.17999999999999994,-0.17999999999999994,2.5,0.6493846572022232
0,-0.17999999999999994,-0.16000000000000003,2.5,0.6424205232327487
0,-0.17999999999999994,-0.14,2.5,0.6345159576102934
0,-0.17999999999999994,-0.12,2.5,0.6257455049058264
0,-0.17999999999999994,-0.09999999999999998,2.5,0.6161853829831435
0,-0.17999999999999994,-0.07999999999999996,2.5,0.6059123970914521
0,-0.17999999999999994,-0.05999999999999994,2.5,0.5950028880248729
0,-0.17999999999999994,-0.040000000000000036,2.5,0.5835317381326312
0,-0.17999999999999994,-0.020000000000000018,2.5,0.5715714568971451
0,-0.17999999999999994,0.0,2.5,0.5591913651817069
0,-0.17999999999999994,0.020000000000000018,2.5,0.5464568941602758
0,-0.17999999999999994,0.040000000000000036,2.5,0.5334290114673625
0,-0.17999999999999994,0.06000000000000005,2.5,0.5201637833456271
0,-0.17999999999999994,0.08000000000000007,2.5,0.5067120776310439
0,-0.17999999999999994,0.10000000000000009,2.5,0.49311940841471497
0,-0.17999999999999994,0.1200000000000001,2.5,0.4794259192736249
0,-0.17999999999999994,0.14000000000000012,2.5,0.46566649818573147
0,-0.17999999999999994,0.15999999999999992,2.5,0.4518710137487343
0,-0.17999999999999994,0.17999999999999994,2.5,0.4380646592089504
0,-0.17999999999999994,0.19999999999999996,2.5,0.42426838816683177
0,-0.17999999999999994,0.21999999999999997,2.5,0.41049942373315323
0,-0.17999999999999994,0.24,2.5,0.39677182142087686
0,-0.17999999999999994,0.26,2.5,0.38309706520800674
0,-0.17999999999999994,0.28,2.5,0.3694846760107024
0,-0.17999999999999994,0.30000000000000004,2.5,0.3559428122559373
0,-0.17999999999999994,0.32000000000000006,2.5,0.3424788433099517
0,-0.17999999999999994,0.3400000000000001,2.5,0.3290998781533443
0,-0.17999999999999994,0.3600000000000001,2.5,0.3158132338283271
0,-0.17999999999999994,0.3800000000000001,2.5,0.30262683073539376
0,-0.17999999999999994,0.40000000000000013,2.5,0.289549504730127
0,-0.17999999999999994,0.41999999999999993,2.5,0.276591229062217
0,-0.17999999999999994,0.43999999999999995,2.5,0.2637632423993974
0,-0.17999999999999994,0.45999999999999996,2.5,0.25107808237968915
0,-0.17999999999999994,0.48,2.5,0.23854952723003464
0,-0.17999999999999994,0.5,2.5,0.22619245087912068
0,-0.17999999999999994,0.52,2.5,0.2140225995881772
0,-0.17999999999999994,0.54,2.5,0.20205630035047614
0,-0.17999999999999994,0.56,2.5,0.19031011310836485
0,-0.17999999999999994,0.5800000000000001,2.5,0.1788004401637413
0,-0.17999999999999994,0.6000000000000001,2.5,0.16754310699016595
0,-0.17999999999999994,0.6200000000000001,2.5,0.15655292898762377
0,-0.17999999999999994,0.6400000000000001,2.5,0.14584327856818
0,-0.17999999999999994,0.6600000000000001,2.5,0.13542566635395675
0,-0.17999999999999994,0.6799999999999999,2.5,0.12530934925536413
0,-0.17999999999999994,0.7,2.5,0.11550097683816744
0,-0.17999999999999994,0.72,2.5,0.10600428575401837
0,-0.17999999999999994,0.74,2.5,0.09681985017871735
0,-0.17999999999999994,0.76,2.5,0.08794489425701221
0,-0.17999999999999994,0.78,2.5,0.07937317057257474
0,-0.17999999999999994,0.8,2.5,0.07109490672245795
0,-0.17999999999999994,0.8200000000000001,2.5,0.06309682024379358
0,-0.17999999999999994,0.8400000000000001,2.5,0.05536220047196017
0,-0.17999999999999994,0.8600000000000001,2.5,0.04787105444499109
0,-0.17999999999999994,0.8800000000000001,2.5,0.04060031273397859
0,-0.17999999999999994,0.9000000000000001,2.5,0.033524090082984855
0,-0.17999999999999994,0.9199999999999999,2.5,0.02661399497848257
0,-0.17999999999999994,0.94,2.5,0.019839481718160294
0,-0.17999999999999994,0.96,2.5,0.013168238181999527
0,-0.17999999999999994,0.98,2.5,0.006566602287895937
0,-0.17999999999999994,1.0,2.5,0.0
0,-0.16000000000000003,-1.0,2.5,0.0
0,-0.16000000000000003,-0.98,2.5,0.027769525006868544
0,-0.16000000000000003,-0.96,2.5,0.0554961544525177
0,-0.16000000000000003,-0.94,2.5,0.08313714501104079
0,-0.16000000000000003,-0.92,2.5,0.11065003498385705
0,-0.16000000000000003,-0.9,2.5,0.13799273013787774
0,-0.16000000000000003,-0.88,2.5,0.16512352936203356
0,-0.16000000000000003,-0.86,2.5,0.192001079198692
0,-0.16000000000000003,-0.84,2.5,0.2185842531105644
0,-0.16000000000000003,-0.8200000000000001,2.5,0.2448319586964478
0,-0.16000000000000003,-0.8,2.5,0.27070288336163323
0,-0.16000000000000003,-0.78,2.5,0.2961551955876204
0,-0.16000000000000003,-0.76,2.5,0.3211462244031191
0,-0.16000000000000003,-0.74,2.5,0.3456321435142067
0,-0.16000000000000003,-0.72,2.5,0.3695676885243161
0,-0.16000000000000003,-0.7,2.5,0.3929059356378103
0,-0.16000000000000003,-0.6799999999999999,2.5,0.4155981682247727
0,-0.16000000000000003,-0.6599999999999999,2.5,0.4375938538053074
0,-0.16000000000000003,-0.64,2.5,0.4588407486874684
0,-0.16000000000000003,-0.62,2.5,0.4792851410529887
0,-0.16000000000000003,-0.6,2.5,0.4988722361727013
0,-0.16000000000000003,-0.5800000000000001,2.5,0.5175466801093423
0,-0.16000000000000003,-0.56,2.5,0.535253211171854
0,-0.16000000000000003,-0.54,2.5,0.5519374219173573
0,-0.16000000000000003,-0.52,2.5,0.5675466089798028
0,-0.16000000000000003,-0.5,2.5,0.582030683678972
0,-0.16000000000000003,-0.48,2.5,0.5953431133811056
0,-0.16000000000000003,-0.45999999999999996,2.5,0.6074418620057523
0,-0.16000000000000003,-0.43999999999999995,2.5,0.6182902978846685
0,-0.16000000000000003,-0.42000000000000004,2.5,0.6278580382917885
0,-0.16000000000000003,-0.4,2.5,0.6361217022392116
0,-0.16000000000000003,-0.38,2.5,0.6430655463961193
0,-0.16000000000000003,-0.36,2.5,0.6486819630368957
0,-0.16000000000000003,-0.33999999999999997,2.5,0.6529718235541675
0,-0.16000000000000003,-0.31999999999999995,2.5,0.6559446560774381
0,-0.16000000000000003,-0.29999999999999993,2.5,0.6576186509248688
0,-0.16000000000000003,-0.28,2.5,0.658020492807593
0,-0.16000000000000003,-0.26,2.5,0.6571850237456822
0,-0.16000000000000003,-0.24,2.5,0.6551547454064754
0,-0.16000000000000003,-0.21999999999999997,2.5,0.6519791739242564
0,-0.16000000000000003,-0.19999999999999996,2.5,0.6477140641098709
0,-0.16000000000000003,-0.17999999999999994,2.5,0.6424205232327487
0,-0.16000000000000003,-0.16000000000000003,2.5,0.6361640371958702
0,-0.16000000000000003,-0.14,2.5,0.6290134338822282
0,-0.16000000000000003,-0.12,2.5,0.6210398097001253
0,-0.16000000000000003,-0.09999999999999998,2.5,0.6123154458800246
0,-0.16000000000000003,-0.07999999999999996,2.5,0.602912740878343
0,-0.16000000000000003,-0.05999999999999994,2.5,0.5929031843396777
0,-0.16000000000000003,-0.040000000000000036,2.5,0.5823563964903116
0,-0.16000000000000003,-0.020000000000000018,2.5,0.5713392546301292
0,-0.16000000000000003,0.0,2.5,0.5599151256208116
0,-0.16000000000000003,0.020000000000000018,2.5,0.548143220013921
0,-0.16000000000000003,0.040000000000000036,2.5,0.5360780798157585
0,-0.16000000000000003,0.06000000000000005,2.5,0.5237692079510607
0,-0.16000000000000003,0.08000000000000007,2.5,0.5112608433786777
0,-0.16000000000000003,0.10000000000000009,2.5,0.49859188164953233
0,-0.16000000000000003,0.1200000000000001,2.5,0.4857959366034108
0,-0.16000000000000003,0.14000000000000012,2.5,0.4729015349982659
0,-0.16000000000000003,0.15999999999999992,2.5,0.45993243227024455
0,-0.16000000000000003,0.17999999999999994,2.5,0.4469080344417668
0,-0.16000000000000003,0.19999999999999996,2.5,0.4338439085226735
0,-0.16000000000000003,0.21999999999999997,2.5,0.4207523616631393
0,-0.16000000000000003,0.24,2.5,0.407643067874587
0,-0.16000000000000003,0.26,2.5,0.3945237203726113
0,-0.16000000000000003,0.28,2.5,0.38140068752723894
0,-0.16000000000000003,0.30000000000000004,2.5,0.36827965102079385
0,-0.16000000000000003,0.32000000000000006,2.5,0.3551662060793248
0,-0.16000000000000003,0.3400000000000001,2.5,0.34206640550563827
0,-0.16000000000000003,0.3600000000000001,2.5,0.3289872316268
0,-0.16000000000000003,0.3800000000000001,2.5,0.3159369830864401
0,-0.16000000000000003,0.40000000000000013,2.5,0.3029255665593466
0,-0.16000000000000003,0.41999999999999993,2.5,0.2899646868307213
0,-0.16000000000000003,0.43999999999999995,2.5,0.27706793214838127
0,-0.16000000000000003,0.45999999999999996,2.5,0.26425075520592783
0,-0.16000000000000003,0.48,2.5,0.2515303534350431
0,-0.16000000000000003,0.5,2.5,0.23892545536990462
0,-0.16000000000000003,0.52,2.5,0.22645602260187925
0,-0.16000000000000003,0.54,2.5,0.21414287918834968
0,-0.16000000000000003,0.56,2.5,0.20200728225291373
0,-0.16000000000000003,0.5800000000000001,2.5,0.19007044887142518
0,-0.16000000000000003,0.6000000000000001,2.5,0.17835305515562877
0,-0.16000000000000003,0.6200000000000001,2.5,0.16687472372019516
0,-0.16000000000000003,0.6400000000000001,2.5,0.15565351546661801
0,-0.16000000000000003,0.6600000000000001,2.5,0.14470544087448056
0,-0.16000000000000003,0.6799999999999999,2.5,0.1340440048098482
0,-0.16000000000000003,0.7,2.5,0.12367979730921744
0,-0.16000000000000003,0.72,2.5,0.11362014095387384
0,-0.16000000000000003,0.74,2.5,0.10386880339933745
0,-0.16000000000000003,0.76,2.5,0.09442578145659027
0,-0.16000000000000003,0.78,2.5,0.08528716092357617
0,-0.16000000000000003,0.8,2.5,0.07644505421911221
0,-0.16000000000000003,0.8200000000000001,2.5,0.06788761584941631
0,-0.16000000000000003,0.8400000000000001,2.5,0.05959913389956281
0,-0.16000000000000003,0.8600000000000001,2.5,0.05156019413237213
0,-0.16000000000000003,0.8800000000000001,2.5,0.04374791192242077
0,-0.16000000000000003,0.9000000000000001,2.5,0.036136226162347705
0,-0.16000000000000003,0.9199999999999999,2.5,0.028696248445033035
0,-0.16000000000000003,0.94,2.5,0.02139666022648731
0,-0.16000000000000003,0.96,2.5,0.014204150276865328
0,-0.16000000000000003,0.98,2.5,0.007083884489874749
0,-0.16000000000000003,1.0,2.5,0.0
0,-0.14,-1.0,2.5,0.0
0,-0.14,-0.98,2.5,0.027148490089131668
0,-0.14,-0.96,2.5,0.054255220083783466
0,-0.14,-0.94,2.5,0.08127858370628921
0,-0.14,-0.92,2.5,0.10817726002481666
0,-0.14,-0.9,2.5,0.1349103024890534
0,-0.14,-0.88,2.5,0.16143716925288018
0,-0.14,-0.86,2.5,0.18771768411320963
0,-0.14,-0.84,2.5,0.2137119240350259
0,-0.14,-0.8200000000000001,2.5,0.2393800364073067
0,-0.14,-0.8,2.5,0.26468199628772
0,-0.14,-0.78,2.5,0.2895773203657716
0,-0.14,-0.76,2.5,0.3140247596886506
0,-0.14,-0.74,2.5,0.3379819969410507
0,-0.14,-0.72,2.5,0.3614053759747283
0,-0.14,-0.7,2.5,0.3842496912221506
0,-0.14,-0.6799999999999999,2.5,0.40646806263161467
0,-0.14,-0.6599999999999999,2.5,0.4280119180014575
0,-0.14,-0.64,2.5,0.4488310993608534
0,-0.14,-0.62,2.5,0.468874103725535
0,-0.14,-0.6,2.5,0.48808846158310315
0,-0.14,-0.5800000000000001,2.5,0.5064212492857066
0,-0.14,-0.56,2.5,0.5238197245816476
0,-0.14,-0.54,2.5,0.540232068189372
0,-0.14,-0.52,2.5,0.5556082089265372
0,-0.14,-0.5,2.5,0.5699007056903511
0,-0.14,-0.48,2.5,0.5830656566920023
0,-0.14,-0.45999999999999996,2.5,0.5950636048401547
0,-0.14,-0.43999999999999995,2.5,0.60586040802949
0,-0.14,-0.42000000000000004,2.5,0.6154280442365021
0,-0.14,-0.4,2.5,0.6237453236200867
0,-0.14,-0.38,2.5,0.630798483095743
0,-0.14,-0.36,2.5,0.6365816429041543
0,-0.14,-0.33999999999999997,2.5,0.6410971093233887
0,-0.14,-0.31999999999999995,2.5,0.6443555126767507
0,-0.14,-0.29999999999999993,2.5,0.6463757749734439
0,-0.14,-0.28,2.5,0.6471849067104243
0,-0.14,-0.26,2.5,0.6468176374037587
0,-0.14,-0.24,2.5,0.6453158891693486
0,-0.14,-0.21999999999999997,2.5,0.6427281070189593
0,-0.14,-0.19999999999999996,2.5,0.6391084633803791
0,-0.14,-0.17999999999999994,2.5,0.6345159576102934
0,-0.14,-0.16000000000000003,2.5,0.6290134338822282
0,-0.14,-0.14,2.5,0.6226665427524701
0,-0.14,-0.12,2.5,0.6155426729026505
0,-0.14,-0.09999999999999998,2.5,0.6077098800124059
0,-0.14,-0.07999999999999996,2.5,0.5992358394286473
0,-0.14,-0.05999999999999994,2.5,0.5901868482851358
0,-0.14,-0.040000000000000036,2.5,0.5806269010195014
0,-0.14,-0.020000000000000018,2.5,0.5706168598837911
0,-0.14,0.0,2.5,0.5602137391149674
0,-0.14,0.020000000000000018,2.5,0.5494701180055925
0,-0.14,0.040000000000000036,2.5,0.5384336942890348
0,-0.14,0.06000000000000005,2.5,0.5271469851374405
0,-0.14,0.08000000000000007,2.5,0.5156471787841116
0,-0.14,0.10000000000000009,2.5,0.503966135451071
0,-0.14,0.1200000000000001,2.5,0.4921305320167888
0,-0.14,0.14000000000000012,2.5,0.48016214082613506
0,-0.14,0.15999999999999992,2.5,0.4680782293469653
0,-0.14,0.17999999999999994,2.5,0.4558920641275974
0,-0.14,0.19999999999999996,2.5,0.44361349980507137
0,-0.14,0.21999999999999997,2.5,0.431249631836026
0,-0.14,0.24,2.5,0.4188054902300668
0,-0.14,0.26,2.5,0.40628475089642074
0,-0.14,0.28,2.5,0.3936904412808291
0,-0.14,0.30000000000000004,2.5,0.3810256177585519
0,-0.14,0.32000000000000006,2.5,0.3682939937242548
0,-0.14,0.3400000000000001,2.5,0.3555004994207817
0,-0.14,0.3600000000000001,2.5,0.3426517571963138
0,-0.14,0.3800000000000001,2.5,0.32975645897570655
0,-0.14,0.40000000000000013,2.5,0.31682563616589426
0,-0.14,0.41999999999999993,2.5,0.3038728158667527
0,-0.14,0.43999999999999995,2.5,0.29091406100250483
0,-0.14,0.45999999999999996,2.5,0.2779678956991393
0,-0.14,0.48,2.5,0.2650551207892047
0,-0.14,0.5,2.5,0.25219852761405037
0,-0.14,0.52,2.5,0.23942252121487928
0,-0.14,0.54,2.5,0.22675266647336287
0,-0.14,0.56,2.5,0.2142151727140382
0,-0.14,0.5800000000000001,2.5,0.20183633366871653
0,-0.14,0.6000000000000001,2.5,0.18964194050385158
0,-0.14,0.6200000000000001,2.5,0.17765668582346764
0,-0.14,0.6400000000000001,2.5,0.16590357620276053
0,-0.14,0.6600000000000001,2.5,0.15440336992110165
0,-0.14,0.6799999999999999,2.5,0.1431740552064467
0,-0.14,0.7,2.5,0.13223038254999223
0,-0.14,0.72,2.5,0.12158346258609556
0,-0.14,0.74,2.5,0.11124043875142442
0,-0.14,0.76,2.5,0.10120424153569402
0,-0.14,0.78,2.5,0.09147342870927246
0,-0.14,0.8,2.5,0.08204211354934285
0,-0.14,0.8200000000000001,2.5,0.07289998086462161
0,-0.14,0.8400000000000001,2.5,0.06403238860306644
0,-0.14,0.8600000000000001,2.5,0.05542055106476798
0,-0.14,0.8800000000000001,2.5,0.04704179826176172
0,-0.14,0.9000000000000001,2.5,0.03886990477715702
0,-0.14,0.9199999999999999,2.5,0.030875480568893752
0,-0.14,0.94,2.5,0.02302641551382598
0,-0.14,0.96,2.5,0.015288369058473137
0,-0.14,0.98,2.5,0.007625296088363381
0,-0.14,1.0,2.5,0.0
0,-0.12,-1.0,2.5,0.0
0,-0.12,-0.98,2.5,0.026475817070823436
0,-0.12,-0.96,2.5,0.0529110982400815
0,-0.12,-0.94,2.5,0.0792654629750584
0,-0.12,-0.92,2.5,0.10549881979319732
0,-0.12,-0.9,2.5,0.13157145859597533
0,-0.12,-0.88,2.5,0.157444085876542
0,-0.12,-0.86,2.5,0.18307779242471506
0,-0.12,-0.84,2.5,0.20843394961736456
0,-0.12,-0.8200000000000001,2.5,0.2334740373643839
0,-0.12,-0.8,2.5,0.2581594137000077
0,-0.12,-0.78,2.5,0.2824510423007029
0,-0.12,-0.76,2.5,0.30630919937145845
0,-0.12,-0.74,2.5,0.3296931849721505
0,-0.12,-0.72,2.5,0.3525610656869287
0,-0.12,-0.7,2.5,0.37486947545243565
0,-0.12,-0.6799999999999999,2.5,0.3965734993853112
0,-0.12,-0.6599999999999999,2.5,0.41762666175500296
0,-0.12,-0.64,2.5,0.4379810341204891
0,-0.12,-0.62,2.5,0.4575874734619184
0,-0.12,-0.6,2.5,0.4763959933153107
0,-0.12,-0.5800000000000001,2.5,0.4943562639016685
0,-0.12,-0.56,2.5,0.511418230455585
0,-0.12,-0.54,2.5,0.5275328327819819
0,-0.12,-0.52,2.5,0.5426528038156524
0,-0.12,-0.5,2.5,0.556733520859257
0,-0.12,-0.48,2.5,0.5697338803777892
0,-0.12,-0.45999999999999996,2.5,0.5816171657931271
0,-0.12,-0.43999999999999995,2.5,0.5923518776357469
0,-0.12,-0.42000000000000004,2.5,0.6019124965908104
0,-0.12,-0.4,2.5,0.6102801522899217
0,-0.12,-0.38,2.5,0.6174431739785561
0,-0.12,-0.36,2.5,0.6233975032409105
0,-0.12,-0.33999999999999997,2.5,0.6281469535880325
0,-0.12,-0.31999999999999995,2.5,0.6317033067119884
0,-0.12,-0.29999999999999993,2.5,0.63408624038837
0,-0.12,-0.28,2.5,0.635323088196275
0,-0.12,-0.26,2.5,0.6354484362613911
0,-0.12,-0.24,2.5,0.6345035669758847
0,-0.12,-0.21999999999999997,2.5,0.6325357639894416
0,-0.12,-0.19999999999999996,2.5,0.6295974965988121
0,-0.12,-0.17999999999999994,2.5,0.6257455049058264
0,-0.12,-0.16000000000000003,2.5,0.6210398097001253
0,-0.12,-0.14,2.5,0.6155426729026505
0,-0.12,-0.12,2.5,0.6093175355451093
0,-0.12,-0.09999999999999998,2.5,0.6024279606407109
0,-0.12,-0.07999999999999996,2.5,0.5949366079206584
0,-0.12,-0.05999999999999994,2.5,0.5869042662841807
0,-0.12,-0.040000000000000036,2.5,0.5783889679700931
0,-0.12,-0.020000000000000018,2.5,0.5694452059556435
0,-0.12,0.0,2.5,0.5601232729922053
0,-0.12,0.020000000000000018,2.5,0.5504687370828691
0,-0.12,0.040000000000000036,2.5,0.5405220641954118
0,-0.12,0.06000000000000005,2.5,0.5303183947004115
0,-0.12,0.08000000000000007,2.5,0.5198874755538859
0,-0.12,0.10000000000000009,2.5,0.509253745739459
0,-0.12,0.1200000000000001,2.5,0.4984365680823774
0,-0.12,0.14000000000000012,2.5,0.4874505963809892
0,-0.12,0.15999999999999992,2.5,0.47630626299882567
0,-0.12,0.17999999999999994,2.5,0.4650103687398071
0,-0.12,0.19999999999999996,2.5,0.4535667540929545
0,-0.12,0.21999999999999997,2.5,0.44197702886513524
0,-0.12,0.24,2.5,0.4302413358825125
0,-0.12,0.26,2.5,0.41835912387073254
0,-0.12,0.28,2.5,0.4063299048317821
0,-0.12,0.30000000000000004,2.5,0.39415397220675374
0,-0.12,0.32000000000000006,2.5,0.3818330578075905
0,-0.12,0.3400000000000001,2.5,0.36937090785208115
0,-0.12,0.3600000000000001,2.5,0.3567737613581811
0,-0.12,0.3800000000000001,2.5,0.34405071754099964
0,-0.12,0.40000000000000013,2.5,0.33121398258915136
0,-0.12,0.41999999999999993,2.5,0.31827899014743877
0,-0.12,0.43999999999999995,2.5,0.30526439386592685
0,-0.12,0.45999999999999996,2.5,0.2921919343572761
0,-0.12,0.48,2.5,0.2790861867054324
0,-0.12,0.5,2.5,0.2659741981695062
0,-0.12,0.52,2.5,0.2528850288205449
0,-0.12,0.54,2.5,0.23984921044657945
0,-0.12,0.56,2.5,0.22689814109349837
0,-0.12,0.5800000000000001,2.5,0.2140634340286782
0,-0.12,0.6000000000000001,2.5,0.20137624069701412
0,-0.12,0.6200000000000001,2.5,0.18886656738488727
0,-0.12,0.6400000000000001,2.5,0.17656260483979563
0,-0.12,0.6600000000000001,2.5,0.16449008905681747
0,-0.12,0.6799999999999999,2.5,0.152671709902267
0,-0.12,0.7,2.5,0.14112658228077146
0,-0.12,0.72,2.5,0.12986979225804612
0,-0.12,0.74,2.5,0.11891202802946536
0,-0.12,0.76,2.5,0.10825930297897303
0,-0.12,0.78,2.5,0.09791277540687424
0,-0.12,0.8,2.5,0.08786866691472363
0,-0.12,0.8200000000000001,2.5,0.078118279005373
0,-0.12,0.8400000000000001,2.5,0.068648105255303
0,-0.12,0.8600000000000001,2.5,0.05944003449509249
0,-0.12,0.8800000000000001,2.5,0.050471638822374223
0,-0.12,0.9000000000000001,2.5,0.04171653897921841
0,-0.12,0.9199999999999999,2.5,0.033144838642173054
0,-0.12,0.94,2.5,0.02472361847055285
0,-0.12,0.96,2.5,0.016417480295933446
0,-0.12,0.98,2.5,0.008189131563414033
0,-0.12,1.0,2.5,0.0
0,-0.09999999999999998,-1.0,2.5,0.0
0,-0.09999999999999998,-0.98,2.5,0.0257561186941814
0,-0.09999999999999998,-0.96,2.5,0.05147300644944983
0,-0.09999999999999998,-0.94,2.5,0.07711158922006438
0,-0.09999999999999998,-0.92,2.5,0.10263308570008438
0,-0.09999999999999998,-0.9,2.5,0.12799910304620904
0,-0.09999999999999998,-0.88,2.5,0.1531716771687323
0,-0.09999999999999998,-0.86,2.5,0.1781132475284436
0,-0.09999999999999998,-0.84,2.5,0.20278656265328515
0,-0.09999999999999998,-0.8200000000000001,2.5,0.22715451936519357
0,-0.09999999999999998,-0.8,2.5,0.2511799454203551
0,-0.09999999999999998,-0.78,2.5,0.27482534136516507
0,-0.09999999999999998,-0.76,2.5,0.29805260240661235
0,-0.09999999999999998,-0.74,2.5,0.3208227446008948
0,-0.09999999999999998,-0.72,2.5,0.34309566141768355
0,-0.09999999999999998,-0.7,2.5,0.3648299366234856
0,-0.09999999999999998,-0.6799999999999999,2.5,0.38598273747600986
0,-0.09999999999999998,-0.6599999999999999,2.5,0.40650980859764346
0,-0.09999999999999998,-0.64,2.5,0.4263655818792713
0,-0.09999999999999998,-0.62,2.5,0.44550341171948615
0,-0.09999999999999998,-0.6,2.5,0.4638759382432721
0,-0.09999999999999998,-0.5800000000000001,2.5,0.4814355742991916
0,-0.09999999999999998,-0.56,2.5,0.49813510541929
0,-0.09999999999999998,-0.54,2.5,0.5139283859118566
0,-0.09999999999999998,-0.52,2.5,0.5287711091495133
0,-0.09999999999999998,-0.5,2.5,0.5426216261414383
0,-0.09999999999999998,-0.48,2.5,0.5554417837827005
0,-0.09999999999999998,-0.45999999999999996,2.5,0.5671977528169757
0,-0.09999999999999998,-0.43999999999999995,2.5,0.5778608155172335
0,-0.09999999999999998,-0.42000000000000004,2.5,0.5874080843038005
0,-0.09999999999999998,-0.4,2.5,0.5958231248514819
0,-0.09999999999999998,-0.38,2.5,0.6030964605217561
0,-0.09999999999999998,-0.36,2.5,0.6092259390051245
0,-0.09999999999999998,-0.33999999999999997,2.5,0.6142169466752642
0,-0.09999999999999998,-0.31999999999999995,2.5,0.6180824611442732
0,-0.09999999999999998,-0.29999999999999993,2.5,0.6208429376787395
0,-0.09999999999999998,-0.28,2.5,0.6225260303153163
0,-0.09999999999999998,-0.26,2.5,0.6231661535442607
0,-0.09999999999999998,-0.24,2.5,0.6228038951708169
0,-0.09999999999999998,-0.21999999999999997,2.5,0.6214852952965586
0,-0.09999999999999998,-0.19999999999999996,2.5,0.6192610101830901
0,-0.09999999999999998,-0.17999999999999994,2.5,0.6161853829831435
0,-0.09999999999999998,-0.16000000000000003,2.5,0.6123154458800246
0,-0.09999999999999998,-0.14,2.5,0.6077098800124059
0,-0.09999999999999998,-0.12,2.5,0.6024279606407109
0,-0.09999999999999998,-0.09999999999999998,2.5,0.5965285153132251
0,-0.09999999999999998,-0.07999999999999996,2.5,0.5900689223112607
0,-0.09999999999999998,-0.05999999999999994,2.5,0.5831041754077484
0,-0.09999999999999998,-0.040000000000000036,2.5,0.5756860389957222
0,-0.09999999999999998,-0.020000000000000018,2.5,0.5678623149845184
0,-0.09999999999999998,0.0,2.5,0.5596762395931979
0,-0.09999999999999998,0.020000000000000018,2.5,0.5511660243820967
0,-0.09999999999999998,0.040000000000000036,2.5,0.5423645516603139
0,-0.09999999999999998,0.06000000000000005,2.5,0.5332992299098399
0,-0.09999999999999998,0.08000000000000007,2.5,0.5239920102073937
0,-0.09999999999999998,0.10000000000000009,2.5,0.5144595599421319
0,-0.09999999999999998,0.1200000000000001,2.5,0.5047135855635361
0,-0.09999999999999998,0.14000000000000012,2.5,0.4947612917898592
0,-0.09999999999999998,0.15999999999999992,2.5,0.48460596079789103
0,-0.09999999999999998,0.17999999999999994,2.5,0.47424763152260974
0,-0.09999999999999998,0.19999999999999996,2.5,0.46368385642767845
0,-0.09999999999999998,0.21999999999999997,2.5,0.4529105110518544
0,-0.09999999999999998,0.24,2.5,0.44192263035589674
0,-0.09999999999999998,0.26,2.5,0.43071524542717926
0,-0.09999999999999998,0.28,2.5,0.4192841944551189
0,-0.09999999999999998,0.30000000000000004,2.5,0.4076268830518366
0,-0.09999999999999998,0.32000000000000006,2.5,0.3957429709140619
0,-0.09999999999999998,0.3400000000000001,2.5,0.3836349644332471
0,-0.09999999999999998,0.3600000000000001,2.5,0.3713086980675228
0,-0.09999999999999998,0.3800000000000001,2.5,0.3587736909783649
0,-0.09999999999999998,0.40000000000000013,2.5,0.34604336947860986
0,-0.09999999999999998,0.41999999999999993,2.5,0.33313515009849465
0,-0.09999999999999998,0.43999999999999995,2.5,0.3200703824094188
0,-0.09999999999999998,0.45999999999999996,2.5,0.3068741550080915
0,-0.09999999999999998,0.48,2.5,0.29357497211897576
0,-0.09999999999999998,0.5,2.5,0.28020431199307544
0,-0.09999999999999998,0.52,2.5,0.266796081553395
0,-0.09999999999999998,0.54,2.5,0.2533859844675325
0,-0.09999999999999998,0.56,2.5,0.24001082194309437
0,-0.09999999999999998,0.5800000000000001,2.5,0.2267077469928994
0,-0.09999999999999998,0.6000000000000001,2.5,0.21351349368033307
0,-0.09999999999999998,0.6200000000000001,2.5,0.20046360293229226
0,-0.09999999999999998,0.6400000000000001,2.5,0.1875916659243457
0,-0.09999999999999998,0.6600000000000001,2.5,0.1749286048498718
0,-0.09999999999999998,0.6799999999999999,2.5,0.16250200915271296
0,-0.09999999999999998,0.7,2.5,0.15033554311949363
0,-0.09999999999999998,0.72,2.5,0.1384484381947303
0,-0.09999999999999998,0.74,2.5,0.12685508060926132
0,-0.09999999999999998,0.76,2.5,0.11556470201367083
0,-0.09999999999999998,0.78,2.5,0.10458117789436155
0,-0.09999999999999998,0.8,2.5,0.09390293572425426
0,-0.09999999999999998,0.8200000000000001,2.5,0.08352297215360488
0,-0.09999999999999998,0.8400000000000001,2.5,0.07342897615313565
0,-0.09999999999999998,0.8600000000000001,2.5,0.06360355293540267
0,-0.09999999999999998,0.8800000000000001,2.5,0.05402454173287307
0,-0.09999999999999998,0.9000000000000001,2.5,0.044665419111865806
0,-0.09999999999999998,0.9199999999999999,2.5,0.0354957784383351
0,-0.09999999999999998,0.94,2.5,0.026481875353857487
0,-0.09999999999999998,0.96,2.5,0.017587228623061564
0,-0.09999999999999998,0.98,2.5,0.00877326542272646
0,-0.09999999999999998,1.0,2.5,0.0
0,-0.07999999999999996,-1.0,2.5,0.0
0,-0.07999999999999996,-0.98,2.5,0.0249942247443545
0,-0.07999999999999996,-0.96,2.5,0.049950595869610905
0,-0.07999999999999996,-0.94,2.5,0.07483141814597316
0,-0.07999999999999996,-0.92,2.5,0.09959929275323162
0,-0.07999999999999996,-0.9,2.5,0.12421721647060913
0,-0.07999999999999996,-0.88,2.5,0.14864862722552236
0,-0.07999999999999996,-0.86,2.5,0.1728573862710911
0,-0.07999999999999996,-0.84,2.5,0.19680769333896286
0,-0.07999999999999996,-0.8200000000000001,2.5,0.22046393767335595
0,-0.07999999999999996,-0.8,2.5,0.24379049434652858
0,-0.07999999999999996,-0.78,2.5,0.2667514811516894
0,-0.07999999999999996,-0.76,2.5,0.2893104961924882
0,-0.07999999999999996,-0.74,2.5,0.3114303596617763
0,-0.07999999999999996,-0.72,2.5,0.3330728849742765
0,-0.07999999999999996,-0.7,2.5,0.35419870427604294
0,-0.07999999999999996,-0.6799999999999999,2.5,0.3747671714278611
0,-0.07999999999999996,-0.6599999999999999,2.5,0.3947363620113202
0,-0.07999999999999996,-0.64,2.5,0.4140631850070418
0,-0.07999999999999996,-0.62,2.5,0.4327036148985996
0,-0.07999999999999996,-0.6,2.5,0.45061304646659106
0,-0.07999999999999996,-0.5800000000000001,2.5,0.4677467678744486
0,-0.07999999999999996,-0.56,2.5,0.4840605412145491
0,-0.07999999999999996,-0.54,2.5,0.4995112738410999
0,-0.07999999999999996,-0.52,2.5,0.5140577588634142
0,-0.07999999999999996,-0.5,2.5,0.5276614593319583
0,-0.07999999999999996,-0.48,2.5,0.5402873080609545
0,-0.07999999999999996,-0.45999999999999996,2.5,0.5519044937560879
0,-0.07999999999999996,-0.43999999999999995,2.5,0.5624872041411652
0,-0.07999999999999996,-0.42000000000000004,2.5,0.5720152980277791
0,-0.07999999999999996,-0.4,2.5,0.5804748806218457
0,-0.07999999999999996,-0.38,2.5,0.5878587596493061
0,-0.07999999999999996,-0.36,2.5,0.5941667639272419
0,-0.07999999999999996,-0.33999999999999997,2.5,0.5994059106128914
0,-0.07999999999999996,-0.31999999999999995,2.5,0.6035904123382341
0,-0.07999999999999996,-0.29999999999999993,2.5,0.6067415205959766
0,-0.07999999999999996,-0.28,2.5,0.6088872069106357
0,-0.07999999999999996,-0.26,2.5,0.6100616883484014
0,-0.07999999999999996,-0.24,2.5,0.6103048086513668
0,-0.07999999999999996,-0.21999999999999997,2.5,0.6096612906027852
0,-0.07999999999999996,-0.19999999999999996,2.5,0.6081798790349557
0,-0.07999999999999996,-0.17999999999999994,2.5,0.6059123970914521
0,-0.07999999999999996,-0.16000000000000003,2.5,0.602912740878343
0,-0.07999999999999996,-0.14,2.5,0.5992358394286473
0,-0.07999999999999996,-0.12,2.5,0.5949366079206584
0,-0.07999999999999996,-0.09999999999999998,2.5,0.5900689223112607
0,-0.07999999999999996,-0.07999999999999996,2.5,0.5846846429650651
0,-0.07999999999999996,-0.05999999999999994,2.5,0.5788327134930505
0,-0.07999999999999996,-0.040000000000000036,2.5,0.5725583588941755
0,-0.07999999999999996,-0.020000000000000018,2.5,0.5659024042737293
0,-0.07999999999999996,0.0,2.5,0.5589007319669913
0,-0.07999999999999996,0.020000000000000018,2.5,0.5515838909189615
0,-0.07999999999999996,0.040000000000000036,2.5,0.5439768677712954
0,-0.07999999999999996,0.06000000000000005,2.5,0.5360990244120477
0,-0.07999999999999996,0.08000000000000007,2.5,0.5279642018902228
0,-0.07999999999999996,0.10000000000000009,2.5,0.5195809857313795
0,-0.07999999999999996,0.1200000000000001,2.5,0.5109531229618203
0,-0.07999999999999996,0.14000000000000012,2.5,0.5020800767048035
0,-0.07999999999999996,0.15999999999999992,2.5,0.49295770019349083
0,-0.07999999999999996,0.17999999999999994,2.5,0.4835790085807007
0,-0.07999999999999996,0.19999999999999996,2.5,0.4739350241267517
0,-0.07999999999999996,0.21999999999999997,2.5,0.4640156683043856
0,-0.07999999999999996,0.24,2.5,0.45381067313957646
0,-0.07999999999999996,0.26,2.5,0.44331048374717336
0,-0.07999999999999996,0.28,2.5,0.4325071245297595
0,-0.07999999999999996,0.30000000000000004,2.5,0.4213950028661474
0,-0.07999999999999996,0.32000000000000006,2.5,0.4099716262730131
0,-0.07999999999999996,0.3400000000000001,2.5,0.39823821190251685
0,-0.07999999999999996,0.3600000000000001,2.5,0.38620017073951657
0,-0.07999999999999996,0.3800000000000001,2.5,0.37386745286283296
0,-0.07999999999999996,0.40000000000000013,2.5,0.3612547444989919
0,-0.07999999999999996,0.41999999999999993,2.5,0.34838151217629093
0,-0.07999999999999996,0.43999999999999995,2.5,0.33527189392919626
0,-0.07999999999999996,0.45999999999999996,2.5,0.321954442055723
0,-0.07999999999999996,0.48,2.5,0.3084617262472971
0,-0.07999999999999996,0.5,2.5,0.29482980985655993
0,-0.07999999999999996,0.52,2.5,0.28109761552436247
0,-0.07999999999999996,0.54,2.5,0.2673061992533941
0,-0.07999999999999996,0.56,2.5,0.25349795421621574
0,-0.07999999999999996,0.5800000000000001,2.5,0.23971576706906766
0,-0.07999999999999996,0.6000000000000001,2.5,0.22600215028574233
0,-0.07999999999999996,0.6200000000000001,2.5,0.21239837403135045
0,-0.07999999999999996,0.6400000000000001,2.5,0.19894362039386848
0,-0.07999999999999996,0.6600000000000001,2.5,0.18567418143679876
0,-0.07999999999999996,0.6799999999999999,2.5,0.17262272060618036
0,-0.07999999999999996,0.7,2.5,0.15981761461526534
0,-0.07999999999999996,0.72,2.5,0.14728239015023775
0,-0.07999999999999996,0.74,2.5,0.13503526670917151
0,-0.07999999999999996,0.76,2.5,0.12308881372607847
0,-0.07999999999999996,0.78,2.5,0.11144972696187071
0,-0.07999999999999996,0.8,2.5,0.10011872607549244
0,-0.07999999999999996,0.8200000000000001,2.5,0.08909057241875055
0,-0.07999999999999996,0.8400000000000001,2.5,0.07835420350659769
0,-0.07999999999999996,0.8600000000000001,2.5,0.06789297835812043
0,-0.07999999999999996,0.8800000000000001,2.5,0.05768502601579103
0,-0.07999999999999996,0.9000000000000001,2.5,0.047703688040953436
0,-0.07999999999999996,0.9199999999999999,2.5,0.037918044638382956
0,-0.07999999999999996,0.94,2.5,0.028293513248456074
0,-0.07999999999999996,0.96,2.5,0.018792507912794833
0,-0.07999999999999996,0.98,2.5,0.00937514740905824
0,-0.07999999999999996,1.0,2.5,0.0
0,-0.05999999999999994,-1.0,2.5,0.0
0,-0.05999999999999994,-0.98,2.5,0.024195130162103496
0,-0.05999999999999994,-0.96,2.5,0.04835384759756902
0,-0.05999999999999994,-0.94,2.5,0.07243989943411859
0,-0.05999999999999994,-0.92,2.5,0.09641733284885406
0,-0.05999999999999994,-0.9,2.5,0.12025059778753565
0,-0.05999999999999994,-0.88,2.5,0.14390459791845647
0,-0.05999999999999994,-0.86,2.5,0.16734468043837525
0,-0.05999999999999994,-0.84,2.5,0.1905365612159633
0,-0.05999999999999994,-0.8200000000000001,2.5,0.21344618808994723
0,-0.05999999999999994,-0.8,2.5,0.23603955140460892
0,-0.05999999999999994,-0.78,2.5,0.25828245654832205
0,-0.05999999999999994,-0.76,2.5,0.28014027790258855
0,-0.05999999999999994,-0.74,2.5,0.3015777168451032
0,-0.05999999999999994,-0.72,2.5,0.3225585880371882
0,-0.05999999999999994,-0.7,2.5,0.3430456580555511
0,-0.05999999999999994,-0.6799999999999999,2.5,0.36300055853021757
0,-0.05999999999999994,-0.6599999999999999,2.5,0.3823837924816615
0,-0.05999999999999994,-0.64,2.5,0.40115484777480165
0,-0.05999999999999994,-0.62,2.5,0.4192724258696543
0,-0.05999999999999994,-0.6,2.5,0.4366947877400456
0,-0.05999999999999994,-0.5800000000000001,2.5,0.4533802123603582
0,-0.05999999999999994,-0.56,2.5,0.4692875569181377
0,-0.05999999999999994,-0.54,2.5,0.4843769022488104
0,-0.05999999999999994,-0.52,2.5,0.4986102621981895
0,-0.05999999999999994,-0.5,2.5,0.511952331915865
0,-0.05999999999999994,-0.48,2.5,0.5243712476059829
0,-0.05999999999999994,-0.45999999999999996,2.5,0.5358393290714162
0,-0.05999999999999994,-0.43999999999999995,2.5,0.5463337764714629
0,-0.05999999999999994,-0.42000000000000004,2.5,0.5558372939992959
0,-0.05999999999999994,-0.4,2.5,0.5643386155521494
0,-0.05999999999999994,-0.38,2.5,0.5718329107582091
0,-0.05999999999999994,-0.36,2.5,0.5783220537608394
0,-0.05999999999999994,-0.33999999999999997,2.5,0.5838147417540274
0,-0.05999999999999994,-0.31999999999999995,2.5,0.5883264552227633
0,-0.05999999999999994,-0.29999999999999993,2.5,0.5918792569849615
0,-0.05999999999999994,-0.28,2.5,0.5945014322853555
0,-0.05999999999999994,-0.26,2.5,0.5962269771991731
0,-0.05999999999999994,-0.24,2.5,0.5970949473230697
0,-0.05999999999999994,-0.21999999999999997,2.5,0.597148683038215
0,-0.05999999999999994,-0.19999999999999996,2.5,0.5964349314175995
0,-0.05999999999999994,-0.17999999999999994,2.5,0.5950028880248729
0,-0.05999999999999994,-0.16000000000000003,2.5,0.5929031843396777
0,-0.05999999999999994,-0.14,2.5,0.5901868482851358
0,-0.05999999999999994,-0.12,2.5,0.5869042662841807
0,-0.05999999999999994,-0.09999999999999998,2.5,0.5831041754077484
0,-0.05999999999999994,-0.07999999999999996,2.5,0.5788327134930505
0,-0.05999999999999994,-0.05999999999999994,2.5,0.5741325536176026
0,-0.05999999999999994,-0.040000000000000036,2.5,0.569042147048529
0,-0.05999999999999994,-0.020000000000000018,2.5,0.5635950958022179
0,-0.05999999999999994,0.0,2.5,0.5578196723232158
0,-0.05999999999999994,0.020000000000000018,2.5,0.5517384996201977
0,-0.05999999999999994,0.040000000000000036,2.5,0.5453684005964912
0,-0.05999999999999994,0.06000000000000005,2.5,0.5387204204146228
0,-0.05999999999999994,0.08000000000000007,2.5,0.5318000206829472
0,-0.05999999999999994,0.10000000000000009,2.5,0.5246074392003455
0,-0.05999999999999994,0.1200000000000001,2.5,0.5171382040984256
0,-0.05999999999999994,0.14000000000000012,2.5,0.5093837866341173
0,-0.05999999999999994,0.15999999999999992,2.5,0.5013323727562023
0,-0.05999999999999994,0.17999999999999994,2.5,0.4929697300316025
0,-0.05999999999999994,0.19999999999999996,2.5,0.484280143687723
0,-0.05999999999999994,0.21999999999999997,2.5,0.4752473934998749
0,-0.05999999999999994,0.24,2.5,0.4658557420955016
0,-0.05999999999999994,0.26,2.5,0.45609090499825605
0,-0.05999999999999994,0.28,2.5,0.4459409734026432
0,-0.05999999999999994,0.30000000000000004,2.5,0.43539726223040676
0,-0.05999999999999994,0.32000000000000006,2.5,0.4244550584189434
0,-0.05999999999999994,0.3400000000000001,2.5,0.41311424754700327
0,-0.05999999999999994,0.3600000000000001,2.5,0.40137980070554236
0,-0.05999999999999994,0.3800000000000001,2.5,0.38926210784215065
0,-0.05999999999999994,0.40000000000000013,2.5,0.3767771484997957
0,-0.05999999999999994,0.41999999999999993,2.5,0.36394649577748095
0,-0.05999999999999994,0.43999999999999995,2.5,0.3507971542993793
0,-0.05999999999999994,0.45999999999999996,2.5,0.33736123782841826
0,-0.05999999999999994,0.48,2.5,0.3236754967450422
0,-0.05999999999999994,0.5,2.5,0.30978070978898853
0,-0.05999999999999994,0.52,2.5,0.29572095810540755
0,-0.05999999999999994,0.54,2.5,0.28154280264188764
0,-0.05999999999999994,0.56,2.5,0.2672943882300185
0,-0.05999999999999994,0.5800000000000001,2.5,0.2530244992013485
0,-0.05999999999999994,0.6000000000000001,2.5,0.23878159210899944
0,-0.05999999999999994,0.6200000000000001,2.5,0.22461283105789018
0,-0.05999999999999994,0.6400000000000001,2.5,0.2105631503219439
0,-0.05999999999999994,0.6600000000000001,2.5,0.19667436740585506
0,-0.05999999999999994,0.6799999999999999,2.5,0.18298436757559597
0,-0.05999999999999994,0.7,2.5,0.16952637823926495
0,-0.05999999999999994,0.72,2.5,0.15632834852642621
0,-0.05999999999999994,0.74,2.5,0.1434124461174877
0,-0.05999999999999994,0.76,2.5,0.13079467994594754
0,-0.05999999999999994,0.78,2.5,0.11848465396361316
0,-0.05999999999999994,0.8,2.5,0.10648545384111618
0,-0.05999999999999994,0.8200000000000001,2.5,0.09479366537729693
0,-0.05999999999999994,0.8400000000000001,2.5,0.08339952059565289
0,-0.05999999999999994,0.8600000000000001,2.5,0.07228716507494168
0,-0.05999999999999994,0.8800000000000001,2.5,0.06143503802949751
0,-0.05999999999999994,0.9000000000000001,2.5,0.050816355032150956
0,-0.05999999999999994,0.9199999999999999,2.5,0.040399682043478775
0,-0.05999999999999994,0.94,2.5,0.030149588538692564
0,-0.05999999999999994,0.96,2.5,0.020027366954371194
0,-0.05999999999999994,0.98,2.5,0.0099918053474035
0,-0.05999999999999994,1.0,2.5,0.0
0,-0.040000000000000036,-1.0,2.5,0.0
0,-0.040000000000000036,-0.98,2.5,0.023363942296522895
0,-0.040000000000000036,-0.96,2.5,0.04669296726269864
0,-0.040000000000000036,-0.94,2.5,0.06995231885113215
0,-0.040000000000000036,-0.92,2.5,0.09310754465832058
0,-0.040000000000000036,-0.9,2.5,0.11612460221730933
0,-0.040000000000000036,-0.88,2.5,0.13896991547361603
0,-0.040000000000000036,-0.86,2.5,0.16161037242294388
0,-0.040000000000000036,-0.84,2.5,0.18401326054028613
0,-0.040000000000000036,-0.8200000000000001,2.5,0.20614614272525444
0,-0.040000000000000036,-0.8,2.5,0.22797668251624406
0,-0.040000000000000036,-0.78,2.5,0.24947243278807632
0,-0.040000000000000036,-0.76,2.5,0.2706006066013227
0,-0.040000000000000036,-0.74,2.5,0.29132785196500166
0,-0.040000000000000036,-0.72,2.5,0.31162005377306146
0,-0.040000000000000036,-0.7,2.5,0.3314421859753726
0,-0.040000000000000036,-0.6799999999999999,2.5,0.35075823517509225
0,-0.040000000000000036,-0.6599999999999999,2.5,0.36953121345871287
0,-0.040000000000000036,-0.64,2.5,0.38772327361910225
0,-0.040000000000000036,-0.62,2.5,0.40529593435881667
0,-0.040000000000000036,-0.6,2.5,0.422210416940943
0,-0.040000000000000036,-0.5800000000000001,2.5,0.43842808848271475
0,-0.040000000000000036,-0.56,2.5,0.453911001043785
0,-0.040000000000000036,-0.54,2.5,0.4686225101872985
0,-0.040000000000000036,-0.52,2.5,0.48252795207009397
0,-0.040000000000000036,-0.5,2.5,0.49559535455975984
0,-0.040000000000000036,-0.48,2.5,0.5077961555157687
0,-0.040000000000000036,-0.45999999999999996,2.5,0.5191059002688994
0,-0.040000000000000036,-0.43999999999999995,2.5,0.5295048904776188
0,-0.040000000000000036,-0.42000000000000004,2.5,0.5389787578623989
0,-0.040000000000000036,-0.4,2.5,0.54751893870199
0,-0.040000000000000036,-0.38,2.5,0.5551230282677407
0,-0.040000000000000036,-0.36,2.5,0.561794998399359
0,-0.040000000000000036,-0.33999999999999997,2.5,0.5675452660032722
0,-0.040000000000000036,-0.31999999999999995,2.5,0.5723906051965518
0,-0.040000000000000036,-0.29999999999999993,2.5,0.5763539009441403
0,-0.040000000000000036,-0.28,2.5,0.5794637471741713
0,-0.040000000000000036,-0.26,2.5,0.5817538973482531
0,-0.040000000000000036,-0.24,2.5,0.5832625801685113
0,-0.040000000000000036,-0.21999999999999997,2.5,0.584031697394567
0,-0.040000000000000036,-0.19999999999999996,2.5,0.5841059245108193
0,-0.040000000000000036,-0.17999999999999994,2.5,0.5835317381326312
0,-0.040000000000000036,-0.16000000000000003,2.5,0.5823563964903116
0,-0.040000000000000036,-0.14,2.5,0.5806269010195014
0,-0.040000000000000036,-0.12,2.5,0.5783889679700931
0,-0.040000000000000036,-0.09999999999999998,2.5,0.5756860389957222
0,-0.040000000000000036,-0.07999999999999996,2.5,0.5725583588941755
0,-0.040000000000000036,-0.05999999999999994,2.5,0.569042147048529
0,-0.040000000000000036,-0.040000000000000036,2.5,0.565168886704035
0,-0.040000000000000036,-0.020000000000000018,2.5,0.5609647530636271
0,-0.040000000000000036,0.0,2.5,0.5564501973747814
0,-0.040000000000000036,0.020000000000000018,2.5,0.5516396998130534
0,-0.040000000000000036,0.040000000000000036,2.5,0.5465416991634535
0,-0.040000000000000036,0.06000000000000005,2.5,0.5411587021973558
0,-0.040000000000000036,0.08000000000000007,2.5,0.5354875703906281
0,-0.040000000000000036,0.10000000000000009,2.5,0.5295199763877767
0,-0.040000000000000036,0.1200000000000001,2.5,0.5232430175504367
0,-0.040000000000000036,0.14000000000000012,2.5,0.5166399691979822
0,-0.040000000000000036,0.15999999999999992,2.5,0.5096911559070828
0,-0.040000000000000036,0.17999999999999994,2.5,0.5023749156260156
0,-0.040000000000000036,0.19999999999999996,2.5,0.49466862849977883
0,-0.040000000000000036,0.21999999999999997,2.5,0.486549780291143
0,-0.040000000000000036,0.24,2.5,0.47799702919054354
0,-0.040000000000000036,0.26,2.5,0.46899124467322195
0,-0.040000000000000036,0.28,2.5,0.4595164878917428
0,-0.040000000000000036,0.30000000000000004,2.5,0.44956090485943445
0,-0.040000000000000036,0.32000000000000006,2.5,0.4391175063266186
0,-0.040000000000000036,0.3400000000000001,2.5,0.4281848116877904
0,-0.040000000000000036,0.3600000000000001,2.5,0.4167673383684646
0,-0.040000000000000036,0.3800000000000001,2.5,0.4048759227869548
0,-0.040000000000000036,0.40000000000000013,2.5,0.3925278640133897
0,-0.040000000000000036,0.41999999999999993,2.5,0.37974688648878874
0,-0.040000000000000036,0.43999999999999995,2.5,0.36656292344873354
0,-0.040000000000000036,0.45999999999999996,2.5,0.3530117278477901
0,-0.040000000000000036,0.48,2.5,0.3391343224383541
0,-0.040000000000000036,0.5,2.5,0.32497630506989644
0,-0.040000000000000036,0.52,2.5,0.3105870291089821
0,-0.040000000000000036,0.54,2.5,0.2960186820269195
0,-0.040000000000000036,0.56,2.5,0.28132528757689296
0,-0.040000000000000036,0.5800000000000001,2.5,0.26656165853143987
0,-0.040000000000000036,0.6000000000000001,2.5,0.2517823276501117
0,-0.040000000000000036,0.6200000000000001,2.5,0.2370404844031148
0,-0.040000000000000036,0.6400000000000001,2.5,0.22238694402671152
0,-0.040000000000000036,0.6600000000000001,2.5,0.2078691737954951
0,-0.040000000000000036,0.6799999999999999,2.5,0.1935303990556621
0,-0.040000000000000036,0.7,2.5,0.1794088086833488
0,-0.040000000000000036,0.72,2.5,0.16553687633995093
0,-0.040000000000000036,0.74,2.5,0.1519408103289467
0,-0.040000000000000036,0.76,2.5,0.13864014115627246
0,-0.040000000000000036,0.78,2.5,0.1256474521956389
0,-0.040000000000000036,0.8,2.5,0.11296825528824105
0,-0.040000000000000036,0.8200000000000001,2.5,0.10060100977403111
0,-0.040000000000000036,0.8400000000000001,2.5,0.08853728044874168
0,-0.040000000000000036,0.8600000000000001,2.5,0.07676202733172749
0,-0.040000000000000036,0.8800000000000001,2.5,0.06525401795153317
0,-0.040000000000000036,0.9000000000000001,2.5,0.05398635111815092
0,-0.040000000000000036,0.9199999999999999,2.5,0.04292707983612748
0,-0.040000000000000036,0.94,2.5,0.03203992008103587
0,-0.040000000000000036,0.96,2.5,0.021285031555610748
0,-0.040000000000000036,0.98,2.5,0.010619856192001316
0,-0.040000000000000036,1.0,2.5,0.0
0,-0.020000000000000018,-1.0,2.5,0.0
0,-0.020000000000000018,-0.98,2.5,0.022505828169910057
0,-0.020000000000000018,-0.96,2.5,0.0449782796462704
0,-0.020000000000000018,-0.94,2.5,0.06738414040264733
0,-0.020000000000000018,-0.92,2.5,0.0896905035852325
0,-0.020000000000000018,-0.9,2.5,0.11186487940155213
0,-0.020000000000000018,-0.88,2.5,0.13387525720201857
0,-0.020000000000000018,-0.86,2.5,0.15569011110509645
0,-0.020000000000000018,-0.84,2.5,0.1772783459441909
0,-0.020000000000000018,-0.8200000000000001,2.5,0.19860918616569678
0,-0.020000000000000018,-0.8,2.5,0.21965201609031018
0,-0.020000000000000018,-0.78,2.5,0.24037618518392945
0,-0.020000000000000018,-0.76,2.5,0.2607507962440886
0,-0.020000000000000018,-0.74,2.5,0.28074449735456863
0,-0.020000000000000018,-0.72,2.5,0.30032529986904943
0,-0.020000000000000018,-0.7,2.5,0.3194604444551881
0,-0.020000000000000018,-0.6799999999999999,2.5,0.3381163353923017
0,-0.020000000000000018,-0.6599999999999999,2.5,0.35625856001673734
0,-0.020000000000000018,-0.64,2.5,0.37385200569699195
0,-0.020000000000000018,-0.62,2.5,0.3908610813182537
0,-0.020000000000000018,-0.6,2.5,0.4072500443308184
0,-0.020000000000000018,-0.5800000000000001,2.5,0.4229834283510331
0,-0.020000000000000018,-0.56,2.5,0.43802656046546773
0,-0.020000000000000018,-0.54,2.5,0.45234615210929036
0,-0.020000000000000018,-0.52,2.5,0.46591094294218255
0,-0.020000000000000018,-0.5,2.5,0.4786923737349494
0,-0.020000000000000018,-0.48,2.5,0.49066526203891475
0,-0.020000000000000018,-0.45999999999999996,2.5,0.501808453396901
0,-0.020000000000000018,-0.43999999999999995,2.5,0.5121054210604989
0,-0.020000000000000018,-0.42000000000000004,2.5,0.5215447885369778
0,-0.020000000000000018,-0.4,2.5,0.5301207516877628
0,-0.020000000000000018,-0.38,2.5,0.5378333803921083
0,-0.020000000000000018,-0.36,2.5,0.5446887838055195
0,-0.020000000000000018,-0.33999999999999997,2.5,0.5506991278024241
0,-0.020000000000000018,-0.31999999999999995,2.5,0.5558824981137463
0,-0.020000000000000018,-0.29999999999999993,2.5,0.5602626077740637
0,-0.020000000000000018,-0.28,2.5,0.5638683526106544
0,-0.020000000000000018,-0.26,2.5,0.5667332234809537
0,-0.020000000000000018,-0.24,2.5,0.5688945886527441
0,-0.020000000000000018,-0.21999999999999997,2.5,0.5703928639944753
0,-0.020000000000000018,-0.19999999999999996,2.5,0.5712705923882315
0,-0.020000000000000018,-0.17999999999999994,2.5,0.5715714568971451
0,-0.020000000000000018,-0.16000000000000003,2.5,0.5713392546301292
0,-0.020000000000000018,-0.14,2.5,0.5706168598837911
0,-0.020000000000000018,-0.12,2.5,0.5694452059556435
0,-0.020000000000000018,-0.09999999999999998,2.5,0.5678623149845184
0,-0.020000000000000018,-0.07999999999999996,2.5,0.5659024042737293
0,-0.020000000000000018,-0.05999999999999994,2.5,0.5635950958022179
0,-0.020000000000000018,-0.040000000000000036,2.5,0.5609647530636271
0,-0.020000000000000018,-0.020000000000000018,2.5,0.5580299660515285
0,-0.020000000000000018,0.0,2.5,0.5548032012130049
0,-0.020000000000000018,0.020000000000000018,2.5,0.5512906286271176
0,-0.020000000000000018,0.040000000000000036,2.5,0.5474921336549678
0,-0.020000000000000018,0.06000000000000005,2.5,0.5434015149973712
0,-0.020000000000000018,0.08000000000000007,2.5,0.5390068656419699
0,-0.020000000000000018,0.10000000000000009,2.5,0.5342911277505318
0,-0.020000000000000018,0.1200000000000001,2.5,0.5292328072997318
0,-0.020000000000000018,0.14000000000000012,2.5,0.5238068294134186
0,-0.020000000000000018,0.15999999999999992,2.5,0.5179855109715621
0,-0.020000000000000018,0.17999999999999994,2.5,0.511739623396911
0,-0.020000000000000018,0.19999999999999996,2.5,0.5050395156310903
0,-0.020000000000000018,0.21999999999999997,2.5,0.4978562653185553
0,-0.020000000000000018,0.24,2.5,0.49016282519142496
0,-0.020000000000000018,0.26,2.5,0.48193513163021584
0,-0.020000000000000018,0.28,2.5,0.4731531433701009
0,-0.020000000000000018,0.30000000000000004,2.5,0.4638017802999774
0,-0.020000000000000018,0.32000000000000006,2.5,0.45387173519884744
0,-0.020000000000000018,0.3400000000000001,2.5,0.443360134975645
0,-0.020000000000000018,0.3600000000000001,2.5,0.43227103240136167
0,-0.020000000000000018,0.3800000000000001,2.5,0.4206157142992134
0,-0.020000000000000018,0.40000000000000013,2.5,0.40841281752469777
0,-0.020000000000000018,0.41999999999999993,2.5,0.395688249645789
0,-0.020000000000000018,0.43999999999999995,2.5,0.3824749168419685
0,-0.020000000000000018,0.45999999999999996,2.5,0.36881226699828207
0,-0.020000000000000018,0.48,2.5,0.3547456611040631
0,-0.020000000000000018,0.5,2.5,0.3403255907161387
0,-0.020000000000000018,0.52,2.5,0.3256067632736742
0,-0.020000000000000018,0.54,2.5,0.3106470803408977
0,-0.020000000000000018,0.56,2.5,0.29550653631757146
0,-0.020000000000000018,0.5800000000000001,2.5,0.280246066738774
0,-0.020000000000000018,0.6000000000000001,2.5,0.26492637596139335
0,-0.020000000000000018,0.6200000000000001,2.5,0.2496067738134914
0,-0.020000000000000018,0.6400000000000001,2.5,0.23434404970521924
0,-0.020000000000000018,0.6600000000000001,2.5,0.2191914108368273
0,-0.020000000000000018,0.6799999999999999,2.5,0.20419750858769076
0,-0.020000000000000018,0.7,2.5,0.1894055740493425
0,-0.020000000000000018,0.72,2.5,0.17485268011104083
0,-0.020000000000000018,0.74,2.5,0.16056914366446529
0,-0.020000000000000018,0.76,2.5,0.14657807751417412
0,-0.020000000000000018,0.78,2.5,0.13289509760823226
0,-0.020000000000000018,0.8,2.5,0.11952818737393452
0,-0.020000000000000018,0.8200000000000001,2.5,0.10647771737460342
0,-0.020000000000000018,0.8400000000000001,2.5,0.09373661529012728
0,-0.020000000000000018,0.8600000000000001,2.5,0.08129067843442084
0,-0.020000000000000018,0.8800000000000001,2.5,0.06911901869628773
0,-0.020000000000000018,0.9000000000000001,2.5,0.057194627935455926
0,-0.020000000000000018,0.9199999999999999,2.5,0.0454850504640089
0,-0.020000000000000018,0.94,2.5,0.03395314825181523
0,-0.020000000000000018,0.96,2.5,0.022557943850770493
0,-0.020000000000000018,0.98,2.5,0.011255525662574865
0,-0.020000000000000018,1.0,2.5,0.0
0,0.0,-1.0,2.5,0.0
0,0.0,-0.98,2.5,0.02162596258780958
0,0.0,-0.96,2.5,0.043220124992179
0,0.0,-0.94,2.5,0.06475085102600246
0,0.0,-0.92,2.5,0.08618681511211419
0,0.0,-0.9,2.5,0.10749711576681464
0,0.0,-0.88,2.5,0.12865134333454742
0,0.0,-0.86,2.5,0.14961959370568031
0,0.0,-0.84,2.5,0.17037242494746704
0,0.0,-0.8200000000000001,2.5,0.19088075937975615
0,0.0,-0.8,2.5,0.2111157391586414
0,0.0,-0.78,2.5,0.23104854843222586
0,0.0,-0.76,2.5,0.2506502191938021
0,0.0,-0.74,2.5,0.2698914407543525
0,0.0,-0.72,2.5,0.2887423940721316
0,0.0,-0.7,2.5,0.30717263191752714
0,0.0,-0.6799999999999999,2.5,0.32515102404509305
0,0.0,-0.6599999999999999,2.5,0.3426457833346542
0,0.0,-0.64,2.5,0.35962458448921647
0,0.0,-0.62,2.5,0.3760547816503782
0,0.0,-0.6,2.5,0.39190372556686004
0,0.0,-0.5800000000000001,2.5,0.40713917509769343
0,0.0,-0.56,2.5,0.42172979220447543
0,0.0,-0.54,2.5,0.43564570450640167
0,0.0,-0.52,2.5,0.44885911520267696
0,0.0,-0.5,2.5,0.46134493690869344
0,0.0,-0.48,2.5,0.4730814238333619
0,0.0,-0.45999999999999996,2.5,0.48405077580308126
0,0.0,-0.43999999999999995,2.5,0.49423968790591905
0,0.0,-0.42000000000000004,2.5,0.5036398209244328
0,0.0,-0.4,2.5,0.5122481701388022
0,0.0,-0.38,2.5,0.520067313371766
0,0.0,-0.36,2.5,0.5271055231494586
0,0.0,-0.33999999999999997,2.5,0.5333767323920311
0,0.0,-0.31999999999999995,2.5,0.5389003479459762
0,0.0,-0.29999999999999993,2.5,0.5437009113507405
0,0.0,-0.28,2.5,0.5478076113278322
0,0.0,-0.26,2.5,0.5512536574345087
0,0.0,-0.24,2.5,0.5540755289924334
0,0.0,-0.21999999999999997,2.5,0.5563121176542789
0,0.0,-0.19999999999999996,2.5,0.5580037856923408
0,0.0,-0.17999999999999994,2.5,0.5591913651817069
0,0.0,-0.16000000000000003,2.5,0.5599151256208116
0,0.0,-0.14,2.5,0.5602137391149674
0,0.0,-0.12,2.5,0.5601232729922053
0,0.0,-0.09999999999999998,2.5,0.5596762395931979
0,0.0,-0.07999999999999996,2.5,0.5589007319669913
0,0.0,-0.05999999999999994,2.5,0.5578196723232158
0,0.0,-0.040000000000000036,2.5,0.5564501973747814
0,0.0,-0.020000000000000018,2.5,0.5548032012130049
0,0.0,0.0,2.5,0.5528830521744856
0,0.0,0.020000000000000018,2.5,0.550687495394535
0,0.0,0.040000000000000036,2.5,0.5482077475259447
0,0.0,0.06000000000000005,2.5,0.5454287845836077
0,0.0,0.08000000000000007,2.5,0.5423298182188492
0,0.0,0.10000000000000009,2.5,0.5388849501059501
0,0.0,0.1200000000000001,2.5,0.5350639887149918
0,0.0,0.14000000000000012,2.5,0.5308334077253657
0,0.0,0.15999999999999992,2.5,0.5261574208700662
0,0.0,0.17999999999999994,2.5,0.5209991442442944
0,0.0,0.19999999999999996,2.5,0.515321814193925
0,0.0,0.21999999999999997,2.5,0.5090900269248482
0,0.0,0.24,2.5,0.5022709650169981
0,0.0,0.26,2.5,0.49483557612693657
0,0.0,0.28,2.5,0.4867596703241438
0,0.0,0.30000000000000004,2.5,0.47802490469599007
0,0.0,0.32000000000000006,2.5,0.46861962700656523
0,0.0,0.3400000000000001,2.5,0.45853955420366227
0,0.0,0.3600000000000001,2.5,0.4477882663053085
0,0.0,0.3800000000000001,2.5,0.4363775015066681
0,0.0,0.40000000000000013,2.5,0.4243272440554516
0,0.0,0.41999999999999993,2.5,0.41166560236229016
0,0.0,0.43999999999999995,2.5,0.398428480749577
0,0.0,0.45999999999999996,2.5,0.38465905400730577
0,0.0,0.48,2.5,0.3704070593352087
0,0.0,0.5,2.5,0.35572792513965723
0,0.0,0.52,2.5,0.34068176037483683
0,0.0,0.54,2.5,0.32533223154984986
0,0.0,0.56,2.5,0.3097453570757063
0,0.0,0.5800000000000001,2.5,0.2939882502403104
0,0.0,0.6000000000000001,2.5,0.27812784275158736
0,0.0,0.6200000000000001,2.5,0.2622296204895558
0,0.0,0.6400000000000001,2.5,0.24635640190194585
0,0.0,0.6600000000000001,2.5,0.2305671874408929
0,0.0,0.6799999999999999,2.5,0.21491610567428918
0,0.0,0.7,2.5,0.19945147834173887
0,0.0,0.72,2.5,0.1842150228063602
0,0.0,0.74,2.5,0.1692412062352333
0,0.0,0.76,2.5,0.1545567615819154
0,0.0,0.78,2.5,0.14018037119878907
0,0.0,0.8,2.5,0.12612251981822925
0,0.0,0.8200000000000001,2.5,0.11238551483440595
0,0.0,0.8400000000000001,2.5,0.09896366839249562
0,0.0,0.8600000000000001,2.5,0.08584363282106838
0,0.0,0.8800000000000001,2.5,0.0730048784672178
0,0.0,0.9000000000000001,2.5,0.06042030102179082
0,0.0,0.9199999999999999,2.5,0.048056943933246436
0,0.0,0.94,2.5,0.03587682045671878
0,0.0,0.96,2.5,0.023837819203277263
0,0.0,0.98,2.5,0.011894676663937453
0,0.0,1.0,2.5,0.0
0,0.020000000000000018,-1.0,2.5,0.0
0,0.020000000000000018,-0.98,2.5,0.02072947787426151
0,0.020000000000000018,-0.96,2.5,0.04142875856767019
0,0.020000000000000018,-0.94,2.5,0.062067810156988416
0,0.020000000000000018,-0.92,2.5,0.08261691464424069
0,0.020000000000000018,-0.9,2.5,0.10304678500747852
0,0.020000000000000018,-0.88,2.5,0.12332863859760122
0,0.020000000000000018,-0.86,2.5,0.14343421900105166
0,0.020000000000000018,-0.84,2.5,0.163335763452987
0,0.020000000000000018,-0.8200000000000001,2.5,0.18300591823271067
0,0.020000000000000018,-0.8,2.5,0.20241760974930229
0,0.020000000000000018,-0.78,2.5,0.22154388378905526
0,0.020000000000000018,-0.76,2.5,0.2403577292556072
0,0.020000000000000018,-0.74,2.5,0.25883190537774264
0,0.020000000000000018,-0.72,2.5,0.2769387925820437
0,0.020000000000000018,-0.7,2.5,0.2946502869378276
0,0.020000000000000018,-0.6799999999999999,2.5,0.31193775630848025
0,0.020000000000000018,-0.6599999999999999,2.5,0.32877207322459173
0,0.020000000000000018,-0.64,2.5,0.3451237352610297
0,0.020000000000000018,-0.62,2.5,0.36096307865217975
0,0.020000000000000018,-0.6,2.5,0.3762605853587851
0,0.020000000000000018,-0.5800000000000001,2.5,0.3909872781617713
0,0.020000000000000018,-0.56,2.5,0.40511519294633974
0,0.020000000000000018,-0.54,2.5,0.41861791246177765
0,0.020000000000000018,-0.52,2.5,0.4314711417551735
0,0.020000000000000018,-0.5,2.5,0.4436533023736311
0,0.020000000000000018,-0.48,2.5,0.45514612043452407
0,0.020000000000000018,-0.45999999999999996,2.5,0.4659351828339153
0,0.020000000000000018,-0.43999999999999995,2.5,0.47601043619386574
0,0.020000000000000018,-0.42000000000000004,2.5,0.48536660458003456
0,0.020000000000000018,-0.4,2.5,0.49400350444782426
0,0.020000000000000018,-0.38,2.5,0.5019262385617173
0,0.020000000000000018,-0.36,2.5,0.5091452546197321
0,0.020000000000000018,-0.33999999999999997,2.5,0.515676258832267
0,0.020000000000000018,-0.31999999999999995,2.5,0.5215399795770155
0,0.020000000000000018,-0.29999999999999993,2.5,0.5267617813064015
0,0.020000000000000018,-0.28,2.5,0.5313711339549929
0,0.020000000000000018,-0.26,2.5,0.535400948025426
0,0.020000000000000018,-0.24,2.5,0.5388867901778248
0,0.020000000000000018,-0.21999999999999997,2.5,0.5418659983776442
0,0.020000000000000018,-0.19999999999999996,2.5,0.5443767193519605
0,0.020000000000000018,-0.17999999999999994,2.5,0.5464568941602758
0,0.020000000000000018,-0.16000000000000003,2.5,0.548143220013921
0,0.020000000000000018,-0.14,2.5,0.5494701180055925
0,0.020000000000000018,-0.12,2.5,0.5504687370828691
0,0.020000000000000018,-0.09999999999999998,2.5,0.5511660243820967
0,0.020000000000000018,-0.07999999999999996,2.5,0.5515838909189615
0,0.020000000000000018,-0.05999999999999994,2.5,0.5517384996201977
0,0.020000000000000018,-0.040000000000000036,2.5,0.5516396998130534
0,0.020000000000000018,-0.020000000000000018,2.5,0.5512906286271176
0,0.020000000000000018,0.0,2.5,0.550687495394535
0,0.020000000000000018,0.020000000000000018,2.5,0.549819560172057
0,0.020000000000000018,0.040000000000000036,2.5,0.5486693120871596
0,0.020000000000000018,0.06000000000000005,2.5,0.5472128474856927
0,0.020000000000000018,0.08000000000000007,2.5,0.5454204420006016
0,0.020000000000000018,0.10000000000000009,2.5,0.5432573048509011
0,0.020000000000000018,0.1200000000000001,2.5,0.5406844981021004
0,0.020000000000000018,0.14000000000000012,2.5,0.5376599984563557
0,0.020000000000000018,0.15999999999999992,2.5,0.5341398745662902
0,0.020000000000000018,0.17999999999999994,2.5,0.5300795490386174
0,0.020000000000000018,0.19999999999999996,2.5,0.5254351113482822
0,0.020000000000000018,0.21999999999999997,2.5,0.5201646459290954
0,0.020000000000000018,0.24,2.5,0.5142295388187803
0,0.020000000000000018,0.26,2.5,0.5075957264553097
0,0.020000000000000018,0.28,2.5,0.5002348515499971
0,0.020000000000000018,0.30000000000000004,2.5,0.49212529336531624
0,0.020000000000000018,0.32000000000000006,2.5,0.4832530431289553
0,0.020000000000000018,0.3400000000000001,2.5,0.47361239961240764
0,0.020000000000000018,0.3600000000000001,2.5,0.46320646495391954
0,0.020000000000000018,0.3800000000000001,2.5,0.4520474264474916
0,0.020000000000000018,0.40000000000000013,2.5,0.4401566160679307
0,0.020000000000000018,0.41999999999999993,2.5,0.4275643457598484
0,0.020000000000000018,0.43999999999999995,2.5,0.41430952278373884
0,0.020000000000000018,0.45999999999999996,2.5,0.4004390554843223
0,0.020000000000000018,0.48,2.5,0.3860070655338991
0,0.020000000000000018,0.5,2.5,0.3710739278310231
0,0.020000000000000018,0.52,2.5,0.3557051636489723
0,0.020000000000000018,0.54,2.5,0.33997021620310924
0,0.020000000000000018,0.56,2.5,0.32394114044664857
0,0.020000000000000018,0.5800000000000001,2.5,0.30769124055041425
0,0.020000000000000018,0.6000000000000001,2.5,0.291293689149934
0,0.020000000000000018,0.6200000000000001,2.5,0.2748201620653472
0,0.020000000000000018,0.6400000000000001,2.5,0.2583395208643129
0,0.020000000000000018,0.6600000000000001,2.5,0.2419165734267995
0,0.020000000000000018,0.6799999999999999,2.5,0.2256109396941281
0,0.020000000000000018,0.7,2.5,0.20947604617813453
0,0.020000000000000018,0.72,2.5,0.19355826872324863
0,0.020000000000000018,0.74,2.5,0.1778962386192924
0,0.020000000000000018,0.76,2.5,0.1625203226239714
0,0.020000000000000018,0.78,2.5,0.14745228293498175
0,0.020000000000000018,0.8,2.5,0.13270511880362765
0,0.020000000000000018,0.8200000000000001,2.5,0.11828308743651651
0,0.020000000000000018,0.8400000000000001,2.5,0.10418189819521545
0,0.020000000000000018,0.8600000000000001,2.5,0.09038907095130662
0,0.020000000000000018,0.8800000000000001,2.5,0.07688444682866374
0,0.020000000000000018,0.9000000000000001,2.5,0.06364083747514698
0,0.020000000000000018,0.9199999999999999,2.5,0.05062479742986776
0,0.020000000000000018,0.94,2.5,0.03779750303995009
0,0.020000000000000018,0.96,2.5,0.02511572066138556
0,0.020000000000000018,0.98,2.5,0.012532846467825716
0,0.020000000000000018,1.0,2.5,0.0
0,0.040000000000000036,-1.0,2.5,0.0
0,0.040000000000000036,-0.98,2.5,0.019821415947117293
0,0.040000000000000036,-0.96,2.5,0.03961425490258142
0,0.040000000000000036,-0.94,2.5,0.05935010631038126
0,0.040000000000000036,-0.92,2.5,0.07900087669793271
0,0.040000000000000036,-0.9,2.5,0.09853891023800261
0,0.040000000000000036,-0.88,2.5,0.1179370677762099
0,0.040000000000000036,-0.86,2.5,0.1371687568362409
0,0.040000000000000036,-0.84,2.5,0.15620790984356397
0,0.040000000000000036,-0.8200000000000001,2.5,0.17502891289829553
0,0.040000000000000036,-0.8,2.5,0.19360649244556763
0,0.040000000000000036,-0.78,2.5,0.21191557171541717
0,0.040000000000000036,-0.76,2.5,0.22993111245944653
0,0.040000000000000036,-0.74,2.5,0.2476279600015708
0,0.040000000000000036,-0.72,2.5,0.2649807107479798
0,0.040000000000000036,-0.7,2.5,0.28196362098164024
0,0.040000000000000036,-0.6799999999999999,2.5,0.2985505740272653
0,0.040000000000000036,-0.6599999999999999,2.5,0.3147151198469454
0,0.040000000000000036,-0.64,2.5,0.3304305970365965
0,0.040000000000000036,-0.62,2.5,0.3456703423273686
0,0.040000000000000036,-0.6,2.5,0.36040798738269725
0,0.040000000000000036,-0.5800000000000001,2.5,0.3746178372627919
0,0.040000000000000036,-0.56,2.5,0.3882753197342633
0,0.040000000000000036,-0.54,2.5,0.40135748993036274
0,0.040000000000000036,-0.52,2.5,0.4138435709641642
0,0.040000000000000036,-0.5,2.5,0.4257155081498095
0,0.040000000000000036,-0.48,2.5,0.43695851261698265
0,0.040000000000000036,-0.45999999999999996,2.5,0.4475615693673822
0,0.040000000000000036,-0.43999999999999995,2.5,0.457517885214961
0,0.040000000000000036,-0.42000000000000004,2.5,0.46682525351750653
0,0.040000000000000036,-0.4,2.5,0.4754863150463764
0,0.040000000000000036,-0.38,2.5,0.4835086976224832
0,0.040000000000000036,-0.36,2.5,0.4909050211165094
0,0.040000000000000036,-0.33999999999999997,2.5,0.49769275890390124
0,0.040000000000000036,-0.31999999999999995,2.5,0.5038939517094781
0,0.040000000000000036,-0.29999999999999993,2.5,0.509534774802696
0,0.040000000000000036,-0.28,2.5,0.5146449645484396
0,0.040000000000000036,-0.26,2.5,0.5192571152238932
0,0.040000000000000036,-0.24,2.5,0.5234058616342501
0,0.040000000000000036,-0.21999999999999997,2.5,0.527126967265145
0,0.040000000000000036,-0.19999999999999996,2.5,0.5304563413768602
0,0.040000000000000036,-0.17999999999999994,2.5,0.5334290114673625
0,0.040000000000000036,-0.16000000000000003,2.5,0.5360780798157585
0,0.040000000000000036,-0.14,2.5,0.5384336942890348
0,0.040000000000000036,-0.12,2.5,0.5405220641954118
0,0.040000000000000036,-0.09999999999999998,2.5,0.5423645516603139
0,0.040000000000000036,-0.07999999999999996,2.5,0.5439768677712954
0,0.040000000000000036,-0.05999999999999994,2.5,0.5453684005964912
0,0.040000000000000036,-0.040000000000000036,2.5,0.5465416991634535
0,0.040000000000000036,-0.020000000000000018,2.5,0.5474921336549678
0,0.040000000000000036,0.0,2.5,0.5482077475259447
0,0.040000000000000036,0.020000000000000018,2.5,0.5486693120871596
0,0.040000000000000036,0.040000000000000036,2.5,0.548850588477772
0,0.040000000000000036,0.06000000000000005,2.5,0.548718796019969
0,0.040000000000000036,0.08000000000000007,2.5,0.548235279892708
0,0.040000000000000036,0.10000000000000009,2.5,0.547356365064921
0,0.040000000000000036,0.1200000000000001,2.5,0.5460343776836328
0,0.040000000000000036,0.14000000000000012,2.5,0.5442188098088628
0,0.040000000000000036,0.15999999999999992,2.5,0.5418575987049506
0,0.040000000000000036,0.17999999999999994,2.5,0.5388984880008273
0,0.040000000000000036,0.19999999999999996,2.5,0.535290435060351
0,0.040000000000000036,0.21999999999999997,2.5,0.5309850269699082
0,0.040000000000000036,0.24,2.5,0.525937866732123
0,0.040000000000000036,0.26,2.5,0.5201098915923571
0,0.040000000000000036,0.28,2.5,0.513468586920098
0,0.040000000000000036,0.30000000000000004,2.5,0.5059890616815333
0,0.040000000000000036,0.32000000000000006,2.5,0.49765495519498276
0,0.040000000000000036,0.3400000000000001,2.5,0.4884591494434512
0,0.040000000000000036,0.3600000000000001,2.5,0.47840426658226903
0,0.040000000000000036,0.3800000000000001,2.5,0.4675029372515653
0,0.040000000000000036,0.40000000000000013,2.5,0.4557778316898791
0,0.040000000000000036,0.41999999999999993,2.5,0.44326145223987184
0,0.040000000000000036,0.43999999999999995,2.5,0.4299956924276515
0,0.040000000000000036,0.45999999999999996,2.5,0.4160311741735453
0,0.040000000000000036,0.48,2.5,0.4014263806538803
0,0.040000000000000036,0.5,2.5,0.3862466076969271
0,0.040000000000000036,0.52,2.5,0.37056276120140913
0,0.040000000000000036,0.54,2.5,0.35445003178138107
0,0.040000000000000036,0.56,2.5,0.3379864805685795
0,0.040000000000000036,0.5800000000000001,2.5,0.32125157178050756
0,0.040000000000000036,0.6000000000000001,2.5,0.30432468826567916
0,0.040000000000000036,0.6200000000000001,2.5,0.2872836657811364
0,0.040000000000000036,0.6400000000000001,2.5,0.2702033802935395
0,0.040000000000000036,0.6600000000000001,2.5,0.2531544202105189
0,0.040000000000000036,0.6799999999999999,2.5,0.23620187226121833
0,0.040000000000000036,0.7,2.5,0.21940424589714685
0,0.040000000000000036,0.72,2.5,0.20281255673884835
0,0.040000000000000036,0.74,2.5,0.18646958492428609
0,0.040000000000000036,0.76,2.5,0.17040931939859744
0,0.040000000000000036,0.78,2.5,0.15465659439443302
0,0.040000000000000036,0.8,2.5,0.13922691974677037
0,0.040000000000000036,0.8200000000000001,2.5,0.1241265024044213
0,0.040000000000000036,0.8400000000000001,2.5,0.1093524526537589
0,0.040000000000000036,0.8600000000000001,2.5,0.09489316523772
0,0.040000000000000036,0.8800000000000001,2.5,0.08072886277929661
0,0.040000000000000036,0.9000000000000001,2.5,0.06683228671262473
0,0.040000000000000036,0.9199999999999999,2.5,0.05316951926223345
0,0.040000000000000036,0.94,2.5,0.039700918839021264
0,0.040000000000000036,0.96,2.5,0.0263821504647769
0,0.040000000000000036,0.98,2.5,0.013165292406183868
0,0.040000000000000036,1.0,2.5,0.0
0,0.06000000000000005,-1.0,2.5,0.0
0,0.06000000000000005,-0.98,2.5,0.01890668337283549
0,0.06000000000000005,-0.96,2.5,0.03778641798476861
0,0.06000000000000005,-0.94,2.5,0.05661242258788862
0,0.06000000000000005,-0.92,2.5,0.07535823597944097
0,0.06000000000000005,-0.9,2.5,0.09399784098851093
0,0.06000000000000005,-0.88,2.5,0.1125057490606979
0,0.06000000000000005,-0.86,2.5,0.130857038347507
0,0.06000000000000005,-0.84,2.5,0.14902734269820764
0,0.06000000000000005,-0.8200000000000001,2.5,0.16699279378286233
0,0.06000000000000005,-0.8,2.5,0.1847299233329325
0,0.06000000000000005,-0.78,2.5,0.2022155367681747
0,0.06000000000000005,-0.76,2.5,0.21942657292868017
0,0.06000000000000005,-0.74,2.5,0.2363399669663129
0,0.06000000000000005,-0.72,2.5,0.25293253448306163
0,0.06000000000000005,-0.7,2.5,0.26918089465429573
0,0.06000000000000005,-0.6799999999999999,2.5,0.2850614483702591
0,0.06000000000000005,-0.6599999999999999,2.5,0.3005504244976259
0,0.06000000000000005,-0.64,2.5,0.31562400341773633
0,0.06000000000000005,-0.62,2.5,0.33025852231586017
0,0.06000000000000005,-0.6,2.5,0.34443076159168323
0,0.06000000000000005,-0.5800000000000001,2.5,0.3581183065634463
0,0.06000000000000005,-0.56,2.5,0.3712999736639526
0,0.06000000000000005,-0.54,2.5,0.38395628586163116
0,0.06000000000000005,-0.52,2.5,0.3960699783221217
0,0.06000000000000005,-0.5,2.5,0.40762651253589693
0,0.06000000000000005,-0.48,2.5,0.41861457539301855
0,0.06000000000000005,-0.45999999999999996,2.5,0.42902653904268107
0,0.06000000000000005,-0.43999999999999995,2.5,0.4388588578300734
0,0.06000000000000005,-0.42000000000000004,2.5,0.44811238010299004
0,0.06000000000000005,-0.4,2.5,0.45679255513082967
0,0.06000000000000005,-0.38,2.5,0.4649095186529064
0,0.06000000000000005,-0.36,2.5,0.4724780445233574
0,0.06000000000000005,-0.33999999999999997,2.5,0.4795173543852797
0,0.06000000000000005,-0.31999999999999995,2.5,0.4860507821202663
0,0.06000000000000005,-0.29999999999999993,2.5,0.49210529481446347
0,0.06000000000000005,-0.28,2.5,0.49771087699616895
0,0.06000000000000005,-0.26,2.5,0.502899789777633
0,0.06000000000000005,-0.24,2.5,0.5077057211291715
0,0.06000000000000005,-0.21999999999999997,2.5,0.5121628476917387
0,0.06000000000000005,-0.19999999999999996,2.5,0.5163048321714093
0,0.06000000000000005,-0.17999999999999994,2.5,0.5201637833456271
0,0.06000000000000005,-0.16000000000000003,2.5,0.5237692079510607
0,0.06000000000000005,-0.14,2.5,0.5271469851374405
0,0.06000000000000005,-0.12,2.5,0.5303183947004115
0,0.06000000000000005,-0.09999999999999998,2.5,0.5332992299098399
0,0.06000000000000005,-0.07999999999999996,2.5,0.5360990244120477
0,0.06000000000000005,-0.05999999999999994,2.5,0.5387204204146228
0,0.06000000000000005,-0.040000000000000036,2.5,0.5411587021973558
0,0.06000000000000005,-0.020000000000000018,2.5,0.5434015149973712
0,0.06000000000000005,0.0,2.5,0.5454287845836077
0,0.06000000000000005,0.020000000000000018,2.5,0.5472128474856927
0,0.06000000000000005,0.040000000000000036,2.5,0.548718796019969
0,0.06000000000000005,0.06000000000000005,2.5,0.5499050361274871
0,0.06000000000000005,0.08000000000000007,2.5,0.5507240497883664
0,0.06000000000000005,0.10000000000000009,2.5,0.5511233475984354
0,0.06000000000000005,0.1200000000000001,2.5,0.5510465911863569
0,0.06000000000000005,0.14000000000000012,2.5,0.5504348597088888
0,0.06000000000000005,0.15999999999999992,2.5,0.5492280298750607
0,0.06000000000000005,0.17999999999999994,2.5,0.5473662349861599
0,0.06000000000000005,0.19999999999999996,2.5,0.5447913654828599
0,0.06000000000000005,0.21999999999999997,2.5,0.5414485715787355
0,0.06000000000000005,0.24,2.5,0.5372877278108357
0,0.06000000000000005,0.26,2.5,0.5322648197939444
0,0.06000000000000005,0.28,2.5,0.5263432151256804
0,0.06000000000000005,0.30000000000000004,2.5,0.5194947832129275
0,0.06000000000000005,0.32000000000000006,2.5,0.5117008326939417
0,0.06000000000000005,0.3400000000000001,2.5,0.5029528399948353
0,0.06000000000000005,0.3600000000000001,2.5,0.49325294823034466
0,0.06000000000000005,0.3800000000000001,2.5,0.48261422195545517
0,0.06000000000000005,0.40000000000000013,2.5,0.471060649993891
0,0.06000000000000005,0.41999999999999993,2.5,0.4586268954954457
0,0.06000000000000005,0.43999999999999995,2.5,0.4453577992845992
0,0.06000000000000005,0.45999999999999996,2.5,0.4313076492382789
0,0.06000000000000005,0.48,2.5,0.4165392346617392
0,0.06000000000000005,0.5,2.5,0.40112271022691365
0,0.06000000000000005,0.52,2.5,0.385134298830322
0,0.06000000000000005,0.54,2.5,0.368654866580991
0,0.06000000000000005,0.56,2.5,0.35176840594100484
0,0.06000000000000005,0.5800000000000001,2.5,0.33456046474847556
0,0.06000000000000005,0.6000000000000001,2.5,0.3171165594310321
0,0.06000000000000005,0.6200000000000001,2.5,0.29952061018386444
0,0.06000000000000005,0.6400000000000001,2.5,0.2818534342954754
0,0.06000000000000005,0.6600000000000001,2.5,0.26419133124864075
0,0.06000000000000005,0.6799999999999999,2.5,0.2466047898279263
0,0.06000000000000005,0.7,2.5,0.22915734337943067
0,0.06000000000000005,0.72,2.5,0.2119045947640524
0,0.06000000000000005,0.74,2.5,0.1948934276054226
0,0.06000000000000005,0.76,2.5,0.1781614153441185
0,0.06000000000000005,0.78,2.5,0.16173643455205353
0,0.06000000000000005,0.8,2.5,0.14563648410223864
0,0.06000000000000005,0.8200000000000001,2.5,0.12986970727473118
0,0.06000000000000005,0.8400000000000001,2.5,0.1144346098261352
0,0.06000000000000005,0.8600000000000001,2.5,0.09932046354033275
0,0.06000000000000005,0.8800000000000001,2.5,0.08450788185838577
0,0.06000000000000005,0.9000000000000001,2.5,0.06996955186480527
0,0.06000000000000005,0.9199999999999999,2.5,0.05567110515972529
0,0.06000000000000005,0.94,2.5,0.04157210891571983
0,0.06000000000000005,0.96,2.5,0.027627157624451566
0,0.06000000000000005,0.98,2.5,0.013787045587683611
0,0.06000000000000005,1.0,2.5,0.0
0,0.08000000000000007,-1.0,2.5,0.0
0,0.08000000000000007,-0.98,2.5,0.017990009956417804
0,0.08000000000000007,-0.96,2.5,0.035954698521962876
0,0.08000000000000007,-0.94,2.5,0.05386891277618019
0,0.08000000000000007,-0.92,2.5,0.07170782256627582
0,0.08000000000000007,-0.9,2.5,0.0894470478004186
0,0.08000000000000007,-0.88,2.5,0.10706274847297431
0,0.08000000000000007,-0.86,2.5,0.1245316707231473
0,0.08000000000000007,-0.84,2.5,0.14183114648166067
0,0.08000000000000007,-0.8200000000000001,2.5,0.1589390488319397
0,0.08000000000000007,-0.8,2.5,0.17583370970980622
0,0.08000000000000007,-0.78,2.5,0.1924938106065817
0,0.08000000000000007,-0.76,2.5,0.20889826018561988
0,0.08000000000000007,-0.74,2.5,0.22502607490324628
0,0.08000000000000007,-0.72,2.5,0.2408562796641912
0,0.08000000000000007,-0.7,2.5,0.2563678451629049
0,0.08000000000000007,-0.6799999999999999,2.5,0.2715396768929428
0,0.08000000000000007,-0.6599999999999999,2.5,0.2863506679701538
0,0.08000000000000007,-0.64,2.5,0.3007798241159548
0,0.08000000000000007,-0.62,2.5,0.31480646464940204
0,0.08000000000000007,-0.6,2.5,0.32841049844287856
0,0.08000000000000007,-0.5800000000000001,2.5,0.3415727688204377
0,0.08000000000000007,-0.56,2.5,0.35427545662426846
0,0.08000000000000007,-0.54,2.5,0.3665025264174545
0,0.08000000000000007,-0.52,2.5,0.37824019725924335
0,0.08000000000000007,-0.5,2.5,0.38947741685636983
0,0.08000000000000007,-0.48,2.5,0.40020631627482506
0,0.08000000000000007,-0.45999999999999996,2.5,0.4104226218453455
0,0.08000000000000007,-0.43999999999999995,2.5,0.42012600141165835
0,0.08000000000000007,-0.42000000000000004,2.5,0.4293203236031862
0,0.08000000000000007,-0.4,2.5,0.43801381127336403
0,0.08000000000000007,-0.38,2.5,0.4462190735100059
0,0.08000000000000007,-0.36,2.5,0.45395300455265386
0,0.08000000000000007,-0.33999999999999997,2.5,0.46123654238740314
0,0.08000000000000007,-0.31999999999999995,2.5,0.46809428456972857
0,0.08000000000000007,-0.29999999999999993,2.5,0.47455396378667464
0,0.08000000000000007,-0.28,2.5,0.48064579065083984
0,0.08000000000000007,-0.26,2.5,0.486401676065359
0,0.08000000000000007,-0.24,2.5,0.49185435006512634
0,0.08000000000000007,-0.21999999999999997,2.5,0.49703639818805223
0,0.08000000000000007,-0.19999999999999996,2.5,0.5019792400355891
0,0.08000000000000007,-0.17999999999999994,2.5,0.5067120776310439
0,0.08000000000000007,-0.16000000000000003,2.5,0.5112608433786777
0,0.08000000000000007,-0.14,2.5,0.5156471787841116
0,0.08000000000000007,-0.12,2.5,0.5198874755538859
0,0.08000000000000007,-0.09999999999999998,2.5,0.5239920102073937
0,0.08000000000000007,-0.07999999999999996,2.5,0.5279642018902228
0,0.08000000000000007,-0.05999999999999994,2.5,0.5318000206829472
0,0.08000000000000007,-0.040000000000000036,2.5,0.5354875703906281
0,0.08000000000000007,-0.020000000000000018,2.5,0.5390068656419699
0,0.08000000000000007,0.0,2.5,0.5423298182188492
0,0.08000000000000007,0.020000000000000018,2.5,0.5454204420006016
0,0.08000000000000007,0.040000000000000036,2.5,0.548235279892708
0,0.08000000000000007,0.06000000000000005,2.5,0.5507240497883664
0,0.08000000000000007,0.08000000000000007,2.5,0.5528305001732038
0,0.08000000000000007,0.10000000000000009,2.5,0.5544934596290226
0,0.08000000000000007,0.1200000000000001,2.5,0.5556480584275607
0,0.08000000000000007,0.14000000000000012,2.5,0.5562270948328136
0,0.08000000000000007,0.15999999999999992,2.5,0.5561625138431545
0,0.08000000000000007,0.17999999999999994,2.5,0.5553869620771612
0,0.08000000000000007,0.19999999999999996,2.5,0.5538353794895259
0,0.08000000000000007,0.21999999999999997,2.5,0.5514465867141634
0,0.08000000000000007,0.24,2.5,0.5481648261525315
0,0.08000000000000007,0.26,2.5,0.5439412154976561
0,0.08000000000000007,0.28,2.5,0.5387350742070581
0,0.08000000000000007,0.30000000000000004,2.5,0.5325150864660954
0,0.08000000000000007,0.32000000000000006,2.5,0.5252602683303016
0,0.08000000000000007,0.3400000000000001,2.5,0.5169607118750967
0,0.08000000000000007,0.3600000000000001,2.5,0.5076180851529173
0,0.08000000000000007,0.3800000000000001,2.5,0.4972458733716268
0,0.08000000000000007,0.40000000000000013,2.5,0.4858693537523666
0,0.08000000000000007,0.41999999999999993,2.5,0.4735253037741048
0,0.08000000000000007,0.43999999999999995,2.5,0.4602614497345079
0,0.08000000000000007,0.45999999999999996,2.5,0.44613566952361977
0,0.08000000000000007,0.48,2.5,0.4312149700003116
0,0.08000000000000007,0.5,2.5,0.4155742651824453
0,0.08000000000000007,0.52,2.5,0.39929498643671263
0,0.08000000000000007,0.54,2.5,0.38246355984143776
0,0.08000000000000007,0.56,2.5,0.36516978878990497
0,0.08000000000000007,0.5800000000000001,2.5,0.34750518163749705
0,0.08000000000000007,0.6000000000000001,2.5,0.32956126474932285
0,0.08000000000000007,0.6200000000000001,2.5,0.3114279206943836
0,0.08000000000000007,0.6400000000000001,2.5,0.2931917896168457
0,0.08000000000000007,0.6600000000000001,2.5,0.2749347690918298
0,0.08000000000000007,0.6799999999999999,2.5,0.256732644173114
0,0.08000000000000007,0.7,2.5,0.23865387502188315
0,0.08000000000000007,0.72,2.5,0.2207585646483929
0,0.08000000000000007,0.74,2.5,0.2030976240939057
0,0.08000000000000007,0.76,2.5,0.18571214702379168
0,0.08000000000000007,0.78,2.5,0.16863300038392814
0,0.08000000000000007,0.8,2.5,0.15188063266641705
0,0.08000000000000007,0.8200000000000001,2.5,0.13546509658906133
0,0.08000000000000007,0.8400000000000001,2.5,0.1193862787377519
0,0.08000000000000007,0.8600000000000001,2.5,0.10363432503826105
0,0.08000000000000007,0.8800000000000001,2.5,0.0881902478618062
0,0.08000000000000007,0.9000000000000001,2.5,0.07302669813614912
0,0.08000000000000007,0.9199999999999999,2.5,0.058108884003295926
0,0.08000000000000007,0.94,2.5,0.043395616276709244
0,0.08000000000000007,0.96,2.5,0.028840460121518658
0,0.08000000000000007,0.98,2.5,0.014392971911288565
0,0.08000000000000007,1.0,2.5,0.0
0,0.10000000000000009,-1.0,2.5,0.0
0,0.10000000000000009,-0.98,2.5,0.017075911332165614
0,0.10000000000000009,-0.96,2.5,0.03412811920042823
0,0.10000000000000009,-0.94,2.5,0.05113308942807783
0,0.10000000000000009,-0.92,2.5,0.06806761304377018
0,0.10000000000000009,-0.9,2.5,0.08490893673058399
0,0.10000000000000009,-0.88,2.5,0.1016348581315765
0,0.10000000000000009,-0.86,2.5,0.11822377970618131
0,0.10000000000000009,-0.84,2.5,0.1346547188480571
0,0.10000000000000009,-0.8200000000000001,2.5,0.15090727628880968
0,0.10000000000000009,-0.8,2.5,0.16696156905057263
0,0.10000000000000009,-0.78,2.5,0.18279813801109532
0,0.10000000000000009,-0.76,2.5,0.19839784318623957
0,0.10000000000000009,-0.74,2.5,0.21374176186235794
0,0.10000000000000009,-0.72,2.5,0.22881110555691822
0,0.10000000000000009,-0.7,2.5,0.24358717137865102
0,0.10000000000000009,-0.6799999999999999,2.5,0.2580513417253668
0,0.10000000000000009,-0.6599999999999999,2.5,0.27218514351664186
0,0.10000000000000009,-0.64,2.5,0.28597037450516105
0,0.10000000000000009,-0.62,2.5,0.2993892998977515
0,0.10000000000000009,-0.6,2.5,0.3124249178334888
0,0.10000000000000009,-0.5800000000000001,2.5,0.3250612875123115
0,0.10000000000000009,-0.56,2.5,0.33728390923430457
0,0.10000000000000009,-0.54,2.5,0.34908014155984646
0,0.10000000000000009,-0.52,2.5,0.3604396374539821
0,0.10000000000000009,-0.5,2.5,0.3713547788022428
0,0.10000000000000009,-0.48,2.5,0.3818210871902556
0,0.10000000000000009,-0.45999999999999996,2.5,0.3918375883795197
0,0.10000000000000009,-0.43999999999999995,2.5,0.4014071084869457
0,0.10000000000000009,-0.42000000000000004,2.5,0.41053648143947274
0,0.10000000000000009,-0.4,2.5,0.41923664974181957
0,0.10000000000000009,-0.38,2.5,0.4275226438494564
0,0.10000000000000009,-0.36,2.5,0.4354134293429832
0,0.10000000000000009,-0.33999999999999997,2.5,0.4429316155031378
0,0.10000000000000009,-0.31999999999999995,2.5,0.45010302362923565
0,0.10000000000000009,-0.29999999999999993,2.5,0.45695611836749545
0,0.10000000000000009,-0.28,2.5,0.46352131026084303
0,0.10000000000000009,-0.26,2.5,0.46983014254466277
0,0.10000000000000009,-0.24,2.5,0.4759143797467209
0,0.10000000000000009,-0.21999999999999997,2.5,0.48180501976602513
0,0.10000000000000009,-0.19999999999999996,2.5,0.4875312546768399
0,0.10000000000000009,-0.17999999999999994,2.5,0.49311940841471497
0,0.10000000000000009,-0.16000000000000003,2.5,0.49859188164953233
0,0.10000000000000009,-0.14,2.5,0.503966135451071
0,0.10000000000000009,-0.12,2.5,0.509253745739459
0,0.10000000000000009,-0.09999999999999998,2.5,0.5144595599421319
0,0.10000000000000009,-0.07999999999999996,2.5,0.5195809857313795
0,0.10000000000000009,-0.05999999999999994,2.5,0.5246074392003455
0,0.10000000000000009,-0.040000000000000036,2.5,0.5295199763877767
0,0.10000000000000009,-0.020000000000000018,2.5,0.5342911277505318
0,0.10000000000000009,0.0,2.5,0.5388849501059501
0,0.10000000000000009,0.020000000000000018,2.5,0.5432573048509011
0,0.10000000000000009,0.040000000000000036,2.5,0.547356365064921
0,0.10000000000000009,0.06000000000000005,2.5,0.5511233475984354
0,0.10000000000000009,0.08000000000000007,2.5,0.5544934596290226
0,0.10000000000000009,0.10000000000000009,2.5,0.5573970426461351
0,0.10000000000000009,0.1200000000000001,2.5,0.5597608906097865
0,0.10000000000000009,0.14000000000000012,2.5,0.561509713330752
0,0.10000000000000009,0.15999999999999992,2.5,0.5625677111374285
0,0.10000000000000009,0.17999999999999994,2.5,0.562860222807789
0,0.10000000000000009,0.19999999999999996,2.5,0.5623154057079687
0,0.10000000000000009,0.21999999999999997,2.5,0.5608659052135679
0,0.10000000000000009,0.24,2.5,0.5584504698794621
0,0.10000000000000009,0.26,2.5,0.5550154695104281
0,0.10000000000000009,0.28,2.5,0.5505162752656824
0,0.10000000000000009,0.30000000000000004,2.5,0.5449184641579369
0,0.10000000000000009,0.32000000000000006,2.5,0.5381988146905891
0,0.10000000000000009,0.3400000000000001,2.5,0.5303460657833888
0,0.10000000000000009,0.3600000000000001,2.5,0.5213614173994501
0,0.10000000000000009,0.3800000000000001,2.5,0.5112587582071011
0,0.10000000000000009,0.40000000000000013,2.5,0.5000646129684405
0,0.10000000000000009,0.41999999999999993,2.5,0.4878178099077533
0,0.10000000000000009,0.43999999999999995,2.5,0.4745688758365361
0,0.10000000000000009,0.45999999999999996,2.5,0.4603791740599903
0,0.10000000000000009,0.48,2.5,0.44531980683640304
0,0.10000000000000009,0.5,2.5,0.4294703101992042
0,0.10000000000000009,0.52,2.5,0.4129171741020121
0,0.10000000000000009,0.54,2.5,0.395752224962991
0,0.10000000000000009,0.56,2.5,0.3780709106576849
0,0.10000000000000009,0.5800000000000001,2.5,0.3599705297720074
0,0.10000000000000009,0.6000000000000001,2.5,0.3415484474555522
0,0.10000000000000009,0.6200000000000001,2.5,0.32290033952997493
0,0.10000000000000009,0.6400000000000001,2.5,0.30411850467052537
0,0.10000000000000009,0.6600000000000001,2.5,0.28529028159304615
0,0.10000000000000009,0.6799999999999999,2.5,0.2664966043810563
0,0.10000000000000009,0.7,2.5,0.2478107245438714
0,0.10000000000000009,0.72,2.5,0.22929712329450835
0,0.10000000000000009,0.74,2.5,0.21101063207565213
0,0.10000000000000009,0.76,2.5,0.19299577374710866
0,0.10000000000000009,0.78,2.5,0.17528633127679735
0,0.10000000000000009,0.8,2.5,0.15790514543183812
0,0.10000000000000009,0.8200000000000001,2.5,0.14086413800492473
0,0.10000000000000009,0.8400000000000001,2.5,0.12416455266066852
0,0.10000000000000009,0.8600000000000001,2.5,0.10779740163666557
0,0.10000000000000009,0.8800000000000001,2.5,0.09174410333423193
0,0.10000000000000009,0.9000000000000001,2.5,0.07597729329301817
0,0.10000000000000009,0.9199999999999999,2.5,0.06046178913275355
0,0.10000000000000009,0.94,2.5,0.04515568870180363
0,0.10000000000000009,0.96,2.5,0.03001157980815054
0,0.10000000000000009,0.98,2.5,0.014977839419888785
0,0.10000000000000009,1.0,2.5,0.0
0,0.1200000000000001,-1.0,2.5,0.0
0,0.1200000000000001,-0.98,2.5,0.016168655926840917
0,0.1200000000000001,-0.96,2.5,0.032315208682694274
0,0.1200000000000001,-0.94,2.5,0.0484177250380776
0,0.1200000000000001,-0.92,2.5,0.06445459907423806
0,0.1200000000000001,-0.9,2.5,0.08040468560389466
0,0.1200000000000001,-0.88,2.5,0.09624740055330534
0,0.1200000000000001,-0.86,2.5,0.11196278238905749
0,0.1200000000000001,-0.84,2.5,0.12753151245447295
0,0.1200000000000001,-0.8200000000000001,2.5,0.14293489613867058
0,0.1200000000000001,-0.8,2.5,0.15815481078335986
0,0.1200000000000001,-0.78,2.5,0.1731736297952504
0,0.1200000000000001,-0.76,2.5,0.18797413527152126
0,0.1200000000000001,-0.74,2.5,0.20253943332184077
0,0.1200000000000001,-0.72,2.5,0.2168528870245519
0,0.1200000000000001,-0.7,2.5,0.2308980815201705
0,0.1200000000000001,-0.6799999999999999,2.5,0.2446588341488267
0,0.1200000000000001,-0.6599999999999999,2.5,0.2581192598929369
0,0.1200000000000001,-0.64,2.5,0.271263898878708
0,0.1200000000000001,-0.62,2.5,0.28407790856149306
0,0.1200000000000001,-0.6,2.5,0.2965473187456686
0,0.1200000000000001,-0.5800000000000001,2.5,0.30865934305644177
0,0.1200000000000001,-0.56,2.5,0.3204027361667418
0,0.1200000000000001,-0.54,2.5,0.33176818223829074
0,0.1200000000000001,-0.52,2.5,0.3427486968727775
0,0.1200000000000001,-0.5,2.5,0.35334002254788255
0,0.1200000000000001,-0.48,2.5,0.36354099614067975
0,0.1200000000000001,-0.45999999999999996,2.5,0.37335386677038773
0,0.1200000000000001,-0.43999999999999995,2.5,0.3827845428252343
0,0.1200000000000001,-0.42000000000000004,2.5,0.39184274863094887
0,0.1200000000000001,-0.4,2.5,0.40054207369013844
0,0.1200000000000001,-0.38,2.5,0.4088999006621047
0,0.1200000000000001,-0.36,2.5,0.4169372021296193
0,0.1200000000000001,-0.33999999999999997,2.5,0.4246782005667185
0,0.1200000000000001,-0.31999999999999995,2.5,0.43214989062553305
0,0.1200000000000001,-0.29999999999999993,2.5,0.43938142774332967
0,0.1200000000000001,-0.28,2.5,0.44640339197681206
0,0.1200000000000001,-0.26,2.5,0.45324694074640104
0,0.1200000000000001,-0.24,2.5,0.45994286867162154
0,0.1200000000000001,-0.21999999999999997,2.5,0.46652059676049057
0,0.1200000000000001,-0.19999999999999996,2.5,0.4730071167510515
0,0.1200000000000001,-0.17999999999999994,2.5,0.4794259192736249
0,0.1200000000000001,-0.16000000000000003,2.5,0.4857959366034108
0,0.1200000000000001,-0.14,2.5,0.4921305320167888
0,0.1200000000000001,-0.12,2.5,0.4984365680823774
0,0.1200000000000001,-0.09999999999999998,2.5,0.5047135855635361
0,0.1200000000000001,-0.07999999999999996,2.5,0.5109531229618203
0,0.1200000000000001,-0.05999999999999994,2.5,0.5171382040984256
0,0.1200000000000001,-0.040000000000000036,2.5,0.5232430175504367
0,0.1200000000000001,-0.020000000000000018,2.5,0.5292328072997318
0,0.1200000000000001,0.0,2.5,0.5350639887149918
0,0.1200000000000001,0.020000000000000018,2.5,0.5406844981021004
0,0.1200000000000001,0.040000000000000036,2.5,0.5460343776836328
0,0.1200000000000001,0.06000000000000005,2.5,0.5510465911863569
0,0.1200000000000001,0.08000000000000007,2.5,0.5556480584275607
0,0.1200000000000001,0.10000000000000009,2.5,0.5597608906097865
0,0.1200000000000001,0.1200000000000001,2.5,0.5633038016773857
0,0.1200000000000001,0.14000000000000012,2.5,0.5661936652725792
0,0.1200000000000001,0.15999999999999992,2.5,0.5683471817576549
0,0.1200000000000001,0.17999999999999994,2.5,0.5696826156286824
0,0.1200000000000001,0.19999999999999996,2.5,0.5701215605928822
0,0.1200000000000001,0.21999999999999997,2.5,0.5695906877411783
0,0.1200000000000001,0.24,2.5,0.5680234317048725
0,0.1200000000000001,0.26,2.5,0.5653615704827193
0,0.1200000000000001,0.28,2.5,0.5615566567581697
0,0.1200000000000001,0.30000000000000004,2.5,0.5565712619458766
0,0.1200000000000001,0.32000000000000006,2.5,0.5503799988163248
0,0.1200000000000001,0.3400000000000001,2.5,0.5429702942102722
0,0.1200000000000001,0.3600000000000001,2.5,0.5343428898960013
0,0.1200000000000001,0.3800000000000001,2.5,0.5245120568368061
0,0.1200000000000001,0.40000000000000013,2.5,0.5135055157950246
0,0.1200000000000001,0.41999999999999993,2.5,0.5013640650587492
0,0.1200000000000001,0.43999999999999995,2.5,0.48814092388872693
0,0.1200000000000001,0.45999999999999996,2.5,0.47390080779968957
0,0.1200000000000001,0.48,2.5,0.45871875877832846
0,0.1200000000000001,0.5,2.5,0.44267875978574395
0,0.1200000000000001,0.52,2.5,0.4258721682097535
0,0.1200000000000001,0.54,2.5,0.4083960071706602
0,0.1200000000000001,0.56,2.5,0.3903511566311495
0,0.1200000000000001,0.5800000000000001,2.5,0.3718404880481568
0,0.1200000000000001,0.6000000000000001,2.5,0.3529669868082703
0,0.1200000000000001,0.6200000000000001,2.5,0.3338319059303548
0,0.1200000000000001,0.6400000000000001,2.5,0.3145329925655988
0,0.1200000000000001,0.6600000000000001,2.5,0.2951628257830574
0,0.1200000000000001,0.6799999999999999,2.5,0.275807300141198
0,0.1200000000000001,0.7,2.5,0.25654428478599955
0,0.1200000000000001,0.72,2.5,0.2374424824790332
0,0.1200000000000001,0.74,2.5,0.21856050725311763
0,0.1200000000000001,0.76,2.5,0.19994619353067822
0,0.1200000000000001,0.78,2.5,0.1816361437265629
0,0.1200000000000001,0.8,2.5,0.16365551578229065
0,0.1200000000000001,0.8200000000000001,2.5,0.14601804690688674
0,0.1200000000000001,0.8400000000000001,2.5,0.12872630516205158
0,0.1200000000000001,0.8600000000000001,2.5,0.11177215651936263
0,0.1200000000000001,0.8800000000000001,2.5,0.09513743168564415
0,0.1200000000000001,0.9000000000000001,2.5,0.07879477434844152
0,0.1200000000000001,0.9199999999999999,2.5,0.06270865050580575
0,0.1200000000000001,0.94,2.5,0.046836497148041244
0,0.1200000000000001,0.96,2.5,0.031129987661889395
0,0.1200000000000001,0.98,2.5,0.015536390821355925
0,0.1200000000000001,1.0,2.5,0.0
0,0.14000000000000012,-1.0,2.5,0.0
0,0.14000000000000012,-0.98,2.5,0.015272236570714902
0,0.14000000000000012,-0.96,2.5,0.030523944894543645
0,0.14000000000000012,-0.94,2.5,0.04573476713549657
0,0.14000000000000012,-0.92,2.5,0.060884674492739016
0,0.14000000000000012,-0.9,2.5,0.07595410337577702
0,0.14000000000000012,-0.88,2.5,0.09092406061630863
0,0.14000000000000012,-0.86,2.5,0.10577619218355876
0,0.14000000000000012,-0.84,2.5,0.12049281341983094
0,0.14000000000000012,-0.8200000000000001,2.5,0.13505690261903702
0,0.14000000000000012,-0.8,2.5,0.14945206350010043
0,0.14000000000000012,-0.78,2.5,0.1636624654555891
0,0.14000000000000012,-0.76,2.5,0.17767277309694002
0,0.14000000000000012,-0.74,2.5,0.19146807834477447
0,0.14000000000000012,-0.72,2.5,0.2050338489771151
0,0.14000000000000012,-0.7,2.5,0.2183559070876926
0,0.14000000000000012,-0.6799999999999999,2.5,0.23142044934711364
0,0.14000000000000012,-0.6599999999999999,2.5,0.24421411840969304
0,0.14000000000000012,-0.64,2.5,0.2567241314459489
0,0.14000000000000012,-0.62,2.5,0.26893846783497116
0,0.14000000000000012,-0.6,2.5,0.2808461137840535
0,0.14000000000000012,-0.5800000000000001,2.5,0.29243735732835474
0,0.14000000000000012,-0.56,2.5,0.30370412306590994
0,0.14000000000000012,-0.54,2.5,0.3146403323428615
0,0.14000000000000012,-0.52,2.5,0.3252422716219844
0,0.14000000000000012,-0.5,2.5,0.33550894959907585
0,0.14000000000000012,-0.48,2.5,0.34544242237996353
0,0.14000000000000012,-0.45999999999999996,2.5,0.35504806574748354
0,0.14000000000000012,-0.43999999999999995,2.5,0.3643347742358377
0,0.14000000000000012,-0.42000000000000004,2.5,0.3733150683491143
0,0.14000000000000012,-0.4,2.5,0.38200509373495106
0,0.14000000000000012,-0.38,2.5,0.3904244993481184
0,0.14000000000000012,-0.36,2.5,0.39859618548565934
0,0.14000000000000012,-0.33999999999999997,2.5,0.40654591690403025
0,0.14000000000000012,-0.31999999999999995,2.5,0.4143018008896082
0,0.14000000000000012,-0.29999999999999993,2.5,0.4218936349930291
0,0.14000000000000012,-0.28,2.5,0.42935213400077477
0,0.14000000000000012,-0.26,2.5,0.4367080504523468
0,0.14000000000000012,-0.24,2.5,0.4439912074710702
0,0.14000000000000012,-0.21999999999999997,2.5,0.45122946672059555
0,0.14000000000000012,-0.19999999999999996,2.5,0.4584476577958472
0,0.14000000000000012,-0.17999999999999994,2.5,0.46566649818573147
0,0.14000000000000012,-0.16000000000000003,2.5,0.4729015349982659
0,0.14000000000000012,-0.14,2.5,0.48016214082613506
0,0.14000000000000012,-0.12,2.5,0.4874505963809892
0,0.14000000000000012,-0.09999999999999998,2.5,0.4947612917898592
0,0.14000000000000012,-0.07999999999999996,2.5,0.5020800767048035
0,0.14000000000000012,-0.05999999999999994,2.5,0.5093837866341173
0,0.14000000000000012,-0.040000000000000036,2.5,0.5166399691979822
0,0.14000000000000012,-0.020000000000000018,2.5,0.5238068294134186
0,0.14000000000000012,0.0,2.5,0.5308334077253657
0,0.14000000000000012,0.020000000000000018,2.5,0.5376599984563557
0,0.14000000000000012,0.040000000000000036,2.5,0.5442188098088628
0,0.14000000000000012,0.06000000000000005,2.5,0.5504348597088888
0,0.14000000000000012,0.08000000000000007,2.5,0.5562270948328136
0,0.14000000000000012,0.10000000000000009,2.5,0.561509713330752
0,0.14000000000000012,0.1200000000000001,2.5,0.5661936652725792
0,0.14000000000000012,0.14000000000000012,2.5,0.5701882989184134
0,0.14000000000000012,0.15999999999999992,2.5,0.573403115763183
0,0.14000000000000012,0.17999999999999994,2.5,0.5757495931147517
0,0.14000000000000012,0.19999999999999996,2.5,0.5771430298989314
0,0.14000000000000012,0.21999999999999997,2.5,0.5775043695700419
0,0.14000000000000012,0.24,2.5,0.5767619535292916
0,0.14000000000000012,0.26,2.5,0.5748531593574375
0,0.14000000000000012,0.28,2.5,0.571725880447778
0,0.14000000000000012,0.30000000000000004,2.5,0.5673398072277416
0,0.14000000000000012,0.32000000000000006,2.5,0.5616674749826991
0,0.14000000000000012,0.3400000000000001,2.5,0.5546950492015366
0,0.14000000000000012,0.3600000000000001,2.5,0.5464228261690635
0,0.14000000000000012,0.3800000000000001,2.5,0.5368654340229218
0,0.14000000000000012,0.40000000000000013,2.5,0.5260517274357626
0,0.14000000000000012,0.41999999999999993,2.5,0.5140243772254091
0,0.14000000000000012,0.43999999999999995,2.5,0.5008391642788488
0,0.14000000000000012,0.45999999999999996,2.5,0.4865639949460049
0,0.14000000000000012,0.48,2.5,0.4712776622747762
0,0.14000000000000012,0.5,2.5,0.4550683838994997
0,0.14000000000000012,0.52,2.5,0.43803215286950714
0,0.14000000000000012,0.54,2.5,0.4202709420571589
0,0.14000000000000012,0.56,2.5,0.4018908059008653
0,0.14000000000000012,0.5800000000000001,2.5,0.38299992504800057
0,0.14000000000000012,0.6000000000000001,2.5,0.3637066399417822
0,0.14000000000000012,0.6200000000000001,2.5,0.3441175185687279
0,0.14000000000000012,0.6400000000000001,2.5,0.32433550151832535
0,0.14000000000000012,0.6600000000000001,2.5,0.3044581643156089
0,0.14000000000000012,0.6799999999999999,2.5,0.2845761328193564
0,0.14000000000000012,0.7,2.5,0.26477168251335537
0,0.14000000000000012,0.72,2.5,0.2451175469582385
0,0.14000000000000012,0.74,2.5,0.22567595473294483
0,0.14000000000000012,0.76,2.5,0.20649790809776475
0,0.14000000000000012,0.78,2.5,0.18762271056830448
0,0.14000000000000012,0.8,2.5,0.169077744797814
0,0.14000000000000012,0.8200000000000001,2.5,0.15087849679424836
0,0.14000000000000012,0.8400000000000001,2.5,0.13302881768412886
0,0.14000000000000012,0.8600000000000001,2.5,0.11552141007371251
0,0.14000000000000012,0.8800000000000001,2.5,0.09833852260176312
0,0.14000000000000012,0.9000000000000001,2.5,0.08145283353617241
0,0.14000000000000012,0.9199999999999999,2.5,0.06482850220636052
0,0.14000000000000012,0.94,2.5,0.04842236561676738
0,0.14000000000000012,0.96,2.5,0.03218525665829918
0,0.14000000000000012,0.98,2.5,0.016063419811600588
0,0.14000000000000012,1.0,2.5,0.0
0,0.15999999999999992,-1.0,2.5,0.0
0,0.15999999999999992,-0.98,2.5,0.014390346935949112
0,0.15999999999999992,-0.96,2.5,0.02876170795947088
0,0.15999999999999992,-0.94,2.5,0.04309526783087545
0,0.15999999999999992,-0.92,2.5,0.05737254164043298
0,0.15999999999999992,-0.9,2.5,0.0715755134881712
0,0.15999999999999992,-0.88,2.5,0.08568674623713211
0,0.15999999999999992,-0.86,2.5,0.09968945718299427
0,0.15999999999999992,-0.84,2.5,0.11356755780550032
0,0.15999999999999992,-0.8200000000000001,2.5,0.12730565932566626
0,0.15999999999999992,-0.8,2.5,0.14088904927373355
0,0.15999999999999992,-0.78,2.5,0.15430364737147748
0,0.15999999999999992,-0.76,2.5,0.16753595147898545
0,0.15999999999999992,-0.74,2.5,0.18057298593756593
0,0.15999999999999992,-0.72,2.5,0.1934022652173749
0,0.15999999999999992,-0.7,2.5,0.2060117852930074
0,0.15999999999999992,-0.6799999999999999,2.5,0.2183900536484207
0,0.15999999999999992,-0.6599999999999999,2.5,0.230526166357461
0,0.15999999999999992,-0.64,2.5,0.24240993746698677
0,0.15999999999999992,-0.62,2.5,0.25403208214456585
0,0.15999999999999992,-0.6,2.5,0.26538445099088415
0,0.15999999999999992,-0.5800000000000001,2.5,0.27646030881814004
0,0.15999999999999992,-0.56,2.5,0.287254647311988
0,0.15999999999999992,-0.54,2.5,0.2977645175546699
0,0.15999999999999992,-0.52,2.5,0.3079893655834628
0,0.15999999999999992,-0.5,2.5,0.31793135213980395
0,0.15999999999999992,-0.48,2.5,0.32759563663018687
0,0.15999999999999992,-0.45999999999999996,2.5,0.33699060512090584
0,0.15999999999999992,-0.43999999999999995,2.5,0.34612802292934575
0,0.15999999999999992,-0.42000000000000004,2.5,0.3550230940177391
0,0.15999999999999992,-0.4,2.5,0.3636944118691147
0,0.15999999999999992,-0.38,2.5,0.37216378972942826
0,0.15999999999999992,-0.36,2.5,0.38045596191336245
0,0.15999999999999992,-0.33999999999999997,2.5,0.38859815215788845
0,0.15999999999999992,-0.31999999999999995,2.5,0.3966195096218575
0,0.15999999999999992,-0.29999999999999993,2.5,0.4045504179210571
0,0.15999999999999992,-0.28,2.5,0.41242168740428087
0,0.15999999999999992,-0.26,2.5,0.42026364556624823
0,0.15999999999999992,-0.24,2.5,0.42810514491059054
0,0.15999999999999992,-0.21999999999999997,2.5,0.43597251157920885
0,0.15999999999999992,-0.19999999999999996,2.5,0.443888461519843
0,0.15999999999999992,-0.17999999999999994,2.5,0.4518710137487343
0,0.15999999999999992,-0.16000000000000003,2.5,0.45993243227024455
0,0.15999999999999992,-0.14,2.5,0.4680782293469653
0,0.15999999999999992,-0.12,2.5,0.47630626299882567
0,0.15999999999999992,-0.09999999999999998,2.5,0.48460596079789103
0,0.15999999999999992,-0.07999999999999996,2.5,0.49295770019349083
0,0.15999999999999992,-0.05999999999999994,2.5,0.5013323727562023
0,0.15999999999999992,-0.040000000000000036,2.5,0.5096911559070828
0,0.15999999999999992,-0.020000000000000018,2.5,0.5179855109715621
0,0.15999999999999992,0.0,2.5,0.5261574208700662
0,0.15999999999999992,0.020000000000000018,2.5,0.5341398745662902
0,0.15999999999999992,0.040000000000000036,2.5,0.5418575987049506
0,0.15999999999999992,0.06000000000000005,2.5,0.5492280298750607
0,0.15999999999999992,0.08000000000000007,2.5,0.5561625138431545
0,0.15999999999999992,0.10000000000000009,2.5,0.5625677111374285
0,0.15999999999999992,0.1200000000000001,2.5,0.5683471817576549
0,0.15999999999999992,0.14000000000000012,2.5,0.573403115763183
0,0.15999999999999992,0.15999999999999992,2.5,0.5776381712667066
0,0.15999999999999992,0.17999999999999994,2.5,0.5809573771288288
0,0.15999999999999992,0.19999999999999996,2.5,0.5832700545733394
0,0.15999999999999992,0.21999999999999997,2.5,0.5844917101554385
0,0.15999999999999992,0.24,2.5,0.5845458521032473
0,0.15999999999999992,0.26,2.5,0.5833656830590882
0,0.15999999999999992,0.28,2.5,0.5808956246651011
0,0.15999999999999992,0.30000000000000004,2.5,0.5770926332123013
0,0.15999999999999992,0.32000000000000006,2.5,0.5719272706001594
0,0.15999999999999992,0.3400000000000001,2.5,0.5653845009875674
0,0.15999999999999992,0.3600000000000001,2.5,0.5574641905688837
0,0.15999999999999992,0.3800000000000001,2.5,0.5481812956612617
0,0.15999999999999992,0.40000000000000013,2.5,0.537565732497895
0,0.15999999999999992,0.41999999999999993,2.5,0.5256619305267783
0,0.15999999999999992,0.43999999999999995,2.5,0.5125280793508166
0,0.15999999999999992,0.45999999999999996,2.5,0.49823508745096173
0,0.15999999999999992,0.48,2.5,0.4828652782610275
0,0.15999999999999992,0.5,2.5,0.46651085578445756
0,0.15999999999999992,0.52,2.5,0.4492721775631245
0,0.15999999999999992,0.54,2.5,0.4312558772665261
0,0.15999999999999992,0.56,2.5,0.4125728823490078
0,0.15999999999999992,0.5800000000000001,2.5,0.39333637405143207
0,0.15999999999999992,0.6000000000000001,2.5,0.3736597374786801
0,0.15999999999999992,0.6200000000000001,2.5,0.3536545485906869
0,0.15999999999999992,0.6400000000000001,2.5,0.33342864277450707
0,0.15999999999999992,0.6600000000000001,2.5,0.31308430633397705
0,0.15999999999999992,0.6799999999999999,2.5,0.2927166278961804
0,0.15999999999999992,0.7,2.5,0.2724120415761644
0,0.15999999999999992,0.72,2.5,0.25224708797266693
0,0.15999999999999992,0.74,2.5,0.2322874129114356
0,0.15999999999999992,0.76,2.5,0.21258701753609024
0,0.15999999999999992,0.78,2.5,0.19318776708947893
0,0.15999999999999992,0.8,2.5,0.17411915973362163
0,0.15999999999999992,0.8200000000000001,2.5,0.15539835119905943
0,0.15999999999999992,0.8400000000000001,2.5,0.13703042607486973
0,0.15999999999999992,0.8600000000000001,2.5,0.11900890224754043
0,0.15999999999999992,0.8800000000000001,2.5,0.10131645142431364
0,0.15999999999999992,0.9000000000000001,2.5,0.08392581584323196
0,0.15999999999999992,0.9199999999999999,2.5,0.06680089914409497
0,0.15999999999999992,0.94,2.5,0.04989800788122898
0,0.15999999999999992,0.96,2.5,0.033167219201408554
0,0.15999999999999992,0.98,2.5,0.01655384967172024
0,0.15999999999999992,1.0,2.5,0.0
0,0.17999999999999994,-1.0,2.5,0.0
0,0.17999999999999994,-0.98,2.5,0.013526362887752991
0,0.17999999999999994,-0.96,2.5,0.02703524295094614
0,0.17999999999999994,-0.94,2.5,0.040509328069742015
0,0.17999999999999994,-0.92,2.5,0.05393163727169397
0,0.17999999999999994,-0.9,2.5,0.06728566163487151
0,0.17999999999999994,-0.88,2.5,0.08055547825436958
0,0.17999999999999994,-0.86,2.5,0.09372583248230644
0,0.17999999999999994,-0.84,2.5,0.10678218675167798
0,0.17999999999999994,-0.8200000000000001,2.5,0.11971073761112344
0,0.17999999999999994,-0.8,2.5,0.13249840583625566
0,0.17999999999999994,-0.78,2.5,0.1451328073575566
0,0.17999999999999994,-0.76,2.5,0.15760221500171112
0,0.17999999999999994,-0.74,2.5,0.16989552248318673
0,0.17999999999999994,-0.72,2.5,0.18200222257526852
0,0.17999999999999994,-0.7,2.5,0.19391241088134553
0,0.17999999999999994,-0.6799999999999999,2.5,0.2056168251433073
0,0.17999999999999994,-0.6599999999999999,2.5,0.2171069276629191
0,0.17999999999999994,-0.64,2.5,0.22837503533451345
0,0.17999999999999994,-0.62,2.5,0.23941449820046148
0,0.17999999999999994,-0.6,2.5,0.2502199235807926
0,0.17999999999999994,-0.5800000000000001,2.5,0.2607874389415837
0,0.17999999999999994,-0.56,2.5,0.2711149829929468
0,0.17999999999999994,-0.54,2.5,0.2812026112641681
0,0.17999999999999994,-0.52,2.5,0.2910527997745939
0,0.17999999999999994,-0.5,2.5,0.3006707285462294
0,0.17999999999999994,-0.48,2.5,0.31006452568390624
0,0.17999999999999994,-0.45999999999999996,2.5,0.31924545263103177
0,0.17999999999999994,-0.43999999999999995,2.5,0.3282280119989753
0,0.17999999999999994,-0.42000000000000004,2.5,0.33702996103215327
0,0.17999999999999994,-0.4,2.5,0.34567221624110356
0,0.17999999999999994,-0.38,2.5,0.3541786379172861
0,0.17999999999999994,-0.36,2.5,0.36257568701994863
0,0.17999999999999994,-0.33999999999999997,2.5,0.3708919511660498
0,0.17999999999999994,-0.31999999999999995,2.5,0.3791575410176622
0,0.17999999999999994,-0.29999999999999993,2.5,0.3874033631003435
0,0.17999999999999994,-0.28,2.5,0.3956602798509883
0,0.17999999999999994,-0.26,2.5,0.4039581723351579
0,0.17999999999999994,-0.24,2.5,0.41232492544500526
0,0.17999999999999994,-0.21999999999999997,2.5,0.42078535934762573
0,0.17999999999999994,-0.19999999999999996,2.5,0.4293601343653144
0,0.17999999999999994,-0.17999999999999994,2.5,0.4380646592089504
0,0.17999999999999994,-0.16000000000000003,2.5,0.4469080344417668
0,0.17999999999999994,-0.14,2.5,0.4558920641275974
0,0.17999999999999994,-0.12,2.5,0.4650103687398071
0,0.17999999999999994,-0.09999999999999998,2.5,0.47424763152260974
0,0.17999999999999994,-0.07999999999999996,2.5,0.4835790085807007
0,0.17999999999999994,-0.05999999999999994,2.5,0.4929697300316025
0,0.17999999999999994,-0.040000000000000036,2.5,0.5023749156260156
0,0.17999999999999994,-0.020000000000000018,2.5,0.511739623396911
0,0.17999999999999994,0.0,2.5,0.5209991442442944
0,0.17999999999999994,0.020000000000000018,2.5,0.5300795490386174
0,0.17999999999999994,0.040000000000000036,2.5,0.5388984880008273
0,0.17999999999999994,0.06000000000000005,2.5,0.5473662349861599
0,0.17999999999999994,0.08000000000000007,2.5,0.5553869620771612
0,0.17999999999999994,0.10000000000000009,2.5,0.562860222807789
0,0.17999999999999994,0.1200000000000001,2.5,0.5696826156286824
0,0.17999999999999994,0.14000000000000012,2.5,0.5757495931147517
0,0.17999999999999994,0.15999999999999992,2.5,0.5809573771288288
0,0.17999999999999994,0.17999999999999994,2.5,0.5852049358871672
0,0.17999999999999994,0.19999999999999996,2.5,0.5883959757927759
0,0.17999999999999994,0.21999999999999997,2.5,0.5904408991431193
0,0.17999999999999994,0.24,2.5,0.5912586784691038
0,0.17999999999999994,0.26,2.5,0.5907785993649688
0,0.17999999999999994,0.28,2.5,0.5889418262163582
0,0.17999999999999994,0.30000000000000004,2.5,0.585702749168856
0,0.17999999999999994,0.32000000000000006,2.5,0.5810300758949881
0,0.17999999999999994,0.3400000000000001,2.5,0.5749076380621082
0,0.17999999999999994,0.3600000000000001,2.5,0.5673348896844481
0,0.17999999999999994,0.3800000000000001,2.5,0.5583270825343951
0,0.17999999999999994,0.40000000000000013,2.5,0.5479151122403041
0,0.17999999999999994,0.41999999999999993,2.5,0.5361450373445408
0,0.17999999999999994,0.43999999999999995,2.5,0.5230772821636395
0,0.17999999999999994,0.45999999999999996,2.5,0.5087855425140494
0,0.17999999999999994,0.48,2.5,0.49335542098710117
0,0.17999999999999994,0.5,2.5,0.4768828252434566
0,0.17999999999999994,0.52,2.5,0.4594721685491767
0,0.17999999999999994,0.54,2.5,0.44123441632934324
0,0.17999999999999994,0.56,2.5,0.42228502575088206
0,0.17999999999999994,0.5800000000000001,2.5,0.40274182719127966
0,0.17999999999999994,0.6000000000000001,2.5,0.3827228968810518
0,0.17999999999999994,0.6200000000000001,2.5,0.36234446905180817
0,0.17999999999999994,0.6400000000000001,2.5,0.34171893365343475
0,0.17999999999999994,0.6600000000000001,2.5,0.3209529622430546
0,0.17999999999999994,0.6799999999999999,2.5,0.30014580015423103
0,0.17999999999999994,0.7,2.5,0.27938775771918245
0,0.17999999999999994,0.72,2.5,0.2587589273553709
0,0.17999999999999994,0.74,2.5,0.23832814697077456
0,0.17999999999999994,0.76,2.5,0.2181522236231676
0,0.17999999999999994,0.78,2.5,0.19827542491421257
0,0.17999999999999994,0.8,2.5,0.178729239417414
0,0.17999999999999994,0.8200000000000001,2.5,0.1595324017103155
0,0.17999999999999994,0.8400000000000001,2.5,0.14069117244971055
0,0.17999999999999994,0.8600000000000001,2.5,0.1221998594954258
0,0.17999999999999994,0.8800000000000001,2.5,0.10404156240866316
0,0.17999999999999994,0.9000000000000001,2.5,0.08618911973358091
0,0.17999999999999994,0.9199999999999999,2.5,0.06860623628058513
0,0.17999999999999994,0.94,2.5,0.051248766093654766
0,0.17999999999999994,0.96,2.5,0.03406612579976897
0,0.17999999999999994,0.98,2.5,0.017002812485736995
0,0.17999999999999994,1.0,2.5,0.0
0,0.19999999999999996,-1.0,2.5,0.0
0,0.19999999999999996,-0.98,2.5,0.01268332874363574
0,0.19999999999999996,-0.96,2.5,0.02535063245269012
0,0.19999999999999996,-0.94,2.5,0.03798605657795761
0,0.19999999999999996,-0.92,2.5,0.05057407801188209
0,0.19999999999999996,-0.9,2.5,0.0630996479039663
0,0.19999999999999996,-0.88,2.5,0.07554830947508247
0,0.19999999999999996,-0.86,2.5,0.08790628639768235
0,0.19999999999999996,-0.84,2.5,0.10016054019284429
0,0.19999999999999996,-0.8200000000000001,2.5,0.11229879817647796
0,0.19999999999999996,-0.8,2.5,0.12430955648991408
0,0.19999999999999996,-0.78,2.5,0.1361820654065137
0,0.19999999999999996,-0.76,2.5,0.1479063061788203
0,0.19999999999999996,-0.74,2.5,0.15947296999366634
0,0.19999999999999996,-0.72,2.5,0.1708734500137889
0,0.19999999999999996,-0.7,2.5,0.182099856954856
0,0.19999999999999996,-0.6799999999999999,2.5,0.19314506720118935
0,0.19999999999999996,-0.6599999999999999,2.5,0.20400281019560748
0,0.19999999999999996,-0.64,2.5,0.21466779890084414
0,0.19999999999999996,-0.62,2.5,0.22513590371811495
0,0.19999999999999996,-0.6,2.5,0.23540436658619274
0,0.19999999999999996,-0.5800000000000001,2.5,0.24547204830540525
0,0.19999999999999996,-0.56,2.5,0.2553396986625683
0,0.19999999999999996,-0.54,2.5,0.2650102358817242
0,0.19999999999999996,-0.52,2.5,0.2744890194667521
0,0.19999999999999996,-0.5,2.5,0.2837840987712874
0,0.19999999999999996,-0.48,2.5,0.2929064187215374
0,0.19999999999999996,-0.45999999999999996,2.5,0.30186996407725436
0,0.19999999999999996,-0.43999999999999995,2.5,0.3106918244521131
0,0.19999999999999996,-0.42000000000000004,2.5,0.3193921639961017
0,0.19999999999999996,-0.4,2.5,0.3279940821057583
0,0.19999999999999996,-0.38,2.5,0.3365233546831123
0,0.19999999999999996,-0.36,2.5,0.34500804920013695
0,0.19999999999999996,-0.33999999999999997,2.5,0.3534780110161594
0,0.19999999999999996,-0.31999999999999995,2.5,0.36196422290408575
0,0.19999999999999996,-0.29999999999999993,2.5,0.3704980444237872
0,0.19999999999999996,-0.28,2.5,0.37911034249036335
0,0.19999999999999996,-0.26,2.5,0.387830529073186
0,0.19999999999999996,-0.24,2.5,0.3966855262822784
0,0.19999999999999996,-0.21999999999999997,2.5,0.40569868300922574
0,0.19999999999999996,-0.19999999999999996,2.5,0.4148886706546475
0,0.19999999999999996,-0.17999999999999994,2.5,0.42426838816683177
0,0.19999999999999996,-0.16000000000000003,2.5,0.4338439085226735
0,0.19999999999999996,-0.14,2.5,0.44361349980507137
0,0.19999999999999996,-0.12,2.5,0.4535667540929545
0,0.19999999999999996,-0.09999999999999998,2.5,0.46368385642767845
0,0.19999999999999996,-0.07999999999999996,2.5,0.4739350241267517
0,0.19999999999999996,-0.05999999999999994,2.5,0.484280143687723
0,0.19999999999999996,-0.040000000000000036,2.5,0.49466862849977883
0,0.19999999999999996,-0.020000000000000018,2.5,0.5050395156310903
0,0.19999999999999996,0.0,2.5,0.515321814193925
0,0.19999999999999996,0.020000000000000018,2.5,0.5254351113482822
0,0.19999999999999996,0.040000000000000036,2.5,0.535290435060351
0,0.19999999999999996,0.06000000000000005,2.5,0.5447913654828599
0,0.19999999999999996,0.08000000000000007,2.5,0.5538353794895259
0,0.19999999999999996,0.10000000000000009,2.5,0.5623154057079687
0,0.19999999999999996,0.1200000000000001,2.5,0.5701215605928822
0,0.19999999999999996,0.14000000000000012,2.5,0.5771430298989314
0,0.19999999999999996,0.15999999999999992,2.5,0.5832700545733394
0,0.19999999999999996,0.17999999999999994,2.5,0.5883959757927759
0,0.19999999999999996,0.19999999999999996,2.5,0.5924192907894397
0,0.19999999999999996,0.21999999999999997,2.5,0.5952456693811725
0,0.19999999999999996,0.24,2.5,0.5967898808307641
0,0.19999999999999996,0.26,2.5,0.5969775818526256
0,0.19999999999999996,0.28,2.5,0.5957469192524673
0,0.19999999999999996,0.30000000000000004,2.5,0.5930499047677081
0,0.19999999999999996,0.32000000000000006,2.5,0.5888535250633701
0,0.19999999999999996,0.3400000000000001,2.5,0.5831405563740241
0,0.19999999999999996,0.3600000000000001,2.5,0.5759100607698375
0,0.19999999999999996,0.3800000000000001,2.5,0.5671775492328626
0,0.19999999999999996,0.40000000000000013,2.5,0.5569748054019106
0,0.19999999999999996,0.41999999999999993,2.5,0.545349372708113
0,0.19999999999999996,0.43999999999999995,2.5,0.5323637163999477
0,0.19999999999999996,0.45999999999999996,2.5,0.5180940803716493
0,0.19999999999999996,0.48,2.5,0.5026290665019979
0,0.19999999999999996,0.5,2.5,0.48606797114440203
0,0.19999999999999996,0.52,2.5,0.4685189192785134
0,0.19999999999999996,0.54,2.5,0.45009684147173135
0,0.19999999999999996,0.56,2.5,0.4309213420837369
0,0.19999999999999996,0.5800000000000001,2.5,0.41111450900501745
0,0.19999999999999996,0.6000000000000001,2.5,0.3907987156282126
0,0.19999999999999996,0.6200000000000001,2.5,0.3700944647370933
0,0.19999999999999996,0.6400000000000001,2.5,0.3491183216395056
0,0.19999999999999996,0.6600000000000001,2.5,0.32798098029098915
0,0.19999999999999996,0.6799999999999999,2.5,0.3067855015187378
0,0.19999999999999996,0.7,2.5,0.2856257569581268
0,0.19999999999999996,0.72,2.5,0.2645851061777109
0,0.19999999999999996,0.74,2.5,0.24373532792944916
0,0.19999999999999996,0.76,2.5,0.22313581975865143
0,0.19999999999999996,0.78,2.5,0.20283307357485825
0,0.19999999999999996,0.8,2.5,0.18286042843406555
0,0.19999999999999996,0.8200000000000001,2.5,0.1632380958991197
0,0.19999999999999996,0.8400000000000001,2.5,0.14397344807611268
0,0.19999999999999996,0.8600000000000001,2.5,0.12506155387387743
0,0.19999999999999996,0.8800000000000001,2.5,0.10648594525755004
0,0.19999999999999996,0.9000000000000001,2.5,0.08821959227415699
0,0.19999999999999996,0.9199999999999999,2.5,0.07022606338192941
0,0.19999999999999996,0.94,2.5,0.052460846040323264
0,0.19999999999999996,0.96,2.5,0.03487280150947848
0,0.19999999999999996,0.98,2.5,0.017405727242341917
0,0.19999999999999996,1.0,2.5,0.0
0,0.21999999999999997,-1.0,2.5,0.0
0,0.21999999999999997,-0.98,2.5,0.011863948351481812
0,0.21999999999999997,-0.96,2.5,0.023713278748116257
0,0.21999999999999997,-0.94,2.5,0.03553354322961103
0,0.21999999999999997,-0.92,2.5,0.04731062500558688
0,0.21999999999999997,-0.9,2.5,0.059030882844698165
0,0.21999999999999997,-0.88,2.5,0.07068127233704215
0,0.21999999999999997,-0.86,2.5,0.08224943994218376
0,0.21999999999999997,-0.84,2.5,0.09372378840942004
0,0.21999999999999997,-0.8200000000000001,2.5,0.10509351501035241
0,0.21999999999999997,-0.8,2.5,0.11634862679856131
0,0.21999999999999997,-0.78,2.5,0.1274799395567917
0,0.21999999999999997,-0.76,2.5,0.1384790689872808
0,0.21999999999999997,-0.74,2.5,0.14933842387180066
0,0.21999999999999997,-0.72,2.5,0.16005121126150773
0,0.21999999999999997,-0.7,2.5,0.1706114632077942
0,0.21999999999999997,-0.6799999999999999,2.5,0.18101409313841899
0,0.21999999999999997,-0.6599999999999999,2.5,0.1912549878072845
0,0.21999999999999997,-0.64,2.5,0.201331137945293
0,0.21999999999999997,-0.62,2.5,0.21124080749921928
0,0.21999999999999997,-0.6,2.5,0.2209837378767829
0,0.21999999999999997,-0.5800000000000001,2.5,0.23056138014005262
0,0.21999999999999997,-0.56,2.5,0.23997714482116772
0,0.21999999999999997,-0.54,2.5,0.24923665617022844
0,0.21999999999999997,-0.52,2.5,0.25834799535162084
0,0.21999999999999997,-0.5,2.5,0.26732191551174483
0,0.21999999999999997,-0.48,2.5,0.2761720108371994
0,0.21999999999999997,-0.45999999999999996,2.5,0.2849148217556156
0,0.21999999999999997,-0.43999999999999995,2.5,0.29356985930943696
0,0.21999999999999997,-0.42000000000000004,2.5,0.30215953342795115
0,0.21999999999999997,-0.4,2.5,0.310708972275376
0,0.21999999999999997,-0.38,2.5,0.3192457229775767
0,0.21999999999999997,-0.36,2.5,0.32779932772122716
0,0.21999999999999997,-0.33999999999999997,2.5,0.33640077335556084
0,0.21999999999999997,-0.31999999999999995,2.5,0.3450818170756738
0,0.21999999999999997,-0.29999999999999993,2.5,0.3538741953874885
0,0.21999999999999997,-0.28,2.5,0.3628087282033186
0,0.21999999999999997,-0.26,2.5,0.37191433444709954
0,0.21999999999999997,-0.24,2.5,0.3812169798140144
0,0.21999999999999997,-0.21999999999999997,2.5,0.39073858118787674
0,0.21999999999999997,-0.19999999999999996,2.5,0.4004958955345564
0,0.21999999999999997,-0.17999999999999994,2.5,0.41049942373315323
0,0.21999999999999997,-0.16000000000000003,2.5,0.4207523616631393
0,0.21999999999999997,-0.14,2.5,0.431249631836026
0,0.21999999999999997,-0.12,2.5,0.44197702886513524
0,0.21999999999999997,-0.09999999999999998,2.5,0.4529105110518544
0,0.21999999999999997,-0.07999999999999996,2.5,0.4640156683043856
0,0.21999999999999997,-0.05999999999999994,2.5,0.4752473934998749
0,0.21999999999999997,-0.040000000000000036,2.5,0.486549780291143
0,0.21999999999999997,-0.020000000000000018,2.5,0.4978562653185553
0,0.21999999999999997,0.0,2.5,0.5090900269248482
0,0.21999999999999997,0.020000000000000018,2.5,0.5201646459290954
0,0.21999999999999997,0.040000000000000036,2.5,0.5309850269699082
0,0.21999999999999997,0.06000000000000005,2.5,0.5414485715787355
0,0.21999999999999997,0.08000000000000007,2.5,0.5514465867141634
0,0.21999999999999997,0.10000000000000009,2.5,0.5608659052135679
0,0.21999999999999997,0.1200000000000001,2.5,0.5695906877411783
0,0.21999999999999997,0.14000000000000012,2.5,0.5775043695700419
0,0.21999999999999997,0.15999999999999992,2.5,0.5844917101554385
0,0.21999999999999997,0.17999999999999994,2.5,0.5904408991431193
0,0.21999999999999997,0.19999999999999996,2.5,0.5952456693811725
0,0.21999999999999997,0.21999999999999997,2.5,0.5988073658050621
0,0.21999999999999997,0.24,2.5,0.601036918832849
0,0.21999999999999997,0.26,2.5,0.6018566721842447
0,0.21999999999999997,0.28,2.5,0.6012020178135751
0,0.21999999999999997,0.30000000000000004,2.5,0.5990227948613666
0,0.21999999999999997,0.32000000000000006,2.5,0.5952844150695406
0,0.21999999999999997,0.3400000000000001,2.5,0.5899686838114311
0,0.21999999999999997,0.3600000000000001,2.5,0.5830742935585531
0,0.21999999999999997,0.3800000000000001,2.5,0.5746169750053398
0,0.21999999999999997,0.40000000000000013,2.5,0.5646292999391763
0,0.21999999999999997,0.41999999999999993,2.5,0.5531601389979314
0,0.21999999999999997,0.43999999999999995,2.5,0.5402737864167414
0,0.21999999999999997,0.45999999999999996,2.5,0.5260487724502383
0,0.21999999999999997,0.48,2.5,0.5105763921003043
0,0.21999999999999997,0.5,2.5,0.49395898584133774
0,0.21999999999999997,0.52,2.5,0.47630801400578915
0,0.21999999999999997,0.54,2.5,0.45774197120301274
0,0.21999999999999997,0.56,2.5,0.43838419047026783
0,0.21999999999999997,0.5800000000000001,2.5,0.41836058872154247
0,0.21999999999999997,0.6000000000000001,2.5,0.3977974054449983
0,0.21999999999999997,0.6200000000000001,2.5,0.3768189855325805
0,0.21999999999999997,0.6400000000000001,2.5,0.35554565468538174
0,0.21999999999999997,0.6600000000000001,2.5,0.33409173215222693
0,0.21999999999999997,0.6799999999999999,2.5,0.3125637207943128
0,0.21999999999999997,0.7,2.5,0.2910587088272593
0,0.21999999999999997,0.72,2.5,0.2696630113001595
0,0.21999999999999997,0.74,2.5,0.24845107267048494
0,0.21999999999999997,0.76,2.5,0.2274846449690087
0,0.21999999999999997,0.78,2.5,0.20681224925735806
0,0.21999999999999997,0.8,2.5,0.18646892158047704
0,0.21999999999999997,0.8200000000000001,2.5,0.16647623859574742
0,0.21999999999999997,0.8400000000000001,2.5,0.1468426126701823
0,0.21999999999999997,0.8600000000000001,2.5,0.127563841582639
0,0.21999999999999997,0.8800000000000001,2.5,0.1086238941066947
0,0.21999999999999997,0.9000000000000001,2.5,0.0899959096901083
0,0.21999999999999997,0.9199999999999999,2.5,0.07164338815118072
0,0.21999999999999997,0.94,2.5,0.0535215437036958
0,0.21999999999999997,0.96,2.5,0.035578796592831384
0,0.21999999999999997,0.98,2.5,0.017758375047795375
0,0.21999999999999997,1.0,2.5,0.0
0,0.24,-1.0,2.5,0.0
0,0.24,-0.98,2.5,0.0110705808195796
0,0.24,-0.96,2.5,0.022127895305024337
0,0.24,-0.94,2.5,0.03315884633613691
0,0.24,-0.92,2.5,0.044150667086035156
0,0.24,-0.9,2.5,0.05509106662062371
0,0.24,-0.88,2.5,0.0659683541787279
0,0.24,-0.86,2.5,0.07677153837787518
0,0.24,-0.84,2.5,0.08749040006269543
0,0.24,-0.8200000000000001,2.5,0.09811554014648881
0,0.24,-0.8,2.5,0.10863840635129138
0,0.24,-0.78,2.5,0.11905130499441623
0,0.24,-0.76,2.5,0.12934740569391276
0,0.24,-0.74,2.5,0.13952074790995944
0,0.24,-0.72,2.5,0.14956625849903865
0,0.24,-0.7,2.5,0.1594797888917747
0,0.24,-0.6799999999999999,2.5,0.16925817913744423
0,0.24,-0.6599999999999999,2.5,0.17889935397287818
0,0.24,-0.64,2.5,0.18840245340676234
0,0.24,-0.62,2.5,0.19776799723720445
0,0.24,-0.6,2.5,0.20699807964026212
0,0.24,-0.5800000000000001,2.5,0.21609658668853307
0,0.24,-0.56,2.5,0.22506942658535198
0,0.24,-0.54,2.5,0.23392475971737117
0,0.24,-0.52,2.5,0.24267321349450233
0,0.24,-0.5,2.5,0.2513280654851341
0,0.24,-0.48,2.5,0.25990537765182825
0,0.24,-0.45999999999999996,2.5,0.26842406459490575
0,0.24,-0.43999999999999995,2.5,0.2769058796274451
0,0.24,-0.42000000000000004,2.5,0.2853753042098771
0,0.24,-0.4,2.5,0.29385932871016796
0,0.24,-0.38,2.5,0.30238711554603265
0,0.24,-0.36,2.5,0.3109895394078552
0,0.24,-0.33999999999999997,2.5,0.31969860333846023
0,0.24,-0.31999999999999995,2.5,0.32854673383028377
0,0.24,-0.29999999999999993,2.5,0.3375659626552262
0,0.24,-0.28,2.5,0.34678700772563925
0,0.24,-0.26,2.5,0.35623826975186607
0,0.24,-0.24,2.5,0.3659447656676872
0,0.24,-0.21999999999999997,2.5,0.37592702359747754
0,0.24,-0.19999999999999996,2.5,0.3861999674006123
0,0.24,-0.17999999999999994,2.5,0.39677182142087686
0,0.24,-0.16000000000000003,2.5,0.407643067874587
0,0.24,-0.14,2.5,0.4188054902300668
0,0.24,-0.12,2.5,0.4302413358825125
0,0.24,-0.09999999999999998,2.5,0.44192263035589674
0,0.24,-0.07999999999999996,2.5,0.45381067313957646
0,0.24,-0.05999999999999994,2.5,0.4658557420955016
0,0.24,-0.040000000000000036,2.5,0.47799702919054354
0,0.24,-0.020000000000000018,2.5,0.49016282519142496
0,0.24,0.0,2.5,0.5022709650169981
0,0.24,0.020000000000000018,2.5,0.5142295388187803
0,0.24,0.040000000000000036,2.5,0.525937866732123
0,0.24,0.06000000000000005,2.5,0.5372877278108357
0,0.24,0.08000000000000007,2.5,0.5481648261525315
0,0.24,0.10000000000000009,2.5,0.5584504698794621
0,0.24,0.1200000000000001,2.5,0.5680234317048725
0,0.24,0.14000000000000012,2.5,0.5767619535292916
0,0.24,0.15999999999999992,2.5,0.5845458521032473
0,0.24,0.17999999999999994,2.5,0.5912586784691038
0,0.24,0.19999999999999996,2.5,0.5967898808307641
0,0.24,0.21999999999999997,2.5,0.601036918832849
0,0.24,0.24,2.5,0.6039072770527086
0,0.24,0.26,2.5,0.6053203268614997
0,0.24,0.28,2.5,0.605208988684396
0,0.24,0.30000000000000004,2.5,0.6035211510214169
0,0.24,0.32000000000000006,2.5,0.600220808264531
0,0.24,0.3400000000000001,2.5,0.595288886200678
0,0.24,0.3600000000000001,2.5,0.588723731919163
0,0.24,0.3800000000000001,2.5,0.5805412534053513
0,0.24,0.40000000000000013,2.5,0.5707747031345725
0,0.24,0.41999999999999993,2.5,0.5594741091979087
0,0.24,0.43999999999999995,2.5,0.5467053666064133
0,0.24,0.45999999999999996,2.5,0.5325490101479589
0,0.24,0.48,2.5,0.5170986982418952
0,0.24,0.5,2.5,0.5004594444057555
0,0.24,0.52,2.5,0.4827456390033432
0,0.24,0.54,2.5,0.4640789087128998
0,0.24,0.56,2.5,0.444585864512198
0,0.24,0.5800000000000001,2.5,0.42439579084922613
0,0.24,0.6000000000000001,2.5,0.4036383290301442
0,0.24,0.6200000000000001,2.5,0.38244120674081533
0,0.24,0.6400000000000001,2.5,0.3609280631061801
0,0.24,0.6600000000000001,2.5,0.339216414912276
0,0.24,0.6799999999999999,2.5,0.3174158047399436
0,0.24,0.7,2.5,0.2956261659927954
0,0.24,0.72,2.5,0.27393643337574874
0,0.24,0.74,2.5,0.2524234205401934
0,0.24,0.76,2.5,0.23115097960715944
0,0.24,0.78,2.5,0.21016945035209153
0,0.24,0.8,2.5,0.18951540020595337
0,0.24,0.8200000000000001,2.5,0.1692116500892633
0,0.24,0.8400000000000001,2.5,0.14926757560123433
0,0.24,0.8600000000000001,2.5,0.12967966834282002
0,0.24,0.8800000000000001,2.5,0.11043233821825256
0,0.24,0.9000000000000001,2.5,0.0914989344428797
0,0.24,0.9199999999999999,2.5,0.07284296064736588
0,0.24,0.94,2.5,0.05441945783078658
0,0.24,0.96,2.5,0.036176527867980084
0,0.24,0.98,2.5,0.01805696969049482
0,0.24,1.0,2.5,0.0
0,0.26,-1.0,2.5,0.0
0,0.26,-0.98,2.5,0.01030524066233235
0,0.26,-0.96,2.5,0.020598507082957275
0,0.26,-0.94,2.5,0.030867993147645933
0,0.26,-0.92,2.5,0.041102221520035204
0,0.26,-0.9,2.5,0.051290190066514196
0,0.26,-0.88,2.5,0.06142149869709804
0,0.26,-0.86,2.5,0.07148645318631641
0,0.26,-0.84,2.5,0.08147614481570399
0,0.26,-0.8200000000000001,2.5,0.09138250710187157
0,0.26,-0.8,2.5,0.10119835321782322
0,0.26,-0.78,2.5,0.11091739976327983
0,0.26,-0.76,2.5,0.1205342841008893
0,0.26,-0.74,2.5,0.1300445833993888
0,0.26,-0.72,2.5,0.1394448437151501
0,0.26,-0.7,2.5,0.1487326268627958
0,0.26,-0.6799999999999999,2.5,0.1579065814971073
0,0.26,-0.6599999999999999,2.5,0.16696654283229728
0,0.26,-0.64,2.5,0.1759136628891632
0,0.26,-0.62,2.5,0.18475057025049682
0,0.26,-0.6,2.5,0.19348155520823523
0,0.26,-0.5800000000000001,2.5,0.20211277309883544
0,0.26,-0.56,2.5,0.21065245573826144
0,0.26,-0.54,2.5,0.21911111836049182
0,0.26,-0.52,2.5,0.2275017474835905
0,0.26,-0.5,2.5,0.23583995379308054
0,0.26,-0.48,2.5,0.2441440735257756
0,0.26,-0.45999999999999996,2.5,0.2524352020038267
0,0.26,-0.43999999999999995,2.5,0.26073714391846303
0,0.26,-0.42000000000000004,2.5,0.26907626667300666
0,0.26,-0.4,2.5,0.2774812455136842
0,0.26,-0.38,2.5,0.285982692228588
0,0.26,-0.36,2.5,0.2946126627838792
0,0.26,-0.33999999999999997,2.5,0.30340404328015635
0,0.26,-0.31999999999999995,2.5,0.3123898179268254
0,0.26,-0.29999999999999993,2.5,0.3216022272153559
0,0.26,-0.28,2.5,0.33107182898439735
0,0.26,-0.26,2.5,0.3408264794682297
0,0.26,-0.24,2.5,0.35089025556123604
0,0.26,-0.21999999999999997,2.5,0.3612823432729784
0,0.26,-0.19999999999999996,2.5,0.3720159205535831
0,0.26,-0.17999999999999994,2.5,0.38309706520800674
0,0.26,-0.16000000000000003,2.5,0.3945237203726113
0,0.26,-0.14,2.5,0.40628475089642074
0,0.26,-0.12,2.5,0.41835912387073254
0,0.26,-0.09999999999999998,2.5,0.43071524542717926
0,0.26,-0.07999999999999996,2.5,0.44331048374717336
0,0.26,-0.05999999999999994,2.5,0.45609090499825605
0,0.26,-0.040000000000000036,2.5,0.46899124467322195
0,0.26,-0.020000000000000018,2.5,0.48193513163021584
0,0.26,0.0,2.5,0.49483557612693657
0,0.26,0.020000000000000018,2.5,0.5075957264553097
0,0.26,0.040000000000000036,2.5,0.5201098915923571
0,0.26,0.06000000000000005,2.5,0.5322648197939444
0,0.26,0.08000000000000007,2.5,0.5439412154976561
0,0.26,0.10000000000000009,2.5,0.5550154695104281
0,0.26,0.1200000000000001,2.5,0.5653615704827193
0,0.26,0.14000000000000012,2.5,0.5748531593574375
0,0.26,0.15999999999999992,2.5,0.5833656830590882
0,0.26,0.17999999999999994,2.5,0.5907785993649688
0,0.26,0.19999999999999996,2.5,0.5969775818526256
0,0.26,0.21999999999999997,2.5,0.6018566721842447
0,0.26,0.24,2.5,0.6053203268614997
0,0.26,0.26,2.5,0.6072853070057606
0,0.26,0.28,2.5,0.6076823626773925
0,0.26,0.30000000000000004,2.5,0.606457667679477
0,0.26,0.32000000000000006,2.5,0.6035739665786539
0,0.26,0.3400000000000001,2.5,0.5990114026536244
0,0.26,0.3600000000000001,2.5,0.5927680034419796
0,0.26,0.3800000000000001,2.5,0.5848598092550787
0,0.26,0.40000000000000013,2.5,0.5753206391987529
0,0.26,0.41999999999999993,2.5,0.5642014985883632
0,0.26,0.43999999999999995,2.5,0.5515696408876619
0,0.26,0.45999999999999996,2.5,0.5375073061441568
0,0.26,0.48,2.5,0.5221101660664973
0,0.26,0.5,2.5,0.5054855131436227
0,0.26,0.52,2.5,0.4877502373266091
0,0.26,0.54,2.5,0.46902863860872607
0,0.26,0.56,2.5,0.4494501272205593
0,0.26,0.5800000000000001,2.5,0.4291468650296019
0,0.26,0.6000000000000001,2.5,0.4082514020752676
0,0.26,0.6200000000000001,2.5,0.3868943610122624
0,0.26,0.6400000000000001,2.5,0.36520221966107425
0,0.26,0.6600000000000001,2.5,0.3432952380055338
0,0.26,0.6799999999999999,2.5,0.32128557100796523
0,0.26,0.7,2.5,0.2992756027412208
0,0.26,0.72,2.5,0.2773565307983489
0,0.26,0.74,2.5,0.2556072229843391
0,0.26,0.76,2.5,0.2340933611734824
0,0.26,0.78,2.5,0.2128668801753137
0,0.26,0.8,2.5,0.191965702716949
0,0.26,0.8200000000000001,2.5,0.1714137654144451
0,0.26,0.8400000000000001,2.5,0.15122132502559305
0,0.26,0.8600000000000001,2.5,0.13138552946002555
0,0.26,0.8800000000000001,2.5,0.11189123402838543
0,0.26,0.9000000000000001,2.5,0.09271204024872468
0,0.26,0.9199999999999999,2.5,0.07381153215607894
0,0.26,0.94,2.5,0.055144683400036774
0,0.26,0.96,2.5,0.0366594073534513
0,0.26,0.98,2.5,0.018298221861865558
0,0.26,1.0,2.5,0.0
0,0.28,-1.0,2.5,0.0
0,0.28,-0.98,2.5,0.009569602065132929
0,0.28,-0.96,2.5,0.019128459070263063
0,0.28,-0.94,2.5,0.02866599267721537
0,0.28,-0.92,2.5,0.03817195114309919
0,0.28,-0.9,2.5,0.047636556167725205
0,0.28,-0.88,2.5,0.057050631816101254
0,0.28,-0.86,2.5,0.0664057123846741
0,0.28,-0.84,2.5,0.07569412817146291
0,0.28,-0.8200000000000001,2.5,0.08490907033062134
0,0.28,-0.8,2.5,0.09404463813392304
0,0.28,-0.78,2.5,0.10309587382409988
0,0.28,-0.76,2.5,0.11205879165058057
0,0.28,-0.74,2.5,0.12093040848828317
0,0.28,-0.72,2.5,0.12970878356546567
0,0.28,-0.7,2.5,0.13839307423352637
0,0.28,-0.6799999999999999,2.5,0.1469836134229315
0,0.28,-0.6599999999999999,2.5,0.1554820125208611
0,0.28,-0.64,2.5,0.16389129099847702
0,0.28,-0.62,2.5,0.17221603136394126
0,0.28,-0.6,2.5,0.18046255509807202
0,0.28,-0.5800000000000001,2.5,0.18863911232786348
0,0.28,-0.56,2.5,0.19675607528998598
0,0.28,-0.54,2.5,0.2048261232977161
0,0.28,-0.52,2.5,0.21286440509263654
0,0.28,-0.5,2.5,0.22088866324909734
0,0.28,-0.48,2.5,0.22891930478362912
0,0.28,-0.45999999999999996,2.5,0.23697940234755913
0,0.28,-0.43999999999999995,2.5,0.2450946113598073
0,0.28,-0.42000000000000004,2.5,0.25329299014797657
0,0.28,-0.4,2.5,0.2616047125615588
0,0.28,-0.38,2.5,0.27006166552983013
0,0.28,-0.36,2.5,0.27869692756758013
0,0.28,-0.33999999999999997,2.5,0.2875441281770469
0,0.28,-0.31999999999999995,2.5,0.29663669233460194
0,0.28,-0.29999999999999993,2.5,0.3060069786565862
0,0.28,-0.28,2.5,0.3156853242741057
0,0.28,-0.26,2.5,0.3256990137710993
0,0.28,-0.24,2.5,0.33607119361129817
0,0.28,-0.21999999999999997,2.5,0.3468197571565031
0,0.28,-0.19999999999999996,2.5,0.357956228523557
0,0.28,-0.17999999999999994,2.5,0.3694846760107024
0,0.28,-0.16000000000000003,2.5,0.38140068752723894
0,0.28,-0.14,2.5,0.3936904412808291
0,0.28,-0.12,2.5,0.4063299048317821
0,0.28,-0.09999999999999998,2.5,0.4192841944551189
0,0.28,-0.07999999999999996,2.5,0.4325071245297595
0,0.28,-0.05999999999999994,2.5,0.4459409734026432
0,0.28,-0.040000000000000036,2.5,0.4595164878917428
0,0.28,-0.020000000000000018,2.5,0.4731531433701009
0,0.28,0.0,2.5,0.4867596703241438
0,0.28,0.020000000000000018,2.5,0.5002348515499971
0,0.28,0.040000000000000036,2.5,0.513468586920098
0,0.28,0.06000000000000005,2.5,0.5263432151256804
0,0.28,0.08000000000000007,2.5,0.5387350742070581
0,0.28,0.10000000000000009,2.5,0.5505162752656824
0,0.28,0.1200000000000001,2.5,0.5615566567581697
0,0.28,0.14000000000000012,2.5,0.571725880447778
0,0.28,0.15999999999999992,2.5,0.5808956246651011
0,0.28,0.17999999999999994,2.5,0.5889418262163582
0,0.28,0.19999999999999996,2.5,0.5957469192524673
0,0.28,0.21999999999999997,2.5,0.6012020178135751
0,0.28,0.24,2.5,0.605208988684396
0,0.28,0.26,2.5,0.6076823626773925
0,0.28,0.28,2.5,0.6085510354917348
0,0.28,0.30000000000000004,2.5,0.6077597138102075
0,0.28,0.32000000000000006,2.5,0.6052700681752685
0,0.28,0.3400000000000001,2.5,0.6010615612619283
0,0.28,0.3600000000000001,2.5,0.5951319282286438
0,0.28,0.3800000000000001,2.5,0.5874972946319402
0,0.28,0.40000000000000013,2.5,0.5781919266635258
0,0.28,0.41999999999999993,2.5,0.5672676179209499
0,0.28,0.43999999999999995,2.5,0.554792726259198
0,0.28,0.45999999999999996,2.5,0.5408508832005422
0,0.28,0.48,2.5,0.5255394066281595
0,0.28,0.5,2.5,0.5089674548053704
0,0.28,0.52,2.5,0.4912539659305626
0,0.28,0.54,2.5,0.47252543228313615
0,0.28,0.56,2.5,0.45291356141075795
0,0.28,0.5800000000000001,2.5,0.4325528786770232
0,0.28,0.6000000000000001,2.5,0.4115783258094167
0,0.28,0.6200000000000001,2.5,0.3901229088925499
0,0.28,0.6400000000000001,2.5,0.36831544662575355
0,0.28,0.6600000000000001,2.5,0.34627846574065596
0,0.28,0.6799999999999999,2.5,0.3241262854295482
0,0.28,0.7,2.5,0.301963326680571
0,0.28,0.72,2.5,0.2798826757882397
0,0.28,0.74,2.5,0.25796492426000023
0,0.28,0.76,2.5,0.23627730012735984
0,0.28,0.78,2.5,0.21487309854126685
0,0.28,0.8,2.5,0.19379141271334077
0,0.28,0.8200000000000001,2.5,0.17305715995382123
0,0.28,0.8400000000000001,2.5,0.1526813919102816
0,0.28,0.8600000000000001,2.5,0.13266187323795728
0,0.28,0.8800000000000001,2.5,0.11298390889211152
0,0.28,0.9000000000000001,2.5,0.09362139703323946
0,0.28,0.9199999999999999,2.5,0.07453808213720423
0,0.28,0.94,2.5,0.05568898122327359
0,0.28,0.96,2.5,0.03702195504035881
0,0.28,0.98,2.5,0.018479395452564665
0,0.28,1.0,2.5,0.0
0,0.30000000000000004,-1.0,2.5,0.0
0,0.30000000000000004,-0.98,2.5,0.008865006921470233
0,0.30000000000000004,-0.96,2.5,0.01772043235719846
0,0.30000000000000004,-0.94,2.5,0.02655685980813559
0,0.30000000000000004,-0.92,2.5,0.03536519649895667
0,0.30000000000000004,-0.9,2.5,0.04413682023115657
0,0.30000000000000004,-0.88,2.5,0.05286370989073829
0,0.30000000000000004,-0.86,2.5,0.06153855676876955
0,0.30000000000000004,-0.84,2.5,0.07015485576719432
0,0.30000000000000004,-0.8200000000000001,2.5,0.07870697759026872
0,0.30000000000000004,-0.8,2.5,0.08719022497199011
0,0.30000000000000004,-0.78,2.5,0.095600877675948
0,0.30000000000000004,-0.76,2.5,0.10393623226231727
0,0.30000000000000004,-0.74,2.5,0.11219464331931962
0,0.30000000000000004,-0.72,2.5,0.12037557292144524
0,0.30000000000000004,-0.7,2.5,0.12847965447374052
0,0.30000000000000004,-0.6799999999999999,2.5,0.13650877585285184
0,0.30000000000000004,-0.6599999999999999,2.5,0.14446618493280797
0,0.30000000000000004,-0.64,2.5,0.1523566183002628
0,0.30000000000000004,-0.62,2.5,0.1601864513656381
0,0.30000000000000004,-0.6,2.5,0.1679638653291085
0,0.30000000000000004,-0.5800000000000001,2.5,0.1756990237375226
0,0.30000000000000004,-0.56,2.5,0.1834042488404196
0,0.30000000000000004,-0.54,2.5,0.1910941857767059
0,0.30000000000000004,-0.52,2.5,0.19878594093272645
0,0.30000000000000004,-0.5,2.5,0.20649917971402673
0,0.30000000000000004,-0.48,2.5,0.21425616854250965
0,0.30000000000000004,-0.45999999999999996,2.5,0.22208174617108584
0,0.30000000000000004,-0.43999999999999995,2.5,0.23000321041086727
0,0.30000000000000004,-0.42000000000000004,2.5,0.2380501080735688
0,0.30000000000000004,-0.4,2.5,0.2462539182997508
0,0.30000000000000004,-0.38,2.5,0.2546476224046183
0,0.30000000000000004,-0.36,2.5,0.26326515684067836
0,0.30000000000000004,-0.33999999999999997,2.5,0.2721407497480885
0,0.30000000000000004,-0.31999999999999995,2.5,0.2813081457235511
0,0.30000000000000004,-0.29999999999999993,2.5,0.29079972776162466
0,0.30000000000000004,-0.28,2.5,0.30064554967528284
0,0.30000000000000004,-0.26,2.5,0.3108722965473744
0,0.30000000000000004,-0.24,2.5,0.3215021947607139
0,0.30000000000000004,-0.21999999999999997,2.5,0.3325518967615767
0,0.30000000000000004,-0.19999999999999996,2.5,0.3440313687925218
0,0.30000000000000004,-0.17999999999999994,2.5,0.3559428122559373
0,0.30000000000000004,-0.16000000000000003,2.5,0.36827965102079385
0,0.30000000000000004,-0.14,2.5,0.3810256177585519
0,0.30000000000000004,-0.12,2.5,0.39415397220675374
0,0.30000000000000004,-0.09999999999999998,2.5,0.4076268830518366
0,0.30000000000000004,-0.07999999999999996,2.5,0.4213950028661474
0,0.30000000000000004,-0.05999999999999994,2.5,0.43539726223040676
0,0.30000000000000004,-0.040000000000000036,2.5,0.44956090485943445
0,0.30000000000000004,-0.020000000000000018,2.5,0.4638017802999774
0,0.30000000000000004,0.0,2.5,0.47802490469599007
0,0.30000000000000004,0.020000000000000018,2.5,0.49212529336531624
0,0.30000000000000004,0.040000000000000036,2.5,0.5059890616815333
0,0.30000000000000004,0.06000000000000005,2.5,0.5194947832129275
0,0.30000000000000004,0.08000000000000007,2.5,0.5325150864660954
0,0.30000000000000004,0.10000000000000009,2.5,0.5449184641579369
0,0.30000000000000004,0.1200000000000001,2.5,0.5565712619458766
0,0.30000000000000004,0.14000000000000012,2.5,0.5673398072277416
0,0.30000000000000004,0.15999999999999992,2.5,0.5770926332123013
0,0.30000000000000004,0.17999999999999994,2.5,0.585702749168856
0,0.30000000000000004,0.19999999999999996,2.5,0.5930499047677081
0,0.30000000000000004,0.21999999999999997,2.5,0.5990227948613666
0,0.30000000000000004,0.24,2.5,0.6035211510214169
0,0.30000000000000004,0.26,2.5,0.606457667679477
0,0.30000000000000004,0.28,2.5,0.6077597138102075
0,0.30000000000000004,0.30000000000000004,2.5,0.6073707856731052
0,0.30000000000000004,0.32000000000000006,2.5,0.6052516620780795
0,0.30000000000000004,0.3400000000000001,2.5,0.6013812307889133
0,0.30000000000000004,0.3600000000000001,2.5,0.5957569628165471
0,0.30000000000000004,0.3800000000000001,2.5,0.588395020233101
0,0.30000000000000004,0.40000000000000013,2.5,0.5793299924832239
0,0.30000000000000004,0.41999999999999993,2.5,0.5686142656907276
0,0.30000000000000004,0.43999999999999995,2.5,0.556317038858509
0,0.30000000000000004,0.45999999999999996,2.5,0.5425230098463202
0,0.30000000000000004,0.48,2.5,0.5273307623072199
0,0.30000000000000004,0.5,2.5,0.5108508921180679
0,0.30000000000000004,0.52,2.5,0.4932039180349237
0,0.30000000000000004,0.54,2.5,0.4745180261651504
0,0.30000000000000004,0.56,2.5,0.4549267012466539
0,0.30000000000000004,0.5800000000000001,2.5,0.4345662995851461
0,0.30000000000000004,0.6000000000000001,2.5,0.41357361880111576
0,0.30000000000000004,0.6200000000000001,2.5,0.3920835183122953
0,0.30000000000000004,0.6400000000000001,2.5,0.37022664181064613
0,0.30000000000000004,0.6600000000000001,2.5,0.3481272890199626
0,0.30000000000000004,0.6799999999999999,2.5,0.32590147891896737
0,0.30000000000000004,0.7,2.5,0.30365524059839505
0,0.30000000000000004,0.72,2.5,0.28148316122823386
0,0.30000000000000004,0.74,2.5,0.25946721349738
0,0.30000000000000004,0.76,2.5,0.23767587761040657
0,0.30000000000000004,0.78,2.5,0.21616356573439932
0,0.30000000000000004,0.8,2.5,0.19497034991198212
0,0.30000000000000004,0.8200000000000001,2.5,0.17412198809267335
0,0.30000000000000004,0.8400000000000001,2.5,0.15363023724114874
0,0.30000000000000004,0.8600000000000001,2.5,0.1334934375682122
0,0.30000000000000004,0.8800000000000001,2.5,0.11369734785766468
0,0.30000000000000004,0.9000000000000001,2.5,0.09421620863772291
0,0.30000000000000004,0.9199999999999999,2.5,0.07501400752875897
0,0.30000000000000004,0.94,2.5,0.05604591940777027
0,0.30000000000000004,0.96,2.5,0.03725989294997969
0,0.30000000000000004,0.98,2.5,0.018598354505157816
0,0.30000000000000004,1.0,2.5,0.0
0,0.32000000000000006,-1.0,2.5,0.0
0,0.32000000000000006,-0.98,2.5,0.008192476255163466
0,0.32000000000000006,-0.96,2.5,0.016376466971184275
0,0.32000000000000006,-0.94,2.5,0.024543649524060823
0,0.32000000000000006,-0.92,2.5,0.032686021438157596
0,0.32000000000000006,-0.9,2.5,0.040796046818421805
0,0.32000000000000006,-0.88,2.5,0.048866787934605145
0,0.32000000000000006,-0.86,2.5,0.056892019389870804
0,0.32000000000000006,-0.84,2.5,0.06486632405190217
0,0.32000000000000006,-0.8200000000000001,2.5,0.07278517177009632
0,0.32000000000000006,-0.8,2.5,0.0806449836705537
0,0.32000000000000006,-0.78,2.5,0.08844318633982871
0,0.32000000000000006,-0.76,2.5,0.09617826132780383
0,0.32000000000000006,-0.74,2.5,0.10384979600193289
0,0.32000000000000006,-0.72,2.5,0.11145854179444148
0,0.32000000000000006,-0.7,2.5,0.1190064852737744
0,0.32000000000000006,-0.6799999999999999,2.5,0.12649693626339428
0,0.32000000000000006,-0.6599999999999999,2.5,0.13393463549245477
0,0.32000000000000006,-0.64,2.5,0.14132588210045613
0,0.32000000000000006,-0.62,2.5,0.14867867886815458
0,0.32000000000000006,-0.6,2.5,0.1560028904651289
0,0.32000000000000006,-0.5800000000000001,2.5,0.16331040745360798
0,0.32000000000000006,-0.56,2.5,0.17061530642837322
0,0.32000000000000006,-0.54,2.5,0.1779339946510496
0,0.32000000000000006,-0.52,2.5,0.18528532598086575
0,0.32000000000000006,-0.5,2.5,0.1926906739142062
0,0.32000000000000006,-0.48,2.5,0.2001739471941443
0,0.32000000000000006,-0.45999999999999996,2.5,0.20776153378061538
0,0.32000000000000006,-0.43999999999999995,2.5,0.21548215999416187
0,0.32000000000000006,-0.42000000000000004,2.5,0.22336665334561345
0,0.32000000000000006,-0.4,2.5,0.23144759989969432
0,0.32000000000000006,-0.38,2.5,0.23975888992928654
0,0.32000000000000006,-0.36,2.5,0.2483351490167833
0,0.32000000000000006,-0.33999999999999997,2.5,0.25721105555160867
0,0.32000000000000006,-0.31999999999999995,2.5,0.26642054964736306
0,0.32000000000000006,-0.29999999999999993,2.5,0.2759959427364754
0,0.32000000000000006,-0.28,2.5,0.2859669413648937
0,0.32000000000000006,-0.26,2.5,0.29635960286870044
0,0.32000000000000006,-0.24,2.5,0.30719524452996794
0,0.32000000000000006,-0.21999999999999997,2.5,0.318489331341708
0,0.32000000000000006,-0.19999999999999996,2.5,0.3302503705254015
0,0.32000000000000006,-0.17999999999999994,2.5,0.3424788433099517
0,0.32000000000000006,-0.16000000000000003,2.5,0.3551662060793248
0,0.32000000000000006,-0.14,2.5,0.3682939937242548
0,0.32000000000000006,-0.12,2.5,0.3818330578075905
0,0.32000000000000006,-0.09999999999999998,2.5,0.3957429709140619
0,0.32000000000000006,-0.07999999999999996,2.5,0.4099716262730131
0,0.32000000000000006,-0.05999999999999994,2.5,0.4244550584189434
0,0.32000000000000006,-0.040000000000000036,2.5,0.4391175063266186
0,0.32000000000000006,-0.020000000000000018,2.5,0.45387173519884744
0,0.32000000000000006,0.0,2.5,0.46861962700656523
0,0.32000000000000006,0.020000000000000018,2.5,0.4832530431289553
0,0.32000000000000006,0.040000000000000036,2.5,0.49765495519498276
0,0.32000000000000006,0.06000000000000005,2.5,0.5117008326939417
0,0.32000000000000006,0.08000000000000007,2.5,0.5252602683303016
0,0.32000000000000006,0.10000000000000009,2.5,0.5381988146905891
0,0.32000000000000006,0.1200000000000001,2.5,0.5503799988163248
0,0.32000000000000006,0.14000000000000012,2.5,0.5616674749826991
0,0.32000000000000006,0.15999999999999992,2.5,0.5719272706001594
0,0.32000000000000006,0.17999999999999994,2.5,0.5810300758949881
0,0.32000000000000006,0.19999999999999996,2.5,0.5888535250633701
0,0.32000000000000006,0.21999999999999997,2.5,0.5952844150695406
0,0.32000000000000006,0.24,2.5,0.600220808264531
0,0.32000000000000006,0.26,2.5,0.6035739665786539
0,0.32000000000000006,0.28,2.5,0.6052700681752685
0,0.32000000000000006,0.30000000000000004,2.5,0.6052516620780795
0,0.32000000000000006,0.32000000000000006,2.5,0.6034788222788293
0,0.32000000000000006,0.3400000000000001,2.5,0.599929970027223
0,0.32000000000000006,0.3600000000000001,2.5,0.5946023411874419
0,0.32000000000000006,0.3800000000000001,2.5,0.5875120844671247
0,0.32000000000000006,0.40000000000000013,2.5,0.5786939857099397
0,0.32000000000000006,0.41999999999999993,2.5,0.5682008230000389
0,0.32000000000000006,0.43999999999999995,2.5,0.5561023667579323
0,0.32000000000000006,0.45999999999999996,2.5,0.542484048019806
0,0.32000000000000006,0.48,2.5,0.5274453264086366
0,0.32000000000000006,0.5,2.5,0.5110977966737141
0,0.32000000000000006,0.52,2.5,0.493563078877756
0,0.32000000000000006,0.54,2.5,0.474970542172025
0,0.32000000000000006,0.56,2.5,0.4554549154919915
0,0.32000000000000006,0.5800000000000001,2.5,0.4351538403534971
0,0.32000000000000006,0.6000000000000001,2.5,0.4142054212109189
0,0.32000000000000006,0.6200000000000001,2.5,0.39274582758807675
0,0.32000000000000006,0.6400000000000001,2.5,0.3709069994960502
0,0.32000000000000006,0.6600000000000001,2.5,0.348814503645295
0,0.32000000000000006,0.6799999999999999,2.5,0.32658558282120537
0,0.32000000000000006,0.7,2.5,0.3043274347368263
0,0.32000000000000006,0.72,2.5,0.28213574994398716
0,0.32000000000000006,0.74,2.5,0.2600935312301885
0,0.32000000000000006,0.76,2.5,0.23827020961209336
0,0.32000000000000006,0.78,2.5,0.2167210648078593
0,0.32000000000000006,0.8,2.5,0.19548695115973663
0,0.32000000000000006,0.8200000000000001,2.5,0.17459432358394972
0,0.32000000000000006,0.8400000000000001,2.5,0.15405555240492635
0,0.32000000000000006,0.8600000000000001,2.5,0.13386951099608005
0,0.32000000000000006,0.8800000000000001,2.5,0.11402241605901615
0,0.32000000000000006,0.9000000000000001,2.5,0.09448889713497174
0,0.32000000000000006,0.9199999999999999,2.5,0.07523326951575023
0,0.32000000000000006,0.94,2.5,0.056210983023723064
0,0.32000000000000006,0.96,2.5,0.037370218046859624
0,0.32000000000000006,0.98,2.5,0.018653599610362823
0,0.32000000000000006,1.0,2.5,0.0
0,0.3400000000000001,-1.0,2.5,0.0
0,0.3400000000000001,-0.98,2.5,0.0075527246108294775
0,0.3400000000000001,-0.96,2.5,0.015097990640849403
0,0.3400000000000001,-0.94,2.5,0.022628500013078368
0,0.3400000000000001,-0.92,2.5,0.030137270512403443
0,0.3400000000000001,-0.9,2.5,0.0376177813651146
0,0.3400000000000001,-0.88,2.5,0.04506410538402522
0,0.3400000000000001,-0.86,2.5,0.05247102536983839
0,0.3400000000000001,-0.84,2.5,0.059834134045961225
0,0.3400000000000001,-0.8200000000000001,2.5,0.06714991847702448
0,0.3400000000000001,-0.8,2.5,0.07441583151791807
0,0.3400000000000001,-0.78,2.5,0.08163035420236842
0,0.3400000000000001,-0.76,2.5,0.08879305396919081
0,0.3400000000000001,-0.74,2.5,0.09590464413241796
0,0.3400000000000001,-0.72,2.5,0.10296704996007608
0,0.3400000000000001,-0.7,2.5,0.10998348611136236
0,0.3400000000000001,-0.6799999999999999,2.5,0.11695854901454474
0,0.3400000000000001,-0.6599999999999999,2.5,0.12389832611163289
0,0.3400000000000001,-0.64,2.5,0.13081052185062303
0,0.3400000000000001,-0.62,2.5,0.13770459799954066
0,0.3400000000000001,-0.6,2.5,0.14459192343400737
0,0.3400000000000001,-0.5800000000000001,2.5,0.15148592616437492
0,0.3400000000000001,-0.56,2.5,0.1584022381696244
0,0.3400000000000001,-0.54,2.5,0.1653588217316911
0,0.3400000000000001,-0.52,2.5,0.17237606453541174
0,0.3400000000000001,-0.5,2.5,0.1794768299118409
0,0.3400000000000001,-0.48,2.5,0.18668644832517348
0,0.3400000000000001,-0.45999999999999996,2.5,0.19403263657667844
0,0.3400000000000001,-0.43999999999999995,2.5,0.20154533223569546
0,0.3400000000000001,-0.42000000000000004,2.5,0.20925643249425244
0,0.3400000000000001,-0.4,2.5,0.2171994289405304
0,0.3400000000000001,-0.38,2.5,0.22540893259806127
0,0.3400000000000001,-0.36,2.5,0.23392008690445185
0,0.3400000000000001,-0.33999999999999997,2.5,0.2427678700119566
0,0.3400000000000001,-0.31999999999999995,2.5,0.25198629177544135
0,0.3400000000000001,-0.29999999999999993,2.5,0.2616074949333282
0,0.3400000000000001,-0.28,2.5,0.2716607741575431
0,0.3400000000000001,-0.26,2.5,0.2821715307165748
0,0.3400000000000001,-0.24,2.5,0.29316018432506646
0,0.3400000000000001,-0.21999999999999997,2.5,0.30464106720663015
0,0.3400000000000001,-0.19999999999999996,2.5,0.3166213283389713
0,0.3400000000000001,-0.17999999999999994,2.5,0.3290998781533443
0,0.3400000000000001,-0.16000000000000003,2.5,0.34206640550563827
0,0.3400000000000001,-0.14,2.5,0.3555004994207817
0,0.3400000000000001,-0.12,2.5,0.36937090785208115
0,0.3400000000000001,-0.09999999999999998,2.5,0.3836349644332471
0,0.3400000000000001,-0.07999999999999996,2.5,0.39823821190251685
0,0.3400000000000001,-0.05999999999999994,2.5,0.41311424754700327
0,0.3400000000000001,-0.040000000000000036,2.5,0.4281848116877904
0,0.3400000000000001,-0.020000000000000018,2.5,0.443360134975645
0,0.3400000000000001,0.0,2.5,0.45853955420366227
0,0.3400000000000001,0.020000000000000018,2.5,0.47361239961240764
0,0.3400000000000001,0.040000000000000036,2.5,0.4884591494434512
0,0.3400000000000001,0.06000000000000005,2.5,0.5029528399948353
0,0.3400000000000001,0.08000000000000007,2.5,0.5169607118750967
0,0.3400000000000001,0.10000000000000009,2.5,0.5303460657833888
0,0.3400000000000001,0.1200000000000001,2.5,0.5429702942102722
0,0.3400000000000001,0.14000000000000012,2.5,0.5546950492015366
0,0.3400000000000001,0.15999999999999992,2.5,0.5653845009875674
0,0.3400000000000001,0.17999999999999994,2.5,0.5749076380621082
0,0.3400000000000001,0.19999999999999996,2.5,0.5831405563740241
0,0.3400000000000001,0.21999999999999997,2.5,0.5899686838114311
0,0.3400000000000001,0.24,2.5,0.595288886200678
0,0.3400000000000001,0.26,2.5,0.5990114026536244
0,0.3400000000000001,0.28,2.5,0.6010615612619283
0,0.3400000000000001,0.30000000000000004,2.5,0.6013812307889133
0,0.3400000000000001,0.32000000000000006,2.5,0.599929970027223
0,0.3400000000000001,0.3400000000000001,2.5,0.5966858437043476
0,0.3400000000000001,0.3600000000000001,2.5,0.5916458820151449
0,0.3400000000000001,0.3800000000000001,2.5,0.5848261697922664
0,0.3400000000000001,0.40000000000000013,2.5,0.5762615607167355
0,0.3400000000000001,0.41999999999999993,2.5,0.5660050215301325
0,0.3400000000000001,0.43999999999999995,2.5,0.5541266206393833
0,0.3400000000000001,0.45999999999999996,2.5,0.5407121845124406
0,0.3400000000000001,0.48,2.5,0.5258616535711595
0,0.3400000000000001,0.5,2.5,0.5096871766448648
0,0.3400000000000001,0.52,2.5,0.49231098923728556
0,0.3400000000000001,0.54,2.5,0.4738631257054655
0,0.3400000000000001,0.56,2.5,0.4544790188246029
0,0.3400000000000001,0.5800000000000001,2.5,0.43429704204236813
0,0.3400000000000001,0.6000000000000001,2.5,0.41345604998933566
0,0.3400000000000001,0.6200000000000001,2.5,0.3920929715427246
0,0.3400000000000001,0.6400000000000001,2.5,0.37034050702551136
0,0.3400000000000001,0.6600000000000001,2.5,0.3483249770981218
0,0.3400000000000001,0.6799999999999999,2.5,0.32616436574436425
0,0.3400000000000001,0.7,2.5,0.3039665936815427
0,0.3400000000000001,0.72,2.5,0.281828051777232
0,0.3400000000000001,0.74,2.5,0.25983241688762637
0,0.3400000000000001,0.76,2.5,0.2380497652038074
0,0.3400000000000001,0.78,2.5,0.21653599095315545
0,0.3400000000000001,0.8,2.5,0.19533253138344073
0,0.3400000000000001,0.8200000000000001,2.5,0.1744663925554296
0,0.3400000000000001,0.8400000000000001,2.5,0.15395046474412322
0,0.3400000000000001,0.8600000000000001,2.5,0.1337841113095323
0,0.3400000000000001,0.8800000000000001,2.5,0.11395401080448204
0,0.3400000000000001,0.9000000000000001,2.5,0.09443522884691026
0,0.3400000000000001,0.9199999999999999,2.5,0.07519249385651539
0,0.3400000000000001,0.94,2.5,0.056181649057592174
0,0.3400000000000001,0.96,2.5,0.03735125206645889
0,0.3400000000000001,0.98,2.5,0.01864429277799972
0,0.3400000000000001,1.0,2.5,0.0
0,0.3600000000000001,-1.0,2.5,0.0
0,0.3600000000000001,-0.98,2.5,0.006946176976160825
0,0.3600000000000001,-0.96,2.5,0.013885852616546429
0,0.3600000000000001,-0.94,2.5,0.02081268333853267
0,0.3600000000000001,-0.92,2.5,0.02772063642415307
0,0.3600000000000001,-0.9,2.5,0.034604134314475135
0,0.3600000000000001,-0.88,2.5,0.041458186798342754
0,0.3600000000000001,-0.86,2.5,0.04827850902841828
0,0.3600000000000001,-0.84,2.5,0.05506162473409923
0,0.3600000000000001,-0.8200000000000001,2.5,0.061804955511750165
0,0.3600000000000001,-0.8,2.5,0.06850689850808042
0,0.3600000000000001,-0.78,2.5,0.07516689602755718
0,0.3600000000000001,-0.76,2.5,0.08178550146225079
0,0.3600000000000001,-0.74,2.5,0.08836444636374104
0,0.3600000000000001,-0.72,2.5,0.0949067133893989
0,0.3600000000000001,-0.7,2.5,0.10141661923822788
0,0.3600000000000001,-0.6799999999999999,2.5,0.10789991056506501
0,0.3600000000000001,-0.6599999999999999,2.5,0.11436387428611765
0,0.3600000000000001,-0.64,2.5,0.12081746175698041
0,0.3600000000000001,-0.62,2.5,0.12727142413568873
0,0.3600000000000001,-0.6,2.5,0.13373845397386686
0,0.3600000000000001,-0.5800000000000001,2.5,0.14023332585142725
0,0.3600000000000001,-0.56,2.5,0.14677302682507967
0,0.3600000000000001,-0.54,2.5,0.15337686572809467
0,0.3600000000000001,-0.52,2.5,0.16006654905116374
0,0.3600000000000001,-0.5,2.5,0.16686621034261634
0,0.3600000000000001,-0.48,2.5,0.17380237985646563
0,0.3600000000000001,-0.45999999999999996,2.5,0.18090388158823145
0,0.3600000000000001,-0.43999999999999995,2.5,0.18820164588450533
0,0.3600000000000001,-0.42000000000000004,2.5,0.19572842748109617
0,0.3600000000000001,-0.4,2.5,0.20351842108165724
0,0.3600000000000001,-0.38,2.5,0.21160676937858308
0,0.3600000000000001,-0.36,2.5,0.22002896166717245
0,0.3600000000000001,-0.33999999999999997,2.5,0.22882012482328698
0,0.3600000000000001,-0.31999999999999995,2.5,0.23801421230128966
0,0.3600000000000001,-0.29999999999999993,2.5,0.24764310084898372
0,0.3600000000000001,-0.28,2.5,0.25773560870661605
0,0.3600000000000001,-0.26,2.5,0.2683164530280428
0,0.3600000000000001,-0.24,2.5,0.27940516799993304
0,0.3600000000000001,-0.21999999999999997,2.5,0.29101500850414147
0,0.3600000000000001,-0.19999999999999996,2.5,0.30315186703585023
0,0.3600000000000001,-0.17999999999999994,2.5,0.3158132338283271
0,0.3600000000000001,-0.16000000000000003,2.5,0.3289872316268
0,0.3600000000000001,-0.14,2.5,0.3426517571963138
0,0.3600000000000001,-0.12,2.5,0.3567737613581811
0,0.3600000000000001,-0.09999999999999998,2.5,0.3713086980675228
0,0.3600000000000001,-0.07999999999999996,2.5,0.38620017073951657
0,0.3600000000000001,-0.05999999999999994,2.5,0.40137980070554236
0,0.3600000000000001,-0.040000000000000036,2.5,0.4167673383684646
0,0.3600000000000001,-0.020000000000000018,2.5,0.43227103240136167
0,0.3600000000000001,0.0,2.5,0.4477882663053085
0,0.3600000000000001,0.020000000000000018,2.5,0.46320646495391954
0,0.3600000000000001,0.040000000000000036,2.5,0.47840426658226903
0,0.3600000000000001,0.06000000000000005,2.5,0.49325294823034466
0,0.3600000000000001,0.08000000000000007,2.5,0.5076180851529173
0,0.3600000000000001,0.10000000000000009,2.5,0.5213614173994501
0,0.3600000000000001,0.1200000000000001,2.5,0.5343428898960013
0,0.3600000000000001,0.14000000000000012,2.5,0.5464228261690635
0,0.3600000000000001,0.15999999999999992,2.5,0.5574641905688837
0,0.3600000000000001,0.17999999999999994,2.5,0.5673348896844481
0,0.3600000000000001,0.19999999999999996,2.5,0.5759100607698375
0,0.3600000000000001,0.21999999999999997,2.5,0.5830742935585531
0,0.3600000000000001,0.24,2.5,0.588723731919163
0,0.3600000000000001,0.26,2.5,0.5927680034419796
0,0.3600000000000001,0.28,2.5,0.5951319282286438
0,0.3600000000000001,0.30000000000000004,2.5,0.5957569628165471
0,0.3600000000000001,0.32000000000000006,2.5,0.5946023411874419
0,0.3600000000000001,0.3400000000000001,2.5,0.5916458820151449
0,0.3600000000000001,0.3600000000000001,2.5,0.5868844394886673
0,0.3600000000000001,0.3800000000000001,2.5,0.5803339839567656
0,0.3600000000000001,0.40000000000000013,2.5,0.5720293080037164
0,0.3600000000000001,0.41999999999999993,2.5,0.5620233630935847
0,0.3600000000000001,0.43999999999999995,2.5,0.5503862413150504
0,0.3600000000000001,0.45999999999999996,2.5,0.5372038257297863
0,0.3600000000000001,0.48,2.5,0.522576141098613
0,0.3600000000000001,0.5,2.5,0.5066154440809564
0,0.3600000000000001,0.52,2.5,0.4894440981583963
0,0.3600000000000001,0.54,2.5,0.4711922833481062
0,0.3600000000000001,0.56,2.5,0.45199559412025464
0,0.3600000000000001,0.5800000000000001,2.5,0.431992580740435
0,0.3600000000000001,0.6000000000000001,2.5,0.4113222895036226
0,0.3600000000000001,0.6200000000000001,2.5,0.39012185604423966
0,0.3600000000000001,0.6400000000000001,2.5,0.36852420318451046
0,0.3600000000000001,0.6600000000000001,2.5,0.346655890756194
0,0.3600000000000001,0.6799999999999999,2.5,0.3246351596776864
0,0.3600000000000001,0.7,2.5,0.302570206503363
0,0.3600000000000001,0.72,2.5,0.2805577179246728
0,0.3600000000000001,0.74,2.5,0.25868168754779836
0,0.3600000000000001,0.76,2.5,0.2370125299589345
0,0.3600000000000001,0.78,2.5,0.21560649986506542
0,0.3600000000000001,0.8,2.5,0.19450541719471737
0,0.3600000000000001,0.8200000000000001,2.5,0.17373669265737457
0,0.3600000000000001,0.8400000000000001,2.5,0.15331364254943447
0,0.3600000000000001,0.8600000000000001,2.5,0.13323607666880077
0,0.3600000000000001,0.8800000000000001,2.5,0.11349113911840683
0,0.3600000000000001,0.9000000000000001,2.5,0.09405437854854476
0,0.3600000000000001,0.9199999999999999,2.5,0.07489102196785438
0,0.3600000000000001,0.94,2.5,0.05595742456047715
0,0.3600000000000001,0.96,2.5,0.037202666867422074
0,0.3600000000000001,0.98,2.5,0.01857027008889337
0,0.3600000000000001,1.0,2.5,0.0
0,0.3800000000000001,-1.0,2.5,0.0
0,0.3800000000000001,-0.98,2.5,0.00637298778997406
0,0.3800000000000001,-0.96,2.5,0.01274036165587578
0,0.3800000000000001,-0.94,2.5,0.019096662340950362
0,0.3800000000000001,-0.92,2.5,0.025436735753494262
0,0.3800000000000001,-0.9,2.5,0.03175587554752252
0,0.3800000000000001,-0.88,2.5,0.038049954841526935
0,0.3800000000000001,-0.86,2.5,0.044315545234485346
0,0.3800000000000001,-0.84,2.5,0.05055002257434423
0,0.3800000000000001,-0.8200000000000001,2.5,0.056751660293127296
0,0.3800000000000001,-0.8,2.5,0.06291971240749264
0,0.3800000000000001,-0.78,2.5,0.06905448936136672
0,0.3800000000000001,-0.76,2.5,0.07515743064190131
0,0.3800000000000001,-0.74,2.5,0.08123117844137791
0,0.3800000000000001,-0.72,2.5,0.08727965650937063
0,0.3800000000000001,-0.7,2.5,0.09330815772282011
0,0.3800000000000001,-0.6799999999999999,2.5,0.0993234428166095
0,0.3800000000000001,-0.6599999999999999,2.5,0.1053338512199527
0,0.3800000000000001,-0.64,2.5,0.11134942312168983
0,0.3800000000000001,-0.62,2.5,0.11738202985166704
0,0.3800000000000001,-0.6,2.5,0.12344550754245412
0,0.3800000000000001,-0.5800000000000001,2.5,0.1295557869590525
0,0.3800000000000001,-0.56,2.5,0.13573101048534056
0,0.3800000000000001,-0.54,2.5,0.14199162565664417
0,0.3800000000000001,-0.52,2.5,0.14836044343413501
0,0.3800000000000001,-0.5,2.5,0.1548626487145961
0,0.3800000000000001,-0.48,2.5,0.16152575042111822
0,0.3800000000000001,-0.45999999999999996,2.5,0.16837945896469628
0,0.3800000000000001,-0.43999999999999995,2.5,0.1754554799171232
0,0.3800000000000001,-0.42000000000000004,2.5,0.18278721438213608
0,0.3800000000000001,-0.4,2.5,0.19040935876265133
0,0.3800000000000001,-0.38,2.5,0.1983573993454242
0,0.3800000000000001,-0.36,2.5,0.2066670002911511
0,0.3800000000000001,-0.33999999999999997,2.5,0.2153732871428827
0,0.3800000000000001,-0.31999999999999995,2.5,0.22451003175011536
0,0.3800000000000001,-0.29999999999999993,2.5,0.23410874844010776
0,0.3800000000000001,-0.28,2.5,0.24419771523247097
0,0.3800000000000001,-0.26,2.5,0.2548009377613795
0,0.3800000000000001,-0.24,2.5,0.2659370772106674
0,0.3800000000000001,-0.21999999999999997,2.5,0.27761836684766567
0,0.3800000000000001,-0.19999999999999996,2.5,0.28984954453056044
0,0.3800000000000001,-0.17999999999999994,2.5,0.30262683073539376
0,0.3800000000000001,-0.16000000000000003,2.5,0.3159369830864401
0,0.3800000000000001,-0.14,2.5,0.32975645897570655
0,0.3800000000000001,-0.12,2.5,0.34405071754099964
0,0.3800000000000001,-0.09999999999999998,2.5,0.3587736909783649
0,0.3800000000000001,-0.07999999999999996,2.5,0.37386745286283296
0,0.3800000000000001,-0.05999999999999994,2.5,0.38926210784215065
0,0.3800000000000001,-0.040000000000000036,2.5,0.4048759227869548
0,0.3800000000000001,-0.020000000000000018,2.5,0.4206157142992134
0,0.3800000000000001,0.0,2.5,0.4363775015066681
0,0.3800000000000001,0.020000000000000018,2.5,0.4520474264474916
0,0.3800000000000001,0.040000000000000036,2.5,0.4675029372515653
0,0.3800000000000001,0.06000000000000005,2.5,0.48261422195545517
0,0.3800000000000001,0.08000000000000007,2.5,0.4972458733716268
0,0.3800000000000001,0.10000000000000009,2.5,0.5112587582071011
0,0.3800000000000001,0.1200000000000001,2.5,0.5245120568368061
0,0.3800000000000001,0.14000000000000012,2.5,0.5368654340229218
0,0.3800000000000001,0.15999999999999992,2.5,0.5481812956612617
0,0.3800000000000001,0.17999999999999994,2.5,0.5583270825343951
0,0.3800000000000001,0.19999999999999996,2.5,0.5671775492328626
0,0.3800000000000001,0.21999999999999997,2.5,0.5746169750053398
0,0.3800000000000001,0.24,2.5,0.5805412534053513
0,0.3800000000000001,0.26,2.5,0.5848598092550787
0,0.3800000000000001,0.28,2.5,0.5874972946319402
0,0.3800000000000001,0.30000000000000004,2.5,0.588395020233101
0,0.3800000000000001,0.32000000000000006,2.5,0.5875120844671247
0,0.3800000000000001,0.3400000000000001,2.5,0.5848261697922664
0,0.3800000000000001,0.3600000000000001,2.5,0.5803339839567656
0,0.3800000000000001,0.3800000000000001,2.5,0.5740513326518962
0,0.3800000000000001,0.40000000000000013,2.5,0.5660128193914844
0,0.3800000000000001,0.41999999999999993,2.5,0.5562711778937407
0,0.3800000000000001,0.43999999999999995,2.5,0.5448962515686048
0,0.3800000000000001,0.45999999999999996,2.5,0.5319736436173619
0,0.3800000000000001,0.48,2.5,0.5176030694575624
0,0.3800000000000001,0.5,2.5,0.5018964504470167
0,0.3800000000000001,0.52,2.5,0.48497579398163626
0,0.3800000000000001,0.54,2.5,0.4669709098105086
0,0.3800000000000001,0.56,2.5,0.44801701572256325
0,0.3800000000000001,0.5800000000000001,2.5,0.428252287538865
0,0.3800000000000001,0.6000000000000001,2.5,0.4078154085731596
0,0.3800000000000001,0.6200000000000001,2.5,0.3868431724350606
0,0.3800000000000001,0.6400000000000001,2.5,0.36546819033182276
0,0.3800000000000001,0.6600000000000001,2.5,0.3438167500110406
0,0.3800000000000001,0.6799999999999999,2.5,0.3220068683555737
0,0.3800000000000001,0.7,2.5,0.30014657360618313
0,0.3800000000000001,0.72,2.5,0.2783324464850731
0,0.3800000000000001,0.74,2.5,0.25664844237796847
0,0.3800000000000001,0.76,2.5,0.23516500946012503
0,0.3800000000000001,0.78,2.5,0.21393851047068188
0,0.3800000000000001,0.8,2.5,0.1930109489776284
0,0.3800000000000001,0.8200000000000001,2.5,0.17240999462880305
0,0.3800000000000001,0.8400000000000001,2.5,0.15214929620896026
0,0.3800000000000001,0.8600000000000001,2.5,0.13222906642823884
0,0.3800000000000001,0.8800000000000001,2.5,0.11263691831174469
0,0.3800000000000001,0.9000000000000001,2.5,0.09334892985064526
0,0.3800000000000001,0.9199999999999999,2.5,0.07433091117131164
0,0.3800000000000001,0.94,2.5,0.055539846798323016
0,0.3800000000000001,0.96,2.5,0.03692548451543366
0,0.3800000000000001,0.98,2.5,0.018432041731946784
0,0.3800000000000001,1.0,2.5,0.0
0,0.40000000000000013,-1.0,2.5,0.0
0,0.40000000000000013,-0.98,2.5,0.005833061589713302
0,0.40000000000000013,-0.96,2.5,0.011661327282285451
0,0.40000000000000013,-0.94,2.5,0.01748015243490655
0,0.40000000000000013,-0.92,2.5,0.023285191183977746
0,0.40000000000000013,-0.9,2.5,0.02907253689197305
0,0.40000000000000013,-0.88,2.5,0.034838852891476826
0,0.40000000000000013,-0.86,2.5,0.040581491895821206
0,0.40000000000000013,-0.84,2.5,0.04629860361051095
0,0.40000000000000013,-0.8200000000000001,2.5,0.051989231296823195
0,0.40000000000000013,-0.8,2.5,0.05765339918331049
0,0.40000000000000013,-0.78,2.5,0.06329219357133666
0,0.40000000000000013,-0.76,2.5,0.06890784113116002
0,0.40000000000000013,-0.74,2.5,0.07450378815353337
0,0.40000000000000013,-0.72,2.5,0.08008478435731534
0,0.40000000000000013,-0.7,2.5,0.08565697423994313
0,0.40000000000000013,-0.6799999999999999,2.5,0.09122799791411217
0,0.40000000000000013,-0.6599999999999999,2.5,0.09680710195333517
0,0.40000000000000013,-0.64,2.5,0.10240525905263537
0,0.40000000000000013,-0.62,2.5,0.1080352934020345
0,0.40000000000000013,-0.6,2.5,0.11371200668772262
0,0.40000000000000013,-0.5800000000000001,2.5,0.11945229770310219
0,0.40000000000000013,-0.56,2.5,0.12527526679194256
0,0.40000000000000013,-0.54,2.5,0.1312022948727192
0,0.40000000000000013,-0.52,2.5,0.13725708570652656
0,0.40000000000000013,-0.5,2.5,0.14346565945178882
0,0.40000000000000013,-0.48,2.5,0.14985628545697852
0,0.40000000000000013,-0.45999999999999996,2.5,0.15645934271456485
0,0.40000000000000013,-0.43999999999999995,2.5,0.16330709744937186
0,0.40000000000000013,-0.42000000000000004,2.5,0.17043338893418605
0,0.40000000000000013,-0.4,2.5,0.17787321678569165
0,0.40000000000000013,-0.38,2.5,0.18566222564642476
0,0.40000000000000013,-0.36,2.5,0.19383608623792783
0,0.40000000000000013,-0.33999999999999997,2.5,0.2024297751958169
0,0.40000000000000013,-0.31999999999999995,2.5,0.21147675977469768
0,0.40000000000000013,-0.29999999999999993,2.5,0.2210080973338285
0,0.40000000000000013,-0.28,2.5,0.23105146336750157
0,0.40000000000000013,-0.26,2.5,0.24163012560418162
0,0.40000000000000013,-0.24,2.5,0.25276188523733323
0,0.40000000000000013,-0.21999999999999997,2.5,0.26445800953829524
0,0.40000000000000013,-0.19999999999999996,2.5,0.27672218280843225
0,0.40000000000000013,-0.17999999999999994,2.5,0.289549504730127
0,0.40000000000000013,-0.16000000000000003,2.5,0.3029255665593466
0,0.40000000000000013,-0.14,2.5,0.31682563616589426
0,0.40000000000000013,-0.12,2.5,0.33121398258915136
0,0.40000000000000013,-0.09999999999999998,2.5,0.34604336947860986
0,0.40000000000000013,-0.07999999999999996,2.5,0.3612547444989919
0,0.40000000000000013,-0.05999999999999994,2.5,0.3767771484997957
0,0.40000000000000013,-0.040000000000000036,2.5,0.3925278640133897
0,0.40000000000000013,-0.020000000000000018,2.5,0.40841281752469777
0,0.40000000000000013,0.0,2.5,0.4243272440554516
0,0.40000000000000013,0.020000000000000018,2.5,0.4401566160679307
0,0.40000000000000013,0.040000000000000036,2.5,0.4557778316898791
0,0.40000000000000013,0.06000000000000005,2.5,0.471060649993891
0,0.40000000000000013,0.08000000000000007,2.5,0.4858693537523666
0,0.40000000000000013,0.10000000000000009,2.5,0.5000646129684405
0,0.40000000000000013,0.1200000000000001,2.5,0.5135055157950246
0,0.40000000000000013,0.14000000000000012,2.5,0.5260517274357626
0,0.40000000000000013,0.15999999999999992,2.5,0.537565732497895
0,0.40000000000000013,0.17999999999999994,2.5,0.5479151122403041
0,0.40000000000000013,0.19999999999999996,2.5,0.5569748054019106
0,0.40000000000000013,0.21999999999999997,2.5,0.5646292999391763
0,0.40000000000000013,0.24,2.5,0.5707747031345725
0,0.40000000000000013,0.26,2.5,0.5753206391987529
0,0.40000000000000013,0.28,2.5,0.5781919266635258
0,0.40000000000000013,0.30000000000000004,2.5,0.5793299924832239
0,0.40000000000000013,0.32000000000000006,2.5,0.5786939857099397
0,0.40000000000000013,0.3400000000000001,2.5,0.5762615607167355
0,0.40000000000000013,0.3600000000000001,2.5,0.5720293080037164
0,0.40000000000000013,0.3800000000000001,2.5,0.5660128193914844
0,0.40000000000000013,0.40000000000000013,2.5,0.5582463836158152
0,0.40000000000000013,0.41999999999999993,2.5,0.5487823177012942
0,0.40000000000000013,0.43999999999999995,2.5,0.5376899487193513
0,0.40000000000000013,0.45999999999999996,2.5,0.525054269341998
0,0.40000000000000013,0.48,2.5,0.5109742987161394
0,0.40000000000000013,0.5,2.5,0.4955611873593439
0,0.40000000000000013,0.52,2.5,0.4789361108047201
0,0.40000000000000013,0.54,2.5,0.4612280014295738
0,0.40000000000000013,0.56,2.5,0.4425711711661734
0,0.40000000000000013,0.5800000000000001,2.5,0.4231028795406948
0,0.40000000000000013,0.6000000000000001,2.5,0.40296090169895876
0,0.40000000000000013,0.6200000000000001,2.5,0.38228114978910943
0,0.40000000000000013,0.6400000000000001,2.5,0.3611953983678992
0,0.40000000000000013,0.6600000000000001,2.5,0.33982916051259715
0,0.40000000000000013,0.6799999999999999,2.5,0.31829975623082307
0,0.40000000000000013,0.7,2.5,0.2967146087764138
0,0.40000000000000013,0.72,2.5,0.2751697978366995
0,0.40000000000000013,0.74,2.5,0.2537488915059812
0,0.40000000000000013,0.76,2.5,0.23252207175550907
0,0.40000000000000013,0.78,2.5,0.21154556099724192
0,0.40000000000000013,0.8,2.5,0.1908613505423323
0,0.40000000000000013,0.8200000000000001,2.5,0.17049722546996707
0,0.40000000000000013,0.8400000000000001,2.5,0.15046707480239946
0,0.40000000000000013,0.8600000000000001,2.5,0.13077147103571166
0,0.40000000000000013,0.8800000000000001,2.5,0.11139849906071833
0,0.40000000000000013,0.9000000000000001,2.5,0.09232481133150072
0,0.40000000000000013,0.9199999999999999,2.5,0.07351688375977074
0,0.40000000000000013,0.94,2.5,0.054932445150026696
0,0.40000000000000013,0.96,2.5,0.036522051930186226
0,0.40000000000000013,0.98,2.5,0.018230779342393498
0,0.40000000000000013,1.0,2.5,0.0
0,0.41999999999999993,-1.0,2.5,0.0
0,0.41999999999999993,-0.98,2.5,0.00532607486041566
0,0.41999999999999993,-0.96,2.5,0.010648103441522535
0,0.41999999999999993,-0.94,2.5,0.015962186989904877
0,0.41999999999999993,-0.92,2.5,0.021264718483071675
0,0.41999999999999993,-0.9,2.5,0.026552520535243717
0,0.41999999999999993,-0.88,2.5,0.03182297467579205
0,0.41999999999999993,-0.86,2.5,0.03707414056425709
0,0.41999999999999993,-0.84,2.5,0.04230486474851168
0,0.41999999999999993,-0.8200000000000001,2.5,0.04751487965818513
0,0.41999999999999993,-0.8,2.5,0.052704894539738326
0,0.41999999999999993,-0.78,2.5,0.057876680872299135
0,0.41999999999999993,-0.76,2.5,0.06303315535805461
0,0.41999999999999993,-0.74,2.5,0.06817846378335553
0,0.41999999999999993,-0.72,2.5,0.07331806885079747
0,0.41999999999999993,-0.7,2.5,0.07845884447439047
0,0.41999999999999993,-0.6799999999999999,2.5,0.08360917802816592
0,0.41999999999999993,-0.6599999999999999,2.5,0.08877908069254882
0,0.41999999999999993,-0.64,2.5,0.093980304428369
0,0.41999999999999993,-0.62,2.5,0.0992264623217932
0,0.41999999999999993,-0.6,2.5,0.10453314719442831
0,0.41999999999999993,-0.5800000000000001,2.5,0.10991804157700859
0,0.41999999999999993,-0.56,2.5,0.11540101051678371
0,0.41999999999999993,-0.54,2.5,0.12100416733456167
0,0.41999999999999993,-0.52,2.5,0.12675190146082893
0,0.41999999999999993,-0.5,2.5,0.13267085693787303
0,0.41999999999999993,-0.48,2.5,0.1387898501330166
0,0.41999999999999993,-0.45999999999999996,2.5,0.14513971570247888
0,0.41999999999999993,-0.43999999999999995,2.5,0.15175307089012033
0,0.41999999999999993,-0.42000000000000004,2.5,0.15866398983363414
0,0.41999999999999993,-0.4,2.5,0.1659075816560568
0,0.41999999999999993,-0.38,2.5,0.1735194686978809
0,0.41999999999999993,-0.36,2.5,0.18153516423288682
0,0.41999999999999993,-0.33999999999999997,2.5,0.18998935233230915
0,0.41999999999999993,-0.31999999999999995,2.5,0.19891507610692363
0,0.41999999999999993,-0.29999999999999993,2.5,0.20834284426316377
0,0.41999999999999993,-0.28,2.5,0.2182996696457004
0,0.41999999999999993,-0.26,2.5,0.22880805708548987
0,0.41999999999999993,-0.24,2.5,0.2398849613042417
0,0.41999999999999993,-0.21999999999999997,2.5,0.2515407387162124
0,0.41999999999999993,-0.19999999999999996,2.5,0.2637781195897365
0,0.41999999999999993,-0.17999999999999994,2.5,0.276591229062217
0,0.41999999999999993,-0.16000000000000003,2.5,0.2899646868307213
0,0.41999999999999993,-0.14,2.5,0.3038728158667527
0,0.41999999999999993,-0.12,2.5,0.31827899014743877
0,0.41999999999999993,-0.09999999999999998,2.5,0.33313515009849465
0,0.41999999999999993,-0.07999999999999996,2.5,0.34838151217629093
0,0.41999999999999993,-0.05999999999999994,2.5,0.36394649577748095
0,0.41999999999999993,-0.040000000000000036,2.5,0.37974688648878874
0,0.41999999999999993,-0.020000000000000018,2.5,0.395688249645789
0,0.41999999999999993,0.0,2.5,0.41166560236229016
0,0.41999999999999993,0.020000000000000018,2.5,0.4275643457598484
0,0.41999999999999993,0.040000000000000036,2.5,0.44326145223987184
0,0.41999999999999993,0.06000000000000005,2.5,0.4586268954954457
0,0.41999999999999993,0.08000000000000007,2.5,0.4735253037741048
0,0.41999999999999993,0.10000000000000009,2.5,0.4878178099077533
0,0.41999999999999993,0.1200000000000001,2.5,0.5013640650587492
0,0.41999999999999993,0.14000000000000012,2.5,0.5140243772254091
0,0.41999999999999993,0.15999999999999992,2.5,0.5256619305267783
0,0.41999999999999993,0.17999999999999994,2.5,0.5361450373445408
0,0.41999999999999993,0.19999999999999996,2.5,0.545349372708113
0,0.41999999999999993,0.21999999999999997,2.5,0.5531601389979314
0,0.41999999999999993,0.24,2.5,0.5594741091979087
0,0.41999999999999993,0.26,2.5,0.5642014985883632
0,0.41999999999999993,0.28,2.5,0.5672676179209499
0,0.41999999999999993,0.30000000000000004,2.5,0.5686142656907276
0,0.41999999999999993,0.32000000000000006,2.5,0.5682008230000389
0,0.41999999999999993,0.3400000000000001,2.5,0.5660050215301325
0,0.41999999999999993,0.3600000000000001,2.5,0.5620233630935847
0,0.41999999999999993,0.3800000000000001,2.5,0.5562711778937407
0,0.41999999999999993,0.40000000000000013,2.5,0.5487823177012942
0,0.41999999999999993,0.41999999999999993,2.5,0.5396084893917484
0,0.41999999999999993,0.43999999999999995,2.5,0.5288182433843579
0,0.41999999999999993,0.45999999999999996,2.5,0.5164956402017541
0,0.41999999999999993,0.48,2.5,0.5027386263634652
0,0.41999999999999993,0.5,2.5,0.48765715789430963
0,0.41999999999999993,0.52,2.5,0.47137111566180123
0,0.41999999999999993,0.54,2.5,0.45400806138737554
0,0.41999999999999993,0.56,2.5,0.43570088638289334
0,0.41999999999999993,0.5800000000000001,2.5,0.41658540677520134
0,0.41999999999999993,0.6000000000000001,2.5,0.39679795917882216
0,0.41999999999999993,0.6200000000000001,2.5,0.3764730494940843
0,0.41999999999999993,0.6400000000000001,2.5,0.35574110483018945
0,0.41999999999999993,0.6600000000000001,2.5,0.3347263746120792
0,0.41999999999999993,0.6799999999999999,2.5,0.3135450219002906
0,0.41999999999999993,0.7,2.5,0.2923034400421111
0,0.41999999999999993,0.72,2.5,0.2710968232130055
0,0.41999999999999993,0.74,2.5,0.2500080124467689
0,0.41999999999999993,0.76,2.5,0.22910663164160427
0,0.41999999999999993,0.78,2.5,0.20844852100933317
0,0.41999999999999993,0.8,2.5,0.18807546872824277
0,0.41999999999999993,0.8200000000000001,2.5,0.16801523535827848
0,0.41999999999999993,0.8400000000000001,2.5,0.14828186003267152
0,0.41999999999999993,0.8600000000000001,2.5,0.12887623265902962
0,0.41999999999999993,0.8800000000000001,2.5,0.10978691240219857
0,0.41999999999999993,0.9000000000000001,2.5,0.09099116958763692
0,0.41999999999999993,0.9199999999999999,2.5,0.07245622581750602
0,0.41999999999999993,0.94,2.5,0.05414066545160989
0,0.41999999999999993,0.96,2.5,0.035995990560071765
0,0.41999999999999993,0.98,2.5,0.017968290873278815
0,0.41999999999999993,1.0,2.5,0.0
0,0.43999999999999995,-1.0,2.5,0.0
0,0.43999999999999995,-0.98,2.5,0.004851498663166027
0,0.43999999999999995,-0.96,2.5,0.009699633712807186
0,0.43999999999999995,-0.94,2.5,0.014541185032618167
0,0.43999999999999995,-0.92,2.5,0.01937321655751626
0,0.43999999999999995,-0.9,2.5,0.024193211248040664
0,0.43999999999999995,-0.88,2.5,0.028999198430861343
0,0.43999999999999995,-0.86,2.5,0.03378987224838109
0,0.43999999999999995,-0.84,2.5,0.03856470088992151
0,0.43999999999999995,-0.8200000000000001,2.5,0.04332402724078376
0,0.43999999999999995,-0.8,2.5,0.04806916247974508
0,0.43999999999999995,-0.78,2.5,0.05280247488011673
0,0.43999999999999995,-0.76,2.5,0.057527476536836375
0,0.43999999999999995,-0.74,2.5,0.062248910885000605
0,0.43999999999999995,-0.72,2.5,0.06697284365255737
0,0.43999999999999995,-0.7,2.5,0.07170675928960372
0,0.43999999999999995,-0.6799999999999999,2.5,0.07645966395684267
0,0.43999999999999995,-0.6599999999999999,2.5,0.08124219488240277
0,0.43999999999999995,-0.64,2.5,0.08606673437991909
0,0.43999999999999995,-0.62,2.5,0.09094752515089134
0,0.43999999999999995,-0.6,2.5,0.09590078177270252
0,0.43999999999999995,-0.5800000000000001,2.5,0.10094479160773649
0,0.43999999999999995,-0.56,2.5,0.10609999686519292
0,0.43999999999999995,-0.54,2.5,0.11138904830494846
0,0.43999999999999995,-0.52,2.5,0.11683682017970362
0,0.43999999999999995,-0.5,2.5,0.12247037553961848
0,0.43999999999999995,-0.48,2.5,0.12831887102639908
0,0.43999999999999995,-0.45999999999999996,2.5,0.13441339079554074
0,0.43999999999999995,-0.43999999999999995,2.5,0.14078670024036696
0,0.43999999999999995,-0.42000000000000004,2.5,0.1474729117442088
0,0.43999999999999995,-0.4,2.5,0.15450705673336348
0,0.43999999999999995,-0.38,2.5,0.16192456080160195
0,0.43999999999999995,-0.36,2.5,0.16976062156896882
0,0.43999999999999995,-0.33999999999999997,2.5,0.17804949215066257
0,0.43999999999999995,-0.31999999999999995,2.5,0.18682367655981422
0,0.43999999999999995,-0.29999999999999993,2.5,0.19611304695317608
0,0.43999999999999995,-0.28,2.5,0.20594389624329212
0,0.43999999999999995,-0.26,2.5,0.21633794312886329
0,0.43999999999999995,-0.24,2.5,0.2273113099153768
0,0.43999999999999995,-0.21999999999999997,2.5,0.23887349648652684
0,0.43999999999999995,-0.19999999999999996,2.5,0.25102637631996827
0,0.43999999999999995,-0.17999999999999994,2.5,0.2637632423993974
0,0.43999999999999995,-0.16000000000000003,2.5,0.27706793214838127
0,0.43999999999999995,-0.14,2.5,0.29091406100250483
0,0.43999999999999995,-0.12,2.5,0.30526439386592685
0,0.43999999999999995,-0.09999999999999998,2.5,0.3200703824094188
0,0.43999999999999995,-0.07999999999999996,2.5,0.33527189392919626
0,0.43999999999999995,-0.05999999999999994,2.5,0.3507971542993793
0,0.43999999999999995,-0.040000000000000036,2.5,0.36656292344873354
0,0.43999999999999995,-0.020000000000000018,2.5,0.3824749168419685
0,0.43999999999999995,0.0,2.5,0.398428480749577
0,0.43999999999999995,0.020000000000000018,2.5,0.41430952278373884
0,0.43999999999999995,0.040000000000000036,2.5,0.4299956924276515
0,0.43999999999999995,0.06000000000000005,2.5,0.4453577992845992
0,0.43999999999999995,0.08000000000000007,2.5,0.4602614497345079
0,0.43999999999999995,0.10000000000000009,2.5,0.4745688758365361
0,0.43999999999999995,0.1200000000000001,2.5,0.48814092388872693
0,0.43999999999999995,0.14000000000000012,2.5,0.5008391642788488
0,0.43999999999999995,0.15999999999999992,2.5,0.5125280793508166
0,0.43999999999999995,0.17999999999999994,2.5,0.5230772821636395
0,0.43999999999999995,0.19999999999999996,2.5,0.5323637163999477
0,0.43999999999999995,0.21999999999999997,2.5,0.5402737864167414
0,0.43999999999999995,0.24,2.5,0.5467053666064133
0,0.43999999999999995,0.26,2.5,0.5515696408876619
0,0.43999999999999995,0.28,2.5,0.554792726259198
0,0.43999999999999995,0.30000000000000004,2.5,0.556317038858509
0,0.43999999999999995,0.32000000000000006,2.5,0.5561023667579323
0,0.43999999999999995,0.3400000000000001,2.5,0.5541266206393833
0,0.43999999999999995,0.3600000000000001,2.5,0.5503862413150504
0,0.43999999999999995,0.3800000000000001,2.5,0.5448962515686048
0,0.43999999999999995,0.40000000000000013,2.5,0.5376899487193513
0,0.43999999999999995,0.41999999999999993,2.5,0.5288182433843579
0,0.43999999999999995,0.43999999999999995,2.5,0.5183486588495865
0,0.43999999999999995,0.45999999999999996,2.5,0.5063640139840471
0,0.43999999999999995,0.48,2.5,0.49296082047960404
0,0.43999999999999995,0.5,2.5,0.47824743213602916
0,0.43999999999999995,0.52,2.5,0.46234198973183555
0,0.43999999999999995,0.54,2.5,0.44537020956160983
0,0.43999999999999995,0.56,2.5,0.4274630668608641
0,0.43999999999999995,0.5800000000000001,2.5,0.4087544270100746
0,0.43999999999999995,0.6000000000000001,2.5,0.38937867759239836
0,0.43999999999999995,0.6200000000000001,2.5,0.36946841310821255
0,0.43999999999999995,0.6400000000000001,2.5,0.34915222150781255
0,0.43999999999999995,0.6600000000000001,2.5,0.32855261782143746
0,0.43999999999999995,0.6799999999999999,2.5,0.3077841652142015
0,0.43999999999999995,0.7,2.5,0.2869518179767932
0,0.43999999999999995,0.72,2.5,0.26614951450977603
0,0.43999999999999995,0.74,2.5,0.24545904151300252
0,0.43999999999999995,0.76,2.5,0.22494918359814814
0,0.43999999999999995,0.78,2.5,0.2046751656394889
0,0.43999999999999995,0.8,2.5,0.18467838858389668
0,0.43999999999999995,0.8200000000000001,2.5,0.16498645334387285
0,0.43999999999999995,0.8400000000000001,2.5,0.14561346194681887
0,0.43999999999999995,0.8600000000000001,2.5,0.1265605804141043
0,0.43999999999999995,0.8800000000000001,2.5,0.10781684395054562
0,0.43999999999999995,0.9000000000000001,2.5,0.08936018194523403
0,0.43999999999999995,0.9199999999999999,2.5,0.07115863797873093
0,0.43999999999999995,0.94,2.5,0.053171758420202206
0,0.43999999999999995,0.96,2.5,0.03535212217130066
0,0.43999999999999995,0.98,2.5,0.01764698354277256
0,0.43999999999999995,1.0,2.5,0.0
0,0.45999999999999996,-1.0,2.5,0.0
0,0.45999999999999996,-0.98,2.5,0.004408621643778021
0,0.45999999999999996,-0.96,2.5,0.008814497277055923
0,0.45999999999999996,-0.94,2.5,0.013215020076118238
0,0.45999999999999996,-0.92,2.5,0.01760785899508701
0,0.45999999999999996,-0.9,2.5,0.0219910904393824
0,0.45999999999999996,-0.88,2.5,0.02636332321882464
0,0.45999999999999996,-0.86,2.5,0.03072381568737048
0,0.45999999999999996,-0.84,2.5,0.035072584801634964
0,0.45999999999999996,-0.8200000000000001,2.5,0.03941050768203988
0,0.45999999999999996,-0.8,2.5,0.04373941704450209
0,0.45999999999999996,-0.78,2.5,0.04806219249626082
0,0.45999999999999996,-0.76,2.5,0.0523828500775733
0,0.45999999999999996,-0.74,2.5,0.056706632520986115
0,0.45999999999999996,-0.72,2.5,0.06104010245487101
0,0.45999999999999996,-0.7,2.5,0.0653912401877891
0,0.45999999999999996,-0.6799999999999999,2.5,0.06976954679229395
0,0.45999999999999996,-0.6599999999999999,2.5,0.07418615200410808
0,0.45999999999999996,-0.64,2.5,0.07865392503065342
0,0.45999999999999996,-0.62,2.5,0.08318758480451739
0,0.45999999999999996,-0.6,2.5,0.08780380461695107
0,0.45999999999999996,-0.5800000000000001,2.5,0.09252130452358272
0,0.45999999999999996,-0.56,2.5,0.09736092352808574
0,0.45999999999999996,-0.54,2.5,0.10234566241225179
0,0.45999999999999996,-0.52,2.5,0.10750068727466332
0,0.45999999999999996,-0.5,2.5,0.11285328343253731
0,0.45999999999999996,-0.48,2.5,0.11843274938320207
0,0.45999999999999996,-0.45999999999999996,2.5,0.12427022104588324
0,0.45999999999999996,-0.43999999999999995,2.5,0.1303984175252219
0,0.45999999999999996,-0.42000000000000004,2.5,0.13685130115103092
0,0.45999999999999996,-0.4,2.5,0.1436636465322488
0,0.45999999999999996,-0.38,2.5,0.15087051577810992
0,0.45999999999999996,-0.36,2.5,0.15850663983177413
0,0.45999999999999996,-0.33999999999999997,2.5,0.1666057089621636
0,0.45999999999999996,-0.31999999999999995,2.5,0.17519957878653247
0,0.45999999999999996,-0.29999999999999993,2.5,0.1843174016556355
0,0.45999999999999996,-0.28,2.5,0.19398469672153848
0,0.45999999999999996,-0.26,2.5,0.20422237541325391
0,0.45999999999999996,-0.24,2.5,0.2150457422498819
0,0.45999999999999996,-0.21999999999999997,2.5,0.226463493804164
0,0.45999999999999996,-0.19999999999999996,2.5,0.23847674107103597
0,0.45999999999999996,-0.17999999999999994,2.5,0.25107808237968915
0,0.45999999999999996,-0.16000000000000003,2.5,0.26425075520592783
0,0.45999999999999996,-0.14,2.5,0.2779678956991393
0,0.45999999999999996,-0.12,2.5,0.2921919343572761
0,0.45999999999999996,-0.09999999999999998,2.5,0.3068741550080915
0,0.45999999999999996,-0.07999999999999996,2.5,0.321954442055723
0,0.45999999999999996,-0.05999999999999994,2.5,0.33736123782841826
0,0.45999999999999996,-0.040000000000000036,2.5,0.3530117278477901
0,0.45999999999999996,-0.020000000000000018,2.5,0.36881226699828207
0,0.45999999999999996,0.0,2.5,0.38465905400730577
0,0.45999999999999996,0.020000000000000018,2.5,0.4004390554843223
0,0.45999999999999996,0.040000000000000036,2.5,0.4160311741735453
0,0.45999999999999996,0.06000000000000005,2.5,0.4313076492382789
0,0.45999999999999996,0.08000000000000007,2.5,0.44613566952361977
0,0.45999999999999996,0.10000000000000009,2.5,0.4603791740599903
0,0.45999999999999996,0.1200000000000001,2.5,0.47390080779968957
0,0.45999999999999996,0.14000000000000012,2.5,0.4865639949460049
0,0.45999999999999996,0.15999999999999992,2.5,0.49823508745096173
0,0.45999999999999996,0.17999999999999994,2.5,0.5087855425140494
0,0.45999999999999996,0.19999999999999996,2.5,0.5180940803716493
0,0.45999999999999996,0.21999999999999997,2.5,0.5260487724502383
0,0.45999999999999996,0.24,2.5,0.5325490101479589
0,0.45999999999999996,0.26,2.5,0.5375073061441568
0,0.45999999999999996,0.28,2.5,0.5408508832005422
0,0.45999999999999996,0.30000000000000004,2.5,0.5425230098463202
0,0.45999999999999996,0.32000000000000006,2.5,0.542484048019806
0,0.45999999999999996,0.3400000000000001,2.5,0.5407121845124406
0,0.45999999999999996,0.3600000000000001,2.5,0.5372038257297863
0,0.45999999999999996,0.3800000000000001,2.5,0.5319736436173619
0,0.45999999999999996,0.40000000000000013,2.5,0.525054269341998
0,0.45999999999999996,0.41999999999999993,2.5,0.5164956402017541
0,0.45999999999999996,0.43999999999999995,2.5,0.5063640139840471
0,0.45999999999999996,0.45999999999999996,2.5,0.4947406733321295
0,0.45999999999999996,0.48,2.5,0.4817203503586972
0,0.45999999999999996,0.5,2.5,0.4674094085301919
0,0.45999999999999996,0.52,2.5,0.45192382453639385
0,0.45999999999999996,0.54,2.5,0.435387017296193
0,0.45999999999999996,0.56,2.5,0.4179275743155664
0,0.45999999999999996,0.5800000000000001,2.5,0.3996769272397068
0,0.45999999999999996,0.6000000000000001,2.5,0.38076702861039646
0,0.45999999999999996,0.6200000000000001,2.5,0.36132808058522853
0,0.45999999999999996,0.6400000000000001,2.5,0.34148636377931646
0,0.45999999999999996,0.6600000000000001,2.5,0.3213622105802061
0,0.45999999999999996,0.6799999999999999,2.5,0.3010681624303342
0,0.45999999999999996,0.7,2.5,0.28070734486867055
0,0.45999999999999996,0.72,2.5,0.26037208779824356
0,0.45999999999999996,0.74,2.5,0.24014281173706425
0,0.45999999999999996,0.76,2.5,0.220087193957518
0,0.45999999999999996,0.78,2.5,0.20025962165640046
0,0.45999999999999996,0.8,2.5,0.1807009328379737
0,0.45999999999999996,0.8200000000000001,2.5,0.16143843961997564
0,0.45999999999999996,0.8400000000000001,2.5,0.1424862233337826
0,0.45999999999999996,0.8600000000000001,2.5,0.12384568618709302
0,0.45999999999999996,0.8800000000000001,2.5,0.10550634044502435
0,0.45999999999999996,0.9000000000000001,2.5,0.08744681306975076
0,0.45999999999999996,0.9199999999999999,2.5,0.06963604150096835
0,0.45999999999999996,0.94,2.5,0.05203463468184503
0,0.45999999999999996,0.96,2.5,0.034596372430110565
0,0.45999999999999996,0.98,2.5,0.017269815695422838
0,0.45999999999999996,1.0,2.5,0.0
0,0.48,-1.0,2.5,0.0
0,0.48,-0.98,2.5,0.0039965730507461016
0,0.48,-0.96,2.5,0.007990954901120461
0,0.48,-0.94,2.5,0.011981088966741063
0,0.48,-0.92,2.5,0.015965185617748387
0,0.48,-0.9,2.5,0.019941850205947256
0,0.48,-0.88,2.5,0.023910205207726017
0,0.48,-0.86,2.5,0.027870005539200268
0,0.48,-0.84,2.5,0.031821746829343175
0,0.48,-0.8200000000000001,2.5,0.035766767185786634
0,0.48,-0.8,2.5,0.039707343671342106
0,0.48,-0.78,2.5,0.04364678524506797
0,0.48,-0.76,2.5,0.04758952423846606
0,0.48,-0.74,2.5,0.0515412084806445
0,0.48,-0.72,2.5,0.055508795923207004
0,0.48,-0.7,2.5,0.059500653037793165
0,0.48,-0.6799999999999999,2.5,0.06352665738317263
0,0.48,-0.6599999999999999,2.5,0.06759830360477974
0,0.48,-0.64,2.5,0.07172881079821546
0,0.48,-0.62,2.5,0.07593322771617717
0,0.48,-0.6,2.5,0.08022853081280445
0,0.48,-0.5800000000000001,2.5,0.08463370869283349
0,0.48,-0.56,2.5,0.08916982525700261
0,0.48,-0.54,2.5,0.09386005279605276
0,0.48,-0.52,2.5,0.09872966555988058
0,0.48,-0.5,2.5,0.10380598397934789
0,0.48,-0.48,2.5,0.10911825979403875
0,0.48,-0.45999999999999996,2.5,0.11469749287129612
0,0.48,-0.43999999999999995,2.5,0.12057617150430092
0,0.48,-0.42000000000000004,2.5,0.1267879294466626
0,0.48,-0.4,2.5,0.13336711485807368
0,0.48,-0.38,2.5,0.14034826866410863
0,0.48,-0.36,2.5,0.1477655125221938
0,0.48,-0.33999999999999997,2.5,0.15565184957004916
0,0.48,-0.31999999999999995,2.5,0.16403838433452955
0,0.48,-0.29999999999999993,2.5,0.17295347150820314
0,0.48,-0.28,2.5,0.18242180665861346
0,0.48,-0.26,2.5,0.19246347521318474
0,0.48,-0.24,2.5,0.20309297914749191
0,0.48,-0.21999999999999997,2.5,0.2143182635792605
0,0.48,-0.19999999999999996,2.5,0.2261397678182402
0,0.48,-0.17999999999999994,2.5,0.23854952723003464
0,0.48,-0.16000000000000003,2.5,0.2515303534350431
0,0.48,-0.14,2.5,0.2650551207892047
0,0.48,-0.12,2.5,0.2790861867054324
0,0.48,-0.09999999999999998,2.5,0.29357497211897576
0,0.48,-0.07999999999999996,2.5,0.3084617262472971
0,0.48,-0.05999999999999994,2.5,0.3236754967450422
0,0.48,-0.040000000000000036,2.5,0.3391343224383541
0,0.48,-0.020000000000000018,2.5,0.3547456611040631
0,0.48,0.0,2.5,0.3704070593352087
0,0.48,0.020000000000000018,2.5,0.3860070655338991
0,0.48,0.040000000000000036,2.5,0.4014263806538803
0,0.48,0.06000000000000005,2.5,0.4165392346617392
0,0.48,0.08000000000000007,2.5,0.4312149700003116
0,0.48,0.10000000000000009,2.5,0.44531980683640304
0,0.48,0.1200000000000001,2.5,0.45871875877832846
0,0.48,0.14000000000000012,2.5,0.4712776622747762
0,0.48,0.15999999999999992,2.5,0.4828652782610275
0,0.48,0.17999999999999994,2.5,0.49335542098710117
0,0.48,0.19999999999999996,2.5,0.5026290665019979
0,0.48,0.21999999999999997,2.5,0.5105763921003043
0,0.48,0.24,2.5,0.5170986982418952
0,0.48,0.26,2.5,0.5221101660664973
0,0.48,0.28,2.5,0.5255394066281595
0,0.48,0.30000000000000004,2.5,0.5273307623072199
0,0.48,0.32000000000000006,2.5,0.5274453264086366
0,0.48,0.3400000000000001,2.5,0.5258616535711595
0,0.48,0.3600000000000001,2.5,0.522576141098613
0,0.48,0.3800000000000001,2.5,0.5176030694575624
0,0.48,0.40000000000000013,2.5,0.5109742987161394
0,0.48,0.41999999999999993,2.5,0.5027386263634652
0,0.48,0.43999999999999995,2.5,0.49296082047960404
0,0.48,0.45999999999999996,2.5,0.4817203503586972
0,0.48,0.48,2.5,0.4691098441735817
0,0.48,0.5,2.5,0.455233309882737
0,0.48,0.52,2.5,0.44020416112496885
0,0.48,0.54,2.5,0.4241430941670781
0,0.48,0.56,2.5,0.40717586495147257
0,0.48,0.5800000000000001,2.5,0.38943101686812676
0,0.48,0.6000000000000001,2.5,0.371037610031515
0,0.48,0.6200000000000001,2.5,0.35212300161066856
0,0.48,0.6400000000000001,2.5,0.33281072421963653
0,0.48,0.6600000000000001,2.5,0.3132185056509213
0,0.48,0.6799999999999999,2.5,0.2934564684894147
0,0.48,0.7,2.5,0.27362554257431215
0,0.48,0.72,2.5,0.25381611710011326
0,0.48,0.74,2.5,0.23410695259731612
0,0.48,0.76,2.5,0.2145643663439237
0,0.48,0.78,2.5,0.19524169815747125
0,0.48,0.8,2.5,0.176179057212301
0,0.48,0.8200000000000001,2.5,0.1574033446979262
0,0.48,0.8400000000000001,2.5,0.13892854192428267
0,0.48,0.8600000000000001,2.5,0.120756248988084
0,0.48,0.8800000000000001,2.5,0.10287645539441648
0,0.48,0.9000000000000001,2.5,0.08526852108525568
0,0.48,0.9199999999999999,2.5,0.06790234412383872
0,0.48,0.94,2.5,0.050739689744881564
0,0.48,0.96,2.5,0.03373565450046548
0,0.48,0.98,2.5,0.016840238686894122
0,0.48,1.0,2.5,0.0
0,0.5,-1.0,2.5,0.0
0,0.5,-0.98,2.5,0.0036143454242884504
0,0.5,-0.96,2.5,0.007226994262565146
0,0.5,-0.94,2.5,0.010836379737589554
0,0.5,-0.92,2.5,0.014441192702363893
0,0.5,-0.9,2.5,0.0180405057026957
0,0.5,-0.88,2.5,0.021633891917185705
0,0.5,-0.86,2.5,0.02522153816654898
0,0.5,-0.84,2.5,0.02880435182584307
0,0.5,-0.8200000000000001,2.5,0.03238406212832477
0,0.5,-0.8,2.5,0.03596331694144697
0,0.5,-0.78,2.5,0.03954577654999306
0,0.5,-0.76,2.5,0.043136206234256055
0,0.5,-0.74,2.5,0.046740569433653435
0,0.5,-0.72,2.5,0.05036612300909519
0,0.5,-0.7,2.5,0.05402151555386685
0,0.5,-0.6799999999999999,2.5,0.05771688886861422
0,0.5,-0.6599999999999999,2.5,0.061463981648629956
0,0.5,-0.64,2.5,0.06527623318716445
0,0.5,-0.62,2.5,0.06916888354769907
0,0.5,-0.6,2.5,0.07315906528165608
0,0.5,-0.5800000000000001,2.5,0.0772658804512046
0,0.5,-0.56,2.5,0.0815104555446444
0,0.5,-0.54,2.5,0.08591596592438694
0,0.5,-0.52,2.5,0.09050762079606224
0,0.5,-0.5,2.5,0.09531259939118482
0,0.5,-0.48,2.5,0.1003599291604991
0,0.5,-0.45999999999999996,2.5,0.10568029731060635
0,0.5,-0.43999999999999995,2.5,0.11130578799673431
0,0.5,-0.42000000000000004,2.5,0.11726953890738949
0,0.5,-0.4,2.5,0.12360531282414748
0,0.5,-0.38,2.5,0.130346981978742
0,0.5,-0.36,2.5,0.13752792561215615
0,0.5,-0.33999999999999997,2.5,0.14518034400520843
0,0.5,-0.31999999999999995,2.5,0.15333449532317325
0,0.5,-0.29999999999999993,2.5,0.16201786481286154
0,0.5,-0.28,2.5,0.17125427911393776
0,0.5,-0.26,2.5,0.18106298159349363
0,0.5,-0.24,2.5,0.19145768757450748
0,0.5,-0.21999999999999997,2.5,0.20244564099192103
0,0.5,-0.19999999999999996,2.5,0.21402669626171952
0,0.5,-0.17999999999999994,2.5,0.22619245087912068
0,0.5,-0.16000000000000003,2.5,0.23892545536990462
0,0.5,-0.14,2.5,0.25219852761405037
0,0.5,-0.12,2.5,0.2659741981695062
0,0.5,-0.09999999999999998,2.5,0.28020431199307544
0,0.5,-0.07999999999999996,2.5,0.29482980985655993
0,0.5,-0.05999999999999994,2.5,0.30978070978898853
0,0.5,-0.040000000000000036,2.5,0.32497630506989644
0,0.5,-0.020000000000000018,2.5,0.3403255907161387
0,0.5,0.0,2.5,0.35572792513965723
0,0.5,0.020000000000000018,2.5,0.3710739278310231
0,0.5,0.040000000000000036,2.5,0.3862466076969271
0,0.5,0.06000000000000005,2.5,0.40112271022691365
0,0.5,0.08000000000000007,2.5,0.4155742651824453
0,0.5,0.10000000000000009,2.5,0.4294703101992042
0,0.5,0.1200000000000001,2.5,0.44267875978574395
0,0.5,0.14000000000000012,2.5,0.4550683838994997
0,0.5,0.15999999999999992,2.5,0.46651085578445756
0,0.5,0.17999999999999994,2.5,0.4768828252434566
0,0.5,0.19999999999999996,2.5,0.48606797114440203
0,0.5,0.21999999999999997,2.5,0.49395898584133774
0,0.5,0.24,2.5,0.5004594444057555
0,0.5,0.26,2.5,0.5054855131436227
0,0.5,0.28,2.5,0.5089674548053704
0,0.5,0.30000000000000004,2.5,0.5108508921180679
0,0.5,0.32000000000000006,2.5,0.5110977966737141
0,0.5,0.3400000000000001,2.5,0.5096871766448648
0,0.5,0.3600000000000001,2.5,0.5066154440809564
0,0.5,0.3800000000000001,2.5,0.5018964504470167
0,0.5,0.40000000000000013,2.5,0.4955611873593439
0,0.5,0.41999999999999993,2.5,0.48765715789430963
0,0.5,0.43999999999999995,2.5,0.47824743213602916
0,0.5,0.45999999999999996,2.5,0.4674094085301919
0,0.5,0.48,2.5,0.455233309882737
0,0.5,0.5,2.5,0.441820449263743
0,0.5,0.52,2.5,0.4272813064597259
0,0.5,0.54,2.5,0.4117334598092836
0,0.5,0.56,2.5,0.3952994211477187
0,0.5,0.5800000000000001,2.5,0.37810442311178705
0,0.5,0.6000000000000001,2.5,0.36027420819975936
0,0.5,0.6200000000000001,2.5,0.34193286777632
0,0.5,0.6400000000000001,2.5,0.32320077673468706
0,0.5,0.6600000000000001,2.5,0.30419266590085575
0,0.5,0.6799999999999999,2.5,0.28501586964613884
0,0.5,0.7,2.5,0.26576878075407595
0,0.5,0.72,2.5,0.24653953857898797
0,0.5,0.74,2.5,0.2274049701616254
0,0.5,0.76,2.5,0.2084297974611236
0,0.5,0.78,2.5,0.18966611744250703
0,0.5,0.8,2.5,0.17115315562777333
0,0.5,0.8200000000000001,2.5,0.1529172880507524
0,0.5,0.8400000000000001,2.5,0.13497232149015423
0,0.5,0.8600000000000001,2.5,0.11732001748827098
0,0.5,0.8800000000000001,2.5,0.09995084204617014
0,0.5,0.9000000000000001,2.5,0.0828449200257865
0,0.5,0.9199999999999999,2.5,0.06597317114815836
0,0.5,0.94,2.5,0.04929860298130743
0,0.5,0.96,2.5,0.03277773535878225
0,0.5,0.98,2.5,0.016362130140915622
0,0.5,1.0,2.5,0.0
0,0.52,-1.0,2.5,0.0
0,0.52,-0.98,2.5,0.0032608166543991192
0,0.52,-0.96,2.5,0.0065203740116957015
0,0.52,-0.94,2.5,0.009777537565942787
0,0.52,-0.92,2.5,0.013031420669455703
0,0.52,-0.9,2.5,0.016281504342090043
0,0.52,-0.88,2.5,0.019527752648328713
0,0.52,-0.86,2.5,0.022770722956175424
0,0.52,-0.84,2.5,0.026011670953716197
0,0.52,-0.8200000000000001,2.5,0.0292526508691942
0,0.52,-0.8,2.5,0.032496611849388186
0,0.52,-0.78,2.5,0.03574749183251257
0,0.52,-0.76,2.5,0.039010310448087865
0,0.52,-0.74,2.5,0.042291262443599986
0,0.52,-0.72,2.5,0.045597812850520225
0,0.52,-0.7,2.5,0.04893879455481168
0,0.52,-0.6799999999999999,2.5,0.05232450814454713
0,0.52,-0.6599999999999999,2.5,0.055766822904465954
0,0.52,-0.64,2.5,0.05927927666604317
0,0.52,-0.62,2.5,0.06287717096719793
0,0.52,-0.6,2.5,0.06657765670247184
0,0.52,-0.5800000000000001,2.5,0.07039980423111547
0,0.52,-0.56,2.5,0.07436465083562162
0,0.52,-0.54,2.5,0.07849521756108081
0,0.52,-0.52,2.5,0.0828164868826187
0,0.52,-0.5,2.5,0.08735533239967357
0,0.52,-0.48,2.5,0.09214039188472817
0,0.52,-0.45999999999999996,2.5,0.0972018755489293
0,0.52,-0.43999999999999995,2.5,0.10257130234155877
0,0.52,-0.42000000000000004,2.5,0.10828115847325012
0,0.52,-0.4,2.5,0.11436447412795792
0,0.52,-0.38,2.5,0.12085431647527566
0,0.52,-0.36,2.5,0.12778319956814832
0,0.52,-0.33999999999999997,2.5,0.1351824144535527
0,0.52,-0.31999999999999995,2.5,0.14308128576526288
0,0.52,-0.29999999999999993,2.5,0.15150636412711083
0,0.52,-0.28,2.5,0.16048056678109288
0,0.52,-0.26,2.5,0.17002228186803223
0,0.52,-0.24,2.5,0.18014445462402945
0,0.52,-0.21999999999999997,2.5,0.19085367630499156
0,0.52,-0.19999999999999996,2.5,0.20214929880517063
0,0.52,-0.17999999999999994,2.5,0.2140225995881772
0,0.52,-0.16000000000000003,2.5,0.22645602260187925
0,0.52,-0.14,2.5,0.23942252121487928
0,0.52,-0.12,2.5,0.2528850288205449
0,0.52,-0.09999999999999998,2.5,0.266796081553395
0,0.52,-0.07999999999999996,2.5,0.28109761552436247
0,0.52,-0.05999999999999994,2.5,0.29572095810540755
0,0.52,-0.040000000000000036,2.5,0.3105870291089821
0,0.52,-0.020000000000000018,2.5,0.3256067632736742
0,0.52,0.0,2.5,0.34068176037483683
0,0.52,0.020000000000000018,2.5,0.3557051636489723
0,0.52,0.040000000000000036,2.5,0.37056276120140913
0,0.52,0.06000000000000005,2.5,0.385134298830322
0,0.52,0.08000000000000007,2.5,0.39929498643671263
0,0.52,0.10000000000000009,2.5,0.4129171741020121
0,0.52,0.1200000000000001,2.5,0.4258721682097535
0,0.52,0.14000000000000012,2.5,0.43803215286950714
0,0.52,0.15999999999999992,2.5,0.4492721775631245
0,0.52,0.17999999999999994,2.5,0.4594721685491767
0,0.52,0.19999999999999996,2.5,0.4685189192785134
0,0.52,0.21999999999999997,2.5,0.47630801400578915
0,0.52,0.24,2.5,0.4827456390033432
0,0.52,0.26,2.5,0.4877502373266091
0,0.52,0.28,2.5,0.4912539659305626
0,0.52,0.30000000000000004,2.5,0.4932039180349237
0,0.52,0.32000000000000006,2.5,0.493563078877756
0,0.52,0.3400000000000001,2.5,0.49231098923728556
0,0.52,0.3600000000000001,2.5,0.4894440981583963
0,0.52,0.3800000000000001,2.5,0.48497579398163626
0,0.52,0.40000000000000013,2.5,0.4789361108047201
0,0.52,0.41999999999999993,2.5,0.47137111566180123
0,0.52,0.43999999999999995,2.5,0.46234198973183555
0,0.52,0.45999999999999996,2.5,0.45192382453639385
0,0.52,0.48,2.5,0.44020416112496885
0,0.52,0.5,2.5,0.4272813064597259
0,0.52,0.52,2.5,0.41326246641876113
0,0.52,0.54,2.5,0.39826173889002797
0,0.52,0.56,2.5,0.3823980132208527
0,0.52,0.5800000000000001,2.5,0.36579282375842787
0,0.52,0.6000000000000001,2.5,0.3485682053492592
0,0.52,0.6200000000000001,2.5,0.33084459749112893
0,0.52,0.6400000000000001,2.5,0.3127388414256181
0,0.52,0.6600000000000001,2.5,0.2943623109400418
0,0.52,0.6799999999999999,2.5,0.27581921316891883
0,0.52,0.7,2.5,0.2572050904308102
0,0.52,0.72,2.5,0.23860554831249522
0,0.52,0.74,2.5,0.2200952290376153
0,0.52,0.76,2.5,0.20173704285248745
0,0.52,0.78,2.5,0.18358166394149295
0,0.52,0.8,2.5,0.1656672914443621
0,0.52,0.8200000000000001,2.5,0.14801967065685953
0,0.52,0.8400000000000001,2.5,0.13065236458909849
0,0.52,0.8600000000000001,2.5,0.1135672618256309
0,0.52,0.8800000000000001,2.5,0.0967553031283885
0,0.52,0.9000000000000001,2.5,0.0801974064531043
0,0.52,0.9199999999999999,2.5,0.06386556797620366
0,0.52,0.94,2.5,0.04772411528072899
0,0.52,0.96,2.5,0.03173108792766881
0,0.52,0.98,2.5,0.0158397201270652
0,0.52,1.0,2.5,0.0
0,0.54,-1.0,2.5,0.0
0,0.54,-0.98,2.5,0.002934771144131565
0,0.54,-0.96,2.5,0.005868666044137011
0,0.54,-0.94,2.5,0.00880092804666281
0,0.54,-0.92,2.5,0.011731038193503091
0,0.54,-0.9,2.5,0.014658830520325851
0,0.54,-0.88,2.5,0.01758460354580624
0,0.54,-0.86,2.5,0.02050922737455321
0,0.54,-0.84,2.5,0.023434246326752887
0,0.54,-0.8200000000000001,2.5,0.026361977500463832
0,0.54,-0.8,2.5,0.029295606106901826
0,0.54,-0.78,2.5,0.03223927873523354
0,0.54,-0.76,2.5,0.035198195849738406
0,0.54,-0.74,2.5,0.03817870475978482
0,0.54,-0.72,2.5,0.04118839400921665
0,0.54,-0.7,2.5,0.044236189602069216
0,0.54,-0.6799999999999999,2.5,0.04733245273044252
0,0.54,-0.6599999999999999,2.5,0.0504890777301022
0,0.54,-0.64,2.5,0.05371958790774807
0,0.54,-0.62,2.5,0.05703922572096302
0,0.54,-0.6,2.5,0.06046503261605288
0,0.54,-0.5800000000000001,2.5,0.06401591271287002
0,0.54,-0.56,2.5,0.06771267354182643
0,0.54,-0.54,2.5,0.07157803625535569
0,0.54,-0.52,2.5,0.07563660721568131
0,0.54,-0.5,2.5,0.07991480265474922
0,0.54,-0.48,2.5,0.08444071825076377
0,0.54,-0.45999999999999996,2.5,0.08924393599611524
0,0.54,-0.43999999999999995,2.5,0.09435526165705634
0,0.54,-0.42000000000000004,2.5,0.09980638744569449
0,0.54,-0.4,2.5,0.10562947622512754
0,0.54,-0.38,2.5,0.11185666562054988
0,0.54,-0.36,2.5,0.1185194927712902
0,0.54,-0.33999999999999997,2.5,0.1256482430767322
0,0.54,-0.31999999999999995,2.5,0.1332712290967214
0,0.54,-0.29999999999999993,2.5,0.14141400868724943
0,0.54,-0.28,2.5,0.1500985543981644
0,0.54,-0.26,2.5,0.15934238903654657
0,0.54,-0.24,2.5,0.1691577050064443
0,0.54,-0.21999999999999997,2.5,0.17955048746860755
0,0.54,-0.19999999999999996,2.5,0.1905196634179971
0,0.54,-0.17999999999999994,2.5,0.20205630035047614
0,0.54,-0.16000000000000003,2.5,0.21414287918834968
0,0.54,-0.14,2.5,0.22675266647336287
0,0.54,-0.12,2.5,0.23984921044657945
0,0.54,-0.09999999999999998,2.5,0.2533859844675325
0,0.54,-0.07999999999999996,2.5,0.2673061992533941
0,0.54,-0.05999999999999994,2.5,0.28154280264188764
0,0.54,-0.040000000000000036,2.5,0.2960186820269195
0,0.54,-0.020000000000000018,2.5,0.3106470803408977
0,0.54,0.0,2.5,0.32533223154984986
0,0.54,0.020000000000000018,2.5,0.33997021620310924
0,0.54,0.040000000000000036,2.5,0.35445003178138107
0,0.54,0.06000000000000005,2.5,0.368654866580991
0,0.54,0.08000000000000007,2.5,0.38246355984143776
0,0.54,0.10000000000000009,2.5,0.395752224962991
0,0.54,0.1200000000000001,2.5,0.4083960071706602
0,0.54,0.14000000000000012,2.5,0.4202709420571589
0,0.54,0.15999999999999992,2.5,0.4312558772665261
0,0.54,0.17999999999999994,2.5,0.44123441632934324
0,0.54,0.19999999999999996,2.5,0.45009684147173135
0,0.54,0.21999999999999997,2.5,0.45774197120301274
0,0.54,0.24,2.5,0.4640789087128998
0,0.54,0.26,2.5,0.46902863860872607
0,0.54,0.28,2.5,0.47252543228313615
0,0.54,0.30000000000000004,2.5,0.4745180261651504
0,0.54,0.32000000000000006,2.5,0.474970542172025
0,0.54,0.3400000000000001,2.5,0.4738631257054655
0,0.54,0.3600000000000001,2.5,0.4711922833481062
0,0.54,0.3800000000000001,2.5,0.4669709098105086
0,0.54,0.40000000000000013,2.5,0.4612280014295738
0,0.54,0.41999999999999993,2.5,0.45400806138737554
0,0.54,0.43999999999999995,2.5,0.44537020956160983
0,0.54,0.45999999999999996,2.5,0.435387017296193
0,0.54,0.48,2.5,0.4241430941670781
0,0.54,0.5,2.5,0.4117334598092836
0,0.54,0.52,2.5,0.39826173889002797
0,0.54,0.54,2.5,0.3838382212178582
0,0.54,0.56,2.5,0.3685778316663034
0,0.54,0.5800000000000001,2.5,0.3525980560032764
0,0.54,0.6000000000000001,2.5,0.33601686883925747
0,0.54,0.6200000000000001,2.5,0.3189507087681804
0,0.54,0.6400000000000001,2.5,0.3015125434481945
0,0.54,0.6600000000000001,2.5,0.2838100639685471
0,0.54,0.6799999999999999,2.5,0.2659440435224696
0,0.54,0.7,2.5,0.24800689033175477
0,0.54,0.72,2.5,0.23008141914544755
0,0.54,0.74,2.5,0.2122398596736978
0,0.54,0.76,2.5,0.1945431142319239
0,0.54,0.78,2.5,0.17704027086624158
0,0.54,0.8,2.5,0.1597683724977618
0,0.54,0.8200000000000001,2.5,0.14275243732395596
0,0.54,0.8400000000000001,2.5,0.12600572097932292
0,0.54,0.8600000000000001,2.5,0.10953020687539483
0,0.54,0.8800000000000001,2.5,0.09331730775968493
0,0.54,0.9000000000000001,2.5,0.07734875885988836
0,0.54,0.9199999999999999,2.5,0.0615976809788606
0,0.54,0.94,2.5,0.046029790508501894
0,0.54,0.96,2.5,0.030604732441105884
0,0.54,0.98,2.5,0.015277511962983105
0,0.54,1.0,2.5,0.0
0,0.56,-1.0,2.5,0.0
0,0.56,-0.98,2.5,0.0026349198537753606
0,0.56,-0.96,2.5,0.005269295536100049
0,0.56,-0.94,2.5,0.00790269711186264
0,0.56,-0.92,2.5,0.01053492184566534
0,0.56,-0.9,2.5,0.013166104765471514
0,0.56,-0.88,2.5,0.015796825975147203
0,0.56,-0.86,2.5,0.018428214236679338
0,0.56,-0.84,2.5,0.02106204676714305
0,0.56,-0.8200000000000001,2.5,0.02370084561928296
0,0.56,-0.8,2.5,0.026347971382280858
0,0.56,-0.78,2.5,0.02900771519758874
0,0.56,-0.76,2.5,0.031685390187541865
0,0.56,-0.74,2.5,0.03438742330725936
0,0.56,-0.72,2.5,0.0371214483331925
0,0.56,-0.7,2.5,0.03989640019124918
0,0.56,-0.6799999999999999,2.5,0.04272261011738899
0,0.56,-0.6599999999999999,2.5,0.04561190026380376
0,0.56,-0.64,2.5,0.048577675358263094
0,0.56,-0.62,2.5,0.051635007948108366
0,0.56,-0.6,2.5,0.054800712676580494
0,0.56,-0.5800000000000001,2.5,0.05809340401439905
0,0.56,-0.56,2.5,0.06153353097061649
0,0.56,-0.54,2.5,0.06514338159722857
0,0.56,-0.52,2.5,0.0689470496389459
0,0.56,-0.5,2.5,0.07297035551123439
0,0.56,-0.48,2.5,0.07724071395389077
0,0.56,-0.45999999999999996,2.5,0.0817869412298055
0,0.56,-0.43999999999999995,2.5,0.08663899563227807
0,0.56,-0.42000000000000004,2.5,0.09182764632932833
0,0.56,-0.4,2.5,0.09738406719680445
0,0.56,-0.38,2.5,0.10333935424766662
0,0.56,-0.36,2.5,0.10972396751389991
0,0.56,-0.33999999999999997,2.5,0.11656710072920656
0,0.56,-0.31999999999999995,2.5,0.12389598483255597
0,0.56,-0.29999999999999993,2.5,0.1317351340918274
0,0.56,-0.28,2.5,0.14010554645074735
0,0.56,-0.26,2.5,0.14902387244077334
0,0.56,-0.24,2.5,0.1585015695762871
0,0.56,-0.21999999999999997,2.5,0.1685440614667288
0,0.56,-0.19999999999999996,2.5,0.1791499228328268
0,0.56,-0.17999999999999994,2.5,0.19031011310836485
0,0.56,-0.16000000000000003,2.5,0.20200728225291373
0,0.56,-0.14,2.5,0.2142151727140382
0,0.56,-0.12,2.5,0.22689814109349837
0,0.56,-0.09999999999999998,2.5,0.24001082194309437
0,0.56,-0.07999999999999996,2.5,0.25349795421621574
0,0.56,-0.05999999999999994,2.5,0.2672943882300185
0,0.56,-0.040000000000000036,2.5,0.28132528757689296
0,0.56,-0.020000000000000018,2.5,0.29550653631757146
0,0.56,0.0,2.5,0.3097453570757063
0,0.56,0.020000000000000018,2.5,0.32394114044664857
0,0.56,0.040000000000000036,2.5,0.3379864805685795
0,0.56,0.06000000000000005,2.5,0.35176840594100484
0,0.56,0.08000000000000007,2.5,0.36516978878990497
0,0.56,0.10000000000000009,2.5,0.3780709106576849
0,0.56,0.1200000000000001,2.5,0.3903511566311495
0,0.56,0.14000000000000012,2.5,0.4018908059008653
0,0.56,0.15999999999999992,2.5,0.4125728823490078
0,0.56,0.17999999999999994,2.5,0.42228502575088206
0,0.56,0.19999999999999996,2.5,0.4309213420837369
0,0.56,0.21999999999999997,2.5,0.43838419047026783
0,0.56,0.24,2.5,0.444585864512198
0,0.56,0.26,2.5,0.4494501272205593
0,0.56,0.28,2.5,0.45291356141075795
0,0.56,0.30000000000000004,2.5,0.4549267012466539
0,0.56,0.32000000000000006,2.5,0.4554549154919915
0,0.56,0.3400000000000001,2.5,0.4544790188246029
0,0.56,0.3600000000000001,2.5,0.45199559412025464
0,0.56,0.3800000000000001,2.5,0.44801701572256325
0,0.56,0.40000000000000013,2.5,0.4425711711661734
0,0.56,0.41999999999999993,2.5,0.43570088638289334
0,0.56,0.43999999999999995,2.5,0.4274630668608641
0,0.56,0.45999999999999996,2.5,0.4179275743155664
0,0.56,0.48,2.5,0.40717586495147257
0,0.56,0.5,2.5,0.3952994211477187
0,0.56,0.52,2.5,0.3823980132208527
0,0.56,0.54,2.5,0.3685778316663034
0,0.56,0.56,2.5,0.35394953285934627
0,0.56,0.5800000000000001,2.5,0.3386262425488801
0,0.56,0.6000000000000001,2.5,0.32272156158904824
0,0.56,0.6200000000000001,2.5,0.3063476172535226
0,0.56,0.6400000000000001,2.5,0.28961320123568524
0,0.56,0.6600000000000001,2.5,0.2726220321641278
0,0.56,0.6799999999999999,2.5,0.25547117629986005
0,0.56,0.7,2.5,0.23824965520018368
0,0.56,0.72,2.5,0.22103726372539262
0,0.56,0.74,2.5,0.20390361603113846
0,0.56,0.76,2.5,0.18690743133673263
0,0.56,0.78,2.5,0.17009606548608802
0,0.56,0.8,2.5,0.1535052888052015
0,0.56,0.8200000000000001,2.5,0.13715930566480308
0,0.56,0.8400000000000001,2.5,0.1210710066034733
0,0.56,0.8600000000000001,2.5,0.10524243994195284
0,0.56,0.8800000000000001,2.5,0.08966548656960395
0,0.56,0.9000000000000001,2.5,0.0743227190141708
0,0.56,0.9199999999999999,2.5,0.05918842398277242
0,0.56,0.94,2.5,0.044229766218963254
0,0.56,0.96,2.5,0.029408070665813763
0,0.56,0.98,2.5,0.014680199450588273
0,0.56,1.0,2.5,0.0
0,0.5800000000000001,-1.0,2.5,0.0
0,0.5800000000000001,-0.98,2.5,0.0023599190411710837
0,0.5800000000000001,-0.96,2.5,0.004719578373594581
0,0.5800000000000001,-0.94,2.5,0.007078827045649571
0,0.5800000000000001,-0.92,2.5,0.009437730537651083
0,0.5800000000000001,-0.9,2.5,0.011796676399340063
0,0.5800000000000001,-0.88,2.5,0.014156477134457184
0,0.5800000000000001,-0.86,2.5,0.016518469939322357
0,0.5800000000000001,-0.84,2.5,0.018884613268052252
0,0.5800000000000001,-0.8200000000000001,2.5,0.02125758055891871
0,0.5800000000000001,-0.8,2.5,0.023640851764738312
0,0.5800000000000001,-0.78,2.5,0.026038803537528205
0,0.5800000000000001,-0.76,2.5,0.02845679898296555
0,0.5800000000000001,-0.74,2.5,0.030901277792821747
0,0.5800000000000001,-0.72,2.5,0.033379847266131565
0,0.5800000000000001,-0.7,2.5,0.03590137423996362
0,0.5800000000000001,-0.6799999999999999,2.5,0.03847607728123393
0,0.5800000000000001,-0.6599999999999999,2.5,0.04111561766963854
0,0.5800000000000001,-0.64,2.5,0.04383318676888461
0,0.5800000000000001,-0.62,2.5,0.046643586389587134
0,0.5800000000000001,-0.6,2.5,0.04956329775010861
0,0.5800000000000001,-0.5800000000000001,2.5,0.05261053370251098
0,0.5800000000000001,-0.56,2.5,0.055805268071128504
0,0.5800000000000001,-0.54,2.5,0.05916923530959497
0,0.5800000000000001,-0.52,2.5,0.06272589327131287
0,0.5800000000000001,-0.5,2.5,0.0665003417532528
0,0.5800000000000001,-0.48,2.5,0.07051918964886733
0,0.5800000000000001,-0.45999999999999996,2.5,0.07481036405716109
0,0.5800000000000001,-0.43999999999999995,2.5,0.07940285555425758
0,0.5800000000000001,-0.42000000000000004,2.5,0.08432639504171727
0,0.5800000000000001,-0.4,2.5,0.08961105913066958
0,0.5800000000000001,-0.38,2.5,0.09528680287859012
0,0.5800000000000001,-0.36,2.5,0.10138292083031746
0,0.5800000000000001,-0.33999999999999997,2.5,0.10792743967907957
0,0.5800000000000001,-0.31999999999999995,2.5,0.11494644839823581
0,0.5800000000000001,-0.29999999999999993,2.5,0.1224633743312256
0,0.5800000000000001,-0.28,2.5,0.1304982163877917
0,0.5800000000000001,-0.26,2.5,0.13906674909314856
0,0.5800000000000001,-0.24,2.5,0.14817971368183155
0,0.5800000000000001,-0.21999999999999997,2.5,0.1578420146244608
0,0.5800000000000001,-0.19999999999999996,2.5,0.1680519418278602
0,0.5800000000000001,-0.17999999999999994,2.5,0.1788004401637413
0,0.5800000000000001,-0.16000000000000003,2.5,0.19007044887142518
0,0.5800000000000001,-0.14,2.5,0.20183633366871653
0,0.5800000000000001,-0.12,2.5,0.2140634340286782
0,0.5800000000000001,-0.09999999999999998,2.5,0.2267077469928994
0,0.5800000000000001,-0.07999999999999996,2.5,0.23971576706906766
0,0.5800000000000001,-0.05999999999999994,2.5,0.2530244992013485
0,0.5800000000000001,-0.040000000000000036,2.5,0.26656165853143987
0,0.5800000000000001,-0.020000000000000018,2.5,0.280246066738774
0,0.5800000000000001,0.0,2.5,0.2939882502403104
0,0.5800000000000001,0.020000000000000018,2.5,0.30769124055041425
0,0.5800000000000001,0.040000000000000036,2.5,0.32125157178050756
0,0.5800000000000001,0.06000000000000005,2.5,0.33456046474847556
0,0.5800000000000001,0.08000000000000007,2.5,0.34750518163749705
0,0.5800000000000001,0.10000000000000009,2.5,0.3599705297720074
0,0.5800000000000001,0.1200000000000001,2.5,0.3718404880481568
0,0.5800000000000001,0.14000000000000012,2.5,0.38299992504800057
0,0.5800000000000001,0.15999999999999992,2.5,0.39333637405143207
0,0.5800000000000001,0.17999999999999994,2.5,0.40274182719127966
0,0.5800000000000001,0.19999999999999996,2.5,0.41111450900501745
0,0.5800000000000001,0.21999999999999997,2.5,0.41836058872154247
0,0.5800000000000001,0.24,2.5,0.42439579084922613
0,0.5800000000000001,0.26,2.5,0.4291468650296019
0,0.5800000000000001,0.28,2.5,0.4325528786770232
0,0.5800000000000001,0.30000000000000004,2.5,0.4345662995851461
0,0.5800000000000001,0.32000000000000006,2.5,0.4351538403534971
0,0.5800000000000001,0.3400000000000001,2.5,0.43429704204236813
0,0.5800000000000001,0.3600000000000001,2.5,0.431992580740435
0,0.5800000000000001,0.3800000000000001,2.5,0.428252287538865
0,0.5800000000000001,0.40000000000000013,2.5,0.4231028795406948
0,0.5800000000000001,0.41999999999999993,2.5,0.41658540677520134
0,0.5800000000000001,0.43999999999999995,2.5,0.4087544270100746
0,0.5800000000000001,0.45999999999999996,2.5,0.3996769272397068
0,0.5800000000000001,0.48,2.5,0.38943101686812676
0,0.5800000000000001,0.5,2.5,0.37810442311178705
0,0.5800000000000001,0.52,2.5,0.36579282375842787
0,0.5800000000000001,0.54,2.5,0.3525980560032764
0,0.5800000000000001,0.56,2.5,0.3386262425488801
0,0.5800000000000001,0.5800000000000001,2.5,0.32398587744525387
0,0.5800000000000001,0.6000000000000001,2.5,0.30878591424929486
0,0.5800000000000001,0.6200000000000001,2.5,0.29313389802429163
0,0.5800000000000001,0.6400000000000001,2.5,0.27713418054952066
0,0.5800000000000001,0.6600000000000001,2.5,0.2608862549709171
0,0.5800000000000001,0.6799999999999999,2.5,0.24448324213367664
0,0.5800000000000001,0.7,2.5,0.2280105561599425
0,0.5800000000000001,0.72,2.5,0.21154477165247063
0,0.5800000000000001,0.74,2.5,0.19515270941252968
0,0.5800000000000001,0.76,2.5,0.1788907519539108
0,0.5800000000000001,0.78,2.5,0.16280439456455031
0,0.5800000000000001,0.8,2.5,0.1469280323869989
0,0.5800000000000001,0.8200000000000001,2.5,0.13128497910883194
0,0.5800000000000001,0.8400000000000001,2.5,0.11588770849323303
0,0.5800000000000001,0.8600000000000001,2.5,0.10073830622143896
0,0.5800000000000001,0.8800000000000001,2.5,0.08582911640660182
0,0.5800000000000001,0.9000000000000001,2.5,0.07114356467776158
0,0.5800000000000001,0.9199999999999999,2.5,0.05665713789106123
0,0.5800000000000001,0.94,2.5,0.04233849923936495
0,0.5800000000000001,0.96,2.5,0.028150716713025235
0,0.5800000000000001,0.98,2.5,0.014052582410512899
0,0.5800000000000001,1.0,2.5,0.0
0,0.6000000000000001,-1.0,2.5,0.0
0,0.6000000000000001,-0.98,2.5,0.00210838755223916
0,0.6000000000000001,-0.96,2.5,0.0042167556844440275
0,0.6000000000000001,-0.94,2.5,0.006325188159003263
0,0.6000000000000001,-0.92,2.5,0.008433974190162735
0,0.6000000000000001,-0.9,2.5,0.01054370899783936
0,0.6000000000000001,-0.88,2.5,0.01265539205031273
0,0.6000000000000001,-0.86,2.5,0.014770522678348809
0,0.6000000000000001,-0.84,2.5,0.016891193056689242
0,0.6000000000000001,-0.8200000000000001,2.5,0.019020178855619376
0,0.6000000000000001,-0.8,2.5,0.021161028121287027
0,0.6000000000000001,-0.78,2.5,0.023318149106274447
0,0.6000000000000001,-0.76,2.5,0.025496897805238793
0,0.6000000000000001,-0.74,2.5,0.027703665827189382
0,0.6000000000000001,-0.72,2.5,0.02994596894105023
0,0.6000000000000001,-0.7,2.5,0.03223253616290825
0,0.6000000000000001,-0.6799999999999999,2.5,0.034573398623994105
0,0.6000000000000001,-0.6599999999999999,2.5,0.036979976693423997
0,0.6000000000000001,-0.64,2.5,0.03946516296609763
0,0.6000000000000001,-0.62,2.5,0.042043397810219714
0,0.6000000000000001,-0.6,2.5,0.044730733253439736
0,0.6000000000000001,-0.5800000000000001,2.5,0.04754488012770458
0,0.6000000000000001,-0.56,2.5,0.05050523264700569
0,0.6000000000000001,-0.54,2.5,0.05363286401314027
0,0.6000000000000001,-0.52,2.5,0.05695048628119473
0,0.6000000000000001,-0.5,2.5,0.060482367610355046
0,0.6000000000000001,-0.48,2.5,0.06425420020975951
0,0.6000000000000001,-0.45999999999999996,2.5,0.06829291278639298
0,0.6000000000000001,-0.43999999999999995,2.5,0.07262642212470362
0,0.6000000000000001,-0.42000000000000004,2.5,0.07728331957670356
0,0.6000000000000001,-0.4,2.5,0.08229248970634061
0,0.6000000000000001,-0.38,2.5,0.08768266009094333
0,0.6000000000000001,-0.36,2.5,0.09348188330222666
0,0.6000000000000001,-0.33999999999999997,2.5,0.09971695432530295
0,0.6000000000000001,-0.31999999999999995,2.5,0.10641276907137917
0,0.6000000000000001,-0.29999999999999993,2.5,0.11359163213348243
0,0.6000000000000001,-0.28,2.5,0.12127252445093532
0,0.6000000000000001,-0.26,2.5,0.12947034400624163
0,0.6000000000000001,-0.24,2.5,0.13819513499069963
0,0.6000000000000001,-0.21999999999999997,2.5,0.1474513229521899
0,0.6000000000000001,-0.19999999999999996,2.5,0.15723697518915697
0,0.6000000000000001,-0.17999999999999994,2.5,0.16754310699016595
0,0.6000000000000001,-0.16000000000000003,2.5,0.17835305515562877
0,0.6000000000000001,-0.14,2.5,0.18964194050385158
0,0.6000000000000001,-0.12,2.5,0.20137624069701412
0,0.6000000000000001,-0.09999999999999998,2.5,0.21351349368033307
0,0.6000000000000001,-0.07999999999999996,2.5,0.22600215028574233
0,0.6000000000000001,-0.05999999999999994,2.5,0.23878159210899944
0,0.6000000000000001,-0.040000000000000036,2.5,0.2517823276501117
0,0.6000000000000001,-0.020000000000000018,2.5,0.26492637596139335
0,0.6000000000000001,0.0,2.5,0.27812784275158736
0,0.6000000000000001,0.020000000000000018,2.5,0.291293689149934
0,0.6000000000000001,0.040000000000000036,2.5,0.30432468826567916
0,0.6000000000000001,0.06000000000000005,2.5,0.3171165594310321
0,0.6000000000000001,0.08000000000000007,2.5,0.32956126474932285
0,0.6000000000000001,0.10000000000000009,2.5,0.3415484474555522
0,0.6000000000000001,0.1200000000000001,2.5,0.3529669868082703
0,0.6000000000000001,0.14000000000000012,2.5,0.3637066399417822
0,0.6000000000000001,0.15999999999999992,2.5,0.3736597374786801
0,0.6000000000000001,0.17999999999999994,2.5,0.3827228968810518
0,0.6000000000000001,0.19999999999999996,2.5,0.3907987156282126
0,0.6000000000000001,0.21999999999999997,2.5,0.3977974054449983
0,0.6000000000000001,0.24,2.5,0.4036383290301442
0,0.6000000000000001,0.26,2.5,0.4082514020752676
0,0.6000000000000001,0.28,2.5,0.4115783258094167
0,0.6000000000000001,0.30000000000000004,2.5,0.41357361880111576
0,0.6000000000000001,0.32000000000000006,2.5,0.4142054212109189
0,0.6000000000000001,0.3400000000000001,2.5,0.41345604998933566
0,0.6000000000000001,0.3600000000000001,2.5,0.4113222895036226
0,0.6000000000000001,0.3800000000000001,2.5,0.4078154085731596
0,0.6000000000000001,0.40000000000000013,2.5,0.40296090169895876
0,0.6000000000000001,0.41999999999999993,2.5,0.39679795917882216
0,0.6000000000000001,0.43999999999999995,2.5,0.38937867759239836
0,0.6000000000000001,0.45999999999999996,2.5,0.38076702861039646
0,0.6000000000000001,0.48,2.5,0.371037610031515
0,0.6000000000000001,0.5,2.5,0.36027420819975936
0,0.6000000000000001,0.52,2.5,0.3485682053492592
0,0.6000000000000001,0.54,2.5,0.33601686883925747
0,0.6000000000000001,0.56,2.5,0.32272156158904824
0,0.6000000000000001,0.5800000000000001,2.5,0.30878591424929486
0,0.6000000000000001,0.6000000000000001,2.5,0.2943139997395769
0,0.6000000000000001,0.6200000000000001,2.5,0.27940854976875756
0,0.6000000000000001,0.6400000000000001,2.5,0.26416925089942994
0,0.6000000000000001,0.6600000000000001,2.5,0.24869115472009146
0,0.6000000000000001,0.6799999999999999,2.5,0.23306323287954767
0,0.6000000000000001,0.7,2.5,0.2173671032734245
0,0.6000000000000001,0.72,2.5,0.20167594872711786
0,0.6000000000000001,0.74,2.5,0.18605364427829463
0,0.6000000000000001,0.76,2.5,0.1705541038126957
0,0.6000000000000001,0.78,2.5,0.15522085153047974
0,0.6000000000000001,0.8,2.5,0.14008681868271008
0,0.6000000000000001,0.8200000000000001,2.5,0.12517436136190188
0,0.6000000000000001,0.8400000000000001,2.5,0.1104954909704218
0,0.6000000000000001,0.8600000000000001,2.5,0.09605230540514376
0,0.6000000000000001,0.8800000000000001,2.5,0.08183760602812436
0,0.6000000000000001,0.9000000000000001,2.5,0.06783568314577311
0,0.6000000000000001,0.9199999999999999,2.5,0.0540232509625171
0,0.6000000000000001,0.94,2.5,0.04037051174850321
0,0.6000000000000001,0.96,2.5,0.026842328180429982
0,0.6000000000000001,0.98,2.5,0.013399482381728974
0,0.6000000000000001,1.0,2.5,0.0
0,0.6200000000000001,-1.0,2.5,0.0
0,0.6200000000000001,-0.98,2.5,0.001878922553094864
0,0.6200000000000001,-0.96,2.5,0.0037580252564797245
0,0.6200000000000001,-0.94,2.5,0.005637585801449024
0,0.6200000000000001,-0.92,2.5,0.0075180761978080836
0,0.6200000000000001,-0.9,2.5,0.009400258119582512
0,0.6200000000000001,-0.88,2.5,0.011285276328942035
0,0.6200000000000001,-0.86,2.5,0.013174749926775519
0,0.6200000000000001,-0.84,2.5,0.015070861445226139
0,0.6200000000000001,-0.8200000000000001,2.5,0.016976444055542765
0,0.6200000000000001,-0.8,2.5,0.01889506737453961
0,0.6200000000000001,-0.78,2.5,0.020831122477247905
0,0.6200000000000001,-0.76,2.5,0.02278990672978397
0,0.6200000000000001,-0.74,2.5,0.024777708921247647
0,0.6200000000000001,-0.72,2.5,0.026801894883514702
0,0.6200000000000001,-0.7,2.5,0.028870993342109543
0,0.6200000000000001,-0.6799999999999999,2.5,0.030994781151435186
0,0.6200000000000001,-0.6599999999999999,2.5,0.03318436635690448
0,0.6200000000000001,-0.64,2.5,0.03545226672885672
0,0.6200000000000001,-0.62,2.5,0.037812480570857586
0,0.6200000000000001,-0.6,2.5,0.040280545766241765
0,0.6200000000000001,-0.5800000000000001,2.5,0.0428735822428659
0,0.6200000000000001,-0.56,2.5,0.045610312358660816
0,0.6200000000000001,-0.54,2.5,0.04851105318916552
0,0.6200000000000001,-0.52,2.5,0.051597674377747746
0,0.6200000000000001,-0.5,2.5,0.05489351512821846
0,0.6200000000000001,-0.48,2.5,0.05842325410866045
0,0.6200000000000001,-0.45999999999999996,2.5,0.062212726516085004
0,0.6200000000000001,-0.43999999999999995,2.5,0.06628868333572997
0,0.6200000000000001,-0.42000000000000004,2.5,0.07067848891776529
0,0.6200000000000001,-0.4,2.5,0.07540975437857265
0,0.6200000000000001,-0.38,2.5,0.08050990599352739
0,0.6200000000000001,-0.36,2.5,0.08600568965252446
0,0.6200000000000001,-0.33999999999999997,2.5,0.09192261455704856
0,0.6200000000000001,-0.31999999999999995,2.5,0.098284341596969
0,0.6200000000000001,-0.29999999999999993,2.5,0.10511202419559451
0,0.6200000000000001,-0.28,2.5,0.11242361178348653
0,0.6200000000000001,-0.26,2.5,0.12023312837855125
0,0.6200000000000001,-0.24,2.5,0.12854994092996208
0,0.6200000000000001,-0.21999999999999997,2.5,0.13737803404109428
0,0.6200000000000001,-0.19999999999999996,2.5,0.14671530933566856
0,0.6200000000000001,-0.17999999999999994,2.5,0.15655292898762377
0,0.6200000000000001,-0.16000000000000003,2.5,0.16687472372019516
0,0.6200000000000001,-0.14,2.5,0.17765668582346764
0,0.6200000000000001,-0.12,2.5,0.18886656738488727
0,0.6200000000000001,-0.09999999999999998,2.5,0.20046360293229226
0,0.6200000000000001,-0.07999999999999996,2.5,0.21239837403135045
0,0.6200000000000001,-0.05999999999999994,2.5,0.22461283105789018
0,0.6200000000000001,-0.040000000000000036,2.5,0.2370404844031148
0,0.6200000000000001,-0.020000000000000018,2.5,0.2496067738134914
0,0.6200000000000001,0.0,2.5,0.2622296204895558
0,0.6200000000000001,0.020000000000000018,2.5,0.2748201620653472
0,0.6200000000000001,0.040000000000000036,2.5,0.2872836657811364
0,0.6200000000000001,0.06000000000000005,2.5,0.29952061018386444
0,0.6200000000000001,0.08000000000000007,2.5,0.3114279206943836
0,0.6200000000000001,0.10000000000000009,2.5,0.32290033952997493
0,0.6200000000000001,0.1200000000000001,2.5,0.3338319059303548
0,0.6200000000000001,0.14000000000000012,2.5,0.3441175185687279
0,0.6200000000000001,0.15999999999999992,2.5,0.3536545485906869
0,0.6200000000000001,0.17999999999999994,2.5,0.36234446905180817
0,0.6200000000000001,0.19999999999999996,2.5,0.3700944647370933
0,0.6200000000000001,0.21999999999999997,2.5,0.3768189855325805
0,0.6200000000000001,0.24,2.5,0.38244120674081533
0,0.6200000000000001,0.26,2.5,0.3868943610122624
0,0.6200000000000001,0.28,2.5,0.3901229088925499
0,0.6200000000000001,0.30000000000000004,2.5,0.3920835183122953
0,0.6200000000000001,0.32000000000000006,2.5,0.39274582758807675
0,0.6200000000000001,0.3400000000000001,2.5,0.3920929715427246
0,0.6200000000000001,0.3600000000000001,2.5,0.39012185604423966
0,0.6200000000000001,0.3800000000000001,2.5,0.3868431724350606
0,0.6200000000000001,0.40000000000000013,2.5,0.38228114978910943
0,0.6200000000000001,0.41999999999999993,2.5,0.3764730494940843
0,0.6200000000000001,0.43999999999999995,2.5,0.36946841310821255
0,0.6200000000000001,0.45999999999999996,2.5,0.36132808058522853
0,0.6200000000000001,0.48,2.5,0.35212300161066856
0,0.6200000000000001,0.5,2.5,0.34193286777632
0,0.6200000000000001,0.52,2.5,0.33084459749112893
0,0.6200000000000001,0.54,2.5,0.3189507087681804
0,0.6200000000000001,0.56,2.5,0.3063476172535226
0,0.6200000000000001,0.5800000000000001,2.5,0.29313389802429163
0,0.6200000000000001,0.6000000000000001,2.5,0.27940854976875756
0,0.6200000000000001,0.6200000000000001,2.5,0.26526929899484386
0,0.6200000000000001,0.6400000000000001,2.5,0.2508109799578303
0,0.6200000000000001,0.6600000000000001,2.5,0.23612402314715633
0,0.6200000000000001,0.6799999999999999,2.5,0.22129308155077426
0,0.6200000000000001,0.7,2.5,0.20639581967162252
0,0.6200000000000001,0.72,2.5,0.19150188557033995
0,0.6200000000000001,0.74,2.5,0.17667208122733724
0,0.6200000000000001,0.76,2.5,0.16195774143389544
0,0.6200000000000001,0.78,2.5,0.1474003264080384
0,0.6200000000000001,0.8,2.5,0.13303122854419971
0,0.6200000000000001,0.8200000000000001,2.5,0.1188717892820943
0,0.6200000000000001,0.8400000000000001,2.5,0.10493351812759556
0,0.6200000000000001,0.8600000000000001,2.5,0.09121850245199964
0,0.6200000000000001,0.8800000000000001,2.5,0.07771999387570899
0,0.6200000000000001,0.9000000000000001,2.5,0.06442315481242245
0,0.6200000000000001,0.9199999999999999,2.5,0.051305947081338246
0,0.6200000000000001,0.94,2.5,0.038340143329876945
0,0.6200000000000001,0.96,2.5,0.02549244126816389
0,0.6200000000000001,0.98,2.5,0.01272566030546106
0,0.6200000000000001,1.0,2.5,0.0
0,0.6400000000000001,-1.0,2.5,0.0
0,0.6400000000000001,-0.98,2.5,0.00167011363022673
0,0.6400000000000001,-0.96,2.5,0.0033405696954212556
0,0.6400000000000001,-0.94,2.5,0.005011802491178876
0,0.6400000000000001,-0.92,2.5,0.006684429401982725
0,0.6400000000000001,-0.9,2.5,0.008359340946443302
0,0.6400000000000001,-0.88,2.5,0.010037789241562605
0,0.6400000000000001,-0.86,2.5,0.011721474691347008
0,0.6400000000000001,-0.84,2.5,0.01341263093085761
0,0.6400000000000001,-0.8200000000000001,2.5,0.015114108271989007
0,0.6400000000000001,-0.8,2.5,0.016829456067101366
0,0.6400000000000001,-0.78,2.5,0.018563004497888166
0,0.6400000000000001,-0.76,2.5,0.02031994628112489
0,0.6400000000000001,-0.74,2.5,0.02210641863932848
0,0.6400000000000001,-0.72,2.5,0.023929585601584456
0,0.6400000000000001,-0.7,2.5,0.02579772027743696
0,0.6400000000000001,-0.6799999999999999,2.5,0.027720286195563798
0,0.6400000000000001,-0.6599999999999999,2.5,0.029708016140459273
0,0.6400000000000001,-0.64,2.5,0.03177298618546333
0,0.6400000000000001,-0.62,2.5,0.03392868184775002
0,0.6400000000000001,-0.6,2.5,0.036190052524216774
0,0.6400000000000001,-0.5800000000000001,2.5,0.03857354965338718
0,0.6400000000000001,-0.56,2.5,0.04109714343466384
0,0.6400000000000001,-0.54,2.5,0.043780312467851044
0,0.6400000000000001,-0.52,2.5,0.04664400039412771
0,0.6400000000000001,-0.5,2.5,0.049710533560172486
0,0.6400000000000001,-0.48,2.5,0.053003493918357146
0,0.6400000000000001,-0.45999999999999996,2.5,0.05654754183803164
0,0.6400000000000001,-0.43999999999999995,2.5,0.06036818424710809
0,0.6400000000000001,-0.42000000000000004,2.5,0.06449148455103741
0,0.6400000000000001,-0.4,2.5,0.06894371207959289
0,0.6400000000000001,-0.38,2.5,0.07375093037229766
0,0.6400000000000001,-0.36,2.5,0.07893852540244439
0,0.6400000000000001,-0.33999999999999997,2.5,0.08453067681912398
0,0.6400000000000001,-0.31999999999999995,2.5,0.09054977740857896
0,0.6400000000000001,-0.29999999999999993,2.5,0.09701580818361241
0,0.6400000000000001,-0.28,2.5,0.1039456787376657
0,0.6400000000000001,-0.26,2.5,0.11135254467658484
0,0.6400000000000001,-0.24,2.5,0.11924511598878884
0,0.6400000000000001,-0.21999999999999997,2.5,0.12762697205301868
0,0.6400000000000001,-0.19999999999999996,2.5,0.1364959005307386
0,0.6400000000000001,-0.17999999999999994,2.5,0.14584327856818
0,0.6400000000000001,-0.16000000000000003,2.5,0.15565351546661801
0,0.6400000000000001,-0.14,2.5,0.16590357620276053
0,0.6400000000000001,-0.12,2.5,0.17656260483979563
0,0.6400000000000001,-0.09999999999999998,2.5,0.1875916659243457
0,0.6400000000000001,-0.07999999999999996,2.5,0.19894362039386848
0,0.6400000000000001,-0.05999999999999994,2.5,0.2105631503219439
0,0.6400000000000001,-0.040000000000000036,2.5,0.22238694402671152
0,0.6400000000000001,-0.020000000000000018,2.5,0.23434404970521924
0,0.6400000000000001,0.0,2.5,0.24635640190194585
0,0.6400000000000001,0.020000000000000018,2.5,0.2583395208643129
0,0.6400000000000001,0.040000000000000036,2.5,0.2702033802935395
0,0.6400000000000001,0.06000000000000005,2.5,0.2818534342954754
0,0.6400000000000001,0.08000000000000007,2.5,0.2931917896168457
0,0.6400000000000001,0.10000000000000009,2.5,0.30411850467052537
0,0.6400000000000001,0.1200000000000001,2.5,0.3145329925655988
0,0.6400000000000001,0.14000000000000012,2.5,0.32433550151832535
0,0.6400000000000001,0.15999999999999992,2.5,0.33342864277450707
0,0.6400000000000001,0.17999999999999994,2.5,0.34171893365343475
0,0.6400000000000001,0.19999999999999996,2.5,0.3491183216395056
0,0.6400000000000001,0.21999999999999997,2.5,0.35554565468538174
0,0.6400000000000001,0.24,2.5,0.3609280631061801
0,0.6400000000000001,0.26,2.5,0.36520221966107425
0,0.6400000000000001,0.28,2.5,0.36831544662575355
0,0.6400000000000001,0.30000000000000004,2.5,0.37022664181064613
0,0.6400000000000001,0.32000000000000006,2.5,0.3709069994960502
0,0.6400000000000001,0.3400000000000001,2.5,0.37034050702551136
0,0.6400000000000001,0.3600000000000001,2.5,0.36852420318451046
0,0.6400000000000001,0.3800000000000001,2.5,0.36546819033182276
0,0.6400000000000001,0.40000000000000013,2.5,0.3611953983678992
0,0.6400000000000001,0.41999999999999993,2.5,0.35574110483018945
0,0.6400000000000001,0.43999999999999995,2.5,0.34915222150781255
0,0.6400000000000001,0.45999999999999996,2.5,0.34148636377931646
0,0.6400000000000001,0.48,2.5,0.33281072421963653
0,0.6400000000000001,0.5,2.5,0.32320077673468706
0,0.6400000000000001,0.52,2.5,0.3127388414256181
0,0.6400000000000001,0.54,2.5,0.3015125434481945
0,0.6400000000000001,0.56,2.5,0.28961320123568524
0,0.6400000000000001,0.5800000000000001,2.5,0.27713418054952066
0,0.6400000000000001,0.6000000000000001,2.5,0.26416925089942994
0,0.6400000000000001,0.6200000000000001,2.5,0.2508109799578303
0,0.6400000000000001,0.6400000000000001,2.5,0.23714919974006332
0,0.6400000000000001,0.6600000000000001,2.5,0.22326957562245206
0,0.6400000000000001,0.6799999999999999,2.5,0.20925230584165788
0,0.6400000000000001,0.7,2.5,0.19517097510174877
0,0.6400000000000001,0.72,2.5,0.1810915814666659
0,0.6400000000000001,0.74,2.5,0.1670717510018958
0,0.6400000000000001,0.76,2.5,0.1531601498186412
0,0.6400000000000001,0.78,2.5,0.13939609842929404
0,0.6400000000000001,0.8,2.5,0.12580938879371245
0,0.6400000000000001,0.8200000000000001,2.5,0.11242030025023732
0,0.6400000000000001,0.8400000000000001,2.5,0.09923980678560963
0,0.6400000000000001,0.8600000000000001,2.5,0.08626996487505352
0,0.6400000000000001,0.8800000000000001,2.5,0.07350446845548655
0,0.6400000000000001,0.9000000000000001,2.5,0.060929355485167494
0,0.6400000000000001,0.9199999999999999,2.5,0.048523848964600796
0,0.6400000000000001,0.94,2.5,0.03626131419148517
0,0.6400000000000001,0.96,2.5,0.02411031332136832
0,0.6400000000000001,0.98,2.5,0.012035737916946614
0,0.6400000000000001,1.0,2.5,0.0
0,0.6600000000000001,-1.0,2.5,0.0
0,0.6600000000000001,-0.98,2.5,0.0014805552176054308
0,0.6600000000000001,-0.96,2.5,0.002961581240642318
0,0.6600000000000001,-0.94,2.5,0.0044436350420938055
0,0.6600000000000001,-0.92,2.5,0.005927445411910977
0,0.6600000000000001,-0.9,2.5,0.007413997639931544
0,0.6600000000000001,-0.88,2.5,0.008904616913990039
0,0.6600000000000001,-0.86,2.5,0.010401050287179872
0,0.6600000000000001,-0.84,2.5,0.011905547257864635
0,0.6600000000000001,-0.8200000000000001,2.5,0.013420939183815815
0,0.6600000000000001,-0.8,2.5,0.01495071788702611
0,0.6600000000000001,-0.78,2.5,0.01649911386901473
0,0.6600000000000001,-0.76,2.5,0.018071174522801187
0,0.6600000000000001,-0.74,2.5,0.019672842578914804
0,0.6600000000000001,-0.72,2.5,0.021311034749152573
0,0.6600000000000001,-0.7,2.5,0.022993720133328264
0,0.6600000000000001,-0.6799999999999999,2.5,0.024729997441035174
0,0.6600000000000001,-0.6599999999999999,2.5,0.026530169472144587
0,0.6600000000000001,-0.64,2.5,0.028405812624555722
0,0.6600000000000001,-0.62,2.5,0.030369838490634026
0,0.6600000000000001,-0.6,2.5,0.03243654390472438
0,0.6600000000000001,-0.5800000000000001,2.5,0.034621645155673064
0,0.6600000000000001,-0.56,2.5,0.03694229152346888
0,0.6600000000000001,-0.54,2.5,0.03941705287931658
0,0.6600000000000001,-0.52,2.5,0.042065875841557486
0,0.6600000000000001,-0.5,2.5,0.04491000293860887
0,0.6600000000000001,-0.48,2.5,0.04797184942081056
0,0.6600000000000001,-0.45999999999999996,2.5,0.05127483280459931
0,0.6600000000000001,-0.43999999999999995,2.5,0.054843150935389
0,0.6600000000000001,-0.42000000000000004,2.5,0.058701505321752154
0,0.6600000000000001,-0.4,2.5,0.06287476771564904
0,0.6600000000000001,-0.38,2.5,0.06738758937484439
0,0.6600000000000001,-0.36,2.5,0.072263954118158
0,0.6600000000000001,-0.33999999999999997,2.5,0.07752667813635097
0,0.6600000000000001,-0.31999999999999995,2.5,0.0831968615067315
0,0.6600000000000001,-0.29999999999999993,2.5,0.08929329842492405
0,0.6600000000000001,-0.28,2.5,0.09583185525190735
0,0.6600000000000001,-0.26,2.5,0.10282482751103253
0,0.6600000000000001,-0.24,2.5,0.11028028888585907
0,0.6600000000000001,-0.21999999999999997,2.5,0.11820144698970933
0,0.6600000000000001,-0.19999999999999996,2.5,0.12658602212539605
0,0.6600000000000001,-0.17999999999999994,2.5,0.13542566635395675
0,0.6600000000000001,-0.16000000000000003,2.5,0.14470544087448056
0,0.6600000000000001,-0.14,2.5,0.15440336992110165
0,0.6600000000000001,-0.12,2.5,0.16449008905681747
0,0.6600000000000001,-0.09999999999999998,2.5,0.1749286048498718
0,0.6600000000000001,-0.07999999999999996,2.5,0.18567418143679876
0,0.6600000000000001,-0.05999999999999994,2.5,0.19667436740585506
0,0.6600000000000001,-0.040000000000000036,2.5,0.2078691737954951
0,0.6600000000000001,-0.020000000000000018,2.5,0.2191914108368273
0,0.6600000000000001,0.0,2.5,0.2305671874408929
0,0.6600000000000001,0.020000000000000018,2.5,0.2419165734267995
0,0.6600000000000001,0.040000000000000036,2.5,0.2531544202105189
0,0.6600000000000001,0.06000000000000005,2.5,0.26419133124864075
0,0.6600000000000001,0.08000000000000007,2.5,0.2749347690918298
0,0.6600000000000001,0.10000000000000009,2.5,0.28529028159304615
0,0.6600000000000001,0.1200000000000001,2.5,0.2951628257830574
0,0.6600000000000001,0.14000000000000012,2.5,0.3044581643156089
0,0.6600000000000001,0.15999999999999992,2.5,0.31308430633397705
0,0.6600000000000001,0.17999999999999994,2.5,0.3209529622430546
0,0.6600000000000001,0.19999999999999996,2.5,0.32798098029098915
0,0.6600000000000001,0.21999999999999997,2.5,0.33409173215222693
0,0.6600000000000001,0.24,2.5,0.339216414912276
0,0.6600000000000001,0.26,2.5,0.3432952380055338
0,0.6600000000000001,0.28,2.5,0.34627846574065596
0,0.6600000000000001,0.30000000000000004,2.5,0.3481272890199626
0,0.6600000000000001,0.32000000000000006,2.5,0.348814503645295
0,0.6600000000000001,0.3400000000000001,2.5,0.3483249770981218
0,0.6600000000000001,0.3600000000000001,2.5,0.346655890756194
0,0.6600000000000001,0.3800000000000001,2.5,0.3438167500110406
0,0.6600000000000001,0.40000000000000013,2.5,0.33982916051259715
0,0.6600000000000001,0.41999999999999993,2.5,0.3347263746120792
0,0.6600000000000001,0.43999999999999995,2.5,0.32855261782143746
0,0.6600000000000001,0.45999999999999996,2.5,0.3213622105802061
0,0.6600000000000001,0.48,2.5,0.3132185056509213
0,0.6600000000000001,0.5,2.5,0.30419266590085575
0,0.6600000000000001,0.52,2.5,0.2943623109400418
0,0.6600000000000001,0.54,2.5,0.2838100639685471
0,0.6600000000000001,0.56,2.5,0.2726220321641278
0,0.6600000000000001,0.5800000000000001,2.5,0.2608862549709171
0,0.6600000000000001,0.6000000000000001,2.5,0.24869115472009146
0,0.6600000000000001,0.6200000000000001,2.5,0.23612402314715633
0,0.6600000000000001,0.6400000000000001,2.5,0.22326957562245206
0,0.6600000000000001,0.6600000000000001,2.5,0.21020860236630007
0,0.6600000000000001,0.6799999999999999,2.5,0.19701674268867775
0,0.6600000000000001,0.7,2.5,0.18376340450759482
0,0.6600000000000001,0.72,2.5,0.17051084720826515
0,0.6600000000000001,0.74,2.5,0.15731344146356352
0,0.6600000000000001,0.76,2.5,0.14421711510386206
0,0.6600000000000001,0.78,2.5,0.1312589896543658
0,0.6600000000000001,0.8,2.5,0.1184672078909834
0,0.6600000000000001,0.8200000000000001,2.5,0.10586094882267241
0,0.6600000000000001,0.8400000000000001,2.5,0.09345062298516359
0,0.6600000000000001,0.8600000000000001,2.5,0.08123823789495843
0,0.6600000000000001,0.8800000000000001,2.5,0.06921792099899168
0,0.6600000000000001,0.9000000000000001,2.5,0.05737658546816314
0,0.6600000000000001,0.9199999999999999,2.5,0.045694722696146
0,0.6600000000000001,0.94,2.5,0.034147304326926996
0,0.6600000000000001,0.96,2.5,0.022704775974237444
0,0.6600000000000001,0.98,2.5,0.01133412443001254
0,0.6600000000000001,1.0,2.5,0.0
0,0.6799999999999999,-1.0,2.5,0.0
0,0.6799999999999999,-0.98,2.5,0.0013088573388763036
0,0.6799999999999999,-0.96,2.5,0.0026182832155022106
0,0.6799999999999999,-0.94,2.5,0.003928926653732048
0,0.6799999999999999,-0.92,2.5,0.0052415972302566
0,0.6799999999999999,-0.9,2.5,0.006557344361842376
0,0.6799999999999999,-0.88,2.5,0.00787753556308573
0,0.6799999999999999,-0.86,2.5,0.009203933569754078
0,0.6799999999999999,-0.84,2.5,0.010538772380864262
0,0.6799999999999999,-0.8200000000000001,2.5,0.011884832417972412
0,0.6799999999999999,-0.8,2.5,0.013245515105631213
0,0.6799999999999999,-0.78,2.5,0.014624917216839377
0,0.6799999999999999,-0.76,2.5,0.016027905279635338
0,0.6799999999999999,-0.74,2.5,0.01746019018985591
0,0.6799999999999999,-0.72,2.5,0.018928401912233148
0,0.6799999999999999,-0.7,2.5,0.02044016377783921
0,0.6799999999999999,-0.6799999999999999,2.5,0.022004165409773003
0,0.6799999999999999,-0.6599999999999999,2.5,0.023630232748872694
0,0.6799999999999999,-0.64,2.5,0.025329393032717005
0,0.6799999999999999,-0.62,2.5,0.027113931936006815
0,0.6799999999999999,-0.6,2.5,0.02899743944476807
0,0.6799999999999999,-0.5800000000000001,2.5,0.030994840449314606
0,0.6799999999999999,-0.56,2.5,0.03312240554067235
0,0.6799999999999999,-0.54,2.5,0.03539773711990962
0,0.6799999999999999,-0.52,2.5,0.03783972571416333
0,0.6799999999999999,-0.5,2.5,0.040468471367147985
0,0.6799999999999999,-0.48,2.5,0.04330516515985229
0,0.6799999999999999,-0.45999999999999996,2.5,0.04637192633648725
0,0.6799999999999999,-0.43999999999999995,2.5,0.04969159117157371
0,0.6799999999999999,-0.42000000000000004,2.5,0.053287450618315836
0,0.6799999999999999,-0.4,2.5,0.05718293491963727
0,0.6799999999999999,-0.38,2.5,0.06140124472629376
0,0.6799999999999999,-0.36,2.5,0.06596492982736915
0,0.6799999999999999,-0.33999999999999997,2.5,0.07089541832450567
0,0.6799999999999999,-0.31999999999999995,2.5,0.07621250093120287
0,0.6799999999999999,-0.29999999999999993,2.5,0.08193377700318186
0,0.6799999999999999,-0.28,2.5,0.08807407084859072
0,0.6799999999999999,-0.26,2.5,0.09464482876491759
0,0.6799999999999999,-0.24,2.5,0.10165350903525427
0,0.6799999999999999,-0.21999999999999997,2.5,0.10910297871936209
0,0.6799999999999999,-0.19999999999999996,2.5,0.11699093242330835
0,0.6799999999999999,-0.17999999999999994,2.5,0.12530934925536413
0,0.6799999999999999,-0.16000000000000003,2.5,0.1340440048098482
0,0.6799999999999999,-0.14,2.5,0.1431740552064467
0,0.6799999999999999,-0.12,2.5,0.152671709902267
0,0.6799999999999999,-0.09999999999999998,2.5,0.16250200915271296
0,0.6799999999999999,-0.07999999999999996,2.5,0.17262272060618036
0,0.6799999999999999,-0.05999999999999994,2.5,0.18298436757559597
0,0.6799999999999999,-0.040000000000000036,2.5,0.1935303990556621
0,0.6799999999999999,-0.020000000000000018,2.5,0.20419750858769076
0,0.6799999999999999,0.0,2.5,0.21491610567428918
0,0.6799999999999999,0.020000000000000018,2.5,0.2256109396941281
0,0.6799999999999999,0.040000000000000036,2.5,0.23620187226121833
0,0.6799999999999999,0.06000000000000005,2.5,0.2466047898279263
0,0.6799999999999999,0.08000000000000007,2.5,0.256732644173114
0,0.6799999999999999,0.10000000000000009,2.5,0.2664966043810563
0,0.6799999999999999,0.1200000000000001,2.5,0.275807300141198
0,0.6799999999999999,0.14000000000000012,2.5,0.2845761328193564
0,0.6799999999999999,0.15999999999999992,2.5,0.2927166278961804
0,0.6799999999999999,0.17999999999999994,2.5,0.30014580015423103
0,0.6799999999999999,0.19999999999999996,2.5,0.3067855015187378
0,0.6799999999999999,0.21999999999999997,2.5,0.3125637207943128
0,0.6799999999999999,0.24,2.5,0.3174158047399436
0,0.6799999999999999,0.26,2.5,0.32128557100796523
0,0.6799999999999999,0.28,2.5,0.3241262854295482
0,0.6799999999999999,0.30000000000000004,2.5,0.32590147891896737
0,0.6799999999999999,0.32000000000000006,2.5,0.32658558282120537
0,0.6799999999999999,0.3400000000000001,2.5,0.32616436574436425
0,0.6799999999999999,0.3600000000000001,2.5,0.3246351596776864
0,0.6799999999999999,0.3800000000000001,2.5,0.3220068683555737
0,0.6799999999999999,0.40000000000000013,2.5,0.31829975623082307
0,0.6799999999999999,0.41999999999999993,2.5,0.3135450219002906
0,0.6799999999999999,0.43999999999999995,2.5,0.3077841652142015
0,0.6799999999999999,0.45999999999999996,2.5,0.3010681624303342
0,0.6799999999999999,0.48,2.5,0.2934564684894147
0,0.6799999999999999,0.5,2.5,0.28501586964613884
0,0.6799999999999999,0.52,2.5,0.27581921316891883
0,0.6799999999999999,0.54,2.5,0.2659440435224696
0,0.6799999999999999,0.56,2.5,0.25547117629986005
0,0.6799999999999999,0.5800000000000001,2.5,0.24448324213367664
0,0.6799999999999999,0.6000000000000001,2.5,0.23306323287954767
0,0.6799999999999999,0.6200000000000001,2.5,0.22129308155077426
0,0.6799999999999999,0.6400000000000001,2.5,0.20925230584165788
0,0.6799999999999999,0.6600000000000001,2.5,0.19701674268867775
0,0.6799999999999999,0.6799999999999999,2.5,0.18465739828684505
0,0.6799999999999999,0.7,2.5,0.1722394344272964
0,0.6799999999999999,0.72,2.5,0.15982130809010067
0,0.6799999999999999,0.74,2.5,0.14745407706040187
0,0.6799999999999999,0.76,2.5,0.1351808800852332
0,0.6799999999999999,0.78,2.5,0.12303659589628028
0,0.6799999999999999,0.8,2.5,0.11104768142222447
0,0.6799999999999999,0.8200000000000001,2.5,0.09923218581660542
0,0.6799999999999999,0.8400000000000001,2.5,0.0875999336234593
0,0.6799999999999999,0.8600000000000001,2.5,0.07615286755608969
0,0.6799999999999999,0.8800000000000001,2.5,0.06488553900745733
0,0.6799999999999999,0.9000000000000001,2.5,0.0537857325473805
0,0.6799999999999999,0.9199999999999999,2.5,0.042835209267696094
0,0.6799999999999999,0.94,2.5,0.03201055286338316
0,0.6799999999999999,0.96,2.5,0.021284101718635907
0,0.6799999999999999,0.98,2.5,0.01062494992378833
0,0.6799999999999999,1.0,2.5,0.0
0,0.7,-1.0,2.5,0.0
0,0.7,-0.98,2.5,0.0011536546787161092
0,0.7,-0.96,2.5,0.0023079481406846577
0,0.7,-0.94,2.5,0.00346359400745563
0,0.7,-0.92,2.5,0.0046214552424818185
0,0.7,-0.9,2.5,0.005782618035372367
0,0.7,-0.88,2.5,0.006948464874826828
0,0.7,-0.86,2.5,0.008120746739613004
0,0.7,-0.84,2.5,0.00930165446763861
0,0.7,-0.8200000000000001,2.5,0.010493889480560147
0,0.7,-0.8,2.5,0.011700734121680326
0,0.7,-0.78,2.5,0.012926121885512147
0,0.7,-0.76,2.5,0.01417470775916007
0,0.7,-0.74,2.5,0.015451938744765048
0,0.7,-0.72,2.5,0.016764124381667075
0,0.7,-0.7,2.5,0.01811850673734859
0,0.7,-0.6799999999999999,2.5,0.019523328896309082
0,0.7,-0.6599999999999999,2.5,0.02098790046212712
0,0.7,-0.64,2.5,0.02252265802325243
0,0.7,-0.62,2.5,0.02413921794624609
0,0.7,-0.6,2.5,0.025850418283943803
0,0.7,-0.5800000000000001,2.5,0.02767034605530287
0,0.7,-0.56,2.5,0.029614345703955894
0,0.7,-0.54,2.5,0.03169900420799302
0,0.7,-0.52,2.5,0.03394210812576869
0,0.7,-0.5,2.5,0.036362567849061694
0,0.7,-0.48,2.5,0.03898030451800813
0,0.7,-0.45999999999999996,2.5,0.041816095448096696
0,0.7,-0.43999999999999995,2.5,0.044891374537571443
0,0.7,-0.42000000000000004,2.5,0.04822798496589228
0,0.7,-0.4,2.5,0.05184788255475976
0,0.7,-0.38,2.5,0.05577278942889458
0,0.7,-0.36,2.5,0.06002379906238263
0,0.7,-0.33999999999999997,2.5,0.06462093539791182
0,0.7,-0.31999999999999995,2.5,0.06958267044263179
0,0.7,-0.29999999999999993,2.5,0.07492540653011087
0,0.7,-0.28,2.5,0.08066293124052773
0,0.7,-0.26,2.5,0.08680585473251724
0,0.7,-0.24,2.5,0.09336104089712541
0,0.7,-0.21999999999999997,2.5,0.10033104523138346
0,0.7,-0.19999999999999996,2.5,0.1077135735794705
0,0.7,-0.17999999999999994,2.5,0.11550097683816744
0,0.7,-0.16000000000000003,2.5,0.12367979730921744
0,0.7,-0.14,2.5,0.13223038254999223
0,0.7,-0.12,2.5,0.14112658228077146
0,0.7,-0.09999999999999998,2.5,0.15033554311949363
0,0.7,-0.07999999999999996,2.5,0.15981761461526534
0,0.7,-0.05999999999999994,2.5,0.16952637823926495
0,0.7,-0.040000000000000036,2.5,0.1794088086833488
0,0.7,-0.020000000000000018,2.5,0.1894055740493425
0,0.7,0.0,2.5,0.19945147834173887
0,0.7,0.020000000000000018,2.5,0.20947604617813453
0,0.7,0.040000000000000036,2.5,0.21940424589714685
0,0.7,0.06000000000000005,2.5,0.22915734337943067
0,0.7,0.08000000000000007,2.5,0.23865387502188315
0,0.7,0.10000000000000009,2.5,0.2478107245438714
0,0.7,0.1200000000000001,2.5,0.25654428478599955
0,0.7,0.14000000000000012,2.5,0.26477168251335537
0,0.7,0.15999999999999992,2.5,0.2724120415761644
0,0.7,0.17999999999999994,2.5,0.27938775771918245
0,0.7,0.19999999999999996,2.5,0.2856257569581268
0,0.7,0.21999999999999997,2.5,0.2910587088272593
0,0.7,0.24,2.5,0.2956261659927954
0,0.7,0.26,2.5,0.2992756027412208
0,0.7,0.28,2.5,0.301963326680571
0,0.7,0.30000000000000004,2.5,0.30365524059839505
0,0.7,0.32000000000000006,2.5,0.3043274347368263
0,0.7,0.3400000000000001,2.5,0.3039665936815427
0,0.7,0.3600000000000001,2.5,0.302570206503363
0,0.7,0.3800000000000001,2.5,0.30014657360618313
0,0.7,0.40000000000000013,2.5,0.2967146087764138
0,0.7,0.41999999999999993,2.5,0.2923034400421111
0,0.7,0.43999999999999995,2.5,0.2869518179767932
0,0.7,0.45999999999999996,2.5,0.28070734486867055
0,0.7,0.48,2.5,0.27362554257431215
0,0.7,0.5,2.5,0.26576878075407595
0,0.7,0.52,2.5,0.2572050904308102
0,0.7,0.54,2.5,0.24800689033175477
0,0.7,0.56,2.5,0.23824965520018368
0,0.7,0.5800000000000001,2.5,0.2280105561599425
0,0.7,0.6000000000000001,2.5,0.2173671032734245
0,0.7,0.6200000000000001,2.5,0.20639581967162252
0,0.7,0.6400000000000001,2.5,0.19517097510174877
0,0.7,0.6600000000000001,2.5,0.18376340450759482
0,0.7,0.6799999999999999,2.5,0.1722394344272964
0,0.7,0.7,2.5,0.16065993667813047
0,0.7,0.72,2.5,0.14907952512776468
0,0.7,0.74,2.5,0.1375459074632102
0,0.7,0.76,2.5,0.12609939990149371
0,0.7,0.78,2.5,0.11477260887377629
0,0.7,0.8,2.5,0.10359027998019792
0,0.7,0.8200000000000001,2.5,0.09256931106202358
0,0.7,0.8400000000000001,2.5,0.08171892315474535
0,0.7,0.8600000000000001,2.5,0.07104098042919661
0,0.7,0.8800000000000001,2.5,0.060530448028465855
0,0.7,0.9000000000000001,2.5,0.05017597496975713
0,0.7,0.9199999999999999,2.5,0.03996058797960731
0,0.7,0.94,2.5,0.029862481222904157
0,0.7,0.96,2.5,0.01985588630864359
0,0.7,0.98,2.5,0.009912006635330947
0,0.7,1.0,2.5,0.0
0,0.72,-1.0,2.5,0.0
0,0.72,-0.98,2.5,0.0010136140198768026
0,0.72,-0.96,2.5,0.002027912583776475
0,0.72,-0.94,2.5,0.0030436494792185254
0,0.72,-0.92,2.5,0.004061716717958398
0,0.72,-0.9,2.5,0.005083213033205853
0,0.72,-0.88,2.5,0.006109511750078922
0,0.72,-0.86,2.5,0.007142327986801578
0,0.72,-0.84,2.5,0.0081837852512318
0,0.72,-0.8200000000000001,2.5,0.009236481590866675
0,0.72,-0.8,2.5,0.010303555513686493
0,0.72,-0.78,2.5,0.011388751902321364
0,0.72,-0.76,2.5,0.012496488078347755
0,0.72,-0.74,2.5,0.013631920025088042
0,0.72,-0.72,2.5,0.014801008540171853
0,0.72,-0.7,2.5,0.016010584764233737
0,0.72,-0.6799999999999999,2.5,0.017268414127467407
0,0.72,-0.6599999999999999,2.5,0.018583257286149315
0,0.72,-0.64,2.5,0.019964926107582444
0,0.72,-0.62,2.5,0.021424332230057522
0,0.72,-0.6,2.5,0.022973525203832983
0,0.72,-0.5800000000000001,2.5,0.024625716741309787
0,0.72,-0.56,2.5,0.02639528720153404
0,0.72,-0.54,2.5,0.028297770136911753
0,0.72,-0.52,2.5,0.030349810567193807
0,0.72,-0.5,2.5,0.03256909264242176
0,0.72,-0.48,2.5,0.034974232533027436
0,0.72,-0.45999999999999996,2.5,0.03758463275659373
0,0.72,-0.43999999999999995,2.5,0.040420294725695714
0,0.72,-0.42000000000000004,2.5,0.04350158708184827
0,0.72,-0.4,2.5,0.046848968361887976
0,0.72,-0.38,2.5,0.050482663712729775
0,0.72,-0.36,2.5,0.05442229670843519
0,0.72,-0.33999999999999997,2.5,0.05868647880242202
0,0.72,-0.31999999999999995,2.5,0.06329236053254006
0,0.72,-0.29999999999999993,2.5,0.06825515024570218
0,0.72,-0.28,2.5,0.07358760777344305
0,0.72,-0.26,2.5,0.07929952211631613
0,0.72,-0.24,2.5,0.08539718372529036
0,0.72,-0.21999999999999997,2.5,0.09188286334140124
0,0.72,-0.19999999999999996,2.5,0.09875431050913748
0,0.72,-0.17999999999999994,2.5,0.10600428575401837
0,0.72,-0.16000000000000003,2.5,0.11362014095387384
0,0.72,-0.14,2.5,0.12158346258609556
0,0.72,-0.12,2.5,0.12986979225804612
0,0.72,-0.09999999999999998,2.5,0.1384484381947303
0,0.72,-0.07999999999999996,2.5,0.14728239015023775
0,0.72,-0.05999999999999994,2.5,0.15632834852642621
0,0.72,-0.040000000000000036,2.5,0.16553687633995093
0,0.72,-0.020000000000000018,2.5,0.17485268011104083
0,0.72,0.0,2.5,0.1842150228063602
0,0.72,0.020000000000000018,2.5,0.19355826872324863
0,0.72,0.040000000000000036,2.5,0.20281255673884835
0,0.72,0.06000000000000005,2.5,0.2119045947640524
0,0.72,0.08000000000000007,2.5,0.2207585646483929
0,0.72,0.10000000000000009,2.5,0.22929712329450835
0,0.72,0.1200000000000001,2.5,0.2374424824790332
0,0.72,0.14000000000000012,2.5,0.2451175469582385
0,0.72,0.15999999999999992,2.5,0.25224708797266693
0,0.72,0.17999999999999994,2.5,0.2587589273553709
0,0.72,0.19999999999999996,2.5,0.2645851061777109
0,0.72,0.21999999999999997,2.5,0.2696630113001595
0,0.72,0.24,2.5,0.27393643337574874
0,0.72,0.26,2.5,0.2773565307983489
0,0.72,0.28,2.5,0.2798826757882397
0,0.72,0.30000000000000004,2.5,0.28148316122823386
0,0.72,0.32000000000000006,2.5,0.28213574994398716
0,0.72,0.3400000000000001,2.5,0.281828051777232
0,0.72,0.3600000000000001,2.5,0.2805577179246728
0,0.72,0.3800000000000001,2.5,0.2783324464850731
0,0.72,0.40000000000000013,2.5,0.2751697978366995
0,0.72,0.41999999999999993,2.5,0.2710968232130055
0,0.72,0.43999999999999995,2.5,0.26614951450977603
0,0.72,0.45999999999999996,2.5,0.26037208779824356
0,0.72,0.48,2.5,0.25381611710011326
0,0.72,0.5,2.5,0.24653953857898797
0,0.72,0.52,2.5,0.23860554831249522
0,0.72,0.54,2.5,0.23008141914544755
0,0.72,0.56,2.5,0.22103726372539262
0,0.72,0.5800000000000001,2.5,0.21154477165247063
0,0.72,0.6000000000000001,2.5,0.20167594872711786
0,0.72,0.6200000000000001,2.5,0.19150188557033995
0,0.72,0.6400000000000001,2.5,0.1810915814666659
0,0.72,0.6600000000000001,2.5,0.17051084720826515
0,0.72,0.6799999999999999,2.5,0.15982130809010067
0,0.72,0.7,2.5,0.14907952512776468
0,0.72,0.72,2.5,0.1383362491618939
0,0.72,0.74,2.5,0.1276358189031377
0,0.72,0.76,2.5,0.1170157102884864
0,0.72,0.78,2.5,0.10650624088773737
0,0.72,0.8,2.5,0.09613042963205658
0,0.72,0.8200000000000001,2.5,0.08590400893326222
0,0.72,0.8400000000000001,2.5,0.0758355834006143
0,0.72,0.8600000000000001,2.5,0.06592692689585765
0,0.72,0.8800000000000001,2.5,0.05617340762580746
0,0.72,0.9000000000000001,2.5,0.046564529357923434
0,0.72,0.9199999999999999,2.5,0.03708457563699174
0,0.72,0.94,2.5,0.027713343038309798
0,0.72,0.96,2.5,0.018426948956799253
0,0.72,0.98,2.5,0.009198699134497498
0,0.72,1.0,2.5,0.0
0,0.74,-1.0,2.5,0.0
0,0.74,-0.98,2.5,0.0008874401013871912
0,0.74,-0.96,2.5,0.0017755888561237381
0,0.74,-0.94,2.5,0.002665218635718163
0,0.74,-0.92,2.5,0.0035572290457059194
0,0.74,-0.9,2.5,0.00445271007195804
0,0.74,-0.88,2.5,0.0053530047545577416
0,0.74,-0.86,2.5,0.006259771369394543
0,0.74,-0.84,2.5,0.007175045184508454
0,0.74,-0.8200000000000001,2.5,0.008101299931633962
0,0.74,-0.8,2.5,0.009041509175179421
0,0.74,-0.78,2.5,0.009999207753834576
0,0.74,-0.76,2.5,0.010978553399626962
0,0.74,-0.74,2.5,0.011984388495239152
0,0.74,-0.72,2.5,0.01302230170778026
0,0.74,-0.7,2.5,0.014098688937042558
0,0.74,-0.6799999999999999,2.5,0.015220812645905527
0,0.74,-0.6599999999999999,2.5,0.016396858213356284
0,0.74,-0.64,2.5,0.017635985485358982
0,0.74,-0.62,2.5,0.018948373218737755
0,0.74,-0.6,2.5,0.020345253644765256
0,0.74,-0.5800000000000001,2.5,0.02183893395057558
0,0.74,-0.56,2.5,0.023442801116646116
0,0.74,-0.54,2.5,0.02517130628537224
0,0.74,-0.52,2.5,0.027039924695073374
0,0.74,-0.5,2.5,0.02906508721832629
0,0.74,-0.48,2.5,0.031264079711915756
0,0.74,-0.45999999999999996,2.5,0.03365490673162124
0,0.74,-0.43999999999999995,2.5,0.036256116696671024
0,0.74,-0.42000000000000004,2.5,0.03908658630808398
0,0.74,-0.4,2.5,0.04216526292790961
0,0.74,-0.38,2.5,0.045510864701438336
0,0.74,-0.36,2.5,0.04914153943372509
0,0.74,-0.33999999999999997,2.5,0.05307448459021586
0,0.74,-0.31999999999999995,2.5,0.057325532247004166
0,0.74,-0.29999999999999993,2.5,0.06190870433086985
0,0.74,-0.28,2.5,0.06683574501839296
0,0.74,-0.26,2.5,0.07211563865759893
0,0.74,-0.24,2.5,0.07775412298128402
0,0.74,-0.21999999999999997,2.5,0.08375320864235083
0,0.74,-0.19999999999999996,2.5,0.09011071716129045
0,0.74,-0.17999999999999994,2.5,0.09681985017871735
0,0.74,-0.16000000000000003,2.5,0.10386880339933745
0,0.74,-0.14,2.5,0.11124043875142442
0,0.74,-0.12,2.5,0.11891202802946536
0,0.74,-0.09999999999999998,2.5,0.12685508060926132
0,0.74,-0.07999999999999996,2.5,0.13503526670917151
0,0.74,-0.05999999999999994,2.5,0.1434124461174877
0,0.74,-0.040000000000000036,2.5,0.1519408103289467
0,0.74,-0.020000000000000018,2.5,0.16056914366446529
0,0.74,0.0,2.5,0.1692412062352333
0,0.74,0.020000000000000018,2.5,0.1778962386192924
0,0.74,0.040000000000000036,2.5,0.18646958492428609
0,0.74,0.06000000000000005,2.5,0.1948934276054226
0,0.74,0.08000000000000007,2.5,0.2030976240939057
0,0.74,0.10000000000000009,2.5,0.21101063207565213
0,0.74,0.1200000000000001,2.5,0.21856050725311763
0,0.74,0.14000000000000012,2.5,0.22567595473294483
0,0.74,0.15999999999999992,2.5,0.2322874129114356
0,0.74,0.17999999999999994,2.5,0.23832814697077456
0,0.74,0.19999999999999996,2.5,0.24373532792944916
0,0.74,0.21999999999999997,2.5,0.24845107267048494
0,0.74,0.24,2.5,0.2524234205401934
0,0.74,0.26,2.5,0.2556072229843391
0,0.74,0.28,2.5,0.25796492426000023
0,0.74,0.30000000000000004,2.5,0.25946721349738
0,0.74,0.32000000000000006,2.5,0.2600935312301885
0,0.74,0.3400000000000001,2.5,0.25983241688762637
0,0.74,0.3600000000000001,2.5,0.25868168754779836
0,0.74,0.3800000000000001,2.5,0.25664844237796847
0,0.74,0.40000000000000013,2.5,0.2537488915059812
0,0.74,0.41999999999999993,2.5,0.2500080124467689
0,0.74,0.43999999999999995,2.5,0.24545904151300252
0,0.74,0.45999999999999996,2.5,0.24014281173706425
0,0.74,0.48,2.5,0.23410695259731612
0,0.74,0.5,2.5,0.2274049701616254
0,0.74,0.52,2.5,0.2200952290376153
0,0.74,0.54,2.5,0.2122398596736978
0,0.74,0.56,2.5,0.20390361603113846
0,0.74,0.5800000000000001,2.5,0.19515270941252968
0,0.74,0.6000000000000001,2.5,0.18605364427829463
0,0.74,0.6200000000000001,2.5,0.17667208122733724
0,0.74,0.6400000000000001,2.5,0.1670717510018958
0,0.74,0.6600000000000001,2.5,0.15731344146356352
0,0.74,0.6799999999999999,2.5,0.14745407706040187
0,0.74,0.7,2.5,0.1375459074632102
0,0.74,0.72,2.5,0.1276358189031377
0,0.74,0.74,2.5,0.1177647784105006
0,0.74,0.76,2.5,0.10796741775485713
0,0.74,0.78,2.5,0.09827176053389976
0,0.74,0.8,2.5,0.08869909265880935
0,0.74,0.8200000000000001,2.5,0.07926397352707475
0,0.74,0.8400000000000001,2.5,0.0699743825323905
0,0.74,0.8600000000000001,2.5,0.06083199328521638
0,0.74,0.8800000000000001,2.5,0.051832566033462715
0,0.74,0.9000000000000001,2.5,0.04296644728334044
0,0.74,0.9199999999999999,2.5,0.03421916450620024
0,0.74,0.94,2.5,0.025572103039488817
0,0.74,0.96,2.5,0.017003251795370242
0,0.74,0.98,2.5,0.008488004116554393
0,0.74,1.0,2.5,0.0
0,0.76,-1.0,2.5,0.0
0,0.76,-0.98,2.5,0.000773879968934366
0,0.76,-0.96,2.5,0.0015484736990182646
0,0.76,-0.94,2.5,0.0023245532270357253
0,0.76,-0.92,2.5,0.0031030069889574474
0,0.76,-0.9,2.5,0.003884897668343159
0,0.76,-0.88,2.5,0.004671519699635786
0,0.76,-0.86,2.5,0.005464456424242041
0,0.76,-0.84,2.5,0.0062656369670423965
0,0.76,-0.8200000000000001,2.5,0.007077392957550872
0,0.76,-0.8,2.5,0.007902515247570402
0,0.76,-0.78,2.5,0.00874431076094751
0,0.76,-0.76,2.5,0.009606659538384844
0,0.76,-0.74,2.5,0.010494071902376978
0,0.76,-0.72,2.5,0.011411745460042193
0,0.76,-0.7,2.5,0.012365621386096239
0,0.76,-0.6799999999999999,2.5,0.013362439091144863
0,0.76,-0.6599999999999999,2.5,0.014409787993886605
0,0.76,-0.64,2.5,0.0155161546965204
0,0.76,-0.62,2.5,0.016690963431380677
0,0.76,-0.6,2.5,0.017944607227187107
0,0.76,-0.5800000000000001,2.5,0.019288466860603468
0,0.76,-0.56,2.5,0.020734914338840647
0,0.76,-0.54,2.5,0.022297297426896262
0,0.76,-0.52,2.5,0.023989901611980887
0,0.76,-0.5,2.5,0.02582788590823124
0,0.76,-0.48,2.5,0.02782718906380405
0,0.76,-0.45999999999999996,2.5,0.03000440305236219
0,0.76,-0.43999999999999995,2.5,0.03237661121931791
0,0.76,-0.42000000000000004,2.5,0.03496118911203249
0,0.76,-0.4,2.5,0.03777556684867637
0,0.76,-0.38,2.5,0.040836952862671215
0,0.76,-0.36,2.5,0.044162019982274106
0,0.76,-0.33999999999999997,2.5,0.047766556045246635
0,0.76,-0.31999999999999995,2.5,0.051665082577705926
0,0.76,-0.29999999999999993,2.5,0.05587044644920561
0,0.76,-0.28,2.5,0.06039339081236897
0,0.76,-0.26,2.5,0.06524211299977745
0,0.76,-0.24,2.5,0.07042181833440467
0,0.76,-0.21999999999999997,2.5,0.07593427996138374
0,0.76,-0.19999999999999996,2.5,0.08177741577624997
0,0.76,-0.17999999999999994,2.5,0.08794489425701221
0,0.76,-0.16000000000000003,2.5,0.09442578145659027
0,0.76,-0.14,2.5,0.10120424153569402
0,0.76,-0.12,2.5,0.10825930297897303
0,0.76,-0.09999999999999998,2.5,0.11556470201367083
0,0.76,-0.07999999999999996,2.5,0.12308881372607847
0,0.76,-0.05999999999999994,2.5,0.13079467994594754
0,0.76,-0.040000000000000036,2.5,0.13864014115627246
0,0.76,-0.020000000000000018,2.5,0.14657807751417412
0,0.76,0.0,2.5,0.1545567615819154
0,0.76,0.020000000000000018,2.5,0.1625203226239714
0,0.76,0.040000000000000036,2.5,0.17040931939859744
0,0.76,0.06000000000000005,2.5,0.1781614153441185
0,0.76,0.08000000000000007,2.5,0.18571214702379168
0,0.76,0.10000000000000009,2.5,0.19299577374710866
0,0.76,0.1200000000000001,2.5,0.19994619353067822
0,0.76,0.14000000000000012,2.5,0.20649790809776475
0,0.76,0.15999999999999992,2.5,0.21258701753609024
0,0.76,0.17999999999999994,2.5,0.2181522236231676
0,0.76,0.19999999999999996,2.5,0.22313581975865143
0,0.76,0.21999999999999997,2.5,0.2274846449690087
0,0.76,0.24,2.5,0.23115097960715944
0,0.76,0.26,2.5,0.2340933611734824
0,0.76,0.28,2.5,0.23627730012735984
0,0.76,0.30000000000000004,2.5,0.23767587761040657
0,0.76,0.32000000000000006,2.5,0.23827020961209336
0,0.76,0.3400000000000001,2.5,0.2380497652038074
0,0.76,0.3600000000000001,2.5,0.2370125299589345
0,0.76,0.3800000000000001,2.5,0.23516500946012503
0,0.76,0.40000000000000013,2.5,0.23252207175550907
0,0.76,0.41999999999999993,2.5,0.22910663164160427
0,0.76,0.43999999999999995,2.5,0.22494918359814814
0,0.76,0.45999999999999996,2.5,0.220087193957518
0,0.76,0.48,2.5,0.2145643663439237
0,0.76,0.5,2.5,0.2084297974611236
0,0.76,0.52,2.5,0.20173704285248745
0,0.76,0.54,2.5,0.1945431142319239
0,0.76,0.56,2.5,0.18690743133673263
0,0.76,0.5800000000000001,2.5,0.1788907519539108
0,0.76,0.6000000000000001,2.5,0.1705541038126957
0,0.76,0.6200000000000001,2.5,0.16195774143389544
0,0.76,0.6400000000000001,2.5,0.1531601498186412
0,0.76,0.6600000000000001,2.5,0.14421711510386206
0,0.76,0.6799999999999999,2.5,0.1351808800852332
0,0.76,0.7,2.5,0.12609939990149371
0,0.76,0.72,2.5,0.1170157102884864
0,0.76,0.74,2.5,0.10796741775485713
0,0.76,0.76,2.5,0.09898631791314412
0,0.76,0.78,2.5,0.090098145125279
0,0.76,0.8,2.5,0.0813224536868091
0,0.76,0.8200000000000001,2.5,0.07267262806261789
0,0.76,0.8400000000000001,2.5,0.06415601726454524
0,0.76,0.8600000000000001,2.5,0.05577418637404576
0,0.76,0.8800000000000001,2.5,0.04752327648519805
0,0.76,0.9000000000000001,2.5,0.0393944629775401
0,0.76,0.9199999999999999,2.5,0.031374501006470705
0,0.76,0.94,2.5,0.023446346385840696
0,0.76,0.96,2.5,0.015589839583873324
0,0.76,0.98,2.5,0.0077824403023444184
0,0.76,1.0,2.5,0.0
0,0.78,-1.0,2.5,0.0
0,0.78,-0.98,2.5,0.0006717259007877635
0,0.78,-0.96,2.5,0.0013441541258682591
0,0.78,-0.94,2.5,0.0020180399255685768
0,0.78,-0.92,2.5,0.0026942442912980605
0,0.78,-0.9,2.5,0.003373786572488351
0,0.78,-0.88,2.5,0.004057896851770843
0,0.78,-0.86,2.5,0.004748068089704575
0,0.78,-0.84,2.5,0.005446108105709224
0,0.78,-0.8200000000000001,2.5,0.006154191504533032
0,0.78,-0.8,2.5,0.0068749116739472895
0,0.78,-0.78,2.5,0.007611332956532284
0,0.78,-0.76,2.5,0.00836704302561696
0,0.78,-0.74,2.5,0.009146205365103108
0,0.78,-0.72,2.5,0.009953611561601605
0,0.78,-0.7,2.5,0.01079473286624765
0,0.78,-0.6799999999999999,2.5,0.011675770178806612
0,0.78,-0.6599999999999999,2.5,0.012603701258978339
0,0.78,-0.64,2.5,0.013586323594111301
0,0.78,-0.62,2.5,0.014632290967275542
0,0.78,-0.6,2.5,0.015751141395798796
0,0.78,-0.5800000000000001,2.5,0.016953313770449816
0,0.78,-0.56,2.5,0.018250150242425524
0,0.78,-0.54,2.5,0.01965388120154893
0,0.78,-0.52,2.5,0.02117758958543721
0,0.78,-0.5,2.5,0.0228351512742403
0,0.78,-0.48,2.5,0.024641148474053923
0,0.78,-0.45999999999999996,2.5,0.026610753285575592
0,0.78,-0.43999999999999995,2.5,0.028759579099865377
0,0.78,-0.42000000000000004,2.5,0.031103498062164035
0,0.78,-0.4,2.5,0.033658423594303
0,0.78,-0.38,2.5,0.03644005785745454
0,0.78,-0.36,2.5,0.0394636050552073
0,0.78,-0.33999999999999997,2.5,0.04274345260179663
0,0.78,-0.31999999999999995,2.5,0.04629282338561301
0,0.78,-0.29999999999999993,2.5,0.0501234036122159
0,0.78,-0.28,2.5,0.054244951977319364
0,0.78,-0.26,2.5,0.058664897157576
0,0.78,-0.24,2.5,0.06338793177105899
0,0.78,-0.21999999999999997,2.5,0.06841561200352383
0,0.78,-0.19999999999999996,2.5,0.07374597297349436
0,0.78,-0.17999999999999994,2.5,0.07937317057257474
0,0.78,-0.16000000000000003,2.5,0.08528716092357617
0,0.78,-0.14,2.5,0.09147342870927246
0,0.78,-0.12,2.5,0.09791277540687424
0,0.78,-0.09999999999999998,2.5,0.10458117789436155
0,0.78,-0.07999999999999996,2.5,0.11144972696187071
0,0.78,-0.05999999999999994,2.5,0.11848465396361316
0,0.78,-0.040000000000000036,2.5,0.1256474521956389
0,0.78,-0.020000000000000018,2.5,0.13289509760823226
0,0.78,0.0,2.5,0.14018037119878907
0,0.78,0.020000000000000018,2.5,0.14745228293498175
0,0.78,0.040000000000000036,2.5,0.15465659439443302
0,0.78,0.06000000000000005,2.5,0.16173643455205353
0,0.78,0.08000000000000007,2.5,0.16863300038392814
0,0.78,0.10000000000000009,2.5,0.17528633127679735
0,0.78,0.1200000000000001,2.5,0.1816361437265629
0,0.78,0.14000000000000012,2.5,0.18762271056830448
0,0.78,0.15999999999999992,2.5,0.19318776708947893
0,0.78,0.17999999999999994,2.5,0.19827542491421257
0,0.78,0.19999999999999996,2.5,0.20283307357485825
0,0.78,0.21999999999999997,2.5,0.20681224925735806
0,0.78,0.24,2.5,0.21016945035209153
0,0.78,0.26,2.5,0.2128668801753137
0,0.78,0.28,2.5,0.21487309854126685
0,0.78,0.30000000000000004,2.5,0.21616356573439932
0,0.78,0.32000000000000006,2.5,0.2167210648078593
0,0.78,0.3400000000000001,2.5,0.21653599095315545
0,0.78,0.3600000000000001,2.5,0.21560649986506542
0,0.78,0.3800000000000001,2.5,0.21393851047068188
0,0.78,0.40000000000000013,2.5,0.21154556099724192
0,0.78,0.41999999999999993,2.5,0.20844852100933317
0,0.78,0.43999999999999995,2.5,0.2046751656394889
0,0.78,0.45999999999999996,2.5,0.20025962165640046
0,0.78,0.48,2.5,0.19524169815747125
0,0.78,0.5,2.5,0.18966611744250703
0,0.78,0.52,2.5,0.18358166394149295
0,0.78,0.54,2.5,0.17704027086624158
0,0.78,0.56,2.5,0.17009606548608802
0,0.78,0.5800000000000001,2.5,0.16280439456455031
0,0.78,0.6000000000000001,2.5,0.15522085153047974
0,0.78,0.6200000000000001,2.5,0.1474003264080384
0,0.78,0.6400000000000001,2.5,0.13939609842929404
0,0.78,0.6600000000000001,2.5,0.1312589896543658
0,0.78,0.6799999999999999,2.5,0.12303659589628028
0,0.78,0.7,2.5,0.11477260887377629
0,0.78,0.72,2.5,0.10650624088773737
0,0.78,0.74,2.5,0.09827176053389976
0,0.78,0.76,2.5,0.090098145125279
0,0.78,0.78,2.5,0.0820088526982327
0,0.78,0.8,2.5,0.0740217138040801
0,0.78,0.8200000000000001,2.5,0.06614894081944864
0,0.78,0.8400000000000001,2.5,0.05839725030307592
0,0.78,0.8600000000000001,2.5,0.050768092026486925
0,0.78,0.8800000000000001,2.5,0.04325797673293179
0,0.78,0.9000000000000001,2.5,0.0358588934355168
0,0.78,0.9199999999999999,2.5,0.028558806135305134
0,0.78,0.94,2.5,0.021342219190985483
0,0.78,0.96,2.5,0.014190800158906837
0,0.78,0.98,2.5,0.0070840486936296024
0,0.78,1.0,2.5,0.0
0,0.8,-1.0,2.5,0.0
0,0.8,-0.98,2.5,0.0005798170020194343
0,0.8,-0.96,2.5,0.0011603106057151806
0,0.8,-0.94,2.5,0.001742205088935476
0,0.8,-0.92,2.5,0.0023263200039418987
0,0.8,-0.9,2.5,0.002913617639267556
0,0.8,-0.88,2.5,0.0035052503220212106
0,0.8,-0.86,2.5,0.0041026075815736255
0,0.8,-0.84,2.5,0.004707363238911588
0,0.8,-0.8200000000000001,2.5,0.005321522517311437
0,0.8,-0.8,2.5,0.005947469277631922
0,0.8,-0.78,2.5,0.006588013454402274
0,0.8,-0.76,2.5,0.007246438697753949
0,0.8,-0.74,2.5,0.007926550104700244
0,0.8,-0.72,2.5,0.008632721748470356
0,0.8,-0.7,2.5,0.009369943487775983
0,0.8,-0.6799999999999999,2.5,0.010143866264476286
0,0.8,-0.6599999999999999,2.5,0.01096084478765081
0,0.8,-0.64,2.5,0.011827976167810278
0,0.8,-0.62,2.5,0.012753132723144423
0,0.8,-0.6,2.5,0.013744986848849318
0,0.8,-0.5800000000000001,2.5,0.014813025540582484
0,0.8,-0.56,2.5,0.015967551914283933
0,0.8,-0.54,2.5,0.017219670886815617
0,0.8,-0.52,2.5,0.01858125609361079
0,0.8,-0.5,2.5,0.020064895137166746
0,0.8,-0.48,2.5,0.021683810397322027
0,0.8,-0.45999999999999996,2.5,0.023451752900983617
0,0.8,-0.43999999999999995,2.5,0.02538286715153073
0,0.8,-0.42000000000000004,2.5,0.027491525358385026
0,0.8,-0.4,2.5,0.02979213018235102
0,0.8,-0.38,2.5,0.03229888591446115
0,0.8,-0.36,2.5,0.03502553892220338
0,0.8,-0.33999999999999997,2.5,0.03798508920891677
0,0.8,-0.31999999999999995,2.5,0.04118947601638001
0,0.8,-0.29999999999999993,2.5,0.04464924152878388
0,0.8,-0.28,2.5,0.0483731778754072
0,0.8,-0.26,2.5,0.05236796374249797
0,0.8,-0.24,2.5,0.0566377979521015
0,0.8,-0.21999999999999997,2.5,0.061184038304876
0,0.8,-0.19999999999999996,2.5,0.06600485477261933
0,0.8,-0.17999999999999994,2.5,0.07109490672245795
0,0.8,-0.16000000000000003,2.5,0.07644505421911221
0,0.8,-0.14,2.5,0.08204211354934285
0,0.8,-0.12,2.5,0.08786866691472363
0,0.8,-0.09999999999999998,2.5,0.09390293572425426
0,0.8,-0.07999999999999996,2.5,0.10011872607549244
0,0.8,-0.05999999999999994,2.5,0.10648545384111618
0,0.8,-0.040000000000000036,2.5,0.11296825528824105
0,0.8,-0.020000000000000018,2.5,0.11952818737393452
0,0.8,0.0,2.5,0.12612251981822925
0,0.8,0.020000000000000018,2.5,0.13270511880362765
0,0.8,0.040000000000000036,2.5,0.13922691974677037
0,0.8,0.06000000000000005,2.5,0.14563648410223864
0,0.8,0.08000000000000007,2.5,0.15188063266641705
0,0.8,0.10000000000000009,2.5,0.15790514543183812
0,0.8,0.1200000000000001,2.5,0.16365551578229065
0,0.8,0.14000000000000012,2.5,0.169077744797814
0,0.8,0.15999999999999992,2.5,0.17411915973362163
0,0.8,0.17999999999999994,2.5,0.178729239417414
0,0.8,0.19999999999999996,2.5,0.18286042843406555
0,0.8,0.21999999999999997,2.5,0.18646892158047704
0,0.8,0.24,2.5,0.18951540020595337
0,0.8,0.26,2.5,0.191965702716949
0,0.8,0.28,2.5,0.19379141271334077
0,0.8,0.30000000000000004,2.5,0.19497034991198212
0,0.8,0.32000000000000006,2.5,0.19548695115973663
0,0.8,0.3400000000000001,2.5,0.19533253138344073
0,0.8,0.3600000000000001,2.5,0.19450541719471737
0,0.8,0.3800000000000001,2.5,0.1930109489776284
0,0.8,0.40000000000000013,2.5,0.1908613505423323
0,0.8,0.41999999999999993,2.5,0.18807546872824277
0,0.8,0.43999999999999995,2.5,0.18467838858389668
0,0.8,0.45999999999999996,2.5,0.1807009328379737
0,0.8,0.48,2.5,0.176179057212301
0,0.8,0.5,2.5,0.17115315562777333
0,0.8,0.52,2.5,0.1656672914443621
0,0.8,0.54,2.5,0.1597683724977618
0,0.8,0.56,2.5,0.1535052888052015
0,0.8,0.5800000000000001,2.5,0.1469280323869989
0,0.8,0.6000000000000001,2.5,0.14008681868271008
0,0.8,0.6200000000000001,2.5,0.13303122854419971
0,0.8,0.6400000000000001,2.5,0.12580938879371245
0,0.8,0.6600000000000001,2.5,0.1184672078909834
0,0.8,0.6799999999999999,2.5,0.11104768142222447
0,0.8,0.7,2.5,0.10359027998019792
0,0.8,0.72,2.5,0.09613042963205658
0,0.8,0.74,2.5,0.08869909265880935
0,0.8,0.76,2.5,0.0813224536868091
0,0.8,0.78,2.5,0.0740217138040801
0,0.8,0.8,2.5,0.06681299284191448
0,0.8,0.8200000000000001,2.5,0.05970733777331585
0,0.8,0.8400000000000001,2.5,0.052710833188771074
0,0.8,0.8600000000000001,2.5,0.04582480809424033
0,0.8,0.8800000000000001,2.5,0.039046131856148074
0,0.8,0.9000000000000001,2.5,0.032367590995613024
0,0.8,0.9199999999999999,2.5,0.025778337694463666
0,0.8,0.94,2.5,0.01926440028956246
0,0.8,0.96,2.5,0.012809245659342388
0,0.8,0.98,2.5,0.006394383200084187
0,0.8,1.0,2.5,0.0
0,0.8200000000000001,-1.0,2.5,0.0
0,0.8200000000000001,-0.98,2.5,0.0004970395665294234
0,0.8200000000000001,-0.96,2.5,0.000994717786904842
0,0.8200000000000001,-0.94,2.5,0.0014937158445411695
0,0.8200000000000001,-0.92,2.5,0.0019947999300793536
0,0.8200000000000001,-0.9,2.5,0.002498863630981933
0,0.8200000000000001,-0.88,2.5,0.003006970225297459
0,0.8200000000000001,-0.86,2.5,0.003520394906851175
0,0.8200000000000001,-0.84,2.5,0.004040667002595899
0,0.8200000000000001,-0.8200000000000001,2.5,0.004569612265186955
0,0.8200000000000001,-0.8,2.5,0.005109395325004989
0,0.8200000000000001,-0.78,2.5,0.005662562356414596
0,0.8200000000000001,-0.76,2.5,0.00623208394516854
0,0.8200000000000001,-0.74,2.5,0.006821398032136817
0,0.8200000000000001,-0.72,2.5,0.0074344526506390125
0,0.8200000000000001,-0.7,2.5,0.008075747971779566
0,0.8200000000000001,-0.6799999999999999,2.5,0.00875037692917748
0,0.8200000000000001,-0.6599999999999999,2.5,0.009464063419741132
0,0.8200000000000001,-0.64,2.5,0.010223196782259525
0,0.8200000000000001,-0.62,2.5,0.011034860954815701
0,0.8200000000000001,-0.6,2.5,0.011906856421603468
0,0.8200000000000001,-0.5800000000000001,2.5,0.012847712797076142
0,0.8200000000000001,-0.56,2.5,0.01386668967831019
0,0.8200000000000001,-0.54,2.5,0.014973763242467604
0,0.8200000000000001,-0.52,2.5,0.016179595991584465
0,0.8200000000000001,-0.5,2.5,0.017495487066062534
0,0.8200000000000001,-0.48,2.5,0.018933300673211535
0,0.8200000000000001,-0.45999999999999996,2.5,0.02050537041701216
0,0.8200000000000001,-0.43999999999999995,2.5,0.022224377675523748
0,0.8200000000000001,-0.42000000000000004,2.5,0.024103202654780012
0,0.8200000000000001,-0.4,2.5,0.02615474735015975
0,0.8200000000000001,-0.38,2.5,0.028391730361217817
0,0.8200000000000001,-0.36,2.5,0.030826454322334763
0,0.8200000000000001,-0.33999999999999997,2.5,0.033470547613131896
0,0.8200000000000001,-0.31999999999999995,2.5,0.03633468297859748
0,0.8200000000000001,-0.29999999999999993,2.5,0.03942827669402244
0,0.8200000000000001,-0.28,2.5,0.04275917292479956
0,0.8200000000000001,-0.26,2.5,0.04633331892300416
0,0.8200000000000001,-0.24,2.5,0.05015443763577579
0,0.8200000000000001,-0.21999999999999997,2.5,0.054223705137378196
0,0.8200000000000001,-0.19999999999999996,2.5,0.05853944099932885
0,0.8200000000000001,-0.17999999999999994,2.5,0.06309682024379358
0,0.8200000000000001,-0.16000000000000003,2.5,0.06788761584941631
0,0.8200000000000001,-0.14,2.5,0.07289998086462161
0,0.8200000000000001,-0.12,2.5,0.078118279005373
0,0.8200000000000001,-0.09999999999999998,2.5,0.08352297215360488
0,0.8200000000000001,-0.07999999999999996,2.5,0.08909057241875055
0,0.8200000000000001,-0.05999999999999994,2.5,0.09479366537729693
0,0.8200000000000001,-0.040000000000000036,2.5,0.10060100977403111
0,0.8200000000000001,-0.020000000000000018,2.5,0.10647771737460342
0,0.8200000000000001,0.0,2.5,0.11238551483440595
0,0.8200000000000001,0.020000000000000018,2.5,0.11828308743651651
0,0.8200000000000001,0.040000000000000036,2.5,0.1241265024044213
0,0.8200000000000001,0.06000000000000005,2.5,0.12986970727473118
0,0.8200000000000001,0.08000000000000007,2.5,0.13546509658906133
0,0.8200000000000001,0.10000000000000009,2.5,0.14086413800492473
0,0.8200000000000001,0.1200000000000001,2.5,0.14601804690688674
0,0.8200000000000001,0.14000000000000012,2.5,0.15087849679424836
0,0.8200000000000001,0.15999999999999992,2.5,0.15539835119905943
0,0.8200000000000001,0.17999999999999994,2.5,0.1595324017103155
0,0.8200000000000001,0.19999999999999996,2.5,0.1632380958991197
0,0.8200000000000001,0.21999999999999997,2.5,0.16647623859574742
0,0.8200000000000001,0.24,2.5,0.1692116500892633
0,0.8200000000000001,0.26,2.5,0.1714137654144451
0,0.8200000000000001,0.28,2.5,0.17305715995382123
0,0.8200000000000001,0.30000000000000004,2.5,0.17412198809267335
0,0.8200000000000001,0.32000000000000006,2.5,0.17459432358394972
0,0.8200000000000001,0.3400000000000001,2.5,0.1744663925554296
0,0.8200000000000001,0.3600000000000001,2.5,0.17373669265737457
0,0.8200000000000001,0.3800000000000001,2.5,0.17240999462880305
0,0.8200000000000001,0.40000000000000013,2.5,0.17049722546996707
0,0.8200000000000001,0.41999999999999993,2.5,0.16801523535827848
0,0.8200000000000001,0.43999999999999995,2.5,0.16498645334387285
0,0.8200000000000001,0.45999999999999996,2.5,0.16143843961997564
0,0.8200000000000001,0.48,2.5,0.1574033446979262
0,0.8200000000000001,0.5,2.5,0.1529172880507524
0,0.8200000000000001,0.52,2.5,0.14801967065685953
0,0.8200000000000001,0.54,2.5,0.14275243732395596
0,0.8200000000000001,0.56,2.5,0.13715930566480308
0,0.8200000000000001,0.5800000000000001,2.5,0.13128497910883194
0,0.8200000000000001,0.6000000000000001,2.5,0.12517436136190188
0,0.8200000000000001,0.6200000000000001,2.5,0.1188717892820943
0,0.8200000000000001,0.6400000000000001,2.5,0.11242030025023732
0,0.8200000000000001,0.6600000000000001,2.5,0.10586094882267241
0,0.8200000000000001,0.6799999999999999,2.5,0.09923218581660542
0,0.8200000000000001,0.7,2.5,0.09256931106202358
0,0.8200000000000001,0.72,2.5,0.08590400893326222
0,0.8200000000000001,0.74,2.5,0.07926397352707475
0,0.8200000000000001,0.76,2.5,0.07267262806261789
0,0.8200000000000001,0.78,2.5,0.06614894081944864
0,0.8200000000000001,0.8,2.5,0.05970733777331585
0,0.8200000000000001,0.8200000000000001,2.5,0.05335771009730138
0,0.8200000000000001,0.8400000000000001,2.5,0.04710551291617843
0,0.8200000000000001,0.8600000000000001,2.5,0.04095195016844087
0,0.8200000000000001,0.8800000000000001,2.5,0.03489423916117033
0,0.8200000000000001,0.9000000000000001,2.5,0.028925947399597272
0,0.8200000000000001,0.9199999999999999,2.5,0.023037393522727368
0,0.8200000000000001,0.94,2.5,0.017216103652654375
0,0.8200000000000001,0.96,2.5,0.011447314132171116
0,0.8200000000000001,0.98,2.5,0.0057145114408706415
0,0.8200000000000001,1.0,2.5,0.0
0,0.8400000000000001,-1.0,2.5,0.0
0,0.8400000000000001,-0.98,2.5,0.00042232631085611575
0,0.8400000000000001,-0.96,2.5,0.0008452429686074844
0,0.8400000000000001,-0.94,2.5,0.0012693778066776161
0,0.8400000000000001,-0.92,2.5,0.0016954335995495483
0,0.8400000000000001,-0.9,2.5,0.0021242254659355263
0,0.8400000000000001,-0.88,2.5,0.00255671822381822
0,0.8400000000000001,-0.86,2.5,0.00299406372809502
0,0.8400000000000001,-0.84,2.5,0.003437638247005583
0,0.8400000000000001,-0.8200000000000001,2.5,0.003889079948789005
0,0.8400000000000001,-0.8,2.5,0.004350326566614359
0,0.8400000000000001,-0.78,2.5,0.004823653279787739
0,0.8400000000000001,-0.76,2.5,0.0053117107859486055
0,0.8400000000000001,-0.74,2.5,0.005817563437901873
0,0.8400000000000001,-0.72,2.5,0.006344727178013605
0,0.8400000000000001,-0.7,2.5,0.006897206823856769
0,0.8400000000000001,-0.6799999999999999,2.5,0.007479532045295968
0,0.8400000000000001,-0.6599999999999999,2.5,0.008096791132757913
0,0.8400000000000001,-0.64,2.5,0.008754661399111522
0,0.8400000000000001,-0.62,2.5,0.009459434795735045
0,0.8400000000000001,-0.6,2.5,0.010218037071046064
0,0.8400000000000001,-0.5800000000000001,2.5,0.011038038572136949
0,0.8400000000000001,-0.56,2.5,0.011927654602682762
0,0.8400000000000001,-0.54,2.5,0.012895733118140924
0,0.8400000000000001,-0.52,2.5,0.013951727476644134
0,0.8400000000000001,-0.5,2.5,0.015105651983533263
0,0.8400000000000001,-0.48,2.5,0.016368018079710375
0,0.8400000000000001,-0.45999999999999996,2.5,0.01774974923685488
0,0.8400000000000001,-0.43999999999999995,2.5,0.019262072940979428
0,0.8400000000000001,-0.42000000000000004,2.5,0.020916388571390294
0,0.8400000000000001,-0.4,2.5,0.022724110512788723
0,0.8400000000000001,-0.38,2.5,0.024696486468040024
0,0.8400000000000001,-0.36,2.5,0.026844391658025678
0,0.8400000000000001,-0.33999999999999997,2.5,0.029178100388826123
0,0.8400000000000001,-0.31999999999999995,2.5,0.03170703731699948
0,0.8400000000000001,-0.29999999999999993,2.5,0.0344395116287262
0,0.8400000000000001,-0.28,2.5,0.03738243824225225
0,0.8400000000000001,-0.26,2.5,0.04054105101641691
0,0.8400000000000001,-0.24,2.5,0.04391861376965552
0,0.8400000000000001,-0.21999999999999997,2.5,0.04751613565067743
0,0.8400000000000001,-0.19999999999999996,2.5,0.05133209802042598
0,0.8400000000000001,-0.17999999999999994,2.5,0.05536220047196017
0,0.8400000000000001,-0.16000000000000003,2.5,0.05959913389956281
0,0.8400000000000001,-0.14,2.5,0.06403238860306644
0,0.8400000000000001,-0.12,2.5,0.068648105255303
0,0.8400000000000001,-0.09999999999999998,2.5,0.07342897615313565
0,0.8400000000000001,-0.07999999999999996,2.5,0.07835420350659769
0,0.8400000000000001,-0.05999999999999994,2.5,0.08339952059565289
0,0.8400000000000001,-0.040000000000000036,2.5,0.08853728044874168
0,0.8400000000000001,-0.020000000000000018,2.5,0.09373661529012728
0,0.8400000000000001,0.0,2.5,0.09896366839249562
0,0.8400000000000001,0.020000000000000018,2.5,0.10418189819521545
0,0.8400000000000001,0.040000000000000036,2.5,0.1093524526537589
0,0.8400000000000001,0.06000000000000005,2.5,0.1144346098261352
0,0.8400000000000001,0.08000000000000007,2.5,0.1193862787377519
0,0.8400000000000001,0.10000000000000009,2.5,0.12416455266066852
0,0.8400000000000001,0.1200000000000001,2.5,0.12872630516205158
0,0.8400000000000001,0.14000000000000012,2.5,0.13302881768412886
0,0.8400000000000001,0.15999999999999992,2.5,0.13703042607486973
0,0.8400000000000001,0.17999999999999994,2.5,0.14069117244971055
0,0.8400000000000001,0.19999999999999996,2.5,0.14397344807611268
0,0.8400000000000001,0.21999999999999997,2.5,0.1468426126701823
0,0.8400000000000001,0.24,2.5,0.14926757560123433
0,0.8400000000000001,0.26,2.5,0.15122132502559305
0,0.8400000000000001,0.28,2.5,0.1526813919102816
0,0.8400000000000001,0.30000000000000004,2.5,0.15363023724114874
0,0.8400000000000001,0.32000000000000006,2.5,0.15405555240492635
0,0.8400000000000001,0.3400000000000001,2.5,0.15395046474412322
0,0.8400000000000001,0.3600000000000001,2.5,0.15331364254943447
0,0.8400000000000001,0.3800000000000001,2.5,0.15214929620896026
0,0.8400000000000001,0.40000000000000013,2.5,0.15046707480239946
0,0.8400000000000001,0.41999999999999993,2.5,0.14828186003267152
0,0.8400000000000001,0.43999999999999995,2.5,0.14561346194681887
0,0.8400000000000001,0.45999999999999996,2.5,0.1424862233337826
0,0.8400000000000001,0.48,2.5,0.13892854192428267
0,0.8400000000000001,0.5,2.5,0.13497232149015423
0,0.8400000000000001,0.52,2.5,0.13065236458909849
0,0.8400000000000001,0.54,2.5,0.12600572097932292
0,0.8400000000000001,0.56,2.5,0.1210710066034733
0,0.8400000000000001,0.5800000000000001,2.5,0.11588770849323303
0,0.8400000000000001,0.6000000000000001,2.5,0.1104954909704218
0,0.8400000000000001,0.6200000000000001,2.5,0.10493351812759556
0,0.8400000000000001,0.6400000000000001,2.5,0.09923980678560963
0,0.8400000000000001,0.6600000000000001,2.5,0.09345062298516359
0,0.8400000000000001,0.6799999999999999,2.5,0.0875999336234593
0,0.8400000000000001,0.7,2.5,0.08171892315474535
0,0.8400000000000001,0.72,2.5,0.0758355834006143
0,0.8400000000000001,0.74,2.5,0.0699743825323905
0,0.8400000000000001,0.76,2.5,0.06415601726454524
0,0.8400000000000001,0.78,2.5,0.05839725030307592
0,0.8400000000000001,0.8,2.5,0.052710833188771074
0,0.8400000000000001,0.8200000000000001,2.5,0.04710551291617843
0,0.8400000000000001,0.8400000000000001,2.5,0.04158611913767732
0,0.8400000000000001,0.8600000000000001,2.5,0.03615372740811324
0,0.8400000000000001,0.8800000000000001,2.5,0.030805892804734367
0,0.8400000000000001,0.9000000000000001,2.5,0.025536947371312638
0,0.8400000000000001,0.9199999999999999,2.5,0.020338354172711966
0,0.8400000000000001,0.94,2.5,0.015199110283750638
0,0.8400000000000001,0.96,2.5,0.010106190742203211
0,0.8400000000000001,0.98,2.5,0.005045025332983242
0,0.8400000000000001,1.0,2.5,0.0
0,0.8600000000000001,-1.0,2.5,0.0
0,0.8600000000000001,-0.98,2.5,0.00035465458630804615
0,0.8600000000000001,-0.96,2.5,0.0007098425329493588
0,0.8600000000000001,-0.94,2.5,0.0010661297445259518
0,0.8600000000000001,-0.92,2.5,0.0014241471968580912
0,0.8600000000000001,-0.9,2.5,0.0017846234393039467
0,0.8600000000000001,-0.88,2.5,0.0021484170829197693
0,0.8600000000000001,-0.86,2.5,0.002516549306238329
0,0.8600000000000001,-0.84,2.5,0.002890236429451816
0,0.8600000000000001,-0.8200000000000001,2.5,0.0032709226176822577
0,0.8600000000000001,-0.8,2.5,0.0036603127677045356
0,0.8600000000000001,-0.78,2.5,0.0040604056032943914
0,0.8600000000000001,-0.76,2.5,0.004473526946796587
0,0.8600000000000001,-0.74,2.5,0.004902363044802293
0,0.8600000000000001,-0.72,2.5,0.00534999370248688
0,0.8600000000000001,-0.7,2.5,0.005819924825230535
0,0.8600000000000001,-0.6799999999999999,2.5,0.0063161197813227845
0,0.8600000000000001,-0.6599999999999999,2.5,0.006843028792117886
0,0.8600000000000001,-0.64,2.5,0.00740561533458006
0,0.8600000000000001,-0.62,2.5,0.008009378316307325
0,0.8600000000000001,-0.6,2.5,0.008660368566886338
0,0.8600000000000001,-0.5800000000000001,2.5,0.009365197994753882
0,0.8600000000000001,-0.56,2.5,0.010131039598895919
0,0.8600000000000001,-0.54,2.5,0.010965616412719386
0,0.8600000000000001,-0.52,2.5,0.011877177405491487
0,0.8600000000000001,-0.5,2.5,0.012874458385736457
0,0.8600000000000001,-0.48,2.5,0.01396662604999825
0,0.8600000000000001,-0.45999999999999996,2.5,0.015163203506300132
0,0.8600000000000001,-0.43999999999999995,2.5,0.016473975878765132
0,0.8600000000000001,-0.42000000000000004,2.5,0.01790887496962331
0,0.8600000000000001,-0.4,2.5,0.01947784241548452
0,0.8600000000000001,-0.38,2.5,0.0211906713211906
0,0.8600000000000001,-0.36,2.5,0.02305682697815264
0,0.8600000000000001,-0.33999999999999997,2.5,0.025085247962606715
0,0.8600000000000001,-0.31999999999999995,2.5,0.02728412964689553
0,0.8600000000000001,-0.29999999999999993,2.5,0.02966069292447814
0,0.8600000000000001,-0.28,2.5,0.03222094172449607
0,0.8600000000000001,-0.26,2.5,0.0349694136492503
0,0.8600000000000001,-0.24,2.5,0.03790892878057958
0,0.8600000000000001,-0.21999999999999997,2.5,0.0410403423401792
0,0.8600000000000001,-0.19999999999999996,2.5,0.044362307425161916
0,0.8600000000000001,-0.17999999999999994,2.5,0.04787105444499109
0,0.8600000000000001,-0.16000000000000003,2.5,0.05156019413237213
0,0.8600000000000001,-0.14,2.5,0.05542055106476798
0,0.8600000000000001,-0.12,2.5,0.05944003449509249
0,0.8600000000000001,-0.09999999999999998,2.5,0.06360355293540267
0,0.8600000000000001,-0.07999999999999996,2.5,0.06789297835812043
0,0.8600000000000001,-0.05999999999999994,2.5,0.07228716507494168
0,0.8600000000000001,-0.040000000000000036,2.5,0.07676202733172749
0,0.8600000000000001,-0.020000000000000018,2.5,0.08129067843442084
0,0.8600000000000001,0.0,2.5,0.08584363282106838
0,0.8600000000000001,0.020000000000000018,2.5,0.09038907095130662
0,0.8600000000000001,0.040000000000000036,2.5,0.09489316523772
0,0.8600000000000001,0.06000000000000005,2.5,0.09932046354033275
0,0.8600000000000001,0.08000000000000007,2.5,0.10363432503826105
0,0.8600000000000001,0.10000000000000009,2.5,0.10779740163666557
0,0.8600000000000001,0.1200000000000001,2.5,0.11177215651936263
0,0.8600000000000001,0.14000000000000012,2.5,0.11552141007371251
0,0.8600000000000001,0.15999999999999992,2.5,0.11900890224754043
0,0.8600000000000001,0.17999999999999994,2.5,0.1221998594954258
0,0.8600000000000001,0.19999999999999996,2.5,0.12506155387387743
0,0.8600000000000001,0.21999999999999997,2.5,0.127563841582639
0,0.8600000000000001,0.24,2.5,0.12967966834282002
0,0.8600000000000001,0.26,2.5,0.13138552946002555
0,0.8600000000000001,0.28,2.5,0.13266187323795728
0,0.8600000000000001,0.30000000000000004,2.5,0.1334934375682122
0,0.8600000000000001,0.32000000000000006,2.5,0.13386951099608005
0,0.8600000000000001,0.3400000000000001,2.5,0.1337841113095323
0,0.8600000000000001,0.3600000000000001,2.5,0.13323607666880077
0,0.8600000000000001,0.3800000000000001,2.5,0.13222906642823884
0,0.8600000000000001,0.40000000000000013,2.5,0.13077147103571166
0,0.8600000000000001,0.41999999999999993,2.5,0.12887623265902962
0,0.8600000000000001,0.43999999999999995,2.5,0.1265605804141043
0,0.8600000000000001,0.45999999999999996,2.5,0.12384568618709302
0,0.8600000000000001,0.48,2.5,0.120756248988084
0,0.8600000000000001,0.5,2.5,0.11732001748827098
0,0.8600000000000001,0.52,2.5,0.1135672618256309
0,0.8600000000000001,0.54,2.5,0.10953020687539483
0,0.8600000000000001,0.56,2.5,0.10524243994195284
0,0.8600000000000001,0.5800000000000001,2.5,0.10073830622143896
0,0.8600000000000001,0.6000000000000001,2.5,0.09605230540514376
0,0.8600000000000001,0.6200000000000001,2.5,0.09121850245199964
0,0.8600000000000001,0.6400000000000001,2.5,0.08626996487505352
0,0.8600000000000001,0.6600000000000001,2.5,0.08123823789495843
0,0.8600000000000001,0.6799999999999999,2.5,0.07615286755608969
0,0.8600000000000001,0.7,2.5,0.07104098042919661
0,0.8600000000000001,0.72,2.5,0.06592692689585765
0,0.8600000000000001,0.74,2.5,0.06083199328521638
0,0.8600000000000001,0.76,2.5,0.05577418637404576
0,0.8600000000000001,0.78,2.5,0.050768092026486925
0,0.8600000000000001,0.8,2.5,0.04582480809424033
0,0.8600000000000001,0.8200000000000001,2.5,0.04095195016844087
0,0.8600000000000001,0.8400000000000001,2.5,0.03615372740811324
0,0.8600000000000001,0.8600000000000001,2.5,0.03143108449287141
0,0.8600000000000001,0.8800000000000001,2.5,0.026781904773092287
0,0.8600000000000001,0.9000000000000001,2.5,0.022201268920573263
0,0.8600000000000001,0.9199999999999999,2.5,0.017681762806571036
0,0.8600000000000001,0.94,2.5,0.013213827932081399
0,0.8600000000000001,0.96,2.5,0.00878614747961607
0,0.8600000000000001,0.98,2.5,0.004386060914200943
0,0.8600000000000001,1.0,2.5,0.0
0,0.8800000000000001,-1.0,2.5,0.0
0,0.8800000000000001,-0.98,2.5,0.00029304367696866986
0,0.8800000000000001,-0.96,2.5,0.0005865565525124492
0,0.8800000000000001,-0.94,2.5,0.0008810355223237657
0,0.8800000000000001,-0.92,2.5,0.0011770328692554473
0,0.8800000000000001,-0.9,2.5,0.0014751839470309618
0,0.8800000000000001,-0.88,2.5,0.0017762348721492606
0,0.8800000000000001,-0.86,2.5,0.002081070254765207
0,0.8800000000000001,-0.84,2.5,0.0023907410132429463
0,0.8800000000000001,-0.8200000000000001,2.5,0.0027064923230423307
0,0.8800000000000001,-0.8,2.5,0.0030297917427562584
0,0.8800000000000001,-0.78,2.5,0.003362357532990685
0,0.8800000000000001,-0.76,2.5,0.0037061871328491923
0,0.8800000000000001,-0.74,2.5,0.004063585680999009
0,0.8800000000000001,-0.72,2.5,0.0044371943624685875
0,0.8800000000000001,-0.7,2.5,0.0048300182293887495
0,0.8800000000000001,-0.6799999999999999,2.5,0.005245452986982486
0,0.8800000000000001,-0.6599999999999999,2.5,0.0056873100605283194
0,0.8800000000000001,-0.64,2.5,0.006159839072016825
0,0.8800000000000001,-0.62,2.5,0.006667746665672185
0,0.8800000000000001,-0.6,2.5,0.007216210439533747
0,0.8800000000000001,-0.5800000000000001,2.5,0.0078108865767693835
0,0.8800000000000001,-0.56,2.5,0.008457909636490573
0,0.8800000000000001,-0.54,2.5,0.009163882870524425
0,0.8800000000000001,-0.52,2.5,0.009935857390168222
0,0.8800000000000001,-0.5,2.5,0.010781298524603652
0,0.8800000000000001,-0.48,2.5,0.011708037798078053
0,0.8800000000000001,-0.45999999999999996,2.5,0.012724209112014297
0,0.8800000000000001,-0.43999999999999995,2.5,0.013838167954568003
0,0.8800000000000001,-0.42000000000000004,2.5,0.015058392775047945
0,0.8800000000000001,-0.4,2.5,0.01639336805261855
0,0.8800000000000001,-0.38,2.5,0.017851449053515975
0,0.8800000000000001,-0.36,2.5,0.019440708801343177
0,0.8800000000000001,-0.33999999999999997,2.5,0.02116876837051561
0,0.8800000000000001,-0.31999999999999995,2.5,0.02304261224021269
0,0.8800000000000001,-0.29999999999999993,2.5,0.025068391098924524
0,0.8800000000000001,-0.28,2.5,0.027251215148837823
0,0.8800000000000001,-0.26,2.5,0.029594941603504107
0,0.8800000000000001,-0.24,2.5,0.03210196067825563
0,0.8800000000000001,-0.21999999999999997,2.5,0.03477298491624761
0,0.8800000000000001,-0.19999999999999996,2.5,0.037606847148949483
0,0.8800000000000001,-0.17999999999999994,2.5,0.04060031273397859
0,0.8800000000000001,-0.16000000000000003,2.5,0.04374791192242077
0,0.8800000000000001,-0.14,2.5,0.04704179826176172
0,0.8800000000000001,-0.12,2.5,0.050471638822374223
0,0.8800000000000001,-0.09999999999999998,2.5,0.05402454173287307
0,0.8800000000000001,-0.07999999999999996,2.5,0.05768502601579103
0,0.8800000000000001,-0.05999999999999994,2.5,0.06143503802949751
0,0.8800000000000001,-0.040000000000000036,2.5,0.06525401795153317
0,0.8800000000000001,-0.020000000000000018,2.5,0.06911901869628773
0,0.8800000000000001,0.0,2.5,0.0730048784672178
0,0.8800000000000001,0.020000000000000018,2.5,0.07688444682866374
0,0.8800000000000001,0.040000000000000036,2.5,0.08072886277929661
0,0.8800000000000001,0.06000000000000005,2.5,0.08450788185838577
0,0.8800000000000001,0.08000000000000007,2.5,0.0881902478618062
0,0.8800000000000001,0.10000000000000009,2.5,0.09174410333423193
0,0.8800000000000001,0.1200000000000001,2.5,0.09513743168564415
0,0.8800000000000001,0.14000000000000012,2.5,0.09833852260176312
0,0.8800000000000001,0.15999999999999992,2.5,0.10131645142431364
0,0.8800000000000001,0.17999999999999994,2.5,0.10404156240866316
0,0.8800000000000001,0.19999999999999996,2.5,0.10648594525755004
0,0.8800000000000001,0.21999999999999997,2.5,0.1086238941066947
0,0.8800000000000001,0.24,2.5,0.11043233821825256
0,0.8800000000000001,0.26,2.5,0.11189123402838543
0,0.8800000000000001,0.28,2.5,0.11298390889211152
0,0.8800000000000001,0.30000000000000004,2.5,0.11369734785766468
0,0.8800000000000001,0.32000000000000006,2.5,0.11402241605901615
0,0.8800000000000001,0.3400000000000001,2.5,0.11395401080448204
0,0.8800000000000001,0.3600000000000001,2.5,0.11349113911840683
0,0.8800000000000001,0.3800000000000001,2.5,0.11263691831174469
0,0.8800000000000001,0.40000000000000013,2.5,0.11139849906071833
0,0.8800000000000001,0.41999999999999993,2.5,0.10978691240219857
0,0.8800000000000001,0.43999999999999995,2.5,0.10781684395054562
0,0.8800000000000001,0.45999999999999996,2.5,0.10550634044502435
0,0.8800000000000001,0.48,2.5,0.10287645539441648
0,0.8800000000000001,0.5,2.5,0.09995084204617014
0,0.8800000000000001,0.52,2.5,0.0967553031283885
0,0.8800000000000001,0.54,2.5,0.09331730775968493
0,0.8800000000000001,0.56,2.5,0.08966548656960395
0,0.8800000000000001,0.5800000000000001,2.5,0.08582911640660182
0,0.8800000000000001,0.6000000000000001,2.5,0.08183760602812436
0,0.8800000000000001,0.6200000000000001,2.5,0.07771999387570899
0,0.8800000000000001,0.6400000000000001,2.5,0.07350446845548655
0,0.8800000000000001,0.6600000000000001,2.5,0.06921792099899168
0,0.8800000000000001,0.6799999999999999,2.5,0.06488553900745733
0,0.8800000000000001,0.7,2.5,0.060530448028465855
0,0.8800000000000001,0.72,2.5,0.05617340762580746
0,0.8800000000000001,0.74,2.5,0.051832566033462715
0,0.8800000000000001,0.76,2.5,0.04752327648519805
0,0.8800000000000001,0.78,2.5,0.04325797673293179
0,0.8800000000000001,0.8,2.5,0.039046131856148074
0,0.8800000000000001,0.8200000000000001,2.5,0.03489423916117033
0,0.8800000000000001,0.8400000000000001,2.5,0.030805892804734367
0,0.8800000000000001,0.8600000000000001,2.5,0.026781904773092287
0,0.8800000000000001,0.8800000000000001,2.5,0.02282047801749743
0,0.8800000000000001,0.9000000000000001,2.5,0.01891742689057071
0,0.8800000000000001,0.9199999999999999,2.5,0.015066439537117057
0,0.8800000000000001,0.94,2.5,0.011259376550372693
0,0.8800000000000001,0.96,2.5,0.0074865999868638155
0,0.8800000000000001,0.98,2.5,0.003737326712464298
0,0.8800000000000001,1.0,2.5,0.0
0,0.9000000000000001,-1.0,2.5,0.0
0,0.9000000000000001,-0.98,2.5,0.00023655129096021455
0,0.9000000000000001,-0.96,2.5,0.0004735017876014693
0,0.9000000000000001,-0.94,2.5,0.0007112736323582944
0,0.9000000000000001,-0.92,2.5,0.0009503348406573453
0,0.9000000000000001,-0.9,2.5,0.0011912222421090897
0,0.9000000000000001,-0.88,2.5,0.001434564442598366
0,0.9000000000000001,-0.86,2.5,0.0016811048353688976
0,0.9000000000000001,-0.84,2.5,0.001931724699145304
0,0.9000000000000001,-0.8200000000000001,2.5,0.0021874664245592496
0,0.9000000000000001,-0.8,2.5,0.0024495569019333772
0,0.9000000000000001,-0.78,2.5,0.002719431079422612
0,0.9000000000000001,-0.76,2.5,0.0029987556569917324
0,0.9000000000000001,-0.74,2.5,0.003289452816288613
0,0.9000000000000001,-0.72,2.5,0.0035937237982357536
0,0.9000000000000001,-0.7,2.5,0.003914072029910169
0,0.9000000000000001,-0.6799999999999999,2.5,0.004253325372612639
0,0.9000000000000001,-0.6599999999999999,2.5,0.004614656918292628
0,0.9000000000000001,-0.64,2.5,0.0050016036076369905
0,0.9000000000000001,-0.62,2.5,0.0054180817874246254
0,0.9000000000000001,-0.6,2.5,0.005868398675480443
0,0.9000000000000001,-0.5800000000000001,2.5,0.0063572585676483955
0,0.9000000000000001,-0.56,2.5,0.006889762511804114
0,0.9000000000000001,-0.54,2.5,0.007471400098045508
0,0.9000000000000001,-0.52,2.5,0.008108031980299848
0,0.9000000000000001,-0.5,2.5,0.008805861760238863
0,0.9000000000000001,-0.48,2.5,0.009571395935948917
0,0.9000000000000001,-0.45999999999999996,2.5,0.010411390750094486
0,0.9000000000000001,-0.43999999999999995,2.5,0.011332784968395484
0,0.9000000000000001,-0.42000000000000004,2.5,0.012342617880159201
0,0.9000000000000001,-0.4,2.5,0.01344793213720803
0,0.9000000000000001,-0.38,2.5,0.014655661432303978
0,0.9000000000000001,-0.36,2.5,0.015972503457090146
0,0.9000000000000001,-0.33999999999999997,2.5,0.017404779064114514
0,0.9000000000000001,-0.31999999999999995,2.5,0.018958279076609002
0,0.9000000000000001,-0.29999999999999993,2.5,0.020638100729871604
0,0.9000000000000001,-0.28,2.5,0.02244847627359826
0,0.9000000000000001,-0.26,2.5,0.024392596797641407
0,0.9000000000000001,-0.24,2.5,0.026472434845205436
0,0.9000000000000001,-0.21999999999999997,2.5,0.02868856982718894
0,0.9000000000000001,-0.19999999999999996,2.5,0.03104002062865006
0,0.9000000000000001,-0.17999999999999994,2.5,0.033524090082984855
0,0.9000000000000001,-0.16000000000000003,2.5,0.036136226162347705
0,0.9000000000000001,-0.14,2.5,0.03886990477715702
0,0.9000000000000001,-0.12,2.5,0.04171653897921841
0,0.9000000000000001,-0.09999999999999998,2.5,0.044665419111865806
0,0.9000000000000001,-0.07999999999999996,2.5,0.047703688040953436
0,0.9000000000000001,-0.05999999999999994,2.5,0.050816355032150956
0,0.9000000000000001,-0.040000000000000036,2.5,0.05398635111815092
0,0.9000000000000001,-0.020000000000000018,2.5,0.057194627935455926
0,0.9000000000000001,0.0,2.5,0.06042030102179082
0,0.9000000000000001,0.020000000000000018,2.5,0.06364083747514698
0,0.9000000000000001,0.040000000000000036,2.5,0.06683228671262473
0,0.9000000000000001,0.06000000000000005,2.5,0.06996955186480527
0,0.9000000000000001,0.08000000000000007,2.5,0.07302669813614912
0,0.9000000000000001,0.10000000000000009,2.5,0.07597729329301817
0,0.9000000000000001,0.1200000000000001,2.5,0.07879477434844152
0,0.9000000000000001,0.14000000000000012,2.5,0.08145283353617241
0,0.9000000000000001,0.15999999999999992,2.5,0.08392581584323196
0,0.9000000000000001,0.17999999999999994,2.5,0.08618911973358091
0,0.9000000000000001,0.19999999999999996,2.5,0.08821959227415699
0,0.9000000000000001,0.21999999999999997,2.5,0.0899959096901083
0,0.9000000000000001,0.24,2.5,0.0914989344428797
0,0.9000000000000001,0.26,2.5,0.09271204024872468
0,0.9000000000000001,0.28,2.5,0.09362139703323946
0,0.9000000000000001,0.30000000000000004,2.5,0.09421620863772291
0,0.9000000000000001,0.32000000000000006,2.5,0.09448889713497174
0,0.9000000000000001,0.3400000000000001,2.5,0.09443522884691026
0,0.9000000000000001,0.3600000000000001,2.5,0.09405437854854476
0,0.9000000000000001,0.3800000000000001,2.5,0.09334892985064526
0,0.9000000000000001,0.40000000000000013,2.5,0.09232481133150072
0,0.9000000000000001,0.41999999999999993,2.5,0.09099116958763692
0,0.9000000000000001,0.43999999999999995,2.5,0.08936018194523403
0,0.9000000000000001,0.45999999999999996,2.5,0.08744681306975076
0,0.9000000000000001,0.48,2.5,0.08526852108525568
0,0.9000000000000001,0.5,2.5,0.0828449200257865
0,0.9000000000000001,0.52,2.5,0.0801974064531043
0,0.9000000000000001,0.54,2.5,0.07734875885988836
0,0.9000000000000001,0.56,2.5,0.0743227190141708
0,0.9000000000000001,0.5800000000000001,2.5,0.07114356467776158
0,0.9000000000000001,0.6000000000000001,2.5,0.06783568314577311
0,0.9000000000000001,0.6200000000000001,2.5,0.06442315481242245
0,0.9000000000000001,0.6400000000000001,2.5,0.060929355485167494
0,0.9000000000000001,0.6600000000000001,2.5,0.05737658546816314
0,0.9000000000000001,0.6799999999999999,2.5,0.0537857325473805
0,0.9000000000000001,0.7,2.5,0.05017597496975713
0,0.9000000000000001,0.72,2.5,0.046564529357923434
0,0.9000000000000001,0.74,2.5,0.04296644728334044
0,0.9000000000000001,0.76,2.5,0.0393944629775401
0,0.9000000000000001,0.78,2.5,0.0358588934355168
0,0.9000000000000001,0.8,2.5,0.032367590995613024
0,0.9000000000000001,0.8200000000000001,2.5,0.028925947399597272
0,0.9000000000000001,0.8400000000000001,2.5,0.025536947371312638
0,0.9000000000000001,0.8600000000000001,2.5,0.022201268920573263
0,0.9000000000000001,0.8800000000000001,2.5,0.01891742689057071
0,0.9000000000000001,0.9000000000000001,2.5,0.015681955722921973
0,0.9000000000000001,0.9199999999999999,2.5,0.012489627007499825
0,0.9000000000000001,0.94,2.5,0.00933369710018055
0,0.9000000000000001,0.96,2.5,0.006206179911091335
0,0.9000000000000001,0.98,2.5,0.003098139865976215
0,0.9000000000000001,1.0,2.5,0.0
0,0.9199999999999999,-1.0,2.5,0.0
0,0.9199999999999999,-0.98,2.5,0.00018426935134551107
0,0.9199999999999999,-0.96,2.5,0.0003688632856441656
0,0.9199999999999999,-0.94,2.5,0.0005541246383493622
0,0.9199999999999999,-0.92,2.5,0.000740432752970068
0,0.9199999999999999,-0.9,2.5,0.000928221747179747
0,0.9199999999999999,-0.88,2.5,0.0011179988047068466
0,0.9199999999999999,-0.86,2.5,0.001310362517053013
0,0.9199999999999999,-0.84,2.5,0.0015060213059799874
0,0.9199999999999999,-0.8200000000000001,2.5,0.0017058119591590979
0,0.9199999999999999,-0.8,2.5,0.0019107183037272487
0,0.9199999999999999,-0.78,2.5,0.0021218900223205495
0,0.9199999999999999,-0.76,2.5,0.0023406615806524974
0,0.9199999999999999,-0.74,2.5,0.0025685711829936215
0,0.9199999999999999,-0.72,2.5,0.002807379601304693
0,0.9199999999999999,-0.7,2.5,0.003059088635933825
0,0.9199999999999999,-0.6799999999999999,2.5,0.0033259588627752306
0,0.9199999999999999,-0.6599999999999999,2.5,0.0036105262070445644
0,0.9199999999999999,-0.64,2.5,0.003915616762041283
0,0.9199999999999999,-0.62,2.5,0.0042443591481812724
0,0.9199999999999999,-0.6,2.5,0.004600193589726402
0,0.9199999999999999,-0.5800000000000001,2.5,0.004986876781048123
0,0.9199999999999999,-0.56,2.5,0.00540848152817029
0,0.9199999999999999,-0.54,2.5,0.005869390091855304
0,0.9199999999999999,-0.52,2.5,0.006374280132323143
0,0.9199999999999999,-0.5,2.5,0.006928102168820637
0,0.9199999999999999,-0.48,2.5,0.007536047524724389
0,0.9199999999999999,-0.45999999999999996,2.5,0.008203505834507017
0,0.9199999999999999,-0.43999999999999995,2.5,0.008936011345159773
0,0.9199999999999999,-0.42000000000000004,2.5,0.009739177452392394
0,0.9199999999999999,-0.4,2.5,0.01061861917022207
0,0.9199999999999999,-0.38,2.5,0.011579863538638636
0,0.9199999999999999,-0.36,2.5,0.012628248323142771
0,0.9199999999999999,-0.33999999999999997,2.5,0.013768809745329442
0,0.9199999999999999,-0.31999999999999995,2.5,0.015006160396546534
0,0.9199999999999999,-0.29999999999999993,2.5,0.016344358916274664
0,0.9199999999999999,-0.28,2.5,0.01778677345073179
0,0.9199999999999999,-0.26,2.5,0.019335941331232058
0,0.9199999999999999,-0.24,2.5,0.020993427810721648
0,0.9199999999999999,-0.21999999999999997,2.5,0.02275968705456921
0,0.9199999999999999,-0.19999999999999996,2.5,0.024633928881704983
0,0.9199999999999999,-0.17999999999999994,2.5,0.02661399497848257
0,0.9199999999999999,-0.16000000000000003,2.5,0.028696248445033035
0,0.9199999999999999,-0.14,2.5,0.030875480568893752
0,0.9199999999999999,-0.12,2.5,0.033144838642173054
0,0.9199999999999999,-0.09999999999999998,2.5,0.0354957784383351
0,0.9199999999999999,-0.07999999999999996,2.5,0.037918044638382956
0,0.9199999999999999,-0.05999999999999994,2.5,0.040399682043478775
0,0.9199999999999999,-0.040000000000000036,2.5,0.04292707983612748
0,0.9199999999999999,-0.020000000000000018,2.5,0.0454850504640089
0,0.9199999999999999,0.0,2.5,0.048056943933246436
0,0.9199999999999999,0.020000000000000018,2.5,0.05062479742986776
0,0.9199999999999999,0.040000000000000036,2.5,0.05316951926223345
0,0.9199999999999999,0.06000000000000005,2.5,0.05567110515972529
0,0.9199999999999999,0.08000000000000007,2.5,0.058108884003295926
0,0.9199999999999999,0.10000000000000009,2.5,0.06046178913275355
0,0.9199999999999999,0.1200000000000001,2.5,0.06270865050580575
0,0.9199999999999999,0.14000000000000012,2.5,0.06482850220636052
0,0.9199999999999999,0.15999999999999992,2.5,0.06680089914409497
0,0.9199999999999999,0.17999999999999994,2.5,0.06860623628058513
0,0.9199999999999999,0.19999999999999996,2.5,0.07022606338192941
0,0.9199999999999999,0.21999999999999997,2.5,0.07164338815118072
0,0.9199999999999999,0.24,2.5,0.07284296064736588
0,0.9199999999999999,0.26,2.5,0.07381153215607894
0,0.9199999999999999,0.28,2.5,0.07453808213720423
0,0.9199999999999999,0.30000000000000004,2.5,0.07501400752875897
0,0.9199999999999999,0.32000000000000006,2.5,0.07523326951575023
0,0.9199999999999999,0.3400000000000001,2.5,0.07519249385651539
0,0.9199999999999999,0.3600000000000001,2.5,0.07489102196785438
0,0.9199999999999999,0.3800000000000001,2.5,0.07433091117131164
0,0.9199999999999999,0.40000000000000013,2.5,0.07351688375977074
0,0.9199999999999999,0.41999999999999993,2.5,0.07245622581750602
0,0.9199999999999999,0.43999999999999995,2.5,0.07115863797873093
0,0.9199999999999999,0.45999999999999996,2.5,0.06963604150096835
0,0.9199999999999999,0.48,2.5,0.06790234412383872
0,0.9199999999999999,0.5,2.5,0.06597317114815836
0,0.9199999999999999,0.52,2.5,0.06386556797620366
0,0.9199999999999999,0.54,2.5,0.0615976809788606
0,0.9199999999999999,0.56,2.5,0.05918842398277242
0,0.9199999999999999,0.5800000000000001,2.5,0.05665713789106123
0,0.9199999999999999,0.6000000000000001,2.5,0.0540232509625171
0,0.9199999999999999,0.6200000000000001,2.5,0.051305947081338246
0,0.9199999999999999,0.6400000000000001,2.5,0.048523848964600796
0,0.9199999999999999,0.6600000000000001,2.5,0.045694722696146
0,0.9199999999999999,0.6799999999999999,2.5,0.042835209267696094
0,0.9199999999999999,0.7,2.5,0.03996058797960731
0,0.9199999999999999,0.72,2.5,0.03708457563699174
0,0.9199999999999999,0.74,2.5,0.03421916450620024
0,0.9199999999999999,0.76,2.5,0.031374501006470705
0,0.9199999999999999,0.78,2.5,0.028558806135305134
0,0.9199999999999999,0.8,2.5,0.025778337694463666
0,0.9199999999999999,0.8200000000000001,2.5,0.023037393522727368
0,0.9199999999999999,0.8400000000000001,2.5,0.020338354172711966
0,0.9199999999999999,0.8600000000000001,2.5,0.017681762806571036
0,0.9199999999999999,0.8800000000000001,2.5,0.015066439537117057
0,0.9199999999999999,0.9000000000000001,2.5,0.012489627007499825
0,0.9199999999999999,0.9199999999999999,2.5,0.009947163678426326
0,0.9199999999999999,0.94,2.5,0.007433681065706552
0,0.9199999999999999,0.96,2.5,0.004942821027110735
0,0.9199999999999999,0.98,2.5,0.0024674691179109648
0,0.9199999999999999,1.0,2.5,0.0
0,0.94,-1.0,2.5,0.0
0,0.94,-0.98,2.5,0.00013531919150455804
0,0.94,-0.96,2.5,0.0002708847919950674
0,0.94,-0.94,2.5,0.00040695684211257665
0,0.94,-0.92,2.5,0.0005438226500962038
0,0.94,-0.9,2.5,0.000681810439436614
0,0.94,-0.88,2.5,0.0008213030210828028
0,0.94,-0.86,2.5,0.0009627515091386498
0,0.94,-0.84,2.5,0.0011066891035432524
0,0.94,-0.8200000000000001,2.5,0.0012537449636703475
0,0.94,-0.8,2.5,0.0014046581904235687
0,0.94,-0.78,2.5,0.0015602919187414556
0,0.94,-0.76,2.5,0.001721647495405576
0,0.94,-0.74,2.5,0.0018898786773024446
0,0.94,-0.72,2.5,0.002066305732334913
0,0.94,-0.7,2.5,0.0022524292595138876
0,0.94,-0.6799999999999999,2.5,0.0024499434679290523
0,0.94,-0.6599999999999999,2.5,0.002660748568853719
0,0.94,-0.64,2.5,0.002886961844663462
0,0.94,-0.62,2.5,0.003130926866796531
0,0.94,-0.6,2.5,0.0033952202475016416
0,0.94,-0.5800000000000001,2.5,0.0036826552318253575
0,0.94,-0.56,2.5,0.00399628137255347
0,0.94,-0.54,2.5,0.0043393794869215335
0,0.94,-0.52,2.5,0.004715451074826141
0,0.94,-0.5,2.5,0.005128201388461543
0,0.94,-0.48,2.5,0.005581515386527485
0,0.94,-0.45999999999999996,2.5,0.006079425885270274
0,0.94,-0.43999999999999995,2.5,0.006626073335453247
0,0.94,-0.42000000000000004,2.5,0.0072256568095462655
0,0.94,-0.4,2.5,0.00788237597631482
0,0.94,-0.38,2.5,0.0086003640685159
0,0.94,-0.36,2.5,0.009383612110036969
0,0.94,-0.33999999999999997,2.5,0.010235884956503297
0,0.94,-0.31999999999999995,2.5,0.011160630011580765
0,0.94,-0.29999999999999993,2.5,0.012160879801914545
0,0.94,-0.28,2.5,0.013239149917528222
0,0.94,-0.26,2.5,0.014397334141055429
0,0.94,-0.24,2.5,0.01563659888696077
0,0.94,-0.21999999999999997,2.5,0.016957279338897735
0,0.94,-0.19999999999999996,2.5,0.018358779897298064
0,0.94,-0.17999999999999994,2.5,0.019839481718160294
0,0.94,-0.16000000000000003,2.5,0.02139666022648731
0,0.94,-0.14,2.5,0.02302641551382598
0,0.94,-0.12,2.5,0.02472361847055285
0,0.94,-0.09999999999999998,2.5,0.026481875353857487
0,0.94,-0.07999999999999996,2.5,0.028293513248456074
0,0.94,-0.05999999999999994,2.5,0.030149588538692564
0,0.94,-0.040000000000000036,2.5,0.03203992008103587
0,0.94,-0.020000000000000018,2.5,0.03395314825181523
0,0.94,0.0,2.5,0.03587682045671878
0,0.94,0.020000000000000018,2.5,0.03779750303995009
0,0.94,0.040000000000000036,2.5,0.039700918839021264
0,0.94,0.06000000000000005,2.5,0.04157210891571983
0,0.94,0.08000000000000007,2.5,0.043395616276709244
0,0.94,0.10000000000000009,2.5,0.04515568870180363
0,0.94,0.1200000000000001,2.5,0.046836497148041244
0,0.94,0.14000000000000012,2.5,0.04842236561676738
0,0.94,0.15999999999999992,2.5,0.04989800788122898
0,0.94,0.17999999999999994,2.5,0.051248766093654766
0,0.94,0.19999999999999996,2.5,0.052460846040323264
0,0.94,0.21999999999999997,2.5,0.0535215437036958
0,0.94,0.24,2.5,0.05441945783078658
0,0.94,0.26,2.5,0.055144683400036774
0,0.94,0.28,2.5,0.05568898122327359
0,0.94,0.30000000000000004,2.5,0.05604591940777027
0,0.94,0.32000000000000006,2.5,0.056210983023723064
0,0.94,0.3400000000000001,2.5,0.056181649057592174
0,0.94,0.3600000000000001,2.5,0.05595742456047715
0,0.94,0.3800000000000001,2.5,0.055539846798323016
0,0.94,0.40000000000000013,2.5,0.054932445150026696
0,0.94,0.41999999999999993,2.5,0.05414066545160989
0,0.94,0.43999999999999995,2.5,0.053171758420202206
0,0.94,0.45999999999999996,2.5,0.05203463468184503
0,0.94,0.48,2.5,0.050739689744881564
0,0.94,0.5,2.5,0.04929860298130743
0,0.94,0.52,2.5,0.04772411528072899
0,0.94,0.54,2.5,0.046029790508501894
0,0.94,0.56,2.5,0.044229766218963254
0,0.94,0.5800000000000001,2.5,0.04233849923936495
0,0.94,0.6000000000000001,2.5,0.04037051174850321
0,0.94,0.6200000000000001,2.5,0.038340143329876945
0,0.94,0.6400000000000001,2.5,0.03626131419148517
0,0.94,0.6600000000000001,2.5,0.034147304326926996
0,0.94,0.6799999999999999,2.5,0.03201055286338316
0,0.94,0.7,2.5,0.029862481222904157
0,0.94,0.72,2.5,0.027713343038309798
0,0.94,0.74,2.5,0.025572103039488817
0,0.94,0.76,2.5,0.023446346385840696
0,0.94,0.78,2.5,0.021342219190985483
0,0.94,0.8,2.5,0.01926440028956246
0,0.94,0.8200000000000001,2.5,0.017216103652654375
0,0.94,0.8400000000000001,2.5,0.015199110283750638
0,0.94,0.8600000000000001,2.5,0.013213827932081399
0,0.94,0.8800000000000001,2.5,0.011259376550372693
0,0.94,0.9000000000000001,2.5,0.00933369710018055
0,0.94,0.9199999999999999,2.5,0.007433681065706552
0,0.94,0.94,2.5,0.005555317867950773
0,0.94,0.96,2.5,0.003693857263593407
0,0.94,0.98,2.5,0.001843983753502517
0,0.94,1.0,2.5,0.0
0,0.96,-1.0,2.5,0.0
0,0.96,-0.98,2.5,8.884625801519315e-05
0,0.96,-0.96,2.5,0.00017785817779199145
0,0.96,-0.94,2.5,0.0002672104809466453
0,0.96,-0.92,2.5,0.0003570960126047429
0,0.96,-0.9,2.5,0.00044773481465235375
0,0.96,-0.88,2.5,0.0005393832178154486
0,0.96,-0.86,2.5,0.0006323429656162899
0,0.96,-0.84,2.5,0.0007269703860042599
0,0.96,-0.8200000000000001,2.5,0.000823685626446925
0,0.96,-0.8,2.5,0.0009229819637355169
0,0.96,-0.78,2.5,0.0010254351890664017
0,0.96,-0.76,2.5,0.0011317130507626989
0,0.96,-0.74,2.5,0.0012425847104080242
0,0.96,-0.72,2.5,0.0013589301328629372
0,0.96,-0.7,2.5,0.001481749286963691
0,0.96,-0.6799999999999999,2.5,0.0016121709826867016
0,0.96,-0.6599999999999999,2.5,0.0017514611138936481
0,0.96,-0.64,2.5,0.001901030015752765
0,0.96,-0.62,2.5,0.0020624385853762113
0,0.96,-0.6,2.5,0.0022374027563254175
0,0.96,-0.5800000000000001,2.5,0.002427795865868623
0,0.96,-0.56,2.5,0.002635648411778141
0,0.96,-0.54,2.5,0.002863144666526628
0,0.96,-0.52,2.5,0.003112615604278273
0,0.96,-0.5,2.5,0.0033865276030294565
0,0.96,-0.48,2.5,0.0036874664131228375
0,0.96,-0.45999999999999996,2.5,0.004018115936042895
0,0.96,-0.43999999999999995,2.5,0.004381231435113188
0,0.96,-0.42000000000000004,2.5,0.004779606902885829
0,0.96,-0.4,2.5,0.0052160364382076675
0,0.96,-0.38,2.5,0.00569326963780145
0,0.96,-0.36,2.5,0.006213961180372198
0,0.96,-0.33999999999999997,2.5,0.006780614972394149
0,0.96,-0.31999999999999995,2.5,0.00739552342950553
0,0.96,-0.29999999999999993,2.5,0.008060702680524607
0,0.96,-0.28,2.5,0.008777824696294739
0,0.96,-0.26,2.5,0.009548147555887806
0,0.96,-0.24,2.5,0.01037244526054978
0,0.96,-0.21999999999999997,2.5,0.01125093868316327
0,0.96,-0.19999999999999996,2.5,0.01218322938978555
0,0.96,-0.17999999999999994,2.5,0.013168238181999527
0,0.96,-0.16000000000000003,2.5,0.014204150276865328
0,0.96,-0.14,2.5,0.015288369058473137
0,0.96,-0.12,2.5,0.016417480295933446
0,0.96,-0.09999999999999998,2.5,0.017587228623061564
0,0.96,-0.07999999999999996,2.5,0.018792507912794833
0,0.96,-0.05999999999999994,2.5,0.020027366954371194
0,0.96,-0.040000000000000036,2.5,0.021285031555610748
0,0.96,-0.020000000000000018,2.5,0.022557943850770493
0,0.96,0.0,2.5,0.023837819203277263
0,0.96,0.020000000000000018,2.5,0.02511572066138556
0,0.96,0.040000000000000036,2.5,0.0263821504647769
0,0.96,0.06000000000000005,2.5,0.027627157624451566
0,0.96,0.08000000000000007,2.5,0.028840460121518658
0,0.96,0.10000000000000009,2.5,0.03001157980815054
0,0.96,0.1200000000000001,2.5,0.031129987661889395
0,0.96,0.14000000000000012,2.5,0.03218525665829918
0,0.96,0.15999999999999992,2.5,0.033167219201408554
0,0.96,0.17999999999999994,2.5,0.03406612579976897
0,0.96,0.19999999999999996,2.5,0.03487280150947848
0,0.96,0.21999999999999997,2.5,0.035578796592831384
0,0.96,0.24,2.5,0.036176527867980084
0,0.96,0.26,2.5,0.0366594073534513
0,0.96,0.28,2.5,0.03702195504035881
0,0.96,0.30000000000000004,2.5,0.03725989294997969
0,0.96,0.32000000000000006,2.5,0.037370218046859624
0,0.96,0.3400000000000001,2.5,0.03735125206645889
0,0.96,0.3600000000000001,2.5,0.037202666867422074
0,0.96,0.3800000000000001,2.5,0.03692548451543366
0,0.96,0.40000000000000013,2.5,0.036522051930186226
0,0.96,0.41999999999999993,2.5,0.035995990560071765
0,0.96,0.43999999999999995,2.5,0.03535212217130066
0,0.96,0.45999999999999996,2.5,0.034596372430110565
0,0.96,0.48,2.5,0.03373565450046548
0,0.96,0.5,2.5,0.03277773535878225
0,0.96,0.52,2.5,0.03173108792766881
0,0.96,0.54,2.5,0.030604732441105884
0,0.96,0.56,2.5,0.029408070665813763
0,0.96,0.5800000000000001,2.5,0.028150716713025235
0,0.96,0.6000000000000001,2.5,0.026842328180429982
0,0.96,0.6200000000000001,2.5,0.02549244126816389
0,0.96,0.6400000000000001,2.5,0.02411031332136832
0,0.96,0.6600000000000001,2.5,0.022704775974237444
0,0.96,0.6799999999999999,2.5,0.021284101718635907
0,0.96,0.7,2.5,0.01985588630864359
0,0.96,0.72,2.5,0.018426948956799253
0,0.96,0.74,2.5,0.017003251795370242
0,0.96,0.76,2.5,0.015589839583873324
0,0.96,0.78,2.5,0.014190800158906837
0,0.96,0.8,2.5,0.012809245659342388
0,0.96,0.8200000000000001,2.5,0.011447314132171116
0,0.96,0.8400000000000001,2.5,0.010106190742203211
0,0.96,0.8600000000000001,2.5,0.00878614747961607
0,0.96,0.8800000000000001,2.5,0.0074865999868638155
0,0.96,0.9000000000000001,2.5,0.006206179911091335
0,0.96,0.9199999999999999,2.5,0.004942821027110735
0,0.96,0.94,2.5,0.003693857263593407
0,0.96,0.96,2.5,0.0024561306936750032
0,0.96,0.98,2.5,0.0012261075116122404
0,0.96,1.0,2.5,0.0
0,0.98,-1.0,2.5,0.0
0,0.98,-0.98,2.5,4.40144222237864e-05
0,0.98,-0.96,2.5,8.811208682570656e-05
0,0.98,-0.94,2.5,0.00013238075765017746
0,0.98,-0.92,2.5,0.00017691724365477768
0,0.98,-0.9,2.5,0.00022183192788859818
0,0.98,-0.88,2.5,0.00026725330661753557
0,0.98,-0.86,2.5,0.00031333254524717536
0,0.98,-0.84,2.5,0.00036024805898193026
0,0.98,-0.8200000000000001,2.5,0.0004082101260621021
0,0.98,-0.8,2.5,0.00045746553906757405
0,0.98,-0.78,2.5,0.0005083022943559774
0,0.98,-0.76,2.5,0.0005610543105499885
0,0.98,-0.74,2.5,0.0006161061536637932
0,0.98,-0.72,2.5,0.0006738977288091925
0,0.98,-0.7,2.5,0.0007349288766184642
0,0.98,-0.6799999999999999,2.5,0.0007997637870749875
0,0.98,-0.6599999999999999,2.5,0.0008690351151968455
0,0.98,-0.64,2.5,0.0009434476531184749
0,0.98,-0.62,2.5,0.0010237813829613533
0,0.98,-0.6,2.5,0.0011108937060708777
0,0.98,-0.5800000000000001,2.5,0.001205720618441077
0,0.98,-0.56,2.5,0.0013092765812189415
0,0.98,-0.54,2.5,0.001422652820817149
0,0.98,-0.52,2.5,0.0015470137870097326
0,0.98,-0.5,2.5,0.0016835915009130887
0,0.98,-0.48,2.5,0.0018336775392054257
0,0.98,-0.45999999999999996,2.5,0.0019986124272611547
0,0.98,-0.43999999999999995,2.5,0.002179772252678723
0,0.98,-0.42000000000000004,2.5,0.002378552362176935
0,0.98,-0.4,2.5,0.0025963480688105385
0,0.98,-0.38,2.5,0.00283453237223222
0,0.98,-0.36,2.5,0.0030944307811383073
0,0.98,-0.33999999999999997,2.5,0.0033772934224120203
0,0.98,-0.31999999999999995,2.5,0.003684264723653594
0,0.98,-0.29999999999999993,2.5,0.004016351062110785
0,0.98,-0.28,2.5,0.004374386880400116
0,0.98,-0.26,2.5,0.0047589998743549945
0,0.98,-0.24,2.5,0.005170575957061785
0,0.98,-0.21999999999999997,2.5,0.005609224791657896
0,0.98,-0.19999999999999996,2.5,0.006074746759702217
0,0.98,-0.17999999999999994,2.5,0.006566602287895937
0,0.98,-0.16000000000000003,2.5,0.007083884489874749
0,0.98,-0.14,2.5,0.007625296088363381
0,0.98,-0.12,2.5,0.008189131563414033
0,0.98,-0.09999999999999998,2.5,0.00877326542272646
0,0.98,-0.07999999999999996,2.5,0.00937514740905824
0,0.98,-0.05999999999999994,2.5,0.0099918053474035
0,0.98,-0.040000000000000036,2.5,0.010619856192001316
0,0.98,-0.020000000000000018,2.5,0.011255525662574865
0,0.98,0.0,2.5,0.011894676663937453
0,0.98,0.020000000000000018,2.5,0.012532846467825716
0,0.98,0.040000000000000036,2.5,0.013165292406183868
0,0.98,0.06000000000000005,2.5,0.013787045587683611
0,0.98,0.08000000000000007,2.5,0.014392971911288565
0,0.98,0.10000000000000009,2.5,0.014977839419888785
0,0.98,0.1200000000000001,2.5,0.015536390821355925
0,0.98,0.14000000000000012,2.5,0.016063419811600588
0,0.98,0.15999999999999992,2.5,0.01655384967172024
0,0.98,0.17999999999999994,2.5,0.017002812485736995
0,0.98,0.19999999999999996,2.5,0.017405727242341917
0,0.98,0.21999999999999997,2.5,0.017758375047795375
0,0.98,0.24,2.5,0.01805696969049482
0,0.98,0.26,2.5,0.018298221861865558
0,0.98,0.28,2.5,0.018479395452564665
0,0.98,0.30000000000000004,2.5,0.018598354505157816
0,0.98,0.32000000000000006,2.5,0.018653599610362823
0,0.98,0.3400000000000001,2.5,0.01864429277799972
0,0.98,0.3600000000000001,2.5,0.01857027008889337
0,0.98,0.3800000000000001,2.5,0.018432041731946784
0,0.98,0.40000000000000013,2.5,0.018230779342393498
0,0.98,0.41999999999999993,2.5,0.017968290873278815
0,0.98,0.43999999999999995,2.5,0.01764698354277256
0,0.98,0.45999999999999996,2.5,0.017269815695422838
0,0.98,0.48,2.5,0.016840238686894122
0,0.98,0.5,2.5,0.016362130140915622
0,0.98,0.52,2.5,0.0158397201270652
0,0.98,0.54,2.5,0.015277511962983105
0,0.98,0.56,2.5,0.014680199450588273
0,0.98,0.5800000000000001,2.5,0.014052582410512899
0,0.98,0.6000000000000001,2.5,0.013399482381728974
0,0.98,0.6200000000000001,2.5,0.01272566030546106
0,0.98,0.6400000000000001,2.5,0.012035737916946614
0,0.98,0.6600000000000001,2.5,0.01133412443001254
0,0.98,0.6799999999999999,2.5,0.01062494992378833
0,0.98,0.7,2.5,0.009912006635330947
0,0.98,0.72,2.5,0.009198699134497498
0,0.98,0.74,2.5,0.008488004116554393
0,0.98,0.76,2.5,0.0077824403023444184
0,0.98,0.78,2.5,0.0070840486936296024
0,0.98,0.8,2.5,0.006394383200084187
0,0.98,0.8200000000000001,2.5,0.0057145114408706415
0,0.98,0.8400000000000001,2.5,0.005045025332983242
0,0.98,0.8600000000000001,2.5,0.004386060914200943
0,0.98,0.8800000000000001,2.5,0.003737326712464298
0,0.98,0.9000000000000001,2.5,0.003098139865976215
0,0.98,0.9199999999999999,2.5,0.0024674691179109648
0,0.98,0.94,2.5,0.001843983753502517
0,0.98,0.96,2.5,0.0012261075116122404
0,0.98,0.98,2.5,0.0006120764831285703
0,0.98,1.0,2.5,0.0
0,1.0,-1.0,2.5,0.0
0,1.0,-0.98,2.5,0.0
0,1.0,-0.96,2.5,0.0
0,1.0,-0.94,2.5,0.0
0,1.0,-0.92,2.5,0.0
0,1.0,-0.9,2.5,0.0
0,1.0,-0.88,2.5,0.0
0,1.0,-0.86,2.5,0.0
0,1.0,-0.84,2.5,0.0
0,1.0,-0.8200000000000001,2.5,0.0
0,1.0,-0.8,2.5,0.0
0,1.0,-0.78,2.5,0.0
0,1.0,-0.76,2.5,0.0
0,1.0,-0.74,2.5,0.0
0,1.0,-0.72,2.5,0.0
0,1.0,-0.7,2.5,0.0
0,1.0,-0.6799999999999999,2.5,0.0
0,1.0,-0.6599999999999999,2.5,0.0
0,1.0,-0.64,2.5,0.0
0,1.0,-0.62,2.5,0.0
0,1.0,-0.6,2.5,0.0
0,1.0,-0.5800000000000001,2.5,0.0
0,1.0,-0.56,2.5,0.0
0,1.0,-0.54,2.5,0.0
0,1.0,-0.52,2.5,0.0
0,1.0,-0.5,2.5,0.0
0,1.0,-0.48,2.5,0.0
0,1.0,-0.45999999999999996,2.5,0.0
0,1.0,-0.43999999999999995,2.5,0.0
0,1.0,-0.42000000000000004,2.5,0.0
0,1.0,-0.4,2.5,0.0
0,1.0,-0.38,2.5,0.0
0,1.0,-0.36,2.5,0.0
0,1.0,-0.33999999999999997,2.5,0.0
0,1.0,-0.31999999999999995,2.5,0.0
0,1.0,-0.29999999999999993,2.5,0.0
0,1.0,-0.28,2.5,0.0
0,1.0,-0.26,2.5,0.0
0,1.0,-0.24,2.5,0.0
0,1.0,-0.21999999999999997,2.5,0.0
0,1.0,-0.19999999999999996,2.5,0.0
0,1.0,-0.17999999999999994,2.5,0.0
0,1.0,-0.16000000000000003,2.5,0.0
0,1.0,-0.14,2.5,0.0
0,1.0,-0.12,2.5,0.0
0,1.0,-0.09999999999999998,2.5,0.0
0,1.0,-0.07999999999999996,2.5,0.0
0,1.0,-0.05999999999999994,2.5,0.0
0,1.0,-0.040000000000000036,2.5,0.0
0,1.0,-0.020000000000000018,2.5,0.0
0,1.0,0.0,2.5,0.0
0,1.0,0.020000000000000018,2.5,0.0
0,1.0,0.040000000000000036,2.5,0.0
0,1.0,0.06000000000000005,2.5,0.0
0,1.0,0.08000000000000007,2.5,0.0
0,1.0,0.10000000000000009,2.5,0.0
0,1.0,0.1200000000000001,2.5,0.0
0,1.0,0.14000000000000012,2.5,0.0
0,1.0,0.15999999999999992,2.5,0.0
0,1.0,0.17999999999999994,2.5,0.0
0,1.0,0.19999999999999996,2.5,0.0
0,1.0,0.21999999999999997,2.5,0.0
0,1.0,0.24,2.5,0.0
0,1.0,0.26,2.5,0.0
0,1.0,0.28,2.5,0.0
0,1.0,0.30000000000000004,2.5,0.0
0,1.0,0.32000000000000006,2.5,0.0
0,1.0,0.3400000000000001,2.5,0.0
0,1.0,0.3600000000000001,2.5,0.0
0,1.0,0.3800000000000001,2.5,0.0
0,1.0,0.40000000000000013,2.5,0.0
0,1.0,0.41999999999999993,2.5,0.0
0,1.0,0.43999999999999995,2.5,0.0
0,1.0,0.45999999999999996,2.5,0.0
0,1.0,0.48,2.5,0.0
0,1.0,0.5,2.5,0.0
0,1.0,0.52,2.5,0.0
0,1.0,0.54,2.5,0.0
0,1.0,0.56,2.5,0.0
0,1.0,0.5800000000000001,2.5,0.0
0,1.0,0.6000000000000001,2.5,0.0
0,1.0,0.6200000000000001,2.5,0.0
0,1.0,0.6400000000000001,2.5,0.0
0,1.0,0.6600000000000001,2.5,0.0
0,1.0,0.6799999999999999,2.5,0.0
0,1.0,0.7,2.5,0.0
0,1.0,0.72,2.5,0.0
0,1.0,0.74,2.5,0.0
0,1.0,0.76,2.5,0.0
0,1.0,0.78,2.5,0.0
0,1.0,0.8,2.5,0.0
0,1.0,0.8200000000000001,2.5,0.0
0,1.0,0.8400000000000001,2.5,0.0
0,1.0,0.8600000000000001,2.5,0.0
0,1.0,0.8800000000000001,2.5,0.0
0,1.0,0.9000000000000001,2.5,0.0
0,1.0,0.9199999999999999,2.5,0.0
0,1.0,0.94,2.5,0.0
0,1.0,0.96,2.5,0.0
0,1.0,0.98,2.5,0.0
0,1.0,1.0,2.5,0.0
