sensor_id,x,y,time,temperature
0,0.0,0.0,0.0,1.0
0,0.0,0.0,0.0016,1.0
0,0.0,0.0,0.0032,1.0
0,0.0,0.0,0.0048000000000000004,1.0
0,0.0,0.0,0.0064,1.0
0,0.0,0.0,0.008,1.0
0,0.0,0.0,0.009600000000000001,1.0
0,0.0,0.0,0.0112,1.0
0,0.0,0.0,0.0128,1.0
0,0.0,0.0,0.014400000000000001,1.0
0,0.0,0.0,0.016,1.0
0,0.0,0.0,0.0176,1.0
0,0.0,0.0,0.019200000000000002,1.0
0,0.0,0.0,0.020800000000000003,1.0
0,0.0,0.0,0.0224,1.0
0,0.0,0.0,0.024,1.0
0,0.0,0.0,0.0256,1.0
0,0.0,0.0,0.027200000000000002,1.0
0,0.0,0.0,0.028800000000000003,1.0
0,0.0,0.0,0.0304,1.0
0,0.0,0.0,0.032,1.0
0,0.0,0.0,0.033600000000000005,1.0
0,0.0,0.0,0.0352,1.0
0,0.0,0.0,0.0368,1.0
0,0.0,0.0,0.038400000000000004,1.0
0,0.0,0.0,0.04,1.0
0,0.0,0.0,0.041600000000000005,1.0
0,0.0,0.0,0.0432,1.0
0,0.0,0.0,0.0448,1.0
0,0.0,0.0,0.046400000000000004,1.0
0,0.0,0.0,0.048,1.0
0,0.0,0.0,0.049600000000000005,1.0
0,0.0,0.0,0.0512,1.0
0,0.0,0.0,0.0528,1.0
0,0.0,0.0,0.054400000000000004,1.0
0,0.0,0.0,0.056,1.0
0,0.0,0.0,0.057600000000000005,1.0
0,0.0,0.0,0.0592,1.0
0,0.0,0.0,0.0608,1.0
0,0.0,0.0,0.062400000000000004,1.0
0,0.0,0.0,0.064,1.0
0,0.0,0.0,0.0656,1.0
0,0.0,0.0,0.06720000000000001,1.0
0,0.0,0.0,0.0688,1.0
0,0.0,0.0,0.0704,1.0
0,0.0,0.0,0.07200000000000001,1.0
0,0.0,0.0,0.0736,1.0
0,0.0,0.0,0.0752,1.0
0,0.0,0.0,0.07680000000000001,1.0
0,0.0,0.0,0.0784,1.0
0,0.0,0.0,0.08,1.0
0,0.0,0.0,0.0816,1.0
0,0.0,0.0,0.08320000000000001,1.0
0,0.0,0.0,0.0848,1.0
0,0.0,0.0,0.0864,1.0
0,0.0,0.0,0.08800000000000001,1.0
0,0.0,0.0,0.0896,1.0
0,0.0,0.0,0.0912,1.0
0,0.0,0.0,0.09280000000000001,1.0
0,0.0,0.0,0.0944,1.0
0,0.0,0.0,0.096,1.0
0,0.0,0.0,0.0976,1.0
0,0.0,0.0,0.09920000000000001,1.0
0,0.0,0.0,0.1008,1.0
0,0.0,0.0,0.1024,1.0
0,0.0,0.0,0.10400000000000001,1.0
0,0.0,0.0,0.1056,1.0
0,0.0,0.0,0.1072,1.0
0,0.0,0.0,0.10880000000000001,1.0
0,0.0,0.0,0.11040000000000001,1.0
0,0.0,0.0,0.112,1.0
0,0.0,0.0,0.1136,1.0
0,0.0,0.0,0.11520000000000001,1.0
0,0.0,0.0,0.1168,1.0
0,0.0,0.0,0.1184,1.0
0,0.0,0.0,0.12000000000000001,1.0
0,0.0,0.0,0.1216,1.0
0,0.0,0.0,0.1232,0.9999999999999994
0,0.0,0.0,0.12480000000000001,0.9999999999999988
0,0.0,0.0,0.1264,0.9999999999999981
0,0.0,0.0,0.128,0.9999999999999974
0,0.0,0.0,0.1296,0.9999999999999968
0,0.0,0.0,0.1312,0.9999999999999961
0,0.0,0.0,0.1328,0.9999999999999954
0,0.0,0.0,0.13440000000000002,0.9999999999999941
0,0.0,0.0,0.136,0.9999999999999928
0,0.0,0.0,0.1376,0.9999999999999909
0,0.0,0.0,0.13920000000000002,0.9999999999999887
0,0.0,0.0,0.1408,0.9999999999999859
0,0.0,0.0,0.1424,0.9999999999999825
0,0.0,0.0,0.14400000000000002,0.9999999999999782
0,0.0,0.0,0.1456,0.9999999999999731
0,0.0,0.0,0.1472,0.9999999999999668
0,0.0,0.0,0.14880000000000002,0.9999999999999591
0,0.0,0.0,0.1504,0.9999999999999499
0,0.0,0.0,0.152,0.9999999999999388
0,0.0,0.0,0.15360000000000001,0.9999999999999254
0,0.0,0.0,0.1552,0.9999999999999093
0,0.0,0.0,0.1568,0.9999999999998899
0,0.0,0.0,0.1584,0.9999999999998667
0,0.0,0.0,0.16,0.9999999999998388
0,0.0,0.0,0.16160000000000002,0.9999999999998057
0,0.0,0.0,0.1632,0.9999999999997663
0,0.0,0.0,0.1648,0.9999999999997197
0,0.0,0.0,0.16640000000000002,0.9999999999996645
0,0.0,0.0,0.168,0.9999999999995993
0,0.0,0.0,0.1696,0.9999999999995224
0,0.0,0.0,0.17120000000000002,0.9999999999994322
0,0.0,0.0,0.1728,0.9999999999993265
0,0.0,0.0,0.1744,0.9999999999992027
0,0.0,0.0,0.17600000000000002,0.9999999999990582
0,0.0,0.0,0.1776,0.9999999999988897
0,0.0,0.0,0.1792,0.9999999999986935
0,0.0,0.0,0.18080000000000002,0.9999999999984656
0,0.0,0.0,0.1824,0.9999999999982014
0,0.0,0.0,0.184,0.9999999999978959
0,0.0,0.0,0.18560000000000001,0.9999999999975429
0,0.0,0.0,0.1872,0.9999999999971357
0,0.0,0.0,0.1888,0.9999999999966671
0,0.0,0.0,0.1904,0.9999999999961289
0,0.0,0.0,0.192,0.9999999999955111
0,0.0,0.0,0.19360000000000002,0.9999999999948037
0,0.0,0.0,0.1952,0.9999999999939947
0,0.0,0.0,0.1968,0.9999999999930709
0,0.0,0.0,0.19840000000000002,0.9999999999920178
0,0.0,0.0,0.2,0.999999999990819
0,0.0,0.0,0.2016,0.9999999999894562
0,0.0,0.0,0.20320000000000002,0.9999999999879096
0,0.0,0.0,0.2048,0.9999999999861566
0,0.0,0.0,0.2064,0.9999999999841729
0,0.0,0.0,0.20800000000000002,0.9999999999819308
0,0.0,0.0,0.2096,0.9999999999794001
0,0.0,0.0,0.2112,0.9999999999765476
0,0.0,0.0,0.21280000000000002,0.9999999999733366
0,0.0,0.0,0.2144,0.9999999999697268
0,0.0,0.0,0.216,0.9999999999656736
0,0.0,0.0,0.21760000000000002,0.9999999999611283
0,0.0,0.0,0.2192,0.9999999999560376
0,0.0,0.0,0.22080000000000002,0.9999999999503427
0,0.0,0.0,0.22240000000000001,0.9999999999439797
0,0.0,0.0,0.224,0.9999999999368785
0,0.0,0.0,0.22560000000000002,0.9999999999289626
0,0.0,0.0,0.2272,0.9999999999201485
0,0.0,0.0,0.2288,0.9999999999103454
0,0.0,0.0,0.23040000000000002,0.9999999998994541
0,0.0,0.0,0.232,0.9999999998873672
0,0.0,0.0,0.2336,0.9999999998739676
0,0.0,0.0,0.23520000000000002,0.9999999998591284
0,0.0,0.0,0.2368,0.9999999998427118
0,0.0,0.0,0.2384,0.999999999824569
0,0.0,0.0,0.24000000000000002,0.9999999998045384
0,0.0,0.0,0.2416,0.9999999997824452
0,0.0,0.0,0.2432,0.9999999997581013
0,0.0,0.0,0.24480000000000002,0.9999999997313028
0,0.0,0.0,0.2464,0.9999999997018304
0,0.0,0.0,0.248,0.9999999996694473
0,0.0,0.0,0.24960000000000002,0.9999999996338992
0,0.0,0.0,0.25120000000000003,0.9999999995949115
0,0.0,0.0,0.2528,0.9999999995521902
0,0.0,0.0,0.2544,0.9999999995054186
0,0.0,0.0,0.256,0.9999999994542574
0,0.0,0.0,0.2576,0.9999999993983426
0,0.0,0.0,0.2592,0.999999999337284
0,0.0,0.0,0.26080000000000003,0.999999999270664
0,0.0,0.0,0.2624,0.9999999991980356
0,0.0,0.0,0.264,0.9999999991189211
0,0.0,0.0,0.2656,0.9999999990328102
0,0.0,0.0,0.2672,0.9999999989391581
0,0.0,0.0,0.26880000000000004,0.9999999988373834
0,0.0,0.0,0.27040000000000003,0.9999999987268664
0,0.0,0.0,0.272,0.9999999986069469
0,0.0,0.0,0.2736,0.9999999984769222
0,0.0,0.0,0.2752,0.9999999983360447
0,0.0,0.0,0.2768,0.9999999981835191
0,0.0,0.0,0.27840000000000004,0.9999999980185015
0,0.0,0.0,0.28,0.9999999978400944
0,0.0,0.0,0.2816,0.9999999976473466
0,0.0,0.0,0.2832,0.9999999974392487
0,0.0,0.0,0.2848,0.9999999972147315
0,0.0,0.0,0.2864,0.9999999969726621
0,0.0,0.0,0.28800000000000003,0.9999999967118415
0,0.0,0.0,0.2896,0.9999999964310012
0,0.0,0.0,0.2912,0.9999999961288001
0,0.0,0.0,0.2928,0.9999999958038212
0,0.0,0.0,0.2944,0.9999999954545679
0,0.0,0.0,0.29600000000000004,0.9999999950794609
0,0.0,0.0,0.29760000000000003,0.999999994676834
0,0.0,0.0,0.2992,0.9999999942449307
0,0.0,0.0,0.3008,0.9999999937819
0,0.0,0.0,0.3024,0.9999999932857927
0,0.0,0.0,0.304,0.9999999927545572
0,0.0,0.0,0.30560000000000004,0.9999999921860347
0,0.0,0.0,0.30720000000000003,0.9999999915779559
0,0.0,0.0,0.3088,0.9999999909279352
0,0.0,0.0,0.3104,0.999999990233467
0,0.0,0.0,0.312,0.9999999894919208
0,0.0,0.0,0.3136,0.9999999887005361
0,0.0,0.0,0.31520000000000004,0.9999999878564174
0,0.0,0.0,0.3168,0.9999999869565293
0,0.0,0.0,0.3184,0.9999999859976907
0,0.0,0.0,0.32,0.99999998497657
0,0.0,0.0,0.3216,0.9999999838896798
0,0.0,0.0,0.32320000000000004,0.9999999827333702
0,0.0,0.0,0.32480000000000003,0.9999999815038239
0,0.0,0.0,0.3264,0.9999999801970496
0,0.0,0.0,0.328,0.9999999788088768
0,0.0,0.0,0.3296,0.9999999773349489
0,0.0,0.0,0.3312,0.9999999757707172
0,0.0,0.0,0.33280000000000004,0.9999999741114343
0,0.0,0.0,0.33440000000000003,0.9999999723521474
0,0.0,0.0,0.336,0.9999999704876922
0,0.0,0.0,0.3376,0.999999968512685
0,0.0,0.0,0.3392,0.9999999664215169
0,0.0,0.0,0.3408,0.9999999642083456
0,0.0,0.0,0.34240000000000004,0.9999999618670886
0,0.0,0.0,0.34400000000000003,0.9999999593914163
0,0.0,0.0,0.3456,0.9999999567747433
0,0.0,0.0,0.3472,0.9999999540102221
0,0.0,0.0,0.3488,0.9999999510907344
0,0.0,0.0,0.3504,0.9999999480088829
0,0.0,0.0,0.35200000000000004,0.9999999447569847
0,0.0,0.0,0.3536,0.9999999413270619
0,0.0,0.0,0.3552,0.9999999377108334
0,0.0,0.0,0.3568,0.9999999338997068
0,0.0,0.0,0.3584,0.9999999298847698
0,0.0,0.0,0.36000000000000004,0.9999999256567815
0,0.0,0.0,0.36160000000000003,0.9999999212061638
0,0.0,0.0,0.3632,0.9999999165229917
0,0.0,0.0,0.3648,0.9999999115969853
0,0.0,0.0,0.3664,0.9999999064175
0,0.0,0.0,0.368,0.9999999009735174
0,0.0,0.0,0.36960000000000004,0.9999998952536361
0,0.0,0.0,0.37120000000000003,0.999999889246062
0,0.0,0.0,0.3728,0.9999998829385984
0,0.0,0.0,0.3744,0.9999998763186371
0,0.0,0.0,0.376,0.9999998693731476
0,0.0,0.0,0.3776,0.9999998620886679
0,0.0,0.0,0.37920000000000004,0.9999998544512944
0,0.0,0.0,0.3808,0.9999998464466713
0,0.0,0.0,0.3824,0.9999998380599809
0,0.0,0.0,0.384,0.9999998292759332
0,0.0,0.0,0.3856,0.9999998200787551
0,0.0,0.0,0.38720000000000004,0.9999998104521802
0,0.0,0.0,0.38880000000000003,0.9999998003794383
0,0.0,0.0,0.3904,0.9999997898432442
0,0.0,0.0,0.392,0.9999997788257883
0,0.0,0.0,0.3936,0.9999997673087241
0,0.0,0.0,0.3952,0.999999755273158
0,0.0,0.0,0.39680000000000004,0.9999997426996386
0,0.0,0.0,0.39840000000000003,0.9999997295681453
0,0.0,0.0,0.4,0.9999997158580775
0,0.0,0.0,0.4016,0.9999997015482426
0,0.0,0.0,0.4032,0.9999996866168458
0,0.0,0.0,0.4048,0.9999996710414784
0,0.0,0.0,0.40640000000000004,0.999999654799106
0,0.0,0.0,0.40800000000000003,0.999999637866058
0,0.0,0.0,0.4096,0.9999996202180153
0,0.0,0.0,0.4112,0.9999996018299991
0,0.0,0.0,0.4128,0.9999995826763598
0,0.0,0.0,0.41440000000000005,0.9999995627307642
0,0.0,0.0,0.41600000000000004,0.9999995419661857
0,0.0,0.0,0.4176,0.9999995203548908
0,0.0,0.0,0.4192,0.9999994978684288
0,0.0,0.0,0.4208,0.9999994744776197
0,0.0,0.0,0.4224,0.9999994501525418
0,0.0,0.0,0.42400000000000004,0.9999994248625208
0,0.0,0.0,0.42560000000000003,0.9999993985761181
0,0.0,0.0,0.4272,0.9999993712611182
0,0.0,0.0,0.4288,0.9999993428845175
0,0.0,0.0,0.4304,0.999999313412513
0,0.0,0.0,0.432,0.9999992828104896
0,0.0,0.0,0.43360000000000004,0.9999992510430085
0,0.0,0.0,0.43520000000000003,0.9999992180737962
0,0.0,0.0,0.4368,0.9999991838657322
0,0.0,0.0,0.4384,0.9999991483808369
0,0.0,0.0,0.44,0.9999991115802604
0,0.0,0.0,0.44160000000000005,0.9999990734242711
0,0.0,0.0,0.44320000000000004,0.9999990338722431
0,0.0,0.0,0.44480000000000003,0.9999989928826453
0,0.0,0.0,0.4464,0.9999989504130293
0,0.0,0.0,0.448,0.9999989064200188
0,0.0,0.0,0.4496,0.9999988608592966
0,0.0,0.0,0.45120000000000005,0.9999988136855941
0,0.0,0.0,0.45280000000000004,0.9999987648526796
0,0.0,0.0,0.4544,0.999998714313347
0,0.0,0.0,0.456,0.9999986620194043
0,0.0,0.0,0.4576,0.9999986079216627
0,0.0,0.0,0.4592,0.9999985519699247
0,0.0,0.0,0.46080000000000004,0.9999984941129733
0,0.0,0.0,0.46240000000000003,0.999998434298561
0,0.0,0.0,0.464,0.9999983724733985
0,0.0,0.0,0.4656,0.9999983085831443
0,0.0,0.0,0.4672,0.9999982425723929
0,0.0,0.0,0.46880000000000005,0.999998174384665
0,0.0,0.0,0.47040000000000004,0.9999981039623964
0,0.0,0.0,0.47200000000000003,0.9999980312469267
0,0.0,0.0,0.4736,0.9999979561784896
0,0.0,0.0,0.4752,0.9999978786962026
0,0.0,0.0,0.4768,0.9999977987380556
0,0.0,0.0,0.47840000000000005,0.9999977162409016
0,0.0,0.0,0.48000000000000004,0.9999976311404463
0,0.0,0.0,0.48160000000000003,0.9999975433712375
0,0.0,0.0,0.4832,0.9999974528666562
0,0.0,0.0,0.4848,0.9999973595589061
0,0.0,0.0,0.4864,0.9999972633790035
0,0.0,0.0,0.48800000000000004,0.9999971642567685
0,0.0,0.0,0.48960000000000004,0.9999970621208152
0,0.0,0.0,0.4912,0.9999969568985417
0,0.0,0.0,0.4928,0.9999968485161222
0,0.0,0.0,0.4944,0.9999967368984968
0,0.0,0.0,0.496,0.9999966219693622
0,0.0,0.0,0.49760000000000004,0.9999965036511644
0,0.0,0.0,0.49920000000000003,0.9999963818650887
0,0.0,0.0,0.5008,0.9999962565310508
0,0.0,0.0,0.5024000000000001,0.9999961275676897
0,0.0,0.0,0.504,0.9999959948923579
0,0.0,0.0,0.5056,0.9999958584211145
0,0.0,0.0,0.5072,0.9999957180687162
0,0.0,0.0,0.5088,0.9999955737486101
0,0.0,0.0,0.5104000000000001,0.9999954253729254
0,0.0,0.0,0.512,0.9999952728524659
0,0.0,0.0,0.5136000000000001,0.999995116096703
0,0.0,0.0,0.5152,0.9999949550137679
0,0.0,0.0,0.5168,0.9999947895104446
0,0.0,0.0,0.5184,0.9999946194921631
0,0.0,0.0,0.52,0.9999944448629923
0,0.0,0.0,0.5216000000000001,0.9999942655256335
0,0.0,0.0,0.5232,0.9999940813814143
0,0.0,0.0,0.5248,0.9999938923302809
0,0.0,0.0,0.5264,0.9999936982707939
0,0.0,0.0,0.528,0.9999934991001205
0,0.0,0.0,0.5296000000000001,0.9999932947140294
0,0.0,0.0,0.5312,0.9999930850068856
0,0.0,0.0,0.5328,0.999992869871644
0,0.0,0.0,0.5344,0.9999926491998448
0,0.0,0.0,0.536,0.9999924228816073
0,0.0,0.0,0.5376000000000001,0.9999921908056266
0,0.0,0.0,0.5392,0.999991952859167
0,0.0,0.0,0.5408000000000001,0.9999917089280584
0,0.0,0.0,0.5424,0.9999914588966918
0,0.0,0.0,0.544,0.9999912026480144
0,0.0,0.0,0.5456,0.999990940063526
0,0.0,0.0,0.5472,0.9999906710232747
0,0.0,0.0,0.5488000000000001,0.9999903954058535
0,0.0,0.0,0.5504,0.9999901130883968
0,0.0,0.0,0.552,0.9999898239465764
0,0.0,0.0,0.5536,0.9999895278545989
0,0.0,0.0,0.5552,0.999989224685202
0,0.0,0.0,0.5568000000000001,0.9999889143096521
0,0.0,0.0,0.5584,0.9999885965977418
0,0.0,0.0,0.56,0.9999882714177869
0,0.0,0.0,0.5616,0.9999879386366244
0,0.0,0.0,0.5632,0.9999875981196101
0,0.0,0.0,0.5648000000000001,0.999987249730617
0,0.0,0.0,0.5664,0.9999868933320328
0,0.0,0.0,0.5680000000000001,0.9999865287847595
0,0.0,0.0,0.5696,0.9999861559482106
0,0.0,0.0,0.5712,0.9999857746803109
0,0.0,0.0,0.5728,0.9999853848374954
0,0.0,0.0,0.5744,0.9999849862747074
0,0.0,0.0,0.5760000000000001,0.999984578845399
0,0.0,0.0,0.5776,0.99998416240153
0,0.0,0.0,0.5792,0.9999837367935673
0,0.0,0.0,0.5808,0.9999833018704858
0,0.0,0.0,0.5824,0.9999828574797672
0,0.0,0.0,0.5840000000000001,0.999982403467401
0,0.0,0.0,0.5856,0.9999819396778843
0,0.0,0.0,0.5872,0.9999814659542231
0,0.0,0.0,0.5888,0.9999809821379324
0,0.0,0.0,0.5904,0.9999804880690372
0,0.0,0.0,0.5920000000000001,0.9999799835860739
0,0.0,0.0,0.5936,0.9999794685260912
0,0.0,0.0,0.5952000000000001,0.9999789427246519
0,0.0,0.0,0.5968,0.9999784060158342
0,0.0,0.0,0.5984,0.9999778582322335
0,0.0,0.0,0.6,0.9999772992049649
0,0.0,0.0,0.6016,0.9999767287636641
0,0.0,0.0,0.6032000000000001,0.9999761467364912
0,0.0,0.0,0.6048,0.9999755529501323
0,0.0,0.0,0.6064,0.9999749472298022
0,0.0,0.0,0.608,0.9999743293992469
0,0.0,0.0,0.6096,0.9999736992807478
0,0.0,0.0,0.6112000000000001,0.9999730566951233
0,0.0,0.0,0.6128,0.9999724014617328
0,0.0,0.0,0.6144000000000001,0.9999717333984808
0,0.0,0.0,0.616,0.9999710523218193
0,0.0,0.0,0.6176,0.9999703580467518
0,0.0,0.0,0.6192000000000001,0.9999696503868386
0,0.0,0.0,0.6208,0.9999689291541992
0,0.0,0.0,0.6224000000000001,0.9999681941595174
0,0.0,0.0,0.624,0.9999674452120454
0,0.0,0.0,0.6256,0.9999666821196087
0,0.0,0.0,0.6272,0.9999659046886108
0,0.0,0.0,0.6288,0.9999651127240374
0,0.0,0.0,0.6304000000000001,0.9999643060294625
0,0.0,0.0,0.632,0.9999634844070527
0,0.0,0.0,0.6336,0.9999626476575729
0,0.0,0.0,0.6352,0.9999617955803918
0,0.0,0.0,0.6368,0.9999609279734868
0,0.0,0.0,0.6384000000000001,0.9999600446334512
0,0.0,0.0,0.64,0.9999591453554986
0,0.0,0.0,0.6416000000000001,0.9999582299334696
0,0.0,0.0,0.6432,0.9999572981598384
0,0.0,0.0,0.6448,0.9999563498257181
0,0.0,0.0,0.6464000000000001,0.9999553847208678
0,0.0,0.0,0.648,0.999954402633699
0,0.0,0.0,0.6496000000000001,0.9999534033512826
0,0.0,0.0,0.6512,0.9999523866593553
0,0.0,0.0,0.6528,0.9999513523423266
0,0.0,0.0,0.6544,0.9999503001832861
0,0.0,0.0,0.656,0.9999492299640109
0,0.0,0.0,0.6576000000000001,0.9999481414649724
0,0.0,0.0,0.6592,0.999947034465344
0,0.0,0.0,0.6608,0.9999459087430093
0,0.0,0.0,0.6624,0.9999447640745682
0,0.0,0.0,0.664,0.9999436002353466
0,0.0,0.0,0.6656000000000001,0.999942416999403
0,0.0,0.0,0.6672,0.9999412141395375
0,0.0,0.0,0.6688000000000001,0.999939991427299
0,0.0,0.0,0.6704,0.9999387486329939
0,0.0,0.0,0.672,0.9999374855256953
0,0.0,0.0,0.6736000000000001,0.9999362018732497
0,0.0,0.0,0.6752,0.9999348974422875
0,0.0,0.0,0.6768000000000001,0.9999335719982299
0,0.0,0.0,0.6784,0.9999322253052993
0,0.0,0.0,0.68,0.9999308571265269
0,0.0,0.0,0.6816,0.9999294672237626
0,0.0,0.0,0.6832,0.9999280553576838
0,0.0,0.0,0.6848000000000001,0.9999266212878042
0,0.0,0.0,0.6864,0.9999251647724835
0,0.0,0.0,0.6880000000000001,0.9999236855689366
0,0.0,0.0,0.6896,0.9999221834332436
0,0.0,0.0,0.6912,0.9999206581203579
0,0.0,0.0,0.6928000000000001,0.9999191093841177
0,0.0,0.0,0.6944,0.999917536977254
0,0.0,0.0,0.6960000000000001,0.9999159406514019
0,0.0,0.0,0.6976,0.999914320157109
0,0.0,0.0,0.6992,0.9999126752438465
0,0.0,0.0,0.7008,0.9999110056600188
0,0.0,0.0,0.7024,0.9999093111529733
0,0.0,0.0,0.7040000000000001,0.9999075914690111
0,0.0,0.0,0.7056,0.999905846353397
0,0.0,0.0,0.7072,0.9999040755503699
0,0.0,0.0,0.7088,0.9999022788031529
0,0.0,0.0,0.7104,0.9999004558539641
0,0.0,0.0,0.7120000000000001,0.999898606444027
0,0.0,0.0,0.7136,0.9998967303135807
0,0.0,0.0,0.7152000000000001,0.9998948272018912
0,0.0,0.0,0.7168,0.999892896847262
0,0.0,0.0,0.7184,0.9998909389870441
0,0.0,0.0,0.7200000000000001,0.9998889533576476
0,0.0,0.0,0.7216,0.9998869396945524
0,0.0,0.0,0.7232000000000001,0.9998848977323187
0,0.0,0.0,0.7248,0.9998828272045985
0,0.0,0.0,0.7264,0.9998807278441465
0,0.0,0.0,0.728,0.9998785993828307
0,0.0,0.0,0.7296,0.9998764415516445
0,0.0,0.0,0.7312000000000001,0.9998742540807162
0,0.0,0.0,0.7328,0.9998720366993222
0,0.0,0.0,0.7344,0.9998697891358971
0,0.0,0.0,0.736,0.9998675111180445
0,0.0,0.0,0.7376,0.9998652023725495
0,0.0,0.0,0.7392000000000001,0.9998628626253894
0,0.0,0.0,0.7408,0.9998604916017453
0,0.0,0.0,0.7424000000000001,0.999858089026013
0,0.0,0.0,0.744,0.9998556546218155
0,0.0,0.0,0.7456,0.999853188112013
0,0.0,0.0,0.7472000000000001,0.9998506892187161
0,0.0,0.0,0.7488,0.9998481576632959
0,0.0,0.0,0.7504000000000001,0.9998455931663964
0,0.0,0.0,0.752,0.9998429954479459
0,0.0,0.0,0.7536,0.9998403642271683
0,0.0,0.0,0.7552,0.9998376992225952
0,0.0,0.0,0.7568,0.9998350001520774
0,0.0,0.0,0.7584000000000001,0.9998322667327961
0,0.0,0.0,0.76,0.9998294986812755
0,0.0,0.0,0.7616,0.9998266957133933
0,0.0,0.0,0.7632,0.9998238575443938
0,0.0,0.0,0.7648,0.9998209838888986
0,0.0,0.0,0.7664000000000001,0.9998180744609184
0,0.0,0.0,0.768,0.9998151289738657
0,0.0,0.0,0.7696000000000001,0.999812147140565
0,0.0,0.0,0.7712,0.9998091286732662
0,0.0,0.0,0.7728,0.9998060732836553
0,0.0,0.0,0.7744000000000001,0.9998029806828663
0,0.0,0.0,0.776,0.9997998505814932
0,0.0,0.0,0.7776000000000001,0.9997966826896019
0,0.0,0.0,0.7792,0.9997934767167417
0,0.0,0.0,0.7808,0.9997902323719572
0,0.0,0.0,0.7824,0.9997869493638
0,0.0,0.0,0.784,0.9997836274003405
0,0.0,0.0,0.7856000000000001,0.99978026618918
0,0.0,0.0,0.7872,0.9997768654374618
0,0.0,0.0,0.7888000000000001,0.9997734248518831
0,0.0,0.0,0.7904,0.999769944138708
0,0.0,0.0,0.792,0.999766423003777
0,0.0,0.0,0.7936000000000001,0.9997628611525207
0,0.0,0.0,0.7952,0.99975925828997
0,0.0,0.0,0.7968000000000001,0.9997556141207695
0,0.0,0.0,0.7984,0.9997519283491877
0,0.0,0.0,0.8,0.9997482006791293
0,0.0,0.0,0.8016000000000001,0.9997444308141465
0,0.0,0.0,0.8032,0.9997406184574515
0,0.0,0.0,0.8048000000000001,0.9997367633119273
0,0.0,0.0,0.8064,0.999732865080139
0,0.0,0.0,0.808,0.999728923464347
0,0.0,0.0,0.8096,0.999724938166517
0,0.0,0.0,0.8112,0.9997209088883314
0,0.0,0.0,0.8128000000000001,0.9997168353312025
0,0.0,0.0,0.8144,0.9997127171962822
0,0.0,0.0,0.8160000000000001,0.9997085541844746
0,0.0,0.0,0.8176,0.9997043459964472
0,0.0,0.0,0.8192,0.9997000923326418
0,0.0,0.0,0.8208000000000001,0.9996957928932865
0,0.0,0.0,0.8224,0.999691447378407
0,0.0,0.0,0.8240000000000001,0.9996870554878373
0,0.0,0.0,0.8256,0.999682616921232
0,0.0,0.0,0.8272,0.9996781313780766
0,0.0,0.0,0.8288000000000001,0.9996735985576994
0,0.0,0.0,0.8304,0.9996690181592827
0,0.0,0.0,0.8320000000000001,0.9996643898818733
0,0.0,0.0,0.8336,0.9996597134243945
0,0.0,0.0,0.8352,0.9996549884856566
0,0.0,0.0,0.8368,0.9996502147643679
0,0.0,0.0,0.8384,0.9996453919591464
0,0.0,0.0,0.8400000000000001,0.9996405197685302
0,0.0,0.0,0.8416,0.9996355978909885
0,0.0,0.0,0.8432000000000001,0.9996306260249329
0,0.0,0.0,0.8448,0.9996256038687279
0,0.0,0.0,0.8464,0.9996205311207018
0,0.0,0.0,0.8480000000000001,0.9996154074791574
0,0.0,0.0,0.8496,0.9996102326423831
0,0.0,0.0,0.8512000000000001,0.9996050063086631
0,0.0,0.0,0.8528,0.9995997281762887
0,0.0,0.0,0.8544,0.9995943979435684
0,0.0,0.0,0.8560000000000001,0.9995890153088387
0,0.0,0.0,0.8576,0.9995835799704741
0,0.0,0.0,0.8592000000000001,0.9995780916268988
0,0.0,0.0,0.8608,0.9995725499765956
0,0.0,0.0,0.8624,0.9995669547181179
0,0.0,0.0,0.864,0.9995613055500986
0,0.0,0.0,0.8656,0.999555602171261
0,0.0,0.0,0.8672000000000001,0.9995498442804293
0,0.0,0.0,0.8688,0.9995440315765385
0,0.0,0.0,0.8704000000000001,0.9995381637586446
0,0.0,0.0,0.872,0.9995322405259346
0,0.0,0.0,0.8736,0.9995262615777367
0,0.0,0.0,0.8752000000000001,0.9995202266135302
0,0.0,0.0,0.8768,0.9995141353329556
0,0.0,0.0,0.8784000000000001,0.9995079874358239
0,0.0,0.0,0.88,0.9995017826221274
0,0.0,0.0,0.8816,0.999495520592049
0,0.0,0.0,0.8832000000000001,0.9994892010459717
0,0.0,0.0,0.8848,0.9994828236844885
0,0.0,0.0,0.8864000000000001,0.9994763882084119
0,0.0,0.0,0.888,0.999469894318784
0,0.0,0.0,0.8896000000000001,0.9994633417168852
0,0.0,0.0,0.8912,0.9994567301042444
0,0.0,0.0,0.8928,0.9994500591826482
0,0.0,0.0,0.8944000000000001,0.9994433286541492
0,0.0,0.0,0.896,0.9994365382210774
0,0.0,0.0,0.8976000000000001,0.9994296875860473
0,0.0,0.0,0.8992,0.999422776451969
0,0.0,0.0,0.9008,0.9994158045220555
0,0.0,0.0,0.9024000000000001,0.9994087714998328
0,0.0,0.0,0.904,0.9994016770891493
0,0.0,0.0,0.9056000000000001,0.9993945209941834
0,0.0,0.0,0.9072,0.9993873029194535
0,0.0,0.0,0.9088,0.9993800225698268
0,0.0,0.0,0.9104000000000001,0.9993726796505272
0,0.0,0.0,0.912,0.9993652738671451
0,0.0,0.0,0.9136000000000001,0.9993578049256452
0,0.0,0.0,0.9152,0.9993502725323754
0,0.0,0.0,0.9168000000000001,0.9993426763940756
0,0.0,0.0,0.9184,0.999335016217886
0,0.0,0.0,0.92,0.9993272917113551
0,0.0,0.0,0.9216000000000001,0.9993195025824491
0,0.0,0.0,0.9232,0.9993116485395586
0,0.0,0.0,0.9248000000000001,0.9993037292915085
0,0.0,0.0,0.9264,0.999295744547565
0,0.0,0.0,0.928,0.9992876940174444
0,0.0,0.0,0.9296000000000001,0.9992795774113206
0,0.0,0.0,0.9312,0.9992713944398336
0,0.0,0.0,0.9328000000000001,0.9992631448140972
0,0.0,0.0,0.9344,0.9992548282457067
0,0.0,0.0,0.936,0.999246444446747
0,0.0,0.0,0.9376000000000001,0.9992379931298004
0,0.0,0.0,0.9392,0.9992294740079539
0,0.0,0.0,0.9408000000000001,0.9992208867948069
0,0.0,0.0,0.9424,0.9992122312044793
0,0.0,0.0,0.9440000000000001,0.9992035069516183
0,0.0,0.0,0.9456,0.9991947137514061
0,0.0,0.0,0.9472,0.9991858513195674
0,0.0,0.0,0.9488000000000001,0.9991769193723764
0,0.0,0.0,0.9504,0.9991679176266646
0,0.0,0.0,0.9520000000000001,0.9991588457998274
0,0.0,0.0,0.9536,0.9991497036098316
0,0.0,0.0,0.9552,0.9991404907752223
0,0.0,0.0,0.9568000000000001,0.9991312070151299
0,0.0,0.0,0.9584,0.999121852049277
0,0.0,0.0,0.9600000000000001,0.9991124255979854
0,0.0,0.0,0.9616,0.9991029273821831
0,0.0,0.0,0.9632000000000001,0.9990933571234103
0,0.0,0.0,0.9648,0.999083714543827
0,0.0,0.0,0.9664,0.9990739993662191
0,0.0,0.0,0.9680000000000001,0.999064211314005
0,0.0,0.0,0.9696,0.9990543501112428
0,0.0,0.0,0.9712000000000001,0.9990444154826351
0,0.0,0.0,0.9728,0.999034407153537
0,0.0,0.0,0.9744,0.9990243248499618
0,0.0,0.0,0.9760000000000001,0.9990141682985876
0,0.0,0.0,0.9776,0.9990039372267624
0,0.0,0.0,0.9792000000000001,0.9989936313625115
0,0.0,0.0,0.9808,0.9989832504345433
0,0.0,0.0,0.9824,0.9989727941722547
0,0.0,0.0,0.9840000000000001,0.9989622623057375
0,0.0,0.0,0.9856,0.9989516545657843
0,0.0,0.0,0.9872000000000001,0.9989409706838941
0,0.0,0.0,0.9888,0.9989302103922786
0,0.0,0.0,0.9904000000000001,0.9989193734238667
0,0.0,0.0,0.992,0.998908459512312
0,0.0,0.0,0.9936,0.9988974683919964
0,0.0,0.0,0.9952000000000001,0.9988863997980372
0,0.0,0.0,0.9968,0.9988752534662914
0,0.0,0.0,0.9984000000000001,0.9988640291333618
0,0.0,0.0,1.0,0.9988527265366025
0,0.0,0.0,1.0016,0.9988413454141231
0,0.0,0.0,1.0032,0.9988298855047952
0,0.0,0.0,1.0048000000000001,0.9988183465482566
0,0.0,0.0,1.0064,0.9988067282849172
0,0.0,0.0,1.008,0.9987950304559633
0,0.0,0.0,1.0096,0.9987832528033631
0,0.0,0.0,1.0112,0.9987713950698711
0,0.0,0.0,1.0128000000000001,0.9987594569990333
0,0.0,0.0,1.0144,0.9987474383351925
0,0.0,0.0,1.016,0.998735338823492
0,0.0,0.0,1.0176,0.9987231582098808
0,0.0,0.0,1.0192,0.9987108962411186
0,0.0,0.0,1.0208000000000002,0.9986985526647797
0,0.0,0.0,1.0224,0.9986861272292576
0,0.0,0.0,1.024,0.9986736196837701
0,0.0,0.0,1.0256,0.998661029778363
0,0.0,0.0,1.0272000000000001,0.9986483572639148
0,0.0,0.0,1.0288000000000002,0.9986356018921405
0,0.0,0.0,1.0304,0.9986227634155964
0,0.0,0.0,1.032,0.9986098415876843
0,0.0,0.0,1.0336,0.9985968361626547
0,0.0,0.0,1.0352000000000001,0.998583746895612
0,0.0,0.0,1.0368,0.9985705735425179
0,0.0,0.0,1.0384,0.9985573158601951
0,0.0,0.0,1.04,0.9985439736063317
0,0.0,0.0,1.0416,0.998530546539485
0,0.0,0.0,1.0432000000000001,0.9985170344190849
0,0.0,0.0,1.0448,0.9985034370054378
0,0.0,0.0,1.0464,0.9984897540597301
0,0.0,0.0,1.048,0.9984759853440323
0,0.0,0.0,1.0496,0.9984621306213018
0,0.0,0.0,1.0512000000000001,0.9984481896553875
0,0.0,0.0,1.0528,0.998434162211032
0,0.0,0.0,1.0544,0.9984200480538754
0,0.0,0.0,1.056,0.9984058469504592
0,0.0,0.0,1.0576,0.9983915586682292
0,0.0,0.0,1.0592000000000001,0.998377182975538
0,0.0,0.0,1.0608,0.9983627196416497
0,0.0,0.0,1.0624,0.9983481684367416
0,0.0,0.0,1.064,0.9983335291319082
0,0.0,0.0,1.0656,0.9983188014991637
0,0.0,0.0,1.0672000000000001,0.9983039853114452
0,0.0,0.0,1.0688,0.9982890803426154
0,0.0,0.0,1.0704,0.9982740863674658
0,0.0,0.0,1.072,0.9982590031617192
0,0.0,0.0,1.0736,0.9982438305020327
0,0.0,0.0,1.0752000000000002,0.9982285681659999
0,0.0,0.0,1.0768,0.9982132159321546
0,0.0,0.0,1.0784,0.9981977735799724
0,0.0,0.0,1.08,0.9981822408898736
0,0.0,0.0,1.0816000000000001,0.9981666176432258
0,0.0,0.0,1.0832000000000002,0.9981509036223463
0,0.0,0.0,1.0848,0.9981350986105044
0,0.0,0.0,1.0864,0.998119202391924
0,0.0,0.0,1.088,0.9981032147517858
0,0.0,0.0,1.0896000000000001,0.9980871354762294
0,0.0,0.0,1.0912,0.9980709643523558
0,0.0,0.0,1.0928,0.9980547011682293
0,0.0,0.0,1.0944,0.9980383457128795
0,0.0,0.0,1.096,0.9980218977763046
0,0.0,0.0,1.0976000000000001,0.9980053571494714
0,0.0,0.0,1.0992,0.9979887236243189
0,0.0,0.0,1.1008,0.9979719969937597
0,0.0,0.0,1.1024,0.9979551770516818
0,0.0,0.0,1.104,0.99793826359295
0,0.0,0.0,1.1056000000000001,0.9979212564134091
0,0.0,0.0,1.1072,0.9979041553098843
0,0.0,0.0,1.1088,0.9978869600801833
0,0.0,0.0,1.1104,0.9978696705230982
0,0.0,0.0,1.112,0.9978522864384067
0,0.0,0.0,1.1136000000000001,0.9978348076268746
0,0.0,0.0,1.1152,0.9978172338902559
0,0.0,0.0,1.1168,0.9977995650312954
0,0.0,0.0,1.1184,0.99778180085373
0,0.0,0.0,1.12,0.9977639411622895
0,0.0,0.0,1.1216000000000002,0.9977459857626988
0,0.0,0.0,1.1232,0.9977279344616783
0,0.0,0.0,1.1248,0.9977097870669458
0,0.0,0.0,1.1264,0.9976915433872178
0,0.0,0.0,1.1280000000000001,0.9976732032322103
0,0.0,0.0,1.1296000000000002,0.9976547664126403
0,0.0,0.0,1.1312,0.9976362327402264
0,0.0,0.0,1.1328,0.9976176020276905
0,0.0,0.0,1.1344,0.9975988740887582
0,0.0,0.0,1.1360000000000001,0.9975800487381605
0,0.0,0.0,1.1376,0.9975611257916343
0,0.0,0.0,1.1392,0.9975421050659227
0,0.0,0.0,1.1408,0.9975229863787776
0,0.0,0.0,1.1424,0.9975037695489588
0,0.0,0.0,1.1440000000000001,0.9974844543962357
0,0.0,0.0,1.1456,0.9974650407413874
0,0.0,0.0,1.1472,0.9974455284062043
0,0.0,0.0,1.1488,0.9974259172134878
0,0.0,0.0,1.1504,0.9974062069870522
0,0.0,0.0,1.1520000000000001,0.9973863975517239
0,0.0,0.0,1.1536,0.9973664887333424
0,0.0,0.0,1.1552,0.9973464803587617
0,0.0,0.0,1.1568,0.9973263722558496
0,0.0,0.0,1.1584,0.997306164253489
0,0.0,0.0,1.1600000000000001,0.9972858561815773
0,0.0,0.0,1.1616,0.9972654478710283
0,0.0,0.0,1.1632,0.9972449391537712
0,0.0,0.0,1.1648,0.9972243298627516
0,0.0,0.0,1.1664,0.9972036198319314
0,0.0,0.0,1.1680000000000001,0.9971828088962894
0,0.0,0.0,1.1696,0.9971618968918213
0,0.0,0.0,1.1712,0.99714088365554
0,0.0,0.0,1.1728,0.9971197690254751
0,0.0,0.0,1.1744,0.9970985528406742
0,0.0,0.0,1.1760000000000002,0.9970772349412019
0,0.0,0.0,1.1776,0.9970558151681408
0,0.0,0.0,1.1792,0.9970342933635901
0,0.0,0.0,1.1808,0.997012669370667
0,0.0,0.0,1.1824000000000001,0.996990943033506
0,0.0,0.0,1.1840000000000002,0.9969691141972589
0,0.0,0.0,1.1856,0.9969471827080947
0,0.0,0.0,1.1872,0.996925148413199
0,0.0,0.0,1.1888,0.9969030111607746
0,0.0,0.0,1.1904000000000001,0.9968807708000408
0,0.0,0.0,1.192,0.9968584271812334
0,0.0,0.0,1.1936,0.9968359801556038
0,0.0,0.0,1.1952,0.9968134295754195
0,0.0,0.0,1.1968,0.9967907752939636
0,0.0,0.0,1.1984000000000001,0.996768017165534
0,0.0,0.0,1.2,0.996745155045443
0,0.0,0.0,1.2016,0.9967221887900177
0,0.0,0.0,1.2032,0.9966991182565987
0,0.0,0.0,1.2048,0.9966759433035398
0,0.0,0.0,1.2064000000000001,0.9966526637902078
0,0.0,0.0,1.208,0.9966292795769816
0,0.0,0.0,1.2096,0.9966057905252516
0,0.0,0.0,1.2112,0.9965821964974195
0,0.0,0.0,1.2128,0.9965584973568976
0,0.0,0.0,1.2144000000000001,0.9965346929681077
0,0.0,0.0,1.216,0.9965107831964805
0,0.0,0.0,1.2176,0.996486767908456
0,0.0,0.0,1.2192,0.9964626469714812
0,0.0,0.0,1.2208,0.99643842025401
0,0.0,0.0,1.2224000000000002,0.9964140876255027
0,0.0,0.0,1.224,0.9963896489564249
0,0.0,0.0,1.2256,0.9963651041182467
0,0.0,0.0,1.2272,0.996340452983442
0,0.0,0.0,1.2288000000000001,0.9963156954254871
0,0.0,0.0,1.2304000000000002,0.9962908313188606
0,0.0,0.0,1.232,0.9962658605390419
0,0.0,0.0,1.2336,0.9962407829625098
0,0.0,0.0,1.2352,0.9962155984667432
0,0.0,0.0,1.2368000000000001,0.9961903069302183
0,0.0,0.0,1.2384000000000002,0.996164908232408
0,0.0,0.0,1.24,0.996139402253782
0,0.0,0.0,1.2416,0.996113788875804
0,0.0,0.0,1.2432,0.996088067980932
0,0.0,0.0,1.2448000000000001,0.9960622394526163
0,0.0,0.0,1.2464,0.9960363031752989
0,0.0,0.0,1.248,0.9960102590344121
0,0.0,0.0,1.2496,0.9959841069163771
0,0.0,0.0,1.2512,0.9959578467086034
0,0.0,0.0,1.2528000000000001,0.9959314782994872
0,0.0,0.0,1.2544,0.9959050015784099
0,0.0,0.0,1.256,0.9958784164357372
0,0.0,0.0,1.2576,0.9958517227628176
0,0.0,0.0,1.2592,0.9958249204519817
0,0.0,0.0,1.2608000000000001,0.9957980093965396
0,0.0,0.0,1.2624,0.995770989490781
0,0.0,0.0,1.264,0.9957438606299728
0,0.0,0.0,1.2656,0.995716622710358
0,0.0,0.0,1.2672,0.9956892756291545
0,0.0,0.0,1.2688000000000001,0.9956618192845538
0,0.0,0.0,1.2704,0.9956342535757184
0,0.0,0.0,1.272,0.9956065784027823
0,0.0,0.0,1.2736,0.9955787936668475
0,0.0,0.0,1.2752000000000001,0.9955508992699842
0,0.0,0.0,1.2768000000000002,0.9955228951152278
0,0.0,0.0,1.2784,0.9954947811065784
0,0.0,0.0,1.28,0.9954665571489989
0,0.0,0.0,1.2816,0.9954382231484135
0,0.0,0.0,1.2832000000000001,0.9954097790117058
0,0.0,0.0,1.2848000000000002,0.9953812246467175
0,0.0,0.0,1.2864,0.9953525599622471
0,0.0,0.0,1.288,0.9953237848680473
0,0.0,0.0,1.2896,0.9952948992748242
0,0.0,0.0,1.2912000000000001,0.9952659030942356
0,0.0,0.0,1.2928000000000002,0.9952367962388883
0,0.0,0.0,1.2944,0.9952075786223378
0,0.0,0.0,1.296,0.9951782501590856
0,0.0,0.0,1.2976,0.995148810764578
0,0.0,0.0,1.2992000000000001,0.9951192603552036
0,0.0,0.0,1.3008,0.995089598848293
0,0.0,0.0,1.3024,0.9950598261621153
0,0.0,0.0,1.304,0.9950299422158774
0,0.0,0.0,1.3056,0.9949999469297214
0,0.0,0.0,1.3072000000000001,0.9949698402247239
0,0.0,0.0,1.3088,0.9949396220228932
0,0.0,0.0,1.3104,0.9949092922471677
0,0.0,0.0,1.312,0.9948788508214143
0,0.0,0.0,1.3136,0.9948482976704263
0,0.0,0.0,1.3152000000000001,0.994817632719921
0,0.0,0.0,1.3168,0.9947868558965386
0,0.0,0.0,1.3184,0.9947559671278404
0,0.0,0.0,1.32,0.994724966342306
0,0.0,0.0,1.3216,0.9946938534693316
0,0.0,0.0,1.3232000000000002,0.9946626284392288
0,0.0,0.0,1.3248,0.9946312911832219
0,0.0,0.0,1.3264,0.9945998416334456
0,0.0,0.0,1.328,0.9945682797229441
0,0.0,0.0,1.3296000000000001,0.9945366053856681
0,0.0,0.0,1.3312000000000002,0.9945048185564735
0,0.0,0.0,1.3328,0.9944729191711188
0,0.0,0.0,1.3344,0.9944409071662633
0,0.0,0.0,1.336,0.9944087824794651
0,0.0,0.0,1.3376000000000001,0.9943765450491787
0,0.0,0.0,1.3392000000000002,0.9943441948147538
0,0.0,0.0,1.3408,0.9943117317164321
0,0.0,0.0,1.3424,0.9942791556953459
0,0.0,0.0,1.344,0.9942464666935158
0,0.0,0.0,1.3456000000000001,0.9942136646538489
0,0.0,0.0,1.3472000000000002,0.9941807495201358
0,0.0,0.0,1.3488,0.9941477212370495
0,0.0,0.0,1.3504,0.9941145797501425
0,0.0,0.0,1.352,0.9940813250058452
0,0.0,0.0,1.3536000000000001,0.9940479569514633
0,0.0,0.0,1.3552,0.9940144755351759
0,0.0,0.0,1.3568,0.9939808807060331
0,0.0,0.0,1.3584,0.9939471724139541
0,0.0,0.0,1.36,0.9939133506097247
0,0.0,0.0,1.3616000000000001,0.9938794152449955
0,0.0,0.0,1.3632,0.9938453662722788
0,0.0,0.0,1.3648,0.9938112036449475
0,0.0,0.0,1.3664,0.9937769273172322
0,0.0,0.0,1.368,0.9937425372442193
0,0.0,0.0,1.3696000000000002,0.9937080333818482
0,0.0,0.0,1.3712,0.9936734156869096
0,0.0,0.0,1.3728,0.9936386841170431
0,0.0,0.0,1.3744,0.9936038386307348
0,0.0,0.0,1.3760000000000001,0.9935688791873148
0,0.0,0.0,1.3776000000000002,0.9935338057469557
0,0.0,0.0,1.3792,0.9934986182706697
0,0.0,0.0,1.3808,0.9934633167203059
0,0.0,0.0,1.3824,0.9934279010585492
0,0.0,0.0,1.3840000000000001,0.9933923712489168
0,0.0,0.0,1.3856000000000002,0.9933567272557566
0,0.0,0.0,1.3872,0.9933209690442448
0,0.0,0.0,1.3888,0.9932850965803829
0,0.0,0.0,1.3904,0.9932491098309961
0,0.0,0.0,1.3920000000000001,0.993213008763731
0,0.0,0.0,1.3936000000000002,0.9931767933470526
0,0.0,0.0,1.3952,0.9931404635502423
0,0.0,0.0,1.3968,0.9931040193433963
0,0.0,0.0,1.3984,0.9930674606974215
0,0.0,0.0,1.4000000000000001,0.9930307875840346
0,0.0,0.0,1.4016,0.9929939999757593
0,0.0,0.0,1.4032,0.9929570978459235
0,0.0,0.0,1.4048,0.9929200811686576
0,0.0,0.0,1.4064,0.9928829499188919
0,0.0,0.0,1.4080000000000001,0.9928457040723536
0,0.0,0.0,1.4096,0.9928083436055655
0,0.0,0.0,1.4112,0.9927708684958422
0,0.0,0.0,1.4128,0.992733278721289
0,0.0,0.0,1.4144,0.992695574260799
0,0.0,0.0,1.4160000000000001,0.9926577550940505
0,0.0,0.0,1.4176,0.9926198212015045
0,0.0,0.0,1.4192,0.9925817725644027
0,0.0,0.0,1.4208,0.9925436091647649
0,0.0,0.0,1.4224,0.9925053309853863
0,0.0,0.0,1.4240000000000002,0.9924669380098354
0,0.0,0.0,1.4256,0.9924284302224516
0,0.0,0.0,1.4272,0.9923898076083426
0,0.0,0.0,1.4288,0.9923510701533814
0,0.0,0.0,1.4304000000000001,0.992312217844205
0,0.0,0.0,1.4320000000000002,0.9922732506682109
0,0.0,0.0,1.4336,0.9922341686135555
0,0.0,0.0,1.4352,0.9921949716691508
0,0.0,0.0,1.4368,0.9921556598246631
0,0.0,0.0,1.4384000000000001,0.9921162330705089
0,0.0,0.0,1.4400000000000002,0.9920766913978539
0,0.0,0.0,1.4416,0.9920370347986096
0,0.0,0.0,1.4432,0.9919972632654315
0,0.0,0.0,1.4448,0.9919573767917161
0,0.0,0.0,1.4464000000000001,0.991917375371599
0,0.0,0.0,1.4480000000000002,0.9918772589999515
0,0.0,0.0,1.4496,0.9918370276723791
0,0.0,0.0,1.4512,0.9917966813852185
0,0.0,0.0,1.4528,0.9917562201355352
0,0.0,0.0,1.4544000000000001,0.991715643921121
0,0.0,0.0,1.456,0.9916749527404916
0,0.0,0.0,1.4576,0.9916341465928838
0,0.0,0.0,1.4592,0.9915932254782537
0,0.0,0.0,1.4608,0.9915521893972736
0,0.0,0.0,1.4624000000000001,0.9915110383513296
0,0.0,0.0,1.464,0.9914697723425191
0,0.0,0.0,1.4656,0.9914283913736486
0,0.0,0.0,1.4672,0.991386895448231
0,0.0,0.0,1.4688,0.991345284570483
0,0.0,0.0,1.4704000000000002,0.9913035587453226
0,0.0,0.0,1.472,0.991261717978367
0,0.0,0.0,1.4736,0.9912197622759297
0,0.0,0.0,1.4752,0.9911776916450178
0,0.0,0.0,1.4768000000000001,0.9911355060933301
0,0.0,0.0,1.4784000000000002,0.9910932056292545
0,0.0,0.0,1.48,0.9910507902618649
0,0.0,0.0,1.4816,0.9910082600009196
0,0.0,0.0,1.4832,0.9909656148568576
0,0.0,0.0,1.4848000000000001,0.9909228548407978
0,0.0,0.0,1.4864000000000002,0.9908799799645345
0,0.0,0.0,1.488,0.9908369902405365
0,0.0,0.0,1.4896,0.9907938856819439
0,0.0,0.0,1.4912,0.990750666302566
0,0.0,0.0,1.4928000000000001,0.9907073321168781
0,0.0,0.0,1.4944000000000002,0.9906638831400193
0,0.0,0.0,1.496,0.9906203193877906
0,0.0,0.0,1.4976,0.9905766408766518
0,0.0,0.0,1.4992,0.9905328476237187
0,0.0,0.0,1.5008000000000001,0.9904889396467617
0,0.0,0.0,1.5024000000000002,0.9904449169642021
0,0.0,0.0,1.504,0.9904007795951103
0,0.0,0.0,1.5056,0.9903565275592033
0,0.0,0.0,1.5072,0.990312160876842
0,0.0,0.0,1.5088000000000001,0.9902676795690288
0,0.0,0.0,1.5104,0.990223083657405
0,0.0,0.0,1.512,0.9901783731642482
0,0.0,0.0,1.5136,0.9901335481124703
0,0.0,0.0,1.5152,0.9900886085256149
0,0.0,0.0,1.5168000000000001,0.990043554427854
0,0.0,0.0,1.5184,0.9899983858439863
0,0.0,0.0,1.52,0.9899531027994352
0,0.0,0.0,1.5216,0.989907705320245
0,0.0,0.0,1.5232,0.9898621934330794
0,0.0,0.0,1.5248000000000002,0.9898165671652187
0,0.0,0.0,1.5264,0.9897708265445575
0,0.0,0.0,1.528,0.9897249715996016
0,0.0,0.0,1.5296,0.9896790023594664
0,0.0,0.0,1.5312000000000001,0.989632918853874
0,0.0,0.0,1.5328000000000002,0.9895867211131508
0,0.0,0.0,1.5344,0.989540409168225
0,0.0,0.0,1.536,0.989493983050624
0,0.0,0.0,1.5376,0.989447442792472
0,0.0,0.0,1.5392000000000001,0.989400788426488
0,0.0,0.0,1.5408000000000002,0.9893540199859828
0,0.0,0.0,1.5424,0.9893071375048564
0,0.0,0.0,1.544,0.9892601410175964
0,0.0,0.0,1.5456,0.9892130305592747
0,0.0,0.0,1.5472000000000001,0.9891658061655453
0,0.0,0.0,1.5488000000000002,0.9891184678726421
0,0.0,0.0,1.5504,0.9890710157173763
0,0.0,0.0,1.552,0.9890234497371337
0,0.0,0.0,1.5536,0.9889757699698726
0,0.0,0.0,1.5552000000000001,0.9889279764541213
0,0.0,0.0,1.5568000000000002,0.9888800692289758
0,0.0,0.0,1.5584,0.9888320483340968
0,0.0,0.0,1.56,0.9887839138097081
0,0.0,0.0,1.5616,0.9887356656965935
0,0.0,0.0,1.5632000000000001,0.9886873040360951
0,0.0,0.0,1.5648,0.9886388288701096
0,0.0,0.0,1.5664,0.9885902402410873
0,0.0,0.0,1.568,0.988541538192029
0,0.0,0.0,1.5696,0.9884927227664834
0,0.0,0.0,1.5712000000000002,0.9884437940085455
0,0.0,0.0,1.5728,0.9883947519628534
0,0.0,0.0,1.5744,0.9883455966745861
0,0.0,0.0,1.576,0.9882963281894612
0,0.0,0.0,1.5776000000000001,0.9882469465537328
0,0.0,0.0,1.5792000000000002,0.9881974518141887
0,0.0,0.0,1.5808,0.9881478440181477
0,0.0,0.0,1.5824,0.9880981232134582
0,0.0,0.0,1.584,0.9880482894484951
0,0.0,0.0,1.5856000000000001,0.9879983427721575
0,0.0,0.0,1.5872000000000002,0.9879482832338666
0,0.0,0.0,1.5888,0.9878981108835629
0,0.0,0.0,1.5904,0.9878478257717045
0,0.0,0.0,1.592,0.987797427949264
0,0.0,0.0,1.5936000000000001,0.9877469174677264
0,0.0,0.0,1.5952000000000002,0.9876962943790871
0,0.0,0.0,1.5968,0.9876455587358492
0,0.0,0.0,1.5984,0.9875947105910214
0,0.0,0.0,1.6,0.9875437499981152
0,0.0,0.0,1.6016000000000001,0.9874926770111431
0,0.0,0.0,1.6032000000000002,0.9874414916846158
0,0.0,0.0,1.6048,0.9873901940735406
0,0.0,0.0,1.6064,0.9873387842334177
0,0.0,0.0,1.608,0.9872872622202397
0,0.0,0.0,1.6096000000000001,0.9872356280904879
0,0.0,0.0,1.6112000000000002,0.9871838819011304
0,0.0,0.0,1.6128,0.9871320237096198
0,0.0,0.0,1.6144,0.9870800535738911
0,0.0,0.0,1.616,0.987027971552359
0,0.0,0.0,1.6176000000000001,0.9869757777039162
0,0.0,0.0,1.6192,0.9869234720879303
0,0.0,0.0,1.6208,0.9868710547642422
0,0.0,0.0,1.6224,0.9868185257931634
0,0.0,0.0,1.624,0.9867658852354741
0,0.0,0.0,1.6256000000000002,0.9867131331524208
0,0.0,0.0,1.6272,0.9866602696057134
0,0.0,0.0,1.6288,0.986607294657524
0,0.0,0.0,1.6304,0.9865542083704839
0,0.0,0.0,1.6320000000000001,0.9865010108076816
0,0.0,0.0,1.6336000000000002,0.9864477020326606
0,0.0,0.0,1.6352,0.986394282109417
0,0.0,0.0,1.6368,0.9863407511023972
0,0.0,0.0,1.6384,0.9862871090764959
0,0.0,0.0,1.6400000000000001,0.9862333560970536
0,0.0,0.0,1.6416000000000002,0.9861794922298548
0,0.0,0.0,1.6432,0.9861255175411254
0,0.0,0.0,1.6448,0.9860714320975305
0,0.0,0.0,1.6464,0.9860172359661722
0,0.0,0.0,1.6480000000000001,0.9859629292145874
0,0.0,0.0,1.6496000000000002,0.9859085119107459
0,0.0,0.0,1.6512,0.9858539841230479
0,0.0,0.0,1.6528,0.9857993459203217
0,0.0,0.0,1.6544,0.9857445973718217
0,0.0,0.0,1.6560000000000001,0.9856897385472262
0,0.0,0.0,1.6576000000000002,0.9856347695166352
0,0.0,0.0,1.6592,0.9855796903505681
0,0.0,0.0,1.6608,0.9855245011199618
0,0.0,0.0,1.6624,0.9854692018961684
0,0.0,0.0,1.6640000000000001,0.9854137927509526
0,0.0,0.0,1.6656,0.9853582737564908
0,0.0,0.0,1.6672,0.985302644985367
0,0.0,0.0,1.6688,0.9852469065105728
0,0.0,0.0,1.6704,0.9851910584055035
0,0.0,0.0,1.6720000000000002,0.985135100743957
0,0.0,0.0,1.6736,0.9850790336001314
0,0.0,0.0,1.6752,0.9850228570486224
0,0.0,0.0,1.6768,0.9849665711644218
0,0.0,0.0,1.6784000000000001,0.9849101760229153
0,0.0,0.0,1.6800000000000002,0.9848536716998804
0,0.0,0.0,1.6816,0.9847970582714838
0,0.0,0.0,1.6832,0.9847403358142799
0,0.0,0.0,1.6848,0.9846835044052082
0,0.0,0.0,1.6864000000000001,0.9846265641215917
0,0.0,0.0,1.6880000000000002,0.9845695150411345
0,0.0,0.0,1.6896,0.9845123572419199
0,0.0,0.0,1.6912,0.9844550908024078
0,0.0,0.0,1.6928,0.9843977158014336
0,0.0,0.0,1.6944000000000001,0.9843402323182056
0,0.0,0.0,1.6960000000000002,0.9842826404323023
0,0.0,0.0,1.6976,0.9842249402236714
0,0.0,0.0,1.6992,0.9841671317726272
0,0.0,0.0,1.7008,0.9841092151598488
0,0.0,0.0,1.7024000000000001,0.9840511904663779
0,0.0,0.0,1.7040000000000002,0.9839930577736166
0,0.0,0.0,1.7056,0.9839348171633256
0,0.0,0.0,1.7072,0.9838764687176227
0,0.0,0.0,1.7088,0.9838180125189792
0,0.0,0.0,1.7104000000000001,0.9837594486502197
0,0.0,0.0,1.7120000000000002,0.9837007771945192
0,0.0,0.0,1.7136,0.983641998235401
0,0.0,0.0,1.7152,0.9835831118567351
0,0.0,0.0,1.7168,0.9835241181427352
0,0.0,0.0,1.7184000000000001,0.983465017177959
0,0.0,0.0,1.72,0.9834058090473035
0,0.0,0.0,1.7216,0.9833464938360045
0,0.0,0.0,1.7232,0.9832870716296349
0,0.0,0.0,1.7248,0.9832275425141017
0,0.0,0.0,1.7264000000000002,0.983167906575645
0,0.0,0.0,1.728,0.9831081639008352
0,0.0,0.0,1.7296,0.9830483145765715
0,0.0,0.0,1.7312,0.9829883586900802
0,0.0,0.0,1.7328000000000001,0.982928296328912
0,0.0,0.0,1.7344000000000002,0.9828681275809411
0,0.0,0.0,1.736,0.9828078525343624
0,0.0,0.0,1.7376,0.9827474712776901
0,0.0,0.0,1.7392,0.982686983899755
0,0.0,0.0,1.7408000000000001,0.9826263904897039
0,0.0,0.0,1.7424000000000002,0.9825656911369965
0,0.0,0.0,1.744,0.9825048859314042
0,0.0,0.0,1.7456,0.9824439749630075
0,0.0,0.0,1.7472,0.9823829583221954
0,0.0,0.0,1.7488000000000001,0.9823218360996616
0,0.0,0.0,1.7504000000000002,0.9822606083864048
0,0.0,0.0,1.752,0.9821992752737247
0,0.0,0.0,1.7536,0.9821378368532221
0,0.0,0.0,1.7552,0.9820762932167957
0,0.0,0.0,1.7568000000000001,0.9820146444566403
0,0.0,0.0,1.7584000000000002,0.9819528906652458
0,0.0,0.0,1.76,0.9818910319353945
0,0.0,0.0,1.7616,0.9818290683601598
0,0.0,0.0,1.7632,0.9817670000329043
0,0.0,0.0,1.7648000000000001,0.9817048270472772
0,0.0,0.0,1.7664000000000002,0.981642549497214
0,0.0,0.0,1.768,0.9815801674769329
0,0.0,0.0,1.7696,0.9815176810809346
0,0.0,0.0,1.7712,0.9814550904039995
0,0.0,0.0,1.7728000000000002,0.981392395541186
0,0.0,0.0,1.7744,0.9813295965878291
0,0.0,0.0,1.776,0.9812666936395384
0,0.0,0.0,1.7776,0.981203686792196
0,0.0,0.0,1.7792000000000001,0.9811405761419554
0,0.0,0.0,1.7808000000000002,0.9810773617852389
0,0.0,0.0,1.7824,0.9810140438187364
0,0.0,0.0,1.784,0.9809506223394038
0,0.0,0.0,1.7856,0.9808870974444608
0,0.0,0.0,1.7872000000000001,0.9808234692313891
0,0.0,0.0,1.7888000000000002,0.9807597377979308
0,0.0,0.0,1.7904,0.980695903242087
0,0.0,0.0,1.792,0.9806319656621155
0,0.0,0.0,1.7936,0.9805679251565298
0,0.0,0.0,1.7952000000000001,0.9805037818240963
0,0.0,0.0,1.7968000000000002,0.9804395357638331
0,0.0,0.0,1.7984,0.9803751870750093
0,0.0,0.0,1.8,0.9803107358571413
0,0.0,0.0,1.8016,0.9802461822099927
0,0.0,0.0,1.8032000000000001,0.9801815262335719
0,0.0,0.0,1.8048000000000002,0.9801167680281307
0,0.0,0.0,1.8064,0.9800519076941624
0,0.0,0.0,1.808,0.9799869453324
0,0.0,0.0,1.8096,0.9799218810438152
0,0.0,0.0,1.8112000000000001,0.9798567149296155
0,0.0,0.0,1.8128000000000002,0.9797914470912438
0,0.0,0.0,1.8144,0.9797260776303762
0,0.0,0.0,1.816,0.9796606066489204
0,0.0,0.0,1.8176,0.9795950342490137
0,0.0,0.0,1.8192000000000002,0.9795293605330219
0,0.0,0.0,1.8208000000000002,0.9794635856035373
0,0.0,0.0,1.8224,0.9793977095633773
0,0.0,0.0,1.824,0.9793317325155828
0,0.0,0.0,1.8256000000000001,0.979265654563416
0,0.0,0.0,1.8272000000000002,0.9791994758103594
0,0.0,0.0,1.8288,0.9791331963601142
0,0.0,0.0,1.8304,0.9790668163165983
0,0.0,0.0,1.832,0.9790003357839454
0,0.0,0.0,1.8336000000000001,0.9789337548665021
0,0.0,0.0,1.8352000000000002,0.9788670736688279
0,0.0,0.0,1.8368,0.9788002922956923
0,0.0,0.0,1.8384,0.9787334108520739
0,0.0,0.0,1.84,0.9786664294431585
0,0.0,0.0,1.8416000000000001,0.9785993481743382
0,0.0,0.0,1.8432000000000002,0.978532167151209
0,0.0,0.0,1.8448,0.9784648864795698
0,0.0,0.0,1.8464,0.9783975062654203
0,0.0,0.0,1.848,0.9783300266149603
0,0.0,0.0,1.8496000000000001,0.9782624476345869
0,0.0,0.0,1.8512000000000002,0.9781947694308945
0,0.0,0.0,1.8528,0.9781269921106719
0,0.0,0.0,1.8544,0.9780591157809017
0,0.0,0.0,1.856,0.9779911405487584
0,0.0,0.0,1.8576000000000001,0.9779230665216067
0,0.0,0.0,1.8592000000000002,0.9778548938070004
0,0.0,0.0,1.8608,0.9777866225126809
0,0.0,0.0,1.8624,0.977718252746575
0,0.0,0.0,1.864,0.9776497846167942
0,0.0,0.0,1.8656000000000001,0.977581218231633
0,0.0,0.0,1.8672000000000002,0.9775125536995672
0,0.0,0.0,1.8688,0.9774437911292526
0,0.0,0.0,1.8704,0.9773749306295235
0,0.0,0.0,1.872,0.9773059723093913
0,0.0,0.0,1.8736000000000002,0.9772369162780429
0,0.0,0.0,1.8752000000000002,0.9771677626448393
0,0.0,0.0,1.8768,0.9770985115193138
0,0.0,0.0,1.8784,0.9770291630111717
0,0.0,0.0,1.8800000000000001,0.9769597172302874
0,0.0,0.0,1.8816000000000002,0.9768901742867038
0,0.0,0.0,1.8832,0.9768205342906305
0,0.0,0.0,1.8848,0.9767507973524432
0,0.0,0.0,1.8864,0.9766809635826811
0,0.0,0.0,1.8880000000000001,0.9766110330920461
0,0.0,0.0,1.8896000000000002,0.9765410059914014
0,0.0,0.0,1.8912,0.97647088239177
0,0.0,0.0,1.8928,0.9764006624043334
0,0.0,0.0,1.8944,0.9763303461404299
0,0.0,0.0,1.8960000000000001,0.9762599337115537
0,0.0,0.0,1.8976000000000002,0.9761894252293533
0,0.0,0.0,1.8992,0.9761188208056295
0,0.0,0.0,1.9008,0.9760481205523351
0,0.0,0.0,1.9024,0.9759773245815732
0,0.0,0.0,1.9040000000000001,0.9759064330055952
0,0.0,0.0,1.9056000000000002,0.9758354459368002
0,0.0,0.0,1.9072,0.975764363487733
0,0.0,0.0,1.9088,0.9756931857710833
0,0.0,0.0,1.9104,0.9756219128996844
0,0.0,0.0,1.9120000000000001,0.9755505449865113
0,0.0,0.0,1.9136000000000002,0.9754790821446797
0,0.0,0.0,1.9152,0.975407524487445
0,0.0,0.0,1.9168,0.9753358721282003
0,0.0,0.0,1.9184,0.9752641251804753
0,0.0,0.0,1.9200000000000002,0.9751922837579355
0,0.0,0.0,1.9216000000000002,0.9751203479743802
0,0.0,0.0,1.9232,0.9750483179437415
0,0.0,0.0,1.9248,0.9749761937800832
0,0.0,0.0,1.9264000000000001,0.9749039755975989
0,0.0,0.0,1.9280000000000002,0.9748316635106115
0,0.0,0.0,1.9296,0.9747592576335712
0,0.0,0.0,1.9312,0.974686758081055
0,0.0,0.0,1.9328,0.9746141649677645
0,0.0,0.0,1.9344000000000001,0.9745414784085255
0,0.0,0.0,1.9360000000000002,0.9744686985182859
0,0.0,0.0,1.9376,0.9743958254121154
0,0.0,0.0,1.9392,0.9743228592052032
0,0.0,0.0,1.9408,0.9742498000128575
0,0.0,0.0,1.9424000000000001,0.9741766479505041
0,0.0,0.0,1.9440000000000002,0.9741034031336852
0,0.0,0.0,1.9456,0.9740300656780575
0,0.0,0.0,1.9472,0.9739566356993921
0,0.0,0.0,1.9488,0.9738831133135725
0,0.0,0.0,1.9504000000000001,0.9738094986365936
0,0.0,0.0,1.9520000000000002,0.9737357917845606
0,0.0,0.0,1.9536,0.9736619928736874
0,0.0,0.0,1.9552,0.9735881020202959
0,0.0,0.0,1.9568,0.9735141193408143
0,0.0,0.0,1.9584000000000001,0.9734400449517762
0,0.0,0.0,1.9600000000000002,0.9733658789698197
0,0.0,0.0,1.9616,0.9732916215116856
0,0.0,0.0,1.9632,0.9732172726942163
0,0.0,0.0,1.9648,0.9731428326343552
0,0.0,0.0,1.9664000000000001,0.9730683014491448
0,0.0,0.0,1.9680000000000002,0.9729936792557261
0,0.0,0.0,1.9696,0.9729189661713372
0,0.0,0.0,1.9712,0.9728441623133122
0,0.0,0.0,1.9728,0.9727692677990799
0,0.0,0.0,1.9744000000000002,0.9726942827461628
0,0.0,0.0,1.9760000000000002,0.972619207272176
0,0.0,0.0,1.9776,0.9725440414948255
0,0.0,0.0,1.9792,0.9724687855319084
0,0.0,0.0,1.9808000000000001,0.97239343950131
0,0.0,0.0,1.9824000000000002,0.9723180035210042
0,0.0,0.0,1.984,0.9722424777090514
0,0.0,0.0,1.9856,0.9721668621835979
0,0.0,0.0,1.9872,0.972091157062875
0,0.0,0.0,1.9888000000000001,0.9720153624651966
0,0.0,0.0,1.9904000000000002,0.9719394785089599
0,0.0,0.0,1.992,0.9718635053126429
0,0.0,0.0,1.9936,0.9717874429948041
0,0.0,0.0,1.9952,0.9717112916740812
0,0.0,0.0,1.9968000000000001,0.9716350514691897
0,0.0,0.0,1.9984000000000002,0.9715587224989222
0,0.0,0.0,2.0,0.971482304882147
0,0.0,0.0,2.0016000000000003,0.9714057987378077
0,0.0,0.0,2.0032,0.9713292041849213
0,0.0,0.0,2.0048,0.9712525213425777
0,0.0,0.0,2.0064,0.9711757503299382
0,0.0,0.0,2.008,0.9710988912662349
0,0.0,0.0,2.0096000000000003,0.9710219442707692
0,0.0,0.0,2.0112,0.9709449094629113
0,0.0,0.0,2.0128,0.9708677869620989
0,0.0,0.0,2.0144,0.9707905768878357
0,0.0,0.0,2.016,0.9707132793596911
0,0.0,0.0,2.0176000000000003,0.9706358944972988
0,0.0,0.0,2.0192,0.9705584224203558
0,0.0,0.0,2.0208,0.9704808632486217
0,0.0,0.0,2.0224,0.9704032171019172
0,0.0,0.0,2.024,0.970325484100123
0,0.0,0.0,2.0256000000000003,0.9702476643631796
0,0.0,0.0,2.0272,0.9701697580110853
0,0.0,0.0,2.0288,0.9700917651638963
0,0.0,0.0,2.0304,0.9700136859417248
0,0.0,0.0,2.032,0.9699355204647381
0,0.0,0.0,2.0336000000000003,0.9698572688531585
0,0.0,0.0,2.0352,0.9697789312272606
0,0.0,0.0,2.0368,0.9697005077073724
0,0.0,0.0,2.0384,0.9696219984138728
0,0.0,0.0,2.04,0.9695434034671914
0,0.0,0.0,2.0416000000000003,0.9694647229878068
0,0.0,0.0,2.0432,0.9693859570962468
0,0.0,0.0,2.0448,0.9693071059130864
0,0.0,0.0,2.0464,0.9692281695589474
0,0.0,0.0,2.048,0.9691491481544969
0,0.0,0.0,2.0496000000000003,0.9690700418204473
0,0.0,0.0,2.0512,0.9689908506775543
0,0.0,0.0,2.0528,0.9689115748466165
0,0.0,0.0,2.0544000000000002,0.9688322144484748
0,0.0,0.0,2.056,0.9687527696040109
0,0.0,0.0,2.0576000000000003,0.9686732404341466
0,0.0,0.0,2.0592,0.9685936270598429
0,0.0,0.0,2.0608,0.968513929602099
0,0.0,0.0,2.0624000000000002,0.9684341481819515
0,0.0,0.0,2.064,0.9683542829204735
0,0.0,0.0,2.0656,0.9682743339387736
0,0.0,0.0,2.0672,0.968194301357995
0,0.0,0.0,2.0688,0.9681141852993147
0,0.0,0.0,2.0704000000000002,0.9680339858839427
0,0.0,0.0,2.072,0.9679537032331208
0,0.0,0.0,2.0736,0.9678733374681222
0,0.0,0.0,2.0752,0.9677928887102498
0,0.0,0.0,2.0768,0.9677123570808364
0,0.0,0.0,2.0784000000000002,0.9676317427012431
0,0.0,0.0,2.08,0.9675510456928587
0,0.0,0.0,2.0816,0.9674702661770983
0,0.0,0.0,2.0832,0.9673894042754035
0,0.0,0.0,2.0848,0.9673084601092408
0,0.0,0.0,2.0864000000000003,0.9672274338001009
0,0.0,0.0,2.088,0.9671463254694977
0,0.0,0.0,2.0896,0.9670651352389678
0,0.0,0.0,2.0912,0.9669838632300695
0,0.0,0.0,2.0928,0.9669025095643817
0,0.0,0.0,2.0944000000000003,0.9668210743635037
0,0.0,0.0,2.096,0.9667395577490538
0,0.0,0.0,2.0976,0.9666579598426688
0,0.0,0.0,2.0992,0.9665762807660025
0,0.0,0.0,2.1008,0.9664945206407265
0,0.0,0.0,2.1024000000000003,0.9664126795885274
0,0.0,0.0,2.104,0.9663307577311071
0,0.0,0.0,2.1056,0.9662487551901823
0,0.0,0.0,2.1072,0.9661666720874827
0,0.0,0.0,2.1088,0.9660845085447509
0,0.0,0.0,2.1104000000000003,0.9660022646837417
0,0.0,0.0,2.112,0.9659199406262207
0,0.0,0.0,2.1136,0.9658375364939639
0,0.0,0.0,2.1152,0.9657550524087573
0,0.0,0.0,2.1168,0.9656724884923951
0,0.0,0.0,2.1184000000000003,0.9655898448666799
0,0.0,0.0,2.12,0.9655071216534213
0,0.0,0.0,2.1216,0.9654243189744358
0,0.0,0.0,2.1232,0.9653414369515455
0,0.0,0.0,2.1248,0.9652584757065773
0,0.0,0.0,2.1264000000000003,0.9651754353613623
0,0.0,0.0,2.128,0.9650923160377354
0,0.0,0.0,2.1296,0.965009117857534
0,0.0,0.0,2.1312,0.9649258409425974
0,0.0,0.0,2.1328,0.9648424854147662
0,0.0,0.0,2.1344000000000003,0.9647590513958818
0,0.0,0.0,2.136,0.9646755390077849
0,0.0,0.0,2.1376,0.9645919483723157
0,0.0,0.0,2.1392,0.9645082796113122
0,0.0,0.0,2.1408,0.9644245328466106
0,0.0,0.0,2.1424000000000003,0.9643407082000433
0,0.0,0.0,2.144,0.9642568057934394
0,0.0,0.0,2.1456,0.9641728257486232
0,0.0,0.0,2.1472,0.9640887681874137
0,0.0,0.0,2.1488,0.964004633231624
0,0.0,0.0,2.1504000000000003,0.9639204210030605
0,0.0,0.0,2.152,0.9638361316235223
0,0.0,0.0,2.1536,0.9637517652148004
0,0.0,0.0,2.1552000000000002,0.9636673218986772
0,0.0,0.0,2.1568,0.9635828017969251
0,0.0,0.0,2.1584000000000003,0.9634982050313068
0,0.0,0.0,2.16,0.9634135317235742
0,0.0,0.0,2.1616,0.9633287819954678
0,0.0,0.0,2.1632000000000002,0.9632439559687155
0,0.0,0.0,2.1648,0.9631590537650327
0,0.0,0.0,2.1664000000000003,0.9630740755061213
0,0.0,0.0,2.168,0.9629890213136688
0,0.0,0.0,2.1696,0.962903891309348
0,0.0,0.0,2.1712000000000002,0.9628186856148163
0,0.0,0.0,2.1728,0.9627334043517147
0,0.0,0.0,2.1744,0.9626480476416679
0,0.0,0.0,2.176,0.9625626156062825
0,0.0,0.0,2.1776,0.9624771083671473
0,0.0,0.0,2.1792000000000002,0.9623915260458326
0,0.0,0.0,2.1808,0.9623058687638887
0,0.0,0.0,2.1824,0.9622201366428467
0,0.0,0.0,2.184,0.9621343298042163
0,0.0,0.0,2.1856,0.9620484483694868
0,0.0,0.0,2.1872000000000003,0.9619624924601247
0,0.0,0.0,2.1888,0.9618764621975744
0,0.0,0.0,2.1904,0.961790357703257
0,0.0,0.0,2.192,0.9617041790985702
0,0.0,0.0,2.1936,0.9616179265048869
0,0.0,0.0,2.1952000000000003,0.9615316000435552
0,0.0,0.0,2.1968,0.9614451998358978
0,0.0,0.0,2.1984,0.961358726003211
0,0.0,0.0,2.2,0.9612721786667643
0,0.0,0.0,2.2016,0.9611855579477998
0,0.0,0.0,2.2032000000000003,0.9610988639675317
0,0.0,0.0,2.2048,0.9610120968471457
0,0.0,0.0,2.2064,0.960925256707798
0,0.0,0.0,2.208,0.9608383436706156
0,0.0,0.0,2.2096,0.9607513578566946
0,0.0,0.0,2.2112000000000003,0.9606642993871006
0,0.0,0.0,2.2128,0.9605771683828676
0,0.0,0.0,2.2144,0.9604899649649975
0,0.0,0.0,2.216,0.9604026892544594
0,0.0,0.0,2.2176,0.9603153413721894
0,0.0,0.0,2.2192000000000003,0.9602279214390901
0,0.0,0.0,2.2208,0.9601404295760293
0,0.0,0.0,2.2224,0.9600528659038401
0,0.0,0.0,2.224,0.9599652305433201
0,0.0,0.0,2.2256,0.9598775236152313
0,0.0,0.0,2.2272000000000003,0.9597897452402986
0,0.0,0.0,2.2288,0.9597018955392101
0,0.0,0.0,2.2304,0.9596139746326164
0,0.0,0.0,2.232,0.9595259826411296
0,0.0,0.0,2.2336,0.9594379196853235
0,0.0,0.0,2.2352000000000003,0.9593497858857322
0,0.0,0.0,2.2368,0.9592615813628503
0,0.0,0.0,2.2384,0.9591733062371324
0,0.0,0.0,2.24,0.9590849606289915
0,0.0,0.0,2.2416,0.9589965446587999
0,0.0,0.0,2.2432000000000003,0.9589080584468879
0,0.0,0.0,2.2448,0.9588195021135432
0,0.0,0.0,2.2464,0.9587308757790108
0,0.0,0.0,2.248,0.9586421795634921
0,0.0,0.0,2.2496,0.9585534135871446
0,0.0,0.0,2.2512000000000003,0.9584645779700818
0,0.0,0.0,2.2528,0.9583756728323716
0,0.0,0.0,2.2544,0.9582866982940369
0,0.0,0.0,2.2560000000000002,0.9581976544750544
0,0.0,0.0,2.2576,0.9581085414953548
0,0.0,0.0,2.2592000000000003,0.9580193594748214
0,0.0,0.0,2.2608,0.9579301085332903
0,0.0,0.0,2.2624,0.9578407887905497
0,0.0,0.0,2.2640000000000002,0.9577514003663393
0,0.0,0.0,2.2656,0.9576619433803499
0,0.0,0.0,2.2672000000000003,0.9575724179522235
0,0.0,0.0,2.2688,0.9574828242015515
0,0.0,0.0,2.2704,0.9573931622478754
0,0.0,0.0,2.2720000000000002,0.9573034322106859
0,0.0,0.0,2.2736,0.9572136342094225
0,0.0,0.0,2.2752,0.9571237683634731
0,0.0,0.0,2.2768,0.9570338347921731
0,0.0,0.0,2.2784,0.9569438336148054
0,0.0,0.0,2.2800000000000002,0.9568537649505999
0,0.0,0.0,2.2816,0.9567636289187328
0,0.0,0.0,2.2832,0.9566734256383267
0,0.0,0.0,2.2848,0.9565831552284492
0,0.0,0.0,2.2864,0.9564928178081132
0,0.0,0.0,2.2880000000000003,0.9564024134962765
0,0.0,0.0,2.2896,0.9563119424118413
0,0.0,0.0,2.2912,0.9562214046736528
0,0.0,0.0,2.2928,0.9561308004005002
0,0.0,0.0,2.2944,0.9560401297111153
0,0.0,0.0,2.2960000000000003,0.9559493927241725
0,0.0,0.0,2.2976,0.9558585895582882
0,0.0,0.0,2.2992,0.9557677203320203
0,0.0,0.0,2.3008,0.9556767851638681
0,0.0,0.0,2.3024,0.9555857841722717
0,0.0,0.0,2.3040000000000003,0.9554947174756113
0,0.0,0.0,2.3056,0.9554035851922072
0,0.0,0.0,2.3072,0.9553123874403192
0,0.0,0.0,2.3088,0.9552211243381462
0,0.0,0.0,2.3104,0.9551297960038255
0,0.0,0.0,2.3120000000000003,0.9550384025554333
0,0.0,0.0,2.3136,0.9549469441109831
0,0.0,0.0,2.3152,0.9548554207884262
0,0.0,0.0,2.3168,0.9547638327056509
0,0.0,0.0,2.3184,0.9546721799804819
0,0.0,0.0,2.3200000000000003,0.9545804627306809
0,0.0,0.0,2.3216,0.9544886810739446
0,0.0,0.0,2.3232,0.9543968351279056
0,0.0,0.0,2.3248,0.9543049250101319
0,0.0,0.0,2.3264,0.9542129508381259
0,0.0,0.0,2.3280000000000003,0.954120912729324
0,0.0,0.0,2.3296,0.9540288108010972
0,0.0,0.0,2.3312,0.9539366451707499
0,0.0,0.0,2.3328,0.9538444159555196
0,0.0,0.0,2.3344,0.9537521232725763
0,0.0,0.0,2.3360000000000003,0.9536597672390229
0,0.0,0.0,2.3376,0.9535673479718942
0,0.0,0.0,2.3392,0.9534748655881568
0,0.0,0.0,2.3408,0.9533823202047085
0,0.0,0.0,2.3424,0.9532897119383783
0,0.0,0.0,2.3440000000000003,0.9531970409059255
0,0.0,0.0,2.3456,0.95310430722404
0,0.0,0.0,2.3472,0.9530115110093413
0,0.0,0.0,2.3488,0.9529186523783786
0,0.0,0.0,2.3504,0.9528257314476304
0,0.0,0.0,2.3520000000000003,0.9527327483335037
0,0.0,0.0,2.3536,0.9526397031523345
0,0.0,0.0,2.3552,0.9525465960203863
0,0.0,0.0,2.3568000000000002,0.9524534270538509
0,0.0,0.0,2.3584,0.9523601963688475
0,0.0,0.0,2.3600000000000003,0.9522669040814223
0,0.0,0.0,2.3616,0.9521735503075485
0,0.0,0.0,2.3632,0.9520801351631254
0,0.0,0.0,2.3648000000000002,0.9519866587639786
0,0.0,0.0,2.3664,0.9518931212258596
0,0.0,0.0,2.3680000000000003,0.9517995226644451
0,0.0,0.0,2.3696,0.9517058631953373
0,0.0,0.0,2.3712,0.9516121429340629
0,0.0,0.0,2.3728000000000002,0.9515183619960732
0,0.0,0.0,2.3744,0.9514245204967435
0,0.0,0.0,2.3760000000000003,0.9513306185513731
0,0.0,0.0,2.3776,0.951236656275185
0,0.0,0.0,2.3792,0.9511426337833252
0,0.0,0.0,2.3808000000000002,0.9510485511908623
0,0.0,0.0,2.3824,0.9509544086127881
0,0.0,0.0,2.384,0.9508602061640163
0,0.0,0.0,2.3856,0.9507659439593827
0,0.0,0.0,2.3872,0.9506716221136449
0,0.0,0.0,2.3888000000000003,0.9505772407414815
0,0.0,0.0,2.3904,0.9504827999574925
0,0.0,0.0,2.392,0.9503882998761986
0,0.0,0.0,2.3936,0.9502937406120407
0,0.0,0.0,2.3952,0.9501991222793805
0,0.0,0.0,2.3968000000000003,0.950104444992499
0,0.0,0.0,2.3984,0.950009708865597
0,0.0,0.0,2.4,0.9499149140127946
0,0.0,0.0,2.4016,0.9498200605481311
0,0.0,0.0,2.4032,0.9497251485855642
0,0.0,0.0,2.4048000000000003,0.9496301782389704
0,0.0,0.0,2.4064,0.9495351496221442
0,0.0,0.0,2.408,0.949440062848798
0,0.0,0.0,2.4096,0.9493449180325617
0,0.0,0.0,2.4112,0.9492497152869831
0,0.0,0.0,2.4128000000000003,0.9491544547255263
0,0.0,0.0,2.4144,0.9490591364615727
0,0.0,0.0,2.416,0.94896376060842
0,0.0,0.0,2.4176,0.9488683272792825
0,0.0,0.0,2.4192,0.9487728365872901
0,0.0,0.0,2.4208000000000003,0.9486772886454886
0,0.0,0.0,2.4224,0.9485816835668395
0,0.0,0.0,2.424,0.948486021464219
0,0.0,0.0,2.4256,0.9483903024504188
0,0.0,0.0,2.4272,0.948294526638145
0,0.0,0.0,2.4288000000000003,0.9481986941400181
0,0.0,0.0,2.4304,0.9481028050685731
0,0.0,0.0,2.432,0.9480068595362586
0,0.0,0.0,2.4336,0.947910857655437
0,0.0,0.0,2.4352,0.9478147995383843
0,0.0,0.0,2.4368000000000003,0.9477186852972896
0,0.0,0.0,2.4384,0.9476225150442549
0,0.0,0.0,2.44,0.9475262888912949
0,0.0,0.0,2.4416,0.947430006950337
0,0.0,0.0,2.4432,0.9473336693332205
0,0.0,0.0,2.4448000000000003,0.947237276151697
0,0.0,0.0,2.4464,0.9471408275174297
0,0.0,0.0,2.448,0.9470443235419933
0,0.0,0.0,2.4496,0.9469477643368739
0,0.0,0.0,2.4512,0.9468511500134688
0,0.0,0.0,2.4528000000000003,0.9467544806830858
0,0.0,0.0,2.4544,0.9466577564569435
0,0.0,0.0,2.456,0.9465609774461711
0,0.0,0.0,2.4576000000000002,0.9464641437618075
0,0.0,0.0,2.4592,0.9463672555148019
0,0.0,0.0,2.4608000000000003,0.9462703128160134
0,0.0,0.0,2.4624,0.9461733157762101
0,0.0,0.0,2.464,0.9460762645060695
0,0.0,0.0,2.4656000000000002,0.9459791591161786
0,0.0,0.0,2.4672,0.9458819997170327
0,0.0,0.0,2.4688000000000003,0.9457847864190362
0,0.0,0.0,2.4704,0.9456875193325018
0,0.0,0.0,2.472,0.9455901985676505
0,0.0,0.0,2.4736000000000002,0.9454928242346108
0,0.0,0.0,2.4752,0.9453953964434199
0,0.0,0.0,2.4768000000000003,0.9452979153040221
0,0.0,0.0,2.4784,0.9452003809262689
0,0.0,0.0,2.48,0.9451027934199198
0,0.0,0.0,2.4816000000000003,0.9450051528946405
0,0.0,0.0,2.4832,0.9449074594600041
0,0.0,0.0,2.4848,0.94480971322549
0,0.0,0.0,2.4864,0.9447119143004841
0,0.0,0.0,2.488,0.9446140627942785
0,0.0,0.0,2.4896000000000003,0.9445161588160713
0,0.0,0.0,2.4912,0.9444182024749669
0,0.0,0.0,2.4928,0.9443201938799748
0,0.0,0.0,2.4944,0.9442221331400102
0,0.0,0.0,2.496,0.9441240203638939
0,0.0,0.0,2.4976000000000003,0.9440258556603512
0,0.0,0.0,2.4992,0.9439276391380129
0,0.0,0.0,2.5008,0.9438293709054144
0,0.0,0.0,2.5024,0.9437310510709955
0,0.0,0.0,2.504,0.9436326797431005
0,0.0,0.0,2.5056000000000003,0.9435342570299783
0,0.0,0.0,2.5072,0.943435783039781
0,0.0,0.0,2.5088,0.9433372578805653
0,0.0,0.0,2.5104,0.9432386816602915
0,0.0,0.0,2.512,0.943140054486823
0,0.0,0.0,2.5136000000000003,0.9430413764679273
0,0.0,0.0,2.5152,0.9429426477112743
0,0.0,0.0,2.5168,0.9428438683244377
0,0.0,0.0,2.5184,0.9427450384148933
0,0.0,0.0,2.52,0.9426461580900204
0,0.0,0.0,2.5216000000000003,0.9425472274571002
0,0.0,0.0,2.5232,0.9424482466233166
0,0.0,0.0,2.5248,0.9423492156957558
0,0.0,0.0,2.5264,0.9422501347814057
0,0.0,0.0,2.528,0.9421510039871566
0,0.0,0.0,2.5296000000000003,0.9420518234198002
0,0.0,0.0,2.5312,0.9419525931860301
0,0.0,0.0,2.5328,0.9418533133924408
0,0.0,0.0,2.5344,0.9417539841455288
0,0.0,0.0,2.536,0.9416546055516917
0,0.0,0.0,2.5376000000000003,0.9415551777172274
0,0.0,0.0,2.5392,0.9414557007483355
0,0.0,0.0,2.5408,0.9413561747511159
0,0.0,0.0,2.5424,0.941256599831569
0,0.0,0.0,2.544,0.9411569760955958
0,0.0,0.0,2.5456000000000003,0.9410573036489978
0,0.0,0.0,2.5472,0.940957582597476
0,0.0,0.0,2.5488,0.9408578130466323
0,0.0,0.0,2.5504000000000002,0.9407579951019677
0,0.0,0.0,2.552,0.9406581288688834
0,0.0,0.0,2.5536000000000003,0.9405582144526803
0,0.0,0.0,2.5552,0.9404582519585581
0,0.0,0.0,2.5568,0.9403582414916168
0,0.0,0.0,2.5584000000000002,0.9402581831568549
0,0.0,0.0,2.56,0.9401580770591703
0,0.0,0.0,2.5616000000000003,0.9400579233033596
0,0.0,0.0,2.5632,0.9399577219941186
0,0.0,0.0,2.5648,0.9398574732360416
0,0.0,0.0,2.5664000000000002,0.9397571771336215
0,0.0,0.0,2.568,0.9396568337912496
0,0.0,0.0,2.5696000000000003,0.9395564433132158
0,0.0,0.0,2.5712,0.9394560058037079
0,0.0,0.0,2.5728,0.9393555213668118
0,0.0,0.0,2.5744000000000002,0.9392549901065118
0,0.0,0.0,2.576,0.9391544121266896
0,0.0,0.0,2.5776000000000003,0.9390537875311249
0,0.0,0.0,2.5792,0.938953116423495
0,0.0,0.0,2.5808,0.9388523989073746
0,0.0,0.0,2.5824000000000003,0.938751635086236
0,0.0,0.0,2.584,0.9386508250634489
0,0.0,0.0,2.5856000000000003,0.9385499689422797
0,0.0,0.0,2.5872,0.9384490668258924
0,0.0,0.0,2.5888,0.9383481188173475
0,0.0,0.0,2.5904000000000003,0.938247125019603
0,0.0,0.0,2.592,0.938146085535513
0,0.0,0.0,2.5936,0.9380450004678287
0,0.0,0.0,2.5952,0.9379438699191979
0,0.0,0.0,2.5968,0.9378426939921646
0,0.0,0.0,2.5984000000000003,0.9377414727891693
0,0.0,0.0,2.6,0.9376402064125486
0,0.0,0.0,2.6016,0.9375388949645355
0,0.0,0.0,2.6032,0.9374375385472589
0,0.0,0.0,2.6048,0.9373361372627436
0,0.0,0.0,2.6064000000000003,0.9372346912129108
0,0.0,0.0,2.608,0.9371332004995769
0,0.0,0.0,2.6096,0.9370316652244541
0,0.0,0.0,2.6112,0.9369300854891505
0,0.0,0.0,2.6128,0.9368284613951692
0,0.0,0.0,2.6144000000000003,0.9367267930439092
0,0.0,0.0,2.616,0.9366250805366645
0,0.0,0.0,2.6176,0.9365233239746248
0,0.0,0.0,2.6192,0.9364215234588745
0,0.0,0.0,2.6208,0.9363196790903934
0,0.0,0.0,2.6224000000000003,0.9362177909700559
0,0.0,0.0,2.624,0.9361158591986317
0,0.0,0.0,2.6256,0.9360138838767851
0,0.0,0.0,2.6272,0.9359118651050752
0,0.0,0.0,2.6288,0.935809802983956
0,0.0,0.0,2.6304000000000003,0.9357076976137758
0,0.0,0.0,2.632,0.9356055490947774
0,0.0,0.0,2.6336,0.9355033575270986
0,0.0,0.0,2.6352,0.9354011230107706
0,0.0,0.0,2.6368,0.9352988456457195
0,0.0,0.0,2.6384000000000003,0.9351965255317657
0,0.0,0.0,2.64,0.9350941627686234
0,0.0,0.0,2.6416,0.9349917574559014
0,0.0,0.0,2.6432,0.9348893096931016
0,0.0,0.0,2.6448,0.9347868195796208
0,0.0,0.0,2.6464000000000003,0.9346842872147493
0,0.0,0.0,2.648,0.9345817126976709
0,0.0,0.0,2.6496,0.9344790961274635
0,0.0,0.0,2.6512000000000002,0.9343764376030986
0,0.0,0.0,2.6528,0.9342737372234412
0,0.0,0.0,2.6544000000000003,0.93417099508725
0,0.0,0.0,2.656,0.9340682112931769
0,0.0,0.0,2.6576,0.9339653859397676
0,0.0,0.0,2.6592000000000002,0.933862519125461
0,0.0,0.0,2.6608,0.9337596109485891
0,0.0,0.0,2.6624000000000003,0.9336566615073775
0,0.0,0.0,2.664,0.9335536708999446
0,0.0,0.0,2.6656,0.9334506392243022
0,0.0,0.0,2.6672000000000002,0.9333475665783552
0,0.0,0.0,2.6688,0.9332444530599012
0,0.0,0.0,2.6704000000000003,0.9331412987666311
0,0.0,0.0,2.672,0.9330381037961285
0,0.0,0.0,2.6736,0.9329348682458699
0,0.0,0.0,2.6752000000000002,0.9328315922132249
0,0.0,0.0,2.6768,0.9327282757954554
0,0.0,0.0,2.6784000000000003,0.9326249190897161
0,0.0,0.0,2.68,0.9325215221930546
0,0.0,0.0,2.6816,0.9324180852024111
0,0.0,0.0,2.6832000000000003,0.9323146082146181
0,0.0,0.0,2.6848,0.9322110913264009
0,0.0,0.0,2.6864000000000003,0.9321075346343771
0,0.0,0.0,2.688,0.9320039382350568
0,0.0,0.0,2.6896,0.9319003022248423
0,0.0,0.0,2.6912000000000003,0.9317966267000288
0,0.0,0.0,2.6928,0.9316929117568031
0,0.0,0.0,2.6944000000000004,0.9315891574912447
0,0.0,0.0,2.696,0.9314853639993254
0,0.0,0.0,2.6976,0.9313815313769087
0,0.0,0.0,2.6992000000000003,0.9312776597197507
0,0.0,0.0,2.7008,0.9311737491234996
0,0.0,0.0,2.7024,0.9310697996836952
0,0.0,0.0,2.704,0.93096581149577
0,0.0,0.0,2.7056,0.9308617846550483
0,0.0,0.0,2.7072000000000003,0.9307577192567461
0,0.0,0.0,2.7088,0.9306536153959715
0,0.0,0.0,2.7104,0.9305494731677246
0,0.0,0.0,2.712,0.9304452926668972
0,0.0,0.0,2.7136,0.9303410739882735
0,0.0,0.0,2.7152000000000003,0.9302368172265284
0,0.0,0.0,2.7168,0.9301325224762298
0,0.0,0.0,2.7184,0.9300281898318367
0,0.0,0.0,2.72,0.9299238193877
0,0.0,0.0,2.7216,0.929819411238062
0,0.0,0.0,2.7232000000000003,0.9297149654770572
0,0.0,0.0,2.7248,0.9296104821987117
0,0.0,0.0,2.7264,0.9295059614969426
0,0.0,0.0,2.728,0.9294014034655596
0,0.0,0.0,2.7296,0.9292968081982631
0,0.0,0.0,2.7312000000000003,0.9291921757886455
0,0.0,0.0,2.7328,0.9290875063301908
0,0.0,0.0,2.7344,0.9289827999162743
0,0.0,0.0,2.736,0.9288780566401629
0,0.0,0.0,2.7376,0.9287732765950151
0,0.0,0.0,2.7392000000000003,0.9286684598738808
0,0.0,0.0,2.7408,0.9285636065697013
0,0.0,0.0,2.7424,0.9284587167753092
0,0.0,0.0,2.744,0.9283537905834288
0,0.0,0.0,2.7456,0.9282488280866756
0,0.0,0.0,2.7472000000000003,0.9281438293775569
0,0.0,0.0,2.7488,0.9280387945484708
0,0.0,0.0,2.7504,0.9279337236917071
0,0.0,0.0,2.7520000000000002,0.927828616899447
0,0.0,0.0,2.7536,0.9277234742637628
0,0.0,0.0,2.7552000000000003,0.9276182958766185
0,0.0,0.0,2.7568,0.9275130818298688
0,0.0,0.0,2.7584,0.9274078322152606
0,0.0,0.0,2.7600000000000002,0.927302547124431
0,0.0,0.0,2.7616,0.9271972266489098
0,0.0,0.0,2.7632000000000003,0.9270918708801168
0,0.0,0.0,2.7648,0.9269864799093636
0,0.0,0.0,2.7664,0.9268810538278532
0,0.0,0.0,2.7680000000000002,0.9267755927266796
0,0.0,0.0,2.7696,0.9266700966968283
0,0.0,0.0,2.7712000000000003,0.9265645658291762
0,0.0,0.0,2.7728,0.926459000214491
0,0.0,0.0,2.7744,0.926353399943432
0,0.0,0.0,2.7760000000000002,0.9262477651065497
0,0.0,0.0,2.7776,0.9261420957942857
0,0.0,0.0,2.7792000000000003,0.9260363920969733
0,0.0,0.0,2.7808,0.9259306541048365
0,0.0,0.0,2.7824,0.925824881907991
0,0.0,0.0,2.7840000000000003,0.9257190755964431
0,0.0,0.0,2.7856,0.9256132352600912
0,0.0,0.0,2.7872000000000003,0.9255073609887247
0,0.0,0.0,2.7888,0.9254014528720239
0,0.0,0.0,2.7904,0.9252955109995609
0,0.0,0.0,2.7920000000000003,0.9251895354607987
0,0.0,0.0,2.7936,0.9250835263450917
0,0.0,0.0,2.7952000000000004,0.9249774837416858
0,0.0,0.0,2.7968,0.9248714077397177
0,0.0,0.0,2.7984,0.9247652984282158
0,0.0,0.0,2.8000000000000003,0.9246591558960997
0,0.0,0.0,2.8016,0.9245529802321806
0,0.0,0.0,2.8032,0.9244467715251604
0,0.0,0.0,2.8048,0.9243405298636329
0,0.0,0.0,2.8064,0.9242342553360832
0,0.0,0.0,2.8080000000000003,0.9241279480308874
0,0.0,0.0,2.8096,0.9240216080363133
0,0.0,0.0,2.8112,0.92391523544052
0,0.0,0.0,2.8128,0.9238088303315579
0,0.0,0.0,2.8144,0.9237023927973691
0,0.0,0.0,2.8160000000000003,0.9235959229257867
0,0.0,0.0,2.8176,0.9234894208045357
0,0.0,0.0,2.8192,0.923382886521232
0,0.0,0.0,2.8208,0.9232763201633836
0,0.0,0.0,2.8224,0.9231697218183894
0,0.0,0.0,2.8240000000000003,0.9230630915735404
0,0.0,0.0,2.8256,0.9229564295160186
0,0.0,0.0,2.8272,0.9228497357328979
0,0.0,0.0,2.8288,0.9227430103111434
0,0.0,0.0,2.8304,0.9226362533376121
0,0.0,0.0,2.8320000000000003,0.9225294648990525
0,0.0,0.0,2.8336,0.9224226450821046
0,0.0,0.0,2.8352,0.9223157939733002
0,0.0,0.0,2.8368,0.9222089116590628
0,0.0,0.0,2.8384,0.9221019982257073
0,0.0,0.0,2.8400000000000003,0.9219950537594405
0,0.0,0.0,2.8416,0.9218880783463609
0,0.0,0.0,2.8432,0.9217810720724589
0,0.0,0.0,2.8448,0.9216740350236163
0,0.0,0.0,2.8464,0.9215669672856072
0,0.0,0.0,2.8480000000000003,0.9214598689440969
0,0.0,0.0,2.8496,0.9213527400846431
0,0.0,0.0,2.8512,0.9212455807926951
0,0.0,0.0,2.8528000000000002,0.9211383911535944
0,0.0,0.0,2.8544,0.9210311712525738
0,0.0,0.0,2.8560000000000003,0.9209239211747589
0,0.0,0.0,2.8576,0.9208166410051664
0,0.0,0.0,2.8592,0.9207093308287057
0,0.0,0.0,2.8608000000000002,0.9206019907301779
0,0.0,0.0,2.8624,0.9204946207942762
0,0.0,0.0,2.8640000000000003,0.9203872211055861
0,0.0,0.0,2.8656,0.9202797917485851
0,0.0,0.0,2.8672,0.9201723328076427
0,0.0,0.0,2.8688000000000002,0.9200648443670207
0,0.0,0.0,2.8704,0.9199573265108734
0,0.0,0.0,2.8720000000000003,0.9198497793232469
0,0.0,0.0,2.8736,0.91974220288808
0,0.0,0.0,2.8752,0.9196345972892034
0,0.0,0.0,2.8768000000000002,0.9195269626103406
0,0.0,0.0,2.8784,0.9194192989351072
0,0.0,0.0,2.8800000000000003,0.9193116063470114
0,0.0,0.0,2.8816,0.9192038849294536
0,0.0,0.0,2.8832,0.9190961347657269
0,0.0,0.0,2.8848000000000003,0.9189883559390171
0,0.0,0.0,2.8864,0.9188805485324022
0,0.0,0.0,2.8880000000000003,0.9187727126288531
0,0.0,0.0,2.8896,0.9186648483112331
0,0.0,0.0,2.8912,0.9185569556622983
0,0.0,0.0,2.8928000000000003,0.9184490347646979
0,0.0,0.0,2.8944,0.9183410857009731
0,0.0,0.0,2.8960000000000004,0.9182331085535584
0,0.0,0.0,2.8976,0.9181251034047812
0,0.0,0.0,2.8992,0.9180170703368612
0,0.0,0.0,2.9008000000000003,0.9179090094319118
0,0.0,0.0,2.9024,0.917800920771939
0,0.0,0.0,2.9040000000000004,0.9176928044388417
0,0.0,0.0,2.9056,0.917584660514412
0,0.0,0.0,2.9072,0.9174764890803351
0,0.0,0.0,2.9088000000000003,0.9173682902181889
0,0.0,0.0,2.9104,0.9172600640094452
0,0.0,0.0,2.912,0.9171518105354683
0,0.0,0.0,2.9136,0.9170435298775166
0,0.0,0.0,2.9152,0.9169352221167412
0,0.0,0.0,2.9168000000000003,0.9168268873341865
0,0.0,0.0,2.9184,0.9167185256107904
0,0.0,0.0,2.92,0.9166101370273846
0,0.0,0.0,2.9216,0.9165017216646938
0,0.0,0.0,2.9232,0.9163932796033365
0,0.0,0.0,2.9248000000000003,0.9162848109238245
0,0.0,0.0,2.9264,0.9161763157065637
0,0.0,0.0,2.928,0.9160677940318535
0,0.0,0.0,2.9296,0.9159592459798864
0,0.0,0.0,2.9312,0.9158506716307497
0,0.0,0.0,2.9328000000000003,0.915742071064424
0,0.0,0.0,2.9344,0.9156334443607836
0,0.0,0.0,2.936,0.915524791599597
0,0.0,0.0,2.9376,0.9154161128605265
0,0.0,0.0,2.9392,0.9153074082231286
0,0.0,0.0,2.9408000000000003,0.915198677766854
0,0.0,0.0,2.9424,0.9150899215710468
0,0.0,0.0,2.944,0.9149811397149462
0,0.0,0.0,2.9456,0.9148723322776848
0,0.0,0.0,2.9472,0.9147634993382903
0,0.0,0.0,2.9488000000000003,0.9146546409756839
0,0.0,0.0,2.9504,0.9145457572686819
0,0.0,0.0,2.952,0.9144368482959946
0,0.0,0.0,2.9536000000000002,0.9143279141362268
0,0.0,0.0,2.9552,0.9142189548678782
0,0.0,0.0,2.9568000000000003,0.9141099705693425
0,0.0,0.0,2.9584,0.9140009613189087
0,0.0,0.0,2.96,0.91389192719476
0,0.0,0.0,2.9616000000000002,0.9137828682749746
0,0.0,0.0,2.9632,0.9136737846375254
0,0.0,0.0,2.9648000000000003,0.9135646763602805
0,0.0,0.0,2.9664,0.9134555435210024
0,0.0,0.0,2.968,0.913346386197349
0,0.0,0.0,2.9696000000000002,0.9132372044668731
0,0.0,0.0,2.9712,0.9131279984070225
0,0.0,0.0,2.9728000000000003,0.9130187680951406
0,0.0,0.0,2.9744,0.9129095136084653
0,0.0,0.0,2.976,0.9128002350241303
0,0.0,0.0,2.9776000000000002,0.9126909324191644
0,0.0,0.0,2.9792,0.9125816058704921
0,0.0,0.0,2.9808000000000003,0.912472255454933
0,0.0,0.0,2.9824,0.9123628812492023
0,0.0,0.0,2.984,0.9122534833299107
0,0.0,0.0,2.9856000000000003,0.9121440617735651
0,0.0,0.0,2.9872,0.9120346166565673
0,0.0,0.0,2.9888000000000003,0.9119251480552152
0,0.0,0.0,2.9904,0.9118156560457025
0,0.0,0.0,2.992,0.9117061407041187
0,0.0,0.0,2.9936000000000003,0.9115966021064497
0,0.0,0.0,2.9952,0.9114870403285766
0,0.0,0.0,2.9968000000000004,0.9113774554462772
0,0.0,0.0,2.9984,0.911267847535225
0,0.0,0.0,3.0,0.9111582166709903
0,0.0,0.0,3.0016000000000003,0.9110485629290387
0,0.0,0.0,3.0032,0.9109388863847329
0,0.0,0.0,3.0048000000000004,0.9108291871133316
0,0.0,0.0,3.0064,0.9107194651899901
0,0.0,0.0,3.008,0.9106097206897602
0,0.0,0.0,3.0096000000000003,0.9104999536875903
0,0.0,0.0,3.0112,0.9103901642583253
0,0.0,0.0,3.0128,0.9102803524767069
0,0.0,0.0,3.0144,0.9101705184173736
0,0.0,0.0,3.016,0.9100606621548606
0,0.0,0.0,3.0176000000000003,0.9099507837636001
0,0.0,0.0,3.0192,0.9098408833179213
0,0.0,0.0,3.0208,0.9097309608920503
0,0.0,0.0,3.0224,0.9096210165601103
0,0.0,0.0,3.024,0.9095110503961217
0,0.0,0.0,3.0256000000000003,0.9094010624740022
0,0.0,0.0,3.0272,0.9092910528675667
0,0.0,0.0,3.0288,0.9091810216505276
0,0.0,0.0,3.0304,0.9090709688964947
0,0.0,0.0,3.032,0.9089608946789755
0,0.0,0.0,3.0336000000000003,0.9088507990713742
0,0.0,0.0,3.0352,0.9087406821469936
0,0.0,0.0,3.0368,0.9086305439790339
0,0.0,0.0,3.0384,0.9085203846405931
0,0.0,0.0,3.04,0.908410204204667
0,0.0,0.0,3.0416000000000003,0.9083000027441493
0,0.0,0.0,3.0432,0.9081897803318318
0,0.0,0.0,3.0448,0.9080795370404043
0,0.0,0.0,3.0464,0.9079692729424547
0,0.0,0.0,3.048,0.9078589881104688
0,0.0,0.0,3.0496000000000003,0.9077486826168315
0,0.0,0.0,3.0512,0.9076383565338252
0,0.0,0.0,3.0528,0.9075280099336311
0,0.0,0.0,3.0544000000000002,0.9074176428883289
0,0.0,0.0,3.056,0.9073072554698968
0,0.0,0.0,3.0576000000000003,0.9071968477502115
0,0.0,0.0,3.0592,0.9070864198010489
0,0.0,0.0,3.0608,0.906975971694083
0,0.0,0.0,3.0624000000000002,0.906865503500887
0,0.0,0.0,3.064,0.906755015292933
0,0.0,0.0,3.0656000000000003,0.9066445071415922
0,0.0,0.0,3.0672,0.9065339791181345
0,0.0,0.0,3.0688,0.9064234312937294
0,0.0,0.0,3.0704000000000002,0.9063128637394455
0,0.0,0.0,3.072,0.9062022765262505
0,0.0,0.0,3.0736000000000003,0.9060916697250115
0,0.0,0.0,3.0752,0.9059810434064952
0,0.0,0.0,3.0768,0.9058703976413677
0,0.0,0.0,3.0784000000000002,0.9057597325001946
0,0.0,0.0,3.08,0.9056490480534415
0,0.0,0.0,3.0816000000000003,0.9055383443714736
0,0.0,0.0,3.0832,0.9054276215245557
0,0.0,0.0,3.0848,0.9053168795828529
0,0.0,0.0,3.0864000000000003,0.9052061186164297
0,0.0,0.0,3.088,0.905095338695251
0,0.0,0.0,3.0896000000000003,0.9049845398891821
0,0.0,0.0,3.0912,0.904873722267988
0,0.0,0.0,3.0928,0.904762885901334
0,0.0,0.0,3.0944000000000003,0.9046520308587863
0,0.0,0.0,3.096,0.904541157209811
0,0.0,0.0,3.0976000000000004,0.9044302650237747
0,0.0,0.0,3.0992,0.9043193543699449
0,0.0,0.0,3.1008,0.9042084253174896
0,0.0,0.0,3.1024000000000003,0.9040974779354775
0,0.0,0.0,3.104,0.9039865122928784
0,0.0,0.0,3.1056000000000004,0.9038755284585628
0,0.0,0.0,3.1072,0.9037645265013019
0,0.0,0.0,3.1088,0.9036535064897685
0,0.0,0.0,3.1104000000000003,0.9035424684925359
0,0.0,0.0,3.112,0.9034314125780792
0,0.0,0.0,3.1136000000000004,0.9033203388147747
0,0.0,0.0,3.1152,0.9032092472708998
0,0.0,0.0,3.1168,0.9030981380146336
0,0.0,0.0,3.1184000000000003,0.9029870111140563
0,0.0,0.0,3.12,0.9028758666371506
0,0.0,0.0,3.1216,0.9027647046517997
0,0.0,0.0,3.1232,0.9026535252257897
0,0.0,0.0,3.1248,0.9025423284268078
0,0.0,0.0,3.1264000000000003,0.9024311143224437
0,0.0,0.0,3.128,0.9023198829801884
0,0.0,0.0,3.1296,0.9022086344674357
0,0.0,0.0,3.1312,0.9020973688514814
0,0.0,0.0,3.1328,0.9019860861995231
0,0.0,0.0,3.1344000000000003,0.9018747865786616
0,0.0,0.0,3.136,0.9017634700558993
0,0.0,0.0,3.1376,0.9016521366981415
0,0.0,0.0,3.1392,0.9015407865721959
0,0.0,0.0,3.1408,0.9014294197447731
0,0.0,0.0,3.1424000000000003,0.9013180362824862
0,0.0,0.0,3.144,0.9012066362518515
0,0.0,0.0,3.1456,0.9010952197192879
0,0.0,0.0,3.1472,0.9009837867511172
0,0.0,0.0,3.1488,0.9008723374135646
0,0.0,0.0,3.1504000000000003,0.9007608717727584
0,0.0,0.0,3.152,0.9006493898947301
0,0.0,0.0,3.1536,0.9005378918454144
0,0.0,0.0,3.1552000000000002,0.9004263776906495
0,0.0,0.0,3.1568,0.9003148474961773
0,0.0,0.0,3.1584000000000003,0.900203301327643
0,0.0,0.0,3.16,0.9000917392505957
0,0.0,0.0,3.1616,0.899980161330488
0,0.0,0.0,3.1632000000000002,0.8998685676326764
0,0.0,0.0,3.1648,0.8997569582224214
0,0.0,0.0,3.1664000000000003,0.8996453331648874
0,0.0,0.0,3.168,0.899533692525143
0,0.0,0.0,3.1696,0.8994220363681611
0,0.0,0.0,3.1712000000000002,0.8993103647588186
0,0.0,0.0,3.1728,0.899198677761897
0,0.0,0.0,3.1744000000000003,0.8990869754420818
0,0.0,0.0,3.176,0.8989752578639634
0,0.0,0.0,3.1776,0.8988635250920366
0,0.0,0.0,3.1792000000000002,0.898751777190701
0,0.0,0.0,3.1808,0.8986400142242609
0,0.0,0.0,3.1824000000000003,0.8985282362569254
0,0.0,0.0,3.184,0.8984164433528088
0,0.0,0.0,3.1856,0.8983046355759302
0,0.0,0.0,3.1872000000000003,0.8981928129902137
0,0.0,0.0,3.1888,0.8980809756594889
0,0.0,0.0,3.1904000000000003,0.8979691236474905
0,0.0,0.0,3.192,0.8978572570178585
0,0.0,0.0,3.1936,0.8977453758341384
0,0.0,0.0,3.1952000000000003,0.8976334801597815
0,0.0,0.0,3.1968,0.8975215700581444
0,0.0,0.0,3.1984000000000004,0.8974096455924895
0,0.0,0.0,3.2,0.8972977068259852
0,0.0,0.0,3.2016,0.8971857538217055
0,0.0,0.0,3.2032000000000003,0.8970737866426306
0,0.0,0.0,3.2048,0.8969618053516468
0,0.0,0.0,3.2064000000000004,0.8968498100115463
0,0.0,0.0,3.208,0.8967378006850274
0,0.0,0.0,3.2096,0.8966257774346954
0,0.0,0.0,3.2112000000000003,0.8965137403230614
0,0.0,0.0,3.2128,0.8964016894125432
0,0.0,0.0,3.2144000000000004,0.8962896247654653
0,0.0,0.0,3.216,0.8961775464440587
0,0.0,0.0,3.2176,0.8960654545104612
0,0.0,0.0,3.2192000000000003,0.8959533490267175
0,0.0,0.0,3.2208,0.8958412300547794
0,0.0,0.0,3.2224000000000004,0.8957290976565055
0,0.0,0.0,3.224,0.8956169518936616
0,0.0,0.0,3.2256,0.8955047928279206
0,0.0,0.0,3.2272000000000003,0.8953926205208628
0,0.0,0.0,3.2288,0.8952804350339759
0,0.0,0.0,3.2304,0.8951682364286551
0,0.0,0.0,3.232,0.8950560247662029
0,0.0,0.0,3.2336,0.8949438001078298
0,0.0,0.0,3.2352000000000003,0.8948315625146539
0,0.0,0.0,3.2368,0.8947193120477013
0,0.0,0.0,3.2384,0.8946070487679056
0,0.0,0.0,3.24,0.8944947727361089
0,0.0,0.0,3.2416,0.8943824840130606
0,0.0,0.0,3.2432000000000003,0.8942701826594194
0,0.0,0.0,3.2448,0.8941578687357515
0,0.0,0.0,3.2464,0.8940455423025315
0,0.0,0.0,3.248,0.8939332034201429
0,0.0,0.0,3.2496,0.8938208521488774
0,0.0,0.0,3.2512000000000003,0.8937084885489353
0,0.0,0.0,3.2528,0.8935961126804255
0,0.0,0.0,3.2544,0.8934837246033663
0,0.0,0.0,3.2560000000000002,0.8933713243776844
0,0.0,0.0,3.2576,0.893258912063216
0,0.0,0.0,3.2592000000000003,0.8931464877197054
0,0.0,0.0,3.2608,0.8930340514068071
0,0.0,0.0,3.2624,0.8929216031840845
0,0.0,0.0,3.2640000000000002,0.8928091431110101
0,0.0,0.0,3.2656,0.8926966712469661
0,0.0,0.0,3.2672000000000003,0.8925841876512439
0,0.0,0.0,3.2688,0.8924716923830454
0,0.0,0.0,3.2704,0.8923591855014812
0,0.0,0.0,3.2720000000000002,0.8922466670655724
0,0.0,0.0,3.2736,0.8921341371342494
0,0.0,0.0,3.2752000000000003,0.8920215957663533
0,0.0,0.0,3.2768,0.8919090430206347
0,0.0,0.0,3.2784,0.8917964789557545
0,0.0,0.0,3.2800000000000002,0.8916839036302842
0,0.0,0.0,3.2816,0.8915713171027051
0,0.0,0.0,3.2832000000000003,0.8914587194314095
0,0.0,0.0,3.2848,0.8913461106746996
0,0.0,0.0,3.2864,0.8912334908907888
0,0.0,0.0,3.2880000000000003,0.8911208601378012
0,0.0,0.0,3.2896,0.8910082184737713
0,0.0,0.0,3.2912000000000003,0.8908955659566445
0,0.0,0.0,3.2928,0.890782902644278
0,0.0,0.0,3.2944,0.8906702285944389
0,0.0,0.0,3.2960000000000003,0.8905575438648066
0,0.0,0.0,3.2976,0.8904448485129706
0,0.0,0.0,3.2992000000000004,0.8903321425964328
0,0.0,0.0,3.3008,0.890219426172606
0,0.0,0.0,3.3024,0.8901066992988146
0,0.0,0.0,3.3040000000000003,0.889993962032295
0,0.0,0.0,3.3056,0.8898812144301947
0,0.0,0.0,3.3072000000000004,0.8897684565495736
0,0.0,0.0,3.3088,0.8896556884474028
0,0.0,0.0,3.3104,0.8895429101805664
0,0.0,0.0,3.3120000000000003,0.8894301218058598
0,0.0,0.0,3.3136,0.8893173233799908
0,0.0,0.0,3.3152000000000004,0.8892045149595795
0,0.0,0.0,3.3168,0.8890916966011585
0,0.0,0.0,3.3184,0.8889788683611726
0,0.0,0.0,3.3200000000000003,0.8888660302959793
0,0.0,0.0,3.3216,0.8887531824618488
0,0.0,0.0,3.3232000000000004,0.8886403249149638
0,0.0,0.0,3.3248,0.88852745771142
0,0.0,0.0,3.3264,0.8884145809072261
0,0.0,0.0,3.3280000000000003,0.8883016945583037
0,0.0,0.0,3.3296,0.8881887987204874
0,0.0,0.0,3.3312,0.8880758934495252
0,0.0,0.0,3.3328,0.8879629788010786
0,0.0,0.0,3.3344,0.8878500548307217
0,0.0,0.0,3.3360000000000003,0.8877371215939427
0,0.0,0.0,3.3376,0.8876241791461436
0,0.0,0.0,3.3392,0.8875112275426393
0,0.0,0.0,3.3408,0.8873982668386592
0,0.0,0.0,3.3424,0.8872852970893458
0,0.0,0.0,3.3440000000000003,0.8871723183497561
0,0.0,0.0,3.3456,0.8870593306748609
0,0.0,0.0,3.3472,0.8869463341195454
0,0.0,0.0,3.3488,0.8868333287386085
0,0.0,0.0,3.3504,0.8867203145867639
0,0.0,0.0,3.3520000000000003,0.8866072917186396
0,0.0,0.0,3.3536,0.886494260188778
0,0.0,0.0,3.3552,0.8863812200516358
0,0.0,0.0,3.3568000000000002,0.886268171361585
0,0.0,0.0,3.3584,0.8861551141729118
0,0.0,0.0,3.3600000000000003,0.8860420485398175
0,0.0,0.0,3.3616,0.8859289745164186
0,0.0,0.0,3.3632,0.8858158921567464
0,0.0,0.0,3.3648000000000002,0.8857028015147472
0,0.0,0.0,3.3664,0.8855897026442828
0,0.0,0.0,3.3680000000000003,0.8854765955991302
0,0.0,0.0,3.3696,0.8853634804329819
0,0.0,0.0,3.3712,0.8852503571994458
0,0.0,0.0,3.3728000000000002,0.8851372259520455
0,0.0,0.0,3.3744,0.8850240867442203
0,0.0,0.0,3.3760000000000003,0.8849109396293252
0,0.0,0.0,3.3776,0.8847977846606313
0,0.0,0.0,3.3792,0.8846846218913255
0,0.0,0.0,3.3808000000000002,0.8845714513745107
0,0.0,0.0,3.3824,0.8844582731632064
0,0.0,0.0,3.3840000000000003,0.8843450873103476
0,0.0,0.0,3.3856,0.8842318938687863
0,0.0,0.0,3.3872,0.884118692891291
0,0.0,0.0,3.3888000000000003,0.8840054844305463
0,0.0,0.0,3.3904,0.8838922685391536
0,0.0,0.0,3.3920000000000003,0.8837790452696311
0,0.0,0.0,3.3936,0.8836658146744136
0,0.0,0.0,3.3952,0.8835525768058533
0,0.0,0.0,3.3968000000000003,0.8834393317162187
0,0.0,0.0,3.3984,0.8833260794576959
0,0.0,0.0,3.4000000000000004,0.883212820082388
0,0.0,0.0,3.4016,0.8830995536423158
0,0.0,0.0,3.4032,0.882986280189417
0,0.0,0.0,3.4048000000000003,0.8828729997755469
0,0.0,0.0,3.4064,0.8827597124524781
0,0.0,0.0,3.4080000000000004,0.8826464182719014
0,0.0,0.0,3.4096,0.8825331172854252
0,0.0,0.0,3.4112,0.8824198095445754
0,0.0,0.0,3.4128000000000003,0.8823064951007961
0,0.0,0.0,3.4144,0.8821931740054494
0,0.0,0.0,3.4160000000000004,0.8820798463098155
0,0.0,0.0,3.4176,0.8819665120650928
0,0.0,0.0,3.4192,0.8818531713223982
0,0.0,0.0,3.4208000000000003,0.8817398241327669
0,0.0,0.0,3.4224,0.8816264705471523
0,0.0,0.0,3.4240000000000004,0.8815131106164266
0,0.0,0.0,3.4256,0.8813997443913807
0,0.0,0.0,3.4272,0.8812863719227245
0,0.0,0.0,3.4288000000000003,0.8811729932610866
0,0.0,0.0,3.4304,0.8810596084570141
0,0.0,0.0,3.4320000000000004,0.880946217560974
0,0.0,0.0,3.4336,0.880832820623352
0,0.0,0.0,3.4352,0.8807194176944529
0,0.0,0.0,3.4368000000000003,0.8806060088245009
0,0.0,0.0,3.4384,0.8804925940636398
0,0.0,0.0,3.44,0.880379173461933
0,0.0,0.0,3.4416,0.8802657470693633
0,0.0,0.0,3.4432,0.880152314935833
0,0.0,0.0,3.4448000000000003,0.8800388771111648
0,0.0,0.0,3.4464,0.8799254336451007
0,0.0,0.0,3.448,0.879811984587303
0,0.0,0.0,3.4496,0.8796985299873542
0,0.0,0.0,3.4512,0.8795850698947566
0,0.0,0.0,3.4528000000000003,0.8794716043589331
0,0.0,0.0,3.4544,0.8793581334292266
0,0.0,0.0,3.456,0.8792446571549007
0,0.0,0.0,3.4576000000000002,0.8791311755851396
0,0.0,0.0,3.4592,0.8790176887690481
0,0.0,0.0,3.4608000000000003,0.8789041967556516
0,0.0,0.0,3.4624,0.8787906995938963
0,0.0,0.0,3.464,0.8786771973326495
0,0.0,0.0,3.4656000000000002,0.8785636900206996
0,0.0,0.0,3.4672,0.8784501777067554
0,0.0,0.0,3.4688000000000003,0.8783366604394479
0,0.0,0.0,3.4704,0.8782231382673287
0,0.0,0.0,3.472,0.878109611238871
0,0.0,0.0,3.4736000000000002,0.8779960794024695
0,0.0,0.0,3.4752,0.8778825428064401
0,0.0,0.0,3.4768000000000003,0.8777690014990209
0,0.0,0.0,3.4784,0.8776554555283717
0,0.0,0.0,3.48,0.8775419049425738
0,0.0,0.0,3.4816000000000003,0.8774283497896305
0,0.0,0.0,3.4832,0.8773147901174672
0,0.0,0.0,3.4848000000000003,0.8772012259739316
0,0.0,0.0,3.4864,0.8770876574067933
0,0.0,0.0,3.488,0.8769740844637446
0,0.0,0.0,3.4896000000000003,0.8768605071923996
0,0.0,0.0,3.4912,0.8767469256402955
0,0.0,0.0,3.4928000000000003,0.8766333398548919
0,0.0,0.0,3.4944,0.8765197498835707
0,0.0,0.0,3.496,0.8764061557736372
0,0.0,0.0,3.4976000000000003,0.8762925575723192
0,0.0,0.0,3.4992,0.8761789553267672
0,0.0,0.0,3.5008000000000004,0.8760653490840553
0,0.0,0.0,3.5024,0.8759517388911803
0,0.0,0.0,3.504,0.8758381247950625
0,0.0,0.0,3.5056000000000003,0.8757245068425454
0,0.0,0.0,3.5072,0.875610885080396
0,0.0,0.0,3.5088000000000004,0.8754972595553047
0,0.0,0.0,3.5104,0.8753836303138854
0,0.0,0.0,3.512,0.8752699974026761
0,0.0,0.0,3.5136000000000003,0.8751563608681381
0,0.0,0.0,3.5152,0.8750427207566569
0,0.0,0.0,3.5168000000000004,0.8749290771145417
0,0.0,0.0,3.5184,0.8748154299880262
0,0.0,0.0,3.52,0.8747017794232678
0,0.0,0.0,3.5216000000000003,0.8745881254663483
0,0.0,0.0,3.5232,0.8744744681632739
0,0.0,0.0,3.5248000000000004,0.874360807559975
0,0.0,0.0,3.5264,0.8742471437023069
0,0.0,0.0,3.528,0.8741334766360493
0,0.0,0.0,3.5296000000000003,0.8740198064069067
0,0.0,0.0,3.5312,0.873906133060508
0,0.0,0.0,3.5328000000000004,0.8737924566424075
0,0.0,0.0,3.5344,0.8736787771980841
0,0.0,0.0,3.536,0.8735650947729422
0,0.0,0.0,3.5376000000000003,0.8734514094123107
0,0.0,0.0,3.5392,0.8733377211614443
0,0.0,0.0,3.5408000000000004,0.8732240300655231
0,0.0,0.0,3.5424,0.8731103361696523
0,0.0,0.0,3.544,0.8729966395188627
0,0.0,0.0,3.5456000000000003,0.8728829401581109
0,0.0,0.0,3.5472,0.872769238132279
0,0.0,0.0,3.5488,0.872655533486175
0,0.0,0.0,3.5504000000000002,0.8725418262645326
0,0.0,0.0,3.552,0.8724281165120119
0,0.0,0.0,3.5536000000000003,0.8723144042731987
0,0.0,0.0,3.5552,0.8722006895926052
0,0.0,0.0,3.5568,0.8720869725146696
0,0.0,0.0,3.5584000000000002,0.8719732530837567
0,0.0,0.0,3.56,0.8718595313441578
0,0.0,0.0,3.5616000000000003,0.8717458073400903
0,0.0,0.0,3.5632,0.8716320811156987
0,0.0,0.0,3.5648,0.8715183527150538
0,0.0,0.0,3.5664000000000002,0.8714046221821536
0,0.0,0.0,3.568,0.8712908895609228
0,0.0,0.0,3.5696000000000003,0.8711771548952129
0,0.0,0.0,3.5712,0.8710634182288028
0,0.0,0.0,3.5728,0.8709496796053986
0,0.0,0.0,3.5744000000000002,0.8708359390686332
0,0.0,0.0,3.576,0.8707221966620673
0,0.0,0.0,3.5776000000000003,0.8706084524291888
0,0.0,0.0,3.5792,0.8704947064134133
0,0.0,0.0,3.5808,0.870380958658084
0,0.0,0.0,3.5824000000000003,0.8702672092064715
0,0.0,0.0,3.584,0.8701534581017747
0,0.0,0.0,3.5856000000000003,0.87003970538712
0,0.0,0.0,3.5872,0.869925951105562
0,0.0,0.0,3.5888,0.869812195300083
0,0.0,0.0,3.5904000000000003,0.8696984380135941
0,0.0,0.0,3.592,0.8695846792889341
0,0.0,0.0,3.5936000000000003,0.8694709191688704
0,0.0,0.0,3.5952,0.8693571576960988
0,0.0,0.0,3.5968,0.8692433949132435
0,0.0,0.0,3.5984000000000003,0.8691296308628574
0,0.0,0.0,3.6,0.8690158655874222
0,0.0,0.0,3.6016000000000004,0.8689020991293482
0,0.0,0.0,3.6032,0.868788331530975
0,0.0,0.0,3.6048,0.8686745628345706
0,0.0,0.0,3.6064000000000003,0.8685607930823321
0,0.0,0.0,3.608,0.868447022316386
0,0.0,0.0,3.6096000000000004,0.8683332505787884
0,0.0,0.0,3.6112,0.8682194779115241
0,0.0,0.0,3.6128,0.8681057043565077
0,0.0,0.0,3.6144000000000003,0.8679919299555829
0,0.0,0.0,3.616,0.8678781547505234
0,0.0,0.0,3.6176000000000004,0.8677643787830326
0,0.0,0.0,3.6192,0.8676506020947433
0,0.0,0.0,3.6208,0.8675368247272186
0,0.0,0.0,3.6224000000000003,0.8674230467219513
0,0.0,0.0,3.624,0.8673092681203641
0,0.0,0.0,3.6256000000000004,0.8671954889638103
0,0.0,0.0,3.6272,0.867081709293573
0,0.0,0.0,3.6288,0.8669679291508658
0,0.0,0.0,3.6304000000000003,0.8668541485768326
0,0.0,0.0,3.632,0.8667403676125482
0,0.0,0.0,3.6336000000000004,0.8666265862990175
0,0.0,0.0,3.6352,0.866512804677176
0,0.0,0.0,3.6368,0.8663990227878902
0,0.0,0.0,3.6384000000000003,0.8662852406719574
0,0.0,0.0,3.64,0.8661714583701061
0,0.0,0.0,3.6416000000000004,0.8660576759229954
0,0.0,0.0,3.6432,0.8659438933712158
0,0.0,0.0,3.6448,0.8658301107552887
0,0.0,0.0,3.6464000000000003,0.8657163281156671
0,0.0,0.0,3.648,0.8656025454927352
0,0.0,0.0,3.6496,0.8654887629268087
0,0.0,0.0,3.6512000000000002,0.8653749804581349
0,0.0,0.0,3.6528,0.8652611981268926
0,0.0,0.0,3.6544000000000003,0.8651474159731926
0,0.0,0.0,3.656,0.8650336340370772
0,0.0,0.0,3.6576,0.864919852358521
0,0.0,0.0,3.6592000000000002,0.8648060709774301
0,0.0,0.0,3.6608,0.864692289933643
0,0.0,0.0,3.6624000000000003,0.8645785092669304
0,0.0,0.0,3.664,0.8644647290169951
0,0.0,0.0,3.6656,0.8643509492234723
0,0.0,0.0,3.6672000000000002,0.8642371699259297
0,0.0,0.0,3.6688,0.8641233911638674
0,0.0,0.0,3.6704000000000003,0.8640096129767181
0,0.0,0.0,3.672,0.8638958354038473
0,0.0,0.0,3.6736,0.8637820584845534
0,0.0,0.0,3.6752000000000002,0.8636682822580672
0,0.0,0.0,3.6768,0.8635545067635532
0,0.0,0.0,3.6784000000000003,0.8634407320401082
0,0.0,0.0,3.68,0.8633269581267625
0,0.0,0.0,3.6816,0.8632131850624796
0,0.0,0.0,3.6832000000000003,0.8630994128861562
0,0.0,0.0,3.6848,0.8629856416366225
0,0.0,0.0,3.6864000000000003,0.8628718713526422
0,0.0,0.0,3.688,0.8627581020729125
0,0.0,0.0,3.6896,0.8626443338360642
0,0.0,0.0,3.6912000000000003,0.862530566680662
0,0.0,0.0,3.6928,0.8624168006452042
0,0.0,0.0,3.6944000000000004,0.8623030357681232
0,0.0,0.0,3.696,0.8621892720877855
0,0.0,0.0,3.6976,0.8620755096424914
0,0.0,0.0,3.6992000000000003,0.8619617484704755
0,0.0,0.0,3.7008,0.8618479886099065
0,0.0,0.0,3.7024000000000004,0.8617342300988879
0,0.0,0.0,3.704,0.8616204729754572
0,0.0,0.0,3.7056,0.8615067172775865
0,0.0,0.0,3.7072000000000003,0.8613929630431828
0,0.0,0.0,3.7088,0.8612792103100875
0,0.0,0.0,3.7104000000000004,0.8611654591160764
0,0.0,0.0,3.712,0.8610517094988612
0,0.0,0.0,3.7136,0.8609379614960876
0,0.0,0.0,3.7152000000000003,0.8608242151453368
0,0.0,0.0,3.7168,0.8607104704841249
0,0.0,0.0,3.7184000000000004,0.8605967275499032
0,0.0,0.0,3.72,0.8604829863800586
0,0.0,0.0,3.7216,0.8603692470119131
0,0.0,0.0,3.7232000000000003,0.8602555094827241
0,0.0,0.0,3.7248,0.8601417738296849
0,0.0,0.0,3.7264000000000004,0.8600280400899242
0,0.0,0.0,3.728,0.8599143083005063
0,0.0,0.0,3.7296,0.8598005784984315
0,0.0,0.0,3.7312000000000003,0.8596868507206357
0,0.0,0.0,3.7328,0.8595731250039913
0,0.0,0.0,3.7344000000000004,0.8594594013853063
0,0.0,0.0,3.736,0.8593456799013252
0,0.0,0.0,3.7376,0.8592319605887282
0,0.0,0.0,3.7392000000000003,0.8591182434841322
0,0.0,0.0,3.7408,0.8590045286240906
0,0.0,0.0,3.7424000000000004,0.858890816045093
0,0.0,0.0,3.744,0.8587771057835658
0,0.0,0.0,3.7456,0.8586633978758719
0,0.0,0.0,3.7472000000000003,0.8585496923583108
0,0.0,0.0,3.7488,0.8584359892671191
0,0.0,0.0,3.7504000000000004,0.8583222886384703
0,0.0,0.0,3.7520000000000002,0.8582085905084744
0,0.0,0.0,3.7536,0.8580948949131794
0,0.0,0.0,3.7552000000000003,0.8579812018885695
0,0.0,0.0,3.7568,0.8578675114705666
0,0.0,0.0,3.7584,0.8577538236950302
0,0.0,0.0,3.7600000000000002,0.8576401385977565
0,0.0,0.0,3.7616,0.8575264562144796
0,0.0,0.0,3.7632000000000003,0.8574127765808716
0,0.0,0.0,3.7648,0.8572990997325416
0,0.0,0.0,3.7664,0.8571854257050364
0,0.0,0.0,3.7680000000000002,0.8570717545338413
0,0.0,0.0,3.7696,0.8569580862543789
0,0.0,0.0,3.7712000000000003,0.8568444209020099
0,0.0,0.0,3.7728,0.8567307585120333
0,0.0,0.0,3.7744,0.8566170991196861
0,0.0,0.0,3.7760000000000002,0.8565034427601435
0,0.0,0.0,3.7776,0.8563897894685192
0,0.0,0.0,3.7792000000000003,0.8562761392798652
0,0.0,0.0,3.7808,0.8561624922291721
0,0.0,0.0,3.7824,0.856048848351369
0,0.0,0.0,3.7840000000000003,0.8559352076813234
0,0.0,0.0,3.7856,0.8558215702538421
0,0.0,0.0,3.7872000000000003,0.8557079361036701
0,0.0,0.0,3.7888,0.8555943052654919
0,0.0,0.0,3.7904,0.8554806777739306
0,0.0,0.0,3.7920000000000003,0.8553670536635485
0,0.0,0.0,3.7936,0.8552534329688471
0,0.0,0.0,3.7952000000000004,0.855139815724267
0,0.0,0.0,3.7968,0.8550262019641881
0,0.0,0.0,3.7984,0.85491259172293
0,0.0,0.0,3.8000000000000003,0.8547989850347516
0,0.0,0.0,3.8016,0.8546853819338512
0,0.0,0.0,3.8032000000000004,0.854571782454367
0,0.0,0.0,3.8048,0.8544581866303769
0,0.0,0.0,3.8064,0.8543445944958984
0,0.0,0.0,3.8080000000000003,0.8542310060848891
0,0.0,0.0,3.8096,0.8541174214312465
0,0.0,0.0,3.8112000000000004,0.854003840568808
0,0.0,0.0,3.8128,0.8538902635313514
0,0.0,0.0,3.8144,0.8537766903525948
0,0.0,0.0,3.8160000000000003,0.8536631210661965
0,0.0,0.0,3.8176,0.8535495557057549
0,0.0,0.0,3.8192000000000004,0.8534359943048091
0,0.0,0.0,3.8208,0.8533224368968386
0,0.0,0.0,3.8224,0.853208883515264
0,0.0,0.0,3.8240000000000003,0.853095334193446
0,0.0,0.0,3.8256,0.8529817889646863
0,0.0,0.0,3.8272000000000004,0.8528682478622277
0,0.0,0.0,3.8288,0.8527547109192537
0,0.0,0.0,3.8304,0.852641178168889
0,0.0,0.0,3.8320000000000003,0.852527649644199
0,0.0,0.0,3.8336,0.8524141253781907
0,0.0,0.0,3.8352000000000004,0.8523006054038124
0,0.0,0.0,3.8368,0.8521870897539535
0,0.0,0.0,3.8384,0.8520735784614453
0,0.0,0.0,3.8400000000000003,0.85196007155906
0,0.0,0.0,3.8416,0.8518465690795113
0,0.0,0.0,3.8432000000000004,0.8517330710554554
0,0.0,0.0,3.8448,0.8516195775194898
0,0.0,0.0,3.8464,0.8515060885041538
0,0.0,0.0,3.8480000000000003,0.8513926040419284
0,0.0,0.0,3.8496,0.8512791241652372
0,0.0,0.0,3.8512000000000004,0.8511656489064453
0,0.0,0.0,3.8528000000000002,0.8510521782978603
0,0.0,0.0,3.8544,0.8509387123717317
0,0.0,0.0,3.8560000000000003,0.8508252511602515
0,0.0,0.0,3.8576,0.8507117946955542
0,0.0,0.0,3.8592,0.8505983430097168
0,0.0,0.0,3.8608000000000002,0.8504848961347587
0,0.0,0.0,3.8624,0.8503714541026419
0,0.0,0.0,3.8640000000000003,0.8502580169452713
0,0.0,0.0,3.8656,0.850144584694494
0,0.0,0.0,3.8672,0.850031157382101
0,0.0,0.0,3.8688000000000002,0.8499177350398253
0,0.0,0.0,3.8704,0.8498043176993434
0,0.0,0.0,3.8720000000000003,0.8496909053922748
0,0.0,0.0,3.8736,0.8495774981501824
0,0.0,0.0,3.8752,0.8494640960045717
0,0.0,0.0,3.8768000000000002,0.8493506989868922
0,0.0,0.0,3.8784,0.8492373071285366
0,0.0,0.0,3.8800000000000003,0.8491239204608413
0,0.0,0.0,3.8816,0.8490105390150857
0,0.0,0.0,3.8832,0.8488971628224934
0,0.0,0.0,3.8848000000000003,0.8487837919142316
0,0.0,0.0,3.8864,0.8486704263214112
0,0.0,0.0,3.8880000000000003,0.8485570660750871
0,0.0,0.0,3.8896,0.8484437112062582
0,0.0,0.0,3.8912,0.8483303617458673
0,0.0,0.0,3.8928000000000003,0.8482170177248014
0,0.0,0.0,3.8944,0.8481036791738917
0,0.0,0.0,3.8960000000000004,0.8479903461239136
0,0.0,0.0,3.8976,0.8478770186055868
0,0.0,0.0,3.8992,0.847763696649576
0,0.0,0.0,3.9008000000000003,0.8476503802864895
0,0.0,0.0,3.9024,0.8475370695468809
0,0.0,0.0,3.9040000000000004,0.8474237644612481
0,0.0,0.0,3.9056,0.8473104650600338
0,0.0,0.0,3.9072,0.8471971713736257
0,0.0,0.0,3.9088000000000003,0.8470838834323562
0,0.0,0.0,3.9104,0.8469706012665028
0,0.0,0.0,3.9120000000000004,0.8468573249062881
0,0.0,0.0,3.9136,0.8467440543818793
0,0.0,0.0,3.9152,0.8466307897233897
0,0.0,0.0,3.9168000000000003,0.8465175309608771
0,0.0,0.0,3.9184,0.846404278124345
0,0.0,0.0,3.9200000000000004,0.8462910312437422
0,0.0,0.0,3.9216,0.8461777903489632
0,0.0,0.0,3.9232,0.8460645554698482
0,0.0,0.0,3.9248000000000003,0.8459513266361824
0,0.0,0.0,3.9264,0.8458381038776975
0,0.0,0.0,3.9280000000000004,0.8457248872240707
0,0.0,0.0,3.9296,0.8456116767049248
0,0.0,0.0,3.9312,0.8454984723498289
0,0.0,0.0,3.9328000000000003,0.8453852741882982
0,0.0,0.0,3.9344,0.845272082249794
0,0.0,0.0,3.9360000000000004,0.8451588965637236
0,0.0,0.0,3.9376,0.8450457171594405
0,0.0,0.0,3.9392,0.844932544066245
0,0.0,0.0,3.9408000000000003,0.8448193773133832
0,0.0,0.0,3.9424,0.8447062169300481
0,0.0,0.0,3.9440000000000004,0.8445930629453795
0,0.0,0.0,3.9456,0.8444799153884632
0,0.0,0.0,3.9472,0.8443667742883322
0,0.0,0.0,3.9488000000000003,0.8442536396739662
0,0.0,0.0,3.9504,0.8441405115742914
0,0.0,0.0,3.9520000000000004,0.8440273900181815
0,0.0,0.0,3.9536000000000002,0.8439142750344572
0,0.0,0.0,3.9552,0.8438011666518858
0,0.0,0.0,3.9568000000000003,0.8436880648991821
0,0.0,0.0,3.9584,0.8435749698050082
0,0.0,0.0,3.9600000000000004,0.8434618813979735
0,0.0,0.0,3.9616000000000002,0.8433487997066342
0,0.0,0.0,3.9632,0.8432357247594949
0,0.0,0.0,3.9648000000000003,0.8431226565850074
0,0.0,0.0,3.9664,0.8430095952115708
0,0.0,0.0,3.968,0.8428965406675322
0,0.0,0.0,3.9696000000000002,0.8427834929811863
0,0.0,0.0,3.9712,0.8426704521807757
0,0.0,0.0,3.9728000000000003,0.8425574182944914
0,0.0,0.0,3.9744,0.8424443913504713
0,0.0,0.0,3.976,0.8423313713768025
0,0.0,0.0,3.9776000000000002,0.8422183584015193
0,0.0,0.0,3.9792,0.8421053524526049
0,0.0,0.0,3.9808000000000003,0.8419923535579902
0,0.0,0.0,3.9824,0.841879361745555
0,0.0,0.0,3.984,0.8417663770431274
0,0.0,0.0,3.9856000000000003,0.8416533994784836
0,0.0,0.0,3.9872,0.8415404290793488
0,0.0,0.0,3.9888000000000003,0.8414274658733968
0,0.0,0.0,3.9904,0.8413145098882499
0,0.0,0.0,3.992,0.8412015611514791
0,0.0,0.0,3.9936000000000003,0.841088619690605
0,0.0,0.0,3.9952,0.8409756855330962
0,0.0,0.0,3.9968000000000004,0.8408627587063708
0,0.0,0.0,3.9984,0.840749839237796
0,0.0,0.0,4.0,0.8406369271546882
0,0.0,0.0,4.0016,0.8405240224843127
0,0.0,0.0,4.0032000000000005,0.8404111252538843
0,0.0,0.0,4.0048,0.8402982354905673
0,0.0,0.0,4.0064,0.8401853532214751
0,0.0,0.0,4.008,0.8400724784736712
0,0.0,0.0,4.0096,0.8399596112741681
0,0.0,0.0,4.0112000000000005,0.8398467516499282
0,0.0,0.0,4.0128,0.8397338996278636
0,0.0,0.0,4.0144,0.8396210552348364
0,0.0,0.0,4.016,0.8395082184976582
0,0.0,0.0,4.0176,0.8393953894430908
0,0.0,0.0,4.0192000000000005,0.8392825680978461
0,0.0,0.0,4.0208,0.8391697544885858
0,0.0,0.0,4.0224,0.839056948641922
0,0.0,0.0,4.024,0.8389441505844171
0,0.0,0.0,4.0256,0.8388313603425835
0,0.0,0.0,4.027200000000001,0.8387185779428843
0,0.0,0.0,4.0288,0.8386058034117326
0,0.0,0.0,4.0304,0.8384930367754926
0,0.0,0.0,4.032,0.8383802780604787
0,0.0,0.0,4.0336,0.8382675272929561
0,0.0,0.0,4.035200000000001,0.8381547844991405
0,0.0,0.0,4.0368,0.8380420497051989
0,0.0,0.0,4.0384,0.8379293229372488
0,0.0,0.0,4.04,0.8378166042213586
0,0.0,0.0,4.0416,0.8377038935835481
0,0.0,0.0,4.043200000000001,0.8375911910497879
0,0.0,0.0,4.0448,0.8374784966459994
0,0.0,0.0,4.0464,0.8373658103980558
0,0.0,0.0,4.048,0.8372531323317814
0,0.0,0.0,4.0496,0.8371404624729519
0,0.0,0.0,4.051200000000001,0.8370278008472943
0,0.0,0.0,4.0528,0.8369151474804872
0,0.0,0.0,4.0544,0.836802502398161
0,0.0,0.0,4.056,0.8366898656258974
0,0.0,0.0,4.0576,0.8365772371892299
0,0.0,0.0,4.059200000000001,0.8364646171136441
0,0.0,0.0,4.0608,0.8363520054245768
0,0.0,0.0,4.0624,0.8362394021474172
0,0.0,0.0,4.064,0.8361268073075065
0,0.0,0.0,4.0656,0.8360142209301377
0,0.0,0.0,4.067200000000001,0.835901643040556
0,0.0,0.0,4.0688,0.8357890736639594
0,0.0,0.0,4.0704,0.8356765128254972
0,0.0,0.0,4.072,0.8355639605502717
0,0.0,0.0,4.0736,0.8354514168633372
0,0.0,0.0,4.075200000000001,0.8353388817897008
0,0.0,0.0,4.0768,0.8352263553543222
0,0.0,0.0,4.0784,0.8351138375821132
0,0.0,0.0,4.08,0.835001328497939
0,0.0,0.0,4.0816,0.8348888281266168
0,0.0,0.0,4.083200000000001,0.8347763364929173
0,0.0,0.0,4.0848,0.8346638536215636
0,0.0,0.0,4.0864,0.834551379537232
0,0.0,0.0,4.088,0.8344389142645517
0,0.0,0.0,4.0896,0.8343264578281052
0,0.0,0.0,4.091200000000001,0.834214010252428
0,0.0,0.0,4.0928,0.8341015715620087
0,0.0,0.0,4.0944,0.8339891417812894
0,0.0,0.0,4.096,0.8338767209346656
0,0.0,0.0,4.0976,0.833764309046486
0,0.0,0.0,4.099200000000001,0.8336519061410531
0,0.0,0.0,4.1008000000000004,0.8335395122426226
0,0.0,0.0,4.1024,0.8334271273754039
0,0.0,0.0,4.104,0.8333147515635607
0,0.0,0.0,4.1056,0.8332023848312095
0,0.0,0.0,4.107200000000001,0.8330900272024214
0,0.0,0.0,4.1088000000000005,0.8329776787012212
0,0.0,0.0,4.1104,0.8328653393515876
0,0.0,0.0,4.112,0.8327530091774532
0,0.0,0.0,4.1136,0.832640688202705
0,0.0,0.0,4.115200000000001,0.8325283764511842
0,0.0,0.0,4.1168000000000005,0.8324160739466857
0,0.0,0.0,4.1184,0.8323037807129591
0,0.0,0.0,4.12,0.8321914967737086
0,0.0,0.0,4.1216,0.8320792221525926
0,0.0,0.0,4.1232,0.8319669568732235
0,0.0,0.0,4.1248000000000005,0.8318547009591691
0,0.0,0.0,4.1264,0.8317424544339516
0,0.0,0.0,4.128,0.8316302173210477
0,0.0,0.0,4.1296,0.8315179896438888
0,0.0,0.0,4.1312,0.8314057714258616
0,0.0,0.0,4.1328000000000005,0.8312935626903071
0,0.0,0.0,4.1344,0.8311813634605216
0,0.0,0.0,4.136,0.8310691737597565
0,0.0,0.0,4.1376,0.8309569936112182
0,0.0,0.0,4.1392,0.8308448230380684
0,0.0,0.0,4.1408000000000005,0.8307326620634238
0,0.0,0.0,4.1424,0.8306205107103563
0,0.0,0.0,4.144,0.8305083690018935
0,0.0,0.0,4.1456,0.8303962369610184
0,0.0,0.0,4.1472,0.8302841146106692
0,0.0,0.0,4.1488000000000005,0.8301720019737397
0,0.0,0.0,4.1504,0.8300598990730798
0,0.0,0.0,4.152,0.8299478059314944
0,0.0,0.0,4.1536,0.8298357225717446
0,0.0,0.0,4.1552,0.8297236490165473
0,0.0,0.0,4.1568000000000005,0.829611585288575
0,0.0,0.0,4.1584,0.8294995314104566
0,0.0,0.0,4.16,0.8293874874047766
0,0.0,0.0,4.1616,0.8292754532940758
0,0.0,0.0,4.1632,0.8291634291008507
0,0.0,0.0,4.1648000000000005,0.8290514148475546
0,0.0,0.0,4.1664,0.8289394105565969
0,0.0,0.0,4.168,0.8288274162503434
0,0.0,0.0,4.1696,0.8287154319511159
0,0.0,0.0,4.1712,0.828603457681193
0,0.0,0.0,4.1728000000000005,0.8284914934628099
0,0.0,0.0,4.1744,0.828379539318158
0,0.0,0.0,4.176,0.8282675952693856
0,0.0,0.0,4.1776,0.8281556613385979
0,0.0,0.0,4.1792,0.8280437375478565
0,0.0,0.0,4.1808000000000005,0.8279318239191802
0,0.0,0.0,4.1824,0.8278199204745442
0,0.0,0.0,4.184,0.8277080272358814
0,0.0,0.0,4.1856,0.8275961442250812
0,0.0,0.0,4.1872,0.8274842714639903
0,0.0,0.0,4.1888000000000005,0.8273724089744126
0,0.0,0.0,4.1904,0.8272605567781088
0,0.0,0.0,4.192,0.8271487148967976
0,0.0,0.0,4.1936,0.8270368833521545
0,0.0,0.0,4.1952,0.8269250621658124
0,0.0,0.0,4.1968000000000005,0.8268132513593622
0,0.0,0.0,4.1984,0.8267014509543519
0,0.0,0.0,4.2,0.8265896609722869
0,0.0,0.0,4.2016,0.8264778814346309
0,0.0,0.0,4.2032,0.8263661123628051
0,0.0,0.0,4.2048000000000005,0.8262543537781881
0,0.0,0.0,4.2064,0.8261426057021167
0,0.0,0.0,4.208,0.8260308681558856
0,0.0,0.0,4.2096,0.8259191411607473
0,0.0,0.0,4.2112,0.8258074247379126
0,0.0,0.0,4.2128000000000005,0.8256957189085502
0,0.0,0.0,4.2144,0.8255840236937871
0,0.0,0.0,4.216,0.8254723391147085
0,0.0,0.0,4.2176,0.8253606651923576
0,0.0,0.0,4.2192,0.8252490019477364
0,0.0,0.0,4.2208000000000006,0.8251373494018052
0,0.0,0.0,4.2224,0.8250257075754822
0,0.0,0.0,4.224,0.8249140764896449
0,0.0,0.0,4.2256,0.8248024561651293
0,0.0,0.0,4.2272,0.8246908466227296
0,0.0,0.0,4.228800000000001,0.8245792478831993
0,0.0,0.0,4.2304,0.8244676599672499
0,0.0,0.0,4.232,0.8243560828955525
0,0.0,0.0,4.2336,0.8242445166887367
0,0.0,0.0,4.2352,0.8241329613673909
0,0.0,0.0,4.236800000000001,0.8240214169520632
0,0.0,0.0,4.2384,0.8239098834632602
0,0.0,0.0,4.24,0.8237983609214481
0,0.0,0.0,4.2416,0.8236868493470515
0,0.0,0.0,4.2432,0.8235753487604551
0,0.0,0.0,4.244800000000001,0.8234638591820025
0,0.0,0.0,4.2464,0.8233523806319967
0,0.0,0.0,4.248,0.8232409131307004
0,0.0,0.0,4.2496,0.8231294566983356
0,0.0,0.0,4.2512,0.823018011355084
0,0.0,0.0,4.252800000000001,0.8229065771210867
0,0.0,0.0,4.2544,0.8227951540164448
0,0.0,0.0,4.256,0.8226837420612189
0,0.0,0.0,4.2576,0.8225723412754294
0,0.0,0.0,4.2592,0.8224609516790566
0,0.0,0.0,4.260800000000001,0.8223495732920411
0,0.0,0.0,4.2624,0.8222382061342829
0,0.0,0.0,4.264,0.8221268502256425
0,0.0,0.0,4.2656,0.8220155055859403
0,0.0,0.0,4.2672,0.8219041722349568
0,0.0,0.0,4.268800000000001,0.8217928501924331
0,0.0,0.0,4.2704,0.8216815394780701
0,0.0,0.0,4.272,0.8215702401115292
0,0.0,0.0,4.2736,0.8214589521124324
0,0.0,0.0,4.2752,0.8213476755003619
0,0.0,0.0,4.276800000000001,0.8212364102948607
0,0.0,0.0,4.2784,0.821125156515432
0,0.0,0.0,4.28,0.82101391418154
0,0.0,0.0,4.2816,0.8209026833126096
0,0.0,0.0,4.2832,0.8207914639280262
0,0.0,0.0,4.284800000000001,0.820680256047136
0,0.0,0.0,4.2864,0.8205690596892464
0,0.0,0.0,4.288,0.8204578748736253
0,0.0,0.0,4.2896,0.8203467016195023
0,0.0,0.0,4.2912,0.8202355399460672
0,0.0,0.0,4.292800000000001,0.8201243898724716
0,0.0,0.0,4.2944,0.8200132514178277
0,0.0,0.0,4.296,0.8199021246012094
0,0.0,0.0,4.2976,0.8197910094416514
0,0.0,0.0,4.2992,0.8196799059581504
0,0.0,0.0,4.300800000000001,0.8195688141696638
0,0.0,0.0,4.3024000000000004,0.8194577340951109
0,0.0,0.0,4.304,0.8193466657533722
0,0.0,0.0,4.3056,0.8192356091632902
0,0.0,0.0,4.3072,0.8191245643436689
0,0.0,0.0,4.308800000000001,0.8190135313132735
0,0.0,0.0,4.3104000000000005,0.8189025100908316
0,0.0,0.0,4.312,0.8187915006950321
0,0.0,0.0,4.3136,0.8186805031445262
0,0.0,0.0,4.3152,0.8185695174579267
0,0.0,0.0,4.316800000000001,0.8184585436538084
0,0.0,0.0,4.3184000000000005,0.8183475817507087
0,0.0,0.0,4.32,0.8182366317671259
0,0.0,0.0,4.3216,0.8181256937215216
0,0.0,0.0,4.3232,0.818014767632319
0,0.0,0.0,4.324800000000001,0.8179038535179036
0,0.0,0.0,4.3264000000000005,0.8177929513966236
0,0.0,0.0,4.328,0.8176820612867889
0,0.0,0.0,4.3296,0.8175711832066725
0,0.0,0.0,4.3312,0.8174603171745097
0,0.0,0.0,4.332800000000001,0.817349463208498
0,0.0,0.0,4.3344000000000005,0.8172386213267979
0,0.0,0.0,4.336,0.8171277915475325
0,0.0,0.0,4.3376,0.8170169738887872
0,0.0,0.0,4.3392,0.8169061683686107
0,0.0,0.0,4.3408,0.8167953750050144
0,0.0,0.0,4.3424000000000005,0.8166845938159722
0,0.0,0.0,4.344,0.8165738248194215
0,0.0,0.0,4.3456,0.8164630680332623
0,0.0,0.0,4.3472,0.8163523234753578
0,0.0,0.0,4.3488,0.8162415911635341
0,0.0,0.0,4.3504000000000005,0.8161308711155806
0,0.0,0.0,4.352,0.8160201633492502
0,0.0,0.0,4.3536,0.8159094678822588
0,0.0,0.0,4.3552,0.8157987847322855
0,0.0,0.0,4.3568,0.8156881139169729
0,0.0,0.0,4.3584000000000005,0.815577455453927
0,0.0,0.0,4.36,0.8154668093607176
0,0.0,0.0,4.3616,0.8153561756548776
0,0.0,0.0,4.3632,0.8152455543539036
0,0.0,0.0,4.3648,0.815134945475256
0,0.0,0.0,4.3664000000000005,0.815024349036359
0,0.0,0.0,4.368,0.8149137650546002
0,0.0,0.0,4.3696,0.8148031935473314
0,0.0,0.0,4.3712,0.8146926345318681
0,0.0,0.0,4.3728,0.8145820880254897
0,0.0,0.0,4.3744000000000005,0.8144715540454397
0,0.0,0.0,4.376,0.8143610326089253
0,0.0,0.0,4.3776,0.8142505237331185
0,0.0,0.0,4.3792,0.8141400274351546
0,0.0,0.0,4.3808,0.8140295437321338
0,0.0,0.0,4.3824000000000005,0.8139190726411201
0,0.0,0.0,4.384,0.8138086141791422
0,0.0,0.0,4.3856,0.8136981683631928
0,0.0,0.0,4.3872,0.8135877352102292
0,0.0,0.0,4.3888,0.8134773147371732
0,0.0,0.0,4.3904000000000005,0.8133669069609111
0,0.0,0.0,4.392,0.8132565118982933
0,0.0,0.0,4.3936,0.8131461295661359
0,0.0,0.0,4.3952,0.8130357599812186
0,0.0,0.0,4.3968,0.8129254031602867
0,0.0,0.0,4.3984000000000005,0.8128150591200496
0,0.0,0.0,4.4,0.8127047278771821
0,0.0,0.0,4.4016,0.8125944094483235
0,0.0,0.0,4.4032,0.8124841038500782
0,0.0,0.0,4.4048,0.8123738110990155
0,0.0,0.0,4.4064000000000005,0.81226353121167
0,0.0,0.0,4.408,0.8121532642045415
0,0.0,0.0,4.4096,0.8120430100940945
0,0.0,0.0,4.4112,0.8119327688967592
0,0.0,0.0,4.4128,0.8118225406289308
0,0.0,0.0,4.4144000000000005,0.8117123253069697
0,0.0,0.0,4.416,0.8116021229472019
0,0.0,0.0,4.4176,0.811491933565919
0,0.0,0.0,4.4192,0.8113817571793775
0,0.0,0.0,4.4208,0.8112715938038002
0,0.0,0.0,4.4224000000000006,0.811161443455375
0,0.0,0.0,4.424,0.8110513061502554
0,0.0,0.0,4.4256,0.8109411819045609
0,0.0,0.0,4.4272,0.8108310707343764
0,0.0,0.0,4.4288,0.810720972655753
0,0.0,0.0,4.430400000000001,0.8106108876847075
0,0.0,0.0,4.432,0.8105008158372221
0,0.0,0.0,4.4336,0.8103907571292458
0,0.0,0.0,4.4352,0.8102807115766929
0,0.0,0.0,4.4368,0.8101706791954444
0,0.0,0.0,4.438400000000001,0.8100606600013469
0,0.0,0.0,4.44,0.8099506540102133
0,0.0,0.0,4.4416,0.8098406612378226
0,0.0,0.0,4.4432,0.8097306816999204
0,0.0,0.0,4.4448,0.8096207154122185
0,0.0,0.0,4.446400000000001,0.8095107623903947
0,0.0,0.0,4.448,0.8094008226500938
0,0.0,0.0,4.4496,0.8092908962069266
0,0.0,0.0,4.4512,0.8091809830764706
0,0.0,0.0,4.4528,0.8090710832742698
0,0.0,0.0,4.454400000000001,0.808961196815835
0,0.0,0.0,4.456,0.8088513237166438
0,0.0,0.0,4.4576,0.8087414639921399
0,0.0,0.0,4.4592,0.8086316176577342
0,0.0,0.0,4.4608,0.8085217847288048
0,0.0,0.0,4.462400000000001,0.8084119652206959
0,0.0,0.0,4.464,0.808302159148719
0,0.0,0.0,4.4656,0.8081923665281527
0,0.0,0.0,4.4672,0.8080825873742427
0,0.0,0.0,4.4688,0.8079728217022012
0,0.0,0.0,4.470400000000001,0.8078630695272082
0,0.0,0.0,4.472,0.8077533308644106
0,0.0,0.0,4.4736,0.8076436057289224
0,0.0,0.0,4.4752,0.8075338941358249
0,0.0,0.0,4.4768,0.8074241961001671
0,0.0,0.0,4.478400000000001,0.8073145116369652
0,0.0,0.0,4.48,0.8072048407612026
0,0.0,0.0,4.4816,0.8070951834878303
0,0.0,0.0,4.4832,0.8069855398317669
0,0.0,0.0,4.4848,0.8068759098078987
0,0.0,0.0,4.486400000000001,0.8067662934310793
0,0.0,0.0,4.488,0.8066566907161302
0,0.0,0.0,4.4896,0.8065471016778406
0,0.0,0.0,4.4912,0.8064375263309675
0,0.0,0.0,4.4928,0.8063279646902358
0,0.0,0.0,4.494400000000001,0.8062184167703381
0,0.0,0.0,4.496,0.806108882585935
0,0.0,0.0,4.4976,0.8059993621516551
0,0.0,0.0,4.4992,0.8058898554820948
0,0.0,0.0,4.5008,0.8057803625918192
0,0.0,0.0,4.502400000000001,0.8056708834953606
0,0.0,0.0,4.5040000000000004,0.8055614182072204
0,0.0,0.0,4.5056,0.8054519667418677
0,0.0,0.0,4.5072,0.80534252911374
0,0.0,0.0,4.5088,0.8052331053372431
0,0.0,0.0,4.510400000000001,0.8051236954267511
0,0.0,0.0,4.5120000000000005,0.8050142993966066
0,0.0,0.0,4.5136,0.8049049172611206
0,0.0,0.0,4.5152,0.8047955490345727
0,0.0,0.0,4.5168,0.8046861947312108
0,0.0,0.0,4.518400000000001,0.8045768543652522
0,0.0,0.0,4.5200000000000005,0.8044675279508817
0,0.0,0.0,4.5216,0.8043582155022538
0,0.0,0.0,4.5232,0.8042489170334912
0,0.0,0.0,4.5248,0.8041396325586856
0,0.0,0.0,4.526400000000001,0.8040303620918976
0,0.0,0.0,4.5280000000000005,0.8039211056471564
0,0.0,0.0,4.5296,0.8038118632384604
0,0.0,0.0,4.5312,0.803702634879777
0,0.0,0.0,4.5328,0.8035934205850426
0,0.0,0.0,4.534400000000001,0.8034842203681627
0,0.0,0.0,4.5360000000000005,0.803375034243012
0,0.0,0.0,4.5376,0.8032658622234342
0,0.0,0.0,4.5392,0.8031567043232423
0,0.0,0.0,4.5408,0.8030475605562186
0,0.0,0.0,4.542400000000001,0.8029384309361149
0,0.0,0.0,4.5440000000000005,0.8028293154766524
0,0.0,0.0,4.5456,0.8027202141915212
0,0.0,0.0,4.5472,0.8026111270943812
0,0.0,0.0,4.5488,0.8025020541988622
0,0.0,0.0,4.5504,0.8023929955185629
0,0.0,0.0,4.5520000000000005,0.8022839510670522
0,0.0,0.0,4.5536,0.8021749208578681
0,0.0,0.0,4.5552,0.8020659049045188
0,0.0,0.0,4.5568,0.8019569032204819
0,0.0,0.0,4.5584,0.8018479158192047
0,0.0,0.0,4.5600000000000005,0.801738942714105
0,0.0,0.0,4.5616,0.8016299839185698
0,0.0,0.0,4.5632,0.8015210394459564
0,0.0,0.0,4.5648,0.8014121093095921
0,0.0,0.0,4.5664,0.801303193522774
0,0.0,0.0,4.5680000000000005,0.8011942920987694
0,0.0,0.0,4.5696,0.8010854050508157
0,0.0,0.0,4.5712,0.8009765323921207
0,0.0,0.0,4.5728,0.8008676741358621
0,0.0,0.0,4.5744,0.8007588302951879
0,0.0,0.0,4.5760000000000005,0.8006500008832165
0,0.0,0.0,4.5776,0.8005411859130366
0,0.0,0.0,4.5792,0.8004323853977074
0,0.0,0.0,4.5808,0.8003235993502587
0,0.0,0.0,4.5824,0.8002148277836904
0,0.0,0.0,4.5840000000000005,0.800106070710973
0,0.0,0.0,4.5856,0.7999973281450478
0,0.0,0.0,4.5872,0.7998886000988267
0,0.0,0.0,4.5888,0.799779886585192
0,0.0,0.0,4.5904,0.7996711876169971
0,0.0,0.0,4.5920000000000005,0.7995625032070658
0,0.0,0.0,4.5936,0.7994538333681934
0,0.0,0.0,4.5952,0.7993451781131452
0,0.0,0.0,4.5968,0.7992365374546577
0,0.0,0.0,4.5984,0.7991279114054387
0,0.0,0.0,4.6000000000000005,0.7990192999781662
0,0.0,0.0,4.6016,0.7989107031854902
0,0.0,0.0,4.6032,0.7988021210400312
0,0.0,0.0,4.6048,0.7986935535543809
0,0.0,0.0,4.6064,0.7985850007411021
0,0.0,0.0,4.6080000000000005,0.798476462612729
0,0.0,0.0,4.6096,0.7983679391817672
0,0.0,0.0,4.6112,0.7982594304606931
0,0.0,0.0,4.6128,0.7981509364619549
0,0.0,0.0,4.6144,0.798042457197972
0,0.0,0.0,4.6160000000000005,0.7979339926811354
0,0.0,0.0,4.6176,0.7978255429238074
0,0.0,0.0,4.6192,0.7977171079383218
0,0.0,0.0,4.6208,0.7976086877369843
0,0.0,0.0,4.6224,0.7975002823320719
0,0.0,0.0,4.6240000000000006,0.7973918917358332
0,0.0,0.0,4.6256,0.7972835159604887
0,0.0,0.0,4.6272,0.7971751550182307
0,0.0,0.0,4.6288,0.7970668089212228
0,0.0,0.0,4.6304,0.7969584776816014
0,0.0,0.0,4.632000000000001,0.7968501613114739
0,0.0,0.0,4.6336,0.79674185982292
0,0.0,0.0,4.6352,0.7966335732279914
0,0.0,0.0,4.6368,0.7965253015387115
0,0.0,0.0,4.6384,0.7964170447670761
0,0.0,0.0,4.640000000000001,0.7963088029250529
0,0.0,0.0,4.6416,0.7962005760245819
0,0.0,0.0,4.6432,0.796092364077575
0,0.0,0.0,4.6448,0.7959841670959168
0,0.0,0.0,4.6464,0.7958759850914637
0,0.0,0.0,4.648000000000001,0.7957678180760448
0,0.0,0.0,4.6496,0.7956596660614613
0,0.0,0.0,4.6512,0.7955515290594868
0,0.0,0.0,4.6528,0.7954434070818674
0,0.0,0.0,4.6544,0.7953353001403217
0,0.0,0.0,4.656000000000001,0.7952272082465409
0,0.0,0.0,4.6576,0.7951191314121888
0,0.0,0.0,4.6592,0.7950110696489017
0,0.0,0.0,4.6608,0.7949030229682885
0,0.0,0.0,4.6624,0.7947949913819309
0,0.0,0.0,4.664000000000001,0.7946869749013833
0,0.0,0.0,4.6656,0.7945789735381731
0,0.0,0.0,4.6672,0.7944709873038003
0,0.0,0.0,4.6688,0.7943630162097377
0,0.0,0.0,4.6704,0.794255060267431
0,0.0,0.0,4.672000000000001,0.7941471194882993
0,0.0,0.0,4.6736,0.7940391938837342
0,0.0,0.0,4.6752,0.7939312834651008
0,0.0,0.0,4.6768,0.7938233882437369
0,0.0,0.0,4.6784,0.7937155082309535
0,0.0,0.0,4.680000000000001,0.7936076434380348
0,0.0,0.0,4.6816,0.7934997938762383
0,0.0,0.0,4.6832,0.7933919595567945
0,0.0,0.0,4.6848,0.7932841404909077
0,0.0,0.0,4.6864,0.7931763366897547
0,0.0,0.0,4.688000000000001,0.7930685481644867
0,0.0,0.0,4.6896,0.7929607749262274
0,0.0,0.0,4.6912,0.7928530169860748
0,0.0,0.0,4.6928,0.7927452743550997
0,0.0,0.0,4.6944,0.7926375470443466
0,0.0,0.0,4.696000000000001,0.792529835064834
0,0.0,0.0,4.6976,0.7924221384275536
0,0.0,0.0,4.6992,0.7923144571434709
0,0.0,0.0,4.7008,0.7922067912235251
0,0.0,0.0,4.7024,0.7920991406786291
0,0.0,0.0,4.704000000000001,0.7919915055196696
0,0.0,0.0,4.7056000000000004,0.791883885757507
0,0.0,0.0,4.7072,0.7917762814029762
0,0.0,0.0,4.7088,0.7916686924668853
0,0.0,0.0,4.7104,0.7915611189600169
0,0.0,0.0,4.712000000000001,0.7914535608931269
0,0.0,0.0,4.7136000000000005,0.7913460182769457
0,0.0,0.0,4.7152,0.7912384911221781
0,0.0,0.0,4.7168,0.7911309794395024
0,0.0,0.0,4.7184,0.7910234832395712
0,0.0,0.0,4.720000000000001,0.7909160025330116
0,0.0,0.0,4.7216000000000005,0.7908085373304248
0,0.0,0.0,4.7232,0.790701087642386
0,0.0,0.0,4.7248,0.7905936534794452
0,0.0,0.0,4.7264,0.7904862348521263
0,0.0,0.0,4.728000000000001,0.7903788317709279
0,0.0,0.0,4.7296000000000005,0.7902714442463231
0,0.0,0.0,4.7312,0.7901640722887591
0,0.0,0.0,4.7328,0.7900567159086579
0,0.0,0.0,4.7344,0.7899493751164163
0,0.0,0.0,4.736000000000001,0.789842049922405
0,0.0,0.0,4.7376000000000005,0.7897347403369701
0,0.0,0.0,4.7392,0.789627446370432
0,0.0,0.0,4.7408,0.7895201680330859
0,0.0,0.0,4.7424,0.7894129053352018
0,0.0,0.0,4.744000000000001,0.7893056582870244
0,0.0,0.0,4.7456000000000005,0.789198426898773
0,0.0,0.0,4.7472,0.7890912111806422
0,0.0,0.0,4.7488,0.7889840111428016
0,0.0,0.0,4.7504,0.7888768267953954
0,0.0,0.0,4.752000000000001,0.7887696581485432
0,0.0,0.0,4.7536000000000005,0.7886625052123389
0,0.0,0.0,4.7552,0.7885553679968523
0,0.0,0.0,4.7568,0.788448246512128
0,0.0,0.0,4.7584,0.7883411407681856
0,0.0,0.0,4.76,0.78823405077502
0,0.0,0.0,4.7616000000000005,0.7881269765426016
0,0.0,0.0,4.7632,0.7880199180808756
0,0.0,0.0,4.7648,0.7879128753997628
0,0.0,0.0,4.7664,0.7878058485091595
0,0.0,0.0,4.768,0.7876988374189369
0,0.0,0.0,4.7696000000000005,0.7875918421389421
0,0.0,0.0,4.7712,0.7874848626789976
0,0.0,0.0,4.7728,0.7873778990489013
0,0.0,0.0,4.7744,0.7872709512584266
0,0.0,0.0,4.776,0.7871640193173225
0,0.0,0.0,4.7776000000000005,0.7870571032353137
0,0.0,0.0,4.7792,0.7869502030221005
0,0.0,0.0,4.7808,0.7868433186873588
0,0.0,0.0,4.7824,0.7867364502407408
0,0.0,0.0,4.784,0.7866295976918737
0,0.0,0.0,4.7856000000000005,0.7865227610503609
0,0.0,0.0,4.7872,0.7864159403257814
0,0.0,0.0,4.7888,0.7863091355276907
0,0.0,0.0,4.7904,0.7862023466656194
0,0.0,0.0,4.792,0.7860955737490748
0,0.0,0.0,4.7936000000000005,0.78598881678754
0,0.0,0.0,4.7952,0.7858820757904739
0,0.0,0.0,4.7968,0.7857753507673115
0,0.0,0.0,4.7984,0.7856686417274644
0,0.0,0.0,4.8,0.7855619486803197
0,0.0,0.0,4.8016000000000005,0.7854552716352411
0,0.0,0.0,4.8032,0.7853486106015686
0,0.0,0.0,4.8048,0.7852419655886181
0,0.0,0.0,4.8064,0.7851353366056822
0,0.0,0.0,4.808,0.7850287236620295
0,0.0,0.0,4.8096000000000005,0.7849221267669051
0,0.0,0.0,4.8112,0.7848155459295306
0,0.0,0.0,4.8128,0.7847089811591043
0,0.0,0.0,4.8144,0.7846024324648003
0,0.0,0.0,4.816,0.7844958998557698
0,0.0,0.0,4.8176000000000005,0.7843893833411406
0,0.0,0.0,4.8192,0.7842828829300168
0,0.0,0.0,4.8208,0.7841763986314794
0,0.0,0.0,4.8224,0.7840699304545856
0,0.0,0.0,4.824,0.7839634784083701
0,0.0,0.0,4.8256000000000006,0.7838570425018436
0,0.0,0.0,4.8272,0.7837506227439942
0,0.0,0.0,4.8288,0.7836442191437863
0,0.0,0.0,4.8304,0.7835378317101614
0,0.0,0.0,4.832,0.7834314604520382
0,0.0,0.0,4.833600000000001,0.7833251053783117
0,0.0,0.0,4.8352,0.7832187664978545
0,0.0,0.0,4.8368,0.7831124438195157
0,0.0,0.0,4.8384,0.7830061373521218
0,0.0,0.0,4.84,0.7828998471044764
0,0.0,0.0,4.841600000000001,0.7827935730853599
0,0.0,0.0,4.8432,0.7826873153035302
0,0.0,0.0,4.8448,0.7825810737677222
0,0.0,0.0,4.8464,0.7824748484866481
0,0.0,0.0,4.848,0.7823686394689974
0,0.0,0.0,4.849600000000001,0.7822624467234367
0,0.0,0.0,4.8512,0.78215627025861
0,0.0,0.0,4.8528,0.7820501100831387
0,0.0,0.0,4.8544,0.7819439662056221
0,0.0,0.0,4.856,0.7818378386346364
0,0.0,0.0,4.857600000000001,0.7817317273787352
0,0.0,0.0,4.8592,0.7816256324464498
0,0.0,0.0,4.8608,0.7815195538462892
0,0.0,0.0,4.8624,0.78141349158674
0,0.0,0.0,4.864,0.781307445676266
0,0.0,0.0,4.865600000000001,0.781201416123309
0,0.0,0.0,4.8672,0.7810954029362883
0,0.0,0.0,4.8688,0.7809894061236015
0,0.0,0.0,4.8704,0.7808834256936231
0,0.0,0.0,4.872,0.7807774616547063
0,0.0,0.0,4.873600000000001,0.7806715140151813
0,0.0,0.0,4.8752,0.7805655827833566
0,0.0,0.0,4.8768,0.7804596679675188
0,0.0,0.0,4.8784,0.780353769575932
0,0.0,0.0,4.88,0.7802478876168387
0,0.0,0.0,4.881600000000001,0.7801420220984592
0,0.0,0.0,4.8832,0.7800361730289915
0,0.0,0.0,4.8848,0.7799303404166124
0,0.0,0.0,4.8864,0.7798245242694762
0,0.0,0.0,4.888,0.7797187245957159
0,0.0,0.0,4.889600000000001,0.7796129414034424
0,0.0,0.0,4.8912,0.7795071747007445
0,0.0,0.0,4.8928,0.7794014244956897
0,0.0,0.0,4.8944,0.7792956907963238
0,0.0,0.0,4.896,0.7791899736106707
0,0.0,0.0,4.897600000000001,0.7790842729467329
0,0.0,0.0,4.8992,0.778978588812491
0,0.0,0.0,4.9008,0.7788729212159042
0,0.0,0.0,4.9024,0.7787672701649107
0,0.0,0.0,4.904,0.7786616356674261
0,0.0,0.0,4.905600000000001,0.7785560177313451
0,0.0,0.0,4.9072000000000005,0.778450416364541
0,0.0,0.0,4.9088,0.778344831574866
0,0.0,0.0,4.9104,0.7782392633701504
0,0.0,0.0,4.912,0.7781337117582035
0,0.0,0.0,4.913600000000001,0.7780281767468128
0,0.0,0.0,4.9152000000000005,0.7779226583437454
0,0.0,0.0,4.9168,0.7778171565567465
0,0.0,0.0,4.9184,0.7777116713935405
0,0.0,0.0,4.92,0.7776062028618302
0,0.0,0.0,4.921600000000001,0.7775007509692978
0,0.0,0.0,4.9232000000000005,0.7773953157236039
0,0.0,0.0,4.9248,0.7772898971323883
0,0.0,0.0,4.9264,0.7771844952032698
0,0.0,0.0,4.928,0.7770791099438463
0,0.0,0.0,4.929600000000001,0.7769737413616946
0,0.0,0.0,4.9312000000000005,0.7768683894643704
0,0.0,0.0,4.9328,0.776763054259409
0,0.0,0.0,4.9344,0.7766577357543242
0,0.0,0.0,4.936,0.7765524339566096
0,0.0,0.0,4.937600000000001,0.7764471488737377
0,0.0,0.0,4.9392000000000005,0.7763418805131603
0,0.0,0.0,4.9408,0.7762366288823085
0,0.0,0.0,4.9424,0.7761313939885925
0,0.0,0.0,4.944,0.7760261758394025
0,0.0,0.0,4.945600000000001,0.7759209744421072
0,0.0,0.0,4.9472000000000005,0.775815789804055
0,0.0,0.0,4.9488,0.7757106219325742
0,0.0,0.0,4.9504,0.775605470834972
0,0.0,0.0,4.952,0.7755003365185354
0,0.0,0.0,4.953600000000001,0.7753952189905311
0,0.0,0.0,4.9552000000000005,0.7752901182582049
0,0.0,0.0,4.9568,0.7751850343287828
0,0.0,0.0,4.9584,0.7750799672094699
0,0.0,0.0,4.96,0.774974916907451
0,0.0,0.0,4.961600000000001,0.7748698834298912
0,0.0,0.0,4.9632000000000005,0.7747648667839345
0,0.0,0.0,4.9648,0.7746598669767054
0,0.0,0.0,4.9664,0.7745548840153079
0,0.0,0.0,4.968,0.7744499179068259
0,0.0,0.0,4.9696,0.7743449686583229
0,0.0,0.0,4.9712000000000005,0.7742400362768427
0,0.0,0.0,4.9728,0.7741351207694088
0,0.0,0.0,4.9744,0.7740302221430247
0,0.0,0.0,4.976,0.773925340404674
0,0.0,0.0,4.9776,0.7738204755613203
0,0.0,0.0,4.9792000000000005,0.7737156276199072
0,0.0,0.0,4.9808,0.7736107965873584
0,0.0,0.0,4.9824,0.7735059824705774
0,0.0,0.0,4.984,0.7734011852764489
0,0.0,0.0,4.9856,0.7732964050118365
0,0.0,0.0,4.9872000000000005,0.7731916416835849
0,0.0,0.0,4.9888,0.7730868952985186
0,0.0,0.0,4.9904,0.7729821658634424
0,0.0,0.0,4.992,0.7728774533851418
0,0.0,0.0,4.9936,0.7727727578703826
0,0.0,0.0,4.9952000000000005,0.7726680793259106
0,0.0,0.0,4.9968,0.7725634177584522
0,0.0,0.0,4.9984,0.7724587731747142
0,0.0,0.0,5.0,0.772354145581384
1,-0.5,-0.25,0.0,0.0
1,-0.5,-0.25,0.0016,0.03805823213721811
1,-0.5,-0.25,0.0032,0.07181890706896968
1,-0.5,-0.25,0.0048000000000000004,0.10181971669913994
1,-0.5,-0.25,0.0064,0.12852779592027277
1,-0.5,-0.25,0.008,0.1523492402989894
1,-0.5,-0.25,0.009600000000000001,0.17363731654536613
1,-0.5,-0.25,0.0112,0.19269954760090036
1,-0.5,-0.25,0.0128,0.20980382864674485
1,-0.5,-0.25,0.014400000000000001,0.2251837084124405
1,-0.5,-0.25,0.016,0.23904295134163622
1,-0.5,-0.25,0.0176,0.2515594800048919
1,-0.5,-0.25,0.019200000000000002,0.2628887832631695
1,-0.5,-0.25,0.020800000000000003,0.2731668637554557
1,-0.5,-0.25,0.0224,0.2825127880327163
1,-0.5,-0.25,0.024,0.29103089385019004
1,-0.5,-0.25,0.0256,0.29881270155690465
1,-0.5,-0.25,0.027200000000000002,0.3059385700102938
1,-0.5,-0.25,0.028800000000000003,0.3124791318448473
1,-0.5,-0.25,0.0304,0.3184965381080973
1,-0.5,-0.25,0.032,0.3240455381344799
1,-0.5,-0.25,0.033600000000000005,0.3291744169629356
1,-0.5,-0.25,0.0352,0.3339258095361678
1,-0.5,-0.25,0.0368,0.3383374082784561
1,-0.5,-0.25,0.038400000000000004,0.3424425783748751
1,-0.5,-0.25,0.04,0.34627089311623255
1,-0.5,-0.25,0.041600000000000005,0.349848599986821
1,-0.5,-0.25,0.0432,0.35319902671821546
1,-0.5,-0.25,0.0448,0.35634293527924304
1,-0.5,-0.25,0.046400000000000004,0.3592988306918746
1,-0.5,-0.25,0.048,0.362083230631086
1,-0.5,-0.25,0.049600000000000005,0.36471090096300324
1,-0.5,-0.25,0.0512,0.3671950616821098
1,-0.5,-0.25,0.0528,0.3695475671096526
1,-0.5,-0.25,0.054400000000000004,0.37177906369849706
1,-0.5,-0.25,0.056,0.37389912834323585
1,-0.5,-0.25,0.057600000000000005,0.375916389708621
1,-0.5,-0.25,0.0592,0.37783863475599605
1,-0.5,-0.25,0.0608,0.3796729023591484
1,-0.5,-0.25,0.062400000000000004,0.38142556565167435
1,-0.5,-0.25,0.064,0.3831024045322199
1,-0.5,-0.25,0.0656,0.3847086695672209
1,-0.5,-0.25,0.06720000000000001,0.38624913836906
1,-0.5,-0.25,0.0688,0.387728165387469
1,-0.5,-0.25,0.0704,0.3891497259305949
1,-0.5,-0.25,0.07200000000000001,0.39051745512687314
1,-0.5,-0.25,0.0736,0.39183468244753406
1,-0.5,-0.25,0.0752,0.3931044623303154
1,-0.5,-0.25,0.07680000000000001,0.394329601376138
1,-0.5,-0.25,0.0784,0.39551268253072347
1,-0.5,-0.25,0.08,0.3966560866111744
1,-0.5,-0.25,0.0816,0.3977620114923509
1,-0.5,-0.25,0.08320000000000001,0.3988324892285677
1,-0.5,-0.25,0.0848,0.3998694013519059
1,-0.5,-0.25,0.0864,0.4008744925586235
1,-0.5,-0.25,0.08800000000000001,0.40184938296916206
1,-0.5,-0.25,0.0896,0.4027955791245858
1,-0.5,-0.25,0.0912,0.403714483862514
1,-0.5,-0.25,0.09280000000000001,0.40460740519833854
1,-0.5,-0.25,0.0944,0.4054755643224285
1,-0.5,-0.25,0.096,0.4063201028108321
1,-0.5,-0.25,0.0976,0.4071420891354402
1,-0.5,-0.25,0.09920000000000001,0.40794252454946833
1,-0.5,-0.25,0.1008,0.4087223484152572
1,-0.5,-0.25,0.1024,0.40948244303362513
1,-0.5,-0.25,0.10400000000000001,0.41022363802719003
1,-0.5,-0.25,0.1056,0.4109467143240921
1,-0.5,-0.25,0.1072,0.411652407783289
1,-0.5,-0.25,0.10880000000000001,0.41234141249796596
1,-0.5,-0.25,0.11040000000000001,0.4130143838095293
1,-0.5,-0.25,0.112,0.41367194106106236
1,-0.5,-0.25,0.1136,0.4143146701159563
1,-0.5,-0.25,0.11520000000000001,0.4149431256646342
1,-0.5,-0.25,0.1168,0.41555783333981805
1,-0.5,-0.25,0.1184,0.4161592916586061
1,-0.5,-0.25,0.12000000000000001,0.41674797380769335
1,-0.5,-0.25,0.1216,0.41732432928636054
1,-0.5,-0.25,0.1232,0.4178887854203351
1,-0.5,-0.25,0.12480000000000001,0.4184417487582836
1,-0.5,-0.25,0.1264,0.41898360636149656
1,-0.5,-0.25,0.128,0.41951472699626213
1,-0.5,-0.25,0.1296,0.4200354622374796
1,-0.5,-0.25,0.1312,0.42054614749121627
1,-0.5,-0.25,0.1328,0.42104710294316033
1,-0.5,-0.25,0.13440000000000002,0.42153863443925
1,-0.5,-0.25,0.136,0.42202103430415494
1,-0.5,-0.25,0.1376,0.42249458210275304
1,-0.5,-0.25,0.13920000000000002,0.4229595453492592
1,-0.5,-0.25,0.1408,0.42341618016823357
1,-0.5,-0.25,0.1424,0.423864731911308
1,-0.5,-0.25,0.14400000000000002,0.4243054357331214
1,-0.5,-0.25,0.1456,0.4247385171296401
1,-0.5,-0.25,0.1472,0.42516419244176024
1,-0.5,-0.25,0.14880000000000002,0.4255826693268304
1,-0.5,-0.25,0.1504,0.4259941472005079
1,-0.5,-0.25,0.152,0.42639881765115095
1,-0.5,-0.25,0.15360000000000001,0.4267968648287647
1,-0.5,-0.25,0.1552,0.4271884658103471
1,-0.5,-0.25,0.1568,0.4275737909433277
1,-0.5,-0.25,0.1584,0.42795300416865517
1,-0.5,-0.25,0.16,0.4283262633249584
1,-0.5,-0.25,0.16160000000000002,0.42869372043509496
1,-0.5,-0.25,0.1632,0.4290555219762957
1,-0.5,-0.25,0.1648,0.4294118091350156
1,-0.5,-0.25,0.16640000000000002,0.4297627180475186
1,-0.5,-0.25,0.168,0.43010838002714313
1,-0.5,-0.25,0.1696,0.4304489217791204
1,-0.5,-0.25,0.17120000000000002,0.43078446560375705
1,-0.5,-0.25,0.1728,0.43111512958872616
1,-0.5,-0.25,0.1744,0.43144102779116184
1,-0.5,-0.25,0.17600000000000002,0.43176227041019727
1,-0.5,-0.25,0.1776,0.43207896395054207
1,-0.5,-0.25,0.1792,0.4323912113776506
1,-0.5,-0.25,0.18080000000000002,0.43269911226499425
1,-0.5,-0.25,0.1824,0.43300276293391504
1,-0.5,-0.25,0.184,0.43330225658650334
1,-0.5,-0.25,0.18560000000000001,0.433597683431913
1,-0.5,-0.25,0.1872,0.43388913080649844
1,-0.5,-0.25,0.1888,0.4341766832881319
1,-0.5,-0.25,0.1904,0.43446042280503677
1,-0.5,-0.25,0.192,0.4347404287394468
1,-0.5,-0.25,0.19360000000000002,0.4350167780263849
1,-0.5,-0.25,0.1952,0.4352895452478337
1,-0.5,-0.25,0.1968,0.4355588027225521
1,-0.5,-0.25,0.19840000000000002,0.43582462059177707
1,-0.5,-0.25,0.2,0.4360870669010345
1,-0.5,-0.25,0.2016,0.43634620767826754
1,-0.5,-0.25,0.20320000000000002,0.43660210700847946
1,-0.5,-0.25,0.2048,0.4368548271050756
1,-0.5,-0.25,0.2064,0.43710442837807595
1,-0.5,-0.25,0.20800000000000002,0.43735096949936186
1,-0.5,-0.25,0.2096,0.4375945074651094
1,-0.5,-0.25,0.2112,0.43783509765555295
1,-0.5,-0.25,0.21280000000000002,0.4380727938922125
1,-0.5,-0.25,0.2144,0.43830764849271414
1,-0.5,-0.25,0.216,0.4385397123233215
1,-0.5,-0.25,0.21760000000000002,0.4387690348492921
1,-0.5,-0.25,0.2192,0.43899566418316344
1,-0.5,-0.25,0.22080000000000002,0.4392196471310709
1,-0.5,-0.25,0.22240000000000001,0.4394410292371905
1,-0.5,-0.25,0.224,0.4396598548263963
1,-0.5,-0.25,0.22560000000000002,0.4398761670452181
1,-0.5,-0.25,0.2272,0.44009000790117625
1,-0.5,-0.25,0.2288,0.4403014183005721
1,-0.5,-0.25,0.23040000000000002,0.4405104380848033
1,-0.5,-0.25,0.232,0.4407171060652718
1,-0.5,-0.25,0.2336,0.4409214600569498
1,-0.5,-0.25,0.23520000000000002,0.4411235369106619
1,-0.5,-0.25,0.2368,0.44132337254414217
1,-0.5,-0.25,0.2384,0.44152100197192046
1,-0.5,-0.25,0.24000000000000002,0.44171645933408943
1,-0.5,-0.25,0.2416,0.4419097779240006
1,-0.5,-0.25,0.2432,0.4421009902149361
1,-0.5,-0.25,0.24480000000000002,0.44229012788580097
1,-0.5,-0.25,0.2464,0.4424772218458768
1,-0.5,-0.25,0.248,0.44266230225867703
1,-0.5,-0.25,0.24960000000000002,0.44284539856494165
1,-0.5,-0.25,0.25120000000000003,0.44302653950480725
1,-0.5,-0.25,0.2528,0.4432057531391868
1,-0.5,-0.25,0.2544,0.4433830668703913
1,-0.5,-0.25,0.256,0.4435585074620251
1,-0.5,-0.25,0.2576,0.44373210105818334
1,-0.5,-0.25,0.2592,0.443903873201981
1,-0.5,-0.25,0.26080000000000003,0.4440738488534391
1,-0.5,-0.25,0.2624,0.44424205240675446
1,-0.5,-0.25,0.264,0.44440850770697715
1,-0.5,-0.25,0.2656,0.44457323806611904
1,-0.5,-0.25,0.2672,0.44473626627871543
1,-0.5,-0.25,0.26880000000000004,0.44489761463686134
1,-0.5,-0.25,0.27040000000000003,0.44505730494474244
1,-0.5,-0.25,0.272,0.4452153585326803
1,-0.5,-0.25,0.2736,0.4453717962707099
1,-0.5,-0.25,0.2752,0.44552663858170777
1,-0.5,-0.25,0.2768,0.4456799054540876
1,-0.5,-0.25,0.27840000000000004,0.44583161645407887
1,-0.5,-0.25,0.28,0.4459817907376048
1,-0.5,-0.25,0.2816,0.44613044706177435
1,-0.5,-0.25,0.2832,0.4462776037960014
1,-0.5,-0.25,0.2848,0.44642327893276657
1,-0.5,-0.25,0.2864,0.44656749009803315
1,-0.5,-0.25,0.28800000000000003,0.44671025456133034
1,-0.5,-0.25,0.2896,0.44685158924551605
1,-0.5,-0.25,0.2912,0.4469915107362295
1,-0.5,-0.25,0.2928,0.44713003529104633
1,-0.5,-0.25,0.2944,0.44726717884834594
1,-0.5,-0.25,0.29600000000000004,0.4474029570359005
1,-0.5,-0.25,0.29760000000000003,0.4475373851791969
1,-0.5,-0.25,0.2992,0.44767047830949985
1,-0.5,-0.25,0.3008,0.44780225117166556
1,-0.5,-0.25,0.3024,0.4479327182317145
1,-0.5,-0.25,0.304,0.4480618936841717
1,-0.5,-0.25,0.30560000000000004,0.448189791459182
1,-0.5,-0.25,0.30720000000000003,0.4483164252294089
1,-0.5,-0.25,0.3088,0.4484418084167237
1,-0.5,-0.25,0.3104,0.4485659541986921
1,-0.5,-0.25,0.312,0.4486888755148645
1,-0.5,-0.25,0.3136,0.4488105850728786
1,-0.5,-0.25,0.31520000000000004,0.44893109535437764
1,-0.5,-0.25,0.3168,0.4490504186207529
1,-0.5,-0.25,0.3184,0.449168566918715
1,-0.5,-0.25,0.32,0.4492855520857001
1,-0.5,-0.25,0.3216,0.4494013857551158
1,-0.5,-0.25,0.32320000000000004,0.4495160793614333
1,-0.5,-0.25,0.32480000000000003,0.4496296441451292
1,-0.5,-0.25,0.3264,0.44974209115748304
1,-0.5,-0.25,0.328,0.44985343126523486
1,-0.5,-0.25,0.3296,0.4499636751551069
1,-0.5,-0.25,0.3312,0.4500728333381943
1,-0.5,-0.25,0.33280000000000004,0.4501809161542294
1,-0.5,-0.25,0.33440000000000003,0.45028793377572235
1,-0.5,-0.25,0.336,0.45039389621198284
1,-0.5,-0.25,0.3376,0.45049881331302716
1,-0.5,-0.25,0.3392,0.4506026947733732
1,-0.5,-0.25,0.3408,0.4507055501357276
1,-0.5,-0.25,0.34240000000000004,0.4508073887945678
1,-0.5,-0.25,0.34400000000000003,0.45090821999962305
1,-0.5,-0.25,0.3456,0.4510080528592573
1,-0.5,-0.25,0.3472,0.4511068963437568
1,-0.5,-0.25,0.3488,0.45120475928852477
1,-0.5,-0.25,0.3504,0.45130165039718784
1,-0.5,-0.25,0.35200000000000004,0.4513975782446145
1,-0.5,-0.25,0.3536,0.4514925512798512
1,-0.5,-0.25,0.3552,0.45158657782897554
1,-0.5,-0.25,0.3568,0.4516796660978711
1,-0.5,-0.25,0.3584,0.4517718241749259
1,-0.5,-0.25,0.36000000000000004,0.45186306003365656
1,-0.5,-0.25,0.36160000000000003,0.4519533815352604
1,-0.5,-0.25,0.3632,0.4520427964310976
1,-0.5,-0.25,0.3648,0.4521313123651063
1,-0.5,-0.25,0.3664,0.45221893687615106
1,-0.5,-0.25,0.368,0.4523056774003088
1,-0.5,-0.25,0.36960000000000004,0.45239154127309184
1,-0.5,-0.25,0.37120000000000003,0.45247653573161195
1,-0.5,-0.25,0.3728,0.45256066791668564
1,-0.5,-0.25,0.3744,0.4526439448748833
1,-0.5,-0.25,0.376,0.45272637356052314
1,-0.5,-0.25,0.3776,0.4528079608376129
1,-0.5,-0.25,0.37920000000000004,0.45288871348173876
1,-0.5,-0.25,0.3808,0.4529686381819055
1,-0.5,-0.25,0.3824,0.453047741542327
1,-0.5,-0.25,0.384,0.45312603008416996
1,-0.5,-0.25,0.3856,0.453203510247252
1,-0.5,-0.25,0.38720000000000004,0.45328018839169504
1,-0.5,-0.25,0.38880000000000003,0.4533560707995357
1,-0.5,-0.25,0.3904,0.4534311636762937
1,-0.5,-0.25,0.392,0.45350547315249917
1,-0.5,-0.25,0.3936,0.4535790052851813
1,-0.5,-0.25,0.3952,0.45365176605931773
1,-0.5,-0.25,0.39680000000000004,0.4537237613892473
1,-0.5,-0.25,0.39840000000000003,0.453794997120046
1,-0.5,-0.25,0.4,0.4538654790288683
1,-0.5,-0.25,0.4016,0.45393521282625376
1,-0.5,-0.25,0.4032,0.45400420415740095
1,-0.5,-0.25,0.4048,0.45407245860340867
1,-0.5,-0.25,0.40640000000000004,0.45413998168248615
1,-0.5,-0.25,0.40800000000000003,0.45420677885113253
1,-0.5,-0.25,0.4096,0.4542728555052871
1,-0.5,-0.25,0.4112,0.45433821698145044
1,-0.5,-0.25,0.4128,0.45440286855777756
1,-0.5,-0.25,0.41440000000000005,0.4544668154551443
1,-0.5,-0.25,0.41600000000000004,0.45453006283818703
1,-0.5,-0.25,0.4176,0.4545926158163165
1,-0.5,-0.25,0.4192,0.4546544794447074
1,-0.5,-0.25,0.4208,0.45471565872526276
1,-0.5,-0.25,0.4224,0.4547761586075556
1,-0.5,-0.25,0.42400000000000004,0.45483598398974706
1,-0.5,-0.25,0.42560000000000003,0.45489513971948287
1,-0.5,-0.25,0.4272,0.4549536305947673
1,-0.5,-0.25,0.4288,0.4550114613648169
1,-0.5,-0.25,0.4304,0.45506863673089326
1,-0.5,-0.25,0.432,0.4551251613471157
1,-0.5,-0.25,0.43360000000000004,0.45518103982125535
1,-0.5,-0.25,0.43520000000000003,0.45523627671550926
1,-0.5,-0.25,0.4368,0.4552908765472573
1,-0.5,-0.25,0.4384,0.4553448437898005
1,-0.5,-0.25,0.44,0.45539818287308204
1,-0.5,-0.25,0.44160000000000005,0.45545089818439194
1,-0.5,-0.25,0.44320000000000004,0.4555029940690549
1,-0.5,-0.25,0.44480000000000003,0.45555447483110206
1,-0.5,-0.25,0.4464,0.45560534473392733
1,-0.5,-0.25,0.448,0.455655608000929
1,-0.5,-0.25,0.4496,0.45570526881613627
1,-0.5,-0.25,0.45120000000000005,0.455754331324821
1,-0.5,-0.25,0.45280000000000004,0.45580279963409664
1,-0.5,-0.25,0.4544,0.4558506778135026
1,-0.5,-0.25,0.456,0.45589796989557596
1,-0.5,-0.25,0.4576,0.4559446798764102
1,-0.5,-0.25,0.4592,0.45599081171620104
1,-0.5,-0.25,0.46080000000000004,0.4560363693397811
1,-0.5,-0.25,0.46240000000000003,0.45608135663714144
1,-0.5,-0.25,0.464,0.4561257774639426
1,-0.5,-0.25,0.4656,0.45616963564201396
1,-0.5,-0.25,0.4672,0.456212934959842
1,-0.5,-0.25,0.46880000000000005,0.4562556791730483
1,-0.5,-0.25,0.47040000000000004,0.45629787200485683
1,-0.5,-0.25,0.47200000000000003,0.45633951714655163
1,-0.5,-0.25,0.4736,0.4563806182579239
1,-0.5,-0.25,0.4752,0.45642117896771023
1,-0.5,-0.25,0.4768,0.4564612028740211
1,-0.5,-0.25,0.47840000000000005,0.45650069354476025
1,-0.5,-0.25,0.48000000000000004,0.45653965451803596
1,-0.5,-0.25,0.48160000000000003,0.4565780893025623
1,-0.5,-0.25,0.4832,0.45661600137805314
1,-0.5,-0.25,0.4848,0.4566533941956077
1,-0.5,-0.25,0.4864,0.456690271178088
1,-0.5,-0.25,0.48800000000000004,0.4567266357204886
1,-0.5,-0.25,0.48960000000000004,0.45676249119029844
1,-0.5,-0.25,0.4912,0.456797840927856
1,-0.5,-0.25,0.4928,0.4568326882466968
1,-0.5,-0.25,0.4944,0.4568670364338938
1,-0.5,-0.25,0.496,0.45690088875039137
1,-0.5,-0.25,0.49760000000000004,0.456934248431332
1,-0.5,-0.25,0.49920000000000003,0.4569671186863774
1,-0.5,-0.25,0.5008,0.4569995027000225
1,-0.5,-0.25,0.5024000000000001,0.4570314036319035
1,-0.5,-0.25,0.504,0.4570628246171
1,-0.5,-0.25,0.5056,0.4570937687664314
1,-0.5,-0.25,0.5072,0.45712423916674694
1,-0.5,-0.25,0.5088,0.4571542388812114
1,-0.5,-0.25,0.5104000000000001,0.45718377094958373
1,-0.5,-0.25,0.512,0.4572128383884919
1,-0.5,-0.25,0.5136000000000001,0.4572414441917015
1,-0.5,-0.25,0.5152,0.45726959133037975
1,-0.5,-0.25,0.5168,0.457297282753355
1,-0.5,-0.25,0.5184,0.4573245213873704
1,-0.5,-0.25,0.52,0.45735131013733366
1,-0.5,-0.25,0.5216000000000001,0.45737765188656215
1,-0.5,-0.25,0.5232,0.4574035494970234
1,-0.5,-0.25,0.5248,0.45742900580957113
1,-0.5,-0.25,0.5264,0.4574540236441773
1,-0.5,-0.25,0.528,0.45747860580015987
1,-0.5,-0.25,0.5296000000000001,0.4575027550564066
1,-0.5,-0.25,0.5312,0.4575264741715946
1,-0.5,-0.25,0.5328,0.4575497658844066
1,-0.5,-0.25,0.5344,0.45757263291374295
1,-0.5,-0.25,0.536,0.4575950779589299
1,-0.5,-0.25,0.5376000000000001,0.45761710369992503
1,-0.5,-0.25,0.5392,0.4576387127975181
1,-0.5,-0.25,0.5408000000000001,0.45765990789352934
1,-0.5,-0.25,0.5424,0.457680691611004
1,-0.5,-0.25,0.544,0.45770106655440396
1,-0.5,-0.25,0.5456,0.4577210353097953
1,-0.5,-0.25,0.5472,0.4577406004450341
1,-0.5,-0.25,0.5488000000000001,0.45775976450994804
1,-0.5,-0.25,0.5504,0.4577785300365155
1,-0.5,-0.25,0.552,0.45779689953904174
1,-0.5,-0.25,0.5536,0.45781487551433236
1,-0.5,-0.25,0.5552,0.4578324604418638
1,-0.5,-0.25,0.5568000000000001,0.45784965678395095
1,-0.5,-0.25,0.5584,0.4578664669859124
1,-0.5,-0.25,0.56,0.45788289347623334
1,-0.5,-0.25,0.5616,0.4578989386667254
1,-0.5,-0.25,0.5632,0.4579146049526839
1,-0.5,-0.25,0.5648000000000001,0.45792989471304363
1,-0.5,-0.25,0.5664,0.45794481031053147
1,-0.5,-0.25,0.5680000000000001,0.4579593540918163
1,-0.5,-0.25,0.5696,0.45797352838765826
1,-0.5,-0.25,0.5712,0.4579873355130537
1,-0.5,-0.25,0.5728,0.45800077776737974
1,-0.5,-0.25,0.5744,0.4580138574345357
1,-0.5,-0.25,0.5760000000000001,0.4580265767830828
1,-0.5,-0.25,0.5776,0.45803893806638185
1,-0.5,-0.25,0.5792,0.4580509435227287
1,-0.5,-0.25,0.5808,0.45806259537548827
1,-0.5,-0.25,0.5824,0.45807389583322594
1,-0.5,-0.25,0.5840000000000001,0.4580848470898377
1,-0.5,-0.25,0.5856,0.4580954513246784
1,-0.5,-0.25,0.5872,0.4581057107026878
1,-0.5,-0.25,0.5888,0.45811562737451533
1,-0.5,-0.25,0.5904,0.45812520347664293
1,-0.5,-0.25,0.5920000000000001,0.4581344411315062
1,-0.5,-0.25,0.5936,0.4581433424476141
1,-0.5,-0.25,0.5952000000000001,0.4581519095196668
1,-0.5,-0.25,0.5968,0.45816014442867203
1,-0.5,-0.25,0.5984,0.45816804924206
1,-0.5,-0.25,0.6,0.45817562601379674
1,-0.5,-0.25,0.6016,0.458182876784496
1,-0.5,-0.25,0.6032000000000001,0.4581898035815294
1,-0.5,-0.25,0.6048,0.45819640841913567
1,-0.5,-0.25,0.6064,0.4582026932985284
1,-0.5,-0.25,0.608,0.45820866020800183
1,-0.5,-0.25,0.6096,0.45821431112303596
1,-0.5,-0.25,0.6112000000000001,0.45821964800640025
1,-0.5,-0.25,0.6128,0.4582246728082557
1,-0.5,-0.25,0.6144000000000001,0.4582293874662561
1,-0.5,-0.25,0.616,0.45823379390564756
1,-0.5,-0.25,0.6176,0.45823789403936727
1,-0.5,-0.25,0.6192000000000001,0.45824168976814095
1,-0.5,-0.25,0.6208,0.45824518298057876
1,-0.5,-0.25,0.6224000000000001,0.45824837555327097
1,-0.5,-0.25,0.624,0.4582512693508811
1,-0.5,-0.25,0.6256,0.4582538662262395
1,-0.5,-0.25,0.6272,0.4582561680204348
1,-0.5,-0.25,0.6288,0.45825817656290435
1,-0.5,-0.25,0.6304000000000001,0.4582598936715246
1,-0.5,-0.25,0.632,0.4582613211526991
1,-0.5,-0.25,0.6336,0.45826246080144634
1,-0.5,-0.25,0.6352,0.4582633144014863
1,-0.5,-0.25,0.6368,0.45826388372532645
1,-0.5,-0.25,0.6384000000000001,0.45826417053434604
1,-0.5,-0.25,0.64,0.45826417657888
1,-0.5,-0.25,0.6416000000000001,0.4582639035983021
1,-0.5,-0.25,0.6432,0.45826335332110657
1,-0.5,-0.25,0.6448,0.4582625274649893
1,-0.5,-0.25,0.6464000000000001,0.4582614277369281
1,-0.5,-0.25,0.648,0.45826005583326174
1,-0.5,-0.25,0.6496000000000001,0.45825841343976914
1,-0.5,-0.25,0.6512,0.4582565022317462
1,-0.5,-0.25,0.6528,0.45825432387408316
1,-0.5,-0.25,0.6544,0.45825188002134065
1,-0.5,-0.25,0.656,0.4582491723178246
1,-0.5,-0.25,0.6576000000000001,0.4582462023976614
1,-0.5,-0.25,0.6592,0.45824297188487084
1,-0.5,-0.25,0.6608,0.4582394823934397
1,-0.5,-0.25,0.6624,0.45823573552739366
1,-0.5,-0.25,0.664,0.4582317328808691
1,-0.5,-0.25,0.6656000000000001,0.4582274760381837
1,-0.5,-0.25,0.6672,0.45822296657390643
1,-0.5,-0.25,0.6688000000000001,0.45821820605292723
1,-0.5,-0.25,0.6704,0.45821319603052574
1,-0.5,-0.25,0.672,0.4582079380524392
1,-0.5,-0.25,0.6736000000000001,0.45820243365493
1,-0.5,-0.25,0.6752,0.45819668436485217
1,-0.5,-0.25,0.6768000000000001,0.45819069169971793
1,-0.5,-0.25,0.6784,0.45818445716776285
1,-0.5,-0.25,0.68,0.4581779822680108
1,-0.5,-0.25,0.6816,0.4581712684903382
1,-0.5,-0.25,0.6832,0.45816431731553775
1,-0.5,-0.25,0.6848000000000001,0.4581571302153814
1,-0.5,-0.25,0.6864,0.45814970865268295
1,-0.5,-0.25,0.6880000000000001,0.4581420540813598
1,-0.5,-0.25,0.6896,0.4581341679464944
1,-0.5,-0.25,0.6912,0.4581260516843951
1,-0.5,-0.25,0.6928000000000001,0.45811770672265606
1,-0.5,-0.25,0.6944,0.4581091344802173
1,-0.5,-0.25,0.6960000000000001,0.4581003363674236
1,-0.5,-0.25,0.6976,0.45809131378608325
1,-0.5,-0.25,0.6992,0.4580820681295263
1,-0.5,-0.25,0.7008,0.4580726007826616
1,-0.5,-0.25,0.7024,0.4580629131220345
1,-0.5,-0.25,0.7040000000000001,0.45805300651588327
1,-0.5,-0.25,0.7056,0.45804288232419493
1,-0.5,-0.25,0.7072,0.45803254189876097
1,-0.5,-0.25,0.7088,0.45802198658323273
1,-0.5,-0.25,0.7104,0.4580112177131757
1,-0.5,-0.25,0.7120000000000001,0.45800023661612393
1,-0.5,-0.25,0.7136,0.4579890446116336
1,-0.5,-0.25,0.7152000000000001,0.45797764301133637
1,-0.5,-0.25,0.7168,0.4579660331189923
1,-0.5,-0.25,0.7184,0.45795421623054205
1,-0.5,-0.25,0.7200000000000001,0.457942193634159
1,-0.5,-0.25,0.7216,0.4579299666103003
1,-0.5,-0.25,0.7232000000000001,0.45791753643175864
1,-0.5,-0.25,0.7248,0.4579049043637124
1,-0.5,-0.25,0.7264,0.45789207166377616
1,-0.5,-0.25,0.728,0.45787903958205034
1,-0.5,-0.25,0.7296,0.4578658093611708
1,-0.5,-0.25,0.7312000000000001,0.4578523822363576
1,-0.5,-0.25,0.7328,0.457838759435464
1,-0.5,-0.25,0.7344,0.4578249421790244
1,-0.5,-0.25,0.736,0.45781093168030235
1,-0.5,-0.25,0.7376,0.4577967291453379
1,-0.5,-0.25,0.7392000000000001,0.45778233577299476
1,-0.5,-0.25,0.7408,0.4577677527550071
1,-0.5,-0.25,0.7424000000000001,0.45775298127602565
1,-0.5,-0.25,0.744,0.457738022513664
1,-0.5,-0.25,0.7456,0.4577228776385439
1,-0.5,-0.25,0.7472000000000001,0.4577075478143407
1,-0.5,-0.25,0.7488,0.4576920341978284
1,-0.5,-0.25,0.7504000000000001,0.457676337938924
1,-0.5,-0.25,0.752,0.45766046018073164
1,-0.5,-0.25,0.7536,0.45764440205958684
1,-0.5,-0.25,0.7552,0.45762816470509965
1,-0.5,-0.25,0.7568,0.4576117492401982
1,-0.5,-0.25,0.7584000000000001,0.45759515678117124
1,-0.5,-0.25,0.76,0.457578388437711
1,-0.5,-0.25,0.7616,0.45756144531295523
1,-0.5,-0.25,0.7632,0.4575443285035291
1,-0.5,-0.25,0.7648,0.4575270390995871
1,-0.5,-0.25,0.7664000000000001,0.4575095781848538
1,-0.5,-0.25,0.768,0.45749194683666533
1,-0.5,-0.25,0.7696000000000001,0.4574741461260097
1,-0.5,-0.25,0.7712,0.4574561771175673
1,-0.5,-0.25,0.7728,0.457438040869751
1,-0.5,-0.25,0.7744000000000001,0.4574197384347458
1,-0.5,-0.25,0.776,0.4574012708585485
1,-0.5,-0.25,0.7776000000000001,0.45738263918100663
1,-0.5,-0.25,0.7792,0.45736384443585765
1,-0.5,-0.25,0.7808,0.45734488765076714
1,-0.5,-0.25,0.7824,0.4573257698473675
1,-0.5,-0.25,0.784,0.45730649204129586
1,-0.5,-0.25,0.7856000000000001,0.4572870552422319
1,-0.5,-0.25,0.7872,0.4572674604539353
1,-0.5,-0.25,0.7888000000000001,0.4572477086742828
1,-0.5,-0.25,0.7904,0.45722780089530574
1,-0.5,-0.25,0.792,0.4572077381032259
1,-0.5,-0.25,0.7936000000000001,0.4571875212784926
1,-0.5,-0.25,0.7952,0.45716715139581854
1,-0.5,-0.25,0.7968000000000001,0.4571466294242158
1,-0.5,-0.25,0.7984,0.4571259563270317
1,-0.5,-0.25,0.8,0.45710513306198375
1,-0.5,-0.25,0.8016000000000001,0.4570841605811953
1,-0.5,-0.25,0.8032,0.45706303983122987
1,-0.5,-0.25,0.8048000000000001,0.4570417717531263
1,-0.5,-0.25,0.8064,0.457020357282433
1,-0.5,-0.25,0.808,0.45699879734924187
1,-0.5,-0.25,0.8096,0.4569770928782227
1,-0.5,-0.25,0.8112,0.4569552447886564
1,-0.5,-0.25,0.8128000000000001,0.45693325399446866
1,-0.5,-0.25,0.8144,0.4569111214042634
1,-0.5,-0.25,0.8160000000000001,0.45688884792135503
1,-0.5,-0.25,0.8176,0.4568664344438021
1,-0.5,-0.25,0.8192,0.4568438818644392
1,-0.5,-0.25,0.8208000000000001,0.45682119107090946
1,-0.5,-0.25,0.8224,0.45679836294569665
1,-0.5,-0.25,0.8240000000000001,0.45677539836615705
1,-0.5,-0.25,0.8256,0.45675229820455093
1,-0.5,-0.25,0.8272,0.4567290633280743
1,-0.5,-0.25,0.8288000000000001,0.4567056945988896
1,-0.5,-0.25,0.8304,0.45668219287415734
1,-0.5,-0.25,0.8320000000000001,0.4566585590060662
1,-0.5,-0.25,0.8336,0.4566347938418641
1,-0.5,-0.25,0.8352,0.4566108982238884
1,-0.5,-0.25,0.8368,0.4565868729895958
1,-0.5,-0.25,0.8384,0.45656271897159284
1,-0.5,-0.25,0.8400000000000001,0.4565384369976649
1,-0.5,-0.25,0.8416,0.4565140278908065
1,-0.5,-0.25,0.8432000000000001,0.45648949246924997
1,-0.5,-0.25,0.8448,0.4564648315464952
1,-0.5,-0.25,0.8464,0.456440045931338
1,-0.5,-0.25,0.8480000000000001,0.4564151364278994
1,-0.5,-0.25,0.8496,0.4563901038356537
1,-0.5,-0.25,0.8512000000000001,0.4563649489494571
1,-0.5,-0.25,0.8528,0.45633967255957586
1,-0.5,-0.25,0.8544,0.4563142754517143
1,-0.5,-0.25,0.8560000000000001,0.4562887584070424
1,-0.5,-0.25,0.8576,0.45626312220222376
1,-0.5,-0.25,0.8592000000000001,0.45623736760944256
1,-0.5,-0.25,0.8608,0.4562114953964311
1,-0.5,-0.25,0.8624,0.4561855063264969
1,-0.5,-0.25,0.864,0.45615940115854947
1,-0.5,-0.25,0.8656,0.4561331806471269
1,-0.5,-0.25,0.8672000000000001,0.45610684554242253
1,-0.5,-0.25,0.8688,0.4560803965903115
1,-0.5,-0.25,0.8704000000000001,0.4560538345323763
1,-0.5,-0.25,0.872,0.45602716010593325
1,-0.5,-0.25,0.8736,0.45600037404405835
1,-0.5,-0.25,0.8752000000000001,0.4559734770756127
1,-0.5,-0.25,0.8768,0.4559464699252681
1,-0.5,-0.25,0.8784000000000001,0.4559193533135323
1,-0.5,-0.25,0.88,0.45589212795677425
1,-0.5,-0.25,0.8816,0.45586479456724904
1,-0.5,-0.25,0.8832000000000001,0.4558373538531227
1,-0.5,-0.25,0.8848,0.4558098065184967
1,-0.5,-0.25,0.8864000000000001,0.45578215326343285
1,-0.5,-0.25,0.888,0.4557543947839773
1,-0.5,-0.25,0.8896000000000001,0.45572653177218453
1,-0.5,-0.25,0.8912,0.4556985649161421
1,-0.5,-0.25,0.8928,0.4556704948999938
1,-0.5,-0.25,0.8944000000000001,0.4556423224039635
1,-0.5,-0.25,0.896,0.45561404810437905
1,-0.5,-0.25,0.8976000000000001,0.45558567267369504
1,-0.5,-0.25,0.8992,0.45555719678051676
1,-0.5,-0.25,0.9008,0.4555286210896227
1,-0.5,-0.25,0.9024000000000001,0.45549994626198803
1,-0.5,-0.25,0.904,0.4554711729548068
1,-0.5,-0.25,0.9056000000000001,0.455442301821515
1,-0.5,-0.25,0.9072,0.4554133335118129
1,-0.5,-0.25,0.9088,0.45538426867168763
1,-0.5,-0.25,0.9104000000000001,0.4553551079434348
1,-0.5,-0.25,0.912,0.4553258519656813
1,-0.5,-0.25,0.9136000000000001,0.4552965013734067
1,-0.5,-0.25,0.9152,0.45526705679796525
1,-0.5,-0.25,0.9168000000000001,0.45523751886710756
1,-0.5,-0.25,0.9184,0.4552078882050018
1,-0.5,-0.25,0.92,0.45517816543225537
1,-0.5,-0.25,0.9216000000000001,0.45514835116593594
1,-0.5,-0.25,0.9232,0.45511844601959284
1,-0.5,-0.25,0.9248000000000001,0.45508845060327735
1,-0.5,-0.25,0.9264,0.4550583655235643
1,-0.5,-0.25,0.928,0.45502819138357237
1,-0.5,-0.25,0.9296000000000001,0.45499792878298445
1,-0.5,-0.25,0.9312,0.4549675783180684
1,-0.5,-0.25,0.9328000000000001,0.4549371405816971
1,-0.5,-0.25,0.9344,0.45490661616336875
1,-0.5,-0.25,0.936,0.454876005649227
1,-0.5,-0.25,0.9376000000000001,0.4548453096220804
1,-0.5,-0.25,0.9392,0.4548145286614227
1,-0.5,-0.25,0.9408000000000001,0.4547836633434521
1,-0.5,-0.25,0.9424,0.4547527142410911
1,-0.5,-0.25,0.9440000000000001,0.45472168192400547
1,-0.5,-0.25,0.9456,0.454690566958624
1,-0.5,-0.25,0.9472,0.45465936990815736
1,-0.5,-0.25,0.9488000000000001,0.4546280913326171
1,-0.5,-0.25,0.9504,0.4545967317888348
1,-0.5,-0.25,0.9520000000000001,0.45456529183048056
1,-0.5,-0.25,0.9536,0.45453377200808187
1,-0.5,-0.25,0.9552,0.454502172869042
1,-0.5,-0.25,0.9568000000000001,0.4544704949576586
1,-0.5,-0.25,0.9584,0.4544387388151419
1,-0.5,-0.25,0.9600000000000001,0.45440690497963293
1,-0.5,-0.25,0.9616,0.4543749939862216
1,-0.5,-0.25,0.9632000000000001,0.4543430063669647
1,-0.5,-0.25,0.9648,0.45431094265090355
1,-0.5,-0.25,0.9664,0.45427880336408216
1,-0.5,-0.25,0.9680000000000001,0.45424658902956455
1,-0.5,-0.25,0.9696,0.4542143001674521
1,-0.5,-0.25,0.9712000000000001,0.4541819372949015
1,-0.5,-0.25,0.9728,0.45414950092614154
1,-0.5,-0.25,0.9744,0.45411699157249047
1,-0.5,-0.25,0.9760000000000001,0.4540844097423731
1,-0.5,-0.25,0.9776,0.45405175594133773
1,-0.5,-0.25,0.9792000000000001,0.45401903067207317
1,-0.5,-0.25,0.9808,0.45398623443442526
1,-0.5,-0.25,0.9824,0.45395336772541367
1,-0.5,-0.25,0.9840000000000001,0.45392043103924823
1,-0.5,-0.25,0.9856,0.4538874248673458
1,-0.5,-0.25,0.9872000000000001,0.4538543496983462
1,-0.5,-0.25,0.9888,0.45382120601812864
1,-0.5,-0.25,0.9904000000000001,0.45378799430982786
1,-0.5,-0.25,0.992,0.45375471505384996
1,-0.5,-0.25,0.9936,0.4537213687278886
1,-0.5,-0.25,0.9952000000000001,0.4536879558069407
1,-0.5,-0.25,0.9968,0.4536544767633223
1,-0.5,-0.25,0.9984000000000001,0.453620932066684
1,-0.5,-0.25,1.0,0.45358732218402653
1,-0.5,-0.25,1.0016,0.45355364757971633
1,-0.5,-0.25,1.0032,0.45351990871550085
1,-0.5,-0.25,1.0048000000000001,0.45348610605052364
1,-0.5,-0.25,1.0064,0.4534522400413397
1,-0.5,-0.25,1.008,0.45341831114193043
1,-0.5,-0.25,1.0096,0.45338431980371874
1,-0.5,-0.25,1.0112,0.45335026647558363
1,-0.5,-0.25,1.0128000000000001,0.4533161516038752
1,-0.5,-0.25,1.0144,0.4532819756324293
1,-0.5,-0.25,1.016,0.4532477390025822
1,-0.5,-0.25,1.0176,0.45321344215318476
1,-0.5,-0.25,1.0192,0.4531790855206173
1,-0.5,-0.25,1.0208000000000002,0.4531446695388036
1,-0.5,-0.25,1.0224,0.45311019463922525
1,-0.5,-0.25,1.024,0.4530756612509357
1,-0.5,-0.25,1.0256,0.4530410698005745
1,-0.5,-0.25,1.0272000000000001,0.45300642071238123
1,-0.5,-0.25,1.0288000000000002,0.45297171440820927
1,-0.5,-0.25,1.0304,0.45293695130753947
1,-0.5,-0.25,1.032,0.45290213182749434
1,-0.5,-0.25,1.0336,0.4528672563828512
1,-0.5,-0.25,1.0352000000000001,0.45283232538605583
1,-0.5,-0.25,1.0368,0.4527973392472362
1,-0.5,-0.25,1.0384,0.4527622983742156
1,-0.5,-0.25,1.04,0.45272720317252596
1,-0.5,-0.25,1.0416,0.452692054045421
1,-0.5,-0.25,1.0432000000000001,0.45265685139388956
1,-0.5,-0.25,1.0448,0.4526215956166683
1,-0.5,-0.25,1.0464,0.4525862871102553
1,-0.5,-0.25,1.048,0.4525509262689222
1,-0.5,-0.25,1.0496,0.4525155134847274
1,-0.5,-0.25,1.0512000000000001,0.4524800491475289
1,-0.5,-0.25,1.0528,0.4524445336449966
1,-0.5,-0.25,1.0544,0.4524089673626252
1,-0.5,-0.25,1.056,0.45237335068374646
1,-0.5,-0.25,1.0576,0.4523376839895417
1,-0.5,-0.25,1.0592000000000001,0.4523019676590544
1,-0.5,-0.25,1.0608,0.4522662020692018
1,-0.5,-0.25,1.0624,0.4522303875947878
1,-0.5,-0.25,1.064,0.45219452460851467
1,-0.5,-0.25,1.0656,0.4521586134809953
1,-0.5,-0.25,1.0672000000000001,0.45212265458076495
1,-0.5,-0.25,1.0688,0.4520866482742934
1,-0.5,-0.25,1.0704,0.4520505949259965
1,-0.5,-0.25,1.072,0.45201449489824813
1,-0.5,-0.25,1.0736,0.45197834855139174
1,-0.5,-0.25,1.0752000000000002,0.45194215624375206
1,-0.5,-0.25,1.0768,0.4519059183316465
1,-0.5,-0.25,1.0784,0.4518696351693968
1,-0.5,-0.25,1.08,0.45183330710934033
1,-0.5,-0.25,1.0816000000000001,0.4517969345018413
1,-0.5,-0.25,1.0832000000000002,0.451760517695302
1,-0.5,-0.25,1.0848,0.4517240570361744
1,-0.5,-0.25,1.0864,0.4516875528689708
1,-0.5,-0.25,1.088,0.4516510055362749
1,-0.5,-0.25,1.0896000000000001,0.4516144153787531
1,-0.5,-0.25,1.0912,0.45157778273516525
1,-0.5,-0.25,1.0928,0.4515411079423753
1,-0.5,-0.25,1.0944,0.45150439133536246
1,-0.5,-0.25,1.096,0.4514676332472315
1,-0.5,-0.25,1.0976000000000001,0.4514308340092238
1,-0.5,-0.25,1.0992,0.4513939939507277
1,-0.5,-0.25,1.1008,0.45135711339928913
1,-0.5,-0.25,1.1024,0.4513201926806217
1,-0.5,-0.25,1.104,0.45128323211861765
1,-0.5,-0.25,1.1056000000000001,0.45124623203535796
1,-0.5,-0.25,1.1072,0.4512091927511225
1,-0.5,-0.25,1.1088,0.4511721145844002
1,-0.5,-0.25,1.1104,0.4511349978518995
1,-0.5,-0.25,1.112,0.4510978428685583
1,-0.5,-0.25,1.1136000000000001,0.4510606499475536
1,-0.5,-0.25,1.1152,0.45102341940031204
1,-0.5,-0.25,1.1168,0.4509861515365192
1,-0.5,-0.25,1.1184,0.4509488466641303
1,-0.5,-0.25,1.12,0.4509115050893791
1,-0.5,-0.25,1.1216000000000002,0.450874127116788
1,-0.5,-0.25,1.1232,0.45083671304917766
1,-0.5,-0.25,1.1248,0.4507992631876767
1,-0.5,-0.25,1.1264,0.45076177783173105
1,-0.5,-0.25,1.1280000000000001,0.45072425727911364
1,-0.5,-0.25,1.1296000000000002,0.4506867018259336
1,-0.5,-0.25,1.1312,0.4506491117666459
1,-0.5,-0.25,1.1328,0.4506114873940605
1,-0.5,-0.25,1.1344,0.45057382899935156
1,-0.5,-0.25,1.1360000000000001,0.45053613687206673
1,-0.5,-0.25,1.1376,0.4504984113001364
1,-0.5,-0.25,1.1392,0.45046065256988255
1,-0.5,-0.25,1.1408,0.45042286096602785
1,-0.5,-0.25,1.1424,0.450385036771705
1,-0.5,-0.25,1.1440000000000001,0.45034718026846504
1,-0.5,-0.25,1.1456,0.4503092917362868
1,-0.5,-0.25,1.1472,0.45027137145358537
1,-0.5,-0.25,1.1488,0.4502334196972209
1,-0.5,-0.25,1.1504,0.4501954367425075
1,-0.5,-0.25,1.1520000000000001,0.45015742286322186
1,-0.5,-0.25,1.1536,0.45011937833161153
1,-0.5,-0.25,1.1552,0.450081303418404
1,-0.5,-0.25,1.1568,0.4500431983928149
1,-0.5,-0.25,1.1584,0.45000506352255637
1,-0.5,-0.25,1.1600000000000001,0.44996689907384585
1,-0.5,-0.25,1.1616,0.44992870531141393
1,-0.5,-0.25,1.1632,0.44989048249851316
1,-0.5,-0.25,1.1648,0.44985223089692583
1,-0.5,-0.25,1.1664,0.44981395076697267
1,-0.5,-0.25,1.1680000000000001,0.44977564236752055
1,-0.5,-0.25,1.1696,0.4497373059559909
1,-0.5,-0.25,1.1712,0.4496989417883676
1,-0.5,-0.25,1.1728,0.4496605501192051
1,-0.5,-0.25,1.1744,0.4496221312016364
1,-0.5,-0.25,1.1760000000000002,0.4495836852873808
1,-0.5,-0.25,1.1776,0.44954521262675196
1,-0.5,-0.25,1.1792,0.4495067134686655
1,-0.5,-0.25,1.1808,0.44946818806064703
1,-0.5,-0.25,1.1824000000000001,0.44942963664883984
1,-0.5,-0.25,1.1840000000000002,0.4493910594780123
1,-0.5,-0.25,1.1856,0.44935245679156594
1,-0.5,-0.25,1.1872,0.4493138288315427
1,-0.5,-0.25,1.1888,0.4492751758386325
1,-0.5,-0.25,1.1904000000000001,0.4492364980521811
1,-0.5,-0.25,1.192,0.4491977957101969
1,-0.5,-0.25,1.1936,0.4491590690493591
1,-0.5,-0.25,1.1952,0.44912031830502464
1,-0.5,-0.25,1.1968,0.4490815437112354
1,-0.5,-0.25,1.1984000000000001,0.44904274550072587
1,-0.5,-0.25,1.2,0.4490039239049301
1,-0.5,-0.25,1.2016,0.44896507915398914
1,-0.5,-0.25,1.2032,0.44892621147675793
1,-0.5,-0.25,1.2048,0.4488873211008126
1,-0.5,-0.25,1.2064000000000001,0.4488484082524573
1,-0.5,-0.25,1.208,0.44880947315673164
1,-0.5,-0.25,1.2096,0.44877051603741724
1,-0.5,-0.25,1.2112,0.448731537117045
1,-0.5,-0.25,1.2128,0.44869253661690195
1,-0.5,-0.25,1.2144000000000001,0.44865351475703774
1,-0.5,-0.25,1.216,0.4486144717562719
1,-0.5,-0.25,1.2176,0.44857540783220057
1,-0.5,-0.25,1.2192,0.4485363232012031
1,-0.5,-0.25,1.2208,0.4484972180784489
1,-0.5,-0.25,1.2224000000000002,0.44845809267790376
1,-0.5,-0.25,1.224,0.4484189472123368
1,-0.5,-0.25,1.2256,0.44837978189332706
1,-0.5,-0.25,1.2272,0.44834059693127
1,-0.5,-0.25,1.2288000000000001,0.44830139253538376
1,-0.5,-0.25,1.2304000000000002,0.44826216891371595
1,-0.5,-0.25,1.232,0.44822292627315
1,-0.5,-0.25,1.2336,0.4481836648194115
1,-0.5,-0.25,1.2352,0.44814438475707447
1,-0.5,-0.25,1.2368000000000001,0.4481050862895679
1,-0.5,-0.25,1.2384000000000002,0.4480657696191818
1,-0.5,-0.25,1.24,0.4480264349470738
1,-0.5,-0.25,1.2416,0.44798708247327473
1,-0.5,-0.25,1.2432,0.44794771239669545
1,-0.5,-0.25,1.2448000000000001,0.44790832491513255
1,-0.5,-0.25,1.2464,0.44786892022527475
1,-0.5,-0.25,1.248,0.44782949852270865
1,-0.5,-0.25,1.2496,0.447790060001925
1,-0.5,-0.25,1.2512,0.44775060485632473
1,-0.5,-0.25,1.2528000000000001,0.44771113327822465
1,-0.5,-0.25,1.2544,0.44767164545886345
1,-0.5,-0.25,1.256,0.44763214158840786
1,-0.5,-0.25,1.2576,0.4475926218559581
1,-0.5,-0.25,1.2592,0.447553086449554
1,-0.5,-0.25,1.2608000000000001,0.44751353555618073
1,-0.5,-0.25,1.2624,0.4474739693617744
1,-0.5,-0.25,1.264,0.4474343880512279
1,-0.5,-0.25,1.2656,0.4473947918083967
1,-0.5,-0.25,1.2672,0.4473551808161041
1,-0.5,-0.25,1.2688000000000001,0.44731555525614736
1,-0.5,-0.25,1.2704,0.44727591530930283
1,-0.5,-0.25,1.272,0.4472362611553318
1,-0.5,-0.25,1.2736,0.44719659297298625
1,-0.5,-0.25,1.2752000000000001,0.44715691094001353
1,-0.5,-0.25,1.2768000000000002,0.4471172152331625
1,-0.5,-0.25,1.2784,0.4470775060281888
1,-0.5,-0.25,1.28,0.4470377834998603
1,-0.5,-0.25,1.2816,0.44699804782196223
1,-0.5,-0.25,1.2832000000000001,0.4469582991673027
1,-0.5,-0.25,1.2848000000000002,0.4469185377077179
1,-0.5,-0.25,1.2864,0.4468787636140776
1,-0.5,-0.25,1.288,0.44683897705629
1,-0.5,-0.25,1.2896,0.44679917820330733
1,-0.5,-0.25,1.2912000000000001,0.44675936722313087
1,-0.5,-0.25,1.2928000000000002,0.44671954428281585
1,-0.5,-0.25,1.2944,0.446679709548477
1,-0.5,-0.25,1.296,0.44663986318529353
1,-0.5,-0.25,1.2976,0.44660000535751376
1,-0.5,-0.25,1.2992000000000001,0.4465601362284608
1,-0.5,-0.25,1.3008,0.4465202559605371
1,-0.5,-0.25,1.3024,0.4464803647152298
1,-0.5,-0.25,1.304,0.4464404626531151
1,-0.5,-0.25,1.3056,0.4464005499338638
1,-0.5,-0.25,1.3072000000000001,0.4463606267162458
1,-0.5,-0.25,1.3088,0.44632069315813505
1,-0.5,-0.25,1.3104,0.4462807494165144
1,-0.5,-0.25,1.312,0.44624079564748054
1,-0.5,-0.25,1.3136,0.44620083200624844
1,-0.5,-0.25,1.3152000000000001,0.4461608586471565
1,-0.5,-0.25,1.3168,0.44612087572367093
1,-0.5,-0.25,1.3184,0.44608088338839064
1,-0.5,-0.25,1.32,0.44604088179305185
1,-0.5,-0.25,1.3216,0.4460008710885327
1,-0.5,-0.25,1.3232000000000002,0.4459608514248579
1,-0.5,-0.25,1.3248,0.44592082295120344
1,-0.5,-0.25,1.3264,0.445880785815901
1,-0.5,-0.25,1.328,0.44584074016644254
1,-0.5,-0.25,1.3296000000000001,0.4458006861494845
1,-0.5,-0.25,1.3312000000000002,0.4457606239108528
1,-0.5,-0.25,1.3328,0.44572055359554724
1,-0.5,-0.25,1.3344,0.44568047534774535
1,-0.5,-0.25,1.336,0.4456403893108076
1,-0.5,-0.25,1.3376000000000001,0.44560029562728126
1,-0.5,-0.25,1.3392000000000002,0.44556019443890477
1,-0.5,-0.25,1.3408,0.4455200858866123
1,-0.5,-0.25,1.3424,0.44547997011053786
1,-0.5,-0.25,1.344,0.44543984725001984
1,-0.5,-0.25,1.3456000000000001,0.44539971744360496
1,-0.5,-0.25,1.3472000000000002,0.44535958082905264
1,-0.5,-0.25,1.3488,0.44531943754333936
1,-0.5,-0.25,1.3504,0.44527928772266245
1,-0.5,-0.25,1.352,0.44523913150244476
1,-0.5,-0.25,1.3536000000000001,0.4451989690173385
1,-0.5,-0.25,1.3552,0.44515880040122935
1,-0.5,-0.25,1.3568,0.44511862578724054
1,-0.5,-0.25,1.3584,0.445078445307737
1,-0.5,-0.25,1.36,0.4450382590943295
1,-0.5,-0.25,1.3616000000000001,0.4449980672778784
1,-0.5,-0.25,1.3632,0.444957869988498
1,-0.5,-0.25,1.3648,0.4449176673555602
1,-0.5,-0.25,1.3664,0.4448774595076985
1,-0.5,-0.25,1.368,0.44483724657281226
1,-0.5,-0.25,1.3696000000000002,0.4447970286780703
1,-0.5,-0.25,1.3712,0.4447568059499147
1,-0.5,-0.25,1.3728,0.4447165785140649
1,-0.5,-0.25,1.3744,0.44467634649552146
1,-0.5,-0.25,1.3760000000000001,0.44463611001857
1,-0.5,-0.25,1.3776000000000002,0.4445958692067848
1,-0.5,-0.25,1.3792,0.44455562418303257
1,-0.5,-0.25,1.3808,0.4445153750694766
1,-0.5,-0.25,1.3824,0.4444751219875799
1,-0.5,-0.25,1.3840000000000001,0.44443486505810925
1,-0.5,-0.25,1.3856000000000002,0.44439460440113915
1,-0.5,-0.25,1.3872,0.444354340136055
1,-0.5,-0.25,1.3888,0.44431407238155696
1,-0.5,-0.25,1.3904,0.4442738012556636
1,-0.5,-0.25,1.3920000000000001,0.4442335268757156
1,-0.5,-0.25,1.3936000000000002,0.4441932493583791
1,-0.5,-0.25,1.3952,0.44415296881964955
1,-0.5,-0.25,1.3968,0.44411268537485515
1,-0.5,-0.25,1.3984,0.44407239913866026
1,-0.5,-0.25,1.4000000000000001,0.44403211022506905
1,-0.5,-0.25,1.4016,0.44399181874742893
1,-0.5,-0.25,1.4032,0.44395152481843414
1,-0.5,-0.25,1.4048,0.4439112285501291
1,-0.5,-0.25,1.4064,0.44387093005391187
1,-0.5,-0.25,1.4080000000000001,0.4438306294405375
1,-0.5,-0.25,1.4096,0.44379032682012165
1,-0.5,-0.25,1.4112,0.4437500223021434
1,-0.5,-0.25,1.4128,0.4437097159954495
1,-0.5,-0.25,1.4144,0.4436694080082569
1,-0.5,-0.25,1.4160000000000001,0.4436290984481567
1,-0.5,-0.25,1.4176,0.4435887874221168
1,-0.5,-0.25,1.4192,0.4435484750364857
1,-0.5,-0.25,1.4208,0.44350816139699567
1,-0.5,-0.25,1.4224,0.44346784660876587
1,-0.5,-0.25,1.4240000000000002,0.4434275307763056
1,-0.5,-0.25,1.4256,0.4433872140035175
1,-0.5,-0.25,1.4272,0.4433468963937009
1,-0.5,-0.25,1.4288,0.4433065780495549
1,-0.5,-0.25,1.4304000000000001,0.4432662590731815
1,-0.5,-0.25,1.4320000000000002,0.44322593956608863
1,-0.5,-0.25,1.4336,0.44318561962919356
1,-0.5,-0.25,1.4352,0.44314529936282576
1,-0.5,-0.25,1.4368,0.4431049788667301
1,-0.5,-0.25,1.4384000000000001,0.44306465824007
1,-0.5,-0.25,1.4400000000000002,0.44302433758143034
1,-0.5,-0.25,1.4416,0.44298401698882045
1,-0.5,-0.25,1.4432,0.44294369655967736
1,-0.5,-0.25,1.4448,0.4429033763908685
1,-0.5,-0.25,1.4464000000000001,0.44286305657869507
1,-0.5,-0.25,1.4480000000000002,0.4428227372188946
1,-0.5,-0.25,1.4496,0.44278241840664423
1,-0.5,-0.25,1.4512,0.4427421002365636
1,-0.5,-0.25,1.4528,0.4427017828027175
1,-0.5,-0.25,1.4544000000000001,0.4426614661986191
1,-0.5,-0.25,1.456,0.44262115051723266
1,-0.5,-0.25,1.4576,0.4425808358509765
1,-0.5,-0.25,1.4592,0.4425405222917258
1,-0.5,-0.25,1.4608,0.4425002099308155
1,-0.5,-0.25,1.4624000000000001,0.4424598988590431
1,-0.5,-0.25,1.464,0.4424195891666713
1,-0.5,-0.25,1.4656,0.44237928094343115
1,-0.5,-0.25,1.4672,0.4423389742785246
1,-0.5,-0.25,1.4688,0.44229866926062733
1,-0.5,-0.25,1.4704000000000002,0.4422583659778913
1,-0.5,-0.25,1.472,0.4422180645179478
1,-0.5,-0.25,1.4736,0.44217776496791
1,-0.5,-0.25,1.4752,0.44213746741437576
1,-0.5,-0.25,1.4768000000000001,0.44209717194343023
1,-0.5,-0.25,1.4784000000000002,0.44205687864064835
1,-0.5,-0.25,1.48,0.44201658759109796
1,-0.5,-0.25,1.4816,0.4419762988793421
1,-0.5,-0.25,1.4832,0.4419360125894417
1,-0.5,-0.25,1.4848000000000001,0.44189572880495825
1,-0.5,-0.25,1.4864000000000002,0.44185544760895645
1,-0.5,-0.25,1.488,0.44181516908400664
1,-0.5,-0.25,1.4896,0.4417748933121874
1,-0.5,-0.25,1.4912,0.44173462037508837
1,-0.5,-0.25,1.4928000000000001,0.44169435035381255
1,-0.5,-0.25,1.4944000000000002,0.4416540833289789
1,-0.5,-0.25,1.496,0.4416138193807247
1,-0.5,-0.25,1.4976,0.4415735585887085
1,-0.5,-0.25,1.4992,0.44153330103211214
1,-0.5,-0.25,1.5008000000000001,0.44149304678964335
1,-0.5,-0.25,1.5024000000000002,0.44145279593953834
1,-0.5,-0.25,1.504,0.44141254855956435
1,-0.5,-0.25,1.5056,0.44137230472702166
1,-0.5,-0.25,1.5072,0.4413320645187464
1,-0.5,-0.25,1.5088000000000001,0.44129182801111283
1,-0.5,-0.25,1.5104,0.4412515952800357
1,-0.5,-0.25,1.512,0.44121136640097286
1,-0.5,-0.25,1.5136,0.4411711414489273
1,-0.5,-0.25,1.5152,0.44113092049844965
1,-0.5,-0.25,1.5168000000000001,0.44109070362364067
1,-0.5,-0.25,1.5184,0.4410504908981535
1,-0.5,-0.25,1.52,0.44101028239519574
1,-0.5,-0.25,1.5216,0.4409700781875321
1,-0.5,-0.25,1.5232,0.4409298783474865
1,-0.5,-0.25,1.5248000000000002,0.44088968294694464
1,-0.5,-0.25,1.5264,0.4408494920573557
1,-0.5,-0.25,1.528,0.4408093057497351
1,-0.5,-0.25,1.5296,0.4407691240946667
1,-0.5,-0.25,1.5312000000000001,0.4407289471623048
1,-0.5,-0.25,1.5328000000000002,0.4406887750223765
1,-0.5,-0.25,1.5344,0.440648607744184
1,-0.5,-0.25,1.536,0.4406084453966067
1,-0.5,-0.25,1.5376,0.44056828804810316
1,-0.5,-0.25,1.5392000000000001,0.4405281357667139
1,-0.5,-0.25,1.5408000000000002,0.44048798862006283
1,-0.5,-0.25,1.5424,0.44044784667535997
1,-0.5,-0.25,1.544,0.4404077099994034
1,-0.5,-0.25,1.5456,0.44036757865858106
1,-0.5,-0.25,1.5472000000000001,0.44032745271887347
1,-0.5,-0.25,1.5488000000000002,0.4402873322458555
1,-0.5,-0.25,1.5504,0.4402472173046983
1,-0.5,-0.25,1.552,0.44020710796017165
1,-0.5,-0.25,1.5536,0.4401670042766462
1,-0.5,-0.25,1.5552000000000001,0.44012690631809503
1,-0.5,-0.25,1.5568000000000002,0.44008681414809614
1,-0.5,-0.25,1.5584,0.44004672782983417
1,-0.5,-0.25,1.56,0.44000664742610274
1,-0.5,-0.25,1.5616,0.4399665729993062
1,-0.5,-0.25,1.5632000000000001,0.4399265046114619
1,-0.5,-0.25,1.5648,0.43988644232420165
1,-0.5,-0.25,1.5664,0.4398463861987746
1,-0.5,-0.25,1.568,0.4398063362960483
1,-0.5,-0.25,1.5696,0.4397662926765114
1,-0.5,-0.25,1.5712000000000002,0.439726255400275
1,-0.5,-0.25,1.5728,0.439686224527075
1,-0.5,-0.25,1.5744,0.4396462001162738
1,-0.5,-0.25,1.576,0.4396061822268625
1,-0.5,-0.25,1.5776000000000001,0.4395661709174624
1,-0.5,-0.25,1.5792000000000002,0.4395261662463275
1,-0.5,-0.25,1.5808,0.4394861682713456
1,-0.5,-0.25,1.5824,0.439446177050041
1,-0.5,-0.25,1.584,0.4394061926395757
1,-0.5,-0.25,1.5856000000000001,0.4393662150967518
1,-0.5,-0.25,1.5872000000000002,0.439326244478013
1,-0.5,-0.25,1.5888,0.43928628083944643
1,-0.5,-0.25,1.5904,0.4392463242367847
1,-0.5,-0.25,1.592,0.4392063747254077
1,-0.5,-0.25,1.5936000000000001,0.4391664323603443
1,-0.5,-0.25,1.5952000000000002,0.4391264971962742
1,-0.5,-0.25,1.5968,0.4390865692875296
1,-0.5,-0.25,1.5984,0.4390466486880973
1,-0.5,-0.25,1.6,0.4390067354516201
1,-0.5,-0.25,1.6016000000000001,0.43896682963139894
1,-0.5,-0.25,1.6032000000000002,0.4389269312803943
1,-0.5,-0.25,1.6048,0.43888704045122806
1,-0.5,-0.25,1.6064,0.43884715719618556
1,-0.5,-0.25,1.608,0.4388072815672169
1,-0.5,-0.25,1.6096000000000001,0.4387674136159387
1,-0.5,-0.25,1.6112000000000002,0.43872755339363617
1,-0.5,-0.25,1.6128,0.43868770095126447
1,-0.5,-0.25,1.6144,0.43864785633945036
1,-0.5,-0.25,1.616,0.4386080196084943
1,-0.5,-0.25,1.6176000000000001,0.4385681908083717
1,-0.5,-0.25,1.6192,0.43852836998873485
1,-0.5,-0.25,1.6208,0.4384885571989143
1,-0.5,-0.25,1.6224,0.43844875248792076
1,-0.5,-0.25,1.624,0.43840895590444673
1,-0.5,-0.25,1.6256000000000002,0.43836916749686805
1,-0.5,-0.25,1.6272,0.43832938731324544
1,-0.5,-0.25,1.6288,0.4382896154013263
1,-0.5,-0.25,1.6304,0.4382498518085463
1,-0.5,-0.25,1.6320000000000001,0.4382100965820307
1,-0.5,-0.25,1.6336000000000002,0.43817034976859626
1,-0.5,-0.25,1.6352,0.43813061141475285
1,-0.5,-0.25,1.6368,0.43809088156670456
1,-0.5,-0.25,1.6384,0.43805116027035185
1,-0.5,-0.25,1.6400000000000001,0.4380114475712927
1,-0.5,-0.25,1.6416000000000002,0.43797174351482443
1,-0.5,-0.25,1.6432,0.437932048145945
1,-0.5,-0.25,1.6448,0.43789236150935457
1,-0.5,-0.25,1.6464,0.43785268364945734
1,-0.5,-0.25,1.6480000000000001,0.4378130146103627
1,-0.5,-0.25,1.6496000000000002,0.4377733544358869
1,-0.5,-0.25,1.6512,0.4377337031695544
1,-0.5,-0.25,1.6528,0.43769406085459966
1,-0.5,-0.25,1.6544,0.4376544275339684
1,-0.5,-0.25,1.6560000000000001,0.43761480325031904
1,-0.5,-0.25,1.6576000000000002,0.4375751880460243
1,-0.5,-0.25,1.6592,0.4375355819631727
1,-0.5,-0.25,1.6608,0.43749598504356985
1,-0.5,-0.25,1.6624,0.43745639732874
1,-0.5,-0.25,1.6640000000000001,0.4374168188599273
1,-0.5,-0.25,1.6656,0.43737724967809755
1,-0.5,-0.25,1.6672,0.43733768982393967
1,-0.5,-0.25,1.6688,0.4372981393378664
1,-0.5,-0.25,1.6704,0.4372585982600166
1,-0.5,-0.25,1.6720000000000002,0.4372190666302562
1,-0.5,-0.25,1.6736,0.4371795444881796
1,-0.5,-0.25,1.6752,0.4371400318731111
1,-0.5,-0.25,1.6768,0.4371005288241065
1,-0.5,-0.25,1.6784000000000001,0.4370610353799539
1,-0.5,-0.25,1.6800000000000002,0.43702155157917577
1,-0.5,-0.25,1.6816,0.4369820774600299
1,-0.5,-0.25,1.6832,0.43694261306051074
1,-0.5,-0.25,1.6848,0.436903158418351
1,-0.5,-0.25,1.6864000000000001,0.4368637135710226
1,-0.5,-0.25,1.6880000000000002,0.4368242785557384
1,-0.5,-0.25,1.6896,0.4367848534094533
1,-0.5,-0.25,1.6912,0.4367454381688656
1,-0.5,-0.25,1.6928,0.4367060328704183
1,-0.5,-0.25,1.6944000000000001,0.43666663755030055
1,-0.5,-0.25,1.6960000000000002,0.4366272522444486
1,-0.5,-0.25,1.6976,0.43658787698854745
1,-0.5,-0.25,1.6992,0.4365485118180319
1,-0.5,-0.25,1.7008,0.436509156768088
1,-0.5,-0.25,1.7024000000000001,0.43646981187365425
1,-0.5,-0.25,1.7040000000000002,0.4364304771694228
1,-0.5,-0.25,1.7056,0.43639115268984074
1,-0.5,-0.25,1.7072,0.43635183846911146
1,-0.5,-0.25,1.7088,0.43631253454119584
1,-0.5,-0.25,1.7104000000000001,0.4362732409398132
1,-0.5,-0.25,1.7120000000000002,0.43623395769844303
1,-0.5,-0.25,1.7136,0.4361946848503259
1,-0.5,-0.25,1.7152,0.4361554224284647
1,-0.5,-0.25,1.7168,0.4361161704656259
1,-0.5,-0.25,1.7184000000000001,0.4360769289943409
1,-0.5,-0.25,1.72,0.436037698046907
1,-0.5,-0.25,1.7216,0.43599847765538857
1,-0.5,-0.25,1.7232,0.4359592678516185
1,-0.5,-0.25,1.7248,0.43592006866719923
1,-0.5,-0.25,1.7264000000000002,0.43588088013350385
1,-0.5,-0.25,1.728,0.4358417022816774
1,-0.5,-0.25,1.7296,0.43580253514263795
1,-0.5,-0.25,1.7312,0.4357633787470779
1,-0.5,-0.25,1.7328000000000001,0.4357242331254648
1,-0.5,-0.25,1.7344000000000002,0.43568509830804303
1,-0.5,-0.25,1.736,0.4356459743248343
1,-0.5,-0.25,1.7376,0.4356068612056393
1,-0.5,-0.25,1.7392,0.43556775898003863
1,-0.5,-0.25,1.7408000000000001,0.4355286676773939
1,-0.5,-0.25,1.7424000000000002,0.435489587326849
1,-0.5,-0.25,1.744,0.4354505179573309
1,-0.5,-0.25,1.7456,0.43541145959755106
1,-0.5,-0.25,1.7472,0.4353724122760064
1,-0.5,-0.25,1.7488000000000001,0.4353333760209805
1,-0.5,-0.25,1.7504000000000002,0.4352943508605444
1,-0.5,-0.25,1.752,0.4352553368225581
1,-0.5,-0.25,1.7536,0.43521633393467135
1,-0.5,-0.25,1.7552,0.43517734222432464
1,-0.5,-0.25,1.7568000000000001,0.43513836171875075
1,-0.5,-0.25,1.7584000000000002,0.4350993924449752
1,-0.5,-0.25,1.76,0.4350604344298178
1,-0.5,-0.25,1.7616,0.43502148769989324
1,-0.5,-0.25,1.7632,0.43498255228161264
1,-0.5,-0.25,1.7648000000000001,0.4349436282011842
1,-0.5,-0.25,1.7664000000000002,0.4349047154846145
1,-0.5,-0.25,1.768,0.4348658141577093
1,-0.5,-0.25,1.7696,0.4348269242460746
1,-0.5,-0.25,1.7712,0.4347880457751178
1,-0.5,-0.25,1.7728000000000002,0.4347491787700487
1,-0.5,-0.25,1.7744,0.43471032325588044
1,-0.5,-0.25,1.776,0.43467147925743044
1,-0.5,-0.25,1.7776,0.43463264679932145
1,-0.5,-0.25,1.7792000000000001,0.43459382590598267
1,-0.5,-0.25,1.7808000000000002,0.4345550166016506
1,-0.5,-0.25,1.7824,0.4345162189103699
1,-0.5,-0.25,1.784,0.4344774328559948
1,-0.5,-0.25,1.7856,0.43443865846218976
1,-0.5,-0.25,1.7872000000000001,0.43439989575243015
1,-0.5,-0.25,1.7888000000000002,0.4343611447500039
1,-0.5,-0.25,1.7904,0.4343224054780121
1,-0.5,-0.25,1.792,0.4342836779593696
1,-0.5,-0.25,1.7936,0.43424496221680675
1,-0.5,-0.25,1.7952000000000001,0.4342062582728696
1,-0.5,-0.25,1.7968000000000002,0.43416756614992125
1,-0.5,-0.25,1.7984,0.43412888587014264
1,-0.5,-0.25,1.8,0.4340902174555338
1,-0.5,-0.25,1.8016,0.43405156092791397
1,-0.5,-0.25,1.8032000000000001,0.4340129163089236
1,-0.5,-0.25,1.8048000000000002,0.43397428362002427
1,-0.5,-0.25,1.8064,0.4339356628825004
1,-0.5,-0.25,1.808,0.43389705411745966
1,-0.5,-0.25,1.8096,0.433858457345834
1,-0.5,-0.25,1.8112000000000001,0.43381987258838045
1,-0.5,-0.25,1.8128000000000002,0.43378129986568237
1,-0.5,-0.25,1.8144,0.43374273919815
1,-0.5,-0.25,1.816,0.4337041906060214
1,-0.5,-0.25,1.8176,0.43366565410936336
1,-0.5,-0.25,1.8192000000000002,0.4336271297280725
1,-0.5,-0.25,1.8208000000000002,0.4335886174818756
1,-0.5,-0.25,1.8224,0.433550117390331
1,-0.5,-0.25,1.824,0.4335116294728292
1,-0.5,-0.25,1.8256000000000001,0.43347315374859374
1,-0.5,-0.25,1.8272000000000002,0.43343469023668235
1,-0.5,-0.25,1.8288,0.43339623895598717
1,-0.5,-0.25,1.8304,0.4333577999252363
1,-0.5,-0.25,1.832,0.43331937316299407
1,-0.5,-0.25,1.8336000000000001,0.43328095868766214
1,-0.5,-0.25,1.8352000000000002,0.43324255651748034
1,-0.5,-0.25,1.8368,0.4332041666705276
1,-0.5,-0.25,1.8384,0.4331657891647224
1,-0.5,-0.25,1.84,0.43312742401782406
1,-0.5,-0.25,1.8416000000000001,0.4330890712474331
1,-0.5,-0.25,1.8432000000000002,0.43305073087099255
1,-0.5,-0.25,1.8448,0.43301240290578824
1,-0.5,-0.25,1.8464,0.43297408736894993
1,-0.5,-0.25,1.848,0.43293578427745216
1,-0.5,-0.25,1.8496000000000001,0.4328974936481147
1,-0.5,-0.25,1.8512000000000002,0.43285921549760364
1,-0.5,-0.25,1.8528,0.43282094984243225
1,-0.5,-0.25,1.8544,0.4327826966989614
1,-0.5,-0.25,1.856,0.43274445608340073
1,-0.5,-0.25,1.8576000000000001,0.4327062280118091
1,-0.5,-0.25,1.8592000000000002,0.43266801250009557
1,-0.5,-0.25,1.8608,0.43262980956402
1,-0.5,-0.25,1.8624,0.43259161921919415
1,-0.5,-0.25,1.864,0.43255344148108216
1,-0.5,-0.25,1.8656000000000001,0.43251527636500126
1,-0.5,-0.25,1.8672000000000002,0.4324771238861225
1,-0.5,-0.25,1.8688,0.43243898405947195
1,-0.5,-0.25,1.8704,0.4324008568999309
1,-0.5,-0.25,1.872,0.43236274242223693
1,-0.5,-0.25,1.8736000000000002,0.4323246406409844
1,-0.5,-0.25,1.8752000000000002,0.43228655157062545
1,-0.5,-0.25,1.8768,0.43224847522547066
1,-0.5,-0.25,1.8784,0.4322104116196897
1,-0.5,-0.25,1.8800000000000001,0.4321723607673119
1,-0.5,-0.25,1.8816000000000002,0.4321343226822273
1,-0.5,-0.25,1.8832,0.4320962973781872
1,-0.5,-0.25,1.8848,0.43205828486880493
1,-0.5,-0.25,1.8864,0.43202028516755653
1,-0.5,-0.25,1.8880000000000001,0.43198229828778123
1,-0.5,-0.25,1.8896000000000002,0.43194432424268264
1,-0.5,-0.25,1.8912,0.43190636304532903
1,-0.5,-0.25,1.8928,0.4318684147086543
1,-0.5,-0.25,1.8944,0.43183047924545837
1,-0.5,-0.25,1.8960000000000001,0.4317925566684082
1,-0.5,-0.25,1.8976000000000002,0.4317546469900382
1,-0.5,-0.25,1.8992,0.43171675022275113
1,-0.5,-0.25,1.9008,0.4316788663788187
1,-0.5,-0.25,1.9024,0.431640995470382
1,-0.5,-0.25,1.9040000000000001,0.4316031375094528
1,-0.5,-0.25,1.9056000000000002,0.43156529250791353
1,-0.5,-0.25,1.9072,0.43152746047751817
1,-0.5,-0.25,1.9088,0.4314896414298932
1,-0.5,-0.25,1.9104,0.43145183537653803
1,-0.5,-0.25,1.9120000000000001,0.43141404232882535
1,-0.5,-0.25,1.9136000000000002,0.43137626229800247
1,-0.5,-0.25,1.9152,0.43133849529519147
1,-0.5,-0.25,1.9168,0.43130074133138985
1,-0.5,-0.25,1.9184,0.4312630004174713
1,-0.5,-0.25,1.9200000000000002,0.4312252725641865
1,-0.5,-0.25,1.9216000000000002,0.4311875577821635
1,-0.5,-0.25,1.9232,0.4311498560819085
1,-0.5,-0.25,1.9248,0.43111216747380615
1,-0.5,-0.25,1.9264000000000001,0.4310744919681208
1,-0.5,-0.25,1.9280000000000002,0.4310368295749966
1,-0.5,-0.25,1.9296,0.43099918030445833
1,-0.5,-0.25,1.9312,0.43096154416641186
1,-0.5,-0.25,1.9328,0.4309239211706451
1,-0.5,-0.25,1.9344000000000001,0.43088631132682825
1,-0.5,-0.25,1.9360000000000002,0.43084871464451463
1,-0.5,-0.25,1.9376,0.43081113113314107
1,-0.5,-0.25,1.9392,0.4307735608020289
1,-0.5,-0.25,1.9408,0.43073600366038406
1,-0.5,-0.25,1.9424000000000001,0.4306984597172981
1,-0.5,-0.25,1.9440000000000002,0.43066092898174857
1,-0.5,-0.25,1.9456,0.43062341146259964
1,-0.5,-0.25,1.9472,0.4305859071686027
1,-0.5,-0.25,1.9488,0.4305484161083969
1,-0.5,-0.25,1.9504000000000001,0.43051093829050996
1,-0.5,-0.25,1.9520000000000002,0.43047347372335837
1,-0.5,-0.25,1.9536,0.43043602241524836
1,-0.5,-0.25,1.9552,0.4303985843743761
1,-0.5,-0.25,1.9568,0.43036115960882854
1,-0.5,-0.25,1.9584000000000001,0.43032374812658397
1,-0.5,-0.25,1.9600000000000002,0.43028634993551235
1,-0.5,-0.25,1.9616,0.43024896504337595
1,-0.5,-0.25,1.9632,0.43021159345783044
1,-0.5,-0.25,1.9648,0.4301742351864246
1,-0.5,-0.25,1.9664000000000001,0.43013689023660134
1,-0.5,-0.25,1.9680000000000002,0.4300995586156983
1,-0.5,-0.25,1.9696,0.43006224033094814
1,-0.5,-0.25,1.9712,0.4300249353894793
1,-0.5,-0.25,1.9728,0.42998764379831633
1,-0.5,-0.25,1.9744000000000002,0.429950365564381
1,-0.5,-0.25,1.9760000000000002,0.429913100694492
1,-0.5,-0.25,1.9776,0.42987584919536603
1,-0.5,-0.25,1.9792,0.42983861107361804
1,-0.5,-0.25,1.9808000000000001,0.4298013863357622
1,-0.5,-0.25,1.9824000000000002,0.4297641749882119
1,-0.5,-0.25,1.984,0.42972697703728074
1,-0.5,-0.25,1.9856,0.4296897924891826
1,-0.5,-0.25,1.9872,0.4296526213500324
1,-0.5,-0.25,1.9888000000000001,0.4296154636258469
1,-0.5,-0.25,1.9904000000000002,0.42957831932254453
1,-0.5,-0.25,1.992,0.4295411884459466
1,-0.5,-0.25,1.9936,0.42950407100177734
1,-0.5,-0.25,1.9952,0.4294669669956646
1,-0.5,-0.25,1.9968000000000001,0.42942987643314035
1,-0.5,-0.25,1.9984000000000002,0.42939279931964125
1,-0.5,-0.25,2.0,0.4293557356605089
1,-0.5,-0.25,2.0016000000000003,0.4293186854609906
1,-0.5,-0.25,2.0032,0.42928164872623964
1,-0.5,-0.25,2.0048,0.42924462546131603
1,-0.5,-0.25,2.0064,0.42920761567118687
1,-0.5,-0.25,2.008,0.42917061936072665
1,-0.5,-0.25,2.0096000000000003,0.4291336365347181
1,-0.5,-0.25,2.0112,0.4290966671978524
1,-0.5,-0.25,2.0128,0.4290597113547297
1,-0.5,-0.25,2.0144,0.4290227690098597
1,-0.5,-0.25,2.016,0.42898584016766217
1,-0.5,-0.25,2.0176000000000003,0.42894892483246716
1,-0.5,-0.25,2.0192,0.4289120230085158
1,-0.5,-0.25,2.0208,0.42887513469996047
1,-0.5,-0.25,2.0224,0.4288382599108655
1,-0.5,-0.25,2.024,0.42880139864520744
1,-0.5,-0.25,2.0256000000000003,0.42876455090687576
1,-0.5,-0.25,2.0272,0.428727716699673
1,-0.5,-0.25,2.0288,0.42869089602731564
1,-0.5,-0.25,2.0304,0.4286540888934341
1,-0.5,-0.25,2.032,0.42861729530157355
1,-0.5,-0.25,2.0336000000000003,0.42858051525519414
1,-0.5,-0.25,2.0352,0.4285437487576716
1,-0.5,-0.25,2.0368,0.42850699581229756
1,-0.5,-0.25,2.0384,0.42847025642228015
1,-0.5,-0.25,2.04,0.42843353059074424
1,-0.5,-0.25,2.0416000000000003,0.42839681832073206
1,-0.5,-0.25,2.0432,0.4283601196152036
1,-0.5,-0.25,2.0448,0.42832343447703686
1,-0.5,-0.25,2.0464,0.4282867629090287
1,-0.5,-0.25,2.048,0.42825010491389476
1,-0.5,-0.25,2.0496000000000003,0.42821346049427034
1,-0.5,-0.25,2.0512,0.4281768296527104
1,-0.5,-0.25,2.0528,0.4281402123916905
1,-0.5,-0.25,2.0544000000000002,0.4281036087136067
1,-0.5,-0.25,2.056,0.42806701862077645
1,-0.5,-0.25,2.0576000000000003,0.42803044211543856
1,-0.5,-0.25,2.0592,0.4279938791997539
1,-0.5,-0.25,2.0608,0.42795732987580587
1,-0.5,-0.25,2.0624000000000002,0.42792079414560075
1,-0.5,-0.25,2.064,0.42788427201106777
1,-0.5,-0.25,2.0656,0.42784776347406006
1,-0.5,-0.25,2.0672,0.4278112685363548
1,-0.5,-0.25,2.0688,0.42777478719965356
1,-0.5,-0.25,2.0704000000000002,0.4277383194655827
1,-0.5,-0.25,2.072,0.42770186533569415
1,-0.5,-0.25,2.0736,0.4276654248114652
1,-0.5,-0.25,2.0752,0.4276289978942993
1,-0.5,-0.25,2.0768,0.4275925845855265
1,-0.5,-0.25,2.0784000000000002,0.42755618488640357
1,-0.5,-0.25,2.08,0.4275197987981146
1,-0.5,-0.25,2.0816,0.4274834263217713
1,-0.5,-0.25,2.0832,0.42744706745841354
1,-0.5,-0.25,2.0848,0.4274107222090094
1,-0.5,-0.25,2.0864000000000003,0.42737439057445586
1,-0.5,-0.25,2.088,0.4273380725555791
1,-0.5,-0.25,2.0896,0.4273017681531349
1,-0.5,-0.25,2.0912,0.427265477367809
1,-0.5,-0.25,2.0928,0.4272292002002173
1,-0.5,-0.25,2.0944000000000003,0.42719293665090663
1,-0.5,-0.25,2.096,0.4271566867203548
1,-0.5,-0.25,2.0976,0.42712045040897106
1,-0.5,-0.25,2.0992,0.4270842277170965
1,-0.5,-0.25,2.1008,0.4270480186450043
1,-0.5,-0.25,2.1024000000000003,0.42701182319290043
1,-0.5,-0.25,2.104,0.4269756413609236
1,-0.5,-0.25,2.1056,0.42693947314914577
1,-0.5,-0.25,2.1072,0.42690331855757263
1,-0.5,-0.25,2.1088,0.4268671775861439
1,-0.5,-0.25,2.1104000000000003,0.4268310502347337
1,-0.5,-0.25,2.112,0.42679493650315076
1,-0.5,-0.25,2.1136,0.42675883639113893
1,-0.5,-0.25,2.1152,0.4267227498983774
1,-0.5,-0.25,2.1168,0.42668667702448115
1,-0.5,-0.25,2.1184000000000003,0.4266506177690016
1,-0.5,-0.25,2.12,0.42661457213142634
1,-0.5,-0.25,2.1216,0.4265785401111797
1,-0.5,-0.25,2.1232,0.42654252170762347
1,-0.5,-0.25,2.1248,0.4265065169200568
1,-0.5,-0.25,2.1264000000000003,0.42647052574771666
1,-0.5,-0.25,2.128,0.4264345481897782
1,-0.5,-0.25,2.1296,0.42639858424535526
1,-0.5,-0.25,2.1312,0.4263626339135004
1,-0.5,-0.25,2.1328,0.4263266971932053
1,-0.5,-0.25,2.1344000000000003,0.42629077408340144
1,-0.5,-0.25,2.136,0.42625486458295997
1,-0.5,-0.25,2.1376,0.4262189686906923
1,-0.5,-0.25,2.1392,0.42618308640535024
1,-0.5,-0.25,2.1408,0.4261472177256267
1,-0.5,-0.25,2.1424000000000003,0.4261113626501554
1,-0.5,-0.25,2.144,0.426075521177512
1,-0.5,-0.25,2.1456,0.4260396933062136
1,-0.5,-0.25,2.1472,0.4260038790347197
1,-0.5,-0.25,2.1488,0.42596807836143213
1,-0.5,-0.25,2.1504000000000003,0.42593229128469556
1,-0.5,-0.25,2.152,0.4258965178027976
1,-0.5,-0.25,2.1536,0.4258607579139694
1,-0.5,-0.25,2.1552000000000002,0.42582501161638586
1,-0.5,-0.25,2.1568,0.425789278908166
1,-0.5,-0.25,2.1584000000000003,0.4257535597873729
1,-0.5,-0.25,2.16,0.4257178542520145
1,-0.5,-0.25,2.1616,0.4256821623000437
1,-0.5,-0.25,2.1632000000000002,0.4256464839293585
1,-0.5,-0.25,2.1648,0.4256108191378026
1,-0.5,-0.25,2.1664000000000003,0.4255751679231656
1,-0.5,-0.25,2.168,0.42553953028318314
1,-0.5,-0.25,2.1696,0.4255039062155376
1,-0.5,-0.25,2.1712000000000002,0.42546829571785766
1,-0.5,-0.25,2.1728,0.4254326987877195
1,-0.5,-0.25,2.1744,0.42539711542264647
1,-0.5,-0.25,2.176,0.4253615456201097
1,-0.5,-0.25,2.1776,0.4253259893775281
1,-0.5,-0.25,2.1792000000000002,0.42529044669226884
1,-0.5,-0.25,2.1808,0.4252549175616478
1,-0.5,-0.25,2.1824,0.4252194019829295
1,-0.5,-0.25,2.184,0.4251838999533278
1,-0.5,-0.25,2.1856,0.4251484114700055
1,-0.5,-0.25,2.1872000000000003,0.4251129365300755
1,-0.5,-0.25,2.1888,0.4250774751306005
1,-0.5,-0.25,2.1904,0.4250420272685934
1,-0.5,-0.25,2.192,0.4250065929410178
1,-0.5,-0.25,2.1936,0.42497117214478775
1,-0.5,-0.25,2.1952000000000003,0.4249357648767687
1,-0.5,-0.25,2.1968,0.4249003711337775
1,-0.5,-0.25,2.1984,0.42486499091258223
1,-0.5,-0.25,2.2,0.4248296242099033
1,-0.5,-0.25,2.2016,0.424794271022413
1,-0.5,-0.25,2.2032000000000003,0.42475893134673626
1,-0.5,-0.25,2.2048,0.42472360517945057
1,-0.5,-0.25,2.2064,0.4246882925170865
1,-0.5,-0.25,2.208,0.4246529933561279
1,-0.5,-0.25,2.2096,0.424617707693012
1,-0.5,-0.25,2.2112000000000003,0.42458243552412983
1,-0.5,-0.25,2.2128,0.4245471768458267
1,-0.5,-0.25,2.2144,0.424511931654402
1,-0.5,-0.25,2.216,0.4244766999461096
1,-0.5,-0.25,2.2176,0.42444148171715845
1,-0.5,-0.25,2.2192000000000003,0.4244062769637125
1,-0.5,-0.25,2.2208,0.4243710856818909
1,-0.5,-0.25,2.2224,0.4243359078677687
1,-0.5,-0.25,2.224,0.42430074351737646
1,-0.5,-0.25,2.2256,0.424265592626701
1,-0.5,-0.25,2.2272000000000003,0.42423045519168556
1,-0.5,-0.25,2.2288,0.4241953312082299
1,-0.5,-0.25,2.2304,0.4241602206721906
1,-0.5,-0.25,2.232,0.4241251235793815
1,-0.5,-0.25,2.2336,0.42409003992557365
1,-0.5,-0.25,2.2352000000000003,0.42405496970649587
1,-0.5,-0.25,2.2368,0.42401991291783464
1,-0.5,-0.25,2.2384,0.4239848695552346
1,-0.5,-0.25,2.24,0.4239498396142988
1,-0.5,-0.25,2.2416,0.42391482309058875
1,-0.5,-0.25,2.2432000000000003,0.42387981997962476
1,-0.5,-0.25,2.2448,0.4238448302768864
1,-0.5,-0.25,2.2464,0.4238098539778123
1,-0.5,-0.25,2.248,0.4237748910778007
1,-0.5,-0.25,2.2496,0.4237399415722097
1,-0.5,-0.25,2.2512000000000003,0.42370500545635725
1,-0.5,-0.25,2.2528,0.4236700827255217
1,-0.5,-0.25,2.2544,0.42363517337494166
1,-0.5,-0.25,2.2560000000000002,0.42360027739981665
1,-0.5,-0.25,2.2576,0.42356539479530697
1,-0.5,-0.25,2.2592000000000003,0.42353052555653414
1,-0.5,-0.25,2.2608,0.4234956696785811
1,-0.5,-0.25,2.2624,0.4234608271564923
1,-0.5,-0.25,2.2640000000000002,0.4234259979852741
1,-0.5,-0.25,2.2656,0.423391182159895
1,-0.5,-0.25,2.2672000000000003,0.4233563796752856
1,-0.5,-0.25,2.2688,0.4233215905263392
1,-0.5,-0.25,2.2704,0.42328681470791174
1,-0.5,-0.25,2.2720000000000002,0.4232520522148221
1,-0.5,-0.25,2.2736,0.42321730304185246
1,-0.5,-0.25,2.2752,0.4231825671837481
1,-0.5,-0.25,2.2768,0.4231478446352182
1,-0.5,-0.25,2.2784,0.42311313539093576
1,-0.5,-0.25,2.2800000000000002,0.4230784394455376
1,-0.5,-0.25,2.2816,0.42304375679362494
1,-0.5,-0.25,2.2832,0.4230090874297635
1,-0.5,-0.25,2.2848,0.4229744313484837
1,-0.5,-0.25,2.2864,0.4229397885442807
1,-0.5,-0.25,2.2880000000000003,0.42290515901161496
1,-0.5,-0.25,2.2896,0.4228705427449119
1,-0.5,-0.25,2.2912,0.42283593973856304
1,-0.5,-0.25,2.2928,0.4228013499869252
1,-0.5,-0.25,2.2944,0.4227667734843212
1,-0.5,-0.25,2.2960000000000003,0.42273221022504
1,-0.5,-0.25,2.2976,0.422697660203337
1,-0.5,-0.25,2.2992,0.42266312341343404
1,-0.5,-0.25,2.3008,0.4226285998495199
1,-0.5,-0.25,2.3024,0.42259408950575
1,-0.5,-0.25,2.3040000000000003,0.4225595923762473
1,-0.5,-0.25,2.3056,0.4225251084551017
1,-0.5,-0.25,2.3072,0.42249063773637097
1,-0.5,-0.25,2.3088,0.4224561802140805
1,-0.5,-0.25,2.3104,0.42242173588222365
1,-0.5,-0.25,2.3120000000000003,0.42238730473476194
1,-0.5,-0.25,2.3136,0.4223528867656251
1,-0.5,-0.25,2.3152,0.42231848196871163
1,-0.5,-0.25,2.3168,0.42228409033788866
1,-0.5,-0.25,2.3184,0.42224971186699206
1,-0.5,-0.25,2.3200000000000003,0.42221534654982706
1,-0.5,-0.25,2.3216,0.42218099438016804
1,-0.5,-0.25,2.3232,0.4221466553517588
1,-0.5,-0.25,2.3248,0.42211232945831306
1,-0.5,-0.25,2.3264,0.4220780166935142
1,-0.5,-0.25,2.3280000000000003,0.42204371705101573
1,-0.5,-0.25,2.3296,0.42200943052444145
1,-0.5,-0.25,2.3312,0.4219751571073854
1,-0.5,-0.25,2.3328,0.42194089679341246
1,-0.5,-0.25,2.3344,0.4219066495760581
1,-0.5,-0.25,2.3360000000000003,0.42187241544882886
1,-0.5,-0.25,2.3376,0.4218381944052025
1,-0.5,-0.25,2.3392,0.421803986438628
1,-0.5,-0.25,2.3408,0.42176979154252575
1,-0.5,-0.25,2.3424,0.42173560971028806
1,-0.5,-0.25,2.3440000000000003,0.42170144093527906
1,-0.5,-0.25,2.3456,0.42166728521083485
1,-0.5,-0.25,2.3472,0.4216331425302638
1,-0.5,-0.25,2.3488,0.4215990128868466
1,-0.5,-0.25,2.3504,0.4215648962738367
1,-0.5,-0.25,2.3520000000000003,0.4215307926844601
1,-0.5,-0.25,2.3536,0.4214967021119159
1,-0.5,-0.25,2.3552,0.4214626245493761
1,-0.5,-0.25,2.3568000000000002,0.4214285599899861
1,-0.5,-0.25,2.3584,0.4213945084268646
1,-0.5,-0.25,2.3600000000000003,0.42136046985310416
1,-0.5,-0.25,2.3616,0.4213264442617709
1,-0.5,-0.25,2.3632,0.42129243164590496
1,-0.5,-0.25,2.3648000000000002,0.4212584319985205
1,-0.5,-0.25,2.3664,0.421224445312606
1,-0.5,-0.25,2.3680000000000003,0.4211904715811246
1,-0.5,-0.25,2.3696,0.42115651079701366
1,-0.5,-0.25,2.3712,0.42112256295318556
1,-0.5,-0.25,2.3728000000000002,0.42108862804252767
1,-0.5,-0.25,2.3744,0.42105470605790224
1,-0.5,-0.25,2.3760000000000003,0.4210207969921469
1,-0.5,-0.25,2.3776,0.4209869008380747
1,-0.5,-0.25,2.3792,0.4209530175884743
1,-0.5,-0.25,2.3808000000000002,0.42091914723611007
1,-0.5,-0.25,2.3824,0.4208852897737222
1,-0.5,-0.25,2.384,0.420851445194027
1,-0.5,-0.25,2.3856,0.42081761348971713
1,-0.5,-0.25,2.3872,0.42078379465346133
1,-0.5,-0.25,2.3888000000000003,0.42074998867790514
1,-0.5,-0.25,2.3904,0.4207161955556706
1,-0.5,-0.25,2.392,0.42068241527935674
1,-0.5,-0.25,2.3936,0.4206486478415395
1,-0.5,-0.25,2.3952,0.4206148932347719
1,-0.5,-0.25,2.3968000000000003,0.4205811514515843
1,-0.5,-0.25,2.3984,0.42054742248448473
1,-0.5,-0.25,2.4,0.42051370632595836
1,-0.5,-0.25,2.4016,0.4204800029684685
1,-0.5,-0.25,2.4032,0.4204463124044561
1,-0.5,-0.25,2.4048000000000003,0.42041263462634043
1,-0.5,-0.25,2.4064,0.4203789696265187
1,-0.5,-0.25,2.408,0.42034531739736664
1,-0.5,-0.25,2.4096,0.4203116779312382
1,-0.5,-0.25,2.4112,0.4202780512204663
1,-0.5,-0.25,2.4128000000000003,0.42024443725736244
1,-0.5,-0.25,2.4144,0.4202108360342171
1,-0.5,-0.25,2.416,0.42017724754329977
1,-0.5,-0.25,2.4176,0.4201436717768592
1,-0.5,-0.25,2.4192,0.4201101087271234
1,-0.5,-0.25,2.4208000000000003,0.42007655838630015
1,-0.5,-0.25,2.4224,0.4200430207465765
1,-0.5,-0.25,2.424,0.42000949580011954
1,-0.5,-0.25,2.4256,0.4199759835390761
1,-0.5,-0.25,2.4272,0.4199424839555731
1,-0.5,-0.25,2.4288000000000003,0.41990899704171786
1,-0.5,-0.25,2.4304,0.4198755227895977
1,-0.5,-0.25,2.432,0.41984206119128065
1,-0.5,-0.25,2.4336,0.41980861223881505
1,-0.5,-0.25,2.4352,0.41977517592423036
1,-0.5,-0.25,2.4368000000000003,0.41974175223953675
1,-0.5,-0.25,2.4384,0.4197083411767253
1,-0.5,-0.25,2.44,0.4196749427277682
1,-0.5,-0.25,2.4416,0.4196415568846192
1,-0.5,-0.25,2.4432,0.41960818363921315
1,-0.5,-0.25,2.4448000000000003,0.41957482298346666
1,-0.5,-0.25,2.4464,0.4195414749092779
1,-0.5,-0.25,2.448,0.41950813940852677
1,-0.5,-0.25,2.4496,0.41947481647307533
1,-0.5,-0.25,2.4512,0.4194415060947675
1,-0.5,-0.25,2.4528000000000003,0.4194082082654293
1,-0.5,-0.25,2.4544,0.4193749229768694
1,-0.5,-0.25,2.456,0.41934165022087855
1,-0.5,-0.25,2.4576000000000002,0.4193083899892303
1,-0.5,-0.25,2.4592,0.41927514227368085
1,-0.5,-0.25,2.4608000000000003,0.4192419070659692
1,-0.5,-0.25,2.4624,0.41920868435781733
1,-0.5,-0.25,2.464,0.41917547414093026
1,-0.5,-0.25,2.4656000000000002,0.4191422764069962
1,-0.5,-0.25,2.4672,0.4191090911476867
1,-0.5,-0.25,2.4688000000000003,0.4190759183546567
1,-0.5,-0.25,2.4704,0.4190427580195449
1,-0.5,-0.25,2.472,0.4190096101339734
1,-0.5,-0.25,2.4736000000000002,0.4189764746895482
1,-0.5,-0.25,2.4752,0.4189433516778594
1,-0.5,-0.25,2.4768000000000003,0.418910241090481
1,-0.5,-0.25,2.4784,0.41887714291897105
1,-0.5,-0.25,2.48,0.4188440571548721
1,-0.5,-0.25,2.4816000000000003,0.41881098378971104
1,-0.5,-0.25,2.4832,0.41877792281499926
1,-0.5,-0.25,2.4848,0.4187448742222328
1,-0.5,-0.25,2.4864,0.41871183800289236
1,-0.5,-0.25,2.488,0.4186788141484437
1,-0.5,-0.25,2.4896000000000003,0.4186458026503373
1,-0.5,-0.25,2.4912,0.418612803500009
1,-0.5,-0.25,2.4928,0.4185798166888798
1,-0.5,-0.25,2.4944,0.4185468422083559
1,-0.5,-0.25,2.496,0.4185138800498291
1,-0.5,-0.25,2.4976000000000003,0.4184809302046766
1,-0.5,-0.25,2.4992,0.4184479926642613
1,-0.5,-0.25,2.5008,0.418415067419932
1,-0.5,-0.25,2.5024,0.4183821544630233
1,-0.5,-0.25,2.504,0.41834925378485577
1,-0.5,-0.25,2.5056000000000003,0.4183163653767361
1,-0.5,-0.25,2.5072,0.4182834892299573
1,-0.5,-0.25,2.5088,0.41825062533579854
1,-0.5,-0.25,2.5104,0.41821777368552554
1,-0.5,-0.25,2.512,0.4181849342703906
1,-0.5,-0.25,2.5136000000000003,0.41815210708163253
1,-0.5,-0.25,2.5152,0.41811929211047694
1,-0.5,-0.25,2.5168,0.4180864893481364
1,-0.5,-0.25,2.5184,0.41805369878581045
1,-0.5,-0.25,2.52,0.4180209204146856
1,-0.5,-0.25,2.5216000000000003,0.41798815422593544
1,-0.5,-0.25,2.5232,0.4179554002107211
1,-0.5,-0.25,2.5248,0.41792265836019094
1,-0.5,-0.25,2.5264,0.41788992866548097
1,-0.5,-0.25,2.528,0.41785721111771457
1,-0.5,-0.25,2.5296000000000003,0.41782450570800295
1,-0.5,-0.25,2.5312,0.417791812427445
1,-0.5,-0.25,2.5328,0.41775913126712777
1,-0.5,-0.25,2.5344,0.4177264622181261
1,-0.5,-0.25,2.536,0.4176938052715028
1,-0.5,-0.25,2.5376000000000003,0.41766116041830925
1,-0.5,-0.25,2.5392,0.41762852764958475
1,-0.5,-0.25,2.5408,0.41759590695635734
1,-0.5,-0.25,2.5424,0.41756329832964323
1,-0.5,-0.25,2.544,0.41753070176044754
1,-0.5,-0.25,2.5456000000000003,0.4174981172397639
1,-0.5,-0.25,2.5472,0.4174655447585746
1,-0.5,-0.25,2.5488,0.4174329843078512
1,-0.5,-0.25,2.5504000000000002,0.41740043587855385
1,-0.5,-0.25,2.552,0.417367899461632
1,-0.5,-0.25,2.5536000000000003,0.4173353750480242
1,-0.5,-0.25,2.5552,0.41730286262865834
1,-0.5,-0.25,2.5568,0.4172703621944516
1,-0.5,-0.25,2.5584000000000002,0.4172378737363107
1,-0.5,-0.25,2.56,0.4172053972451316
1,-0.5,-0.25,2.5616000000000003,0.4171729327118004
1,-0.5,-0.25,2.5632,0.41714048012719257
1,-0.5,-0.25,2.5648,0.4171080394821735
1,-0.5,-0.25,2.5664000000000002,0.4170756107675985
1,-0.5,-0.25,2.568,0.41704319397431294
1,-0.5,-0.25,2.5696000000000003,0.4170107890931523
1,-0.5,-0.25,2.5712,0.4169783961149422
1,-0.5,-0.25,2.5728,0.4169460150304984
1,-0.5,-0.25,2.5744000000000002,0.4169136458306272
1,-0.5,-0.25,2.576,0.4168812885061254
1,-0.5,-0.25,2.5776000000000003,0.4168489430477802
1,-0.5,-0.25,2.5792,0.4168166094463696
1,-0.5,-0.25,2.5808,0.4167842876926622
1,-0.5,-0.25,2.5824000000000003,0.41675197777741746
1,-0.5,-0.25,2.584,0.4167196796913857
1,-0.5,-0.25,2.5856000000000003,0.4166873934253082
1,-0.5,-0.25,2.5872,0.4166551189699173
1,-0.5,-0.25,2.5888,0.4166228563159367
1,-0.5,-0.25,2.5904000000000003,0.41659060545408105
1,-0.5,-0.25,2.592,0.41655836637505655
1,-0.5,-0.25,2.5936,0.4165261390695607
1,-0.5,-0.25,2.5952,0.41649392352828246
1,-0.5,-0.25,2.5968,0.41646171974190244
1,-0.5,-0.25,2.5984000000000003,0.41642952770109287
1,-0.5,-0.25,2.6,0.4163973473965178
1,-0.5,-0.25,2.6016,0.416365178818833
1,-0.5,-0.25,2.6032,0.41633302195868616
1,-0.5,-0.25,2.6048,0.416300876806717
1,-0.5,-0.25,2.6064000000000003,0.41626874335355735
1,-0.5,-0.25,2.608,0.41623662158983116
1,-0.5,-0.25,2.6096,0.4162045115061545
1,-0.5,-0.25,2.6112,0.4161724130931359
1,-0.5,-0.25,2.6128,0.4161403263413762
1,-0.5,-0.25,2.6144000000000003,0.41610825124146866
1,-0.5,-0.25,2.616,0.4160761877839992
1,-0.5,-0.25,2.6176,0.4160441359595463
1,-0.5,-0.25,2.6192,0.4160120957586813
1,-0.5,-0.25,2.6208,0.4159800671719681
1,-0.5,-0.25,2.6224000000000003,0.41594805018996356
1,-0.5,-0.25,2.624,0.4159160448032174
1,-0.5,-0.25,2.6256,0.41588405100227255
1,-0.5,-0.25,2.6272,0.41585206877766473
1,-0.5,-0.25,2.6288,0.4158200981199231
1,-0.5,-0.25,2.6304000000000003,0.4157881390195699
1,-0.5,-0.25,2.632,0.4157561914671208
1,-0.5,-0.25,2.6336,0.4157242554530847
1,-0.5,-0.25,2.6352,0.4156923309679643
1,-0.5,-0.25,2.6368,0.4156604180022554
1,-0.5,-0.25,2.6384000000000003,0.41562851654644767
1,-0.5,-0.25,2.64,0.4155966265910243
1,-0.5,-0.25,2.6416,0.4155647481264625
1,-0.5,-0.25,2.6432,0.41553288114323306
1,-0.5,-0.25,2.6448,0.41550102563180075
1,-0.5,-0.25,2.6464000000000003,0.41546918158262447
1,-0.5,-0.25,2.648,0.41543734898615686
1,-0.5,-0.25,2.6496,0.41540552783284507
1,-0.5,-0.25,2.6512000000000002,0.41537371811313
1,-0.5,-0.25,2.6528,0.41534191981744717
1,-0.5,-0.25,2.6544000000000003,0.4153101329362263
1,-0.5,-0.25,2.656,0.4152783574598915
1,-0.5,-0.25,2.6576,0.41524659337886133
1,-0.5,-0.25,2.6592000000000002,0.41521484068354886
1,-0.5,-0.25,2.6608,0.4151830993643618
1,-0.5,-0.25,2.6624000000000003,0.41515136941170255
1,-0.5,-0.25,2.664,0.4151196508159683
1,-0.5,-0.25,2.6656,0.4150879435675511
1,-0.5,-0.25,2.6672000000000002,0.41505624765683763
1,-0.5,-0.25,2.6688,0.4150245630742097
1,-0.5,-0.25,2.6704000000000003,0.4149928898100441
1,-0.5,-0.25,2.672,0.41496122785471273
1,-0.5,-0.25,2.6736,0.41492957719858264
1,-0.5,-0.25,2.6752000000000002,0.41489793783201584
1,-0.5,-0.25,2.6768,0.41486630974537003
1,-0.5,-0.25,2.6784000000000003,0.41483469292899794
1,-0.5,-0.25,2.68,0.4148030873732479
1,-0.5,-0.25,2.6816,0.4147714930684635
1,-0.5,-0.25,2.6832000000000003,0.41473991000498417
1,-0.5,-0.25,2.6848,0.4147083381731447
1,-0.5,-0.25,2.6864000000000003,0.4146767775632754
1,-0.5,-0.25,2.688,0.41464522816570276
1,-0.5,-0.25,2.6896,0.4146136899707486
1,-0.5,-0.25,2.6912000000000003,0.41458216296873096
1,-0.5,-0.25,2.6928,0.4145506471499637
1,-0.5,-0.25,2.6944000000000004,0.4145191425047564
1,-0.5,-0.25,2.696,0.4144876490234149
1,-0.5,-0.25,2.6976,0.41445616669624114
1,-0.5,-0.25,2.6992000000000003,0.41442469551353317
1,-0.5,-0.25,2.7008,0.4143932354655853
1,-0.5,-0.25,2.7024,0.41436178654268796
1,-0.5,-0.25,2.704,0.41433034873512825
1,-0.5,-0.25,2.7056,0.41429892203318935
1,-0.5,-0.25,2.7072000000000003,0.41426750642715116
1,-0.5,-0.25,2.7088,0.4142361019072898
1,-0.5,-0.25,2.7104,0.4142047084638783
1,-0.5,-0.25,2.712,0.41417332608718604
1,-0.5,-0.25,2.7136,0.4141419547674793
1,-0.5,-0.25,2.7152000000000003,0.41411059449502097
1,-0.5,-0.25,2.7168,0.41407924526007084
1,-0.5,-0.25,2.7184,0.4140479070528855
1,-0.5,-0.25,2.72,0.4140165798637186
1,-0.5,-0.25,2.7216,0.4139852636828207
1,-0.5,-0.25,2.7232000000000003,0.41395395850043937
1,-0.5,-0.25,2.7248,0.41392266430681934
1,-0.5,-0.25,2.7264,0.41389138109220247
1,-0.5,-0.25,2.728,0.4138601088468277
1,-0.5,-0.25,2.7296,0.4138288475609315
1,-0.5,-0.25,2.7312000000000003,0.4137975972247474
1,-0.5,-0.25,2.7328,0.4137663578285065
1,-0.5,-0.25,2.7344,0.41373512936243717
1,-0.5,-0.25,2.736,0.41370391181676547
1,-0.5,-0.25,2.7376,0.41367270518171484
1,-0.5,-0.25,2.7392000000000003,0.41364150944750633
1,-0.5,-0.25,2.7408,0.4136103246043586
1,-0.5,-0.25,2.7424,0.4135791506424881
1,-0.5,-0.25,2.744,0.41354798755210914
1,-0.5,-0.25,2.7456,0.41351683532343364
1,-0.5,-0.25,2.7472000000000003,0.4134856939466714
1,-0.5,-0.25,2.7488,0.4134545634120302
1,-0.5,-0.25,2.7504,0.41342344370971584
1,-0.5,-0.25,2.7520000000000002,0.4133923348299319
1,-0.5,-0.25,2.7536,0.4133612367628802
1,-0.5,-0.25,2.7552000000000003,0.41333014949876085
1,-0.5,-0.25,2.7568,0.4132990730277718
1,-0.5,-0.25,2.7584,0.4132680073401095
1,-0.5,-0.25,2.7600000000000002,0.41323695242596836
1,-0.5,-0.25,2.7616,0.41320590827554143
1,-0.5,-0.25,2.7632000000000003,0.41317487487902
1,-0.5,-0.25,2.7648,0.4131438522265937
1,-0.5,-0.25,2.7664,0.41311284030845086
1,-0.5,-0.25,2.7680000000000002,0.4130818391147781
1,-0.5,-0.25,2.7696,0.41305084863576075
1,-0.5,-0.25,2.7712000000000003,0.41301986886158265
1,-0.5,-0.25,2.7728,0.4129888997824264
1,-0.5,-0.25,2.7744,0.4129579413884733
1,-0.5,-0.25,2.7760000000000002,0.4129269936699034
1,-0.5,-0.25,2.7776,0.4128960566168955
1,-0.5,-0.25,2.7792000000000003,0.4128651302196273
1,-0.5,-0.25,2.7808,0.4128342144682755
1,-0.5,-0.25,2.7824,0.4128033093530157
1,-0.5,-0.25,2.7840000000000003,0.41277241486402255
1,-0.5,-0.25,2.7856,0.4127415309914696
1,-0.5,-0.25,2.7872000000000003,0.4127106577255296
1,-0.5,-0.25,2.7888,0.4126797950563744
1,-0.5,-0.25,2.7904,0.4126489429741752
1,-0.5,-0.25,2.7920000000000003,0.41261810146910227
1,-0.5,-0.25,2.7936,0.41258727053132505
1,-0.5,-0.25,2.7952000000000004,0.41255645015101255
1,-0.5,-0.25,2.7968,0.412525640318333
1,-0.5,-0.25,2.7984,0.4124948410234541
1,-0.5,-0.25,2.8000000000000003,0.412464052256543
1,-0.5,-0.25,2.8016,0.41243327400776636
1,-0.5,-0.25,2.8032,0.4124025062672903
1,-0.5,-0.25,2.8048,0.41237174902528073
1,-0.5,-0.25,2.8064,0.41234100227190307
1,-0.5,-0.25,2.8080000000000003,0.4123102659973223
1,-0.5,-0.25,2.8096,0.4122795401917034
1,-0.5,-0.25,2.8112,0.41224882484521086
1,-0.5,-0.25,2.8128,0.41221811994800917
1,-0.5,-0.25,2.8144,0.4121874254902625
1,-0.5,-0.25,2.8160000000000003,0.41215674146213505
1,-0.5,-0.25,2.8176,0.4121260678537909
1,-0.5,-0.25,2.8192,0.4120954046553941
1,-0.5,-0.25,2.8208,0.41206475185710884
1,-0.5,-0.25,2.8224,0.4120341094490991
1,-0.5,-0.25,2.8240000000000003,0.4120034774215291
1,-0.5,-0.25,2.8256,0.41197285576456333
1,-0.5,-0.25,2.8272,0.41194224446836636
1,-0.5,-0.25,2.8288,0.41191164352310305
1,-0.5,-0.25,2.8304,0.41188105291893834
1,-0.5,-0.25,2.8320000000000003,0.41185047264603764
1,-0.5,-0.25,2.8336,0.41181990269456664
1,-0.5,-0.25,2.8352,0.4117893430546915
1,-0.5,-0.25,2.8368,0.4117587937165788
1,-0.5,-0.25,2.8384,0.4117282546703954
1,-0.5,-0.25,2.8400000000000003,0.41169772590630893
1,-0.5,-0.25,2.8416,0.41166720741448737
1,-0.5,-0.25,2.8432,0.4116366991850994
1,-0.5,-0.25,2.8448,0.4116062012083142
1,-0.5,-0.25,2.8464,0.41157571347430183
1,-0.5,-0.25,2.8480000000000003,0.4115452359732327
1,-0.5,-0.25,2.8496,0.4115147686952783
1,-0.5,-0.25,2.8512,0.4114843116306106
1,-0.5,-0.25,2.8528000000000002,0.4114538647694027
1,-0.5,-0.25,2.8544,0.4114234281018283
1,-0.5,-0.25,2.8560000000000003,0.41139300161806214
1,-0.5,-0.25,2.8576,0.41136258530827974
1,-0.5,-0.25,2.8592,0.41133217916265763
1,-0.5,-0.25,2.8608000000000002,0.41130178317137345
1,-0.5,-0.25,2.8624,0.4112713973246057
1,-0.5,-0.25,2.8640000000000003,0.4112410216125342
1,-0.5,-0.25,2.8656,0.4112106560253395
1,-0.5,-0.25,2.8672,0.4111803005532037
1,-0.5,-0.25,2.8688000000000002,0.41114995518630987
1,-0.5,-0.25,2.8704,0.41111961991484225
1,-0.5,-0.25,2.8720000000000003,0.4110892947289864
1,-0.5,-0.25,2.8736,0.41105897961892923
1,-0.5,-0.25,2.8752,0.41102867457485887
1,-0.5,-0.25,2.8768000000000002,0.4109983795869649
1,-0.5,-0.25,2.8784,0.4109680946454381
1,-0.5,-0.25,2.8800000000000003,0.41093781974047083
1,-0.5,-0.25,2.8816,0.410907554862257
1,-0.5,-0.25,2.8832,0.41087730000099176
1,-0.5,-0.25,2.8848000000000003,0.4108470551468721
1,-0.5,-0.25,2.8864,0.41081682029009625
1,-0.5,-0.25,2.8880000000000003,0.41078659542086415
1,-0.5,-0.25,2.8896,0.4107563805293775
1,-0.5,-0.25,2.8912,0.4107261756058395
1,-0.5,-0.25,2.8928000000000003,0.41069598064045526
1,-0.5,-0.25,2.8944,0.41066579562343125
1,-0.5,-0.25,2.8960000000000004,0.4106356205449761
1,-0.5,-0.25,2.8976,0.41060545539529986
1,-0.5,-0.25,2.8992,0.4105753001646147
1,-0.5,-0.25,2.9008000000000003,0.4105451548431346
1,-0.5,-0.25,2.9024,0.4105150194210753
1,-0.5,-0.25,2.9040000000000004,0.4104848938886546
1,-0.5,-0.25,2.9056,0.41045477823609217
1,-0.5,-0.25,2.9072,0.41042467245360964
1,-0.5,-0.25,2.9088000000000003,0.41039457653143074
1,-0.5,-0.25,2.9104,0.4103644904597812
1,-0.5,-0.25,2.912,0.4103344142288889
1,-0.5,-0.25,2.9136,0.4103043478289837
1,-0.5,-0.25,2.9152,0.4102742912502977
1,-0.5,-0.25,2.9168000000000003,0.4102442444830651
1,-0.5,-0.25,2.9184,0.41021420751752247
1,-0.5,-0.25,2.92,0.4101841803439084
1,-0.5,-0.25,2.9216,0.4101541629524639
1,-0.5,-0.25,2.9232,0.41012415533343205
1,-0.5,-0.25,2.9248000000000003,0.4100941574770586
1,-0.5,-0.25,2.9264,0.41006416937359125
1,-0.5,-0.25,2.928,0.4100341910132805
1,-0.5,-0.25,2.9296,0.41000422238637896
1,-0.5,-0.25,2.9312,0.4099742634831418
1,-0.5,-0.25,2.9328000000000003,0.40994431429382666
1,-0.5,-0.25,2.9344,0.4099143748086936
1,-0.5,-0.25,2.936,0.4098844450180052
1,-0.5,-0.25,2.9376,0.40985452491202673
1,-0.5,-0.25,2.9392,0.40982461448102603
1,-0.5,-0.25,2.9408000000000003,0.40979471371527343
1,-0.5,-0.25,2.9424,0.4097648226050419
1,-0.5,-0.25,2.944,0.40973494114060716
1,-0.5,-0.25,2.9456,0.4097050693122477
1,-0.5,-0.25,2.9472,0.4096752071102446
1,-0.5,-0.25,2.9488000000000003,0.4096453545248817
1,-0.5,-0.25,2.9504,0.40961551154644565
1,-0.5,-0.25,2.952,0.40958567816522595
1,-0.5,-0.25,2.9536000000000002,0.40955585437151487
1,-0.5,-0.25,2.9552,0.40952604015560756
1,-0.5,-0.25,2.9568000000000003,0.4094962355078021
1,-0.5,-0.25,2.9584,0.4094664404183993
1,-0.5,-0.25,2.96,0.4094366548777032
1,-0.5,-0.25,2.9616000000000002,0.40940687887602056
1,-0.5,-0.25,2.9632,0.4093771124036613
1,-0.5,-0.25,2.9648000000000003,0.40934735545093814
1,-0.5,-0.25,2.9664,0.4093176080081672
1,-0.5,-0.25,2.968,0.40928787006566736
1,-0.5,-0.25,2.9696000000000002,0.40925814161376073
1,-0.5,-0.25,2.9712,0.40922842264277254
1,-0.5,-0.25,2.9728000000000003,0.40919871314303097
1,-0.5,-0.25,2.9744,0.40916901310486764
1,-0.5,-0.25,2.976,0.40913932251861734
1,-0.5,-0.25,2.9776000000000002,0.4091096413746179
1,-0.5,-0.25,2.9792,0.4090799696632106
1,-0.5,-0.25,2.9808000000000003,0.4090503073747398
1,-0.5,-0.25,2.9824,0.4090206544995534
1,-0.5,-0.25,2.984,0.4089910110280022
1,-0.5,-0.25,2.9856000000000003,0.40896137695044094
1,-0.5,-0.25,2.9872,0.4089317522572273
1,-0.5,-0.25,2.9888000000000003,0.4089021369387223
1,-0.5,-0.25,2.9904,0.4088725309852907
1,-0.5,-0.25,2.992,0.4088429343873005
1,-0.5,-0.25,2.9936000000000003,0.4088133471351232
1,-0.5,-0.25,2.9952,0.4087837692191338
1,-0.5,-0.25,2.9968000000000004,0.4087542006297108
1,-0.5,-0.25,2.9984,0.40872464135723624
1,-0.5,-0.25,3.0,0.40869509139209576
1,-0.5,-0.25,3.0016000000000003,0.4086655507246785
1,-0.5,-0.25,3.0032,0.40863601934537724
1,-0.5,-0.25,3.0048000000000004,0.4086064972445884
1,-0.5,-0.25,3.0064,0.40857698441271206
1,-0.5,-0.25,3.008,0.40854748084015197
1,-0.5,-0.25,3.0096000000000003,0.40851798651731536
1,-0.5,-0.25,3.0112,0.4084885014346135
1,-0.5,-0.25,3.0128,0.40845902558246117
1,-0.5,-0.25,3.0144,0.4084295589512772
1,-0.5,-0.25,3.016,0.4084001015314839
1,-0.5,-0.25,3.0176000000000003,0.4083706533135074
1,-0.5,-0.25,3.0192,0.408341214287778
1,-0.5,-0.25,3.0208,0.4083117844447293
1,-0.5,-0.25,3.0224,0.4082823637747993
1,-0.5,-0.25,3.024,0.40825295226842956
1,-0.5,-0.25,3.0256000000000003,0.4082235499160657
1,-0.5,-0.25,3.0272,0.40819415670815706
1,-0.5,-0.25,3.0288,0.40816477263515716
1,-0.5,-0.25,3.0304,0.40813539768752344
1,-0.5,-0.25,3.032,0.4081060318557173
1,-0.5,-0.25,3.0336000000000003,0.4080766751302042
1,-0.5,-0.25,3.0352,0.4080473275014535
1,-0.5,-0.25,3.0368,0.40801798895993885
1,-0.5,-0.25,3.0384,0.4079886594961377
1,-0.5,-0.25,3.04,0.40795933910053184
1,-0.5,-0.25,3.0416000000000003,0.40793002776360704
1,-0.5,-0.25,3.0432,0.4079007254758532
1,-0.5,-0.25,3.0448,0.4078714322277645
1,-0.5,-0.25,3.0464,0.4078421480098392
1,-0.5,-0.25,3.048,0.4078128728125797
1,-0.5,-0.25,3.0496000000000003,0.4077836066264927
1,-0.5,-0.25,3.0512,0.40775434944208916
1,-0.5,-0.25,3.0528,0.4077251012498841
1,-0.5,-0.25,3.0544000000000002,0.4076958620403971
1,-0.5,-0.25,3.056,0.40766663180415186
1,-0.5,-0.25,3.0576000000000003,0.4076374105316764
1,-0.5,-0.25,3.0592,0.40760819821350297
1,-0.5,-0.25,3.0608,0.4075789948401684
1,-0.5,-0.25,3.0624000000000002,0.4075498004022138
1,-0.5,-0.25,3.064,0.4075206148901844
1,-0.5,-0.25,3.0656000000000003,0.4074914382946303
1,-0.5,-0.25,3.0672,0.4074622706061057
1,-0.5,-0.25,3.0688,0.40743311181516917
1,-0.5,-0.25,3.0704000000000002,0.40740396191238404
1,-0.5,-0.25,3.072,0.4073748208883179
1,-0.5,-0.25,3.0736000000000003,0.407345688733543
1,-0.5,-0.25,3.0752,0.4073165654386358
1,-0.5,-0.25,3.0768,0.4072874509941776
1,-0.5,-0.25,3.0784000000000002,0.40725834539075406
1,-0.5,-0.25,3.08,0.40722924861895543
1,-0.5,-0.25,3.0816000000000003,0.40720016066937664
1,-0.5,-0.25,3.0832,0.40717108153261705
1,-0.5,-0.25,3.0848,0.4071420111992808
1,-0.5,-0.25,3.0864000000000003,0.4071129496599765
1,-0.5,-0.25,3.088,0.40708389690531765
1,-0.5,-0.25,3.0896000000000003,0.40705485292592203
1,-0.5,-0.25,3.0912,0.40702581771241253
1,-0.5,-0.25,3.0928,0.40699679125541643
1,-0.5,-0.25,3.0944000000000003,0.40696777354556585
1,-0.5,-0.25,3.096,0.40693876457349765
1,-0.5,-0.25,3.0976000000000004,0.4069097643298534
1,-0.5,-0.25,3.0992,0.40688077280527934
1,-0.5,-0.25,3.1008,0.40685178999042665
1,-0.5,-0.25,3.1024000000000003,0.40682281587595126
1,-0.5,-0.25,3.104,0.4067938504525139
1,-0.5,-0.25,3.1056000000000004,0.40676489371078006
1,-0.5,-0.25,3.1072,0.4067359456414201
1,-0.5,-0.25,3.1088,0.4067070062351094
1,-0.5,-0.25,3.1104000000000003,0.40667807548252793
1,-0.5,-0.25,3.112,0.40664915337436086
1,-0.5,-0.25,3.1136000000000004,0.4066202399012979
1,-0.5,-0.25,3.1152,0.40659133505403405
1,-0.5,-0.25,3.1168,0.4065624388232689
1,-0.5,-0.25,3.1184000000000003,0.4065335511997073
1,-0.5,-0.25,3.12,0.4065046721740589
1,-0.5,-0.25,3.1216,0.40647580173703834
1,-0.5,-0.25,3.1232,0.40644693987936525
1,-0.5,-0.25,3.1248,0.4064180865917643
1,-0.5,-0.25,3.1264000000000003,0.40638924186496517
1,-0.5,-0.25,3.128,0.40636040568970255
1,-0.5,-0.25,3.1296,0.4063315780567162
1,-0.5,-0.25,3.1312,0.4063027589567511
1,-0.5,-0.25,3.1328,0.40627394838055697
1,-0.5,-0.25,3.1344000000000003,0.40624514631888886
1,-0.5,-0.25,3.136,0.406216352762507
1,-0.5,-0.25,3.1376,0.40618756770217657
1,-0.5,-0.25,3.1392,0.40615879112866793
1,-0.5,-0.25,3.1408,0.4061300230327567
1,-0.5,-0.25,3.1424000000000003,0.40610126340522334
1,-0.5,-0.25,3.144,0.4060725122368539
1,-0.5,-0.25,3.1456,0.40604376951843946
1,-0.5,-0.25,3.1472,0.40601503524077626
1,-0.5,-0.25,3.1488,0.40598630939466573
1,-0.5,-0.25,3.1504000000000003,0.4059575919709147
1,-0.5,-0.25,3.152,0.4059288829603349
1,-0.5,-0.25,3.1536,0.40590018235374387
1,-0.5,-0.25,3.1552000000000002,0.40587149014196383
1,-0.5,-0.25,3.1568,0.4058428063158226
1,-0.5,-0.25,3.1584000000000003,0.4058141308661533
1,-0.5,-0.25,3.16,0.4057854637837943
1,-0.5,-0.25,3.1616,0.4057568050595894
1,-0.5,-0.25,3.1632000000000002,0.40572815468438744
1,-0.5,-0.25,3.1648,0.40569951264904297
1,-0.5,-0.25,3.1664000000000003,0.4056708789444156
1,-0.5,-0.25,3.168,0.40564225356137046
1,-0.5,-0.25,3.1696,0.40561363649077814
1,-0.5,-0.25,3.1712000000000002,0.40558502772351446
1,-0.5,-0.25,3.1728,0.40555642725046076
1,-0.5,-0.25,3.1744000000000003,0.4055278350625038
1,-0.5,-0.25,3.176,0.4054992511505356
1,-0.5,-0.25,3.1776,0.40547067550545385
1,-0.5,-0.25,3.1792000000000002,0.40544210811816167
1,-0.5,-0.25,3.1808,0.4054135489795675
1,-0.5,-0.25,3.1824000000000003,0.4053849980805853
1,-0.5,-0.25,3.184,0.4053564554121346
1,-0.5,-0.25,3.1856,0.40532792096514053
1,-0.5,-0.25,3.1872000000000003,0.4052993947305335
1,-0.5,-0.25,3.1888,0.40527087669924955
1,-0.5,-0.25,3.1904000000000003,0.40524236686223025
1,-0.5,-0.25,3.192,0.40521386521042274
1,-0.5,-0.25,3.1936,0.4051853717347797
1,-0.5,-0.25,3.1952000000000003,0.40515688642625947
1,-0.5,-0.25,3.1968,0.40512840927582583
1,-0.5,-0.25,3.1984000000000004,0.4050999402744482
1,-0.5,-0.25,3.2,0.40507147941310157
1,-0.5,-0.25,3.2016,0.4050430266827666
1,-0.5,-0.25,3.2032000000000003,0.40501458207442964
1,-0.5,-0.25,3.2048,0.40498614557908263
1,-0.5,-0.25,3.2064000000000004,0.404957717187723
1,-0.5,-0.25,3.208,0.40492929689135404
1,-0.5,-0.25,3.2096,0.4049008846809847
1,-0.5,-0.25,3.2112000000000003,0.40487248054762937
1,-0.5,-0.25,3.2128,0.4048440844823084
1,-0.5,-0.25,3.2144000000000004,0.40481569647604776
1,-0.5,-0.25,3.216,0.404787316519879
1,-0.5,-0.25,3.2176,0.4047589446048396
1,-0.5,-0.25,3.2192000000000003,0.40473058072197254
1,-0.5,-0.25,3.2208,0.4047022248623268
1,-0.5,-0.25,3.2224000000000004,0.40467387701695695
1,-0.5,-0.25,3.224,0.40464553717692314
1,-0.5,-0.25,3.2256,0.4046172053332918
1,-0.5,-0.25,3.2272000000000003,0.40458888147713457
1,-0.5,-0.25,3.2288,0.40456056559952913
1,-0.5,-0.25,3.2304,0.40453225769155904
1,-0.5,-0.25,3.232,0.4045039577443137
1,-0.5,-0.25,3.2336,0.40447566574888794
1,-0.5,-0.25,3.2352000000000003,0.40444738169638283
1,-0.5,-0.25,3.2368,0.40441910557790517
1,-0.5,-0.25,3.2384,0.40439083738456744
1,-0.5,-0.25,3.24,0.404362577107488
1,-0.5,-0.25,3.2416,0.40433432473779146
1,-0.5,-0.25,3.2432000000000003,0.4043060802666078
1,-0.5,-0.25,3.2448,0.404277843685073
1,-0.5,-0.25,3.2464,0.40424961498432926
1,-0.5,-0.25,3.248,0.4042213941555242
1,-0.5,-0.25,3.2496,0.4041931811898116
1,-0.5,-0.25,3.2512000000000003,0.4041649760783512
1,-0.5,-0.25,3.2528,0.4041367788123086
1,-0.5,-0.25,3.2544,0.40410858938285527
1,-0.5,-0.25,3.2560000000000002,0.40408040778116855
1,-0.5,-0.25,3.2576,0.4040522339984321
1,-0.5,-0.25,3.2592000000000003,0.40402406802583507
1,-0.5,-0.25,3.2608,0.4039959098545729
1,-0.5,-0.25,3.2624,0.40396775947584684
1,-0.5,-0.25,3.2640000000000002,0.40393961688086416
1,-0.5,-0.25,3.2656,0.40391148206083816
1,-0.5,-0.25,3.2672000000000003,0.4038833550069882
1,-0.5,-0.25,3.2688,0.4038552357105394
1,-0.5,-0.25,3.2704,0.4038271241627231
1,-0.5,-0.25,3.2720000000000002,0.4037990203547766
1,-0.5,-0.25,3.2736,0.40377092427794337
1,-0.5,-0.25,3.2752000000000003,0.40374283592347265
1,-0.5,-0.25,3.2768,0.40371475528261996
1,-0.5,-0.25,3.2784,0.4036866823466467
1,-0.5,-0.25,3.2800000000000002,0.4036586171068204
1,-0.5,-0.25,3.2816,0.4036305595544146
1,-0.5,-0.25,3.2832000000000003,0.4036025096807092
1,-0.5,-0.25,3.2848,0.4035744674769898
1,-0.5,-0.25,3.2864,0.4035464329345483
1,-0.5,-0.25,3.2880000000000003,0.4035184060446826
1,-0.5,-0.25,3.2896,0.4034903867986968
1,-0.5,-0.25,3.2912000000000003,0.403462375187901
1,-0.5,-0.25,3.2928,0.4034343712036116
1,-0.5,-0.25,3.2944,0.4034063748371509
1,-0.5,-0.25,3.2960000000000003,0.40337838607984744
1,-0.5,-0.25,3.2976,0.40335040492303603
1,-0.5,-0.25,3.2992000000000004,0.4033224313580574
1,-0.5,-0.25,3.3008,0.40329446537625857
1,-0.5,-0.25,3.3024,0.40326650696899263
1,-0.5,-0.25,3.3040000000000003,0.40323855612761894
1,-0.5,-0.25,3.3056,0.40321061284350296
1,-0.5,-0.25,3.3072000000000004,0.40318267710801636
1,-0.5,-0.25,3.3088,0.403154748912537
1,-0.5,-0.25,3.3104,0.4031268282484489
1,-0.5,-0.25,3.3120000000000003,0.40309891510714235
1,-0.5,-0.25,3.3136,0.4030710094800138
1,-0.5,-0.25,3.3152000000000004,0.4030431113584658
1,-0.5,-0.25,3.3168,0.4030152207339074
1,-0.5,-0.25,3.3184,0.4029873375977536
1,-0.5,-0.25,3.3200000000000003,0.40295946194142584
1,-0.5,-0.25,3.3216,0.4029315937563516
1,-0.5,-0.25,3.3232000000000004,0.4029037330339649
1,-0.5,-0.25,3.3248,0.40287587976570544
1,-0.5,-0.25,3.3264,0.40284803394301977
1,-0.5,-0.25,3.3280000000000003,0.40282019555736054
1,-0.5,-0.25,3.3296,0.40279236460018647
1,-0.5,-0.25,3.3312,0.4027645410629628
1,-0.5,-0.25,3.3328,0.4027367249371609
1,-0.5,-0.25,3.3344,0.4027089162142585
1,-0.5,-0.25,3.3360000000000003,0.4026811148857396
1,-0.5,-0.25,3.3376,0.4026533209430945
1,-0.5,-0.25,3.3392,0.4026255343778196
1,-0.5,-0.25,3.3408,0.40259775518141794
1,-0.5,-0.25,3.3424,0.4025699833453987
1,-0.5,-0.25,3.3440000000000003,0.40254221886127745
1,-0.5,-0.25,3.3456,0.40251446172057603
1,-0.5,-0.25,3.3472,0.4024867119148225
1,-0.5,-0.25,3.3488,0.4024589694355516
1,-0.5,-0.25,3.3504,0.4024312342743041
1,-0.5,-0.25,3.3520000000000003,0.4024035064226272
1,-0.5,-0.25,3.3536,0.4023757858720743
1,-0.5,-0.25,3.3552,0.4023480726142055
1,-0.5,-0.25,3.3568000000000002,0.402320366640587
1,-0.5,-0.25,3.3584,0.40229266794279145
1,-0.5,-0.25,3.3600000000000003,0.40226497651239784
1,-0.5,-0.25,3.3616,0.40223729234099154
1,-0.5,-0.25,3.3632,0.40220961542016426
1,-0.5,-0.25,3.3648000000000002,0.40218194574151417
1,-0.5,-0.25,3.3664,0.4021542832966459
1,-0.5,-0.25,3.3680000000000003,0.4021266280771703
1,-0.5,-0.25,3.3696,0.40209898007470474
1,-0.5,-0.25,3.3712,0.4020713392808729
1,-0.5,-0.25,3.3728000000000002,0.402043705687305
1,-0.5,-0.25,3.3744,0.40201607928563754
1,-0.5,-0.25,3.3760000000000003,0.4019884600675135
1,-0.5,-0.25,3.3776,0.4019608480245823
1,-0.5,-0.25,3.3792,0.4019332431484998
1,-0.5,-0.25,3.3808000000000002,0.40190564543092816
1,-0.5,-0.25,3.3824,0.40187805486353617
1,-0.5,-0.25,3.3840000000000003,0.40185047143799885
1,-0.5,-0.25,3.3856,0.40182289514599784
1,-0.5,-0.25,3.3872,0.40179532597922113
1,-0.5,-0.25,3.3888000000000003,0.40176776392936325
1,-0.5,-0.25,3.3904,0.4017402089881251
1,-0.5,-0.25,3.3920000000000003,0.4017126611472142
1,-0.5,-0.25,3.3936,0.40168512039834425
1,-0.5,-0.25,3.3952,0.4016575867332356
1,-0.5,-0.25,3.3968000000000003,0.4016300601436151
1,-0.5,-0.25,3.3984,0.401602540621216
1,-0.5,-0.25,3.4000000000000004,0.40157502815777807
1,-0.5,-0.25,3.4016,0.40154752274504757
1,-0.5,-0.25,3.4032,0.40152002437477724
1,-0.5,-0.25,3.4048000000000003,0.40149253303872623
1,-0.5,-0.25,3.4064,0.4014650487286603
1,-0.5,-0.25,3.4080000000000004,0.4014375714363517
1,-0.5,-0.25,3.4096,0.4014101011535791
1,-0.5,-0.25,3.4112,0.4013826378721278
1,-0.5,-0.25,3.4128000000000003,0.4013551815837895
1,-0.5,-0.25,3.4144,0.4013277322803625
1,-0.5,-0.25,3.4160000000000004,0.4013002899536514
1,-0.5,-0.25,3.4176,0.4012728545954677
1,-0.5,-0.25,3.4192,0.40124542619762904
1,-0.5,-0.25,3.4208000000000003,0.4012180047519599
1,-0.5,-0.25,3.4224,0.40119059025029113
1,-0.5,-0.25,3.4240000000000004,0.40116318268446016
1,-0.5,-0.25,3.4256,0.40113578204631084
1,-0.5,-0.25,3.4272,0.4011083883276937
1,-0.5,-0.25,3.4288000000000003,0.4010810015204658
1,-0.5,-0.25,3.4304,0.4010536216164906
1,-0.5,-0.25,3.4320000000000004,0.4010262486076383
1,-0.5,-0.25,3.4336,0.40099888248578563
1,-0.5,-0.25,3.4352,0.40097152324281576
1,-0.5,-0.25,3.4368000000000003,0.40094417087061857
1,-0.5,-0.25,3.4384,0.40091682536109036
1,-0.5,-0.25,3.44,0.40088948670613406
1,-0.5,-0.25,3.4416,0.40086215489765914
1,-0.5,-0.25,3.4432,0.4008348299275817
1,-0.5,-0.25,3.4448000000000003,0.40080751178782426
1,-0.5,-0.25,3.4464,0.40078020047031615
1,-0.5,-0.25,3.448,0.4007528959669931
1,-0.5,-0.25,3.4496,0.4007255982697975
1,-0.5,-0.25,3.4512,0.40069830737067824
1,-0.5,-0.25,3.4528000000000003,0.400671023261591
1,-0.5,-0.25,3.4544,0.40064374593449775
1,-0.5,-0.25,3.456,0.40061647538136724
1,-0.5,-0.25,3.4576000000000002,0.4005892115941749
1,-0.5,-0.25,3.4592,0.40056195456490257
1,-0.5,-0.25,3.4608000000000003,0.4005347042855388
1,-0.5,-0.25,3.4624,0.40050746074807864
1,-0.5,-0.25,3.464,0.40048022394452387
1,-0.5,-0.25,3.4656000000000002,0.4004529938668827
1,-0.5,-0.25,3.4672,0.40042577050717015
1,-0.5,-0.25,3.4688000000000003,0.4003985538574077
1,-0.5,-0.25,3.4704,0.4003713439096236
1,-0.5,-0.25,3.472,0.40034414065585255
1,-0.5,-0.25,3.4736000000000002,0.400316944088136
1,-0.5,-0.25,3.4752,0.4002897541985218
1,-0.5,-0.25,3.4768000000000003,0.40026257097906476
1,-0.5,-0.25,3.4784,0.4002353944218261
1,-0.5,-0.25,3.48,0.40020822451887367
1,-0.5,-0.25,3.4816000000000003,0.4001810612622819
1,-0.5,-0.25,3.4832,0.40015390464413203
1,-0.5,-0.25,3.4848000000000003,0.40012675465651176
1,-0.5,-0.25,3.4864,0.40009961129151556
1,-0.5,-0.25,3.488,0.40007247454124434
1,-0.5,-0.25,3.4896000000000003,0.4000453443978059
1,-0.5,-0.25,3.4912,0.40001822085331457
1,-0.5,-0.25,3.4928000000000003,0.39999110389989123
1,-0.5,-0.25,3.4944,0.3999639935296635
1,-0.5,-0.25,3.496,0.3999368897347656
1,-0.5,-0.25,3.4976000000000003,0.39990979250733844
1,-0.5,-0.25,3.4992,0.3998827018395295
1,-0.5,-0.25,3.5008000000000004,0.399855617723493
1,-0.5,-0.25,3.5024,0.39982854015138974
1,-0.5,-0.25,3.504,0.3998014691153874
1,-0.5,-0.25,3.5056000000000003,0.39977440460765995
1,-0.5,-0.25,3.5072,0.39974734662038813
1,-0.5,-0.25,3.5088000000000004,0.39972029514575946
1,-0.5,-0.25,3.5104,0.3996932501759681
1,-0.5,-0.25,3.512,0.3996662117032147
1,-0.5,-0.25,3.5136000000000003,0.39963917971970686
1,-0.5,-0.25,3.5152,0.39961215421765856
1,-0.5,-0.25,3.5168000000000004,0.39958513518929056
1,-0.5,-0.25,3.5184,0.3995581226268303
1,-0.5,-0.25,3.52,0.39953111652251194
1,-0.5,-0.25,3.5216000000000003,0.3995041168685762
1,-0.5,-0.25,3.5232,0.39947712365727034
1,-0.5,-0.25,3.5248000000000004,0.3994501368808487
1,-0.5,-0.25,3.5264,0.3994231565315718
1,-0.5,-0.25,3.528,0.3993961826017073
1,-0.5,-0.25,3.5296000000000003,0.39936921508352907
1,-0.5,-0.25,3.5312,0.3993422539693181
1,-0.5,-0.25,3.5328000000000004,0.39931529925136183
1,-0.5,-0.25,3.5344,0.39928835092195436
1,-0.5,-0.25,3.536,0.3992614089733964
1,-0.5,-0.25,3.5376000000000003,0.39923447339799556
1,-0.5,-0.25,3.5392,0.399207544188066
1,-0.5,-0.25,3.5408000000000004,0.39918062133592846
1,-0.5,-0.25,3.5424,0.3991537048339106
1,-0.5,-0.25,3.544,0.3991267946743466
1,-0.5,-0.25,3.5456000000000003,0.3990998908495773
1,-0.5,-0.25,3.5472,0.3990729933519503
1,-0.5,-0.25,3.5488,0.3990461021738199
1,-0.5,-0.25,3.5504000000000002,0.3990192173075471
1,-0.5,-0.25,3.552,0.39899233874549933
1,-0.5,-0.25,3.5536000000000003,0.398965466480051
1,-0.5,-0.25,3.5552,0.39893860050358315
1,-0.5,-0.25,3.5568,0.3989117408084834
1,-0.5,-0.25,3.5584000000000002,0.3988848873871461
1,-0.5,-0.25,3.56,0.39885804023197247
1,-0.5,-0.25,3.5616000000000003,0.3988311993353702
1,-0.5,-0.25,3.5632,0.39880436468975367
1,-0.5,-0.25,3.5648,0.398777536287544
1,-0.5,-0.25,3.5664000000000002,0.398750714121169
1,-0.5,-0.25,3.568,0.3987238981830634
1,-0.5,-0.25,3.5696000000000003,0.3986970884656682
1,-0.5,-0.25,3.5712,0.39867028496143125
1,-0.5,-0.25,3.5728,0.39864348766280716
1,-0.5,-0.25,3.5744000000000002,0.39861669656225734
1,-0.5,-0.25,3.576,0.39858991165224966
1,-0.5,-0.25,3.5776000000000003,0.3985631329252588
1,-0.5,-0.25,3.5792,0.3985363603737661
1,-0.5,-0.25,3.5808,0.39850959399025965
1,-0.5,-0.25,3.5824000000000003,0.39848283376723415
1,-0.5,-0.25,3.584,0.39845607969719105
1,-0.5,-0.25,3.5856000000000003,0.39842933177263845
1,-0.5,-0.25,3.5872,0.3984025899860911
1,-0.5,-0.25,3.5888,0.3983758543300708
1,-0.5,-0.25,3.5904000000000003,0.39834912479710544
1,-0.5,-0.25,3.592,0.3983224013797301
1,-0.5,-0.25,3.5936000000000003,0.3982956840704862
1,-0.5,-0.25,3.5952,0.39826897286192225
1,-0.5,-0.25,3.5968,0.3982422677465932
1,-0.5,-0.25,3.5984000000000003,0.39821556871706065
1,-0.5,-0.25,3.6,0.3981888757658929
1,-0.5,-0.25,3.6016000000000004,0.3981621888856651
1,-0.5,-0.25,3.6032,0.39813550806895914
1,-0.5,-0.25,3.6048,0.3981088333083633
1,-0.5,-0.25,3.6064000000000003,0.3980821645964728
1,-0.5,-0.25,3.608,0.3980555019258894
1,-0.5,-0.25,3.6096000000000004,0.3980288452892217
1,-0.5,-0.25,3.6112,0.39800219467908493
1,-0.5,-0.25,3.6128,0.3979755500881009
1,-0.5,-0.25,3.6144000000000003,0.3979489115088984
1,-0.5,-0.25,3.616,0.3979222789341126
1,-0.5,-0.25,3.6176000000000004,0.39789565235638547
1,-0.5,-0.25,3.6192,0.3978690317683658
1,-0.5,-0.25,3.6208,0.39784241716270896
1,-0.5,-0.25,3.6224000000000003,0.3978158085320769
1,-0.5,-0.25,3.624,0.39778920586913846
1,-0.5,-0.25,3.6256000000000004,0.39776260916656914
1,-0.5,-0.25,3.6272,0.39773601841705103
1,-0.5,-0.25,3.6288,0.3977094336132729
1,-0.5,-0.25,3.6304000000000003,0.3976828547479302
1,-0.5,-0.25,3.632,0.3976562818137252
1,-0.5,-0.25,3.6336000000000004,0.39762971480336684
1,-0.5,-0.25,3.6352,0.39760315370957067
1,-0.5,-0.25,3.6368,0.39757659852505894
1,-0.5,-0.25,3.6384000000000003,0.39755004924256065
1,-0.5,-0.25,3.64,0.39752350585481133
1,-0.5,-0.25,3.6416000000000004,0.39749696835455334
1,-0.5,-0.25,3.6432,0.39747043673453564
1,-0.5,-0.25,3.6448,0.39744391098751397
1,-0.5,-0.25,3.6464000000000003,0.39741739110625063
1,-0.5,-0.25,3.648,0.39739087708351467
1,-0.5,-0.25,3.6496,0.39736436891208193
1,-0.5,-0.25,3.6512000000000002,0.39733786658473463
1,-0.5,-0.25,3.6528,0.39731137009426204
1,-0.5,-0.25,3.6544000000000003,0.39728487943345975
1,-0.5,-0.25,3.656,0.3972583945951303
1,-0.5,-0.25,3.6576,0.3972319155720828
1,-0.5,-0.25,3.6592000000000002,0.39720544235713307
1,-0.5,-0.25,3.6608,0.3971789749431035
1,-0.5,-0.25,3.6624000000000003,0.3971525133228233
1,-0.5,-0.25,3.664,0.3971260574891282
1,-0.5,-0.25,3.6656,0.3970996074348608
1,-0.5,-0.25,3.6672000000000002,0.3970731631528702
1,-0.5,-0.25,3.6688,0.39704672463601226
1,-0.5,-0.25,3.6704000000000003,0.3970202918771495
1,-0.5,-0.25,3.672,0.396993864869151
1,-0.5,-0.25,3.6736,0.39696744360489267
1,-0.5,-0.25,3.6752000000000002,0.39694102807725684
1,-0.5,-0.25,3.6768,0.39691461827913294
1,-0.5,-0.25,3.6784000000000003,0.3968882142034167
1,-0.5,-0.25,3.68,0.3968618158430105
1,-0.5,-0.25,3.6816,0.39683542319082366
1,-0.5,-0.25,3.6832000000000003,0.39680903623977176
1,-0.5,-0.25,3.6848,0.39678265498277754
1,-0.5,-0.25,3.6864000000000003,0.39675627941277003
1,-0.5,-0.25,3.688,0.39672990952268505
1,-0.5,-0.25,3.6896,0.39670354530546503
1,-0.5,-0.25,3.6912000000000003,0.3966771867540591
1,-0.5,-0.25,3.6928,0.396650833861423
1,-0.5,-0.25,3.6944000000000004,0.39662448662051913
1,-0.5,-0.25,3.696,0.39659814502431645
1,-0.5,-0.25,3.6976,0.3965718090657908
1,-0.5,-0.25,3.6992000000000003,0.39654547873792445
1,-0.5,-0.25,3.7008,0.3965191540337065
1,-0.5,-0.25,3.7024000000000004,0.3964928349461326
1,-0.5,-0.25,3.704,0.39646652146820505
1,-0.5,-0.25,3.7056,0.39644021359293263
1,-0.5,-0.25,3.7072000000000003,0.39641391131333115
1,-0.5,-0.25,3.7088,0.3963876146224226
1,-0.5,-0.25,3.7104000000000004,0.39636132351323605
1,-0.5,-0.25,3.712,0.39633503797880687
1,-0.5,-0.25,3.7136,0.39630875801217724
1,-0.5,-0.25,3.7152000000000003,0.39628248360639584
1,-0.5,-0.25,3.7168,0.3962562147545182
1,-0.5,-0.25,3.7184000000000004,0.3962299514496063
1,-0.5,-0.25,3.72,0.3962036936847289
1,-0.5,-0.25,3.7216,0.3961774414529611
1,-0.5,-0.25,3.7232000000000003,0.3961511947473849
1,-0.5,-0.25,3.7248,0.3961249535610889
1,-0.5,-0.25,3.7264000000000004,0.39609871788716816
1,-0.5,-0.25,3.728,0.39607248771872455
1,-0.5,-0.25,3.7296,0.3960462630488665
1,-0.5,-0.25,3.7312000000000003,0.3960200438707089
1,-0.5,-0.25,3.7328,0.3959938301773735
1,-0.5,-0.25,3.7344000000000004,0.39596762196198854
1,-0.5,-0.25,3.736,0.3959414192176889
1,-0.5,-0.25,3.7376,0.3959152219376161
1,-0.5,-0.25,3.7392000000000003,0.39588903011491816
1,-0.5,-0.25,3.7408,0.3958628437427498
1,-0.5,-0.25,3.7424000000000004,0.3958366628142724
1,-0.5,-0.25,3.744,0.3958104873226538
1,-0.5,-0.25,3.7456,0.39578431726106855
1,-0.5,-0.25,3.7472000000000003,0.39575815262269776
1,-0.5,-0.25,3.7488,0.3957319934007292
1,-0.5,-0.25,3.7504000000000004,0.39570583958835703
1,-0.5,-0.25,3.7520000000000002,0.3956796911787823
1,-0.5,-0.25,3.7536,0.39565354816521253
1,-0.5,-0.25,3.7552000000000003,0.3956274105408618
1,-0.5,-0.25,3.7568,0.3956012782989507
1,-0.5,-0.25,3.7584,0.39557515143270666
1,-0.5,-0.25,3.7600000000000002,0.39554902993536345
1,-0.5,-0.25,3.7616,0.3955229138001616
1,-0.5,-0.25,3.7632000000000003,0.39549680302034795
1,-0.5,-0.25,3.7648,0.3954706975891763
1,-0.5,-0.25,3.7664,0.39544459749990685
1,-0.5,-0.25,3.7680000000000002,0.3954185027458062
1,-0.5,-0.25,3.7696,0.3953924133201479
1,-0.5,-0.25,3.7712000000000003,0.39536632921621173
1,-0.5,-0.25,3.7728,0.39534025042728416
1,-0.5,-0.25,3.7744,0.3953141769466583
1,-0.5,-0.25,3.7760000000000002,0.39528810876763376
1,-0.5,-0.25,3.7776,0.3952620458835167
1,-0.5,-0.25,3.7792000000000003,0.3952359882876199
1,-0.5,-0.25,3.7808,0.3952099359732627
1,-0.5,-0.25,3.7824,0.39518388893377093
1,-0.5,-0.25,3.7840000000000003,0.39515784716247704
1,-0.5,-0.25,3.7856,0.39513181065271996
1,-0.5,-0.25,3.7872000000000003,0.3951057793978452
1,-0.5,-0.25,3.7888,0.3950797533912049
1,-0.5,-0.25,3.7904,0.3950537326261576
1,-0.5,-0.25,3.7920000000000003,0.3950277170960687
1,-0.5,-0.25,3.7936,0.3950017067943097
1,-0.5,-0.25,3.7952000000000004,0.3949757017142589
1,-0.5,-0.25,3.7968,0.394949701849301
1,-0.5,-0.25,3.7984,0.3949237071928275
1,-0.5,-0.25,3.8000000000000003,0.3948977177382362
1,-0.5,-0.25,3.8016,0.3948717334789315
1,-0.5,-0.25,3.8032000000000004,0.39484575440832426
1,-0.5,-0.25,3.8048,0.3948197805198321
1,-0.5,-0.25,3.8064,0.3947938118068787
1,-0.5,-0.25,3.8080000000000003,0.39476784826289485
1,-0.5,-0.25,3.8096,0.3947418898813175
1,-0.5,-0.25,3.8112000000000004,0.3947159366555901
1,-0.5,-0.25,3.8128,0.3946899885791628
1,-0.5,-0.25,3.8144,0.3946640456454921
1,-0.5,-0.25,3.8160000000000003,0.3946381078480412
1,-0.5,-0.25,3.8176,0.3946121751802795
1,-0.5,-0.25,3.8192000000000004,0.3945862476356833
1,-0.5,-0.25,3.8208,0.39456032520773504
1,-0.5,-0.25,3.8224,0.39453440788992383
1,-0.5,-0.25,3.8240000000000003,0.39450849567574536
1,-0.5,-0.25,3.8256,0.3944825885587016
1,-0.5,-0.25,3.8272000000000004,0.39445668653230126
1,-0.5,-0.25,3.8288,0.3944307895900594
1,-0.5,-0.25,3.8304,0.3944048977254976
1,-0.5,-0.25,3.8320000000000003,0.3943790109321438
1,-0.5,-0.25,3.8336,0.39435312920353277
1,-0.5,-0.25,3.8352000000000004,0.3943272525332053
1,-0.5,-0.25,3.8368,0.39430138091470895
1,-0.5,-0.25,3.8384,0.39427551434159774
1,-0.5,-0.25,3.8400000000000003,0.394249652807432
1,-0.5,-0.25,3.8416,0.39422379630577886
1,-0.5,-0.25,3.8432000000000004,0.39419794483021164
1,-0.5,-0.25,3.8448,0.39417209837431016
1,-0.5,-0.25,3.8464,0.3941462569316607
1,-0.5,-0.25,3.8480000000000003,0.39412042049585616
1,-0.5,-0.25,3.8496,0.39409458906049566
1,-0.5,-0.25,3.8512000000000004,0.3940687626191849
1,-0.5,-0.25,3.8528000000000002,0.3940429411655361
1,-0.5,-0.25,3.8544,0.3940171246931678
1,-0.5,-0.25,3.8560000000000003,0.39399131319570513
1,-0.5,-0.25,3.8576,0.3939655066667796
1,-0.5,-0.25,3.8592,0.393939705100029
1,-0.5,-0.25,3.8608000000000002,0.3939139084890978
1,-0.5,-0.25,3.8624,0.39388811682763686
1,-0.5,-0.25,3.8640000000000003,0.3938623301093034
1,-0.5,-0.25,3.8656,0.393836548327761
1,-0.5,-0.25,3.8672,0.3938107714766799
1,-0.5,-0.25,3.8688000000000002,0.39378499954973656
1,-0.5,-0.25,3.8704,0.39375923254061396
1,-0.5,-0.25,3.8720000000000003,0.3937334704430015
1,-0.5,-0.25,3.8736,0.3937077132505949
1,-0.5,-0.25,3.8752,0.39368196095709646
1,-0.5,-0.25,3.8768000000000002,0.3936562135562148
1,-0.5,-0.25,3.8784,0.3936304710416649
1,-0.5,-0.25,3.8800000000000003,0.3936047334071681
1,-0.5,-0.25,3.8816,0.39357900064645246
1,-0.5,-0.25,3.8832,0.39355327275325214
1,-0.5,-0.25,3.8848000000000003,0.3935275497213077
1,-0.5,-0.25,3.8864,0.3935018315443664
1,-0.5,-0.25,3.8880000000000003,0.39347611821618145
1,-0.5,-0.25,3.8896,0.39345040973051276
1,-0.5,-0.25,3.8912,0.39342470608112656
1,-0.5,-0.25,3.8928000000000003,0.39339900726179544
1,-0.5,-0.25,3.8944,0.3933733132662984
1,-0.5,-0.25,3.8960000000000004,0.3933476240884206
1,-0.5,-0.25,3.8976,0.393321939721954
1,-0.5,-0.25,3.8992,0.3932962601606967
1,-0.5,-0.25,3.9008000000000003,0.393270585398453
1,-0.5,-0.25,3.9024,0.39324491542903384
1,-0.5,-0.25,3.9040000000000004,0.3932192502462565
1,-0.5,-0.25,3.9056,0.3931935898439444
1,-0.5,-0.25,3.9072,0.39316793421592755
1,-0.5,-0.25,3.9088000000000003,0.3931422833560421
1,-0.5,-0.25,3.9104,0.3931166372581308
1,-0.5,-0.25,3.9120000000000004,0.3930909959160425
1,-0.5,-0.25,3.9136,0.3930653593236327
1,-0.5,-0.25,3.9152,0.3930397274747629
1,-0.5,-0.25,3.9168000000000003,0.39301410036330114
1,-0.5,-0.25,3.9184,0.39298847798312175
1,-0.5,-0.25,3.9200000000000004,0.39296286032810546
1,-0.5,-0.25,3.9216,0.3929372473921393
1,-0.5,-0.25,3.9232,0.3929116391691165
1,-0.5,-0.25,3.9248000000000003,0.3928860356529367
1,-0.5,-0.25,3.9264,0.3928604368375061
1,-0.5,-0.25,3.9280000000000004,0.39283484271673663
1,-0.5,-0.25,3.9296,0.3928092532845472
1,-0.5,-0.25,3.9312,0.3927836685348627
1,-0.5,-0.25,3.9328000000000003,0.39275808846161414
1,-0.5,-0.25,3.9344,0.39273251305873935
1,-0.5,-0.25,3.9360000000000004,0.392706942320182
1,-0.5,-0.25,3.9376,0.3926813762398922
1,-0.5,-0.25,3.9392,0.3926558148118265
1,-0.5,-0.25,3.9408000000000003,0.39263025802994755
1,-0.5,-0.25,3.9424,0.3926047058882244
1,-0.5,-0.25,3.9440000000000004,0.39257915838063234
1,-0.5,-0.25,3.9456,0.3925536155011529
1,-0.5,-0.25,3.9472,0.3925280772437742
1,-0.5,-0.25,3.9488000000000003,0.39250254360249015
1,-0.5,-0.25,3.9504,0.3924770145713012
1,-0.5,-0.25,3.9520000000000004,0.392451490144214
1,-0.5,-0.25,3.9536000000000002,0.3924259703152416
1,-0.5,-0.25,3.9552,0.3924004550784033
1,-0.5,-0.25,3.9568000000000003,0.39237494442772447
1,-0.5,-0.25,3.9584,0.3923494383572369
1,-0.5,-0.25,3.9600000000000004,0.39232393686097866
1,-0.5,-0.25,3.9616000000000002,0.3922984399329939
1,-0.5,-0.25,3.9632,0.3922729475673331
1,-0.5,-0.25,3.9648000000000003,0.39224745975805303
1,-0.5,-0.25,3.9664,0.39222197649921675
1,-0.5,-0.25,3.968,0.3921964977848935
1,-0.5,-0.25,3.9696000000000002,0.3921710236091587
1,-0.5,-0.25,3.9712,0.3921455539660939
1,-0.5,-0.25,3.9728000000000003,0.3921200888497873
1,-0.5,-0.25,3.9744,0.39209462825433294
1,-0.5,-0.25,3.976,0.3920691721738312
1,-0.5,-0.25,3.9776000000000002,0.39204372060238857
1,-0.5,-0.25,3.9792,0.39201827353411794
1,-0.5,-0.25,3.9808000000000003,0.39199283096313836
1,-0.5,-0.25,3.9824,0.39196739288357507
1,-0.5,-0.25,3.984,0.3919419592895594
1,-0.5,-0.25,3.9856000000000003,0.39191653017522904
1,-0.5,-0.25,3.9872,0.391891105534728
1,-0.5,-0.25,3.9888000000000003,0.3918656853622061
1,-0.5,-0.25,3.9904,0.3918402696518196
1,-0.5,-0.25,3.992,0.391814858397731
1,-0.5,-0.25,3.9936000000000003,0.3917894515941088
1,-0.5,-0.25,3.9952,0.3917640492351278
1,-0.5,-0.25,3.9968000000000004,0.391738651314969
1,-0.5,-0.25,3.9984,0.39171325782781946
1,-0.5,-0.25,4.0,0.39168786876787265
1,-0.5,-0.25,4.0016,0.3916624841293279
1,-0.5,-0.25,4.0032000000000005,0.39163710390639095
1,-0.5,-0.25,4.0048,0.39161172809327355
1,-0.5,-0.25,4.0064,0.39158635668419367
1,-0.5,-0.25,4.008,0.3915609896733755
1,-0.5,-0.25,4.0096,0.39153562705504924
1,-0.5,-0.25,4.0112000000000005,0.3915102688234512
1,-0.5,-0.25,4.0128,0.3914849149728241
1,-0.5,-0.25,4.0144,0.3914595654974167
1,-0.5,-0.25,4.016,0.3914342203914836
1,-0.5,-0.25,4.0176,0.391408879649286
1,-0.5,-0.25,4.0192000000000005,0.3913835432650909
1,-0.5,-0.25,4.0208,0.3913582112331715
1,-0.5,-0.25,4.0224,0.3913328835478073
1,-0.5,-0.25,4.024,0.39130756020328367
1,-0.5,-0.25,4.0256,0.39128224119389216
1,-0.5,-0.25,4.027200000000001,0.39125692651393057
1,-0.5,-0.25,4.0288,0.39123161615770274
1,-0.5,-0.25,4.0304,0.39120631011951856
1,-0.5,-0.25,4.032,0.3911810083936941
1,-0.5,-0.25,4.0336,0.39115571097455126
1,-0.5,-0.25,4.035200000000001,0.39113041785641856
1,-0.5,-0.25,4.0368,0.39110512903363015
1,-0.5,-0.25,4.0384,0.3910798445005264
1,-0.5,-0.25,4.04,0.39105456425145396
1,-0.5,-0.25,4.0416,0.39102928828076533
1,-0.5,-0.25,4.043200000000001,0.391004016582819
1,-0.5,-0.25,4.0448,0.3909787491519799
1,-0.5,-0.25,4.0464,0.39095348598261864
1,-0.5,-0.25,4.048,0.39092822706911223
1,-0.5,-0.25,4.0496,0.39090297240584354
1,-0.5,-0.25,4.051200000000001,0.39087772198720155
1,-0.5,-0.25,4.0528,0.3908524758075813
1,-0.5,-0.25,4.0544,0.3908272338613839
1,-0.5,-0.25,4.056,0.3908019961430165
1,-0.5,-0.25,4.0576,0.39077676264689215
1,-0.5,-0.25,4.059200000000001,0.3907515333674302
1,-0.5,-0.25,4.0608,0.39072630829905597
1,-0.5,-0.25,4.0624,0.39070108743620063
1,-0.5,-0.25,4.064,0.3906758707733016
1,-0.5,-0.25,4.0656,0.3906506583048022
1,-0.5,-0.25,4.067200000000001,0.39062545002515175
1,-0.5,-0.25,4.0688,0.3906002459288058
1,-0.5,-0.25,4.0704,0.3905750460102258
1,-0.5,-0.25,4.072,0.39054985026387895
1,-0.5,-0.25,4.0736,0.3905246586842389
1,-0.5,-0.25,4.075200000000001,0.39049947126578505
1,-0.5,-0.25,4.0768,0.3904742880030027
1,-0.5,-0.25,4.0784,0.3904491088903835
1,-0.5,-0.25,4.08,0.39042393392242475
1,-0.5,-0.25,4.0816,0.3903987630936299
1,-0.5,-0.25,4.083200000000001,0.39037359639850855
1,-0.5,-0.25,4.0848,0.3903484338315759
1,-0.5,-0.25,4.0864,0.39032327538735345
1,-0.5,-0.25,4.088,0.3902981210603685
1,-0.5,-0.25,4.0896,0.3902729708451544
1,-0.5,-0.25,4.091200000000001,0.3902478247362504
1,-0.5,-0.25,4.0928,0.3902226827282019
1,-0.5,-0.25,4.0944,0.39019754481556007
1,-0.5,-0.25,4.096,0.390172410992882
1,-0.5,-0.25,4.0976,0.3901472812547309
1,-0.5,-0.25,4.099200000000001,0.39012215559567587
1,-0.5,-0.25,4.1008000000000004,0.39009703401029194
1,-0.5,-0.25,4.1024,0.3900719164931601
1,-0.5,-0.25,4.104,0.39004680303886735
1,-0.5,-0.25,4.1056,0.39002169364200623
1,-0.5,-0.25,4.107200000000001,0.3899965882971759
1,-0.5,-0.25,4.1088000000000005,0.3899714869989809
1,-0.5,-0.25,4.1104,0.38994638974203183
1,-0.5,-0.25,4.112,0.3899212965209453
1,-0.5,-0.25,4.1136,0.3898962073303438
1,-0.5,-0.25,4.115200000000001,0.3898711221648556
1,-0.5,-0.25,4.1168000000000005,0.3898460410191152
1,-0.5,-0.25,4.1184,0.3898209638877626
1,-0.5,-0.25,4.12,0.389795890765444
1,-0.5,-0.25,4.1216,0.3897708216468114
1,-0.5,-0.25,4.1232,0.38974575652652266
1,-0.5,-0.25,4.1248000000000005,0.38972069539924153
1,-0.5,-0.25,4.1264,0.38969563825963777
1,-0.5,-0.25,4.128,0.38967058510238683
1,-0.5,-0.25,4.1296,0.3896455359221702
1,-0.5,-0.25,4.1312,0.38962049071367516
1,-0.5,-0.25,4.1328000000000005,0.38959544947159497
1,-0.5,-0.25,4.1344,0.3895704121906286
1,-0.5,-0.25,4.136,0.3895453788654809
1,-0.5,-0.25,4.1376,0.3895203494908626
1,-0.5,-0.25,4.1392,0.38949532406149046
1,-0.5,-0.25,4.1408000000000005,0.3894703025720868
1,-0.5,-0.25,4.1424,0.3894452850173801
1,-0.5,-0.25,4.144,0.3894202713921045
1,-0.5,-0.25,4.1456,0.3893952616909999
1,-0.5,-0.25,4.1472,0.3893702559088122
1,-0.5,-0.25,4.1488000000000005,0.3893452540402931
1,-0.5,-0.25,4.1504,0.38932025608019993
1,-0.5,-0.25,4.152,0.38929526202329623
1,-0.5,-0.25,4.1536,0.3892702718643511
1,-0.5,-0.25,4.1552,0.38924528559813937
1,-0.5,-0.25,4.1568000000000005,0.38922030321944195
1,-0.5,-0.25,4.1584,0.3891953247230454
1,-0.5,-0.25,4.16,0.3891703501037422
1,-0.5,-0.25,4.1616,0.38914537935633037
1,-0.5,-0.25,4.1632,0.38912041247561396
1,-0.5,-0.25,4.1648000000000005,0.38909544945640284
1,-0.5,-0.25,4.1664,0.3890704902935124
1,-0.5,-0.25,4.168,0.3890455349817642
1,-0.5,-0.25,4.1696,0.38902058351598534
1,-0.5,-0.25,4.1712,0.3889956358910087
1,-0.5,-0.25,4.1728000000000005,0.3889706921016729
1,-0.5,-0.25,4.1744,0.38894575214282257
1,-0.5,-0.25,4.176,0.3889208160093078
1,-0.5,-0.25,4.1776,0.3888958836959846
1,-0.5,-0.25,4.1792,0.3888709551977148
1,-0.5,-0.25,4.1808000000000005,0.38884603050936595
1,-0.5,-0.25,4.1824,0.38882110962581123
1,-0.5,-0.25,4.184,0.3887961925419297
1,-0.5,-0.25,4.1856,0.3887712792526061
1,-0.5,-0.25,4.1872,0.3887463697527308
1,-0.5,-0.25,4.1888000000000005,0.3887214640372002
1,-0.5,-0.25,4.1904,0.38869656210091613
1,-0.5,-0.25,4.192,0.3886716639387863
1,-0.5,-0.25,4.1936,0.3886467695457242
1,-0.5,-0.25,4.1952,0.3886218789166489
1,-0.5,-0.25,4.1968000000000005,0.3885969920464853
1,-0.5,-0.25,4.1984,0.3885721089301639
1,-0.5,-0.25,4.2,0.38854722956262094
1,-0.5,-0.25,4.2016,0.3885223539387984
1,-0.5,-0.25,4.2032,0.388497482053644
1,-0.5,-0.25,4.2048000000000005,0.3884726139021111
1,-0.5,-0.25,4.2064,0.3884477494791587
1,-0.5,-0.25,4.208,0.38842288877975156
1,-0.5,-0.25,4.2096,0.3883980317988602
1,-0.5,-0.25,4.2112,0.3883731785314606
1,-0.5,-0.25,4.2128000000000005,0.3883483289725346
1,-0.5,-0.25,4.2144,0.38832348311706966
1,-0.5,-0.25,4.216,0.38829864096005895
1,-0.5,-0.25,4.2176,0.3882738024965011
1,-0.5,-0.25,4.2192,0.3882489677214007
1,-0.5,-0.25,4.2208000000000006,0.38822413662976796
1,-0.5,-0.25,4.2224,0.38819930921661844
1,-0.5,-0.25,4.224,0.3881744854769736
1,-0.5,-0.25,4.2256,0.3881496654058605
1,-0.5,-0.25,4.2272,0.3881248489983118
1,-0.5,-0.25,4.228800000000001,0.3881000362493659
1,-0.5,-0.25,4.2304,0.3880752271540668
1,-0.5,-0.25,4.232,0.38805042170746396
1,-0.5,-0.25,4.2336,0.38802561990461265
1,-0.5,-0.25,4.2352,0.3880008217405737
1,-0.5,-0.25,4.236800000000001,0.3879760272104136
1,-0.5,-0.25,4.2384,0.3879512363092044
1,-0.5,-0.25,4.24,0.3879264490320238
1,-0.5,-0.25,4.2416,0.3879016653739549
1,-0.5,-0.25,4.2432,0.38787688533008674
1,-0.5,-0.25,4.244800000000001,0.38785210889551375
1,-0.5,-0.25,4.2464,0.3878273360653361
1,-0.5,-0.25,4.248,0.3878025668346593
1,-0.5,-0.25,4.2496,0.3877778011985946
1,-0.5,-0.25,4.2512,0.38775303915225895
1,-0.5,-0.25,4.252800000000001,0.38772828069077464
1,-0.5,-0.25,4.2544,0.3877035258092696
1,-0.5,-0.25,4.256,0.3876787745028774
1,-0.5,-0.25,4.2576,0.3876540267667372
1,-0.5,-0.25,4.2592,0.38762928259599366
1,-0.5,-0.25,4.260800000000001,0.3876045419857971
1,-0.5,-0.25,4.2624,0.38757980493130295
1,-0.5,-0.25,4.264,0.38755507142767276
1,-0.5,-0.25,4.2656,0.38753034147007337
1,-0.5,-0.25,4.2672,0.38750561505367725
1,-0.5,-0.25,4.268800000000001,0.3874808921736624
1,-0.5,-0.25,4.2704,0.387456172825212
1,-0.5,-0.25,4.272,0.3874314570035152
1,-0.5,-0.25,4.2736,0.38740674470376657
1,-0.5,-0.25,4.2752,0.3873820359211661
1,-0.5,-0.25,4.276800000000001,0.38735733065091943
1,-0.5,-0.25,4.2784,0.3873326288882375
1,-0.5,-0.25,4.28,0.3873079306283371
1,-0.5,-0.25,4.2816,0.38728323586644015
1,-0.5,-0.25,4.2832,0.38725854459777426
1,-0.5,-0.25,4.284800000000001,0.38723385681757244
1,-0.5,-0.25,4.2864,0.3872091725210734
1,-0.5,-0.25,4.288,0.3871844917035211
1,-0.5,-0.25,4.2896,0.3871598143601651
1,-0.5,-0.25,4.2912,0.3871351404862605
1,-0.5,-0.25,4.292800000000001,0.3871104700770677
1,-0.5,-0.25,4.2944,0.3870858031278527
1,-0.5,-0.25,4.296,0.387061139633887
1,-0.5,-0.25,4.2976,0.38703647959044735
1,-0.5,-0.25,4.2992,0.3870118229928162
1,-0.5,-0.25,4.300800000000001,0.3869871698362815
1,-0.5,-0.25,4.3024000000000004,0.3869625201161363
1,-0.5,-0.25,4.304,0.38693787382767936
1,-0.5,-0.25,4.3056,0.3869132309662149
1,-0.5,-0.25,4.3072,0.38688859152705246
1,-0.5,-0.25,4.308800000000001,0.3868639555055072
1,-0.5,-0.25,4.3104000000000005,0.3868393228968994
1,-0.5,-0.25,4.312,0.38681469369655497
1,-0.5,-0.25,4.3136,0.38679006789980536
1,-0.5,-0.25,4.3152,0.3867654455019872
1,-0.5,-0.25,4.316800000000001,0.38674082649844255
1,-0.5,-0.25,4.3184000000000005,0.386716210884519
1,-0.5,-0.25,4.32,0.3866915986555696
1,-0.5,-0.25,4.3216,0.38666698980695274
1,-0.5,-0.25,4.3232,0.38664238433403214
1,-0.5,-0.25,4.324800000000001,0.3866177822321769
1,-0.5,-0.25,4.3264000000000005,0.38659318349676164
1,-0.5,-0.25,4.328,0.38656858812316613
1,-0.5,-0.25,4.3296,0.3865439961067758
1,-0.5,-0.25,4.3312,0.3865194074429814
1,-0.5,-0.25,4.332800000000001,0.38649482212717895
1,-0.5,-0.25,4.3344000000000005,0.38647024015476983
1,-0.5,-0.25,4.336,0.38644566152116083
1,-0.5,-0.25,4.3376,0.3864210862217642
1,-0.5,-0.25,4.3392,0.38639651425199745
1,-0.5,-0.25,4.3408,0.3863719456072834
1,-0.5,-0.25,4.3424000000000005,0.3863473802830502
1,-0.5,-0.25,4.344,0.3863228182747315
1,-0.5,-0.25,4.3456,0.38629825957776626
1,-0.5,-0.25,4.3472,0.38627370418759865
1,-0.5,-0.25,4.3488,0.3862491520996782
1,-0.5,-0.25,4.3504000000000005,0.38622460330945996
1,-0.5,-0.25,4.352,0.386200057812404
1,-0.5,-0.25,4.3536,0.386175515603976
1,-0.5,-0.25,4.3552,0.38615097667964665
1,-0.5,-0.25,4.3568,0.38612644103489224
1,-0.5,-0.25,4.3584000000000005,0.3861019086651943
1,-0.5,-0.25,4.36,0.38607737956603955
1,-0.5,-0.25,4.3616,0.3860528537329201
1,-0.5,-0.25,4.3632,0.3860283311613334
1,-0.5,-0.25,4.3648,0.3860038118467821
1,-0.5,-0.25,4.3664000000000005,0.3859792957847741
1,-0.5,-0.25,4.368,0.3859547829708227
1,-0.5,-0.25,4.3696,0.3859302734004464
1,-0.5,-0.25,4.3712,0.385905767069169
1,-0.5,-0.25,4.3728,0.38588126397251954
1,-0.5,-0.25,4.3744000000000005,0.3858567641060324
1,-0.5,-0.25,4.376,0.38583226746524724
1,-0.5,-0.25,4.3776,0.3858077740457089
1,-0.5,-0.25,4.3792,0.3857832838429674
1,-0.5,-0.25,4.3808,0.38575879685257825
1,-0.5,-0.25,4.3824000000000005,0.385734313070102
1,-0.5,-0.25,4.384,0.3857098324911046
1,-0.5,-0.25,4.3856,0.3856853551111569
1,-0.5,-0.25,4.3872,0.38566088092583556
1,-0.5,-0.25,4.3888,0.38563640993072185
1,-0.5,-0.25,4.3904000000000005,0.38561194212140276
1,-0.5,-0.25,4.392,0.3855874774934702
1,-0.5,-0.25,4.3936,0.3855630160425214
1,-0.5,-0.25,4.3952,0.3855385577641588
1,-0.5,-0.25,4.3968,0.3855141026539901
1,-0.5,-0.25,4.3984000000000005,0.38548965070762814
1,-0.5,-0.25,4.4,0.38546520192069095
1,-0.5,-0.25,4.4016,0.3854407562888018
1,-0.5,-0.25,4.4032,0.3854163138075892
1,-0.5,-0.25,4.4048,0.38539187447268664
1,-0.5,-0.25,4.4064000000000005,0.3853674382797331
1,-0.5,-0.25,4.408,0.3853430052243724
1,-0.5,-0.25,4.4096,0.385318575302254
1,-0.5,-0.25,4.4112,0.385294148509032
1,-0.5,-0.25,4.4128,0.385269724840366
1,-0.5,-0.25,4.4144000000000005,0.38524530429192066
1,-0.5,-0.25,4.416,0.3852208868593659
1,-0.5,-0.25,4.4176,0.38519647253837663
1,-0.5,-0.25,4.4192,0.3851720613246331
1,-0.5,-0.25,4.4208,0.3851476532138205
1,-0.5,-0.25,4.4224000000000006,0.3851232482016294
1,-0.5,-0.25,4.424,0.3850988462837553
1,-0.5,-0.25,4.4256,0.38507444745589897
1,-0.5,-0.25,4.4272,0.3850500517137663
1,-0.5,-0.25,4.4288,0.3850256590530681
1,-0.5,-0.25,4.430400000000001,0.38500126946952057
1,-0.5,-0.25,4.432,0.38497688295884497
1,-0.5,-0.25,4.4336,0.38495249951676763
1,-0.5,-0.25,4.4352,0.3849281191390199
1,-0.5,-0.25,4.4368,0.38490374182133846
1,-0.5,-0.25,4.438400000000001,0.3848793675594649
1,-0.5,-0.25,4.44,0.3848549963491459
1,-0.5,-0.25,4.4416,0.38483062818613345
1,-0.5,-0.25,4.4432,0.3848062630661845
1,-0.5,-0.25,4.4448,0.38478190098506093
1,-0.5,-0.25,4.446400000000001,0.38475754193853
1,-0.5,-0.25,4.448,0.3847331859223637
1,-0.5,-0.25,4.4496,0.38470883293233954
1,-0.5,-0.25,4.4512,0.3846844829642395
1,-0.5,-0.25,4.4528,0.38466013601385135
1,-0.5,-0.25,4.454400000000001,0.3846357920769674
1,-0.5,-0.25,4.456,0.38461145114938516
1,-0.5,-0.25,4.4576,0.38458711322690714
1,-0.5,-0.25,4.4592,0.38456277830534097
1,-0.5,-0.25,4.4608,0.38453844638049933
1,-0.5,-0.25,4.462400000000001,0.3845141174482001
1,-0.5,-0.25,4.464,0.38448979150426565
1,-0.5,-0.25,4.4656,0.38446546854452407
1,-0.5,-0.25,4.4672,0.3844411485648079
1,-0.5,-0.25,4.4688,0.38441683156095513
1,-0.5,-0.25,4.470400000000001,0.38439251752880854
1,-0.5,-0.25,4.472,0.3843682064642161
1,-0.5,-0.25,4.4736,0.3843438983630306
1,-0.5,-0.25,4.4752,0.3843195932211099
1,-0.5,-0.25,4.4768,0.384295291034317
1,-0.5,-0.25,4.478400000000001,0.38427099179851953
1,-0.5,-0.25,4.48,0.3842466955095905
1,-0.5,-0.25,4.4816,0.38422240216340786
1,-0.5,-0.25,4.4832,0.38419811175585444
1,-0.5,-0.25,4.4848,0.38417382428281804
1,-0.5,-0.25,4.486400000000001,0.3841495397401915
1,-0.5,-0.25,4.488,0.38412525812387255
1,-0.5,-0.25,4.4896,0.384100979429764
1,-0.5,-0.25,4.4912,0.3840767036537736
1,-0.5,-0.25,4.4928,0.384052430791814
1,-0.5,-0.25,4.494400000000001,0.38402816083980285
1,-0.5,-0.25,4.496,0.38400389379366284
1,-0.5,-0.25,4.4976,0.3839796296493215
1,-0.5,-0.25,4.4992,0.3839553684027113
1,-0.5,-0.25,4.5008,0.38393111004976954
1,-0.5,-0.25,4.502400000000001,0.38390685458643886
1,-0.5,-0.25,4.5040000000000004,0.3838826020086664
1,-0.5,-0.25,4.5056,0.38385835231240456
1,-0.5,-0.25,4.5072,0.38383410549361047
1,-0.5,-0.25,4.5088,0.38380986154824615
1,-0.5,-0.25,4.510400000000001,0.38378562047227865
1,-0.5,-0.25,4.5120000000000005,0.38376138226167983
1,-0.5,-0.25,4.5136,0.3837371469124266
1,-0.5,-0.25,4.5152,0.3837129144205007
1,-0.5,-0.25,4.5168,0.3836886847818887
1,-0.5,-0.25,4.518400000000001,0.3836644579925823
1,-0.5,-0.25,4.5200000000000005,0.38364023404857767
1,-0.5,-0.25,4.5216,0.3836160129458763
1,-0.5,-0.25,4.5232,0.3835917946804844
1,-0.5,-0.25,4.5248,0.3835675792484129
1,-0.5,-0.25,4.526400000000001,0.38354336664567795
1,-0.5,-0.25,4.5280000000000005,0.3835191568683003
1,-0.5,-0.25,4.5296,0.38349494991230565
1,-0.5,-0.25,4.5312,0.38347074577372453
1,-0.5,-0.25,4.5328,0.3834465444485925
1,-0.5,-0.25,4.534400000000001,0.3834223459329497
1,-0.5,-0.25,4.5360000000000005,0.38339815022284135
1,-0.5,-0.25,4.5376,0.38337395731431734
1,-0.5,-0.25,4.5392,0.38334976720343256
1,-0.5,-0.25,4.5408,0.38332557988624655
1,-0.5,-0.25,4.542400000000001,0.38330139535882396
1,-0.5,-0.25,4.5440000000000005,0.38327721361723405
1,-0.5,-0.25,4.5456,0.383253034657551
1,-0.5,-0.25,4.5472,0.3832288584758537
1,-0.5,-0.25,4.5488,0.383204685068226
1,-0.5,-0.25,4.5504,0.38318051443075657
1,-0.5,-0.25,4.5520000000000005,0.3831563465595388
1,-0.5,-0.25,4.5536,0.3831321814506709
1,-0.5,-0.25,4.5552,0.383108019100256
1,-0.5,-0.25,4.5568,0.3830838595044018
1,-0.5,-0.25,4.5584,0.38305970265922096
1,-0.5,-0.25,4.5600000000000005,0.38303554856083094
1,-0.5,-0.25,4.5616,0.3830113972053539
1,-0.5,-0.25,4.5632,0.38298724858891675
1,-0.5,-0.25,4.5648,0.3829631027076513
1,-0.5,-0.25,4.5664,0.38293895955769425
1,-0.5,-0.25,4.5680000000000005,0.38291481913518666
1,-0.5,-0.25,4.5696,0.38289068143627475
1,-0.5,-0.25,4.5712,0.38286654645710927
1,-0.5,-0.25,4.5728,0.3828424141938459
1,-0.5,-0.25,4.5744,0.3828182846426449
1,-0.5,-0.25,4.5760000000000005,0.3827941577996714
1,-0.5,-0.25,4.5776,0.38277003366109524
1,-0.5,-0.25,4.5792,0.38274591222309096
1,-0.5,-0.25,4.5808,0.38272179348183794
1,-0.5,-0.25,4.5824,0.38269767743352023
1,-0.5,-0.25,4.5840000000000005,0.38267356407432657
1,-0.5,-0.25,4.5856,0.3826494534004504
1,-0.5,-0.25,4.5872,0.3826253454080901
1,-0.5,-0.25,4.5888,0.38260124009344854
1,-0.5,-0.25,4.5904,0.3825771374527333
1,-0.5,-0.25,4.5920000000000005,0.38255303748215685
1,-0.5,-0.25,4.5936,0.38252894017793626
1,-0.5,-0.25,4.5952,0.38250484553629327
1,-0.5,-0.25,4.5968,0.38248075355345423
1,-0.5,-0.25,4.5984,0.38245666422565044
1,-0.5,-0.25,4.6000000000000005,0.3824325775491177
1,-0.5,-0.25,4.6016,0.38240849352009654
1,-0.5,-0.25,4.6032,0.38238441213483215
1,-0.5,-0.25,4.6048,0.38236033338957454
1,-0.5,-0.25,4.6064,0.3823362572805781
1,-0.5,-0.25,4.6080000000000005,0.3823121838041021
1,-0.5,-0.25,4.6096,0.3822881129564105
1,-0.5,-0.25,4.6112,0.3822640447337718
1,-0.5,-0.25,4.6128,0.3822399791324593
1,-0.5,-0.25,4.6144,0.38221591614875067
1,-0.5,-0.25,4.6160000000000005,0.3821918557789285
1,-0.5,-0.25,4.6176,0.38216779801928
1,-0.5,-0.25,4.6192,0.382143742866097
1,-0.5,-0.25,4.6208,0.3821196903156757
1,-0.5,-0.25,4.6224,0.3820956403643173
1,-0.5,-0.25,4.6240000000000006,0.38207159300832755
1,-0.5,-0.25,4.6256,0.38204754824401665
1,-0.5,-0.25,4.6272,0.3820235060676995
1,-0.5,-0.25,4.6288,0.3819994664756957
1,-0.5,-0.25,4.6304,0.38197542946432944
1,-0.5,-0.25,4.632000000000001,0.3819513950299294
1,-0.5,-0.25,4.6336,0.3819273631688291
1,-0.5,-0.25,4.6352,0.38190333387736636
1,-0.5,-0.25,4.6368,0.38187930715188373
1,-0.5,-0.25,4.6384,0.38185528298872834
1,-0.5,-0.25,4.640000000000001,0.38183126138425194
1,-0.5,-0.25,4.6416,0.3818072423348109
1,-0.5,-0.25,4.6432,0.38178322583676605
1,-0.5,-0.25,4.6448,0.381759211886483
1,-0.5,-0.25,4.6464,0.3817352004803317
1,-0.5,-0.25,4.648000000000001,0.38171119161468675
1,-0.5,-0.25,4.6496,0.3816871852859274
1,-0.5,-0.25,4.6512,0.3816631814904372
1,-0.5,-0.25,4.6528,0.38163918022460463
1,-0.5,-0.25,4.6544,0.3816151814848224
1,-0.5,-0.25,4.656000000000001,0.38159118526748786
1,-0.5,-0.25,4.6576,0.38156719156900315
1,-0.5,-0.25,4.6592,0.3815432003857746
1,-0.5,-0.25,4.6608,0.38151921171421316
1,-0.5,-0.25,4.6624,0.3814952255507344
1,-0.5,-0.25,4.664000000000001,0.3814712418917584
1,-0.5,-0.25,4.6656,0.38144726073370966
1,-0.5,-0.25,4.6672,0.3814232820730174
1,-0.5,-0.25,4.6688,0.38139930590611515
1,-0.5,-0.25,4.6704,0.38137533222944103
1,-0.5,-0.25,4.672000000000001,0.3813513610394377
1,-0.5,-0.25,4.6736,0.3813273923325522
1,-0.5,-0.25,4.6752,0.38130342610523627
1,-0.5,-0.25,4.6768,0.38127946235394594
1,-0.5,-0.25,4.6784,0.38125550107514194
1,-0.5,-0.25,4.680000000000001,0.38123154226528927
1,-0.5,-0.25,4.6816,0.3812075859208576
1,-0.5,-0.25,4.6832,0.38118363203832084
1,-0.5,-0.25,4.6848,0.3811596806141577
1,-0.5,-0.25,4.6864,0.3811357316448511
1,-0.5,-0.25,4.688000000000001,0.3811117851268885
1,-0.5,-0.25,4.6896,0.38108784105676174
1,-0.5,-0.25,4.6912,0.3810638994309674
1,-0.5,-0.25,4.6928,0.3810399602460063
1,-0.5,-0.25,4.6944,0.3810160234983836
1,-0.5,-0.25,4.696000000000001,0.3809920891846091
1,-0.5,-0.25,4.6976,0.380968157301197
1,-0.5,-0.25,4.6992,0.380944227844666
1,-0.5,-0.25,4.7008,0.38092030081153905
1,-0.5,-0.25,4.7024,0.38089637619834366
1,-0.5,-0.25,4.704000000000001,0.38087245400161185
1,-0.5,-0.25,4.7056000000000004,0.3808485342178798
1,-0.5,-0.25,4.7072,0.38082461684368835
1,-0.5,-0.25,4.7088,0.38080070187558257
1,-0.5,-0.25,4.7104,0.38077678931011216
1,-0.5,-0.25,4.712000000000001,0.38075287914383105
1,-0.5,-0.25,4.7136000000000005,0.3807289713732977
1,-0.5,-0.25,4.7152,0.38070506599507475
1,-0.5,-0.25,4.7168,0.3806811630057295
1,-0.5,-0.25,4.7184,0.38065726240183356
1,-0.5,-0.25,4.720000000000001,0.38063336417996274
1,-0.5,-0.25,4.7216000000000005,0.3806094683366975
1,-0.5,-0.25,4.7232,0.3805855748686225
1,-0.5,-0.25,4.7248,0.38056168377232674
1,-0.5,-0.25,4.7264,0.3805377950444038
1,-0.5,-0.25,4.728000000000001,0.3805139086814517
1,-0.5,-0.25,4.7296000000000005,0.3804900246800723
1,-0.5,-0.25,4.7312,0.3804661430368724
1,-0.5,-0.25,4.7328,0.38044226374846274
1,-0.5,-0.25,4.7344,0.3804183868114587
1,-0.5,-0.25,4.736000000000001,0.3803945122224798
1,-0.5,-0.25,4.7376000000000005,0.38037063997814996
1,-0.5,-0.25,4.7392,0.3803467700750976
1,-0.5,-0.25,4.7408,0.38032290250995515
1,-0.5,-0.25,4.7424,0.38029903727935976
1,-0.5,-0.25,4.744000000000001,0.3802751743799526
1,-0.5,-0.25,4.7456000000000005,0.3802513138083794
1,-0.5,-0.25,4.7472,0.3802274555612898
1,-0.5,-0.25,4.7488,0.3802035996353383
1,-0.5,-0.25,4.7504,0.3801797460271833
1,-0.5,-0.25,4.752000000000001,0.3801558947334878
1,-0.5,-0.25,4.7536000000000005,0.38013204575091897
1,-0.5,-0.25,4.7552,0.38010819907614807
1,-0.5,-0.25,4.7568,0.38008435470585095
1,-0.5,-0.25,4.7584,0.3800605126367077
1,-0.5,-0.25,4.76,0.3800366728654027
1,-0.5,-0.25,4.7616000000000005,0.3800128353886245
1,-0.5,-0.25,4.7632,0.379989000203066
1,-0.5,-0.25,4.7648,0.3799651673054243
1,-0.5,-0.25,4.7664,0.379941336692401
1,-0.5,-0.25,4.768,0.3799175083607017
1,-0.5,-0.25,4.7696000000000005,0.37989368230703635
1,-0.5,-0.25,4.7712,0.3798698585281193
1,-0.5,-0.25,4.7728,0.379846037020669
1,-0.5,-0.25,4.7744,0.3798222177814081
1,-0.5,-0.25,4.776,0.37979840080706373
1,-0.5,-0.25,4.7776000000000005,0.3797745860943671
1,-0.5,-0.25,4.7792,0.37975077364005366
1,-0.5,-0.25,4.7808,0.3797269634408631
1,-0.5,-0.25,4.7824,0.3797031554935394
1,-0.5,-0.25,4.784,0.37967934979483076
1,-0.5,-0.25,4.7856000000000005,0.37965554634148957
1,-0.5,-0.25,4.7872,0.3796317451302725
1,-0.5,-0.25,4.7888,0.37960794615794036
1,-0.5,-0.25,4.7904,0.3795841494212581
1,-0.5,-0.25,4.792,0.3795603549169951
1,-0.5,-0.25,4.7936000000000005,0.37953656264192476
1,-0.5,-0.25,4.7952,0.37951277259282484
1,-0.5,-0.25,4.7968,0.3794889847664772
1,-0.5,-0.25,4.7984,0.37946519915966787
1,-0.5,-0.25,4.8,0.379441415769187
1,-0.5,-0.25,4.8016000000000005,0.37941763459182914
1,-0.5,-0.25,4.8032,0.3793938556243929
1,-0.5,-0.25,4.8048,0.379370078863681
1,-0.5,-0.25,4.8064,0.3793463043065005
1,-0.5,-0.25,4.808,0.37932253194966253
1,-0.5,-0.25,4.8096000000000005,0.37929876178998234
1,-0.5,-0.25,4.8112,0.3792749938242795
1,-0.5,-0.25,4.8128,0.37925122804937755
1,-0.5,-0.25,4.8144,0.37922746446210437
1,-0.5,-0.25,4.816,0.37920370305929174
1,-0.5,-0.25,4.8176000000000005,0.37917994383777587
1,-0.5,-0.25,4.8192,0.379156186794397
1,-0.5,-0.25,4.8208,0.3791324319259994
1,-0.5,-0.25,4.8224,0.37910867922943164
1,-0.5,-0.25,4.824,0.37908492870154636
1,-0.5,-0.25,4.8256000000000006,0.3790611803392003
1,-0.5,-0.25,4.8272,0.3790374341392543
1,-0.5,-0.25,4.8288,0.3790136900985734
1,-0.5,-0.25,4.8304,0.37898994821402665
1,-0.5,-0.25,4.832,0.37896620848248747
1,-0.5,-0.25,4.833600000000001,0.37894247090083305
1,-0.5,-0.25,4.8352,0.3789187354659448
1,-0.5,-0.25,4.8368,0.37889500217470834
1,-0.5,-0.25,4.8384,0.37887127102401336
1,-0.5,-0.25,4.84,0.37884754201075344
1,-0.5,-0.25,4.841600000000001,0.3788238151318265
1,-0.5,-0.25,4.8432,0.37880009038413454
1,-0.5,-0.25,4.8448,0.3787763677645835
1,-0.5,-0.25,4.8464,0.3787526472700834
1,-0.5,-0.25,4.848,0.37872892889754833
1,-0.5,-0.25,4.849600000000001,0.3787052126438966
1,-0.5,-0.25,4.8512,0.3786814985060505
1,-0.5,-0.25,4.8528,0.37865778648093623
1,-0.5,-0.25,4.8544,0.3786340765654843
1,-0.5,-0.25,4.856,0.37861036875662923
1,-0.5,-0.25,4.857600000000001,0.37858666305130945
1,-0.5,-0.25,4.8592,0.3785629594464675
1,-0.5,-0.25,4.8608,0.37853925793904997
1,-0.5,-0.25,4.8624,0.37851555852600755
1,-0.5,-0.25,4.864,0.37849186120429484
1,-0.5,-0.25,4.865600000000001,0.3784681659708706
1,-0.5,-0.25,4.8672,0.3784444728226975
1,-0.5,-0.25,4.8688,0.3784207817567424
1,-0.5,-0.25,4.8704,0.37839709276997585
1,-0.5,-0.25,4.872,0.3783734058593729
1,-0.5,-0.25,4.873600000000001,0.3783497210219122
1,-0.5,-0.25,4.8752,0.37832603825457667
1,-0.5,-0.25,4.8768,0.37830235755435304
1,-0.5,-0.25,4.8784,0.3782786789182321
1,-0.5,-0.25,4.88,0.37825500234320875
1,-0.5,-0.25,4.881600000000001,0.3782313278262819
1,-0.5,-0.25,4.8832,0.37820765536445416
1,-0.5,-0.25,4.8848,0.37818398495473227
1,-0.5,-0.25,4.8864,0.3781603165941272
1,-0.5,-0.25,4.888,0.37813665027965354
1,-0.5,-0.25,4.889600000000001,0.3781129860083301
1,-0.5,-0.25,4.8912,0.37808932377717946
1,-0.5,-0.25,4.8928,0.37806566358322835
1,-0.5,-0.25,4.8944,0.37804200542350747
1,-0.5,-0.25,4.896,0.37801834929505124
1,-0.5,-0.25,4.897600000000001,0.3779946951948983
1,-0.5,-0.25,4.8992,0.3779710431200911
1,-0.5,-0.25,4.9008,0.37794739306767616
1,-0.5,-0.25,4.9024,0.37792374503470383
1,-0.5,-0.25,4.904,0.37790009901822835
1,-0.5,-0.25,4.905600000000001,0.377876455015308
1,-0.5,-0.25,4.9072000000000005,0.37785281302300505
1,-0.5,-0.25,4.9088,0.3778291730383854
1,-0.5,-0.25,4.9104,0.37780553505851944
1,-0.5,-0.25,4.912,0.3777818990804809
1,-0.5,-0.25,4.913600000000001,0.37775826510134763
1,-0.5,-0.25,4.9152000000000005,0.37773463311820166
1,-0.5,-0.25,4.9168,0.37771100312812855
1,-0.5,-0.25,4.9184,0.3776873751282179
1,-0.5,-0.25,4.92,0.3776637491155632
1,-0.5,-0.25,4.921600000000001,0.377640125087262
1,-0.5,-0.25,4.9232000000000005,0.3776165030404156
1,-0.5,-0.25,4.9248,0.377592882972129
1,-0.5,-0.25,4.9264,0.3775692648795115
1,-0.5,-0.25,4.928,0.37754564875967594
1,-0.5,-0.25,4.929600000000001,0.3775220346097394
1,-0.5,-0.25,4.9312000000000005,0.3774984224268224
1,-0.5,-0.25,4.9328,0.37747481220804974
1,-0.5,-0.25,4.9344,0.3774512039505497
1,-0.5,-0.25,4.936,0.37742759765145467
1,-0.5,-0.25,4.937600000000001,0.3774039933079009
1,-0.5,-0.25,4.9392000000000005,0.37738039091702846
1,-0.5,-0.25,4.9408,0.3773567904759813
1,-0.5,-0.25,4.9424,0.3773331919819072
1,-0.5,-0.25,4.944,0.3773095954319576
1,-0.5,-0.25,4.945600000000001,0.3772860008232881
1,-0.5,-0.25,4.9472000000000005,0.377262408153058
1,-0.5,-0.25,4.9488,0.3772388174184303
1,-0.5,-0.25,4.9504,0.37721522861657214
1,-0.5,-0.25,4.952,0.37719164174465425
1,-0.5,-0.25,4.953600000000001,0.3771680567998512
1,-0.5,-0.25,4.9552000000000005,0.3771444737793415
1,-0.5,-0.25,4.9568,0.3771208926803074
1,-0.5,-0.25,4.9584,0.37709731349993497
1,-0.5,-0.25,4.96,0.377073736235414
1,-0.5,-0.25,4.961600000000001,0.37705016088393833
1,-0.5,-0.25,4.9632000000000005,0.37702658744270534
1,-0.5,-0.25,4.9648,0.37700301590891633
1,-0.5,-0.25,4.9664,0.3769794462797764
1,-0.5,-0.25,4.968,0.37695587855249446
1,-0.5,-0.25,4.9696,0.3769323127242831
1,-0.5,-0.25,4.9712000000000005,0.37690874879235875
1,-0.5,-0.25,4.9728,0.3768851867539417
1,-0.5,-0.25,4.9744,0.3768616266062559
1,-0.5,-0.25,4.976,0.3768380683465291
1,-0.5,-0.25,4.9776,0.37681451197199295
1,-0.5,-0.25,4.9792000000000005,0.3767909574798827
1,-0.5,-0.25,4.9808,0.3767674048674375
1,-0.5,-0.25,4.9824,0.37674385413190004
1,-0.5,-0.25,4.984,0.37672030527051703
1,-0.5,-0.25,4.9856,0.3766967582805387
1,-0.5,-0.25,4.9872000000000005,0.3766732131592192
1,-0.5,-0.25,4.9888,0.3766496699038164
1,-0.5,-0.25,4.9904,0.37662612851159166
1,-0.5,-0.25,4.992,0.3766025889798106
1,-0.5,-0.25,4.9936,0.376579051305742
1,-0.5,-0.25,4.9952000000000005,0.3765555154866586
1,-0.5,-0.25,4.9968,0.376531981519837
1,-0.5,-0.25,4.9984,0.3765084494025574
1,-0.5,-0.25,5.0,0.3764849191321038
2,0.45,0.35,0.0,1.0
2,0.45,0.35,0.0016,0.9999942786515227
2,0.45,0.35,0.0032,0.9999412968511481
2,0.45,0.35,0.0048000000000000004,0.9997967275410228
2,0.45,0.35,0.0064,0.9995288865770547
2,0.45,0.35,0.008,0.9991162245586086
2,0.45,0.35,0.009600000000000001,0.9985452557939296
2,0.45,0.35,0.0112,0.9978088527264158
2,0.45,0.35,0.0128,0.9969048455245374
2,0.45,0.35,0.014400000000000001,0.9958348761431185
2,0.45,0.35,0.016,0.9946034642687659
2,0.45,0.35,0.0176,0.9932172493986924
2,0.45,0.35,0.019200000000000002,0.9916843790660232
2,0.45,0.35,0.020800000000000003,0.9900140180818836
2,0.45,0.35,0.0224,0.9882159577557192
2,0.45,0.35,0.024,0.9863003074993953
2,0.45,0.35,0.0256,0.9842772541183531
2,0.45,0.35,0.027200000000000002,0.9821568765296607
2,0.45,0.35,0.028800000000000003,0.9799490056942144
2,0.45,0.35,0.0304,0.9776631212695429
2,0.45,0.35,0.032,0.9753082779321083
2,0.45,0.35,0.033600000000000005,0.9728930555271936
2,0.45,0.35,0.0352,0.970425528217171
2,0.45,0.35,0.0368,0.9679132486461812
2,0.45,0.35,0.038400000000000004,0.9653632438472562
2,0.45,0.35,0.04,0.9627820202087906
2,0.45,0.35,0.041600000000000005,0.9601755753096942
2,0.45,0.35,0.0432,0.957549414842294
2,0.45,0.35,0.0448,0.9549085731823813
2,0.45,0.35,0.046400000000000004,0.9522576364479165
2,0.45,0.35,0.048,0.9496007671212696
2,0.45,0.35,0.049600000000000005,0.9469417295024081
2,0.45,0.35,0.0512,0.9442839154188704
2,0.45,0.35,0.0528,0.9416303697483
2,0.45,0.35,0.054400000000000004,0.9389838154154937
2,0.45,0.35,0.056,0.9363466776123354
2,0.45,0.35,0.057600000000000005,0.9337211070589644
2,0.45,0.35,0.0592,0.931109002180883
2,0.45,0.35,0.0608,0.9285120301217834
2,0.45,0.35,0.062400000000000004,0.9259316465476408
2,0.45,0.35,0.064,0.9233691142257142
2,0.45,0.35,0.0656,0.9208255203839063
2,0.45,0.35,0.06720000000000001,0.9183017928725876
2,0.45,0.35,0.0688,0.9157987151634613
2,0.45,0.35,0.0704,0.9133169402291068
2,0.45,0.35,0.07200000000000001,0.9108570033531677
2,0.45,0.35,0.0736,0.9084193339252815
2,0.45,0.35,0.0752,0.9060042662772256
2,0.45,0.35,0.07680000000000001,0.9036120496177679
2,0.45,0.35,0.0784,0.9012428571236463
2,0.45,0.35,0.08,0.8988967942432186
2,0.45,0.35,0.0816,0.8965739062678234
2,0.45,0.35,0.08320000000000001,0.8942741852239413
2,0.45,0.35,0.0848,0.8919975761369734
2,0.45,0.35,0.0864,0.8897439827149671
2,0.45,0.35,0.08800000000000001,0.8875132724980132
2,0.45,0.35,0.0896,0.8853052815163612
2,0.45,0.35,0.0912,0.8831198184976286
2,0.45,0.35,0.09280000000000001,0.880956668660824
2,0.45,0.35,0.0944,0.8788155971323369
2,0.45,0.35,0.096,0.8766963520165356
2,0.45,0.35,0.0976,0.8745986671512348
2,0.45,0.35,0.09920000000000001,0.8725222645760067
2,0.45,0.35,0.1008,0.8704668567391517
2,0.45,0.35,0.1024,0.8684321484671081
2,0.45,0.35,0.10400000000000001,0.8664178387181674
2,0.45,0.35,0.1056,0.864423622140571
2,0.45,0.35,0.1072,0.8624491904533982
2,0.45,0.35,0.10880000000000001,0.8604942336670962
2,0.45,0.35,0.11040000000000001,0.8585584411590695
2,0.45,0.35,0.112,0.8566415026184087
2,0.45,0.35,0.1136,0.8547431088726035
2,0.45,0.35,0.11520000000000001,0.8528629526079574
2,0.45,0.35,0.1168,0.8510007289943623
2,0.45,0.35,0.1184,0.8491561362241422
2,0.45,0.35,0.12000000000000001,0.8473288759737818
2,0.45,0.35,0.1216,0.8455186537965521
2,0.45,0.35,0.1232,0.8437251794532995
2,0.45,0.35,0.12480000000000001,0.8419481671879897
2,0.45,0.35,0.1264,0.8401873359539724
2,0.45,0.35,0.128,0.8384424095963726
2,0.45,0.35,0.1296,0.8367131169954927
2,0.45,0.35,0.1312,0.8349991921756393
2,0.45,0.35,0.1328,0.833300374383363
2,0.45,0.35,0.13440000000000002,0.8316164081387025
2,0.45,0.35,0.136,0.8299470432626767
2,0.45,0.35,0.1376,0.828292034883939
2,0.45,0.35,0.13920000000000002,0.8266511434272208
2,0.45,0.35,0.1408,0.8250241345859181
2,0.45,0.35,0.1424,0.8234107792809414
2,0.45,0.35,0.14400000000000002,0.821810853607724
2,0.45,0.35,0.1456,0.8202241387730903
2,0.45,0.35,0.1472,0.8186504210235022
2,0.45,0.35,0.14880000000000002,0.8170894915660418
2,0.45,0.35,0.1504,0.8155411464833429
2,0.45,0.35,0.152,0.8140051866435473
2,0.45,0.35,0.15360000000000001,0.8124814176062459
2,0.45,0.35,0.1552,0.8109696495252542
2,0.45,0.35,0.1568,0.8094696970489762
2,0.45,0.35,0.1584,0.8079813792190206
2,0.45,0.35,0.16,0.8065045193676564
2,0.45,0.35,0.16160000000000002,0.8050389450146235
2,0.45,0.35,0.1632,0.8035844877637466
2,0.45,0.35,0.1648,0.8021409831997498
2,0.45,0.35,0.16640000000000002,0.8007082707856115
2,0.45,0.35,0.168,0.7992861937607557
2,0.45,0.35,0.1696,0.7978745990403365
2,0.45,0.35,0.17120000000000002,0.7964733371158306
2,0.45,0.35,0.1728,0.7950822619571231
2,0.45,0.35,0.1744,0.7937012309162446
2,0.45,0.35,0.17600000000000002,0.7923301046328843
2,0.45,0.35,0.1776,0.7909687469417876
2,0.45,0.35,0.1792,0.789617024782121
2,0.45,0.35,0.18080000000000002,0.7882748081088735
2,0.45,0.35,0.1824,0.7869419698063418
2,0.45,0.35,0.184,0.7856183856037373
2,0.45,0.35,0.18560000000000001,0.7843039339929372
2,0.45,0.35,0.1872,0.7829984961483925
2,0.45,0.35,0.1888,0.781701955849195
2,0.45,0.35,0.1904,0.7804141994032987
2,0.45,0.35,0.192,0.7791351155738807
2,0.45,0.35,0.19360000000000002,0.777864595507823
2,0.45,0.35,0.1952,0.7766025326662926
2,0.45,0.35,0.1968,0.7753488227573854
2,0.45,0.35,0.19840000000000002,0.7741033636708059
2,0.45,0.35,0.2,0.7728660554145436
2,0.45,0.35,0.2016,0.7716368000535057
2,0.45,0.35,0.20320000000000002,0.770415501650068
2,0.45,0.35,0.2048,0.7692020662064977
2,0.45,0.35,0.2064,0.7679964016092043
2,0.45,0.35,0.20800000000000002,0.7667984175747754
2,0.45,0.35,0.2096,0.7656080255977463
2,0.45,0.35,0.2112,0.7644251389000623
2,0.45,0.35,0.21280000000000002,0.7632496723821828
2,0.45,0.35,0.2144,0.762081542575782
2,0.45,0.35,0.216,0.7609206675979985
2,0.45,0.35,0.21760000000000002,0.7597669671071893
2,0.45,0.35,0.2192,0.7586203622601403
2,0.45,0.35,0.22080000000000002,0.7574807756706897
2,0.45,0.35,0.22240000000000001,0.756348131369718
2,0.45,0.35,0.224,0.7552223547664623
2,0.45,0.35,0.22560000000000002,0.7541033726111118
2,0.45,0.35,0.2272,0.7529911129586412
2,0.45,0.35,0.2288,0.7518855051338429
2,0.45,0.35,0.23040000000000002,0.7507864796975147
2,0.45,0.35,0.232,0.749693968413768
2,0.45,0.35,0.2336,0.748607904218415
2,0.45,0.35,0.23520000000000002,0.7475282211883991
2,0.45,0.35,0.2368,0.746454854512232
2,0.45,0.35,0.2384,0.7453877404614037
2,0.45,0.35,0.24000000000000002,0.7443268163627297
2,0.45,0.35,0.2416,0.743272020571604
2,0.45,0.35,0.2432,0.7422232924461244
2,0.45,0.35,0.24480000000000002,0.7411805723220608
2,0.45,0.35,0.2464,0.7401438014886355
2,0.45,0.35,0.248,0.739112922165087
2,0.45,0.35,0.24960000000000002,0.7380878774779891
2,0.45,0.35,0.25120000000000003,0.737068611439299
2,0.45,0.35,0.2528,0.7360550689251072
2,0.45,0.35,0.2544,0.7350471956550646
2,0.45,0.35,0.256,0.7340449381724632
2,0.45,0.35,0.2576,0.7330482438249446
2,0.45,0.35,0.2592,0.7320570607458172
2,0.45,0.35,0.26080000000000003,0.7310713378359573
2,0.45,0.35,0.2624,0.7300910247462739
2,0.45,0.35,0.264,0.7291160718607178
2,0.45,0.35,0.2656,0.7281464302798146
2,0.45,0.35,0.2672,0.7271820518047032
2,0.45,0.35,0.26880000000000004,0.7262228889216611
2,0.45,0.35,0.27040000000000003,0.7252688947870998
2,0.45,0.35,0.272,0.7243200232130129
2,0.45,0.35,0.2736,0.723376228652862
2,0.45,0.35,0.2752,0.7224374661878818
2,0.45,0.35,0.2768,0.7215036915137941
2,0.45,0.35,0.27840000000000004,0.7205748609279113
2,0.45,0.35,0.28,0.7196509313166194
2,0.45,0.35,0.2816,0.7187318601432244
2,0.45,0.35,0.2832,0.7178176054361525
2,0.45,0.35,0.2848,0.716908125777486
2,0.45,0.35,0.2864,0.7160033802918314
2,0.45,0.35,0.28800000000000003,0.7151033286355002
2,0.45,0.35,0.2896,0.7142079309859954
2,0.45,0.35,0.2912,0.7133171480317938
2,0.45,0.35,0.2928,0.7124309409624108
2,0.45,0.35,0.2944,0.7115492714587411
2,0.45,0.35,0.29600000000000004,0.7106721016836639
2,0.45,0.35,0.29760000000000003,0.7097993942729036
2,0.45,0.35,0.2992,0.7089311123261394
2,0.45,0.35,0.3008,0.7080672193983509
2,0.45,0.35,0.3024,0.7072076794913983
2,0.45,0.35,0.304,0.7063524570458217
2,0.45,0.35,0.30560000000000004,0.7055015169328589
2,0.45,0.35,0.30720000000000003,0.7046548244466704
2,0.45,0.35,0.3088,0.7038123452967656
2,0.45,0.35,0.3104,0.7029740456006243
2,0.45,0.35,0.312,0.7021398918765056
2,0.45,0.35,0.3136,0.7013098510364406
2,0.45,0.35,0.31520000000000004,0.7004838903794002
2,0.45,0.35,0.3168,0.6996619775846327
2,0.45,0.35,0.3184,0.6988440807051683
2,0.45,0.35,0.32,0.6980301681614821
2,0.45,0.35,0.3216,0.6972202087353114
2,0.45,0.35,0.32320000000000004,0.6964141715636236
2,0.45,0.35,0.32480000000000003,0.6956120261327288
2,0.45,0.35,0.3264,0.6948137422725315
2,0.45,0.35,0.328,0.6940192901509209
2,0.45,0.35,0.3296,0.6932286402682903
2,0.45,0.35,0.3312,0.6924417634521859
2,0.45,0.35,0.33280000000000004,0.691658630852078
2,0.45,0.35,0.33440000000000003,0.6908792139342537
2,0.45,0.35,0.336,0.6901034844768248
2,0.45,0.35,0.3376,0.6893314145648491
2,0.45,0.35,0.3392,0.6885629765855601
2,0.45,0.35,0.3408,0.6877981432237041
2,0.45,0.35,0.34240000000000004,0.6870368874569798
2,0.45,0.35,0.34400000000000003,0.6862791825515774
2,0.45,0.35,0.3456,0.685525002057815
2,0.45,0.35,0.3472,0.6847743198058696
2,0.45,0.35,0.3488,0.684027109901599
2,0.45,0.35,0.3504,0.6832833467224528
2,0.45,0.35,0.35200000000000004,0.6825430049134695
2,0.45,0.35,0.3536,0.6818060593833569
2,0.45,0.35,0.3552,0.6810724853006552
2,0.45,0.35,0.3568,0.6803422580899785
2,0.45,0.35,0.3584,0.679615353428333
2,0.45,0.35,0.36000000000000004,0.6788917472415102
2,0.45,0.35,0.36160000000000003,0.6781714157005533
2,0.45,0.35,0.3632,0.677454335218294
2,0.45,0.35,0.3648,0.6767404824459579
2,0.45,0.35,0.3664,0.6760298342698371
2,0.45,0.35,0.368,0.6753223678080285
2,0.45,0.35,0.36960000000000004,0.6746180604072346
2,0.45,0.35,0.37120000000000003,0.6739168896396264
2,0.45,0.35,0.3728,0.6732188332997667
2,0.45,0.35,0.3744,0.6725238694015924
2,0.45,0.35,0.376,0.6718319761754522
2,0.45,0.35,0.3776,0.6711431320652017
2,0.45,0.35,0.37920000000000004,0.6704573157253517
2,0.45,0.35,0.3808,0.6697745060182697
2,0.45,0.35,0.3824,0.6690946820114322
2,0.45,0.35,0.384,0.6684178229747274
2,0.45,0.35,0.3856,0.6677439083778081
2,0.45,0.35,0.38720000000000004,0.6670729178874899
2,0.45,0.35,0.38880000000000003,0.6664048313651981
2,0.45,0.35,0.3904,0.665739628864459
2,0.45,0.35,0.392,0.665077290628435
2,0.45,0.35,0.3936,0.6644177970875041
2,0.45,0.35,0.3952,0.6637611288568812
2,0.45,0.35,0.39680000000000004,0.6631072667342794
2,0.45,0.35,0.39840000000000003,0.6624561916976136
2,0.45,0.35,0.4,0.661807884902742
2,0.45,0.35,0.4016,0.6611623276812462
2,0.45,0.35,0.4032,0.6605195015382488
2,0.45,0.35,0.4048,0.6598793881502674
2,0.45,0.35,0.40640000000000004,0.6592419693631052
2,0.45,0.35,0.40800000000000003,0.658607227189776
2,0.45,0.35,0.4096,0.6579751438084629
2,0.45,0.35,0.4112,0.6573457015605115
2,0.45,0.35,0.4128,0.6567188829484549
2,0.45,0.35,0.41440000000000005,0.656094670634071
2,0.45,0.35,0.41600000000000004,0.655473047436471
2,0.45,0.35,0.4176,0.6548539963302187
2,0.45,0.35,0.4192,0.65423750044348
2,0.45,0.35,0.4208,0.6536235430561999
2,0.45,0.35,0.4224,0.6530121075983112
2,0.45,0.35,0.42400000000000004,0.6524031776479683
2,0.45,0.35,0.42560000000000003,0.6517967369298101
2,0.45,0.35,0.4272,0.6511927693132495
2,0.45,0.35,0.4288,0.650591258810789
2,0.45,0.35,0.4304,0.6499921895763625
2,0.45,0.35,0.432,0.6493955459037016
2,0.45,0.35,0.43360000000000004,0.6488013122247276
2,0.45,0.35,0.43520000000000003,0.648209473107967
2,0.45,0.35,0.4368,0.647620013256991
2,0.45,0.35,0.4384,0.6470329175088784
2,0.45,0.35,0.44,0.6464481708327013
2,0.45,0.35,0.44160000000000005,0.6458657583280328
2,0.45,0.35,0.44320000000000004,0.6452856652234775
2,0.45,0.35,0.44480000000000003,0.6447078768752222
2,0.45,0.35,0.4464,0.644132378765609
2,0.45,0.35,0.448,0.6435591565017285
2,0.45,0.35,0.4496,0.6429881958140324
2,0.45,0.35,0.45120000000000005,0.6424194825549685
2,0.45,0.35,0.45280000000000004,0.641853002697632
2,0.45,0.35,0.4544,0.6412887423344387
2,0.45,0.35,0.456,0.640726687675815
2,0.45,0.35,0.4576,0.6401668250489081
2,0.45,0.35,0.4592,0.639609140896313
2,0.45,0.35,0.46080000000000004,0.6390536217748176
2,0.45,0.35,0.46240000000000003,0.6385002543541652
2,0.45,0.35,0.464,0.6379490254158353
2,0.45,0.35,0.4656,0.6373999218518389
2,0.45,0.35,0.4672,0.6368529306635327
2,0.45,0.35,0.46880000000000005,0.6363080389604476
2,0.45,0.35,0.47040000000000004,0.6357652339591355
2,0.45,0.35,0.47200000000000003,0.6352245029820283
2,0.45,0.35,0.4736,0.6346858334563159
2,0.45,0.35,0.4752,0.6341492129128371
2,0.45,0.35,0.4768,0.6336146289849858
2,0.45,0.35,0.47840000000000005,0.6330820694076322
2,0.45,0.35,0.48000000000000004,0.6325515220160584
2,0.45,0.35,0.48160000000000003,0.632022974744907
2,0.45,0.35,0.4832,0.6314964156271453
2,0.45,0.35,0.4848,0.6309718327930414
2,0.45,0.35,0.4864,0.6304492144691553
2,0.45,0.35,0.48800000000000004,0.6299285489773416
2,0.45,0.35,0.48960000000000004,0.6294098247337669
2,0.45,0.35,0.4912,0.6288930302479379
2,0.45,0.35,0.4928,0.6283781541217434
2,0.45,0.35,0.4944,0.6278651850485094
2,0.45,0.35,0.496,0.6273541118120641
2,0.45,0.35,0.49760000000000004,0.6268449232858163
2,0.45,0.35,0.49920000000000003,0.6263376084318454
2,0.45,0.35,0.5008,0.6258321563000027
2,0.45,0.35,0.5024000000000001,0.6253285560270238
2,0.45,0.35,0.504,0.6248267968356532
2,0.45,0.35,0.5056,0.6243268680337791
2,0.45,0.35,0.5072,0.6238287590135785
2,0.45,0.35,0.5088,0.623332459250674
2,0.45,0.35,0.5104000000000001,0.6228379583033014
2,0.45,0.35,0.512,0.6223452458114854
2,0.45,0.35,0.5136000000000001,0.6218543114962287
2,0.45,0.35,0.5152,0.6213651451587081
2,0.45,0.35,0.5168,0.6208777366794823
2,0.45,0.35,0.5184,0.6203920760177092
2,0.45,0.35,0.52,0.6199081532103715
2,0.45,0.35,0.5216000000000001,0.6194259583715139
2,0.45,0.35,0.5232,0.6189454816914869
2,0.45,0.35,0.5248,0.6184667134362022
2,0.45,0.35,0.5264,0.6179896439463957
2,0.45,0.35,0.528,0.6175142636368997
2,0.45,0.35,0.5296000000000001,0.6170405629959235
2,0.45,0.35,0.5312,0.6165685325843435
2,0.45,0.35,0.5328,0.616098163035001
2,0.45,0.35,0.5344,0.6156294450520079
2,0.45,0.35,0.536,0.6151623694100621
2,0.45,0.35,0.5376000000000001,0.6146969269537697
2,0.45,0.35,0.5392,0.6142331085969758
2,0.45,0.35,0.5408000000000001,0.613770905322103
2,0.45,0.35,0.5424,0.6133103081794975
2,0.45,0.35,0.544,0.612851308286783
2,0.45,0.35,0.5456,0.6123938968282222
2,0.45,0.35,0.5472,0.611938065054086
2,0.45,0.35,0.5488000000000001,0.6114838042800295
2,0.45,0.35,0.5504,0.6110311058864745
2,0.45,0.35,0.552,0.6105799613180015
2,0.45,0.35,0.5536,0.6101303620827465
2,0.45,0.35,0.5552,0.609682299751805
2,0.45,0.35,0.5568000000000001,0.6092357659586441
2,0.45,0.35,0.5584,0.6087907523985202
2,0.45,0.35,0.56,0.6083472508279031
2,0.45,0.35,0.5616,0.6079052530639081
2,0.45,0.35,0.5632,0.6074647509837329
2,0.45,0.35,0.5648000000000001,0.6070257365241016
2,0.45,0.35,0.5664,0.6065882016807153
2,0.45,0.35,0.5680000000000001,0.606152138507708
2,0.45,0.35,0.5696,0.6057175391171102
2,0.45,0.35,0.5712,0.605284395678316
2,0.45,0.35,0.5728,0.6048527004175586
2,0.45,0.35,0.5744,0.6044224456173903
2,0.45,0.35,0.5760000000000001,0.6039936236161686
2,0.45,0.35,0.5776,0.6035662268075479
2,0.45,0.35,0.5792,0.6031402476399776
2,0.45,0.35,0.5808,0.6027156786162045
2,0.45,0.35,0.5824,0.6022925122927808
2,0.45,0.35,0.5840000000000001,0.6018707412795795
2,0.45,0.35,0.5856,0.6014503582393118
2,0.45,0.35,0.5872,0.601031355887053
2,0.45,0.35,0.5888,0.6006137269897716
2,0.45,0.35,0.5904,0.6001974643658639
2,0.45,0.35,0.5920000000000001,0.5997825608846943
2,0.45,0.35,0.5936,0.5993690094661397
2,0.45,0.35,0.5952000000000001,0.5989568030801398
2,0.45,0.35,0.5968,0.5985459347462507
2,0.45,0.35,0.5984,0.598136397533206
2,0.45,0.35,0.6,0.5977281845584791
2,0.45,0.35,0.6016,0.5973212889878534
2,0.45,0.35,0.6032000000000001,0.5969157040349954
2,0.45,0.35,0.6048,0.5965114229610322
2,0.45,0.35,0.6064,0.5961084390741349
2,0.45,0.35,0.608,0.5957067457291048
2,0.45,0.35,0.6096,0.5953063363269648
2,0.45,0.35,0.6112000000000001,0.5949072043145562
2,0.45,0.35,0.6128,0.5945093431841368
2,0.45,0.35,0.6144000000000001,0.5941127464729866
2,0.45,0.35,0.616,0.5937174077630156
2,0.45,0.35,0.6176,0.5933233206803764
2,0.45,0.35,0.6192000000000001,0.5929304788950802
2,0.45,0.35,0.6208,0.592538876120618
2,0.45,0.35,0.6224000000000001,0.5921485061135845
2,0.45,0.35,0.624,0.5917593626733075
2,0.45,0.35,0.6256,0.5913714396414794
2,0.45,0.35,0.6272,0.5909847309017933
2,0.45,0.35,0.6288,0.5905992303795828
2,0.45,0.35,0.6304000000000001,0.5902149320414664
2,0.45,0.35,0.632,0.5898318298949939
2,0.45,0.35,0.6336,0.589449917988298
2,0.45,0.35,0.6352,0.5890691904097486
2,0.45,0.35,0.6368,0.5886896412876104
2,0.45,0.35,0.6384000000000001,0.5883112647897049
2,0.45,0.35,0.64,0.5879340551230756
2,0.45,0.35,0.6416000000000001,0.587558006533656
2,0.45,0.35,0.6432,0.5871831133059418
2,0.45,0.35,0.6448,0.5868093697626656
2,0.45,0.35,0.6464000000000001,0.5864367702644762
2,0.45,0.35,0.648,0.5860653092096194
2,0.45,0.35,0.6496000000000001,0.5856949810336235
2,0.45,0.35,0.6512,0.585325780208987
2,0.45,0.35,0.6528,0.5849577012448703
2,0.45,0.35,0.6544,0.5845907386867899
2,0.45,0.35,0.656,0.5842248871163156
2,0.45,0.35,0.6576000000000001,0.5838601411507715
2,0.45,0.35,0.6592,0.583496495442939
2,0.45,0.35,0.6608,0.5831339446807633
2,0.45,0.35,0.6624,0.5827724835870627
2,0.45,0.35,0.664,0.5824121069192413
2,0.45,0.35,0.6656000000000001,0.5820528094690036
2,0.45,0.35,0.6672,0.5816945860620724
2,0.45,0.35,0.6688000000000001,0.5813374315579098
2,0.45,0.35,0.6704,0.5809813408494409
2,0.45,0.35,0.672,0.5806263088627789
2,0.45,0.35,0.6736000000000001,0.5802723305569556
2,0.45,0.35,0.6752,0.5799194009236519
2,0.45,0.35,0.6768000000000001,0.579567514986932
2,0.45,0.35,0.6784,0.5792166678029806
2,0.45,0.35,0.68,0.5788668544598421
2,0.45,0.35,0.6816,0.5785180700771625
2,0.45,0.35,0.6832,0.5781703098059336
2,0.45,0.35,0.6848000000000001,0.5778235688282407
2,0.45,0.35,0.6864,0.5774778423570107
2,0.45,0.35,0.6880000000000001,0.5771331256357655
2,0.45,0.35,0.6896,0.5767894139383746
2,0.45,0.35,0.6912,0.5764467025688128
2,0.45,0.35,0.6928000000000001,0.5761049868609185
2,0.45,0.35,0.6944,0.5757642621781555
2,0.45,0.35,0.6960000000000001,0.5754245239133756
2,0.45,0.35,0.6976,0.5750857674885859
2,0.45,0.35,0.6992,0.5747479883547151
2,0.45,0.35,0.7008,0.5744111819913852
2,0.45,0.35,0.7024,0.5740753439066831
2,0.45,0.35,0.7040000000000001,0.5737404696369359
2,0.45,0.35,0.7056,0.5734065547464869
2,0.45,0.35,0.7072,0.5730735948274752
2,0.45,0.35,0.7088,0.5727415854996164
2,0.45,0.35,0.7104,0.5724105224099851
2,0.45,0.35,0.7120000000000001,0.5720804012328013
2,0.45,0.35,0.7136,0.5717512176692165
2,0.45,0.35,0.7152000000000001,0.5714229674471034
2,0.45,0.35,0.7168,0.5710956463208463
2,0.45,0.35,0.7184,0.5707692500711353
2,0.45,0.35,0.7200000000000001,0.5704437745047602
2,0.45,0.35,0.7216,0.5701192154544085
2,0.45,0.35,0.7232000000000001,0.5697955687784632
2,0.45,0.35,0.7248,0.5694728303608046
2,0.45,0.35,0.7264,0.569150996110612
2,0.45,0.35,0.728,0.5688300619621686
2,0.45,0.35,0.7296,0.5685100238746674
2,0.45,0.35,0.7312000000000001,0.5681908778320198
2,0.45,0.35,0.7328,0.567872619842665
2,0.45,0.35,0.7344,0.5675552459393811
2,0.45,0.35,0.736,0.5672387521790997
2,0.45,0.35,0.7376,0.5669231346427196
2,0.45,0.35,0.7392000000000001,0.5666083894349243
2,0.45,0.35,0.7408,0.5662945126840002
2,0.45,0.35,0.7424000000000001,0.5659815005416566
2,0.45,0.35,0.744,0.5656693491828476
2,0.45,0.35,0.7456,0.5653580548055951
2,0.45,0.35,0.7472000000000001,0.5650476136308143
2,0.45,0.35,0.7488,0.5647380219021402
2,0.45,0.35,0.7504000000000001,0.5644292758857546
2,0.45,0.35,0.752,0.5641213718702178
2,0.45,0.35,0.7536,0.563814306166298
2,0.45,0.35,0.7552,0.5635080751068053
2,0.45,0.35,0.7568,0.5632026750464253
2,0.45,0.35,0.7584000000000001,0.5628981023615551
2,0.45,0.35,0.76,0.5625943534501405
2,0.45,0.35,0.7616,0.5622914247315155
2,0.45,0.35,0.7632,0.5619893126462406
2,0.45,0.35,0.7648,0.5616880136559467
2,0.45,0.35,0.7664000000000001,0.5613875242431763
2,0.45,0.35,0.768,0.5610878409112288
2,0.45,0.35,0.7696000000000001,0.5607889601840065
2,0.45,0.35,0.7712,0.560490878605861
2,0.45,0.35,0.7728,0.5601935927414429
2,0.45,0.35,0.7744000000000001,0.5598970991755504
2,0.45,0.35,0.776,0.5596013945129815
2,0.45,0.35,0.7776000000000001,0.5593064753783864
2,0.45,0.35,0.7792,0.5590123384161209
2,0.45,0.35,0.7808,0.5587189802901024
2,0.45,0.35,0.7824,0.5584263976836651
2,0.45,0.35,0.784,0.5581345872994189
2,0.45,0.35,0.7856000000000001,0.5578435458591079
2,0.45,0.35,0.7872,0.5575532701034704
2,0.45,0.35,0.7888000000000001,0.5572637567921006
2,0.45,0.35,0.7904,0.5569750027033111
2,0.45,0.35,0.792,0.5566870046339967
2,0.45,0.35,0.7936000000000001,0.5563997593994996
2,0.45,0.35,0.7952,0.5561132638334755
2,0.45,0.35,0.7968000000000001,0.555827514787761
2,0.45,0.35,0.7984,0.5555425091322419
2,0.45,0.35,0.8,0.5552582437547233
2,0.45,0.35,0.8016000000000001,0.5549747155608001
2,0.45,0.35,0.8032,0.554691921473729
2,0.45,0.35,0.8048000000000001,0.5544098584343014
2,0.45,0.35,0.8064,0.5541285234007176
2,0.45,0.35,0.808,0.5538479133484621
2,0.45,0.35,0.8096,0.5535680252701797
2,0.45,0.35,0.8112,0.553288856175553
2,0.45,0.35,0.8128000000000001,0.5530104030911808
2,0.45,0.35,0.8144,0.5527326630604577
2,0.45,0.35,0.8160000000000001,0.5524556331434539
2,0.45,0.35,0.8176,0.5521793104167976
2,0.45,0.35,0.8192,0.5519036919735564
2,0.45,0.35,0.8208000000000001,0.5516287749231221
2,0.45,0.35,0.8224,0.5513545563910944
2,0.45,0.35,0.8240000000000001,0.5510810335191664
2,0.45,0.35,0.8256,0.5508082034650111
2,0.45,0.35,0.8272,0.5505360634021693
2,0.45,0.35,0.8288000000000001,0.5502646105199371
2,0.45,0.35,0.8304,0.5499938420232562
2,0.45,0.35,0.8320000000000001,0.5497237551326032
2,0.45,0.35,0.8336,0.5494543470838812
2,0.45,0.35,0.8352,0.5491856151283121
2,0.45,0.35,0.8368,0.5489175565323293
2,0.45,0.35,0.8384,0.5486501685774718
2,0.45,0.35,0.8400000000000001,0.5483834485602785
2,0.45,0.35,0.8416,0.5481173937921846
2,0.45,0.35,0.8432000000000001,0.5478520015994175
2,0.45,0.35,0.8448,0.5475872693228947
2,0.45,0.35,0.8464,0.5473231943181214
2,0.45,0.35,0.8480000000000001,0.5470597739550902
2,0.45,0.35,0.8496,0.5467970056181811
2,0.45,0.35,0.8512000000000001,0.5465348867060615
2,0.45,0.35,0.8528,0.5462734146315886
2,0.45,0.35,0.8544,0.5460125868217117
2,0.45,0.35,0.8560000000000001,0.5457524007173746
2,0.45,0.35,0.8576,0.5454928537734207
2,0.45,0.35,0.8592000000000001,0.5452339434584972
2,0.45,0.35,0.8608,0.5449756672549606
2,0.45,0.35,0.8624,0.5447180226587838
2,0.45,0.35,0.864,0.5444610071794621
2,0.45,0.35,0.8656,0.5442046183399223
2,0.45,0.35,0.8672000000000001,0.54394885367643
2,0.45,0.35,0.8688,0.5436937107385003
2,0.45,0.35,0.8704000000000001,0.5434391870888075
2,0.45,0.35,0.872,0.5431852803030952
2,0.45,0.35,0.8736,0.5429319879700889
2,0.45,0.35,0.8752000000000001,0.5426793076914079
2,0.45,0.35,0.8768,0.5424272370814786
2,0.45,0.35,0.8784000000000001,0.5421757737674472
2,0.45,0.35,0.88,0.5419249153890959
2,0.45,0.35,0.8816,0.5416746595987564
2,0.45,0.35,0.8832000000000001,0.5414250040612264
2,0.45,0.35,0.8848,0.5411759464536862
2,0.45,0.35,0.8864000000000001,0.5409274844656156
2,0.45,0.35,0.888,0.5406796157987114
2,0.45,0.35,0.8896000000000001,0.5404323381668068
2,0.45,0.35,0.8912,0.5401856492957902
2,0.45,0.35,0.8928,0.539939546923524
2,0.45,0.35,0.8944000000000001,0.5396940287997662
2,0.45,0.35,0.896,0.5394490926860912
2,0.45,0.35,0.8976000000000001,0.5392047363558113
2,0.45,0.35,0.8992,0.538960957593899
2,0.45,0.35,0.9008,0.5387177541969099
2,0.45,0.35,0.9024000000000001,0.538475123972907
2,0.45,0.35,0.904,0.5382330647413833
2,0.45,0.35,0.9056000000000001,0.537991574333188
2,0.45,0.35,0.9072,0.5377506505904511
2,0.45,0.35,0.9088,0.5375102913665099
2,0.45,0.35,0.9104000000000001,0.5372704945258349
2,0.45,0.35,0.912,0.5370312579439571
2,0.45,0.35,0.9136000000000001,0.5367925795073959
2,0.45,0.35,0.9152,0.5365544571135873
2,0.45,0.35,0.9168000000000001,0.5363168886708123
2,0.45,0.35,0.9184,0.536079872098127
2,0.45,0.35,0.92,0.535843405325292
2,0.45,0.35,0.9216000000000001,0.5356074862927025
2,0.45,0.35,0.9232,0.5353721129513204
2,0.45,0.35,0.9248000000000001,0.5351372832626051
2,0.45,0.35,0.9264,0.5349029951984455
2,0.45,0.35,0.928,0.5346692467410931
2,0.45,0.35,0.9296000000000001,0.5344360358830945
2,0.45,0.35,0.9312,0.534203360627226
2,0.45,0.35,0.9328000000000001,0.5339712189864266
2,0.45,0.35,0.9344,0.5337396089837338
2,0.45,0.35,0.936,0.533508528652218
2,0.45,0.35,0.9376000000000001,0.5332779760349183
2,0.45,0.35,0.9392,0.5330479491847793
2,0.45,0.35,0.9408000000000001,0.5328184461645868
2,0.45,0.35,0.9424,0.5325894650469059
2,0.45,0.35,0.9440000000000001,0.5323610039140176
2,0.45,0.35,0.9456,0.5321330608578583
2,0.45,0.35,0.9472,0.5319056339799572
2,0.45,0.35,0.9488000000000001,0.5316787213913757
2,0.45,0.35,0.9504,0.5314523212126473
2,0.45,0.35,0.9520000000000001,0.5312264315737172
2,0.45,0.35,0.9536,0.5310010506138829
2,0.45,0.35,0.9552,0.5307761764817348
2,0.45,0.35,0.9568000000000001,0.5305518073350982
2,0.45,0.35,0.9584,0.5303279413409746
2,0.45,0.35,0.9600000000000001,0.5301045766754839
2,0.45,0.35,0.9616,0.5298817115238074
2,0.45,0.35,0.9632000000000001,0.5296593440801306
2,0.45,0.35,0.9648,0.5294374725475871
2,0.45,0.35,0.9664,0.5292160951382022
2,0.45,0.35,0.9680000000000001,0.5289952100728376
2,0.45,0.35,0.9696,0.5287748155811358
2,0.45,0.35,0.9712000000000001,0.5285549099014657
2,0.45,0.35,0.9728,0.5283354912808681
2,0.45,0.35,0.9744,0.5281165579750018
2,0.45,0.35,0.9760000000000001,0.5278981082480899
2,0.45,0.35,0.9776,0.5276801403728669
2,0.45,0.35,0.9792000000000001,0.5274626526305255
2,0.45,0.35,0.9808,0.5272456433106648
2,0.45,0.35,0.9824,0.5270291107112381
2,0.45,0.35,0.9840000000000001,0.5268130531385009
2,0.45,0.35,0.9856,0.5265974689069605
2,0.45,0.35,0.9872000000000001,0.5263823563393242
2,0.45,0.35,0.9888,0.5261677137664499
2,0.45,0.35,0.9904000000000001,0.525953539527295
2,0.45,0.35,0.992,0.5257398319688679
2,0.45,0.35,0.9936,0.5255265894461776
2,0.45,0.35,0.9952000000000001,0.5253138103221848
2,0.45,0.35,0.9968,0.5251014929677542
2,0.45,0.35,0.9984000000000001,0.5248896357616053
2,0.45,0.35,1.0,0.5246782370902648
2,0.45,0.35,1.0016,0.5244672953480195
2,0.45,0.35,1.0032,0.5242568089368681
2,0.45,0.35,1.0048000000000001,0.5240467762664753
2,0.45,0.35,1.0064,0.5238371957541251
2,0.45,0.35,1.008,0.5236280658246746
2,0.45,0.35,1.0096,0.5234193849105072
2,0.45,0.35,1.0112,0.5232111514514891
2,0.45,0.35,1.0128000000000001,0.5230033638949222
2,0.45,0.35,1.0144,0.5227960206955002
2,0.45,0.35,1.016,0.522589120315264
2,0.45,0.35,1.0176,0.5223826612235576
2,0.45,0.35,1.0192,0.5221766418969837
2,0.45,0.35,1.0208000000000002,0.5219710608193608
2,0.45,0.35,1.0224,0.5217659164816797
2,0.45,0.35,1.024,0.5215612073820602
2,0.45,0.35,1.0256,0.5213569320257095
2,0.45,0.35,1.0272000000000001,0.5211530889248788
2,0.45,0.35,1.0288000000000002,0.5209496765988213
2,0.45,0.35,1.0304,0.5207466935737519
2,0.45,0.35,1.032,0.5205441383828042
2,0.45,0.35,1.0336,0.5203420095659901
2,0.45,0.35,1.0352000000000001,0.5201403056701587
2,0.45,0.35,1.0368,0.5199390252489564
2,0.45,0.35,1.0384,0.519738166862786
2,0.45,0.35,1.04,0.5195377290787668
2,0.45,0.35,1.0416,0.5193377104706958
2,0.45,0.35,1.0432000000000001,0.5191381096190069
2,0.45,0.35,1.0448,0.5189389251107327
2,0.45,0.35,1.0464,0.5187401555394661
2,0.45,0.35,1.048,0.5185417995053206
2,0.45,0.35,1.0496,0.5183438556148929
2,0.45,0.35,1.0512000000000001,0.5181463224812244
2,0.45,0.35,1.0528,0.5179491987237638
2,0.45,0.35,1.0544,0.5177524829683294
2,0.45,0.35,1.056,0.5175561738470723
2,0.45,0.35,1.0576,0.5173602699984386
2,0.45,0.35,1.0592000000000001,0.5171647700671339
2,0.45,0.35,1.0608,0.5169696727040857
2,0.45,0.35,1.0624,0.5167749765664081
2,0.45,0.35,1.064,0.5165806803173657
2,0.45,0.35,1.0656,0.5163867826263374
2,0.45,0.35,1.0672000000000001,0.5161932821687815
2,0.45,0.35,1.0688,0.5160001776262004
2,0.45,0.35,1.0704,0.5158074676861061
2,0.45,0.35,1.072,0.5156151510419843
2,0.45,0.35,1.0736,0.5154232263932614
2,0.45,0.35,1.0752000000000002,0.5152316924452697
2,0.45,0.35,1.0768,0.5150405479092128
2,0.45,0.35,1.0784,0.5148497915021331
2,0.45,0.35,1.08,0.5146594219468771
2,0.45,0.35,1.0816000000000001,0.5144694379720632
2,0.45,0.35,1.0832000000000002,0.514279838312048
2,0.45,0.35,1.0848,0.5140906217068938
2,0.45,0.35,1.0864,0.5139017869023355
2,0.45,0.35,1.088,0.5137133326497492
2,0.45,0.35,1.0896000000000001,0.513525257706119
2,0.45,0.35,1.0912,0.5133375608340057
2,0.45,0.35,1.0928,0.5131502408015152
2,0.45,0.35,1.0944,0.5129632963822666
2,0.45,0.35,1.096,0.5127767263553612
2,0.45,0.35,1.0976000000000001,0.5125905295053517
2,0.45,0.35,1.0992,0.5124047046222109
2,0.45,0.35,1.1008,0.512219250501301
2,0.45,0.35,1.1024,0.5120341659433436
2,0.45,0.35,1.104,0.5118494497543896
2,0.45,0.35,1.1056000000000001,0.5116651007457884
2,0.45,0.35,1.1072,0.5114811177341592
2,0.45,0.35,1.1088,0.5112974995413603
2,0.45,0.35,1.1104,0.5111142449944603
2,0.45,0.35,1.112,0.5109313529257095
2,0.45,0.35,1.1136000000000001,0.510748822172509
2,0.45,0.35,1.1152,0.5105666515773843
2,0.45,0.35,1.1168,0.5103848399879549
2,0.45,0.35,1.1184,0.5102033862569064
2,0.45,0.35,1.12,0.5100222892419626
2,0.45,0.35,1.1216000000000002,0.5098415478058572
2,0.45,0.35,1.1232,0.5096611608163057
2,0.45,0.35,1.1248,0.5094811271459783
2,0.45,0.35,1.1264,0.5093014456724719
2,0.45,0.35,1.1280000000000001,0.5091221152782832
2,0.45,0.35,1.1296000000000002,0.5089431348507815
2,0.45,0.35,1.1312,0.5087645032821811
2,0.45,0.35,1.1328,0.5085862194695159
2,0.45,0.35,1.1344,0.5084082823146112
2,0.45,0.35,1.1360000000000001,0.508230690724059
2,0.45,0.35,1.1376,0.5080534436091905
2,0.45,0.35,1.1392,0.5078765398860503
2,0.45,0.35,1.1408,0.5076999784753711
2,0.45,0.35,1.1424,0.5075237583025473
2,0.45,0.35,1.1440000000000001,0.5073478782976097
2,0.45,0.35,1.1456,0.5071723373952005
2,0.45,0.35,1.1472,0.5069971345345475
2,0.45,0.35,1.1488,0.5068222686594398
2,0.45,0.35,1.1504,0.5066477387182018
2,0.45,0.35,1.1520000000000001,0.5064735436636697
2,0.45,0.35,1.1536,0.5062996824531665
2,0.45,0.35,1.1552,0.506126154048477
2,0.45,0.35,1.1568,0.5059529574158248
2,0.45,0.35,1.1584,0.505780091525847
2,0.45,0.35,1.1600000000000001,0.5056075553535714
2,0.45,0.35,1.1616,0.5054353478783918
2,0.45,0.35,1.1632,0.505263468084045
2,0.45,0.35,1.1648,0.505091914958587
2,0.45,0.35,1.1664,0.5049206874943705
2,0.45,0.35,1.1680000000000001,0.5047497846880202
2,0.45,0.35,1.1696,0.5045792055404115
2,0.45,0.35,1.1712,0.5044089490566468
2,0.45,0.35,1.1728,0.5042390142460325
2,0.45,0.35,1.1744,0.5040694001220574
2,0.45,0.35,1.1760000000000002,0.5039001057023699
2,0.45,0.35,1.1776,0.5037311300087549
2,0.45,0.35,1.1792,0.5035624720671131
2,0.45,0.35,1.1808,0.5033941309074383
2,0.45,0.35,1.1824000000000001,0.5032261055637954
2,0.45,0.35,1.1840000000000002,0.5030583950742991
2,0.45,0.35,1.1856,0.5028909984810921
2,0.45,0.35,1.1872,0.5027239148303239
2,0.45,0.35,1.1888,0.5025571431721294
2,0.45,0.35,1.1904000000000001,0.5023906825606078
2,0.45,0.35,1.192,0.5022245320538018
2,0.45,0.35,1.1936,0.5020586907136761
2,0.45,0.35,1.1952,0.5018931576060975
2,0.45,0.35,1.1968,0.5017279318008139
2,0.45,0.35,1.1984000000000001,0.5015630123714333
2,0.45,0.35,1.2,0.5013983983954046
2,0.45,0.35,1.2016,0.5012340889539965
2,0.45,0.35,1.2032,0.5010700831322777
2,0.45,0.35,1.2048,0.5009063800190974
2,0.45,0.35,1.2064000000000001,0.5007429787070641
2,0.45,0.35,1.208,0.5005798782925277
2,0.45,0.35,1.2096,0.5004170778755586
2,0.45,0.35,1.2112,0.5002545765599287
2,0.45,0.35,1.2128,0.5000923734530923
2,0.45,0.35,1.2144000000000001,0.4999304676661665
2,0.45,0.35,1.216,0.49976885831391216
2,0.45,0.35,1.2176,0.49960754451471523
2,0.45,0.35,1.2192,0.49944652539056766
2,0.45,0.35,1.2208,0.49928580006704854
2,0.45,0.35,1.2224000000000002,0.49912536767330584
2,0.45,0.35,1.224,0.4989652273420378
2,0.45,0.35,1.2256,0.4988053782094742
2,0.45,0.35,1.2272,0.49864581941535846
2,0.45,0.35,1.2288000000000001,0.49848655010292964
2,0.45,0.35,1.2304000000000002,0.4983275694189039
2,0.45,0.35,1.232,0.49816887651345687
2,0.45,0.35,1.2336,0.4980104705402058
2,0.45,0.35,1.2352,0.49785235065619193
2,0.45,0.35,1.2368000000000001,0.49769451602186277
2,0.45,0.35,1.2384000000000002,0.49753696580105455
2,0.45,0.35,1.24,0.49737969916097513
2,0.45,0.35,1.2416,0.4972227152721864
2,0.45,0.35,1.2432,0.4970660133085874
2,0.45,0.35,1.2448000000000001,0.496909592447397
2,0.45,0.35,1.2464,0.4967534518691371
2,0.45,0.35,1.248,0.4965975907576158
2,0.45,0.35,1.2496,0.4964420082999105
2,0.45,0.35,1.2512,0.49628670368635147
2,0.45,0.35,1.2528000000000001,0.4961316761105052
2,0.45,0.35,1.2544,0.49597692476915783
2,0.45,0.35,1.256,0.49582244886229915
2,0.45,0.35,1.2576,0.495668247593106
2,0.45,0.35,1.2592,0.4955143201679263
2,0.45,0.35,1.2608000000000001,0.4953606657962632
2,0.45,0.35,1.2624,0.49520728369075867
2,0.45,0.35,1.264,0.49505417306717797
2,0.45,0.35,1.2656,0.49490133314439416
2,0.45,0.35,1.2672,0.4947487631443717
2,0.45,0.35,1.2688000000000001,0.49459646229215165
2,0.45,0.35,1.2704,0.49444442981583575
2,0.45,0.35,1.272,0.4942926649465712
2,0.45,0.35,1.2736,0.4941411669185354
2,0.45,0.35,1.2752000000000001,0.49398993496892074
2,0.45,0.35,1.2768000000000002,0.49383896833791946
2,0.45,0.35,1.2784,0.4936882662687089
2,0.45,0.35,1.28,0.4935378280074361
2,0.45,0.35,1.2816,0.49338765280320346
2,0.45,0.35,1.2832000000000001,0.49323773990805364
2,0.45,0.35,1.2848000000000002,0.49308808857695535
2,0.45,0.35,1.2864,0.49293869806778834
2,0.45,0.35,1.288,0.4927895676413291
2,0.45,0.35,1.2896,0.4926406965612365
2,0.45,0.35,1.2912000000000001,0.4924920840940378
2,0.45,0.35,1.2928000000000002,0.4923437295091138
2,0.45,0.35,1.2944,0.4921956320786852
2,0.45,0.35,1.296,0.49204779107779856
2,0.45,0.35,1.2976,0.4919002057843118
2,0.45,0.35,1.2992000000000001,0.491752875478881
2,0.45,0.35,1.3008,0.4916057994449464
2,0.45,0.35,1.3024,0.49145897696871843
2,0.45,0.35,1.304,0.4913124073391645
2,0.45,0.35,1.3056,0.4911660898479949
2,0.45,0.35,1.3072000000000001,0.49102002378965015
2,0.45,0.35,1.3088,0.49087420846128677
2,0.45,0.35,1.3104,0.49072864316276443
2,0.45,0.35,1.312,0.4905833271966326
2,0.45,0.35,1.3136,0.4904382598681174
2,0.45,0.35,1.3152000000000001,0.49029344048510853
2,0.45,0.35,1.3168,0.4901488683581466
2,0.45,0.35,1.3184,0.49000454280040945
2,0.45,0.35,1.32,0.48986046312770004
2,0.45,0.35,1.3216,0.48971662865843335
2,0.45,0.35,1.3232000000000002,0.48957303871362373
2,0.45,0.35,1.3248,0.48942969261687225
2,0.45,0.35,1.3264,0.4892865896943543
2,0.45,0.35,1.328,0.4891437292748069
2,0.45,0.35,1.3296000000000001,0.4890011106895165
2,0.45,0.35,1.3312000000000002,0.4888587332723065
2,0.45,0.35,1.3328,0.4887165963595251
2,0.45,0.35,1.3344,0.48857469929003305
2,0.45,0.35,1.336,0.48843304140519156
2,0.45,0.35,1.3376000000000001,0.4882916220488504
2,0.45,0.35,1.3392000000000002,0.48815044056733564
2,0.45,0.35,1.3408,0.4880094963094379
2,0.45,0.35,1.3424,0.4878687886264006
2,0.45,0.35,1.344,0.4877283168719082
2,0.45,0.35,1.3456000000000001,0.4875880804020742
2,0.45,0.35,1.3472000000000002,0.4874480785754299
2,0.45,0.35,1.3488,0.4873083107529125
2,0.45,0.35,1.3504,0.4871687762978539
2,0.45,0.35,1.352,0.4870294745759691
2,0.45,0.35,1.3536000000000001,0.48689040495534497
2,0.45,0.35,1.3552,0.48675156680642867
2,0.45,0.35,1.3568,0.48661295950201683
2,0.45,0.35,1.3584,0.48647458241724395
2,0.45,0.35,1.36,0.4863364349295717
2,0.45,0.35,1.3616000000000001,0.4861985164187773
2,0.45,0.35,1.3632,0.4860608262669434
2,0.45,0.35,1.3648,0.4859233638584466
2,0.45,0.35,1.3664,0.4857861285799463
2,0.45,0.35,1.368,0.4856491198203747
2,0.45,0.35,1.3696000000000002,0.48551233697092555
2,0.45,0.35,1.3712,0.4853757794250435
2,0.45,0.35,1.3728,0.4852394465784138
2,0.45,0.35,1.3744,0.48510333782895126
2,0.45,0.35,1.3760000000000001,0.48496745257679036
2,0.45,0.35,1.3776000000000002,0.48483179022427425
2,0.45,0.35,1.3792,0.48469635017594465
2,0.45,0.35,1.3808,0.4845611318385317
2,0.45,0.35,1.3824,0.48442613462094347
2,0.45,0.35,1.3840000000000001,0.48429135793425576
2,0.45,0.35,1.3856000000000002,0.4841568011917023
2,0.45,0.35,1.3872,0.4840224638086639
2,0.45,0.35,1.3888,0.4838883452026594
2,0.45,0.35,1.3904,0.48375444479333496
2,0.45,0.35,1.3920000000000001,0.4836207620024547
2,0.45,0.35,1.3936000000000002,0.4834872962538902
2,0.45,0.35,1.3952,0.4833540469736114
2,0.45,0.35,1.3968,0.48322101358967645
2,0.45,0.35,1.3984,0.4830881955322221
2,0.45,0.35,1.4000000000000001,0.48295559223345397
2,0.45,0.35,1.4016,0.48282320312763716
2,0.45,0.35,1.4032,0.48269102765108657
2,0.45,0.35,1.4048,0.4825590652421576
2,0.45,0.35,1.4064,0.4824273153412364
2,0.45,0.35,1.4080000000000001,0.4822957773907309
2,0.45,0.35,1.4096,0.48216445083506126
2,0.45,0.35,1.4112,0.4820333351206506
2,0.45,0.35,1.4128,0.481902429695916
2,0.45,0.35,1.4144,0.48177173401125895
2,0.45,0.35,1.4160000000000001,0.4816412475190565
2,0.45,0.35,1.4176,0.48151096967365226
2,0.45,0.35,1.4192,0.4813808999313472
2,0.45,0.35,1.4208,0.48125103775039085
2,0.45,0.35,1.4224,0.4811213825909722
2,0.45,0.35,1.4240000000000002,0.48099193391521106
2,0.45,0.35,1.4256,0.48086269118714914
2,0.45,0.35,1.4272,0.48073365387274114
2,0.45,0.35,1.4288,0.48060482143984634
2,0.45,0.35,1.4304000000000001,0.48047619335821967
2,0.45,0.35,1.4320000000000002,0.48034776909950316
2,0.45,0.35,1.4336,0.48021954813721746
2,0.45,0.35,1.4352,0.48009152994675325
2,0.45,0.35,1.4368,0.4799637140053626
2,0.45,0.35,1.4384000000000001,0.47983609979215075
2,0.45,0.35,1.4400000000000002,0.4797086867880677
2,0.45,0.35,1.4416,0.47958147447589994
2,0.45,0.35,1.4432,0.4794544623402617
2,0.45,0.35,1.4448,0.47932764986758725
2,0.45,0.35,1.4464000000000001,0.47920103654612256
2,0.45,0.35,1.4480000000000002,0.4790746218659168
2,0.45,0.35,1.4496,0.4789484053188146
2,0.45,0.35,1.4512,0.478822386398448
2,0.45,0.35,1.4528,0.4786965646002281
2,0.45,0.35,1.4544000000000001,0.47857093942133705
2,0.45,0.35,1.456,0.4784455103607207
2,0.45,0.35,1.4576,0.47832027691908
2,0.45,0.35,1.4592,0.4781952385988636
2,0.45,0.35,1.4608,0.4780703949042598
2,0.45,0.35,1.4624000000000001,0.47794574534118894
2,0.45,0.35,1.464,0.47782128941729535
2,0.45,0.35,1.4656,0.4776970266419402
2,0.45,0.35,1.4672,0.4775729565261933
2,0.45,0.35,1.4688,0.4774490785828258
2,0.45,0.35,1.4704000000000002,0.47732539232630256
2,0.45,0.35,1.472,0.47720189727277457
2,0.45,0.35,1.4736,0.47707859294007166
2,0.45,0.35,1.4752,0.47695547884769474
2,0.45,0.35,1.4768000000000001,0.4768325545168087
2,0.45,0.35,1.4784000000000002,0.47670981947023494
2,0.45,0.35,1.48,0.47658727323244376
2,0.45,0.35,1.4816,0.4764649153295475
2,0.45,0.35,1.4832,0.4763427452892931
2,0.45,0.35,1.4848000000000001,0.4762207626410548
2,0.45,0.35,1.4864000000000002,0.4760989669158273
2,0.45,0.35,1.488,0.4759773576462182
2,0.45,0.35,1.4896,0.47585593436644114
2,0.45,0.35,1.4912,0.4757346966123086
2,0.45,0.35,1.4928000000000001,0.47561364392122524
2,0.45,0.35,1.4944000000000002,0.47549277583218047
2,0.45,0.35,1.496,0.47537209188574175
2,0.45,0.35,1.4976,0.4752515916240475
2,0.45,0.35,1.4992,0.4751312745908005
2,0.45,0.35,1.5008000000000001,0.47501114033126085
2,0.45,0.35,1.5024000000000002,0.4748911883922392
2,0.45,0.35,1.504,0.47477141832208997
2,0.45,0.35,1.5056,0.47465182967070474
2,0.45,0.35,1.5072,0.4745324219895053
2,0.45,0.35,1.5088000000000001,0.4744131948314374
2,0.45,0.35,1.5104,0.4742941477509637
2,0.45,0.35,1.512,0.4741752803040573
2,0.45,0.35,1.5136,0.4740565920481955
2,0.45,0.35,1.5152,0.4739380825423529
2,0.45,0.35,1.5168000000000001,0.473819751346995
2,0.45,0.35,1.5184,0.47370159802407175
2,0.45,0.35,1.52,0.4735836221370112
2,0.45,0.35,1.5216,0.47346582325071324
2,0.45,0.35,1.5232,0.47334820093154284
2,0.45,0.35,1.5248000000000002,0.4732307547473241
2,0.45,0.35,1.5264,0.47311348426733396
2,0.45,0.35,1.528,0.47299638906229563
2,0.45,0.35,1.5296,0.4728794687043726
2,0.45,0.35,1.5312000000000001,0.4727627227671625
2,0.45,0.35,1.5328000000000002,0.4726461508256909
2,0.45,0.35,1.5344,0.47252975245640494
2,0.45,0.35,1.536,0.4724135272371676
2,0.45,0.35,1.5376,0.4722974747472514
2,0.45,0.35,1.5392000000000001,0.47218159456733266
2,0.45,0.35,1.5408000000000002,0.47206588627948504
2,0.45,0.35,1.5424,0.47195034946717385
2,0.45,0.35,1.544,0.47183498371525023
2,0.45,0.35,1.5456,0.47171978860994496
2,0.45,0.35,1.5472000000000001,0.4716047637388628
2,0.45,0.35,1.5488000000000002,0.47148990869097646
2,0.45,0.35,1.5504,0.471375223056621
2,0.45,0.35,1.552,0.47126070642748785
2,0.45,0.35,1.5536,0.4711463583966191
2,0.45,0.35,1.5552000000000001,0.471032178558402
2,0.45,0.35,1.5568000000000002,0.47091816650856283
2,0.45,0.35,1.5584,0.4708043218441615
2,0.45,0.35,1.56,0.470690644163586
2,0.45,0.35,1.5616,0.4705771330665466
2,0.45,0.35,1.5632000000000001,0.4704637881540702
2,0.45,0.35,1.5648,0.4703506090284951
2,0.45,0.35,1.5664,0.4702375952934652
2,0.45,0.35,1.568,0.4701247465539245
2,0.45,0.35,1.5696,0.4700120624161118
2,0.45,0.35,1.5712000000000002,0.4698995424875552
2,0.45,0.35,1.5728,0.46978718637706657
2,0.45,0.35,1.5744,0.4696749936947362
2,0.45,0.35,1.576,0.46956296405192754
2,0.45,0.35,1.5776000000000001,0.4694510970612719
2,0.45,0.35,1.5792000000000002,0.4693393923366629
2,0.45,0.35,1.5808,0.4692278494932513
2,0.45,0.35,1.5824,0.46911646814744
2,0.45,0.35,1.584,0.4690052479168784
2,0.45,0.35,1.5856000000000001,0.46889418842045755
2,0.45,0.35,1.5872000000000002,0.46878328927830476
2,0.45,0.35,1.5888,0.46867255011177855
2,0.45,0.35,1.5904,0.4685619705434635
2,0.45,0.35,1.592,0.4684515501971651
2,0.45,0.35,1.5936000000000001,0.46834128869790476
2,0.45,0.35,1.5952000000000002,0.4682311856719146
2,0.45,0.35,1.5968,0.46812124074663275
2,0.45,0.35,1.5984,0.4680114535506982
2,0.45,0.35,1.6,0.46790182371394556
2,0.45,0.35,1.6016000000000001,0.4677923508674006
2,0.45,0.35,1.6032000000000002,0.46768303464327504
2,0.45,0.35,1.6048,0.46757387467496153
2,0.45,0.35,1.6064,0.4674648705970291
2,0.45,0.35,1.608,0.46735602204521803
2,0.45,0.35,1.6096000000000001,0.4672473286564352
2,0.45,0.35,1.6112000000000002,0.4671387900687493
2,0.45,0.35,1.6128,0.467030405921386
2,0.45,0.35,1.6144,0.4669221758547232
2,0.45,0.35,1.616,0.4668140995102862
2,0.45,0.35,1.6176000000000001,0.46670617653074314
2,0.45,0.35,1.6192,0.46659840655990026
2,0.45,0.35,1.6208,0.4664907892426973
2,0.45,0.35,1.6224,0.46638332422520273
2,0.45,0.35,1.624,0.4662760111546093
2,0.45,0.35,1.6256000000000002,0.46616884967922945
2,0.45,0.35,1.6272,0.4660618394484904
2,0.45,0.35,1.6288,0.46595498011292996
2,0.45,0.35,1.6304,0.46584827132419204
2,0.45,0.35,1.6320000000000001,0.4657417127350221
2,0.45,0.35,1.6336000000000002,0.4656353039992623
2,0.45,0.35,1.6352,0.46552904477184764
2,0.45,0.35,1.6368,0.4654229347088009
2,0.45,0.35,1.6384,0.4653169734672289
2,0.45,0.35,1.6400000000000001,0.46521116070531754
2,0.45,0.35,1.6416000000000002,0.46510549608232765
2,0.45,0.35,1.6432,0.46499997925859093
2,0.45,0.35,1.6448,0.4648946098955049
2,0.45,0.35,1.6464,0.46478938765552935
2,0.45,0.35,1.6480000000000001,0.46468431220218154
2,0.45,0.35,1.6496000000000002,0.4645793832000323
2,0.45,0.35,1.6512,0.46447460031470145
2,0.45,0.35,1.6528,0.46436996321285384
2,0.45,0.35,1.6544,0.464265471562195
2,0.45,0.35,1.6560000000000001,0.4641611250314671
2,0.45,0.35,1.6576000000000002,0.4640569232904448
2,0.45,0.35,1.6592,0.4639528660099307
2,0.45,0.35,1.6608,0.4638489528617516
2,0.45,0.35,1.6624,0.46374518351875454
2,0.45,0.35,1.6640000000000001,0.4636415576548022
2,0.45,0.35,1.6656,0.4635380749447694
2,0.45,0.35,1.6672,0.4634347350645386
2,0.45,0.35,1.6688,0.4633315376909962
2,0.45,0.35,1.6704,0.4632284825020285
2,0.45,0.35,1.6720000000000002,0.46312556917651737
2,0.45,0.35,1.6736,0.46302279739433666
2,0.45,0.35,1.6752,0.4629201668363482
2,0.45,0.35,1.6768,0.46281767718439765
2,0.45,0.35,1.6784000000000001,0.4627153281213109
2,0.45,0.35,1.6800000000000002,0.46261311933088994
2,0.45,0.35,1.6816,0.4625110504979091
2,0.45,0.35,1.6832,0.4624091213081112
2,0.45,0.35,1.6848,0.46230733144820363
2,0.45,0.35,1.6864000000000001,0.46220568060585476
2,0.45,0.35,1.6880000000000002,0.4621041684696897
2,0.45,0.35,1.6896,0.462002794729287
2,0.45,0.35,1.6912,0.46190155907517466
2,0.45,0.35,1.6928,0.46180046119882623
2,0.45,0.35,1.6944000000000001,0.46169950079265754
2,0.45,0.35,1.6960000000000002,0.4615986775500227
2,0.45,0.35,1.6976,0.4614979911652102
2,0.45,0.35,1.6992,0.46139744133343946
2,0.45,0.35,1.7008,0.46129702775085746
2,0.45,0.35,1.7024000000000001,0.46119675011453465
2,0.45,0.35,1.7040000000000002,0.4610966081224615
2,0.45,0.35,1.7056,0.460996601473545
2,0.45,0.35,1.7072,0.4608967298676047
2,0.45,0.35,1.7088,0.46079699300536975
2,0.45,0.35,1.7104000000000001,0.46069739058847475
2,0.45,0.35,1.7120000000000002,0.4605979223194565
2,0.45,0.35,1.7136,0.46049858790175074
2,0.45,0.35,1.7152,0.46039938703968797
2,0.45,0.35,1.7168,0.4603003194384906
2,0.45,0.35,1.7184000000000001,0.46020138480426914
2,0.45,0.35,1.72,0.4601025828440188
2,0.45,0.35,1.7216,0.4600039132656161
2,0.45,0.35,1.7232,0.4599053757778156
2,0.45,0.35,1.7248,0.4598069700902461
2,0.45,0.35,1.7264000000000002,0.45970869591340763
2,0.45,0.35,1.728,0.45961055295866793
2,0.45,0.35,1.7296,0.45951254093825905
2,0.45,0.35,1.7312,0.45941465956527394
2,0.45,0.35,1.7328000000000001,0.45931690855366336
2,0.45,0.35,1.7344000000000002,0.45921928761823255
2,0.45,0.35,1.736,0.45912179647463763
2,0.45,0.35,1.7376,0.4590244348393826
2,0.45,0.35,1.7392,0.458927202429816
2,0.45,0.35,1.7408000000000001,0.45883009896412763
2,0.45,0.35,1.7424000000000002,0.45873312416134526
2,0.45,0.35,1.744,0.4586362777413317
2,0.45,0.35,1.7456,0.45853955942478114
2,0.45,0.35,1.7472,0.4584429689332164
2,0.45,0.35,1.7488000000000001,0.4583465059889854
2,0.45,0.35,1.7504000000000002,0.4582501703152583
2,0.45,0.35,1.752,0.45815396163602407
2,0.45,0.35,1.7536,0.45805787967608763
2,0.45,0.35,1.7552,0.45796192416106646
2,0.45,0.35,1.7568000000000001,0.45786609481738777
2,0.45,0.35,1.7584000000000002,0.45777039137228526
2,0.45,0.35,1.76,0.4576748135537961
2,0.45,0.35,1.7616,0.4575793610907577
2,0.45,0.35,1.7632,0.45748403371280477
2,0.45,0.35,1.7648000000000001,0.4573888311503666
2,0.45,0.35,1.7664000000000002,0.4572937531346636
2,0.45,0.35,1.768,0.4571987993977044
2,0.45,0.35,1.7696,0.45710396967228295
2,0.45,0.35,1.7712,0.4570092636919757
2,0.45,0.35,1.7728000000000002,0.45691468119113815
2,0.45,0.35,1.7744,0.45682022190490235
2,0.45,0.35,1.776,0.45672588556917376
2,0.45,0.35,1.7776,0.45663167192062853
2,0.45,0.35,1.7792000000000001,0.4565375806967104
2,0.45,0.35,1.7808000000000002,0.4564436116356278
2,0.45,0.35,1.7824,0.4563497644763509
2,0.45,0.35,1.784,0.456256038958609
2,0.45,0.35,1.7856,0.4561624348228875
2,0.45,0.35,1.7872000000000001,0.4560689518104251
2,0.45,0.35,1.7888000000000002,0.45597558966321095
2,0.45,0.35,1.7904,0.4558823481239819
2,0.45,0.35,1.792,0.4557892269362194
2,0.45,0.35,1.7936,0.4556962258441473
2,0.45,0.35,1.7952000000000001,0.45560334459272844
2,0.45,0.35,1.7968000000000002,0.45551058292766217
2,0.45,0.35,1.7984,0.4554179405953817
2,0.45,0.35,1.8,0.4553254173430512
2,0.45,0.35,1.8016,0.45523301291856305
2,0.45,0.35,1.8032000000000001,0.45514072707053527
2,0.45,0.35,1.8048000000000002,0.4550485595483087
2,0.45,0.35,1.8064,0.4549565101019442
2,0.45,0.35,1.808,0.4548645784822204
2,0.45,0.35,1.8096,0.4547727644406304
2,0.45,0.35,1.8112000000000001,0.4546810677293797
2,0.45,0.35,1.8128000000000002,0.45458948810138317
2,0.45,0.35,1.8144,0.4544980253102626
2,0.45,0.35,1.816,0.4544066791103442
2,0.45,0.35,1.8176,0.45431544925665546
2,0.45,0.35,1.8192000000000002,0.45422433550492314
2,0.45,0.35,1.8208000000000002,0.45413333761157043
2,0.45,0.35,1.8224,0.45404245533371446
2,0.45,0.35,1.824,0.4539516884291635
2,0.45,0.35,1.8256000000000001,0.45386103665641486
2,0.45,0.35,1.8272000000000002,0.4537704997746517
2,0.45,0.35,1.8288,0.45368007754374134
2,0.45,0.35,1.8304,0.4535897697242319
2,0.45,0.35,1.832,0.45349957607735036
2,0.45,0.35,1.8336000000000001,0.45340949636499983
2,0.45,0.35,1.8352000000000002,0.4533195303497572
2,0.45,0.35,1.8368,0.45322967779487044
2,0.45,0.35,1.8384,0.4531399384642565
2,0.45,0.35,1.84,0.4530503121224984
2,0.45,0.35,1.8416000000000001,0.4529607985348432
2,0.45,0.35,1.8432000000000002,0.45287139746719945
2,0.45,0.35,1.8448,0.4527821086861345
2,0.45,0.35,1.8464,0.45269293195887245
2,0.45,0.35,1.848,0.4526038670532916
2,0.45,0.35,1.8496000000000001,0.4525149137379221
2,0.45,0.35,1.8512000000000002,0.4524260717819435
2,0.45,0.35,1.8528,0.4523373409551826
2,0.45,0.35,1.8544,0.45224872102811087
2,0.45,0.35,1.856,0.452160211771842
2,0.45,0.35,1.8576000000000001,0.4520718129581299
2,0.45,0.35,1.8592000000000002,0.45198352435936623
2,0.45,0.35,1.8608,0.451895345748578
2,0.45,0.35,1.8624,0.45180727689942535
2,0.45,0.35,1.864,0.45171931758619926
2,0.45,0.35,1.8656000000000001,0.45163146758381917
2,0.45,0.35,1.8672000000000002,0.45154372666783094
2,0.45,0.35,1.8688,0.4514560946144042
2,0.45,0.35,1.8704,0.4513685712003307
2,0.45,0.35,1.872,0.4512811562030213
2,0.45,0.35,1.8736000000000002,0.45119384940050433
2,0.45,0.35,1.8752000000000002,0.4511066505714231
2,0.45,0.35,1.8768,0.4510195594950337
2,0.45,0.35,1.8784,0.450932575951203
2,0.45,0.35,1.8800000000000001,0.4508456997204062
2,0.45,0.35,1.8816000000000002,0.4507589305837248
2,0.45,0.35,1.8832,0.4506722683228442
2,0.45,0.35,1.8848,0.45058571272005193
2,0.45,0.35,1.8864,0.45049926355823505
2,0.45,0.35,1.8880000000000001,0.4504129206208785
2,0.45,0.35,1.8896000000000002,0.45032668369206236
2,0.45,0.35,1.8912,0.45024055255646017
2,0.45,0.35,1.8928,0.45015452699933667
2,0.45,0.35,1.8944,0.4500686068065457
2,0.45,0.35,1.8960000000000001,0.4499827917645281
2,0.45,0.35,1.8976000000000002,0.4498970816603097
2,0.45,0.35,1.8992,0.44981147628149887
2,0.45,0.35,1.9008,0.449725975416285
2,0.45,0.35,1.9024,0.44964057885343606
2,0.45,0.35,1.9040000000000001,0.4495552863822966
2,0.45,0.35,1.9056000000000002,0.44947009779278574
2,0.45,0.35,1.9072,0.44938501287539523
2,0.45,0.35,1.9088,0.44930003142118724
2,0.45,0.35,1.9104,0.4492151532217924
2,0.45,0.35,1.9120000000000001,0.44913037806940775
2,0.45,0.35,1.9136000000000002,0.449045705756795
2,0.45,0.35,1.9152,0.44896113607727817
2,0.45,0.35,1.9168,0.4488766688247417
2,0.45,0.35,1.9184,0.4487923037936287
2,0.45,0.35,1.9200000000000002,0.4487080407789386
2,0.45,0.35,1.9216000000000002,0.4486238795762256
2,0.45,0.35,1.9232,0.4485398199815965
2,0.45,0.35,1.9248,0.44845586179170854
2,0.45,0.35,1.9264000000000001,0.448372004803768
2,0.45,0.35,1.9280000000000002,0.44828824881552765
2,0.45,0.35,1.9296,0.4482045936252853
2,0.45,0.35,1.9312,0.4481210390318818
2,0.45,0.35,1.9328,0.4480375848346989
2,0.45,0.35,1.9344000000000001,0.44795423083365765
2,0.45,0.35,1.9360000000000002,0.4478709768292164
2,0.45,0.35,1.9376,0.4477878226223687
2,0.45,0.35,1.9392,0.44770476801464193
2,0.45,0.35,1.9408,0.4476218128080949
2,0.45,0.35,1.9424000000000001,0.44753895680531625
2,0.45,0.35,1.9440000000000002,0.4474561998094226
2,0.45,0.35,1.9456,0.4473735416240568
2,0.45,0.35,1.9472,0.44729098205338585
2,0.45,0.35,1.9488,0.44720852090209934
2,0.45,0.35,1.9504000000000001,0.4471261579754073
2,0.45,0.35,1.9520000000000002,0.4470438930790387
2,0.45,0.35,1.9536,0.4469617260192396
2,0.45,0.35,1.9552,0.44687965660277135
2,0.45,0.35,1.9568,0.44679768463690867
2,0.45,0.35,1.9584000000000001,0.4467158099294379
2,0.45,0.35,1.9600000000000002,0.4466340322886552
2,0.45,0.35,1.9616,0.4465523515233652
2,0.45,0.35,1.9632,0.44647076744287856
2,0.45,0.35,1.9648,0.4463892798570108
2,0.45,0.35,1.9664000000000001,0.4463078885760803
2,0.45,0.35,1.9680000000000002,0.44622659341090637
2,0.45,0.35,1.9696,0.446145394172808
2,0.45,0.35,1.9712,0.44606429067360176
2,0.45,0.35,1.9728,0.4459832827256003
2,0.45,0.35,1.9744000000000002,0.44590237014161044
2,0.45,0.35,1.9760000000000002,0.4458215527349317
2,0.45,0.35,1.9776,0.44574083031935446
2,0.45,0.35,1.9792,0.44566020270915824
2,0.45,0.35,1.9808000000000001,0.44557966971911017
2,0.45,0.35,1.9824000000000002,0.4454992311644632
2,0.45,0.35,1.984,0.44541888686095454
2,0.45,0.35,1.9856,0.4453386366248039
2,0.45,0.35,1.9872,0.4452584802727118
2,0.45,0.35,1.9888000000000001,0.44517841762185817
2,0.45,0.35,1.9904000000000002,0.44509844848990043
2,0.45,0.35,1.992,0.44501857269497197
2,0.45,0.35,1.9936,0.44493879005568077
2,0.45,0.35,1.9952,0.44485910039110715
2,0.45,0.35,1.9968000000000001,0.4447795035208029
2,0.45,0.35,1.9984000000000002,0.4446999992647892
2,0.45,0.35,2.0,0.44462058744355526
2,0.45,0.35,2.0016000000000003,0.4445412678780564
2,0.45,0.35,2.0032,0.444462040389713
2,0.45,0.35,2.0048,0.4443829048004085
2,0.45,0.35,2.0064,0.44430386093248786
2,0.45,0.35,2.008,0.4442249086087563
2,0.45,0.35,2.0096000000000003,0.44414604765247734
2,0.45,0.35,2.0112,0.44406727788737155
2,0.45,0.35,2.0128,0.44398859913761485
2,0.45,0.35,2.0144,0.44391001122783713
2,0.45,0.35,2.016,0.44383151398312054
2,0.45,0.35,2.0176000000000003,0.44375310722899797
2,0.45,0.35,2.0192,0.4436747907914516
2,0.45,0.35,2.0208,0.4435965644969116
2,0.45,0.35,2.0224,0.4435184281722542
2,0.45,0.35,2.024,0.44344038164480026
2,0.45,0.35,2.0256000000000003,0.44336242474231435
2,0.45,0.35,2.0272,0.4432845572930025
2,0.45,0.35,2.0288,0.4432067791255111
2,0.45,0.35,2.0304,0.4431290900689253
2,0.45,0.35,2.032,0.4430514899527679
2,0.45,0.35,2.0336000000000003,0.4429739786069972
2,0.45,0.35,2.0352,0.44289655586200627
2,0.45,0.35,2.0368,0.44281922154862086
2,0.45,0.35,2.0384,0.44274197549809857
2,0.45,0.35,2.04,0.4426648175421269
2,0.45,0.35,2.0416000000000003,0.44258774751282204
2,0.45,0.35,2.0432,0.4425107652427275
2,0.45,0.35,2.0448,0.44243387056481237
2,0.45,0.35,2.0464,0.4423570633124704
2,0.45,0.35,2.048,0.44228034331951815
2,0.45,0.35,2.0496000000000003,0.44220371042019385
2,0.45,0.35,2.0512,0.44212716444915595
2,0.45,0.35,2.0528,0.44205070524148155
2,0.45,0.35,2.0544000000000002,0.4419743326326651
2,0.45,0.35,2.056,0.4418980464586173
2,0.45,0.35,2.0576000000000003,0.4418218465556634
2,0.45,0.35,2.0592,0.44174573276054174
2,0.45,0.35,2.0608,0.4416697049104027
2,0.45,0.35,2.0624000000000002,0.44159376284280716
2,0.45,0.35,2.064,0.4415179063957252
2,0.45,0.35,2.0656,0.44144213540753463
2,0.45,0.35,2.0672,0.44136644971702005
2,0.45,0.35,2.0688,0.4412908491633708
2,0.45,0.35,2.0704000000000002,0.44121533358618026
2,0.45,0.35,2.072,0.44113990282544435
2,0.45,0.35,2.0736,0.44106455672156
2,0.45,0.35,2.0752,0.440989295115324
2,0.45,0.35,2.0768,0.4409141178479318
2,0.45,0.35,2.0784000000000002,0.4408390247609758
2,0.45,0.35,2.08,0.4407640156964446
2,0.45,0.35,2.0816,0.4406890904967213
2,0.45,0.35,2.0832,0.4406142490045824
2,0.45,0.35,2.0848,0.44053949106319634
2,0.45,0.35,2.0864000000000003,0.44046481651612246
2,0.45,0.35,2.088,0.4403902252073095
2,0.45,0.35,2.0896,0.4403157169810945
2,0.45,0.35,2.0912,0.4402412916822013
2,0.45,0.35,2.0928,0.44016694915573945
2,0.45,0.35,2.0944000000000003,0.44009268924720313
2,0.45,0.35,2.096,0.44001851180246954
2,0.45,0.35,2.0976,0.4399444166677978
2,0.45,0.35,2.0992,0.43987040368982777
2,0.45,0.35,2.1008,0.4397964727155789
2,0.45,0.35,2.1024000000000003,0.4397226235924486
2,0.45,0.35,2.104,0.4396488561682116
2,0.45,0.35,2.1056,0.439575170291018
2,0.45,0.35,2.1072,0.4395015658093929
2,0.45,0.35,2.1088,0.4394280425722346
2,0.45,0.35,2.1104000000000003,0.4393546004288134
2,0.45,0.35,2.112,0.43928123922877066
2,0.45,0.35,2.1136,0.4392079588221175
2,0.45,0.35,2.1152,0.4391347590592335
2,0.45,0.35,2.1168,0.4390616397908657
2,0.45,0.35,2.1184000000000003,0.43898860086812735
2,0.45,0.35,2.12,0.43891564214249656
2,0.45,0.35,2.1216,0.43884276346581547
2,0.45,0.35,2.1232,0.4387699646902886
2,0.45,0.35,2.1248,0.4386972456684823
2,0.45,0.35,2.1264000000000003,0.43862460625332295
2,0.45,0.35,2.128,0.43855204629809624
2,0.45,0.35,2.1296,0.43847956565644597
2,0.45,0.35,2.1312,0.43840716418237263
2,0.45,0.35,2.1328,0.43833484173023257
2,0.45,0.35,2.1344000000000003,0.4382625981547368
2,0.45,0.35,2.136,0.43819043331094965
2,0.45,0.35,2.1376,0.43811834705428776
2,0.45,0.35,2.1392,0.4380463392405192
2,0.45,0.35,2.1408,0.4379744097257619
2,0.45,0.35,2.1424000000000003,0.43790255836648295
2,0.45,0.35,2.144,0.4378307850194972
2,0.45,0.35,2.1456,0.43775908954196613
2,0.45,0.35,2.1472,0.4376874717913973
2,0.45,0.35,2.1488,0.43761593162564233
2,0.45,0.35,2.1504000000000003,0.43754446890289656
2,0.45,0.35,2.152,0.43747308348169767
2,0.45,0.35,2.1536,0.4374017752209247
2,0.45,0.35,2.1552000000000002,0.43733054397979676
2,0.45,0.35,2.1568,0.4372593896178721
2,0.45,0.35,2.1584000000000003,0.437188311995047
2,0.45,0.35,2.16,0.437117310971555
2,0.45,0.35,2.1616,0.4370463864079651
2,0.45,0.35,2.1632000000000002,0.4369755381651816
2,0.45,0.35,2.1648,0.43690476610444234
2,0.45,0.35,2.1664000000000003,0.43683407008731795
2,0.45,0.35,2.168,0.43676344997571076
2,0.45,0.35,2.1696,0.4366929056318538
2,0.45,0.35,2.1712000000000002,0.43662243691830976
2,0.45,0.35,2.1728,0.43655204369796985
2,0.45,0.35,2.1744,0.43648172583405276
2,0.45,0.35,2.176,0.43641148319010387
2,0.45,0.35,2.1776,0.4363413156299939
2,0.45,0.35,2.1792000000000002,0.43627122301791804
2,0.45,0.35,2.1808,0.43620120521839506
2,0.45,0.35,2.1824,0.43613126209626607
2,0.45,0.35,2.184,0.4360613935166937
2,0.45,0.35,2.1856,0.435991599345161
2,0.45,0.35,2.1872000000000003,0.43592187944747046
2,0.45,0.35,2.1888,0.4358522336897427
2,0.45,0.35,2.1904,0.43578266193841614
2,0.45,0.35,2.192,0.4357131640602457
2,0.45,0.35,2.1936,0.4356437399223015
2,0.45,0.35,2.1952000000000003,0.4355743893919682
2,0.45,0.35,2.1968,0.435505112336944
2,0.45,0.35,2.1984,0.43543590862523973
2,0.45,0.35,2.2,0.4353667781251777
2,0.45,0.35,2.2016,0.43529772070539074
2,0.45,0.35,2.2032000000000003,0.4352287362348214
2,0.45,0.35,2.2048,0.43515982458272073
2,0.45,0.35,2.2064,0.4350909856186478
2,0.45,0.35,2.208,0.43502221921246814
2,0.45,0.35,2.2096,0.43495352523435316
2,0.45,0.35,2.2112000000000003,0.43488490355477927
2,0.45,0.35,2.2128,0.4348163540445268
2,0.45,0.35,2.2144,0.4347478765746787
2,0.45,0.35,2.216,0.43467947101662047
2,0.45,0.35,2.2176,0.43461113724203837
2,0.45,0.35,2.2192000000000003,0.434542875122919
2,0.45,0.35,2.2208,0.43447468453154825
2,0.45,0.35,2.2224,0.4344065653405102
2,0.45,0.35,2.224,0.43433851742268653
2,0.45,0.35,2.2256,0.4342705406512554
2,0.45,0.35,2.2272000000000003,0.4342026348996905
2,0.45,0.35,2.2288,0.4341348000417603
2,0.45,0.35,2.2304,0.43406703595152696
2,0.45,0.35,2.232,0.4339993425033456
2,0.45,0.35,2.2336,0.4339317195718634
2,0.45,0.35,2.2352000000000003,0.4338641670320185
2,0.45,0.35,2.2368,0.43379668475903943
2,0.45,0.35,2.2384,0.4337292726284438
2,0.45,0.35,2.24,0.4336619305160379
2,0.45,0.35,2.2416,0.43359465829791544
2,0.45,0.35,2.2432000000000003,0.43352745585045693
2,0.45,0.35,2.2448,0.43346032305032867
2,0.45,0.35,2.2464,0.4333932597744818
2,0.45,0.35,2.248,0.4333262659001517
2,0.45,0.35,2.2496,0.43325934130485677
2,0.45,0.35,2.2512000000000003,0.43319248586639786
2,0.45,0.35,2.2528,0.43312569946285734
2,0.45,0.35,2.2544,0.43305898197259834
2,0.45,0.35,2.2560000000000002,0.43299233327426356
2,0.45,0.35,2.2576,0.4329257532467747
2,0.45,0.35,2.2592000000000003,0.4328592417693316
2,0.45,0.35,2.2608,0.4327927987214114
2,0.45,0.35,2.2624,0.43272642398276767
2,0.45,0.35,2.2640000000000002,0.4326601174334294
2,0.45,0.35,2.2656,0.4325938789537006
2,0.45,0.35,2.2672000000000003,0.43252770842415894
2,0.45,0.35,2.2688,0.43246160572565523
2,0.45,0.35,2.2704,0.4323955707393128
2,0.45,0.35,2.2720000000000002,0.4323296033465262
2,0.45,0.35,2.2736,0.4322637034289607
2,0.45,0.35,2.2752,0.4321978708685514
2,0.45,0.35,2.2768,0.43213210554750237
2,0.45,0.35,2.2784,0.43206640734828594
2,0.45,0.35,2.2800000000000002,0.4320007761536418
2,0.45,0.35,2.2816,0.43193521184657646
2,0.45,0.35,2.2832,0.43186971431036186
2,0.45,0.35,2.2848,0.4318042834285352
2,0.45,0.35,2.2864,0.43173891908489787
2,0.45,0.35,2.2880000000000003,0.4316736211635146
2,0.45,0.35,2.2896,0.4316083895487129
2,0.45,0.35,2.2912,0.43154322412508206
2,0.45,0.35,2.2928,0.4314781247774722
2,0.45,0.35,2.2944,0.43141309139099426
2,0.45,0.35,2.2960000000000003,0.4313481238510184
2,0.45,0.35,2.2976,0.43128322204317343
2,0.45,0.35,2.2992,0.4312183858533463
2,0.45,0.35,2.3008,0.4311536151676812
2,0.45,0.35,2.3024,0.43108890987257864
2,0.45,0.35,2.3040000000000003,0.43102426985469483
2,0.45,0.35,2.3056,0.430959695000941
2,0.45,0.35,2.3072,0.4308951851984825
2,0.45,0.35,2.3088,0.4308307403347383
2,0.45,0.35,2.3104,0.4307663602973796
2,0.45,0.35,2.3120000000000003,0.4307020449743298
2,0.45,0.35,2.3136,0.43063779425376353
2,0.45,0.35,2.3152,0.43057360802410577
2,0.45,0.35,2.3168,0.4305094861740313
2,0.45,0.35,2.3184,0.43044542859246354
2,0.45,0.35,2.3200000000000003,0.4303814351685746
2,0.45,0.35,2.3216,0.43031750579178374
2,0.45,0.35,2.3232,0.43025364035175717
2,0.45,0.35,2.3248,0.43018983873840694
2,0.45,0.35,2.3264,0.43012610084189074
2,0.45,0.35,2.3280000000000003,0.4300624265526105
2,0.45,0.35,2.3296,0.42999881576121235
2,0.45,0.35,2.3312,0.42993526835858525
2,0.45,0.35,2.3328,0.4298717842358609
2,0.45,0.35,2.3344,0.4298083632844127
2,0.45,0.35,2.3360000000000003,0.42974500539585486
2,0.45,0.35,2.3376,0.4296817104620422
2,0.45,0.35,2.3392,0.42961847837506895
2,0.45,0.35,2.3408,0.42955530902726835
2,0.45,0.35,2.3424,0.429492202311212
2,0.45,0.35,2.3440000000000003,0.42942915811970883
2,0.45,0.35,2.3456,0.42936617634580465
2,0.45,0.35,2.3472,0.4293032568827815
2,0.45,0.35,2.3488,0.42924039962415683
2,0.45,0.35,2.3504,0.42917760446368286
2,0.45,0.35,2.3520000000000003,0.4291148712953461
2,0.45,0.35,2.3536,0.429052200013366
2,0.45,0.35,2.3552,0.4289895905121953
2,0.45,0.35,2.3568000000000002,0.4289270426865185
2,0.45,0.35,2.3584,0.42886455643125143
2,0.45,0.35,2.3600000000000003,0.42880213164154085
2,0.45,0.35,2.3616,0.42873976821276344
2,0.45,0.35,2.3632,0.4286774660405254
2,0.45,0.35,2.3648000000000002,0.4286152250206615
2,0.45,0.35,2.3664,0.4285530450492346
2,0.45,0.35,2.3680000000000003,0.42849092602253497
2,0.45,0.35,2.3696,0.4284288678370798
2,0.45,0.35,2.3712,0.428366870389612
2,0.45,0.35,2.3728000000000002,0.42830493357710026
2,0.45,0.35,2.3744,0.428243057296738
2,0.45,0.35,2.3760000000000003,0.42818124144594266
2,0.45,0.35,2.3776,0.4281194859223554
2,0.45,0.35,2.3792,0.4280577906238398
2,0.45,0.35,2.3808000000000002,0.42799615544848224
2,0.45,0.35,2.3824,0.42793458029459036
2,0.45,0.35,2.384,0.4278730650606927
2,0.45,0.35,2.3856,0.42781160964553827
2,0.45,0.35,2.3872,0.4277502139480957
2,0.45,0.35,2.3888000000000003,0.4276888778675526
2,0.45,0.35,2.3904,0.42762760130331523
2,0.45,0.35,2.392,0.4275663841550074
2,0.45,0.35,2.3936,0.4275052263224703
2,0.45,0.35,2.3952,0.4274441277057615
2,0.45,0.35,2.3968000000000003,0.4273830882051547
2,0.45,0.35,2.3984,0.4273221077211387
2,0.45,0.35,2.4,0.42726118615441727
2,0.45,0.35,2.4016,0.42720032340590813
2,0.45,0.35,2.4032,0.4271395193767425
2,0.45,0.35,2.4048000000000003,0.4270787739682646
2,0.45,0.35,2.4064,0.4270180870820309
2,0.45,0.35,2.408,0.4269574586198094
2,0.45,0.35,2.4096,0.4268968884835793
2,0.45,0.35,2.4112,0.4268363765755304
2,0.45,0.35,2.4128000000000003,0.4267759227980623
2,0.45,0.35,2.4144,0.42671552705378374
2,0.45,0.35,2.416,0.4266551892455123
2,0.45,0.35,2.4176,0.4265949092762738
2,0.45,0.35,2.4192,0.42653468704930136
2,0.45,0.35,2.4208000000000003,0.4264745224680352
2,0.45,0.35,2.4224,0.4264144154361217
2,0.45,0.35,2.424,0.4263543658574132
2,0.45,0.35,2.4256,0.4262943736359671
2,0.45,0.35,2.4272,0.4262344386760457
2,0.45,0.35,2.4288000000000003,0.42617456088211514
2,0.45,0.35,2.4304,0.4261147401588448
2,0.45,0.35,2.432,0.42605497641110734
2,0.45,0.35,2.4336,0.4259952695439775
2,0.45,0.35,2.4352,0.4259356194627319
2,0.45,0.35,2.4368000000000003,0.42587602607284836
2,0.45,0.35,2.4384,0.42581648928000526
2,0.45,0.35,2.44,0.4257570089900812
2,0.45,0.35,2.4416,0.425697585109154
2,0.45,0.35,2.4432,0.4256382175435008
2,0.45,0.35,2.4448000000000003,0.42557890619959676
2,0.45,0.35,2.4464,0.42551965098411515
2,0.45,0.35,2.448,0.42546045180392644
2,0.45,0.35,2.4496,0.42540130856609787
2,0.45,0.35,2.4512,0.42534222117789283
2,0.45,0.35,2.4528000000000003,0.42528318954677036
2,0.45,0.35,2.4544,0.4252242135803846
2,0.45,0.35,2.456,0.42516529318658425
2,0.45,0.35,2.4576000000000002,0.42510642827341216
2,0.45,0.35,2.4592,0.4250476187491045
2,0.45,0.35,2.4608000000000003,0.42498886452209045
2,0.45,0.35,2.4624,0.4249301655009915
2,0.45,0.35,2.464,0.42487152159462116
2,0.45,0.35,2.4656000000000002,0.42481293271198434
2,0.45,0.35,2.4672,0.4247543987622765
2,0.45,0.35,2.4688000000000003,0.4246959196548835
2,0.45,0.35,2.4704,0.42463749529938105
2,0.45,0.35,2.472,0.4245791256055341
2,0.45,0.35,2.4736000000000002,0.42452081048329626
2,0.45,0.35,2.4752,0.42446254984280934
2,0.45,0.35,2.4768000000000003,0.4244043435944028
2,0.45,0.35,2.4784,0.4243461916485932
2,0.45,0.35,2.48,0.4242880939160839
2,0.45,0.35,2.4816000000000003,0.42423005030776434
2,0.45,0.35,2.4832,0.4241720607347096
2,0.45,0.35,2.4848,0.42411412510817975
2,0.45,0.35,2.4864,0.42405624333961967
2,0.45,0.35,2.488,0.4239984153406581
2,0.45,0.35,2.4896000000000003,0.4239406410231075
2,0.45,0.35,2.4912,0.4238829202989634
2,0.45,0.35,2.4928,0.423825253080404
2,0.45,0.35,2.4944,0.42376763927978944
2,0.45,0.35,2.496,0.4237100788096615
2,0.45,0.35,2.4976000000000003,0.42365257158274316
2,0.45,0.35,2.4992,0.42359511751193785
2,0.45,0.35,2.5008,0.42353771651032923
2,0.45,0.35,2.5024,0.42348036849118054
2,0.45,0.35,2.504,0.4234230733679341
2,0.45,0.35,2.5056000000000003,0.42336583105421105
2,0.45,0.35,2.5072,0.42330864146381025
2,0.45,0.35,2.5088,0.42325150451070875
2,0.45,0.35,2.5104,0.42319442010906044
2,0.45,0.35,2.512,0.42313738817319607
2,0.45,0.35,2.5136000000000003,0.42308040861762264
2,0.45,0.35,2.5152,0.42302348135702283
2,0.45,0.35,2.5168,0.4229666063062546
2,0.45,0.35,2.5184,0.4229097833803507
2,0.45,0.35,2.52,0.4228530124945181
2,0.45,0.35,2.5216000000000003,0.422796293564138
2,0.45,0.35,2.5232,0.42273962650476454
2,0.45,0.35,2.5248,0.4226830112321251
2,0.45,0.35,2.5264,0.4226264476621192
2,0.45,0.35,2.528,0.42256993571081874
2,0.45,0.35,2.5296000000000003,0.42251347529446687
2,0.45,0.35,2.5312,0.4224570663294779
2,0.45,0.35,2.5328,0.42240070873243657
2,0.45,0.35,2.5344,0.422344402420098
2,0.45,0.35,2.536,0.42228814730938696
2,0.45,0.35,2.5376000000000003,0.4222319433173973
2,0.45,0.35,2.5392,0.4221757903613917
2,0.45,0.35,2.5408,0.4221196883588012
2,0.45,0.35,2.5424,0.42206363722722473
2,0.45,0.35,2.544,0.4220076368844286
2,0.45,0.35,2.5456000000000003,0.42195168724834614
2,0.45,0.35,2.5472,0.4218957882370771
2,0.45,0.35,2.5488,0.4218399397688874
2,0.45,0.35,2.5504000000000002,0.42178414176220863
2,0.45,0.35,2.552,0.42172839413563756
2,0.45,0.35,2.5536000000000003,0.42167269680793557
2,0.45,0.35,2.5552,0.4216170496980285
2,0.45,0.35,2.5568,0.42156145272500617
2,0.45,0.35,2.5584000000000002,0.42150590580812164
2,0.45,0.35,2.56,0.4214504088667911
2,0.45,0.35,2.5616000000000003,0.42139496182059316
2,0.45,0.35,2.5632,0.4213395645892688
2,0.45,0.35,2.5648,0.42128421709272046
2,0.45,0.35,2.5664000000000002,0.42122891925101213
2,0.45,0.35,2.568,0.4211736709843685
2,0.45,0.35,2.5696000000000003,0.42111847221317467
2,0.45,0.35,2.5712,0.4210633228579758
2,0.45,0.35,2.5728,0.42100822283947675
2,0.45,0.35,2.5744000000000002,0.4209531720785413
2,0.45,0.35,2.576,0.42089817049619216
2,0.45,0.35,2.5776000000000003,0.4208432180136101
2,0.45,0.35,2.5792,0.42078831455213417
2,0.45,0.35,2.5808,0.4207334600332607
2,0.45,0.35,2.5824000000000003,0.42067865437864305
2,0.45,0.35,2.584,0.4206238975100913
2,0.45,0.35,2.5856000000000003,0.4205691893495718
2,0.45,0.35,2.5872,0.4205145298192068
2,0.45,0.35,2.5888,0.4204599188412737
2,0.45,0.35,2.5904000000000003,0.4204053563382052
2,0.45,0.35,2.592,0.4203508422325884
2,0.45,0.35,2.5936,0.4202963764471649
2,0.45,0.35,2.5952,0.42024195890482985
2,0.45,0.35,2.5968,0.4201875895286319
2,0.45,0.35,2.5984000000000003,0.42013326824177255
2,0.45,0.35,2.6,0.4200789949676061
2,0.45,0.35,2.6016,0.42002476962963886
2,0.45,0.35,2.6032,0.4199705921515292
2,0.45,0.35,2.6048,0.41991646245708664
2,0.45,0.35,2.6064000000000003,0.4198623804702718
2,0.45,0.35,2.608,0.41980834611519596
2,0.45,0.35,2.6096,0.4197543593161205
2,0.45,0.35,2.6112,0.41970041999745683
2,0.45,0.35,2.6128,0.4196465280837656
2,0.45,0.35,2.6144000000000003,0.41959268349975676
2,0.45,0.35,2.616,0.4195388861702885
2,0.45,0.35,2.6176,0.4194851360203677
2,0.45,0.35,2.6192,0.41943143297514907
2,0.45,0.35,2.6208,0.41937777695993467
2,0.45,0.35,2.6224000000000003,0.41932416790017374
2,0.45,0.35,2.624,0.41927060572146246
2,0.45,0.35,2.6256,0.419217090349543
2,0.45,0.35,2.6272,0.41916362171030397
2,0.45,0.35,2.6288,0.41911019972977925
2,0.45,0.35,2.6304000000000003,0.4190568243341481
2,0.45,0.35,2.632,0.4190034954497347
2,0.45,0.35,2.6336,0.4189502130030075
2,0.45,0.35,2.6352,0.4188969769205793
2,0.45,0.35,2.6368,0.4188437871292066
2,0.45,0.35,2.6384000000000003,0.41879064355578915
2,0.45,0.35,2.64,0.4187375461273698
2,0.45,0.35,2.6416,0.41868449477113406
2,0.45,0.35,2.6432,0.41863148941440975
2,0.45,0.35,2.6448,0.4185785299846665
2,0.45,0.35,2.6464000000000003,0.4185256164095154
2,0.45,0.35,2.648,0.4184727486167089
2,0.45,0.35,2.6496,0.4184199265341403
2,0.45,0.35,2.6512000000000002,0.4183671500898432
2,0.45,0.35,2.6528,0.4183144192119913
2,0.45,0.35,2.6544000000000003,0.4182617338288982
2,0.45,0.35,2.656,0.41820909386901683
2,0.45,0.35,2.6576,0.41815649926093906
2,0.45,0.35,2.6592000000000002,0.4181039499333955
2,0.45,0.35,2.6608,0.4180514458152551
2,0.45,0.35,2.6624000000000003,0.4179989868355247
2,0.45,0.35,2.664,0.41794657292334886
2,0.45,0.35,2.6656,0.4178942040080093
2,0.45,0.35,2.6672000000000002,0.41784188001892475
2,0.45,0.35,2.6688,0.41778960088565037
2,0.45,0.35,2.6704000000000003,0.41773736653787774
2,0.45,0.35,2.672,0.4176851769054343
2,0.45,0.35,2.6736,0.4176330319182828
2,0.45,0.35,2.6752000000000002,0.4175809315065214
2,0.45,0.35,2.6768,0.4175288756003831
2,0.45,0.35,2.6784000000000003,0.41747686413023516
2,0.45,0.35,2.68,0.4174248970265792
2,0.45,0.35,2.6816,0.41737297422005076
2,0.45,0.35,2.6832000000000003,0.4173210956414188
2,0.45,0.35,2.6848,0.41726926122158514
2,0.45,0.35,2.6864000000000003,0.41721747089158495
2,0.45,0.35,2.688,0.41716572458258544
2,0.45,0.35,2.6896,0.4171140222258862
2,0.45,0.35,2.6912000000000003,0.4170623637529185
2,0.45,0.35,2.6928,0.4170107490952451
2,0.45,0.35,2.6944000000000004,0.41695917818456
2,0.45,0.35,2.696,0.4169076509526881
2,0.45,0.35,2.6976,0.4168561673315846
2,0.45,0.35,2.6992000000000003,0.4168047272533348
2,0.45,0.35,2.7008,0.416753330650154
2,0.45,0.35,2.7024,0.41670197745438725
2,0.45,0.35,2.704,0.41665066759850833
2,0.45,0.35,2.7056,0.4165994010151201
2,0.45,0.35,2.7072000000000003,0.416548177636954
2,0.45,0.35,2.7088,0.41649699739686963
2,0.45,0.35,2.7104,0.4164458602278545
2,0.45,0.35,2.712,0.41639476606302384
2,0.45,0.35,2.7136,0.41634371483561994
2,0.45,0.35,2.7152000000000003,0.41629270647901206
2,0.45,0.35,2.7168,0.41624174092669625
2,0.45,0.35,2.7184,0.41619081811229475
2,0.45,0.35,2.72,0.4161399379695558
2,0.45,0.35,2.7216,0.4160891004323534
2,0.45,0.35,2.7232000000000003,0.41603830543468684
2,0.45,0.35,2.7248,0.4159875529106806
2,0.45,0.35,2.7264,0.41593684279458387
2,0.45,0.35,2.728,0.41588617502077013
2,0.45,0.35,2.7296,0.41583554952373725
2,0.45,0.35,2.7312000000000003,0.4157849662381067
2,0.45,0.35,2.7328,0.41573442509862363
2,0.45,0.35,2.7344,0.41568392604015636
2,0.45,0.35,2.736,0.41563346899769615
2,0.45,0.35,2.7376,0.41558305390635686
2,0.45,0.35,2.7392000000000003,0.41553268070137456
2,0.45,0.35,2.7408,0.4154823493181074
2,0.45,0.35,2.7424,0.4154320596920354
2,0.45,0.35,2.744,0.4153818117587597
2,0.45,0.35,2.7456,0.4153316054540027
2,0.45,0.35,2.7472000000000003,0.4152814407136076
2,0.45,0.35,2.7488,0.4152313174735381
2,0.45,0.35,2.7504,0.415181235669878
2,0.45,0.35,2.7520000000000002,0.4151311952388313
2,0.45,0.35,2.7536,0.41508119611672123
2,0.45,0.35,2.7552000000000003,0.41503123823999083
2,0.45,0.35,2.7568,0.4149813215452019
2,0.45,0.35,2.7584,0.4149314459690349
2,0.45,0.35,2.7600000000000002,0.414881611448289
2,0.45,0.35,2.7616,0.4148318179198812
2,0.45,0.35,2.7632000000000003,0.4147820653208469
2,0.45,0.35,2.7648,0.41473235358833854
2,0.45,0.35,2.7664,0.4146826826596262
2,0.45,0.35,2.7680000000000002,0.4146330524720969
2,0.45,0.35,2.7696,0.41458346296325443
2,0.45,0.35,2.7712000000000003,0.4145339140707188
2,0.45,0.35,2.7728,0.4144844057322265
2,0.45,0.35,2.7744,0.41443493788562974
2,0.45,0.35,2.7760000000000002,0.4143855104688963
2,0.45,0.35,2.7776,0.41433612342010945
2,0.45,0.35,2.7792000000000003,0.4142867766774674
2,0.45,0.35,2.7808,0.41423747017928303
2,0.45,0.35,2.7824,0.4141882038639838
2,0.45,0.35,2.7840000000000003,0.4141389776701115
2,0.45,0.35,2.7856,0.4140897915363216
2,0.45,0.35,2.7872000000000003,0.4140406454013833
2,0.45,0.35,2.7888,0.41399153920417925
2,0.45,0.35,2.7904,0.4139424728837051
2,0.45,0.35,2.7920000000000003,0.4138934463790696
2,0.45,0.35,2.7936,0.4138444596294938
2,0.45,0.35,2.7952000000000004,0.41379551257431096
2,0.45,0.35,2.7968,0.4137466051529667
2,0.45,0.35,2.7984,0.41369773730501797
2,0.45,0.35,2.8000000000000003,0.4136489089701335
2,0.45,0.35,2.8016,0.4136001200880932
2,0.45,0.35,2.8032,0.41355137059878794
2,0.45,0.35,2.8048,0.41350266044221906
2,0.45,0.35,2.8064,0.41345398955849855
2,0.45,0.35,2.8080000000000003,0.4134053578878483
2,0.45,0.35,2.8096,0.41335676537060034
2,0.45,0.35,2.8112,0.4133082119471962
2,0.45,0.35,2.8128,0.4132596975581867
2,0.45,0.35,2.8144,0.41321122214423184
2,0.45,0.35,2.8160000000000003,0.41316278564610054
2,0.45,0.35,2.8176,0.41311438800467004
2,0.45,0.35,2.8192,0.4130660291609262
2,0.45,0.35,2.8208,0.41301770905596263
2,0.45,0.35,2.8224,0.41296942763098093
2,0.45,0.35,2.8240000000000003,0.4129211848272902
2,0.45,0.35,2.8256,0.4128729805863068
2,0.45,0.35,2.8272,0.4128248148495542
2,0.45,0.35,2.8288,0.41277668755866254
2,0.45,0.35,2.8304,0.4127285986553686
2,0.45,0.35,2.8320000000000003,0.4126805480815153
2,0.45,0.35,2.8336,0.4126325357790515
2,0.45,0.35,2.8352,0.4125845616900321
2,0.45,0.35,2.8368,0.41253662575661737
2,0.45,0.35,2.8384,0.4124887279210727
2,0.45,0.35,2.8400000000000003,0.4124408681257688
2,0.45,0.35,2.8416,0.41239304631318086
2,0.45,0.35,2.8432,0.41234526242588865
2,0.45,0.35,2.8448,0.4122975164065764
2,0.45,0.35,2.8464,0.41224980819803214
2,0.45,0.35,2.8480000000000003,0.4122021377431478
2,0.45,0.35,2.8496,0.41215450498491873
2,0.45,0.35,2.8512,0.41210690986644366
2,0.45,0.35,2.8528000000000002,0.4120593523309244
2,0.45,0.35,2.8544,0.4120118323216654
2,0.45,0.35,2.8560000000000003,0.41196434978207386
2,0.45,0.35,2.8576,0.4119169046556592
2,0.45,0.35,2.8592,0.4118694968860331
2,0.45,0.35,2.8608000000000002,0.4118221264169087
2,0.45,0.35,2.8624,0.41177479319210103
2,0.45,0.35,2.8640000000000003,0.41172749715552637
2,0.45,0.35,2.8656,0.4116802382512023
2,0.45,0.35,2.8672,0.41163301642324707
2,0.45,0.35,2.8688000000000002,0.41158583161587964
2,0.45,0.35,2.8704,0.41153868377341946
2,0.45,0.35,2.8720000000000003,0.4114915728402861
2,0.45,0.35,2.8736,0.4114444987609991
2,0.45,0.35,2.8752,0.4113974614801776
2,0.45,0.35,2.8768000000000002,0.4113504609425404
2,0.45,0.35,2.8784,0.41130349709290553
2,0.45,0.35,2.8800000000000003,0.4112565698761899
2,0.45,0.35,2.8816,0.41120967923740936
2,0.45,0.35,2.8832,0.4111628251216782
2,0.45,0.35,2.8848000000000003,0.4111160074742091
2,0.45,0.35,2.8864,0.4110692262403129
2,0.45,0.35,2.8880000000000003,0.4110224813653981
2,0.45,0.35,2.8896,0.410975772794971
2,0.45,0.35,2.8912,0.4109291004746354
2,0.45,0.35,2.8928000000000003,0.4108824643500921
2,0.45,0.35,2.8944,0.41083586436713904
2,0.45,0.35,2.8960000000000004,0.4107893004716708
2,0.45,0.35,2.8976,0.4107427726096784
2,0.45,0.35,2.8992,0.41069628072724934
2,0.45,0.35,2.9008000000000003,0.4106498247705671
2,0.45,0.35,2.9024,0.41060340468591106
2,0.45,0.35,2.9040000000000004,0.4105570204196561
2,0.45,0.35,2.9056,0.4105106719182726
2,0.45,0.35,2.9072,0.41046435912832624
2,0.45,0.35,2.9088000000000003,0.41041808199647745
2,0.45,0.35,2.9104,0.41037184046948144
2,0.45,0.35,2.912,0.4103256344941882
2,0.45,0.35,2.9136,0.41027946401754184
2,0.45,0.35,2.9152,0.4102333289865805
2,0.45,0.35,2.9168000000000003,0.4101872293484364
2,0.45,0.35,2.9184,0.4101411650503352
2,0.45,0.35,2.92,0.41009513603959635
2,0.45,0.35,2.9216,0.4100491422636321
2,0.45,0.35,2.9232,0.4100031836699481
2,0.45,0.35,2.9248000000000003,0.40995726020614254
2,0.45,0.35,2.9264,0.4099113718199065
2,0.45,0.35,2.928,0.40986551845902314
2,0.45,0.35,2.9296,0.4098197000713679
2,0.45,0.35,2.9312,0.40977391660490836
2,0.45,0.35,2.9328000000000003,0.4097281680077037
2,0.45,0.35,2.9344,0.40968245422790467
2,0.45,0.35,2.936,0.40963677521375336
2,0.45,0.35,2.9376,0.40959113091358296
2,0.45,0.35,2.9392,0.4095455212758175
2,0.45,0.35,2.9408000000000003,0.409499946248972
2,0.45,0.35,2.9424,0.4094544057816518
2,0.45,0.35,2.944,0.4094088998225526
2,0.45,0.35,2.9456,0.40936342832046013
2,0.45,0.35,2.9472,0.40931799122425
2,0.45,0.35,2.9488000000000003,0.4092725884828876
2,0.45,0.35,2.9504,0.4092272200454279
2,0.45,0.35,2.952,0.40918188586101495
2,0.45,0.35,2.9536000000000002,0.4091365858788819
2,0.45,0.35,2.9552,0.40909132004835097
2,0.45,0.35,2.9568000000000003,0.4090460883188329
2,0.45,0.35,2.9584,0.409000890639827
2,0.45,0.35,2.96,0.40895572696092064
2,0.45,0.35,2.9616000000000002,0.40891059723178963
2,0.45,0.35,2.9632,0.4088655014021974
2,0.45,0.35,2.9648000000000003,0.40882043942199525
2,0.45,0.35,2.9664,0.4087754112411218
2,0.45,0.35,2.968,0.408730416809603
2,0.45,0.35,2.9696000000000002,0.40868545607755186
2,0.45,0.35,2.9712,0.40864052899516856
2,0.45,0.35,2.9728000000000003,0.40859563551273953
2,0.45,0.35,2.9744,0.4085507755806382
2,0.45,0.35,2.976,0.40850594914932387
2,0.45,0.35,2.9776000000000002,0.4084611561693423
2,0.45,0.35,2.9792,0.40841639659132495
2,0.45,0.35,2.9808000000000003,0.40837167036598915
2,0.45,0.35,2.9824,0.40832697744413765
2,0.45,0.35,2.984,0.4082823177766588
2,0.45,0.35,2.9856000000000003,0.40823769131452575
2,0.45,0.35,2.9872,0.408193098008797
2,0.45,0.35,2.9888000000000003,0.40814853781061555
2,0.45,0.35,2.9904,0.4081040106712092
2,0.45,0.35,2.992,0.40805951654189
2,0.45,0.35,2.9936000000000003,0.4080150553740543
2,0.45,0.35,2.9952,0.4079706271191824
2,0.45,0.35,2.9968000000000004,0.4079262317288386
2,0.45,0.35,2.9984,0.40788186915467056
2,0.45,0.35,3.0,0.4078375393484098
2,0.45,0.35,3.0016000000000003,0.4077932422618709
2,0.45,0.35,3.0032,0.4077489778469515
2,0.45,0.35,3.0048000000000004,0.4077047460556323
2,0.45,0.35,3.0064,0.40766054683997655
2,0.45,0.35,3.008,0.40761638015213025
2,0.45,0.35,3.0096000000000003,0.4075722459443217
2,0.45,0.35,3.0112,0.4075281441688612
2,0.45,0.35,3.0128,0.4074840747781414
2,0.45,0.35,3.0144,0.4074400377246365
2,0.45,0.35,3.016,0.4073960329609025
2,0.45,0.35,3.0176000000000003,0.4073520604395766
2,0.45,0.35,3.0192,0.40730812011337775
2,0.45,0.35,3.0208,0.4072642119351055
2,0.45,0.35,3.0224,0.40722033585764056
2,0.45,0.35,3.024,0.4071764918339445
2,0.45,0.35,3.0256000000000003,0.4071326798170592
2,0.45,0.35,3.0272,0.4070888997601072
2,0.45,0.35,3.0288,0.4070451516162909
2,0.45,0.35,3.0304,0.4070014353388931
2,0.45,0.35,3.032,0.4069577508812763
2,0.45,0.35,3.0336000000000003,0.40691409819688257
2,0.45,0.35,3.0352,0.40687047723923386
2,0.45,0.35,3.0368,0.406826887961931
2,0.45,0.35,3.0384,0.4067833303186543
2,0.45,0.35,3.04,0.4067398042631629
2,0.45,0.35,3.0416000000000003,0.406696309749295
2,0.45,0.35,3.0432,0.40665284673096713
2,0.45,0.35,3.0448,0.40660941516217436
2,0.45,0.35,3.0464,0.40656601499699035
2,0.45,0.35,3.048,0.4065226461895665
2,0.45,0.35,3.0496000000000003,0.4064793086941325
2,0.45,0.35,3.0512,0.4064360024649955
2,0.45,0.35,3.0528,0.40639272745654065
2,0.45,0.35,3.0544000000000002,0.4063494836232302
2,0.45,0.35,3.056,0.40630627091960403
2,0.45,0.35,3.0576000000000003,0.40626308930027877
2,0.45,0.35,3.0592,0.4062199387199483
2,0.45,0.35,3.0608,0.4061768191333832
2,0.45,0.35,3.0624000000000002,0.40613373049543056
2,0.45,0.35,3.064,0.40609067276101407
2,0.45,0.35,3.0656000000000003,0.4060476458851336
2,0.45,0.35,3.0672,0.4060046498228652
2,0.45,0.35,3.0688,0.40596168452936093
2,0.45,0.35,3.0704000000000002,0.40591874995984845
2,0.45,0.35,3.072,0.40587584606963123
2,0.45,0.35,3.0736000000000003,0.40583297281408814
2,0.45,0.35,3.0752,0.40579013014867327
2,0.45,0.35,3.0768,0.40574731802891595
2,0.45,0.35,3.0784000000000002,0.40570453641042065
2,0.45,0.35,3.08,0.4056617852488663
2,0.45,0.35,3.0816000000000003,0.40561906450000673
2,0.45,0.35,3.0832,0.4055763741196702
2,0.45,0.35,3.0848,0.4055337140637591
2,0.45,0.35,3.0864000000000003,0.40549108428825054
2,0.45,0.35,3.088,0.4054484847491951
2,0.45,0.35,3.0896000000000003,0.40540591540271737
2,0.45,0.35,3.0912,0.4053633762050159
2,0.45,0.35,3.0928,0.4053208671123623
2,0.45,0.35,3.0944000000000003,0.405278388081102
2,0.45,0.35,3.096,0.4052359390676535
2,0.45,0.35,3.0976000000000004,0.4051935200285083
2,0.45,0.35,3.0992,0.4051511309202308
2,0.45,0.35,3.1008,0.40510877169945836
2,0.45,0.35,3.1024000000000003,0.40506644232290073
2,0.45,0.35,3.104,0.4050241427473401
2,0.45,0.35,3.1056000000000004,0.4049818729296311
2,0.45,0.35,3.1072,0.4049396328267005
2,0.45,0.35,3.1088,0.40489742239554694
2,0.45,0.35,3.1104000000000003,0.4048552415932409
2,0.45,0.35,3.112,0.4048130903769246
2,0.45,0.35,3.1136000000000004,0.40477096870381174
2,0.45,0.35,3.1152,0.4047288765311875
2,0.45,0.35,3.1168,0.40468681381640814
2,0.45,0.35,3.1184000000000003,0.40464478051690106
2,0.45,0.35,3.12,0.4046027765901645
2,0.45,0.35,3.1216,0.40456080199376765
2,0.45,0.35,3.1232,0.40451885668535015
2,0.45,0.35,3.1248,0.4044769406226222
2,0.45,0.35,3.1264000000000003,0.40443505376336425
2,0.45,0.35,3.128,0.40439319606542695
2,0.45,0.35,3.1296,0.4043513674867311
2,0.45,0.35,3.1312,0.4043095679852672
2,0.45,0.35,3.1328,0.4042677975190955
2,0.45,0.35,3.1344000000000003,0.4042260560463458
2,0.45,0.35,3.136,0.4041843435252176
2,0.45,0.35,3.1376,0.4041426599139794
2,0.45,0.35,3.1392,0.40410100517096903
2,0.45,0.35,3.1408,0.4040593792545931
2,0.45,0.35,3.1424000000000003,0.40401778212332734
2,0.45,0.35,3.144,0.40397621373571596
2,0.45,0.35,3.1456,0.4039346740503719
2,0.45,0.35,3.1472,0.4038931630259764
2,0.45,0.35,3.1488,0.40385168062127885
2,0.45,0.35,3.1504000000000003,0.4038102267950972
2,0.45,0.35,3.152,0.40376880150631717
2,0.45,0.35,3.1536,0.4037274047138921
2,0.45,0.35,3.1552000000000002,0.4036860363768433
2,0.45,0.35,3.1568,0.40364469645425954
2,0.45,0.35,3.1584000000000003,0.403603384905297
2,0.45,0.35,3.16,0.4035621016891794
2,0.45,0.35,3.1616,0.40352084676519717
2,0.45,0.35,3.1632000000000002,0.40347962009270805
2,0.45,0.35,3.1648,0.4034384216311366
2,0.45,0.35,3.1664000000000003,0.40339725133997395
2,0.45,0.35,3.168,0.403356109178778
2,0.45,0.35,3.1696,0.403314995107173
2,0.45,0.35,3.1712000000000002,0.40327390908484945
2,0.45,0.35,3.1728,0.40323285107156415
2,0.45,0.35,3.1744000000000003,0.4031918210271398
2,0.45,0.35,3.176,0.40315081891146515
2,0.45,0.35,3.1776,0.4031098446844945
2,0.45,0.35,3.1792000000000002,0.40306889830624804
2,0.45,0.35,3.1808,0.4030279797368112
2,0.45,0.35,3.1824000000000003,0.40298708893633495
2,0.45,0.35,3.184,0.4029462258650353
2,0.45,0.35,3.1856,0.40290539048319335
2,0.45,0.35,3.1872000000000003,0.4028645827511553
2,0.45,0.35,3.1888,0.4028238026293321
2,0.45,0.35,3.1904000000000003,0.40278305007819926
2,0.45,0.35,3.192,0.402742325058297
2,0.45,0.35,3.1936,0.4027016275302298
2,0.45,0.35,3.1952000000000003,0.4026609574546665
2,0.45,0.35,3.1968,0.4026203147923401
2,0.45,0.35,3.1984000000000004,0.40257969950404765
2,0.45,0.35,3.2,0.4025391115506499
2,0.45,0.35,3.2016,0.4024985508930715
2,0.45,0.35,3.2032000000000003,0.40245801749230065
2,0.45,0.35,3.2048,0.4024175113093892
2,0.45,0.35,3.2064000000000004,0.40237703230545213
2,0.45,0.35,3.208,0.40233658044166776
2,0.45,0.35,3.2096,0.4022961556792774
2,0.45,0.35,3.2112000000000003,0.40225575797958546
2,0.45,0.35,3.2128,0.40221538730395917
2,0.45,0.35,3.2144000000000004,0.40217504361382855
2,0.45,0.35,3.216,0.4021347268706859
2,0.45,0.35,3.2176,0.4020944370360864
2,0.45,0.35,3.2192000000000003,0.4020541740716471
2,0.45,0.35,3.2208,0.40201393793904766
2,0.45,0.35,3.2224000000000004,0.4019737286000295
2,0.45,0.35,3.224,0.4019335460163962
2,0.45,0.35,3.2256,0.4018933901500131
2,0.45,0.35,3.2272000000000003,0.40185326096280705
2,0.45,0.35,3.2288,0.4018131584167668
2,0.45,0.35,3.2304,0.40177308247394233
2,0.45,0.35,3.232,0.4017330330964449
2,0.45,0.35,3.2336,0.40169301024644716
2,0.45,0.35,3.2352000000000003,0.4016530138861826
2,0.45,0.35,3.2368,0.4016130439779458
2,0.45,0.35,3.2384,0.4015731004840921
2,0.45,0.35,3.24,0.40153318336703764
2,0.45,0.35,3.2416,0.4014932925892589
2,0.45,0.35,3.2432000000000003,0.40145342811329315
2,0.45,0.35,3.2448,0.40141358990173776
2,0.45,0.35,3.2464,0.4013737779172503
2,0.45,0.35,3.248,0.40133399212254856
2,0.45,0.35,3.2496,0.4012942324804101
2,0.45,0.35,3.2512000000000003,0.4012544989536725
2,0.45,0.35,3.2528,0.401214791505233
2,0.45,0.35,3.2544,0.40117511009804846
2,0.45,0.35,3.2560000000000002,0.40113545469513523
2,0.45,0.35,3.2576,0.4010958252595689
2,0.45,0.35,3.2592000000000003,0.40105622175448447
2,0.45,0.35,3.2608,0.401016644143076
2,0.45,0.35,3.2624,0.40097709238859636
2,0.45,0.35,3.2640000000000002,0.40093756645435785
2,0.45,0.35,3.2656,0.40089806630373087
2,0.45,0.35,3.2672000000000003,0.40085859190014483
2,0.45,0.35,3.2688,0.40081914320708767
2,0.45,0.35,3.2704,0.40077972018810565
2,0.45,0.35,3.2720000000000002,0.40074032280680355
2,0.45,0.35,3.2736,0.400700951026844
2,0.45,0.35,3.2752000000000003,0.40066160481194785
2,0.45,0.35,3.2768,0.4006222841258939
2,0.45,0.35,3.2784,0.40058298893251876
2,0.45,0.35,3.2800000000000002,0.40054371919571674
2,0.45,0.35,3.2816,0.40050447487943985
2,0.45,0.35,3.2832000000000003,0.4004652559476975
2,0.45,0.35,3.2848,0.4004260623645565
2,0.45,0.35,3.2864,0.4003868940941409
2,0.45,0.35,3.2880000000000003,0.40034775110063187
2,0.45,0.35,3.2896,0.4003086333482676
2,0.45,0.35,3.2912000000000003,0.40026954080134325
2,0.45,0.35,3.2928,0.40023047342421086
2,0.45,0.35,3.2944,0.4001914311812789
2,0.45,0.35,3.2960000000000003,0.4001524140370128
2,0.45,0.35,3.2976,0.4001134219559341
2,0.45,0.35,3.2992000000000004,0.4000744549026208
2,0.45,0.35,3.3008,0.4000355128417072
2,0.45,0.35,3.3024,0.3999965957378837
2,0.45,0.35,3.3040000000000003,0.3999577035558967
2,0.45,0.35,3.3056,0.39991883626054864
2,0.45,0.35,3.3072000000000004,0.3998799938166975
2,0.45,0.35,3.3088,0.3998411761892571
2,0.45,0.35,3.3104,0.3998023833431968
2,0.45,0.35,3.3120000000000003,0.3997636152435415
2,0.45,0.35,3.3136,0.39972487185537137
2,0.45,0.35,3.3152000000000004,0.39968615314382194
2,0.45,0.35,3.3168,0.3996474590740837
2,0.45,0.35,3.3184,0.3996087896114024
2,0.45,0.35,3.3200000000000003,0.3995701447210784
2,0.45,0.35,3.3216,0.3995315243684671
2,0.45,0.35,3.3232000000000004,0.39949292851897855
2,0.45,0.35,3.3248,0.39945435713807753
2,0.45,0.35,3.3264,0.39941581019128314
2,0.45,0.35,3.3280000000000003,0.39937728764416874
2,0.45,0.35,3.3296,0.3993387894623623
2,0.45,0.35,3.3312,0.3993003156115457
2,0.45,0.35,3.3328,0.39926186605745506
2,0.45,0.35,3.3344,0.39922344076588034
2,0.45,0.35,3.3360000000000003,0.39918503970266533
2,0.45,0.35,3.3376,0.3991466628337078
2,0.45,0.35,3.3392,0.3991083101249589
2,0.45,0.35,3.3408,0.3990699815424233
2,0.45,0.35,3.3424,0.39903167705215936
2,0.45,0.35,3.3440000000000003,0.3989933966202785
2,0.45,0.35,3.3456,0.3989551402129455
2,0.45,0.35,3.3472,0.3989169077963783
2,0.45,0.35,3.3488,0.39887869933684766
2,0.45,0.35,3.3504,0.39884051480067756
2,0.45,0.35,3.3520000000000003,0.39880235415424453
2,0.45,0.35,3.3536,0.3987642173639779
2,0.45,0.35,3.3552,0.3987261043963595
2,0.45,0.35,3.3568000000000002,0.39868801521792385
2,0.45,0.35,3.3584,0.3986499497952578
2,0.45,0.35,3.3600000000000003,0.39861190809500047
2,0.45,0.35,3.3616,0.39857389008384314
2,0.45,0.35,3.3632,0.3985358957285293
2,0.45,0.35,3.3648000000000002,0.39849792499585435
2,0.45,0.35,3.3664,0.39845997785266546
2,0.45,0.35,3.3680000000000003,0.3984220542658619
2,0.45,0.35,3.3696,0.3983841542023944
2,0.45,0.35,3.3712,0.3983462776292654
2,0.45,0.35,3.3728000000000002,0.39830842451352877
2,0.45,0.35,3.3744,0.39827059482228977
2,0.45,0.35,3.3760000000000003,0.3982327885227049
2,0.45,0.35,3.3776,0.39819500558198206
2,0.45,0.35,3.3792,0.3981572459673801
2,0.45,0.35,3.3808000000000002,0.3981195096462088
2,0.45,0.35,3.3824,0.39808179658582893
2,0.45,0.35,3.3840000000000003,0.39804410675365204
2,0.45,0.35,3.3856,0.3980064401171405
2,0.45,0.35,3.3872,0.3979687966438071
2,0.45,0.35,3.3888000000000003,0.3979311763012152
2,0.45,0.35,3.3904,0.3978935790569787
2,0.45,0.35,3.3920000000000003,0.39785600487876166
2,0.45,0.35,3.3936,0.3978184537342784
2,0.45,0.35,3.3952,0.3977809255912934
2,0.45,0.35,3.3968000000000003,0.3977434204176212
2,0.45,0.35,3.3984,0.3977059381811261
2,0.45,0.35,3.4000000000000004,0.39766847884972234
2,0.45,0.35,3.4016,0.397631042391374
2,0.45,0.35,3.4032,0.3975936287740946
2,0.45,0.35,3.4048000000000003,0.3975562379659475
2,0.45,0.35,3.4064,0.3975188699350452
2,0.45,0.35,3.4080000000000004,0.3974815246495498
2,0.45,0.35,3.4096,0.39744420207767234
2,0.45,0.35,3.4112,0.39740690218767344
2,0.45,0.35,3.4128000000000003,0.3973696249478626
2,0.45,0.35,3.4144,0.3973323703265983
2,0.45,0.35,3.4160000000000004,0.39729513829228796
2,0.45,0.35,3.4176,0.3972579288133877
2,0.45,0.35,3.4192,0.3972207418584025
2,0.45,0.35,3.4208000000000003,0.3971835773958859
2,0.45,0.35,3.4224,0.3971464353944397
2,0.45,0.35,3.4240000000000004,0.39710931582271464
2,0.45,0.35,3.4256,0.39707221864940934
2,0.45,0.35,3.4272,0.397035143843271
2,0.45,0.35,3.4288000000000003,0.39699809137309466
2,0.45,0.35,3.4304,0.3969610612077236
2,0.45,0.35,3.4320000000000004,0.3969240533160491
2,0.45,0.35,3.4336,0.3968870676670102
2,0.45,0.35,3.4352,0.3968501042295939
2,0.45,0.35,3.4368000000000003,0.39681316297283475
2,0.45,0.35,3.4384,0.39677624386581495
2,0.45,0.35,3.44,0.39673934687766427
2,0.45,0.35,3.4416,0.39670247197755976
2,0.45,0.35,3.4432,0.396665619134726
2,0.45,0.35,3.4448000000000003,0.39662878831843473
2,0.45,0.35,3.4464,0.3965919794980049
2,0.45,0.35,3.448,0.3965551926428025
2,0.45,0.35,3.4496,0.3965184277222404
2,0.45,0.35,3.4512,0.3964816847057785
2,0.45,0.35,3.4528000000000003,0.3964449635629234
2,0.45,0.35,3.4544,0.39640826426322867
2,0.45,0.35,3.456,0.3963715867762942
2,0.45,0.35,3.4576000000000002,0.39633493107176665
2,0.45,0.35,3.4592,0.396298297119339
2,0.45,0.35,3.4608000000000003,0.3962616848887507
2,0.45,0.35,3.4624,0.3962250943497873
2,0.45,0.35,3.464,0.39618852547228084
2,0.45,0.35,3.4656000000000002,0.39615197822610915
2,0.45,0.35,3.4672,0.39611545258119635
2,0.45,0.35,3.4688000000000003,0.3960789485075123
2,0.45,0.35,3.4704,0.3960424659750728
2,0.45,0.35,3.472,0.3960060049539396
2,0.45,0.35,3.4736000000000002,0.3959695654142197
2,0.45,0.35,3.4752,0.39593314732606605
2,0.45,0.35,3.4768000000000003,0.39589675065967705
2,0.45,0.35,3.4784,0.39586037538529645
2,0.45,0.35,3.48,0.39582402147321327
2,0.45,0.35,3.4816000000000003,0.39578768889376204
2,0.45,0.35,3.4832,0.39575137761732215
2,0.45,0.35,3.4848000000000003,0.3957150876143184
2,0.45,0.35,3.4864,0.3956788188552203
2,0.45,0.35,3.488,0.3956425713105424
2,0.45,0.35,3.4896000000000003,0.39560634495084424
2,0.45,0.35,3.4912,0.3955701397467298
2,0.45,0.35,3.4928000000000003,0.395533955668848
2,0.45,0.35,3.4944,0.3954977926878923
2,0.45,0.35,3.496,0.39546165077460055
2,0.45,0.35,3.4976000000000003,0.39542552989975505
2,0.45,0.35,3.4992,0.3953894300341825
2,0.45,0.35,3.5008000000000004,0.3953533511487538
2,0.45,0.35,3.5024,0.39531729321438414
2,0.45,0.35,3.504,0.39528125620203275
2,0.45,0.35,3.5056000000000003,0.3952452400827028
2,0.45,0.35,3.5072,0.3952092448274414
2,0.45,0.35,3.5088000000000004,0.3951732704073397
2,0.45,0.35,3.5104,0.39513731679353237
2,0.45,0.35,3.512,0.3951013839571979
2,0.45,0.35,3.5136000000000003,0.39506547186955826
2,0.45,0.35,3.5152,0.3950295805018792
2,0.45,0.35,3.5168000000000004,0.3949937098254698
2,0.45,0.35,3.5184,0.3949578598116823
2,0.45,0.35,3.52,0.39492203043191254
2,0.45,0.35,3.5216000000000003,0.3948862216575994
2,0.45,0.35,3.5232,0.39485043346022497
2,0.45,0.35,3.5248000000000004,0.3948146658113144
2,0.45,0.35,3.5264,0.39477891868243575
2,0.45,0.35,3.528,0.39474319204519986
2,0.45,0.35,3.5296000000000003,0.3947074858712606
2,0.45,0.35,3.5312,0.3946718001323145
2,0.45,0.35,3.5328000000000004,0.39463613480010074
2,0.45,0.35,3.5344,0.394600489846401
2,0.45,0.35,3.536,0.39456486524303974
2,0.45,0.35,3.5376000000000003,0.3945292609618834
2,0.45,0.35,3.5392,0.39449367697484117
2,0.45,0.35,3.5408000000000004,0.3944581132538643
2,0.45,0.35,3.5424,0.39442256977094625
2,0.45,0.35,3.544,0.3943870464981227
2,0.45,0.35,3.5456000000000003,0.3943515434074712
2,0.45,0.35,3.5472,0.3943160604711114
2,0.45,0.35,3.5488,0.3942805976612049
2,0.45,0.35,3.5504000000000002,0.3942451549499548
2,0.45,0.35,3.552,0.39420973230960626
2,0.45,0.35,3.5536000000000003,0.39417432971244604
2,0.45,0.35,3.5552,0.3941389471308023
2,0.45,0.35,3.5568,0.39410358453704486
2,0.45,0.35,3.5584000000000002,0.39406824190358497
2,0.45,0.35,3.56,0.39403291920287514
2,0.45,0.35,3.5616000000000003,0.39399761640740927
2,0.45,0.35,3.5632,0.39396233348972237
2,0.45,0.35,3.5648,0.3939270704223906
2,0.45,0.35,3.5664000000000002,0.39389182717803123
2,0.45,0.35,3.568,0.39385660372930253
2,0.45,0.35,3.5696000000000003,0.39382140004890365
2,0.45,0.35,3.5712,0.39378621610957454
2,0.45,0.35,3.5728,0.39375105188409587
2,0.45,0.35,3.5744000000000002,0.3937159073452891
2,0.45,0.35,3.576,0.39368078246601623
2,0.45,0.35,3.5776000000000003,0.3936456772191798
2,0.45,0.35,3.5792,0.3936105915777229
2,0.45,0.35,3.5808,0.39357552551462893
2,0.45,0.35,3.5824000000000003,0.39354047900292166
2,0.45,0.35,3.584,0.393505452015665
2,0.45,0.35,3.5856000000000003,0.39347044452596325
2,0.45,0.35,3.5872,0.39343545650696066
2,0.45,0.35,3.5888,0.3934004879318415
2,0.45,0.35,3.5904000000000003,0.3933655387738301
2,0.45,0.35,3.592,0.39333060900619066
2,0.45,0.35,3.5936000000000003,0.393295698602227
2,0.45,0.35,3.5952,0.3932608075352829
2,0.45,0.35,3.5968,0.39322593577874176
2,0.45,0.35,3.5984000000000003,0.3931910833060266
2,0.45,0.35,3.6,0.3931562500905999
2,0.45,0.35,3.6016000000000004,0.3931214361059637
2,0.45,0.35,3.6032,0.3930866413256593
2,0.45,0.35,3.6048,0.39305186572326745
2,0.45,0.35,3.6064000000000003,0.3930171092724082
2,0.45,0.35,3.608,0.3929823719467405
2,0.45,0.35,3.6096000000000004,0.39294765371996276
2,0.45,0.35,3.6112,0.3929129545658121
2,0.45,0.35,3.6128,0.3928782744580649
2,0.45,0.35,3.6144000000000003,0.3928436133705362
2,0.45,0.35,3.616,0.39280897127708003
2,0.45,0.35,3.6176000000000004,0.39277434815158907
2,0.45,0.35,3.6192,0.39273974396799477
2,0.45,0.35,3.6208,0.3927051587002673
2,0.45,0.35,3.6224000000000003,0.39267059232241514
2,0.45,0.35,3.624,0.3926360448084855
2,0.45,0.35,3.6256000000000004,0.3926015161325639
2,0.45,0.35,3.6272,0.39256700626877405
2,0.45,0.35,3.6288,0.39253251519127824
2,0.45,0.35,3.6304000000000003,0.39249804287427686
2,0.45,0.35,3.632,0.3924635892920083
2,0.45,0.35,3.6336000000000004,0.3924291544187492
2,0.45,0.35,3.6352,0.39239473822881415
2,0.45,0.35,3.6368,0.39236034069655573
2,0.45,0.35,3.6384000000000003,0.39232596179636436
2,0.45,0.35,3.64,0.39229160150266823
2,0.45,0.35,3.6416000000000004,0.3922572597899334
2,0.45,0.35,3.6432,0.39222293663266344
2,0.45,0.35,3.6448,0.39218863200539966
2,0.45,0.35,3.6464000000000003,0.3921543458827208
2,0.45,0.35,3.648,0.3921200782392432
2,0.45,0.35,3.6496,0.39208582904962064
2,0.45,0.35,3.6512000000000002,0.392051598288544
2,0.45,0.35,3.6528,0.39201738593074176
2,0.45,0.35,3.6544000000000003,0.39198319195097936
2,0.45,0.35,3.656,0.39194901632405943
2,0.45,0.35,3.6576,0.3919148590248218
2,0.45,0.35,3.6592000000000002,0.3918807200281432
2,0.45,0.35,3.6608,0.3918465993089375
2,0.45,0.35,3.6624000000000003,0.39181249684215513
2,0.45,0.35,3.664,0.3917784126027836
2,0.45,0.35,3.6656,0.39174434656584717
2,0.45,0.35,3.6672000000000002,0.3917102987064067
2,0.45,0.35,3.6688,0.3916762689995598
2,0.45,0.35,3.6704000000000003,0.3916422574204404
2,0.45,0.35,3.672,0.3916082639442192
2,0.45,0.35,3.6736,0.3915742885461032
2,0.45,0.35,3.6752000000000002,0.3915403312013359
2,0.45,0.35,3.6768,0.391506391885197
2,0.45,0.35,3.6784000000000003,0.3914724705730022
2,0.45,0.35,3.68,0.39143856724010395
2,0.45,0.35,3.6816,0.3914046818618904
2,0.45,0.35,3.6832000000000003,0.39137081441378585
2,0.45,0.35,3.6848,0.39133696487125064
2,0.45,0.35,3.6864000000000003,0.391303133209781
2,0.45,0.35,3.688,0.39126931940490906
2,0.45,0.35,3.6896,0.3912355234322028
2,0.45,0.35,3.6912000000000003,0.39120174526726575
2,0.45,0.35,3.6928,0.3911679848857374
2,0.45,0.35,3.6944000000000004,0.3911342422632927
2,0.45,0.35,3.696,0.3911005173756421
2,0.45,0.35,3.6976,0.3910668101985316
2,0.45,0.35,3.6992000000000003,0.39103312070774277
2,0.45,0.35,3.7008,0.3909994488790923
2,0.45,0.35,3.7024000000000004,0.39096579468843257
2,0.45,0.35,3.704,0.3909321581116508
2,0.45,0.35,3.7056,0.39089853912466954
2,0.45,0.35,3.7072000000000003,0.3908649377034466
2,0.45,0.35,3.7088,0.3908313538239746
2,0.45,0.35,3.7104000000000004,0.39079778746228144
2,0.45,0.35,3.712,0.3907642385944298
2,0.45,0.35,3.7136,0.3907307071965174
2,0.45,0.35,3.7152000000000003,0.3906971932446766
2,0.45,0.35,3.7168,0.39066369671507467
2,0.45,0.35,3.7184000000000004,0.3906302175839134
2,0.45,0.35,3.72,0.39059675582742936
2,0.45,0.35,3.7216,0.39056331142189377
2,0.45,0.35,3.7232000000000003,0.3905298843436122
2,0.45,0.35,3.7248,0.39049647456892483
2,0.45,0.35,3.7264000000000004,0.3904630820742062
2,0.45,0.35,3.728,0.39042970683586525
2,0.45,0.35,3.7296,0.39039634883034513
2,0.45,0.35,3.7312000000000003,0.39036300803412327
2,0.45,0.35,3.7328,0.3903296844237112
2,0.45,0.35,3.7344000000000004,0.3902963779756545
2,0.45,0.35,3.736,0.39026308866653303
2,0.45,0.35,3.7376,0.39022981647296057
2,0.45,0.35,3.7392000000000003,0.3901965613715847
2,0.45,0.35,3.7408,0.3901633233390871
2,0.45,0.35,3.7424000000000004,0.39013010235218304
2,0.45,0.35,3.744,0.3900968983876217
2,0.45,0.35,3.7456,0.3900637114221859
2,0.45,0.35,3.7472000000000003,0.390030541432692
2,0.45,0.35,3.7488,0.38999738839599024
2,0.45,0.35,3.7504000000000004,0.3899642522889642
2,0.45,0.35,3.7520000000000002,0.389931133088531
2,0.45,0.35,3.7536,0.389898030771641
2,0.45,0.35,3.7552000000000003,0.38986494531527816
2,0.45,0.35,3.7568,0.38983187669645963
2,0.45,0.35,3.7584,0.3897988248922359
2,0.45,0.35,3.7600000000000002,0.3897657898796904
2,0.45,0.35,3.7616,0.38973277163593995
2,0.45,0.35,3.7632000000000003,0.3896997701381344
2,0.45,0.35,3.7648,0.3896667853634566
2,0.45,0.35,3.7664,0.3896338172891223
2,0.45,0.35,3.7680000000000002,0.38960086589238013
2,0.45,0.35,3.7696,0.38956793115051175
2,0.45,0.35,3.7712000000000003,0.3895350130408315
2,0.45,0.35,3.7728,0.3895021115406864
2,0.45,0.35,3.7744,0.38946922662745637
2,0.45,0.35,3.7760000000000002,0.38943635827855366
2,0.45,0.35,3.7776,0.38940350647142336
2,0.45,0.35,3.7792000000000003,0.38937067118354285
2,0.45,0.35,3.7808,0.3893378523924222
2,0.45,0.35,3.7824,0.3893050500756038
2,0.45,0.35,3.7840000000000003,0.3892722642106623
2,0.45,0.35,3.7856,0.3892394947752048
2,0.45,0.35,3.7872000000000003,0.38920674174687053
2,0.45,0.35,3.7888,0.38917400510333094
2,0.45,0.35,3.7904,0.38914128482228966
2,0.45,0.35,3.7920000000000003,0.38910858088148237
2,0.45,0.35,3.7936,0.38907589325867675
2,0.45,0.35,3.7952000000000004,0.3890432219316725
2,0.45,0.35,3.7968,0.3890105668783012
2,0.45,0.35,3.7984,0.38897792807642634
2,0.45,0.35,3.8000000000000003,0.38894530550394324
2,0.45,0.35,3.8016,0.3889126991387788
2,0.45,0.35,3.8032000000000004,0.3888801089588919
2,0.45,0.35,3.8048,0.38884753494227287
2,0.45,0.35,3.8064,0.3888149770669437
2,0.45,0.35,3.8080000000000003,0.38878243531095785
2,0.45,0.35,3.8096,0.38874990965240047
2,0.45,0.35,3.8112000000000004,0.388717400069388
2,0.45,0.35,3.8128,0.3886849065400682
2,0.45,0.35,3.8144,0.3886524290426204
2,0.45,0.35,3.8160000000000003,0.3886199675552549
2,0.45,0.35,3.8176,0.3885875220562136
2,0.45,0.35,3.8192000000000004,0.38855509252376924
2,0.45,0.35,3.8208,0.3885226789362258
2,0.45,0.35,3.8224,0.3884902812719183
2,0.45,0.35,3.8240000000000003,0.38845789950921294
2,0.45,0.35,3.8256,0.3884255336265067
2,0.45,0.35,3.8272000000000004,0.3883931836022276
2,0.45,0.35,3.8288,0.38836084941483434
2,0.45,0.35,3.8304,0.3883285310428167
2,0.45,0.35,3.8320000000000003,0.3882962284646952
2,0.45,0.35,3.8336,0.3882639416590207
2,0.45,0.35,3.8352000000000004,0.38823167060437513
2,0.45,0.35,3.8368,0.38819941527937085
2,0.45,0.35,3.8384,0.3881671756626508
2,0.45,0.35,3.8400000000000003,0.38813495173288837
2,0.45,0.35,3.8416,0.3881027434687876
2,0.45,0.35,3.8432000000000004,0.38807055084908265
2,0.45,0.35,3.8448,0.3880383738525383
2,0.45,0.35,3.8464,0.3880062124579494
2,0.45,0.35,3.8480000000000003,0.3879740666441413
2,0.45,0.35,3.8496,0.38794193638996927
2,0.45,0.35,3.8512000000000004,0.38790982167431903
2,0.45,0.35,3.8528000000000002,0.3878777224761061
2,0.45,0.35,3.8544,0.3878456387742762
2,0.45,0.35,3.8560000000000003,0.3878135705478052
2,0.45,0.35,3.8576,0.38778151777569864
2,0.45,0.35,3.8592,0.38774948043699226
2,0.45,0.35,3.8608000000000002,0.3877174585107514
2,0.45,0.35,3.8624,0.38768545197607124
2,0.45,0.35,3.8640000000000003,0.3876534608120768
2,0.45,0.35,3.8656,0.38762148499792287
2,0.45,0.35,3.8672,0.3875895245127938
2,0.45,0.35,3.8688000000000002,0.38755757933590346
2,0.45,0.35,3.8704,0.3875256494464954
2,0.45,0.35,3.8720000000000003,0.3874937348238427
2,0.45,0.35,3.8736,0.3874618354472479
2,0.45,0.35,3.8752,0.3874299512960428
2,0.45,0.35,3.8768000000000002,0.3873980823495886
2,0.45,0.35,3.8784,0.38736622858727604
2,0.45,0.35,3.8800000000000003,0.387334389988525
2,0.45,0.35,3.8816,0.3873025665327844
2,0.45,0.35,3.8832,0.3872707581995325
2,0.45,0.35,3.8848000000000003,0.3872389649682768
2,0.45,0.35,3.8864,0.38720718681855365
2,0.45,0.35,3.8880000000000003,0.38717542372992847
2,0.45,0.35,3.8896,0.38714367568199576
2,0.45,0.35,3.8912,0.3871119426543789
2,0.45,0.35,3.8928000000000003,0.38708022462673025
2,0.45,0.35,3.8944,0.3870485215787307
2,0.45,0.35,3.8960000000000004,0.3870168334900903
2,0.45,0.35,3.8976,0.38698516034054764
2,0.45,0.35,3.8992,0.38695350210986995
2,0.45,0.35,3.9008000000000003,0.38692185877785334
2,0.45,0.35,3.9024,0.3868902303243224
2,0.45,0.35,3.9040000000000004,0.3868586167291302
2,0.45,0.35,3.9056,0.38682701797215824
2,0.45,0.35,3.9072,0.38679543403331684
2,0.45,0.35,3.9088000000000003,0.3867638648925444
2,0.45,0.35,3.9104,0.38673231052980783
2,0.45,0.35,3.9120000000000004,0.38670077092510236
2,0.45,0.35,3.9136,0.38666924605845143
2,0.45,0.35,3.9152,0.38663773590990674
2,0.45,0.35,3.9168000000000003,0.3866062404595483
2,0.45,0.35,3.9184,0.38657475968748395
2,0.45,0.35,3.9200000000000004,0.38654329357385
2,0.45,0.35,3.9216,0.3865118420988104
2,0.45,0.35,3.9232,0.38648040524255756
2,0.45,0.35,3.9248000000000003,0.3864489829853115
2,0.45,0.35,3.9264,0.3864175753073202
2,0.45,0.35,3.9280000000000004,0.3863861821888596
2,0.45,0.35,3.9296,0.3863548036102334
2,0.45,0.35,3.9312,0.3863234395517732
2,0.45,0.35,3.9328000000000003,0.38629208999383796
2,0.45,0.35,3.9344,0.3862607549168148
2,0.45,0.35,3.9360000000000004,0.38622943430111817
2,0.45,0.35,3.9376,0.38619812812719023
2,0.45,0.35,3.9392,0.38616683637550064
2,0.45,0.35,3.9408000000000003,0.38613555902654667
2,0.45,0.35,3.9424,0.3861042960608529
2,0.45,0.35,3.9440000000000004,0.3860730474589713
2,0.45,0.35,3.9456,0.38604181320148145
2,0.45,0.35,3.9472,0.38601059326899007
2,0.45,0.35,3.9488000000000003,0.3859793876421311
2,0.45,0.35,3.9504,0.3859481963015659
2,0.45,0.35,3.9520000000000004,0.38591701922798294
2,0.45,0.35,3.9536000000000002,0.38588585640209777
2,0.45,0.35,3.9552,0.3858547078046532
2,0.45,0.35,3.9568000000000003,0.385823573416419
2,0.45,0.35,3.9584,0.38579245321819194
2,0.45,0.35,3.9600000000000004,0.38576134719079586
2,0.45,0.35,3.9616000000000002,0.3857302553150814
2,0.45,0.35,3.9632,0.38569917757192634
2,0.45,0.35,3.9648000000000003,0.38566811394223494
2,0.45,0.35,3.9664,0.3856370644069384
2,0.45,0.35,3.968,0.3856060289469949
2,0.45,0.35,3.9696000000000002,0.3855750075433891
2,0.45,0.35,3.9712,0.3855440001771324
2,0.45,0.35,3.9728000000000003,0.38551300682926287
2,0.45,0.35,3.9744,0.3854820274808451
2,0.45,0.35,3.976,0.38545106211297026
2,0.45,0.35,3.9776000000000002,0.3854201107067559
2,0.45,0.35,3.9792,0.3853891732433464
2,0.45,0.35,3.9808000000000003,0.38535824970391197
2,0.45,0.35,3.9824,0.38532734006964975
2,0.45,0.35,3.984,0.38529644432178295
2,0.45,0.35,3.9856000000000003,0.385265562441561
2,0.45,0.35,3.9872,0.3852346944102599
2,0.45,0.35,3.9888000000000003,0.38520384020918147
2,0.45,0.35,3.9904,0.38517299981965386
2,0.45,0.35,3.992,0.38514217322303135
2,0.45,0.35,3.9936000000000003,0.3851113604006944
2,0.45,0.35,3.9952,0.3850805613340493
2,0.45,0.35,3.9968000000000004,0.38504977600452855
2,0.45,0.35,3.9984,0.38501900439359044
2,0.45,0.35,4.0,0.38498824648271923
2,0.45,0.35,4.0016,0.3849575022534252
2,0.45,0.35,4.0032000000000005,0.3849267716872441
2,0.45,0.35,4.0048,0.3848960547657378
2,0.45,0.35,4.0064,0.3848653514704937
2,0.45,0.35,4.008,0.38483466178312514
2,0.45,0.35,4.0096,0.3848039856852709
2,0.45,0.35,4.0112000000000005,0.38477332315859564
2,0.45,0.35,4.0128,0.3847426741847894
2,0.45,0.35,4.0144,0.3847120387455678
2,0.45,0.35,4.016,0.38468141682267204
2,0.45,0.35,4.0176,0.38465080839786875
2,0.45,0.35,4.0192000000000005,0.3846202134529499
2,0.45,0.35,4.0208,0.38458963196973295
2,0.45,0.35,4.0224,0.3845590639300606
2,0.45,0.35,4.024,0.38452850931580096
2,0.45,0.35,4.0256,0.3844979681088474
2,0.45,0.35,4.027200000000001,0.38446744029111846
2,0.45,0.35,4.0288,0.3844369258445579
2,0.45,0.35,4.0304,0.38440642475113457
2,0.45,0.35,4.032,0.38437593699284245
2,0.45,0.35,4.0336,0.38434546255170066
2,0.45,0.35,4.035200000000001,0.38431500140975317
2,0.45,0.35,4.0368,0.3842845535490691
2,0.45,0.35,4.0384,0.38425411895174244
2,0.45,0.35,4.04,0.38422369759989206
2,0.45,0.35,4.0416,0.3841932894756618
2,0.45,0.35,4.043200000000001,0.3841628945612201
2,0.45,0.35,4.0448,0.38413251283876054
2,0.45,0.35,4.0464,0.38410214429050127
2,0.45,0.35,4.048,0.3840717888986851
2,0.45,0.35,4.0496,0.38404144664557954
2,0.45,0.35,4.051200000000001,0.38401111751347666
2,0.45,0.35,4.0528,0.3839808014846933
2,0.45,0.35,4.0544,0.3839504985415707
2,0.45,0.35,4.056,0.38392020866647464
2,0.45,0.35,4.0576,0.3838899318417955
2,0.45,0.35,4.059200000000001,0.38385966804994803
2,0.45,0.35,4.0608,0.38382941727337133
2,0.45,0.35,4.0624,0.3837991794945289
2,0.45,0.35,4.064,0.38376895469590855
2,0.45,0.35,4.0656,0.38373874286002235
2,0.45,0.35,4.067200000000001,0.3837085439694067
2,0.45,0.35,4.0688,0.3836783580066221
2,0.45,0.35,4.0704,0.3836481849542534
2,0.45,0.35,4.072,0.3836180247949094
2,0.45,0.35,4.0736,0.3835878775112231
2,0.45,0.35,4.075200000000001,0.38355774308585144
2,0.45,0.35,4.0768,0.38352762150147557
2,0.45,0.35,4.0784,0.3834975127408004
2,0.45,0.35,4.08,0.38346741678655494
2,0.45,0.35,4.0816,0.3834373336214921
2,0.45,0.35,4.083200000000001,0.3834072632283887
2,0.45,0.35,4.0848,0.3833772055900452
2,0.45,0.35,4.0864,0.383347160689286
2,0.45,0.35,4.088,0.38331712850895927
2,0.45,0.35,4.0896,0.3832871090319369
2,0.45,0.35,4.091200000000001,0.3832571022411144
2,0.45,0.35,4.0928,0.383227108119411
2,0.45,0.35,4.0944,0.3831971266497695
2,0.45,0.35,4.096,0.3831671578151563
2,0.45,0.35,4.0976,0.3831372015985613
2,0.45,0.35,4.099200000000001,0.38310725798299794
2,0.45,0.35,4.1008000000000004,0.38307732695150304
2,0.45,0.35,4.1024,0.38304740848713703
2,0.45,0.35,4.104,0.3830175025729835
2,0.45,0.35,4.1056,0.3829876091921495
2,0.45,0.35,4.107200000000001,0.38295772832776553
2,0.45,0.35,4.1088000000000005,0.3829278599629852
2,0.45,0.35,4.1104,0.38289800408098534
2,0.45,0.35,4.112,0.38286816066496615
2,0.45,0.35,4.1136,0.38283832969815096
2,0.45,0.35,4.115200000000001,0.38280851116378617
2,0.45,0.35,4.1168000000000005,0.3827787050451414
2,0.45,0.35,4.1184,0.38274891132550903
2,0.45,0.35,4.12,0.38271912998820495
2,0.45,0.35,4.1216,0.3826893610165677
2,0.45,0.35,4.1232,0.38265960439395885
2,0.45,0.35,4.1248000000000005,0.38262986010376293
2,0.45,0.35,4.1264,0.3826001281293874
2,0.45,0.35,4.128,0.3825704084542625
2,0.45,0.35,4.1296,0.38254070106184124
2,0.45,0.35,4.1312,0.3825110059355995
2,0.45,0.35,4.1328000000000005,0.3824813230590359
2,0.45,0.35,4.1344,0.3824516524156719
2,0.45,0.35,4.136,0.3824219939890514
2,0.45,0.35,4.1376,0.382392347762741
2,0.45,0.35,4.1392,0.38236271372033
2,0.45,0.35,4.1408000000000005,0.38233309184543024
2,0.45,0.35,4.1424,0.3823034821216761
2,0.45,0.35,4.144,0.38227388453272443
2,0.45,0.35,4.1456,0.38224429906225454
2,0.45,0.35,4.1472,0.38221472569396836
2,0.45,0.35,4.1488000000000005,0.38218516441158984
2,0.45,0.35,4.1504,0.3821556151988657
2,0.45,0.35,4.152,0.3821260780395647
2,0.45,0.35,4.1536,0.3820965529174781
2,0.45,0.35,4.1552,0.3820670398164194
2,0.45,0.35,4.1568000000000005,0.38203753872022406
2,0.45,0.35,4.1584,0.38200804961275
2,0.45,0.35,4.16,0.3819785724778772
2,0.45,0.35,4.1616,0.381949107299508
2,0.45,0.35,4.1632,0.3819196540615664
2,0.45,0.35,4.1648000000000005,0.3818902127479989
2,0.45,0.35,4.1664,0.3818607833427736
2,0.45,0.35,4.168,0.3818313658298811
2,0.45,0.35,4.1696,0.3818019601933335
2,0.45,0.35,4.1712,0.381772566417165
2,0.45,0.35,4.1728000000000005,0.3817431844854317
2,0.45,0.35,4.1744,0.3817138143822114
2,0.45,0.35,4.176,0.3816844560916041
2,0.45,0.35,4.1776,0.3816551095977313
2,0.45,0.35,4.1792,0.3816257748847362
2,0.45,0.35,4.1808000000000005,0.381596451936784
2,0.45,0.35,4.1824,0.3815671407380613
2,0.45,0.35,4.184,0.3815378412727765
2,0.45,0.35,4.1856,0.38150855352515967
2,0.45,0.35,4.1872,0.3814792774794623
2,0.45,0.35,4.1888000000000005,0.38145001311995774
2,0.45,0.35,4.1904,0.3814207604309405
2,0.45,0.35,4.192,0.3813915193967268
2,0.45,0.35,4.1936,0.38136229000165434
2,0.45,0.35,4.1952,0.38133307223008217
2,0.45,0.35,4.1968000000000005,0.3813038660663907
2,0.45,0.35,4.1984,0.3812746714949818
2,0.45,0.35,4.2,0.3812454885002786
2,0.45,0.35,4.2016,0.38121631706672565
2,0.45,0.35,4.2032,0.3811871571787885
2,0.45,0.35,4.2048000000000005,0.38115800882095424
2,0.45,0.35,4.2064,0.38112887197773104
2,0.45,0.35,4.208,0.3810997466336481
2,0.45,0.35,4.2096,0.381070632773256
2,0.45,0.35,4.2112,0.38104153038112615
2,0.45,0.35,4.2128000000000005,0.3810124394418513
2,0.45,0.35,4.2144,0.38098335994004523
2,0.45,0.35,4.216,0.3809542918603424
2,0.45,0.35,4.2176,0.3809252351873986
2,0.45,0.35,4.2192,0.3808961899058904
2,0.45,0.35,4.2208000000000006,0.38086715600051535
2,0.45,0.35,4.2224,0.3808381334559919
2,0.45,0.35,4.224,0.3808091222570592
2,0.45,0.35,4.2256,0.3807801223884774
2,0.45,0.35,4.2272,0.3807511338350274
2,0.45,0.35,4.228800000000001,0.38072215658151076
2,0.45,0.35,4.2304,0.38069319061274987
2,0.45,0.35,4.232,0.3806642359135877
2,0.45,0.35,4.2336,0.380635292468888
2,0.45,0.35,4.2352,0.38060636026353506
2,0.45,0.35,4.236800000000001,0.3805774392824338
2,0.45,0.35,4.2384,0.38054852951050977
2,0.45,0.35,4.24,0.38051963093270896
2,0.45,0.35,4.2416,0.380490743533998
2,0.45,0.35,4.2432,0.38046186729936377
2,0.45,0.35,4.244800000000001,0.3804330022138139
2,0.45,0.35,4.2464,0.3804041482623761
2,0.45,0.35,4.248,0.3803753054300988
2,0.45,0.35,4.2496,0.38034647370205055
2,0.45,0.35,4.2512,0.3803176530633203
2,0.45,0.35,4.252800000000001,0.38028884349901726
2,0.45,0.35,4.2544,0.38026004499427096
2,0.45,0.35,4.256,0.3802312575342311
2,0.45,0.35,4.2576,0.3802024811040676
2,0.45,0.35,4.2592,0.3801737156889706
2,0.45,0.35,4.260800000000001,0.3801449612741504
2,0.45,0.35,4.2624,0.3801162178448371
2,0.45,0.35,4.264,0.38008748538628156
2,0.45,0.35,4.2656,0.38005876388375387
2,0.45,0.35,4.2672,0.38003005332254464
2,0.45,0.35,4.268800000000001,0.38000135368796434
2,0.45,0.35,4.2704,0.37997266496534365
2,0.45,0.35,4.272,0.37994398714003275
2,0.45,0.35,4.2736,0.379915320197402
2,0.45,0.35,4.2752,0.3798866641228414
2,0.45,0.35,4.276800000000001,0.37985801890176113
2,0.45,0.35,4.2784,0.3798293845195909
2,0.45,0.35,4.28,0.3798007609617804
2,0.45,0.35,4.2816,0.3797721482137988
2,0.45,0.35,4.2832,0.37974354626113527
2,0.45,0.35,4.284800000000001,0.37971495508929864
2,0.45,0.35,4.2864,0.3796863746838172
2,0.45,0.35,4.288,0.3796578050302391
2,0.45,0.35,4.2896,0.37962924611413196
2,0.45,0.35,4.2912,0.3796006979210831
2,0.45,0.35,4.292800000000001,0.3795721604366992
2,0.45,0.35,4.2944,0.37954363364660665
2,0.45,0.35,4.296,0.3795151175364511
2,0.45,0.35,4.2976,0.379486612091898
2,0.45,0.35,4.2992,0.37945811729863194
2,0.45,0.35,4.300800000000001,0.379429633142357
2,0.45,0.35,4.3024000000000004,0.3794011596087967
2,0.45,0.35,4.304,0.37937269668369383
2,0.45,0.35,4.3056,0.3793442443528105
2,0.45,0.35,4.3072,0.3793158026019281
2,0.45,0.35,4.308800000000001,0.3792873714168474
2,0.45,0.35,4.3104000000000005,0.3792589507833881
2,0.45,0.35,4.312,0.3792305406873895
2,0.45,0.35,4.3136,0.3792021411147098
2,0.45,0.35,4.3152,0.37917375205122644
2,0.45,0.35,4.316800000000001,0.3791453734828359
2,0.45,0.35,4.3184000000000005,0.3791170053954539
2,0.45,0.35,4.32,0.37908864777501505
2,0.45,0.35,4.3216,0.3790603006074732
2,0.45,0.35,4.3232,0.3790319638788009
2,0.45,0.35,4.324800000000001,0.37900363757498995
2,0.45,0.35,4.3264000000000005,0.378975321682051
2,0.45,0.35,4.328,0.37894701618601356
2,0.45,0.35,4.3296,0.3789187210729262
2,0.45,0.35,4.3312,0.37889043632885605
2,0.45,0.35,4.332800000000001,0.37886216193988936
2,0.45,0.35,4.3344000000000005,0.3788338978921311
2,0.45,0.35,4.336,0.37880564417170504
2,0.45,0.35,4.3376,0.3787774007647536
2,0.45,0.35,4.3392,0.37874916765743805
2,0.45,0.35,4.3408,0.37872094483593843
2,0.45,0.35,4.3424000000000005,0.3786927322864531
2,0.45,0.35,4.344,0.37866452999519945
2,0.45,0.35,4.3456,0.3786363379484133
2,0.45,0.35,4.3472,0.378608156132349
2,0.45,0.35,4.3488,0.3785799845332796
2,0.45,0.35,4.3504000000000005,0.37855182313749663
2,0.45,0.35,4.352,0.37852367193131015
2,0.45,0.35,4.3536,0.37849553090104865
2,0.45,0.35,4.3552,0.3784674000330591
2,0.45,0.35,4.3568,0.3784392793137069
2,0.45,0.35,4.3584000000000005,0.37841116872937586
2,0.45,0.35,4.36,0.37838306826646795
2,0.45,0.35,4.3616,0.3783549779114039
2,0.45,0.35,4.3632,0.3783268976506223
2,0.45,0.35,4.3648,0.37829882747058036
2,0.45,0.35,4.3664000000000005,0.37827076735775356
2,0.45,0.35,4.368,0.3782427172986353
2,0.45,0.35,4.3696,0.37821467727973757
2,0.45,0.35,4.3712,0.37818664728759027
2,0.45,0.35,4.3728,0.3781586273087415
2,0.45,0.35,4.3744000000000005,0.37813061732975756
2,0.45,0.35,4.376,0.3781026173372229
2,0.45,0.35,4.3776,0.37807462731773983
2,0.45,0.35,4.3792,0.37804664725792897
2,0.45,0.35,4.3808,0.3780186771444289
2,0.45,0.35,4.3824000000000005,0.3779907169638961
2,0.45,0.35,4.384,0.3779627667030049
2,0.45,0.35,4.3856,0.37793482634844794
2,0.45,0.35,4.3872,0.37790689588693555
2,0.45,0.35,4.3888,0.3778789753051959
2,0.45,0.35,4.3904000000000005,0.37785106458997514
2,0.45,0.35,4.392,0.3778231637280372
2,0.45,0.35,4.3936,0.377795272706164
2,0.45,0.35,4.3952,0.3777673915111549
2,0.45,0.35,4.3968,0.37773952012982737
2,0.45,0.35,4.3984000000000005,0.37771165854901634
2,0.45,0.35,4.4,0.3776838067555746
2,0.45,0.35,4.4016,0.3776559647363727
2,0.45,0.35,4.4032,0.3776281324782987
2,0.45,0.35,4.4048,0.3776003099682582
2,0.45,0.35,4.4064000000000005,0.3775724971931747
2,0.45,0.35,4.408,0.3775446941399892
2,0.45,0.35,4.4096,0.37751690079565997
2,0.45,0.35,4.4112,0.37748911714716327
2,0.45,0.35,4.4128,0.37746134318149255
2,0.45,0.35,4.4144000000000005,0.37743357888565876
2,0.45,0.35,4.416,0.37740582424669034
2,0.45,0.35,4.4176,0.3773780792516332
2,0.45,0.35,4.4192,0.37735034388755073
2,0.45,0.35,4.4208,0.37732261814152346
2,0.45,0.35,4.4224000000000006,0.3772949020006495
2,0.45,0.35,4.424,0.3772671954520441
2,0.45,0.35,4.4256,0.37723949848284016
2,0.45,0.35,4.4272,0.37721181108018736
2,0.45,0.35,4.4288,0.377184133231253
2,0.45,0.35,4.430400000000001,0.37715646492322147
2,0.45,0.35,4.432,0.3771288061432943
2,0.45,0.35,4.4336,0.37710115687869045
2,0.45,0.35,4.4352,0.37707351711664583
2,0.45,0.35,4.4368,0.3770458868444135
2,0.45,0.35,4.438400000000001,0.37701826604926364
2,0.45,0.35,4.44,0.3769906547184836
2,0.45,0.35,4.4416,0.3769630528393774
2,0.45,0.35,4.4432,0.37693546039926673
2,0.45,0.35,4.4448,0.37690787738548975
2,0.45,0.35,4.446400000000001,0.3768803037854018
2,0.45,0.35,4.448,0.37685273958637544
2,0.45,0.35,4.4496,0.37682518477579957
2,0.45,0.35,4.4512,0.3767976393410805
2,0.45,0.35,4.4528,0.3767701032696411
2,0.45,0.35,4.454400000000001,0.3767425765489213
2,0.45,0.35,4.456,0.37671505916637793
2,0.45,0.35,4.4576,0.3766875511094844
2,0.45,0.35,4.4592,0.37666005236573097
2,0.45,0.35,4.4608,0.3766325629226247
2,0.45,0.35,4.462400000000001,0.37660508276768945
2,0.45,0.35,4.464,0.3765776118884657
2,0.45,0.35,4.4656,0.3765501502725108
2,0.45,0.35,4.4672,0.3765226979073985
2,0.45,0.35,4.4688,0.3764952547807194
2,0.45,0.35,4.470400000000001,0.37646782088008046
2,0.45,0.35,4.472,0.3764403961931055
2,0.45,0.35,4.4736,0.37641298070743495
2,0.45,0.35,4.4752,0.3763855744107254
2,0.45,0.35,4.4768,0.37635817729065046
2,0.45,0.35,4.478400000000001,0.3763307893348999
2,0.45,0.35,4.48,0.37630341053118
2,0.45,0.35,4.4816,0.37627604086721356
2,0.45,0.35,4.4832,0.3762486803307398
2,0.45,0.35,4.4848,0.37622132890951443
2,0.45,0.35,4.486400000000001,0.3761939865913095
2,0.45,0.35,4.488,0.37616665336391314
2,0.45,0.35,4.4896,0.3761393292151302
2,0.45,0.35,4.4912,0.3761120141327818
2,0.45,0.35,4.4928,0.37608470810470507
2,0.45,0.35,4.494400000000001,0.37605741111875357
2,0.45,0.35,4.496,0.3760301231627972
2,0.45,0.35,4.4976,0.37600284422472185
2,0.45,0.35,4.4992,0.3759755742924299
2,0.45,0.35,4.5008,0.37594831335383966
2,0.45,0.35,4.502400000000001,0.37592106139688564
2,0.45,0.35,4.5040000000000004,0.37589381840951847
2,0.45,0.35,4.5056,0.37586658437970494
2,0.45,0.35,4.5072,0.37583935929542794
2,0.45,0.35,4.5088,0.3758121431446863
2,0.45,0.35,4.510400000000001,0.375784935915495
2,0.45,0.35,4.5120000000000005,0.37575773759588504
2,0.45,0.35,4.5136,0.3757305481739032
2,0.45,0.35,4.5152,0.37570336763761253
2,0.45,0.35,4.5168,0.3756761959750918
2,0.45,0.35,4.518400000000001,0.3756490331744357
2,0.45,0.35,4.5200000000000005,0.375621879223755
2,0.45,0.35,4.5216,0.37559473411117617
2,0.45,0.35,4.5232,0.37556759782484156
2,0.45,0.35,4.5248,0.3755404703529094
2,0.45,0.35,4.526400000000001,0.3755133516835537
2,0.45,0.35,4.5280000000000005,0.37548624180496437
2,0.45,0.35,4.5296,0.3754591407053468
2,0.45,0.35,4.5312,0.3754320483729225
2,0.45,0.35,4.5328,0.37540496479592833
2,0.45,0.35,4.534400000000001,0.37537788996261706
2,0.45,0.35,4.5360000000000005,0.37535082386125707
2,0.45,0.35,4.5376,0.3753237664801324
2,0.45,0.35,4.5392,0.3752967178075427
2,0.45,0.35,4.5408,0.3752696778318032
2,0.45,0.35,4.542400000000001,0.37524264654124484
2,0.45,0.35,4.5440000000000005,0.375215623924214
2,0.45,0.35,4.5456,0.37518860996907255
2,0.45,0.35,4.5472,0.3751616046641982
2,0.45,0.35,4.5488,0.37513460799798365
2,0.45,0.35,4.5504,0.37510761995883757
2,0.45,0.35,4.5520000000000005,0.37508064053518364
2,0.45,0.35,4.5536,0.3750536697154614
2,0.45,0.35,4.5552,0.37502670748812544
2,0.45,0.35,4.5568,0.37499975384164597
2,0.45,0.35,4.5584,0.37497280876450845
2,0.45,0.35,4.5600000000000005,0.3749458722452137
2,0.45,0.35,4.5616,0.3749189442722779
2,0.45,0.35,4.5632,0.3748920248342324
2,0.45,0.35,4.5648,0.374865113919624
2,0.45,0.35,4.5664,0.37483821151701474
2,0.45,0.35,4.5680000000000005,0.37481131761498176
2,0.45,0.35,4.5696,0.37478443220211755
2,0.45,0.35,4.5712,0.37475755526702964
2,0.45,0.35,4.5728,0.3747306867983409
2,0.45,0.35,4.5744,0.3747038267846893
2,0.45,0.35,4.5760000000000005,0.3746769752147278
2,0.45,0.35,4.5776,0.3746501320771247
2,0.45,0.35,4.5792,0.3746232973605633
2,0.45,0.35,4.5808,0.3745964710537418
2,0.45,0.35,4.5824,0.3745696531453736
2,0.45,0.35,4.5840000000000005,0.3745428436241871
2,0.45,0.35,4.5856,0.37451604247892567
2,0.45,0.35,4.5872,0.37448924969834785
2,0.45,0.35,4.5888,0.3744624652712268
2,0.45,0.35,4.5904,0.37443568918635084
2,0.45,0.35,4.5920000000000005,0.37440892143252313
2,0.45,0.35,4.5936,0.37438216199856167
2,0.45,0.35,4.5952,0.3743554108732996
2,0.45,0.35,4.5968,0.37432866804558473
2,0.45,0.35,4.5984,0.3743019335042796
2,0.45,0.35,4.6000000000000005,0.3742752072382617
2,0.45,0.35,4.6016,0.37424848923642323
2,0.45,0.35,4.6032,0.3742217794876713
2,0.45,0.35,4.6048,0.37419507798092766
2,0.45,0.35,4.6064,0.3741683847051287
2,0.45,0.35,4.6080000000000005,0.3741416996492256
2,0.45,0.35,4.6096,0.37411502280218434
2,0.45,0.35,4.6112,0.3740883541529856
2,0.45,0.35,4.6128,0.37406169369062436
2,0.45,0.35,4.6144,0.3740350414041106
2,0.45,0.35,4.6160000000000005,0.3740083972824687
2,0.45,0.35,4.6176,0.37398176131473765
2,0.45,0.35,4.6192,0.37395513348997117
2,0.45,0.35,4.6208,0.37392851379723724
2,0.45,0.35,4.6224,0.37390190222561864
2,0.45,0.35,4.6240000000000006,0.37387529876421244
2,0.45,0.35,4.6256,0.37384870340213033
2,0.45,0.35,4.6272,0.3738221161284984
2,0.45,0.35,4.6288,0.3737955369324572
2,0.45,0.35,4.6304,0.37376896580316166
2,0.45,0.35,4.632000000000001,0.3737424027297812
2,0.45,0.35,4.6336,0.3737158477014997
2,0.45,0.35,4.6352,0.37368930070751505
2,0.45,0.35,4.6368,0.37366276173703983
2,0.45,0.35,4.6384,0.37363623077930086
2,0.45,0.35,4.640000000000001,0.3736097078235392
2,0.45,0.35,4.6416,0.3735831928590102
2,0.45,0.35,4.6432,0.37355668587498353
2,0.45,0.35,4.6448,0.373530186860743
2,0.45,0.35,4.6464,0.37350369580558684
2,0.45,0.35,4.648000000000001,0.3734772126988273
2,0.45,0.35,4.6496,0.37345073752979074
2,0.45,0.35,4.6512,0.37342427028781805
2,0.45,0.35,4.6528,0.3733978109622638
2,0.45,0.35,4.6544,0.37337135954249717
2,0.45,0.35,4.656000000000001,0.37334491601790093
2,0.45,0.35,4.6576,0.3733184803778723
2,0.45,0.35,4.6592,0.3732920526118224
2,0.45,0.35,4.6608,0.37326563270917656
2,0.45,0.35,4.6624,0.37323922065937404
2,0.45,0.35,4.664000000000001,0.373212816451868
2,0.45,0.35,4.6656,0.3731864200761258
2,0.45,0.35,4.6672,0.3731600315216284
2,0.45,0.35,4.6688,0.3731336507778713
2,0.45,0.35,4.6704,0.3731072778343634
2,0.45,0.35,4.672000000000001,0.37308091268062776
2,0.45,0.35,4.6736,0.37305455530620124
2,0.45,0.35,4.6752,0.3730282057006346
2,0.45,0.35,4.6768,0.3730018638534925
2,0.45,0.35,4.6784,0.37297552975435333
2,0.45,0.35,4.680000000000001,0.37294920339280946
2,0.45,0.35,4.6816,0.3729228847584669
2,0.45,0.35,4.6832,0.37289657384094554
2,0.45,0.35,4.6848,0.3728702706298789
2,0.45,0.35,4.6864,0.37284397511491435
2,0.45,0.35,4.688000000000001,0.37281768728571285
2,0.45,0.35,4.6896,0.37279140713194925
2,0.45,0.35,4.6912,0.372765134643312
2,0.45,0.35,4.6928,0.37273886980950316
2,0.45,0.35,4.6944,0.3727126126202384
2,0.45,0.35,4.696000000000001,0.3726863630652472
2,0.45,0.35,4.6976,0.37266012113427244
2,0.45,0.35,4.6992,0.3726338868170707
2,0.45,0.35,4.7008,0.3726076601034121
2,0.45,0.35,4.7024,0.3725814409830804
2,0.45,0.35,4.704000000000001,0.3725552294458727
2,0.45,0.35,4.7056000000000004,0.3725290254815998
2,0.45,0.35,4.7072,0.37250282908008575
2,0.45,0.35,4.7088,0.3724766402311684
2,0.45,0.35,4.7104,0.37245045892469886
2,0.45,0.35,4.712000000000001,0.3724242851505417
2,0.45,0.35,4.7136000000000005,0.3723981188985748
2,0.45,0.35,4.7152,0.37237196015868973
2,0.45,0.35,4.7168,0.37234580892079117
2,0.45,0.35,4.7184,0.37231966517479725
2,0.45,0.35,4.720000000000001,0.37229352891063955
2,0.45,0.35,4.7216000000000005,0.3722674001182628
2,0.45,0.35,4.7232,0.37224127878762525
2,0.45,0.35,4.7248,0.37221516490869816
2,0.45,0.35,4.7264,0.3721890584714663
2,0.45,0.35,4.728000000000001,0.3721629594659276
2,0.45,0.35,4.7296000000000005,0.3721368678820932
2,0.45,0.35,4.7312,0.3721107837099875
2,0.45,0.35,4.7328,0.3720847069396481
2,0.45,0.35,4.7344,0.3720586375611259
2,0.45,0.35,4.736000000000001,0.37203257556448466
2,0.45,0.35,4.7376000000000005,0.3720065209398015
2,0.45,0.35,4.7392,0.37198047367716675
2,0.45,0.35,4.7408,0.3719544337666835
2,0.45,0.35,4.7424,0.37192840119846843
2,0.45,0.35,4.744000000000001,0.37190237596265086
2,0.45,0.35,4.7456000000000005,0.37187635804937336
2,0.45,0.35,4.7472,0.37185034744879153
2,0.45,0.35,4.7488,0.371824344151074
2,0.45,0.35,4.7504,0.3717983481464022
2,0.45,0.35,4.752000000000001,0.3717723594249709
2,0.45,0.35,4.7536000000000005,0.37174637797698745
2,0.45,0.35,4.7552,0.37172040379267257
2,0.45,0.35,4.7568,0.3716944368622596
2,0.45,0.35,4.7584,0.3716684771759949
2,0.45,0.35,4.76,0.3716425247241375
2,0.45,0.35,4.7616000000000005,0.3716165794969598
2,0.45,0.35,4.7632,0.37159064148474663
2,0.45,0.35,4.7648,0.37156471067779584
2,0.45,0.35,4.7664,0.371538787066418
2,0.45,0.35,4.768,0.3715128706409367
2,0.45,0.35,4.7696000000000005,0.371486961391688
2,0.45,0.35,4.7712,0.37146105930902107
2,0.45,0.35,4.7728,0.3714351643832976
2,0.45,0.35,4.7744,0.37140927660489204
2,0.45,0.35,4.776,0.3713833959641917
2,0.45,0.35,4.7776000000000005,0.3713575224515964
2,0.45,0.35,4.7792,0.37133165605751883
2,0.45,0.35,4.7808,0.3713057967723843
2,0.45,0.35,4.7824,0.37127994458663066
2,0.45,0.35,4.784,0.3712540994907085
2,0.45,0.35,4.7856000000000005,0.371228261475081
2,0.45,0.35,4.7872,0.37120243053022395
2,0.45,0.35,4.7888,0.37117660664662566
2,0.45,0.35,4.7904,0.37115078981478716
2,0.45,0.35,4.792,0.3711249800252219
2,0.45,0.35,4.7936000000000005,0.3710991772684557
2,0.45,0.35,4.7952,0.37107338153502734
2,0.45,0.35,4.7968,0.3710475928154877
2,0.45,0.35,4.7984,0.3710218111004003
2,0.45,0.35,4.8,0.3709960363803411
2,0.45,0.35,4.8016000000000005,0.3709702686458985
2,0.45,0.35,4.8032,0.37094450788767325
2,0.45,0.35,4.8048,0.3709187540962788
2,0.45,0.35,4.8064,0.37089300726234053
2,0.45,0.35,4.808,0.37086726737649667
2,0.45,0.35,4.8096000000000005,0.37084153442939743
2,0.45,0.35,4.8112,0.37081580841170575
2,0.45,0.35,4.8128,0.3707900893140965
2,0.45,0.35,4.8144,0.3707643771272571
2,0.45,0.35,4.816,0.3707386718418872
2,0.45,0.35,4.8176000000000005,0.37071297344869875
2,0.45,0.35,4.8192,0.370687281938416
2,0.45,0.35,4.8208,0.3706615973017752
2,0.45,0.35,4.8224,0.37063591952952524
2,0.45,0.35,4.824,0.37061024861242686
2,0.45,0.35,4.8256000000000006,0.37058458454125326
2,0.45,0.35,4.8272,0.3705589273067896
2,0.45,0.35,4.8288,0.3705332768998333
2,0.45,0.35,4.8304,0.37050763331119396
2,0.45,0.35,4.832,0.3704819965316933
2,0.45,0.35,4.833600000000001,0.370456366552165
2,0.45,0.35,4.8352,0.37043074336345516
2,0.45,0.35,4.8368,0.3704051269564216
2,0.45,0.35,4.8384,0.37037951732193436
2,0.45,0.35,4.84,0.3703539144508756
2,0.45,0.35,4.841600000000001,0.37032831833413943
2,0.45,0.35,4.8432,0.37030272896263206
2,0.45,0.35,4.8448,0.37027714632727154
2,0.45,0.35,4.8464,0.37025157041898793
2,0.45,0.35,4.848,0.3702260012287234
2,0.45,0.35,4.849600000000001,0.3702004387474319
2,0.45,0.35,4.8512,0.37017488296607953
2,0.45,0.35,4.8528,0.3701493338756441
2,0.45,0.35,4.8544,0.3701237914671154
2,0.45,0.35,4.856,0.3700982557314951
2,0.45,0.35,4.857600000000001,0.3700727266597968
2,0.45,0.35,4.8592,0.3700472042430459
2,0.45,0.35,4.8608,0.3700216884722795
2,0.45,0.35,4.8624,0.3699961793385467
2,0.45,0.35,4.864,0.3699706768329084
2,0.45,0.35,4.865600000000001,0.3699451809464373
2,0.45,0.35,4.8672,0.36991969167021777
2,0.45,0.35,4.8688,0.3698942089953459
2,0.45,0.35,4.8704,0.36986873291292977
2,0.45,0.35,4.872,0.36984326341408896
2,0.45,0.35,4.873600000000001,0.36981780048995483
2,0.45,0.35,4.8752,0.36979234413167045
2,0.45,0.35,4.8768,0.3697668943303906
2,0.45,0.35,4.8784,0.36974145107728157
2,0.45,0.35,4.88,0.36971601436352153
2,0.45,0.35,4.881600000000001,0.36969058418030004
2,0.45,0.35,4.8832,0.3696651605188185
2,0.45,0.35,4.8848,0.36963974337028976
2,0.45,0.35,4.8864,0.3696143327259383
2,0.45,0.35,4.888,0.3695889285770002
2,0.45,0.35,4.889600000000001,0.3695635309147231
2,0.45,0.35,4.8912,0.36953813973036603
2,0.45,0.35,4.8928,0.36951275501519976
2,0.45,0.35,4.8944,0.36948737676050647
2,0.45,0.35,4.896,0.36946200495757975
2,0.45,0.35,4.897600000000001,0.3694366395977248
2,0.45,0.35,4.8992,0.3694112806722582
2,0.45,0.35,4.9008,0.3693859281725079
2,0.45,0.35,4.9024,0.36936058208981365
2,0.45,0.35,4.904,0.3693352424155261
2,0.45,0.35,4.905600000000001,0.3693099091410077
2,0.45,0.35,4.9072000000000005,0.36928458225763205
2,0.45,0.35,4.9088,0.3692592617567842
2,0.45,0.35,4.9104,0.36923394762986067
2,0.45,0.35,4.912,0.36920863986826913
2,0.45,0.35,4.913600000000001,0.36918333846342866
2,0.45,0.35,4.9152000000000005,0.36915804340676966
2,0.45,0.35,4.9168,0.3691327546897337
2,0.45,0.35,4.9184,0.36910747230377383
2,0.45,0.35,4.92,0.3690821962403544
2,0.45,0.35,4.921600000000001,0.36905692649095057
2,0.45,0.35,4.9232000000000005,0.3690316630470492
2,0.45,0.35,4.9248,0.36900640590014827
2,0.45,0.35,4.9264,0.3689811550417568
2,0.45,0.35,4.928,0.36895591046339515
2,0.45,0.35,4.929600000000001,0.36893067215659486
2,0.45,0.35,4.9312000000000005,0.36890544011289844
2,0.45,0.35,4.9328,0.36888021432385976
2,0.45,0.35,4.9344,0.3688549947810436
2,0.45,0.35,4.936,0.36882978147602624
2,0.45,0.35,4.937600000000001,0.36880457440039455
2,0.45,0.35,4.9392000000000005,0.36877937354574697
2,0.45,0.35,4.9408,0.36875417890369266
2,0.45,0.35,4.9424,0.368728990465852
2,0.45,0.35,4.944,0.3687038082238563
2,0.45,0.35,4.945600000000001,0.36867863216934793
2,0.45,0.35,4.9472000000000005,0.3686534622939805
2,0.45,0.35,4.9488,0.3686282985894183
2,0.45,0.35,4.9504,0.36860314104733666
2,0.45,0.35,4.952,0.36857798965942207
2,0.45,0.35,4.953600000000001,0.3685528444173717
2,0.45,0.35,4.9552000000000005,0.36852770531289386
2,0.45,0.35,4.9568,0.3685025723377077
2,0.45,0.35,4.9584,0.3684774454835434
2,0.45,0.35,4.96,0.3684523247421419
2,0.45,0.35,4.961600000000001,0.36842721010525503
2,0.45,0.35,4.9632000000000005,0.36840210156464553
2,0.45,0.35,4.9648,0.36837699911208693
2,0.45,0.35,4.9664,0.36835190273936363
2,0.45,0.35,4.968,0.3683268124382709
2,0.45,0.35,4.9696,0.36830172820061474
2,0.45,0.35,4.9712000000000005,0.36827665001821197
2,0.45,0.35,4.9728,0.3682515778828902
2,0.45,0.35,4.9744,0.3682265117864878
2,0.45,0.35,4.976,0.3682014517208539
2,0.45,0.35,4.9776,0.3681763976778483
2,0.45,0.35,4.9792000000000005,0.36815134964934176
2,0.45,0.35,4.9808,0.36812630762721543
2,0.45,0.35,4.9824,0.3681012716033613
2,0.45,0.35,4.984,0.36807624156968205
2,0.45,0.35,4.9856,0.36805121751809095
2,0.45,0.35,4.9872000000000005,0.36802619944051207
2,0.45,0.35,4.9888,0.3680011873288799
2,0.45,0.35,4.9904,0.36797618117513975
2,0.45,0.35,4.992,0.36795118097124746
2,0.45,0.35,4.9936,0.3679261867091695
2,0.45,0.35,4.9952000000000005,0.3679011983808828
2,0.45,0.35,4.9968,0.36787621597837505
2,0.45,0.35,4.9984,0.3678512394936443
2,0.45,0.35,5.0,0.36782626891869924
3,0.25,-0.45,0.0,1.0
3,0.25,-0.45,0.0016,0.9999942786515227
3,0.25,-0.45,0.0032,0.9999412968515832
3,0.25,-0.45,0.0048000000000000004,0.9997967275572514
3,0.25,-0.45,0.0064,0.9995288867408594
3,0.25,-0.45,0.008,0.9991162254530929
3,0.25,-0.45,0.009600000000000001,0.9985452591999178
3,0.25,-0.45,0.0112,0.9978088629510399
3,0.25,-0.45,0.0128,0.9969048714512692
3,0.25,-0.45,0.014400000000000001,0.9958349340985188
3,0.25,-0.45,0.016,0.9946035817528212
3,0.25,-0.45,0.0176,0.9932174696783899
3,0.25,-0.45,0.019200000000000002,0.9916847665893792
3,0.25,-0.45,0.020800000000000003,0.9900146646340697
3,0.25,-0.45,0.0224,0.9882169892511722
3,0.25,-0.45,0.024,0.9863018912839869
3,0.25,-0.45,0.0256,0.9842796066434225
3,0.25,-0.45,0.027200000000000002,0.9821602712541917
3,0.25,-0.45,0.028800000000000003,0.9799537810717331
3,0.25,-0.45,0.0304,0.9776696886813603
3,0.25,-0.45,0.032,0.9753171294373132
3,0.25,-0.45,0.033600000000000005,0.9729047713113521
3,0.25,-0.45,0.0352,0.9704407836351063
3,0.25,-0.45,0.0368,0.9679328207687667
3,0.25,-0.45,0.038400000000000004,0.9653880174371787
3,0.25,-0.45,0.04,0.9628129930652274
3,0.25,-0.45,0.041600000000000005,0.9602138629363756
3,0.25,-0.45,0.0432,0.9575962544071766
3,0.25,-0.45,0.0448,0.9549653267499151
3,0.25,-0.45,0.046400000000000004,0.9523257934765047
3,0.25,-0.45,0.048,0.9496819462288926
3,0.25,-0.45,0.049600000000000005,0.9470376795124928
3,0.25,-0.45,0.0512,0.9443965157063293
3,0.25,-0.45,0.0528,0.9417616299122693
3,0.25,-0.45,0.054400000000000004,0.9391358743107476
3,0.25,-0.45,0.056,0.9365218017756927
3,0.25,-0.45,0.057600000000000005,0.9339216885703382
3,0.25,-0.45,0.0592,0.9313375560010423
3,0.25,-0.45,0.0608,0.9287711909504861
3,0.25,-0.45,0.062400000000000004,0.9262241652466643
3,0.25,-0.45,0.064,0.9236978538515376
3,0.25,-0.45,0.0656,0.921193451874475
3,0.25,-0.45,0.06720000000000001,0.9187119904318074
3,0.25,-0.45,0.0688,0.9162543513858893
3,0.25,-0.45,0.0704,0.9138212810058122
3,0.25,-0.45,0.07200000000000001,0.9114134025979869
3,0.25,-0.45,0.0736,0.9090312281587393
3,0.25,-0.45,0.0752,0.906675169103302
3,0.25,-0.45,0.07680000000000001,0.9043455461264945
3,0.25,-0.45,0.0784,0.9020425982502557
3,0.25,-0.45,0.08,0.8997664911122851
3,0.25,-0.45,0.0816,0.8975173245485484
3,0.25,-0.45,0.08320000000000001,0.8952951395204755
3,0.25,-0.45,0.0848,0.8930999244354553
3,0.25,-0.45,0.0864,0.8909316209068054
3,0.25,-0.45,0.08800000000000001,0.8887901289968666
3,0.25,-0.45,0.0896,0.88667531198428
3,0.25,-0.45,0.0912,0.8845870006939289
3,0.25,-0.45,0.09280000000000001,0.8825249974254744
3,0.25,-0.45,0.0944,0.8804890795139423
3,0.25,-0.45,0.096,0.8784790025534281
3,0.25,-0.45,0.0976,0.8764945033126973
3,0.25,-0.45,0.09920000000000001,0.8745353023692872
3,0.25,-0.45,0.1008,0.8726011064866627
3,0.25,-0.45,0.1024,0.8706916107570362
3,0.25,-0.45,0.10400000000000001,0.8688065005306589
3,0.25,-0.45,0.1056,0.8669454531506852
3,0.25,-0.45,0.1072,0.865108139511142
3,0.25,-0.45,0.10880000000000001,0.863294225454065
3,0.25,-0.45,0.11040000000000001,0.8615033730205092
3,0.25,-0.45,0.112,0.8597352415688789
3,0.25,-0.45,0.1136,0.8579894887728713
3,0.25,-0.45,0.11520000000000001,0.8562657715102537
3,0.25,-0.45,0.1168,0.8545637466527134
3,0.25,-0.45,0.1184,0.8528830717661194
3,0.25,-0.45,0.12000000000000001,0.8512234057297009
3,0.25,-0.45,0.1216,0.8495844092818948
3,0.25,-0.45,0.1232,0.8479657454999124
3,0.25,-0.45,0.12480000000000001,0.8463670802194453
3,0.25,-0.45,0.1264,0.8447880824003438
3,0.25,-0.45,0.128,0.8432284244435737
3,0.25,-0.45,0.1296,0.8416877824642703
3,0.25,-0.45,0.1312,0.8401658365252648
3,0.25,-0.45,0.1328,0.8386622708350574
3,0.25,-0.45,0.13440000000000002,0.8371767739138447
3,0.25,-0.45,0.136,0.8357090387308677
3,0.25,-0.45,0.1376,0.8342587628160483
3,0.25,-0.45,0.13920000000000002,0.8328256483486042
3,0.25,-0.45,0.1408,0.8314094022250735
3,0.25,-0.45,0.1424,0.8300097361089592
3,0.25,-0.45,0.14400000000000002,0.8286263664639862
3,0.25,-0.45,0.1456,0.8272590145727825
3,0.25,-0.45,0.1472,0.8259074065426157
3,0.25,-0.45,0.14880000000000002,0.8245712732996652
3,0.25,-0.45,0.1504,0.8232503505731639
3,0.25,-0.45,0.152,0.8219443788706178
3,0.25,-0.45,0.15360000000000001,0.8206531034451904
3,0.25,-0.45,0.1552,0.8193762742562365
3,0.25,-0.45,0.1568,0.8181136459238701
3,0.25,-0.45,0.1584,0.8168649776783656
3,0.25,-0.45,0.16,0.8156300333051102
3,0.25,-0.45,0.16160000000000002,0.8144085810857541
3,0.25,-0.45,0.1632,0.8132003937361417
3,0.25,-0.45,0.1648,0.8120052483415428
3,0.25,-0.45,0.16640000000000002,0.8108229262896539
3,0.25,-0.45,0.168,0.8096532132017898
3,0.25,-0.45,0.1696,0.8084958988626386
3,0.25,-0.45,0.17120000000000002,0.8073507771489179
3,0.25,-0.45,0.1728,0.8062176459572309
3,0.25,-0.45,0.1744,0.8050963071313887
3,0.25,-0.45,0.17600000000000002,0.8039865663894372
3,0.25,-0.45,0.1776,0.8028882332505968
3,0.25,-0.45,0.1792,0.8018011209623032
3,0.25,-0.45,0.18080000000000002,0.8007250464275131
3,0.25,-0.45,0.1824,0.7996598301324185
3,0.25,-0.45,0.184,0.7986052960746974
3,0.25,-0.45,0.18560000000000001,0.7975612716924114
3,0.25,-0.45,0.1872,0.7965275877936453
3,0.25,-0.45,0.1888,0.7955040784869742
3,0.25,-0.45,0.1904,0.7944905811128269
3,0.25,-0.45,0.192,0.793486936175808
3,0.25,-0.45,0.19360000000000002,0.79249298727803
3,0.25,-0.45,0.1952,0.7915085810534966
3,0.25,-0.45,0.1968,0.790533567103575
3,0.25,-0.45,0.19840000000000002,0.7895677979335827
3,0.25,-0.45,0.2,0.7886111288905121
3,0.25,-0.45,0.2016,0.7876634181019116
3,0.25,-0.45,0.20320000000000002,0.7867245264159298
3,0.25,-0.45,0.2048,0.7857943173425361
3,0.25,-0.45,0.2064,0.7848726569959166
3,0.25,-0.45,0.20800000000000002,0.7839594140380485
3,0.25,-0.45,0.2096,0.7830544596234482
3,0.25,-0.45,0.2112,0.7821576673450894
3,0.25,-0.45,0.21280000000000002,0.7812689131814794
3,0.25,-0.45,0.2144,0.7803880754448902
3,0.25,-0.45,0.216,0.7795150347307246
3,0.25,-0.45,0.21760000000000002,0.7786496738680118
3,0.25,-0.45,0.2192,0.7777918778710113
3,0.25,-0.45,0.22080000000000002,0.7769415338919151
3,0.25,-0.45,0.22240000000000001,0.7760985311746254
3,0.25,-0.45,0.224,0.7752627610095961
3,0.25,-0.45,0.22560000000000002,0.7744341166897165
3,0.25,-0.45,0.2272,0.7736124934672177
3,0.25,-0.45,0.2288,0.7727977885115869
3,0.25,-0.45,0.23040000000000002,0.7719899008684642
3,0.25,-0.45,0.232,0.7711887314195078
3,0.25,-0.45,0.2336,0.7703941828432028
3,0.25,-0.45,0.23520000000000002,0.7696061595765974
3,0.25,-0.45,0.2368,0.7688245677779451
3,0.25,-0.45,0.2384,0.7680493152902311
3,0.25,-0.45,0.24000000000000002,0.7672803116055671
3,0.25,-0.45,0.2416,0.7665174678304302
3,0.25,-0.45,0.2432,0.7657606966517307
3,0.25,-0.45,0.24480000000000002,0.7650099123036851
3,0.25,-0.45,0.2464,0.7642650305354789
3,0.25,-0.45,0.248,0.7635259685796972
3,0.25,-0.45,0.24960000000000002,0.7627926451215072
3,0.25,-0.45,0.25120000000000003,0.762064980268573
3,0.25,-0.45,0.2528,0.7613428955216829
3,0.25,-0.45,0.2544,0.7606263137460756
3,0.25,-0.45,0.256,0.7599151591434433
3,0.25,-0.45,0.2576,0.759209357224599
3,0.25,-0.45,0.2592,0.7585088347827879
3,0.25,-0.45,0.26080000000000003,0.7578135198676276
3,0.25,-0.45,0.2624,0.7571233417596628
3,0.25,-0.45,0.264,0.7564382309455158
3,0.25,-0.45,0.2656,0.7557581190936203
3,0.25,-0.45,0.2672,0.7550829390305218
3,0.25,-0.45,0.26880000000000004,0.7544126247177304
3,0.25,-0.45,0.27040000000000003,0.7537471112291129
3,0.25,-0.45,0.272,0.7530863347288084
3,0.25,-0.45,0.2736,0.7524302324496551
3,0.25,-0.45,0.2752,0.7517787426721159
3,0.25,-0.45,0.2768,0.7511318047036861
3,0.25,-0.45,0.27840000000000004,0.7504893588587772
3,0.25,-0.45,0.28,0.7498513464390578
3,0.25,-0.45,0.2816,0.749217709714244
3,0.25,-0.45,0.2832,0.7485883919033259
3,0.25,-0.45,0.2848,0.7479633371562211
3,0.25,-0.45,0.2864,0.74734249053584
3,0.25,-0.45,0.28800000000000003,0.7467257980005566
3,0.25,-0.45,0.2896,0.7461132063870723
3,0.25,-0.45,0.2912,0.745504663393663
3,0.25,-0.45,0.2928,0.7449001175637988
3,0.25,-0.45,0.2944,0.7442995182701291
3,0.25,-0.45,0.29600000000000004,0.7437028156988206
3,0.25,-0.45,0.29760000000000003,0.7431099608342414
3,0.25,-0.45,0.2992,0.7425209054439831
3,0.25,-0.45,0.3008,0.741935602064208
3,0.25,-0.45,0.3024,0.7413540039853201
3,0.25,-0.45,0.304,0.7407760652379439
3,0.25,-0.45,0.30560000000000004,0.7402017405792103
3,0.25,-0.45,0.30720000000000003,0.7396309854793363
3,0.25,-0.45,0.3088,0.7390637561084957
3,0.25,-0.45,0.3104,0.7385000093239699
3,0.25,-0.45,0.312,0.7379397026575739
3,0.25,-0.45,0.3136,0.7373827943033494
3,0.25,-0.45,0.31520000000000004,0.7368292431055203
3,0.25,-0.45,0.3168,0.7362790085467015
3,0.25,-0.45,0.3184,0.7357320507363572
3,0.25,-0.45,0.32,0.7351883303995008
3,0.25,-0.45,0.3216,0.7346478088656317
3,0.25,-0.45,0.32320000000000004,0.7341104480579027
3,0.25,-0.45,0.32480000000000003,0.7335762104825112
3,0.25,-0.45,0.3264,0.7330450592183121
3,0.25,-0.45,0.328,0.7325169579066433
3,0.25,-0.45,0.3296,0.7319918707413612
3,0.25,-0.45,0.3312,0.7314697624590797
3,0.25,-0.45,0.33280000000000004,0.7309505983296092
3,0.25,-0.45,0.33440000000000003,0.7304343441465893
3,0.25,-0.45,0.336,0.7299209662183115
3,0.25,-0.45,0.3376,0.7294104313587285
3,0.25,-0.45,0.3392,0.728902706878643
3,0.25,-0.45,0.3408,0.7283977605770737
3,0.25,-0.45,0.34240000000000004,0.7278955607327949
3,0.25,-0.45,0.34400000000000003,0.7273960760960434
3,0.25,-0.45,0.3456,0.7268992758803909
3,0.25,-0.45,0.3472,0.726405129754778
3,0.25,-0.45,0.3488,0.7259136078357036
3,0.25,-0.45,0.3504,0.7254246806795694
3,0.25,-0.45,0.35200000000000004,0.7249383192751752
3,0.25,-0.45,0.3536,0.7244544950363581
3,0.25,-0.45,0.3552,0.7239731797947778
3,0.25,-0.45,0.3568,0.7234943457928411
3,0.25,-0.45,0.3584,0.7230179656767634
3,0.25,-0.45,0.36000000000000004,0.7225440124897634
3,0.25,-0.45,0.36160000000000003,0.7220724596653905
3,0.25,-0.45,0.3632,0.7216032810209781
3,0.25,-0.45,0.3648,0.7211364507512239
3,0.25,-0.45,0.3664,0.7206719434218916
3,0.25,-0.45,0.368,0.7202097339636322
3,0.25,-0.45,0.36960000000000004,0.7197497976659234
3,0.25,-0.45,0.37120000000000003,0.7192921101711223
3,0.25,-0.45,0.3728,0.7188366474686304
3,0.25,-0.45,0.3744,0.7183833858891701
3,0.25,-0.45,0.376,0.7179323020991653
3,0.25,-0.45,0.3776,0.7174833730952291
3,0.25,-0.45,0.37920000000000004,0.7170365761987537
3,0.25,-0.45,0.3808,0.7165918890506009
3,0.25,-0.45,0.3824,0.7161492896058897
3,0.25,-0.45,0.384,0.7157087561288829
3,0.25,-0.45,0.3856,0.7152702671879647
3,0.25,-0.45,0.38720000000000004,0.7148338016507131
3,0.25,-0.45,0.38880000000000003,0.7143993386790609
3,0.25,-0.45,0.3904,0.7139668577245462
3,0.25,-0.45,0.392,0.7135363385236491
3,0.25,-0.45,0.3936,0.713107761093213
3,0.25,-0.45,0.3952,0.7126811057259492
3,0.25,-0.45,0.39680000000000004,0.7122563529860221
3,0.25,-0.45,0.39840000000000003,0.7118334837047154
3,0.25,-0.45,0.4,0.7114124789761751
3,0.25,-0.45,0.4016,0.7109933201532289
3,0.25,-0.45,0.4032,0.7105759888432811
3,0.25,-0.45,0.4048,0.7101604669042811
3,0.25,-0.45,0.40640000000000004,0.7097467364407621
3,0.25,-0.45,0.40800000000000003,0.7093347797999522
3,0.25,-0.45,0.4096,0.7089245795679527
3,0.25,-0.45,0.4112,0.7085161185659856
3,0.25,-0.45,0.4128,0.7081093798467055
3,0.25,-0.45,0.41440000000000005,0.7077043466905787
3,0.25,-0.45,0.41600000000000004,0.7073010026023236
3,0.25,-0.45,0.4176,0.7068993313074153
3,0.25,-0.45,0.4192,0.7064993167486499
3,0.25,-0.45,0.4208,0.7061009430827696
3,0.25,-0.45,0.4224,0.7057041946771467
3,0.25,-0.45,0.42400000000000004,0.705309056106525
3,0.25,-0.45,0.42560000000000003,0.7049155121498161
3,0.25,-0.45,0.4272,0.7045235477869543
3,0.25,-0.45,0.4288,0.7041331481958024
3,0.25,-0.45,0.4304,0.7037442987491138
3,0.25,-0.45,0.432,0.703356985011544
3,0.25,-0.45,0.43360000000000004,0.7029711927367157
3,0.25,-0.45,0.43520000000000003,0.7025869078643328
3,0.25,-0.45,0.4368,0.702204116517343
3,0.25,-0.45,0.4384,0.7018228049991521
3,0.25,-0.45,0.44,0.7014429597908801
3,0.25,-0.45,0.44160000000000005,0.7010645675486696
3,0.25,-0.45,0.44320000000000004,0.7006876151010364
3,0.25,-0.45,0.44480000000000003,0.700312089446265
3,0.25,-0.45,0.4464,0.69993797774985
3,0.25,-0.45,0.448,0.6995652673419781
3,0.25,-0.45,0.4496,0.6991939457150549
3,0.25,-0.45,0.45120000000000005,0.6988240005212704
3,0.25,-0.45,0.45280000000000004,0.698455419570208
3,0.25,-0.45,0.4544,0.6980881908264915
3,0.25,-0.45,0.456,0.6977223024074728
3,0.25,-0.45,0.4576,0.6973577425809557
3,0.25,-0.45,0.4592,0.6969944997629612
3,0.25,-0.45,0.46080000000000004,0.696632562515526
3,0.25,-0.45,0.46240000000000003,0.6962719195445399
3,0.25,-0.45,0.464,0.6959125596976189
3,0.25,-0.45,0.4656,0.6955544719620113
3,0.25,-0.45,0.4672,0.6951976454625409
3,0.25,-0.45,0.46880000000000005,0.694842069459582
3,0.25,-0.45,0.47040000000000004,0.6944877333470687
3,0.25,-0.45,0.47200000000000003,0.6941346266505365
3,0.25,-0.45,0.4736,0.6937827390251953
3,0.25,-0.45,0.4752,0.6934320602540353
3,0.25,-0.45,0.4768,0.6930825802459623
3,0.25,-0.45,0.47840000000000005,0.6927342890339641
3,0.25,-0.45,0.48000000000000004,0.6923871767733057
3,0.25,-0.45,0.48160000000000003,0.6920412337397561
3,0.25,-0.45,0.4832,0.6916964503278403
3,0.25,-0.45,0.4848,0.6913528170491223
3,0.25,-0.45,0.4864,0.6910103245305153
3,0.25,-0.45,0.48800000000000004,0.6906689635126173
3,0.25,-0.45,0.48960000000000004,0.6903287248480763
3,0.25,-0.45,0.4912,0.6899895994999792
3,0.25,-0.45,0.4928,0.6896515785402678
3,0.25,-0.45,0.4944,0.68931465314818
3,0.25,-0.45,0.496,0.6889788146087151
3,0.25,-0.45,0.49760000000000004,0.6886440543111256
3,0.25,-0.45,0.49920000000000003,0.6883103637474299
3,0.25,-0.45,0.5008,0.687977734510951
3,0.25,-0.45,0.5024000000000001,0.687646158294878
3,0.25,-0.45,0.504,0.6873156268908495
3,0.25,-0.45,0.5056,0.6869861321875603
3,0.25,-0.45,0.5072,0.6866576661693896
3,0.25,-0.45,0.5088,0.6863302209150506
3,0.25,-0.45,0.5104000000000001,0.6860037885962625
3,0.25,-0.45,0.512,0.6856783614764419
3,0.25,-0.45,0.5136000000000001,0.6853539319094155
3,0.25,-0.45,0.5152,0.6850304923381528
3,0.25,-0.45,0.5168,0.6847080352935193
3,0.25,-0.45,0.5184,0.6843865533930474
3,0.25,-0.45,0.52,0.6840660393397286
3,0.25,-0.45,0.5216000000000001,0.6837464859208228
3,0.25,-0.45,0.5232,0.6834278860066872
3,0.25,-0.45,0.5248,0.6831102325496228
3,0.25,-0.45,0.5264,0.6827935185827392
3,0.25,-0.45,0.528,0.6824777372188359
3,0.25,-0.45,0.5296000000000001,0.6821628816493028
3,0.25,-0.45,0.5312,0.6818489451430362
3,0.25,-0.45,0.5328,0.6815359210453708
3,0.25,-0.45,0.5344,0.6812238027770308
3,0.25,-0.45,0.536,0.6809125838330947
3,0.25,-0.45,0.5376000000000001,0.6806022577819766
3,0.25,-0.45,0.5392,0.6802928182644232
3,0.25,-0.45,0.5408000000000001,0.6799842589925266
3,0.25,-0.45,0.5424,0.6796765737487516
3,0.25,-0.45,0.544,0.6793697563849781
3,0.25,-0.45,0.5456,0.6790638008215576
3,0.25,-0.45,0.5472,0.6787587010463849
3,0.25,-0.45,0.5488000000000001,0.6784544511139831
3,0.25,-0.45,0.5504,0.6781510451446024
3,0.25,-0.45,0.552,0.6778484773233341
3,0.25,-0.45,0.5536,0.6775467418992357
3,0.25,-0.45,0.5552,0.6772458331844706
3,0.25,-0.45,0.5568000000000001,0.6769457455534607
3,0.25,-0.45,0.5584,0.6766464734420511
3,0.25,-0.45,0.56,0.6763480113466886
3,0.25,-0.45,0.5616,0.6760503538236108
3,0.25,-0.45,0.5632,0.6757534954880485
3,0.25,-0.45,0.5648000000000001,0.6754574310134402
3,0.25,-0.45,0.5664,0.675162155130658
3,0.25,-0.45,0.5680000000000001,0.6748676626272443
3,0.25,-0.45,0.5696,0.674573948346661
3,0.25,-0.45,0.5712,0.674281007187549
3,0.25,-0.45,0.5728,0.6739888341030006
3,0.25,-0.45,0.5744,0.6736974240998393
3,0.25,-0.45,0.5760000000000001,0.6734067722379135
3,0.25,-0.45,0.5776,0.6731168736293986
3,0.25,-0.45,0.5792,0.6728277234381114
3,0.25,-0.45,0.5808,0.6725393168788314
3,0.25,-0.45,0.5824,0.6722516492166363
3,0.25,-0.45,0.5840000000000001,0.6719647157662437
3,0.25,-0.45,0.5856,0.6716785118913641
3,0.25,-0.45,0.5872,0.6713930330040632
3,0.25,-0.45,0.5888,0.6711082745641338
3,0.25,-0.45,0.5904,0.6708242320784765
3,0.25,-0.45,0.5920000000000001,0.6705409011004893
3,0.25,-0.45,0.5936,0.6702582772294661
3,0.25,-0.45,0.5952000000000001,0.6699763561100052
3,0.25,-0.45,0.5968,0.6696951334314245
3,0.25,-0.45,0.5984,0.6694146049271867
3,0.25,-0.45,0.6,0.6691347663743319
3,0.25,-0.45,0.6016,0.6688556135929189
3,0.25,-0.45,0.6032000000000001,0.6685771424454747
3,0.25,-0.45,0.6048,0.6682993488364516
3,0.25,-0.45,0.6064,0.6680222287116923
3,0.25,-0.45,0.608,0.6677457780579026
3,0.25,-0.45,0.6096,0.6674699929021323
3,0.25,-0.45,0.6112000000000001,0.6671948693112623
3,0.25,-0.45,0.6128,0.6669204033915005
3,0.25,-0.45,0.6144000000000001,0.6666465912878836
3,0.25,-0.45,0.616,0.6663734291837875
3,0.25,-0.45,0.6176,0.6661009133004432
3,0.25,-0.45,0.6192000000000001,0.6658290398964607
3,0.25,-0.45,0.6208,0.6655578052673589
3,0.25,-0.45,0.6224000000000001,0.665287205745103
3,0.25,-0.45,0.624,0.6650172376976483
3,0.25,-0.45,0.6256,0.6647478975284896
3,0.25,-0.45,0.6272,0.6644791816762179
3,0.25,-0.45,0.6288,0.6642110866140832
3,0.25,-0.45,0.6304000000000001,0.6639436088495636
3,0.25,-0.45,0.632,0.66367674492394
3,0.25,-0.45,0.6336,0.6634104914118771
3,0.25,-0.45,0.6352,0.6631448449210107
3,0.25,-0.45,0.6368,0.66287980209154
3,0.25,-0.45,0.6384000000000001,0.6626153595958261
3,0.25,-0.45,0.64,0.6623515141379964
3,0.25,-0.45,0.6416000000000001,0.6620882624535541
3,0.25,-0.45,0.6432,0.6618256013089927
3,0.25,-0.45,0.6448,0.6615635275014177
3,0.25,-0.45,0.6464000000000001,0.6613020378581712
3,0.25,-0.45,0.648,0.6610411292364635
3,0.25,-0.45,0.6496000000000001,0.6607807985230093
3,0.25,-0.45,0.6512,0.6605210426336684
3,0.25,-0.45,0.6528,0.660261858513092
3,0.25,-0.45,0.6544,0.6600032431343745
3,0.25,-0.45,0.656,0.6597451934987084
3,0.25,-0.45,0.6576000000000001,0.6594877066350457
3,0.25,-0.45,0.6592,0.659230779599763
3,0.25,-0.45,0.6608,0.6589744094763311
3,0.25,-0.45,0.6624,0.6587185933749902
3,0.25,-0.45,0.664,0.6584633284324285
3,0.25,-0.45,0.6656000000000001,0.6582086118114655
3,0.25,-0.45,0.6672,0.6579544407007403
3,0.25,-0.45,0.6688000000000001,0.6577008123144028
3,0.25,-0.45,0.6704,0.6574477238918107
3,0.25,-0.45,0.672,0.6571951726972294
3,0.25,-0.45,0.6736000000000001,0.6569431560195369
3,0.25,-0.45,0.6752,0.656691671171932
3,0.25,-0.45,0.6768000000000001,0.6564407154916464
3,0.25,-0.45,0.6784,0.6561902863396621
3,0.25,-0.45,0.68,0.655940381100431
3,0.25,-0.45,0.6816,0.6556909971815985
3,0.25,-0.45,0.6832,0.6554421320137322
3,0.25,-0.45,0.6848000000000001,0.6551937830500526
3,0.25,-0.45,0.6864,0.6549459477661685
3,0.25,-0.45,0.6880000000000001,0.654698623659816
3,0.25,-0.45,0.6896,0.6544518082505993
3,0.25,-0.45,0.6912,0.6542054990797381
3,0.25,-0.45,0.6928000000000001,0.6539596937098154
3,0.25,-0.45,0.6944,0.6537143897245306
3,0.25,-0.45,0.6960000000000001,0.6534695847284543
3,0.25,-0.45,0.6976,0.6532252763467884
3,0.25,-0.45,0.6992,0.6529814622251279
3,0.25,-0.45,0.7008,0.6527381400292257
3,0.25,-0.45,0.7024,0.652495307444762
3,0.25,-0.45,0.7040000000000001,0.6522529621771153
3,0.25,-0.45,0.7056,0.6520111019511369
3,0.25,-0.45,0.7072,0.651769724510929
3,0.25,-0.45,0.7088,0.6515288276196249
3,0.25,-0.45,0.7104,0.6512884090591731
3,0.25,-0.45,0.7120000000000001,0.6510484666301224
3,0.25,-0.45,0.7136,0.6508089981514119
3,0.25,-0.45,0.7152000000000001,0.6505700014601632
3,0.25,-0.45,0.7168,0.6503314744114738
3,0.25,-0.45,0.7184,0.6500934148782158
3,0.25,-0.45,0.7200000000000001,0.649855820750835
3,0.25,-0.45,0.7216,0.6496186899371543
3,0.25,-0.45,0.7232000000000001,0.6493820203621781
3,0.25,-0.45,0.7248,0.6491458099679005
3,0.25,-0.45,0.7264,0.6489100567131154
3,0.25,-0.45,0.728,0.6486747585732295
3,0.25,-0.45,0.7296,0.6484399135400774
3,0.25,-0.45,0.7312000000000001,0.6482055196217388
3,0.25,-0.45,0.7328,0.6479715748423588
3,0.25,-0.45,0.7344,0.6477380772419703
3,0.25,-0.45,0.736,0.6475050248763183
3,0.25,-0.45,0.7376,0.6472724158166867
3,0.25,-0.45,0.7392000000000001,0.6470402481497277
3,0.25,-0.45,0.7408,0.6468085199772929
3,0.25,-0.45,0.7424000000000001,0.6465772294162666
3,0.25,-0.45,0.744,0.6463463745984017
3,0.25,-0.45,0.7456,0.6461159536701572
3,0.25,-0.45,0.7472000000000001,0.6458859647925382
3,0.25,-0.45,0.7488,0.6456564061409376
3,0.25,-0.45,0.7504000000000001,0.6454272759049796
3,0.25,-0.45,0.752,0.6451985722883664
3,0.25,-0.45,0.7536,0.6449702935087253
3,0.25,-0.45,0.7552,0.6447424377974589
3,0.25,-0.45,0.7568,0.6445150033995961
3,0.25,-0.45,0.7584000000000001,0.6442879885736469
3,0.25,-0.45,0.76,0.6440613915914565
3,0.25,-0.45,0.7616,0.6438352107380633
3,0.25,-0.45,0.7632,0.6436094443115576
3,0.25,-0.45,0.7648,0.6433840906229427
3,0.25,-0.45,0.7664000000000001,0.643159147995997
3,0.25,-0.45,0.768,0.6429346147671393
3,0.25,-0.45,0.7696000000000001,0.6427104892852936
3,0.25,-0.45,0.7712,0.6424867699117577
3,0.25,-0.45,0.7728,0.6422634550200722
3,0.25,-0.45,0.7744000000000001,0.6420405429958912
3,0.25,-0.45,0.776,0.6418180322368556
3,0.25,-0.45,0.7776000000000001,0.6415959211524668
3,0.25,-0.45,0.7792,0.6413742081639628
3,0.25,-0.45,0.7808,0.641152891704195
3,0.25,-0.45,0.7824,0.6409319702175077
3,0.25,-0.45,0.784,0.640711442159618
3,0.25,-0.45,0.7856000000000001,0.6404913059974974
3,0.25,-0.45,0.7872,0.6402715602092561
3,0.25,-0.45,0.7888000000000001,0.6400522032840266
3,0.25,-0.45,0.7904,0.6398332337218503
3,0.25,-0.45,0.792,0.6396146500335653
3,0.25,-0.45,0.7936000000000001,0.639396450740695
3,0.25,-0.45,0.7952,0.6391786343753385
3,0.25,-0.45,0.7968000000000001,0.6389611994800627
3,0.25,-0.45,0.7984,0.6387441446077943
3,0.25,-0.45,0.8,0.6385274683217153
3,0.25,-0.45,0.8016000000000001,0.6383111691951573
3,0.25,-0.45,0.8032,0.6380952458114997
3,0.25,-0.45,0.8048000000000001,0.637879696764067
3,0.25,-0.45,0.8064,0.637664520656028
3,0.25,-0.45,0.808,0.6374497161002969
3,0.25,-0.45,0.8096,0.637235281719435
3,0.25,-0.45,0.8112,0.6370212161455537
3,0.25,-0.45,0.8128000000000001,0.6368075180202182
3,0.25,-0.45,0.8144,0.6365941859943534
3,0.25,-0.45,0.8160000000000001,0.6363812187281499
3,0.25,-0.45,0.8176,0.6361686148909721
3,0.25,-0.45,0.8192,0.6359563731612665
3,0.25,-0.45,0.8208000000000001,0.6357444922264716
3,0.25,-0.45,0.8224,0.6355329707829287
3,0.25,-0.45,0.8240000000000001,0.635321807535794
3,0.25,-0.45,0.8256,0.6351110011989514
3,0.25,-0.45,0.8272,0.6349005504949266
3,0.25,-0.45,0.8288000000000001,0.6346904541548025
3,0.25,-0.45,0.8304,0.634480710918135
3,0.25,-0.45,0.8320000000000001,0.6342713195328696
3,0.25,-0.45,0.8336,0.6340622787552607
3,0.25,-0.45,0.8352,0.633853587349789
3,0.25,-0.45,0.8368,0.633645244089083
3,0.25,-0.45,0.8384,0.6334372477538388
3,0.25,-0.45,0.8400000000000001,0.6332295971327431
3,0.25,-0.45,0.8416,0.6330222910223947
3,0.25,-0.45,0.8432000000000001,0.6328153282272291
3,0.25,-0.45,0.8448,0.6326087075594429
3,0.25,-0.45,0.8464,0.6324024278389192
3,0.25,-0.45,0.8480000000000001,0.6321964878931541
3,0.25,-0.45,0.8496,0.6319908865571835
3,0.25,-0.45,0.8512000000000001,0.6317856226735118
3,0.25,-0.45,0.8528,0.6315806950920403
3,0.25,-0.45,0.8544,0.6313761026699971
3,0.25,-0.45,0.8560000000000001,0.6311718442718678
3,0.25,-0.45,0.8576,0.6309679187693267
3,0.25,-0.45,0.8592000000000001,0.6307643250411686
3,0.25,-0.45,0.8608,0.6305610619732432
3,0.25,-0.45,0.8624,0.6303581284583865
3,0.25,-0.45,0.864,0.6301555233963575
3,0.25,-0.45,0.8656,0.629953245693772
3,0.25,-0.45,0.8672000000000001,0.6297512942640391
3,0.25,-0.45,0.8688,0.6295496680272981
3,0.25,-0.45,0.8704000000000001,0.6293483659103556
3,0.25,-0.45,0.872,0.6291473868466239
3,0.25,-0.45,0.8736,0.6289467297760597
3,0.25,-0.45,0.8752000000000001,0.6287463936451041
3,0.25,-0.45,0.8768,0.6285463774066219
3,0.25,-0.45,0.8784000000000001,0.6283466800198436
3,0.25,-0.45,0.88,0.6281473004503066
3,0.25,-0.45,0.8816,0.6279482376697975
3,0.25,-0.45,0.8832000000000001,0.6277494906562946
3,0.25,-0.45,0.8848,0.6275510583939125
3,0.25,-0.45,0.8864000000000001,0.627352939872845
3,0.25,-0.45,0.888,0.6271551340893112
3,0.25,-0.45,0.8896000000000001,0.6269576400455003
3,0.25,-0.45,0.8912,0.6267604567495176
3,0.25,-0.45,0.8928,0.6265635832153317
3,0.25,-0.45,0.8944000000000001,0.626367018462721
3,0.25,-0.45,0.896,0.6261707615172228
3,0.25,-0.45,0.8976000000000001,0.6259748114100803
3,0.25,-0.45,0.8992,0.6257791671781927
3,0.25,-0.45,0.9008,0.6255838278640643
3,0.25,-0.45,0.9024000000000001,0.6253887925157553
3,0.25,-0.45,0.904,0.6251940601868314
3,0.25,-0.45,0.9056000000000001,0.6249996299363164
3,0.25,-0.45,0.9072,0.6248055008286428
3,0.25,-0.45,0.9088,0.6246116719336051
3,0.25,-0.45,0.9104000000000001,0.6244181423263118
3,0.25,-0.45,0.912,0.6242249110871395
3,0.25,-0.45,0.9136000000000001,0.6240319773016868
3,0.25,-0.45,0.9152,0.6238393400607279
3,0.25,-0.45,0.9168000000000001,0.6236469984601686
3,0.25,-0.45,0.9184,0.623454951601001
3,0.25,-0.45,0.92,0.6232631985892593
3,0.25,-0.45,0.9216000000000001,0.6230717385359767
3,0.25,-0.45,0.9232,0.6228805705571422
3,0.25,-0.45,0.9248000000000001,0.6226896937736572
3,0.25,-0.45,0.9264,0.6224991073112942
3,0.25,-0.45,0.928,0.6223088103006547
3,0.25,-0.45,0.9296000000000001,0.6221188018771275
3,0.25,-0.45,0.9312,0.6219290811808487
3,0.25,-0.45,0.9328000000000001,0.6217396473566605
3,0.25,-0.45,0.9344,0.6215504995540715
3,0.25,-0.45,0.936,0.6213616369272171
3,0.25,-0.45,0.9376000000000001,0.6211730586348205
3,0.25,-0.45,0.9392,0.6209847638401542
3,0.25,-0.45,0.9408000000000001,0.6207967517110011
3,0.25,-0.45,0.9424,0.6206090214196175
3,0.25,-0.45,0.9440000000000001,0.6204215721426946
3,0.25,-0.45,0.9456,0.620234403061322
3,0.25,-0.45,0.9472,0.6200475133609513
3,0.25,-0.45,0.9488000000000001,0.6198609022313595
3,0.25,-0.45,0.9504,0.6196745688666129
3,0.25,-0.45,0.9520000000000001,0.6194885124650319
3,0.25,-0.45,0.9536,0.6193027322291554
3,0.25,-0.45,0.9552,0.619117227365707
3,0.25,-0.45,0.9568000000000001,0.6189319970855593
3,0.25,-0.45,0.9584,0.6187470406037013
3,0.25,-0.45,0.9600000000000001,0.6185623571392034
3,0.25,-0.45,0.9616,0.6183779459151846
3,0.25,-0.45,0.9632000000000001,0.6181938061587798
3,0.25,-0.45,0.9648,0.618009937101107
3,0.25,-0.45,0.9664,0.6178263379772345
3,0.25,-0.45,0.9680000000000001,0.6176430080261498
3,0.25,-0.45,0.9696,0.6174599464907272
3,0.25,-0.45,0.9712000000000001,0.6172771526176972
3,0.25,-0.45,0.9728,0.6170946256576149
3,0.25,-0.45,0.9744,0.61691236486483
3,0.25,-0.45,0.9760000000000001,0.6167303694974557
3,0.25,-0.45,0.9776,0.6165486388173395
3,0.25,-0.45,0.9792000000000001,0.6163671720900324
3,0.25,-0.45,0.9808,0.6161859685847612
3,0.25,-0.45,0.9824,0.6160050275743976
3,0.25,-0.45,0.9840000000000001,0.6158243483354305
3,0.25,-0.45,0.9856,0.6156439301479373
3,0.25,-0.45,0.9872000000000001,0.6154637722955553
3,0.25,-0.45,0.9888,0.6152838740654542
3,0.25,-0.45,0.9904000000000001,0.6151042347483086
3,0.25,-0.45,0.992,0.6149248536382698
3,0.25,-0.45,0.9936,0.6147457300329398
3,0.25,-0.45,0.9952000000000001,0.6145668632333436
3,0.25,-0.45,0.9968,0.6143882525439033
3,0.25,-0.45,0.9984000000000001,0.6142098972724115
3,0.25,-0.45,1.0,0.6140317967300055
3,0.25,-0.45,1.0016,0.6138539502311413
3,0.25,-0.45,1.0032,0.6136763570935683
3,0.25,-0.45,1.0048000000000001,0.6134990166383041
3,0.25,-0.45,1.0064,0.6133219281896094
3,0.25,-0.45,1.008,0.6131450910749634
3,0.25,-0.45,1.0096,0.6129685046250394
3,0.25,-0.45,1.0112,0.6127921681736804
3,0.25,-0.45,1.0128000000000001,0.6126160810578749
3,0.25,-0.45,1.0144,0.612440242617734
3,0.25,-0.45,1.016,0.612264652196467
3,0.25,-0.45,1.0176,0.6120893091403582
3,0.25,-0.45,1.0192,0.6119142127987445
3,0.25,-0.45,1.0208000000000002,0.6117393625239921
3,0.25,-0.45,1.0224,0.6115647576714739
3,0.25,-0.45,1.024,0.611390397599547
3,0.25,-0.45,1.0256,0.6112162816695313
3,0.25,-0.45,1.0272000000000001,0.6110424092456863
3,0.25,-0.45,1.0288000000000002,0.6108687796951906
3,0.25,-0.45,1.0304,0.6106953923881198
3,0.25,-0.45,1.032,0.6105222466974255
3,0.25,-0.45,1.0336,0.6103493419989133
3,0.25,-0.45,1.0352000000000001,0.6101766776712236
3,0.25,-0.45,1.0368,0.610004253095809
3,0.25,-0.45,1.0384,0.6098320676569151
3,0.25,-0.45,1.04,0.6096601207415603
3,0.25,-0.45,1.0416,0.6094884117395146
3,0.25,-0.45,1.0432000000000001,0.6093169400432809
3,0.25,-0.45,1.0448,0.6091457050480743
3,0.25,-0.45,1.0464,0.6089747061518036
3,0.25,-0.45,1.048,0.6088039427550512
3,0.25,-0.45,1.0496,0.608633414261054
3,0.25,-0.45,1.0512000000000001,0.6084631200756847
3,0.25,-0.45,1.0528,0.6082930596074335
3,0.25,-0.45,1.0544,0.6081232322673882
3,0.25,-0.45,1.056,0.6079536374692169
3,0.25,-0.45,1.0576,0.6077842746291497
3,0.25,-0.45,1.0592000000000001,0.6076151431659599
3,0.25,-0.45,1.0608,0.6074462425009467
3,0.25,-0.45,1.0624,0.6072775720579172
3,0.25,-0.45,1.064,0.607109131263169
3,0.25,-0.45,1.0656,0.6069409195454728
3,0.25,-0.45,1.0672000000000001,0.6067729363360549
3,0.25,-0.45,1.0688,0.6066051810685803
3,0.25,-0.45,1.0704,0.6064376531791362
3,0.25,-0.45,1.072,0.6062703521062145
3,0.25,-0.45,1.0736,0.6061032772906955
3,0.25,-0.45,1.0752000000000002,0.6059364281758315
3,0.25,-0.45,1.0768,0.6057698042072307
3,0.25,-0.45,1.0784,0.6056034048328408
3,0.25,-0.45,1.08,0.6054372295029329
3,0.25,-0.45,1.0816000000000001,0.6052712776700858
3,0.25,-0.45,1.0832000000000002,0.6051055487891706
3,0.25,-0.45,1.0848,0.6049400423173348
3,0.25,-0.45,1.0864,0.6047747577139869
3,0.25,-0.45,1.088,0.6046096944407808
3,0.25,-0.45,1.0896000000000001,0.6044448519616019
3,0.25,-0.45,1.0912,0.6042802297425505
3,0.25,-0.45,1.0928,0.604115827251928
3,0.25,-0.45,1.0944,0.6039516439602219
3,0.25,-0.45,1.096,0.6037876793400913
3,0.25,-0.45,1.0976000000000001,0.6036239328663517
3,0.25,-0.45,1.0992,0.6034604040159626
3,0.25,-0.45,1.1008,0.6032970922680108
3,0.25,-0.45,1.1024,0.6031339971036982
3,0.25,-0.45,1.104,0.6029711180063273
3,0.25,-0.45,1.1056000000000001,0.6028084544612872
3,0.25,-0.45,1.1072,0.6026460059560396
3,0.25,-0.45,1.1088,0.6024837719801064
3,0.25,-0.45,1.1104,0.6023217520250551
3,0.25,-0.45,1.112,0.6021599455844858
3,0.25,-0.45,1.1136000000000001,0.6019983521540189
3,0.25,-0.45,1.1152,0.60183697123128
3,0.25,-0.45,1.1168,0.601675802315889
3,0.25,-0.45,1.1184,0.6015148449094462
3,0.25,-0.45,1.12,0.6013540985155199
3,0.25,-0.45,1.1216000000000002,0.6011935626396331
3,0.25,-0.45,1.1232,0.6010332367892521
3,0.25,-0.45,1.1248,0.6008731204737734
3,0.25,-0.45,1.1264,0.6007132132045112
3,0.25,-0.45,1.1280000000000001,0.6005535144946856
3,0.25,-0.45,1.1296000000000002,0.6003940238594104
3,0.25,-0.45,1.1312,0.6002347408156815
3,0.25,-0.45,1.1328,0.6000756648823644
3,0.25,-0.45,1.1344,0.5999167955801826
3,0.25,-0.45,1.1360000000000001,0.5997581324317063
3,0.25,-0.45,1.1376,0.5995996749613404
3,0.25,-0.45,1.1392,0.5994414226953132
3,0.25,-0.45,1.1408,0.5992833751616653
3,0.25,-0.45,1.1424,0.5991255318902378
3,0.25,-0.45,1.1440000000000001,0.5989678924126612
3,0.25,-0.45,1.1456,0.5988104562623452
3,0.25,-0.45,1.1472,0.5986532229744662
3,0.25,-0.45,1.1488,0.5984961920859583
3,0.25,-0.45,1.1504,0.5983393631355002
3,0.25,-0.45,1.1520000000000001,0.5981827356635068
3,0.25,-0.45,1.1536,0.5980263092121172
3,0.25,-0.45,1.1552,0.5978700833251843
3,0.25,-0.45,1.1568,0.597714057548265
3,0.25,-0.45,1.1584,0.5975582314286091
3,0.25,-0.45,1.1600000000000001,0.5974026045151497
3,0.25,-0.45,1.1616,0.5972471763584927
3,0.25,-0.45,1.1632,0.5970919465109066
3,0.25,-0.45,1.1648,0.5969369145263125
3,0.25,-0.45,1.1664,0.596782079960275
3,0.25,-0.45,1.1680000000000001,0.5966274423699911
3,0.25,-0.45,1.1696,0.5964730013142812
3,0.25,-0.45,1.1712,0.5963187563535793
3,0.25,-0.45,1.1728,0.5961647070499236
3,0.25,-0.45,1.1744,0.5960108529669466
3,0.25,-0.45,1.1760000000000002,0.5958571936698659
3,0.25,-0.45,1.1776,0.5957037287254748
3,0.25,-0.45,1.1792,0.5955504577021336
3,0.25,-0.45,1.1808,0.5953973801697586
3,0.25,-0.45,1.1824000000000001,0.5952444956998155
3,0.25,-0.45,1.1840000000000002,0.5950918038653085
3,0.25,-0.45,1.1856,0.5949393042407719
3,0.25,-0.45,1.1872,0.5947869964022615
3,0.25,-0.45,1.1888,0.5946348799273453
3,0.25,-0.45,1.1904000000000001,0.5944829543950948
3,0.25,-0.45,1.192,0.594331219386077
3,0.25,-0.45,1.1936,0.5941796744823448
3,0.25,-0.45,1.1952,0.5940283192674287
3,0.25,-0.45,1.1968,0.593877153326329
3,0.25,-0.45,1.1984000000000001,0.5937261762455068
3,0.25,-0.45,1.2,0.5935753876128762
3,0.25,-0.45,1.2016,0.5934247870177946
3,0.25,-0.45,1.2032,0.5932743740510563
3,0.25,-0.45,1.2048,0.5931241483048837
3,0.25,-0.45,1.2064000000000001,0.5929741093729185
3,0.25,-0.45,1.208,0.5928242568502149
3,0.25,-0.45,1.2096,0.5926745903332308
3,0.25,-0.45,1.2112,0.5925251094198202
3,0.25,-0.45,1.2128,0.5923758137092253
3,0.25,-0.45,1.2144000000000001,0.5922267028020691
3,0.25,-0.45,1.216,0.5920777763003472
3,0.25,-0.45,1.2176,0.5919290338074205
3,0.25,-0.45,1.2192,0.5917804749280071
3,0.25,-0.45,1.2208,0.5916320992681761
3,0.25,-0.45,1.2224000000000002,0.5914839064353385
3,0.25,-0.45,1.224,0.5913358960382409
3,0.25,-0.45,1.2256,0.5911880676869575
3,0.25,-0.45,1.2272,0.5910404209928836
3,0.25,-0.45,1.2288000000000001,0.5908929555687273
3,0.25,-0.45,1.2304000000000002,0.5907456710285036
3,0.25,-0.45,1.232,0.5905985669875264
3,0.25,-0.45,1.2336,0.5904516430624017
3,0.25,-0.45,1.2352,0.5903048988710203
3,0.25,-0.45,1.2368000000000001,0.5901583340325515
3,0.25,-0.45,1.2384000000000002,0.5900119481674354
3,0.25,-0.45,1.24,0.5898657408973772
3,0.25,-0.45,1.2416,0.5897197118453391
3,0.25,-0.45,1.2432,0.5895738606355344
3,0.25,-0.45,1.2448000000000001,0.5894281868934206
3,0.25,-0.45,1.2464,0.5892826902456926
3,0.25,-0.45,1.248,0.5891373703202764
3,0.25,-0.45,1.2496,0.5889922267463223
3,0.25,-0.45,1.2512,0.588847259154199
3,0.25,-0.45,1.2528000000000001,0.588702467175486
3,0.25,-0.45,1.2544,0.5885578504429686
3,0.25,-0.45,1.256,0.5884134085906305
3,0.25,-0.45,1.2576,0.5882691412536479
3,0.25,-0.45,1.2592,0.5881250480683835
3,0.25,-0.45,1.2608000000000001,0.58798112867238
3,0.25,-0.45,1.2624,0.5878373827043536
3,0.25,-0.45,1.264,0.587693809804189
3,0.25,-0.45,1.2656,0.587550409612932
3,0.25,-0.45,1.2672,0.5874071817727848
3,0.25,-0.45,1.2688000000000001,0.5872641259270988
3,0.25,-0.45,1.2704,0.5871212417203692
3,0.25,-0.45,1.272,0.5869785287982296
3,0.25,-0.45,1.2736,0.5868359868074458
3,0.25,-0.45,1.2752000000000001,0.5866936153959091
3,0.25,-0.45,1.2768000000000002,0.5865514142126325
3,0.25,-0.45,1.2784,0.586409382907743
3,0.25,-0.45,1.28,0.5862675211324773
3,0.25,-0.45,1.2816,0.5861258285391756
3,0.25,-0.45,1.2832000000000001,0.5859843047812759
3,0.25,-0.45,1.2848000000000002,0.5858429495133087
3,0.25,-0.45,1.2864,0.5857017623908918
3,0.25,-0.45,1.288,0.5855607430707239
3,0.25,-0.45,1.2896,0.5854198912105802
3,0.25,-0.45,1.2912000000000001,0.5852792064693064
3,0.25,-0.45,1.2928000000000002,0.5851386885068135
3,0.25,-0.45,1.2944,0.5849983369840728
3,0.25,-0.45,1.296,0.58485815156311
3,0.25,-0.45,1.2976,0.5847181319070007
3,0.25,-0.45,1.2992000000000001,0.5845782776798645
3,0.25,-0.45,1.3008,0.58443858854686
3,0.25,-0.45,1.3024,0.5842990641741806
3,0.25,-0.45,1.304,0.584159704229048
3,0.25,-0.45,1.3056,0.5840205083797079
3,0.25,-0.45,1.3072000000000001,0.5838814762954252
3,0.25,-0.45,1.3088,0.5837426076464788
3,0.25,-0.45,1.3104,0.5836039021041559
3,0.25,-0.45,1.312,0.5834653593407486
3,0.25,-0.45,1.3136,0.5833269790295481
3,0.25,-0.45,1.3152000000000001,0.5831887608448392
3,0.25,-0.45,1.3168,0.5830507044618972
3,0.25,-0.45,1.3184,0.5829128095569819
3,0.25,-0.45,1.32,0.582775075807333
3,0.25,-0.45,1.3216,0.5826375028911657
3,0.25,-0.45,1.3232000000000002,0.5825000904876657
3,0.25,-0.45,1.3248,0.5823628382769854
3,0.25,-0.45,1.3264,0.5822257459402378
3,0.25,-0.45,1.328,0.5820888131594935
3,0.25,-0.45,1.3296000000000001,0.5819520396177748
3,0.25,-0.45,1.3312000000000002,0.5818154249990523
3,0.25,-0.45,1.3328,0.5816789689882398
3,0.25,-0.45,1.3344,0.5815426712711899
3,0.25,-0.45,1.336,0.5814065315346899
3,0.25,-0.45,1.3376000000000001,0.5812705494664571
3,0.25,-0.45,1.3392000000000002,0.5811347247551343
3,0.25,-0.45,1.3408,0.5809990570902859
3,0.25,-0.45,1.3424,0.5808635461623934
3,0.25,-0.45,1.344,0.5807281916628512
3,0.25,-0.45,1.3456000000000001,0.5805929932839621
3,0.25,-0.45,1.3472000000000002,0.5804579507189337
3,0.25,-0.45,1.3488,0.5803230636618729
3,0.25,-0.45,1.3504,0.5801883318077838
3,0.25,-0.45,1.352,0.5800537548525616
3,0.25,-0.45,1.3536000000000001,0.5799193324929895
3,0.25,-0.45,1.3552,0.5797850644267345
3,0.25,-0.45,1.3568,0.5796509503523432
3,0.25,-0.45,1.3584,0.579516989969238
3,0.25,-0.45,1.36,0.5793831829777127
3,0.25,-0.45,1.3616000000000001,0.5792495290789295
3,0.25,-0.45,1.3632,0.5791160279749131
3,0.25,-0.45,1.3648,0.5789826793685496
3,0.25,-0.45,1.3664,0.57884948296358
3,0.25,-0.45,1.368,0.5787164384645979
3,0.25,-0.45,1.3696000000000002,0.5785835455770446
3,0.25,-0.45,1.3712,0.5784508040072067
3,0.25,-0.45,1.3728,0.5783182134622108
3,0.25,-0.45,1.3744,0.5781857736500208
3,0.25,-0.45,1.3760000000000001,0.5780534842794334
3,0.25,-0.45,1.3776000000000002,0.5779213450600752
3,0.25,-0.45,1.3792,0.5777893557023984
3,0.25,-0.45,1.3808,0.5776575159176774
3,0.25,-0.45,1.3824,0.5775258254180048
3,0.25,-0.45,1.3840000000000001,0.5773942839162882
3,0.25,-0.45,1.3856000000000002,0.5772628911262466
3,0.25,-0.45,1.3872,0.5771316467624066
3,0.25,-0.45,1.3888,0.5770005505400988
3,0.25,-0.45,1.3904,0.5768696021754549
3,0.25,-0.45,1.3920000000000001,0.5767388013854028
3,0.25,-0.45,1.3936000000000002,0.5766081478876651
3,0.25,-0.45,1.3952,0.576477641400754
3,0.25,-0.45,1.3968,0.5763472816439681
3,0.25,-0.45,1.3984,0.5762170683373902
3,0.25,-0.45,1.4000000000000001,0.5760870012018824
3,0.25,-0.45,1.4016,0.575957079959084
3,0.25,-0.45,1.4032,0.5758273043314065
3,0.25,-0.45,1.4048,0.5756976740420323
3,0.25,-0.45,1.4064,0.5755681888149098
3,0.25,-0.45,1.4080000000000001,0.5754388483747508
3,0.25,-0.45,1.4096,0.5753096524470273
3,0.25,-0.45,1.4112,0.5751806007579677
3,0.25,-0.45,1.4128,0.5750516930345547
3,0.25,-0.45,1.4144,0.5749229290045208
3,0.25,-0.45,1.4160000000000001,0.5747943083963454
3,0.25,-0.45,1.4176,0.5746658309392526
3,0.25,-0.45,1.4192,0.5745374963632072
3,0.25,-0.45,1.4208,0.5744093043989111
3,0.25,-0.45,1.4224,0.5742812547778015
3,0.25,-0.45,1.4240000000000002,0.5741533472320471
3,0.25,-0.45,1.4256,0.574025581494545
3,0.25,-0.45,1.4272,0.5738979572989173
3,0.25,-0.45,1.4288,0.5737704743795091
3,0.25,-0.45,1.4304000000000001,0.5736431324713845
3,0.25,-0.45,1.4320000000000002,0.5735159313103243
3,0.25,-0.45,1.4336,0.5733888706328223
3,0.25,-0.45,1.4352,0.5732619501760831
3,0.25,-0.45,1.4368,0.5731351696780184
3,0.25,-0.45,1.4384000000000001,0.573008528877245
3,0.25,-0.45,1.4400000000000002,0.5728820275130809
3,0.25,-0.45,1.4416,0.5727556653255433
3,0.25,-0.45,1.4432,0.5726294420553453
3,0.25,-0.45,1.4448,0.5725033574438928
3,0.25,-0.45,1.4464000000000001,0.5723774112332822
3,0.25,-0.45,1.4480000000000002,0.5722516031662973
3,0.25,-0.45,1.4496,0.5721259329864062
3,0.25,-0.45,1.4512,0.5720004004377593
3,0.25,-0.45,1.4528,0.5718750052651859
3,0.25,-0.45,1.4544000000000001,0.5717497472141915
3,0.25,-0.45,1.456,0.5716246260309551
3,0.25,-0.45,1.4576,0.571499641462327
3,0.25,-0.45,1.4592,0.5713747932558253
3,0.25,-0.45,1.4608,0.5712500811596336
3,0.25,-0.45,1.4624000000000001,0.5711255049225985
3,0.25,-0.45,1.464,0.5710010642942268
3,0.25,-0.45,1.4656,0.5708767590246823
3,0.25,-0.45,1.4672,0.5707525888647842
3,0.25,-0.45,1.4688,0.570628553566004
3,0.25,-0.45,1.4704000000000002,0.5705046528804625
3,0.25,-0.45,1.472,0.5703808865609278
3,0.25,-0.45,1.4736,0.5702572543608128
3,0.25,-0.45,1.4752,0.570133756034172
3,0.25,-0.45,1.4768000000000001,0.5700103913356998
3,0.25,-0.45,1.4784000000000002,0.5698871600207269
3,0.25,-0.45,1.48,0.569764061845219
3,0.25,-0.45,1.4816,0.5696410965657737
3,0.25,-0.45,1.4832,0.5695182639396177
3,0.25,-0.45,1.4848000000000001,0.5693955637246051
3,0.25,-0.45,1.4864000000000002,0.5692729956792145
3,0.25,-0.45,1.488,0.5691505595625466
3,0.25,-0.45,1.4896,0.5690282551343215
3,0.25,-0.45,1.4912,0.568906082154877
3,0.25,-0.45,1.4928000000000001,0.568784040385166
3,0.25,-0.45,1.4944000000000002,0.5686621295867532
3,0.25,-0.45,1.496,0.5685403495218141
3,0.25,-0.45,1.4976,0.568418699953132
3,0.25,-0.45,1.4992,0.5682971806440953
3,0.25,-0.45,1.5008000000000001,0.5681757913586958
3,0.25,-0.45,1.5024000000000002,0.5680545318615262
3,0.25,-0.45,1.504,0.5679334019177777
3,0.25,-0.45,1.5056,0.5678124012932378
3,0.25,-0.45,1.5072,0.5676915297542877
3,0.25,-0.45,1.5088000000000001,0.5675707870679009
3,0.25,-0.45,1.5104,0.5674501730016396
3,0.25,-0.45,1.512,0.5673296873236539
3,0.25,-0.45,1.5136,0.5672093298026788
3,0.25,-0.45,1.5152,0.5670891002080318
3,0.25,-0.45,1.5168000000000001,0.5669689983096113
3,0.25,-0.45,1.5184,0.566849023877894
3,0.25,-0.45,1.52,0.5667291766839332
3,0.25,-0.45,1.5216,0.5666094564993558
3,0.25,-0.45,1.5232,0.5664898630963607
3,0.25,-0.45,1.5248000000000002,0.566370396247717
3,0.25,-0.45,1.5264,0.5662510557267609
3,0.25,-0.45,1.528,0.5661318413073948
3,0.25,-0.45,1.5296,0.566012752764084
3,0.25,-0.45,1.5312000000000001,0.5658937898718555
3,0.25,-0.45,1.5328000000000002,0.5657749524062954
3,0.25,-0.45,1.5344,0.565656240143547
3,0.25,-0.45,1.536,0.565537652860309
3,0.25,-0.45,1.5376,0.565419190333833
3,0.25,-0.45,1.5392000000000001,0.5653008523419218
3,0.25,-0.45,1.5408000000000002,0.565182638662927
3,0.25,-0.45,1.5424,0.5650645490757475
3,0.25,-0.45,1.544,0.5649465833598272
3,0.25,-0.45,1.5456,0.5648287412951528
3,0.25,-0.45,1.5472000000000001,0.5647110226622524
3,0.25,-0.45,1.5488000000000002,0.5645934272421926
3,0.25,-0.45,1.5504,0.564475954816578
3,0.25,-0.45,1.552,0.5643586051675477
3,0.25,-0.45,1.5536,0.5642413780777741
3,0.25,-0.45,1.5552000000000001,0.5641242733304609
3,0.25,-0.45,1.5568000000000002,0.5640072907093415
3,0.25,-0.45,1.5584,0.5638904299986767
3,0.25,-0.45,1.56,0.5637736909832525
3,0.25,-0.45,1.5616,0.563657073448379
3,0.25,-0.45,1.5632000000000001,0.5635405771798879
3,0.25,-0.45,1.5648,0.5634242019641306
3,0.25,-0.45,1.5664,0.5633079475879771
3,0.25,-0.45,1.568,0.5631918138388132
3,0.25,-0.45,1.5696,0.5630758005045394
3,0.25,-0.45,1.5712000000000002,0.5629599073735684
3,0.25,-0.45,1.5728,0.5628441342348238
3,0.25,-0.45,1.5744,0.5627284808777384
3,0.25,-0.45,1.576,0.5626129470922515
3,0.25,-0.45,1.5776000000000001,0.5624975326688083
3,0.25,-0.45,1.5792000000000002,0.5623822373983572
3,0.25,-0.45,1.5808,0.5622670610723486
3,0.25,-0.45,1.5824,0.5621520034827325
3,0.25,-0.45,1.584,0.5620370644219576
3,0.25,-0.45,1.5856000000000001,0.5619222436829688
3,0.25,-0.45,1.5872000000000002,0.5618075410592058
3,0.25,-0.45,1.5888,0.5616929563446016
3,0.25,-0.45,1.5904,0.5615784893335801
3,0.25,-0.45,1.592,0.561464139821055
3,0.25,-0.45,1.5936000000000001,0.561349907602428
3,0.25,-0.45,1.5952000000000002,0.5612357924735866
3,0.25,-0.45,1.5968,0.561121794230903
3,0.25,-0.45,1.5984,0.5610079126712326
3,0.25,-0.45,1.6,0.5608941475919115
3,0.25,-0.45,1.6016000000000001,0.5607804987907552
3,0.25,-0.45,1.6032000000000002,0.5606669660660575
3,0.25,-0.45,1.6048,0.5605535492165881
3,0.25,-0.45,1.6064,0.5604402480415913
3,0.25,-0.45,1.608,0.5603270623407848
3,0.25,-0.45,1.6096000000000001,0.5602139919143567
3,0.25,-0.45,1.6112000000000002,0.5601010365629655
3,0.25,-0.45,1.6128,0.5599881960877378
3,0.25,-0.45,1.6144,0.5598754702902662
3,0.25,-0.45,1.616,0.5597628589726085
3,0.25,-0.45,1.6176000000000001,0.559650361937286
3,0.25,-0.45,1.6192,0.5595379789872819
3,0.25,-0.45,1.6208,0.559425709926039
3,0.25,-0.45,1.6224,0.5593135545574593
3,0.25,-0.45,1.624,0.5592015126859016
3,0.25,-0.45,1.6256000000000002,0.5590895841161803
3,0.25,-0.45,1.6272,0.5589777686535639
3,0.25,-0.45,1.6288,0.5588660661037733
3,0.25,-0.45,1.6304,0.5587544762729806
3,0.25,-0.45,1.6320000000000001,0.5586429989678069
3,0.25,-0.45,1.6336000000000002,0.5585316339953219
3,0.25,-0.45,1.6352,0.5584203811630413
3,0.25,-0.45,1.6368,0.5583092402789258
3,0.25,-0.45,1.6384,0.5581982111513798
3,0.25,-0.45,1.6400000000000001,0.5580872935892496
3,0.25,-0.45,1.6416000000000002,0.5579764874018222
3,0.25,-0.45,1.6432,0.5578657923988234
3,0.25,-0.45,1.6448,0.5577552083904166
3,0.25,-0.45,1.6464,0.5576447351872018
3,0.25,-0.45,1.6480000000000001,0.5575343726002137
3,0.25,-0.45,1.6496000000000002,0.5574241204409196
3,0.25,-0.45,1.6512,0.5573139785212197
3,0.25,-0.45,1.6528,0.5572039466534439
3,0.25,-0.45,1.6544,0.5570940246503516
3,0.25,-0.45,1.6560000000000001,0.5569842123251298
3,0.25,-0.45,1.6576000000000002,0.5568745094913914
3,0.25,-0.45,1.6592,0.5567649159631746
3,0.25,-0.45,1.6608,0.5566554315549408
3,0.25,-0.45,1.6624,0.5565460560815735
3,0.25,-0.45,1.6640000000000001,0.5564367893583769
3,0.25,-0.45,1.6656,0.5563276312010751
3,0.25,-0.45,1.6672,0.5562185814258094
3,0.25,-0.45,1.6688,0.5561096398491381
3,0.25,-0.45,1.6704,0.5560008062880346
3,0.25,-0.45,1.6720000000000002,0.5558920805598866
3,0.25,-0.45,1.6736,0.5557834624824943
3,0.25,-0.45,1.6752,0.555674951874069
3,0.25,-0.45,1.6768,0.555566548553232
3,0.25,-0.45,1.6784000000000001,0.5554582523390136
3,0.25,-0.45,1.6800000000000002,0.5553500630508509
3,0.25,-0.45,1.6816,0.5552419805085873
3,0.25,-0.45,1.6832,0.5551340045324712
3,0.25,-0.45,1.6848,0.555026134943154
3,0.25,-0.45,1.6864000000000001,0.5549183715616893
3,0.25,-0.45,1.6880000000000002,0.5548107142095319
3,0.25,-0.45,1.6896,0.5547031627085359
3,0.25,-0.45,1.6912,0.5545957168809539
3,0.25,-0.45,1.6928,0.5544883765494355
3,0.25,-0.45,1.6944000000000001,0.5543811415370262
3,0.25,-0.45,1.6960000000000002,0.5542740116671661
3,0.25,-0.45,1.6976,0.5541669867636881
3,0.25,-0.45,1.6992,0.5540600666508179
3,0.25,-0.45,1.7008,0.5539532511531714
3,0.25,-0.45,1.7024000000000001,0.5538465400957548
3,0.25,-0.45,1.7040000000000002,0.5537399333039623
3,0.25,-0.45,1.7056,0.5536334306035753
3,0.25,-0.45,1.7072,0.553527031820761
3,0.25,-0.45,1.7088,0.5534207367820717
3,0.25,-0.45,1.7104000000000001,0.5533145453144428
3,0.25,-0.45,1.7120000000000002,0.5532084572451926
3,0.25,-0.45,1.7136,0.5531024724020202
3,0.25,-0.45,1.7152,0.5529965906130045
3,0.25,-0.45,1.7168,0.552890811706604
3,0.25,-0.45,1.7184000000000001,0.5527851355116541
3,0.25,-0.45,1.72,0.5526795618573668
3,0.25,-0.45,1.7216,0.5525740905733293
3,0.25,-0.45,1.7232,0.5524687214895034
3,0.25,-0.45,1.7248,0.5523634544362235
3,0.25,-0.45,1.7264000000000002,0.5522582892441957
3,0.25,-0.45,1.728,0.5521532257444972
3,0.25,-0.45,1.7296,0.5520482637685745
3,0.25,-0.45,1.7312,0.5519434031482425
3,0.25,-0.45,1.7328000000000001,0.5518386437156835
3,0.25,-0.45,1.7344000000000002,0.5517339853034459
3,0.25,-0.45,1.736,0.551629427744443
3,0.25,-0.45,1.7376,0.5515249708719524
3,0.25,-0.45,1.7392,0.5514206145196141
3,0.25,-0.45,1.7408000000000001,0.5513163585214302
3,0.25,-0.45,1.7424000000000002,0.5512122027117632
3,0.25,-0.45,1.744,0.551108146925335
3,0.25,-0.45,1.7456,0.5510041909972263
3,0.25,-0.45,1.7472,0.5509003347628749
3,0.25,-0.45,1.7488000000000001,0.550796578058075
3,0.25,-0.45,1.7504000000000002,0.5506929207189757
3,0.25,-0.45,1.752,0.5505893625820806
3,0.25,-0.45,1.7536,0.550485903484246
3,0.25,-0.45,1.7552,0.5503825432626805
3,0.25,-0.45,1.7568000000000001,0.5502792817549436
3,0.25,-0.45,1.7584000000000002,0.5501761187989445
3,0.25,-0.45,1.76,0.5500730542329412
3,0.25,-0.45,1.7616,0.5499700878955397
3,0.25,-0.45,1.7632,0.5498672196256928
3,0.25,-0.45,1.7648000000000001,0.5497644492626987
3,0.25,-0.45,1.7664000000000002,0.5496617766462006
3,0.25,-0.45,1.768,0.5495592016161853
3,0.25,-0.45,1.7696,0.549456724012982
3,0.25,-0.45,1.7712,0.5493543436772618
3,0.25,-0.45,1.7728000000000002,0.5492520604500362
3,0.25,-0.45,1.7744,0.5491498741726564
3,0.25,-0.45,1.776,0.5490477846868121
3,0.25,-0.45,1.7776,0.5489457918345311
3,0.25,-0.45,1.7792000000000001,0.5488438954581769
3,0.25,-0.45,1.7808000000000002,0.5487420954004495
3,0.25,-0.45,1.7824,0.5486403915043827
3,0.25,-0.45,1.784,0.5485387836133445
3,0.25,-0.45,1.7856,0.5484372715710355
3,0.25,-0.45,1.7872000000000001,0.5483358552214876
3,0.25,-0.45,1.7888000000000002,0.5482345344090639
3,0.25,-0.45,1.7904,0.5481333089784569
3,0.25,-0.45,1.792,0.5480321787746881
3,0.25,-0.45,1.7936,0.5479311436431067
3,0.25,-0.45,1.7952000000000001,0.5478302034293886
3,0.25,-0.45,1.7968000000000002,0.5477293579795357
3,0.25,-0.45,1.7984,0.5476286071398753
3,0.25,-0.45,1.8,0.5475279507570581
3,0.25,-0.45,1.8016,0.5474273886780582
3,0.25,-0.45,1.8032000000000001,0.5473269207501716
3,0.25,-0.45,1.8048000000000002,0.5472265468210159
3,0.25,-0.45,1.8064,0.5471262667385286
3,0.25,-0.45,1.808,0.5470260803509669
3,0.25,-0.45,1.8096,0.5469259875069061
3,0.25,-0.45,1.8112000000000001,0.5468259880552392
3,0.25,-0.45,1.8128000000000002,0.5467260818451758
3,0.25,-0.45,1.8144,0.5466262687262414
3,0.25,-0.45,1.816,0.5465265485482758
3,0.25,-0.45,1.8176,0.5464269211614328
3,0.25,-0.45,1.8192000000000002,0.5463273864161798
3,0.25,-0.45,1.8208000000000002,0.5462279441632955
3,0.25,-0.45,1.8224,0.5461285942538703
3,0.25,-0.45,1.824,0.5460293365393049
3,0.25,-0.45,1.8256000000000001,0.5459301708713089
3,0.25,-0.45,1.8272000000000002,0.5458310971019013
3,0.25,-0.45,1.8288,0.545732115083408
3,0.25,-0.45,1.8304,0.5456332246684623
3,0.25,-0.45,1.832,0.5455344257100029
3,0.25,-0.45,1.8336000000000001,0.5454357180612738
3,0.25,-0.45,1.8352000000000002,0.5453371015758234
3,0.25,-0.45,1.8368,0.5452385761075033
3,0.25,-0.45,1.8384,0.5451401415104675
3,0.25,-0.45,1.84,0.5450417976391717
3,0.25,-0.45,1.8416000000000001,0.5449435443483723
3,0.25,-0.45,1.8432000000000002,0.5448453814931258
3,0.25,-0.45,1.8448,0.5447473089287876
3,0.25,-0.45,1.8464,0.5446493265110115
3,0.25,-0.45,1.848,0.5445514340957486
3,0.25,-0.45,1.8496000000000001,0.544453631539247
3,0.25,-0.45,1.8512000000000002,0.5443559186980499
3,0.25,-0.45,1.8528,0.5442582954289957
3,0.25,-0.45,1.8544,0.5441607615892172
3,0.25,-0.45,1.856,0.5440633170361403
3,0.25,-0.45,1.8576000000000001,0.5439659616274831
3,0.25,-0.45,1.8592000000000002,0.5438686952212557
3,0.25,-0.45,1.8608,0.5437715176757589
3,0.25,-0.45,1.8624,0.5436744288495837
3,0.25,-0.45,1.864,0.5435774286016101
3,0.25,-0.45,1.8656000000000001,0.5434805167910065
3,0.25,-0.45,1.8672000000000002,0.5433836932772292
3,0.25,-0.45,1.8688,0.5432869579200215
3,0.25,-0.45,1.8704,0.543190310579412
3,0.25,-0.45,1.872,0.5430937511157155
3,0.25,-0.45,1.8736000000000002,0.5429972793895307
3,0.25,-0.45,1.8752000000000002,0.5429008952617399
3,0.25,-0.45,1.8768,0.5428045985935087
3,0.25,-0.45,1.8784,0.5427083892462847
3,0.25,-0.45,1.8800000000000001,0.542612267081797
3,0.25,-0.45,1.8816000000000002,0.5425162319620549
3,0.25,-0.45,1.8832,0.5424202837493478
3,0.25,-0.45,1.8848,0.5423244223062443
3,0.25,-0.45,1.8864,0.5422286474955911
3,0.25,-0.45,1.8880000000000001,0.5421329591805123
3,0.25,-0.45,1.8896000000000002,0.542037357224409
3,0.25,-0.45,1.8912,0.5419418414909587
3,0.25,-0.45,1.8928,0.5418464118441135
3,0.25,-0.45,1.8944,0.5417510681481004
3,0.25,-0.45,1.8960000000000001,0.54165581026742
3,0.25,-0.45,1.8976000000000002,0.5415606380668463
3,0.25,-0.45,1.8992,0.5414655514114254
3,0.25,-0.45,1.9008,0.5413705501664747
3,0.25,-0.45,1.9024,0.541275634197583
3,0.25,-0.45,1.9040000000000001,0.5411808033706086
3,0.25,-0.45,1.9056000000000002,0.5410860575516797
3,0.25,-0.45,1.9072,0.540991396607193
3,0.25,-0.45,1.9088,0.540896820403813
3,0.25,-0.45,1.9104,0.5408023288084717
3,0.25,-0.45,1.9120000000000001,0.5407079216883673
3,0.25,-0.45,1.9136000000000002,0.5406135989109642
3,0.25,-0.45,1.9152,0.5405193603439912
3,0.25,-0.45,1.9168,0.540425205855442
3,0.25,-0.45,1.9184,0.5403311353135737
3,0.25,-0.45,1.9200000000000002,0.540237148586907
3,0.25,-0.45,1.9216000000000002,0.5401432455442237
3,0.25,-0.45,1.9232,0.5400494260545678
3,0.25,-0.45,1.9248,0.5399556899872446
3,0.25,-0.45,1.9264000000000001,0.5398620372118189
3,0.25,-0.45,1.9280000000000002,0.539768467598115
3,0.25,-0.45,1.9296,0.5396749810162165
3,0.25,-0.45,1.9312,0.5395815773364644
3,0.25,-0.45,1.9328,0.5394882564294576
3,0.25,-0.45,1.9344000000000001,0.5393950181660517
3,0.25,-0.45,1.9360000000000002,0.5393018624173582
3,0.25,-0.45,1.9376,0.5392087890547442
3,0.25,-0.45,1.9392,0.5391157979498314
3,0.25,-0.45,1.9408,0.5390228889744955
3,0.25,-0.45,1.9424000000000001,0.5389300620008655
3,0.25,-0.45,1.9440000000000002,0.5388373169013231
3,0.25,-0.45,1.9456,0.5387446535485021
3,0.25,-0.45,1.9472,0.5386520718152878
3,0.25,-0.45,1.9488,0.5385595715748163
3,0.25,-0.45,1.9504000000000001,0.5384671527004733
3,0.25,-0.45,1.9520000000000002,0.5383748150658945
3,0.25,-0.45,1.9536,0.5382825585449637
3,0.25,-0.45,1.9552,0.5381903830118135
3,0.25,-0.45,1.9568,0.5380982883408235
3,0.25,-0.45,1.9584000000000001,0.5380062744066203
3,0.25,-0.45,1.9600000000000002,0.5379143410840765
3,0.25,-0.45,1.9616,0.5378224882483105
3,0.25,-0.45,1.9632,0.5377307157746852
3,0.25,-0.45,1.9648,0.5376390235388082
3,0.25,-0.45,1.9664000000000001,0.5375474114165306
3,0.25,-0.45,1.9680000000000002,0.5374558792839462
3,0.25,-0.45,1.9696,0.5373644270173914
3,0.25,-0.45,1.9712,0.5372730544934446
3,0.25,-0.45,1.9728,0.5371817615889248
3,0.25,-0.45,1.9744000000000002,0.537090548180892
3,0.25,-0.45,1.9760000000000002,0.5369994141466455
3,0.25,-0.45,1.9776,0.5369083593637246
3,0.25,-0.45,1.9792,0.5368173837099065
3,0.25,-0.45,1.9808000000000001,0.5367264870632069
3,0.25,-0.45,1.9824000000000002,0.5366356693018787
3,0.25,-0.45,1.984,0.5365449303044115
3,0.25,-0.45,1.9856,0.5364542699495316
3,0.25,-0.45,1.9872,0.5363636881162004
3,0.25,-0.45,1.9888000000000001,0.5362731846836145
3,0.25,-0.45,1.9904000000000002,0.5361827595312048
3,0.25,-0.45,1.992,0.536092412538636
3,0.25,-0.45,1.9936,0.5360021435858063
3,0.25,-0.45,1.9952,0.5359119525528461
3,0.25,-0.45,1.9968000000000001,0.5358218393201178
3,0.25,-0.45,1.9984000000000002,0.5357318037682157
3,0.25,-0.45,2.0,0.5356418457779644
3,0.25,-0.45,2.0016000000000003,0.5355519652304188
3,0.25,-0.45,2.0032,0.5354621620068638
3,0.25,-0.45,2.0048,0.5353724359888135
3,0.25,-0.45,2.0064,0.5352827870580097
3,0.25,-0.45,2.008,0.5351932150964229
3,0.25,-0.45,2.0096000000000003,0.5351037199862507
3,0.25,-0.45,2.0112,0.5350143016099173
3,0.25,-0.45,2.0128,0.5349249598500734
3,0.25,-0.45,2.0144,0.534835694589595
3,0.25,-0.45,2.016,0.5347465057115834
3,0.25,-0.45,2.0176000000000003,0.5346573930993644
3,0.25,-0.45,2.0192,0.5345683566364877
3,0.25,-0.45,2.0208,0.5344793962067261
3,0.25,-0.45,2.0224,0.5343905116940756
3,0.25,-0.45,2.024,0.5343017029827544
3,0.25,-0.45,2.0256000000000003,0.5342129699572022
3,0.25,-0.45,2.0272,0.5341243125020799
3,0.25,-0.45,2.0288,0.5340357305022692
3,0.25,-0.45,2.0304,0.5339472238428711
3,0.25,-0.45,2.032,0.5338587924092072
3,0.25,-0.45,2.0336000000000003,0.5337704360868173
3,0.25,-0.45,2.0352,0.5336821547614596
3,0.25,-0.45,2.0368,0.5335939483191106
3,0.25,-0.45,2.0384,0.5335058166459635
3,0.25,-0.45,2.04,0.5334177596284289
3,0.25,-0.45,2.0416000000000003,0.533329777153133
3,0.25,-0.45,2.0432,0.5332418691069183
3,0.25,-0.45,2.0448,0.5331540353768423
3,0.25,-0.45,2.0464,0.5330662758501764
3,0.25,-0.45,2.048,0.5329785904144073
3,0.25,-0.45,2.0496000000000003,0.5328909789572343
3,0.25,-0.45,2.0512,0.5328034413665703
3,0.25,-0.45,2.0528,0.5327159775305407
3,0.25,-0.45,2.0544000000000002,0.5326285873374824
3,0.25,-0.45,2.056,0.532541270675944
3,0.25,-0.45,2.0576000000000003,0.5324540274346856
3,0.25,-0.45,2.0592,0.5323668575026768
3,0.25,-0.45,2.0608,0.5322797607690978
3,0.25,-0.45,2.0624000000000002,0.5321927371233378
3,0.25,-0.45,2.064,0.5321057864549952
3,0.25,-0.45,2.0656,0.5320189086538765
3,0.25,-0.45,2.0672,0.5319321036099963
3,0.25,-0.45,2.0688,0.5318453712135763
3,0.25,-0.45,2.0704000000000002,0.5317587113550454
3,0.25,-0.45,2.072,0.5316721239250384
3,0.25,-0.45,2.0736,0.5315856088143963
3,0.25,-0.45,2.0752,0.5314991659141655
3,0.25,-0.45,2.0768,0.5314127951155965
3,0.25,-0.45,2.0784000000000002,0.5313264963101452
3,0.25,-0.45,2.08,0.5312402693894703
3,0.25,-0.45,2.0816,0.5311541142454349
3,0.25,-0.45,2.0832,0.5310680307701041
3,0.25,-0.45,2.0848,0.5309820188557459
3,0.25,-0.45,2.0864000000000003,0.5308960783948299
3,0.25,-0.45,2.088,0.530810209280027
3,0.25,-0.45,2.0896,0.530724411404209
3,0.25,-0.45,2.0912,0.5306386846604485
3,0.25,-0.45,2.0928,0.5305530289420175
3,0.25,-0.45,2.0944000000000003,0.530467444142388
3,0.25,-0.45,2.096,0.5303819301552307
3,0.25,-0.45,2.0976,0.5302964868744144
3,0.25,-0.45,2.0992,0.5302111141940065
3,0.25,-0.45,2.1008,0.5301258120082717
3,0.25,-0.45,2.1024000000000003,0.5300405802116717
3,0.25,-0.45,2.104,0.5299554186988645
3,0.25,-0.45,2.1056,0.529870327364705
3,0.25,-0.45,2.1072,0.529785306104243
3,0.25,-0.45,2.1088,0.5297003548127236
3,0.25,-0.45,2.1104000000000003,0.5296154733855869
3,0.25,-0.45,2.112,0.5295306617184672
3,0.25,-0.45,2.1136,0.5294459197071923
3,0.25,-0.45,2.1152,0.5293612472477834
3,0.25,-0.45,2.1168,0.5292766442364547
3,0.25,-0.45,2.1184000000000003,0.5291921105696127
3,0.25,-0.45,2.12,0.5291076461438557
3,0.25,-0.45,2.1216,0.5290232508559737
3,0.25,-0.45,2.1232,0.5289389246029473
3,0.25,-0.45,2.1248,0.5288546672819484
3,0.25,-0.45,2.1264000000000003,0.5287704787903383
3,0.25,-0.45,2.128,0.5286863590256685
3,0.25,-0.45,2.1296,0.5286023078856794
3,0.25,-0.45,2.1312,0.5285183252683002
3,0.25,-0.45,2.1328,0.5284344110716485
3,0.25,-0.45,2.1344000000000003,0.5283505651940293
3,0.25,-0.45,2.136,0.528266787533936
3,0.25,-0.45,2.1376,0.528183077990048
3,0.25,-0.45,2.1392,0.5280994364612321
3,0.25,-0.45,2.1408,0.5280158628465405
3,0.25,-0.45,2.1424000000000003,0.5279323570452112
3,0.25,-0.45,2.144,0.5278489189566679
3,0.25,-0.45,2.1456,0.5277655484805185
3,0.25,-0.45,2.1472,0.5276822455165557
3,0.25,-0.45,2.1488,0.527599009964756
3,0.25,-0.45,2.1504000000000003,0.527515841725279
3,0.25,-0.45,2.152,0.5274327406984678
3,0.25,-0.45,2.1536,0.5273497067848482
3,0.25,-0.45,2.1552000000000002,0.5272667398851281
3,0.25,-0.45,2.1568,0.5271838399001967
3,0.25,-0.45,2.1584000000000003,0.5271010067311254
3,0.25,-0.45,2.16,0.527018240279166
3,0.25,-0.45,2.1616,0.5269355404457509
3,0.25,-0.45,2.1632000000000002,0.5268529071324924
3,0.25,-0.45,2.1648,0.5267703402411832
3,0.25,-0.45,2.1664000000000003,0.5266878396737943
3,0.25,-0.45,2.168,0.526605405332476
3,0.25,-0.45,2.1696,0.5265230371195572
3,0.25,-0.45,2.1712000000000002,0.5264407349375443
3,0.25,-0.45,2.1728,0.5263584986891217
3,0.25,-0.45,2.1744,0.5262763282771508
3,0.25,-0.45,2.176,0.5261942236046698
3,0.25,-0.45,2.1776,0.5261121845748933
3,0.25,-0.45,2.1792000000000002,0.5260302110912121
3,0.25,-0.45,2.1808,0.5259483030571919
3,0.25,-0.45,2.1824,0.5258664603765739
3,0.25,-0.45,2.184,0.5257846829532741
3,0.25,-0.45,2.1856,0.5257029706913829
3,0.25,-0.45,2.1872000000000003,0.5256213234951644
3,0.25,-0.45,2.1888,0.5255397412690564
3,0.25,-0.45,2.1904,0.5254582239176695
3,0.25,-0.45,2.192,0.5253767713457873
3,0.25,-0.45,2.1936,0.5252953834583659
3,0.25,-0.45,2.1952000000000003,0.525214060160533
3,0.25,-0.45,2.1968,0.5251328013575879
3,0.25,-0.45,2.1984,0.5250516069550012
3,0.25,-0.45,2.2,0.5249704768584144
3,0.25,-0.45,2.2016,0.5248894109736387
3,0.25,-0.45,2.2032000000000003,0.524808409206656
3,0.25,-0.45,2.2048,0.5247274714636172
3,0.25,-0.45,2.2064,0.524646597650843
3,0.25,-0.45,2.208,0.5245657876748224
3,0.25,-0.45,2.2096,0.5244850414422131
3,0.25,-0.45,2.2112000000000003,0.5244043588598407
3,0.25,-0.45,2.2128,0.5243237398346987
3,0.25,-0.45,2.2144,0.5242431842739473
3,0.25,-0.45,2.216,0.5241626920849143
3,0.25,-0.45,2.2176,0.5240822631750935
3,0.25,-0.45,2.2192000000000003,0.5240018974521453
3,0.25,-0.45,2.2208,0.5239215948238952
3,0.25,-0.45,2.2224,0.5238413551983347
3,0.25,-0.45,2.224,0.5237611784836201
3,0.25,-0.45,2.2256,0.5236810645880722
3,0.25,-0.45,2.2272000000000003,0.5236010134201762
3,0.25,-0.45,2.2288,0.5235210248885811
3,0.25,-0.45,2.2304,0.5234410989020996
3,0.25,-0.45,2.232,0.5233612353697072
3,0.25,-0.45,2.2336,0.5232814342005426
3,0.25,-0.45,2.2352000000000003,0.5232016953039067
3,0.25,-0.45,2.2368,0.5231220185892623
3,0.25,-0.45,2.2384,0.5230424039662344
3,0.25,-0.45,2.24,0.5229628513446085
3,0.25,-0.45,2.2416,0.5228833606343317
3,0.25,-0.45,2.2432000000000003,0.5228039317455114
3,0.25,-0.45,2.2448,0.5227245645884155
3,0.25,-0.45,2.2464,0.5226452590734714
3,0.25,-0.45,2.248,0.5225660151112662
3,0.25,-0.45,2.2496,0.5224868326125464
3,0.25,-0.45,2.2512000000000003,0.5224077114882165
3,0.25,-0.45,2.2528,0.5223286516493407
3,0.25,-0.45,2.2544,0.5222496530071401
3,0.25,-0.45,2.2560000000000002,0.5221707154729941
3,0.25,-0.45,2.2576,0.5220918389584396
3,0.25,-0.45,2.2592000000000003,0.5220130233751701
3,0.25,-0.45,2.2608,0.5219342686350361
3,0.25,-0.45,2.2624,0.5218555746500443
3,0.25,-0.45,2.2640000000000002,0.5217769413323573
3,0.25,-0.45,2.2656,0.5216983685942935
3,0.25,-0.45,2.2672000000000003,0.5216198563483265
3,0.25,-0.45,2.2688,0.521541404507085
3,0.25,-0.45,2.2704,0.5214630129833516
3,0.25,-0.45,2.2720000000000002,0.5213846816900644
3,0.25,-0.45,2.2736,0.5213064105403141
3,0.25,-0.45,2.2752,0.5212281994473462
3,0.25,-0.45,2.2768,0.5211500483245584
3,0.25,-0.45,2.2784,0.5210719570855018
3,0.25,-0.45,2.2800000000000002,0.5209939256438799
3,0.25,-0.45,2.2816,0.5209159539135485
3,0.25,-0.45,2.2832,0.5208380418085151
3,0.25,-0.45,2.2848,0.5207601892429391
3,0.25,-0.45,2.2864,0.5206823961311305
3,0.25,-0.45,2.2880000000000003,0.5206046623875509
3,0.25,-0.45,2.2896,0.520526987926812
3,0.25,-0.45,2.2912,0.5204493726636756
3,0.25,-0.45,2.2928,0.5203718165130536
3,0.25,-0.45,2.2944,0.5202943193900076
3,0.25,-0.45,2.2960000000000003,0.520216881209748
3,0.25,-0.45,2.2976,0.5201395018876342
3,0.25,-0.45,2.2992,0.5200621813391746
3,0.25,-0.45,2.3008,0.5199849194800252
3,0.25,-0.45,2.3024,0.5199077162259906
3,0.25,-0.45,2.3040000000000003,0.5198305714930223
3,0.25,-0.45,2.3056,0.5197534851972192
3,0.25,-0.45,2.3072,0.5196764572548276
3,0.25,-0.45,2.3088,0.5195994875822397
3,0.25,-0.45,2.3104,0.5195225760959947
3,0.25,-0.45,2.3120000000000003,0.5194457227127774
3,0.25,-0.45,2.3136,0.5193689273494184
3,0.25,-0.45,2.3152,0.5192921899228936
3,0.25,-0.45,2.3168,0.5192155103503238
3,0.25,-0.45,2.3184,0.5191388885489744
3,0.25,-0.45,2.3200000000000003,0.5190623244362558
3,0.25,-0.45,2.3216,0.518985817929722
3,0.25,-0.45,2.3232,0.5189093689470706
3,0.25,-0.45,2.3248,0.518832977406143
3,0.25,-0.45,2.3264,0.5187566432249235
3,0.25,-0.45,2.3280000000000003,0.5186803663215396
3,0.25,-0.45,2.3296,0.5186041466142606
3,0.25,-0.45,2.3312,0.5185279840214988
3,0.25,-0.45,2.3328,0.5184518784618082
3,0.25,-0.45,2.3344,0.5183758298538841
3,0.25,-0.45,2.3360000000000003,0.5182998381165631
3,0.25,-0.45,2.3376,0.5182239031688232
3,0.25,-0.45,2.3392,0.5181480249297825
3,0.25,-0.45,2.3408,0.5180722033187
3,0.25,-0.45,2.3424,0.5179964382549744
3,0.25,-0.45,2.3440000000000003,0.5179207296581444
3,0.25,-0.45,2.3456,0.517845077447888
3,0.25,-0.45,2.3472,0.5177694815440225
3,0.25,-0.45,2.3488,0.5176939418665039
3,0.25,-0.45,2.3504,0.517618458335427
3,0.25,-0.45,2.3520000000000003,0.5175430308710244
3,0.25,-0.45,2.3536,0.5174676593936673
3,0.25,-0.45,2.3552,0.5173923438238643
3,0.25,-0.45,2.3568000000000002,0.5173170840822613
3,0.25,-0.45,2.3584,0.5172418800896411
3,0.25,-0.45,2.3600000000000003,0.5171667317669237
3,0.25,-0.45,2.3616,0.5170916390351654
3,0.25,-0.45,2.3632,0.5170166018155586
3,0.25,-0.45,2.3648000000000002,0.5169416200294319
3,0.25,-0.45,2.3664,0.5168666935982491
3,0.25,-0.45,2.3680000000000003,0.5167918224436094
3,0.25,-0.45,2.3696,0.5167170064872476
3,0.25,-0.45,2.3712,0.5166422456510328
3,0.25,-0.45,2.3728000000000002,0.5165675398569683
3,0.25,-0.45,2.3744,0.5164928890271923
3,0.25,-0.45,2.3760000000000003,0.5164182930839762
3,0.25,-0.45,2.3776,0.5163437519497256
3,0.25,-0.45,2.3792,0.5162692655469785
3,0.25,-0.45,2.3808000000000002,0.5161948337984069
3,0.25,-0.45,2.3824,0.5161204566268153
3,0.25,-0.45,2.384,0.5160461339551403
3,0.25,-0.45,2.3856,0.5159718657064514
3,0.25,-0.45,2.3872,0.5158976518039491
3,0.25,-0.45,2.3888000000000003,0.515823492170966
3,0.25,-0.45,2.3904,0.5157493867309663
3,0.25,-0.45,2.392,0.515675335407545
3,0.25,-0.45,2.3936,0.5156013381244278
3,0.25,-0.45,2.3952,0.5155273948054709
3,0.25,-0.45,2.3968000000000003,0.5154535053746611
3,0.25,-0.45,2.3984,0.5153796697561146
3,0.25,-0.45,2.4,0.5153058878740779
3,0.25,-0.45,2.4016,0.5152321596529267
3,0.25,-0.45,2.4032,0.5151584850171655
3,0.25,-0.45,2.4048000000000003,0.5150848638914283
3,0.25,-0.45,2.4064,0.5150112962004769
3,0.25,-0.45,2.408,0.5149377818692022
3,0.25,-0.45,2.4096,0.5148643208226228
3,0.25,-0.45,2.4112,0.5147909129858848
3,0.25,-0.45,2.4128000000000003,0.5147175582842622
3,0.25,-0.45,2.4144,0.5146442566431565
3,0.25,-0.45,2.416,0.5145710079880957
3,0.25,-0.45,2.4176,0.5144978122447347
3,0.25,-0.45,2.4192,0.5144246693388548
3,0.25,-0.45,2.4208000000000003,0.5143515791963637
3,0.25,-0.45,2.4224,0.5142785417432946
3,0.25,-0.45,2.424,0.5142055569058065
3,0.25,-0.45,2.4256,0.5141326246101842
3,0.25,-0.45,2.4272,0.514059744782837
3,0.25,-0.45,2.4288000000000003,0.5139869173502996
3,0.25,-0.45,2.4304,0.5139141422392312
3,0.25,-0.45,2.432,0.513841419376415
3,0.25,-0.45,2.4336,0.5137687486887585
3,0.25,-0.45,2.4352,0.5136961301032934
3,0.25,-0.45,2.4368000000000003,0.5136235635471744
3,0.25,-0.45,2.4384,0.5135510489476797
3,0.25,-0.45,2.44,0.5134785862322108
3,0.25,-0.45,2.4416,0.5134061753282915
3,0.25,-0.45,2.4432,0.5133338161635687
3,0.25,-0.45,2.4448000000000003,0.5132615086658112
3,0.25,-0.45,2.4464,0.51318925276291
3,0.25,-0.45,2.448,0.513117048382878
3,0.25,-0.45,2.4496,0.5130448954538491
3,0.25,-0.45,2.4512,0.5129727939040792
3,0.25,-0.45,2.4528000000000003,0.5129007436619448
3,0.25,-0.45,2.4544,0.5128287446559433
3,0.25,-0.45,2.456,0.5127567968146923
3,0.25,-0.45,2.4576000000000002,0.5126849000669302
3,0.25,-0.45,2.4592,0.5126130543415152
3,0.25,-0.45,2.4608000000000003,0.5125412595674251
3,0.25,-0.45,2.4624,0.5124695156737575
3,0.25,-0.45,2.464,0.5123978225897292
3,0.25,-0.45,2.4656000000000002,0.5123261802446759
3,0.25,-0.45,2.4672,0.5122545885680521
3,0.25,-0.45,2.4688000000000003,0.5121830474894311
3,0.25,-0.45,2.4704,0.5121115569385043
3,0.25,-0.45,2.472,0.5120401168450811
3,0.25,-0.45,2.4736000000000002,0.511968727139089
3,0.25,-0.45,2.4752,0.5118973877505727
3,0.25,-0.45,2.4768000000000003,0.5118260986096944
3,0.25,-0.45,2.4784,0.5117548596467334
3,0.25,-0.45,2.48,0.5116836707920859
3,0.25,-0.45,2.4816000000000003,0.5116125319762646
3,0.25,-0.45,2.4832,0.5115414431298986
3,0.25,-0.45,2.4848,0.5114704041837331
3,0.25,-0.45,2.4864,0.5113994150686294
3,0.25,-0.45,2.488,0.5113284757155643
3,0.25,-0.45,2.4896000000000003,0.5112575860556298
3,0.25,-0.45,2.4912,0.5111867460200334
3,0.25,-0.45,2.4928,0.5111159555400974
3,0.25,-0.45,2.4944,0.5110452145472586
3,0.25,-0.45,2.496,0.510974522973069
3,0.25,-0.45,2.4976000000000003,0.510903880749194
3,0.25,-0.45,2.4992,0.5108332878074133
3,0.25,-0.45,2.5008,0.5107627440796207
3,0.25,-0.45,2.5024,0.5106922494978232
3,0.25,-0.45,2.504,0.510621803994141
3,0.25,-0.45,2.5056000000000003,0.5105514075008077
3,0.25,-0.45,2.5072,0.5104810599501696
3,0.25,-0.45,2.5088,0.5104107612746857
3,0.25,-0.45,2.5104,0.5103405114069272
3,0.25,-0.45,2.512,0.5102703102795776
3,0.25,-0.45,2.5136000000000003,0.5102001578254325
3,0.25,-0.45,2.5152,0.5101300539773989
3,0.25,-0.45,2.5168,0.5100599986684954
3,0.25,-0.45,2.5184,0.5099899918318518
3,0.25,-0.45,2.52,0.5099200334007091
3,0.25,-0.45,2.5216000000000003,0.509850123308419
3,0.25,-0.45,2.5232,0.5097802614884437
3,0.25,-0.45,2.5248,0.5097104478743558
3,0.25,-0.45,2.5264,0.5096406823998383
3,0.25,-0.45,2.528,0.5095709649986836
3,0.25,-0.45,2.5296000000000003,0.5095012956047944
3,0.25,-0.45,2.5312,0.509431674152182
3,0.25,-0.45,2.5328,0.5093621005749679
3,0.25,-0.45,2.5344,0.5092925748073821
3,0.25,-0.45,2.536,0.5092230967837633
3,0.25,-0.45,2.5376000000000003,0.5091536664385591
3,0.25,-0.45,2.5392,0.5090842837063254
3,0.25,-0.45,2.5408,0.509014948521726
3,0.25,-0.45,2.5424,0.508945660819533
3,0.25,-0.45,2.544,0.5088764205346259
3,0.25,-0.45,2.5456000000000003,0.5088072276019919
3,0.25,-0.45,2.5472,0.5087380819567255
3,0.25,-0.45,2.5488,0.5086689835340282
3,0.25,-0.45,2.5504000000000002,0.508599932269208
3,0.25,-0.45,2.552,0.5085309280976801
3,0.25,-0.45,2.5536000000000003,0.5084619709549657
3,0.25,-0.45,2.5552,0.5083930607766926
3,0.25,-0.45,2.5568,0.5083241974985941
3,0.25,-0.45,2.5584000000000002,0.5082553810565098
3,0.25,-0.45,2.56,0.5081866113863844
3,0.25,-0.45,2.5616000000000003,0.5081178884242685
3,0.25,-0.45,2.5632,0.5080492121063173
3,0.25,-0.45,2.5648,0.507980582368791
3,0.25,-0.45,2.5664000000000002,0.5079119991480546
3,0.25,-0.45,2.568,0.5078434623805783
3,0.25,-0.45,2.5696000000000003,0.5077749720029355
3,0.25,-0.45,2.5712,0.5077065279518046
3,0.25,-0.45,2.5728,0.5076381301639672
3,0.25,-0.45,2.5744000000000002,0.5075697785763091
3,0.25,-0.45,2.576,0.5075014731258193
3,0.25,-0.45,2.5776000000000003,0.50743321374959
3,0.25,-0.45,2.5792,0.5073650003848169
3,0.25,-0.45,2.5808,0.5072968329687982
3,0.25,-0.45,2.5824000000000003,0.5072287114389347
3,0.25,-0.45,2.584,0.5071606357327297
3,0.25,-0.45,2.5856000000000003,0.5070926057877893
3,0.25,-0.45,2.5872,0.5070246215418208
3,0.25,-0.45,2.5888,0.506956682932634
3,0.25,-0.45,2.5904000000000003,0.5068887898981398
3,0.25,-0.45,2.592,0.5068209423763511
3,0.25,-0.45,2.5936,0.5067531403053818
3,0.25,-0.45,2.5952,0.5066853836234465
3,0.25,-0.45,2.5968,0.5066176722688611
3,0.25,-0.45,2.5984000000000003,0.5065500061800421
3,0.25,-0.45,2.6,0.5064823852955064
3,0.25,-0.45,2.6016,0.5064148095538709
3,0.25,-0.45,2.6032,0.5063472788938527
3,0.25,-0.45,2.6048,0.5062797932542689
3,0.25,-0.45,2.6064000000000003,0.5062123525740361
3,0.25,-0.45,2.608,0.5061449567921703
3,0.25,-0.45,2.6096,0.5060776058477869
3,0.25,-0.45,2.6112,0.5060102996801005
3,0.25,-0.45,2.6128,0.5059430382284242
3,0.25,-0.45,2.6144000000000003,0.5058758214321698
3,0.25,-0.45,2.616,0.5058086492308477
3,0.25,-0.45,2.6176,0.5057415215640669
3,0.25,-0.45,2.6192,0.5056744383715341
3,0.25,-0.45,2.6208,0.505607399593054
3,0.25,-0.45,2.6224000000000003,0.5055404051685287
3,0.25,-0.45,2.624,0.5054734550379583
3,0.25,-0.45,2.6256,0.50540654914144
3,0.25,-0.45,2.6272,0.5053396874191685
3,0.25,-0.45,2.6288,0.5052728698114347
3,0.25,-0.45,2.6304000000000003,0.5052060962586268
3,0.25,-0.45,2.632,0.5051393667012295
3,0.25,-0.45,2.6336,0.5050726810798237
3,0.25,-0.45,2.6352,0.5050060393350867
3,0.25,-0.45,2.6368,0.5049394414077916
3,0.25,-0.45,2.6384000000000003,0.5048728872388074
3,0.25,-0.45,2.64,0.5048063767690987
3,0.25,-0.45,2.6416,0.5047399099397256
3,0.25,-0.45,2.6432,0.5046734866918433
3,0.25,-0.45,2.6448,0.5046071069667022
3,0.25,-0.45,2.6464000000000003,0.5045407707056476
3,0.25,-0.45,2.648,0.5044744778501193
3,0.25,-0.45,2.6496,0.504408228341652
3,0.25,-0.45,2.6512000000000002,0.5043420221218741
3,0.25,-0.45,2.6528,0.5042758591325086
3,0.25,-0.45,2.6544000000000003,0.5042097393153724
3,0.25,-0.45,2.656,0.5041436626123762
3,0.25,-0.45,2.6576,0.5040776289655241
3,0.25,-0.45,2.6592000000000002,0.504011638316914
3,0.25,-0.45,2.6608,0.5039456906087364
3,0.25,-0.45,2.6624000000000003,0.5038797857832753
3,0.25,-0.45,2.664,0.5038139237829077
3,0.25,-0.45,2.6656,0.5037481045501028
3,0.25,-0.45,2.6672000000000002,0.5036823280274226
3,0.25,-0.45,2.6688,0.5036165941575215
3,0.25,-0.45,2.6704000000000003,0.5035509028831459
3,0.25,-0.45,2.672,0.5034852541471341
3,0.25,-0.45,2.6736,0.5034196478924164
3,0.25,-0.45,2.6752000000000002,0.5033540840620147
3,0.25,-0.45,2.6768,0.5032885625990422
3,0.25,-0.45,2.6784000000000003,0.5032230834467034
3,0.25,-0.45,2.68,0.503157646548294
3,0.25,-0.45,2.6816,0.5030922518472003
3,0.25,-0.45,2.6832000000000003,0.5030268992868996
3,0.25,-0.45,2.6848,0.5029615888109598
3,0.25,-0.45,2.6864000000000003,0.502896320363039
3,0.25,-0.45,2.688,0.5028310938868858
3,0.25,-0.45,2.6896,0.5027659093263385
3,0.25,-0.45,2.6912000000000003,0.5027007666253254
3,0.25,-0.45,2.6928,0.5026356657278646
3,0.25,-0.45,2.6944000000000004,0.5025706065780632
3,0.25,-0.45,2.696,0.5025055891201183
3,0.25,-0.45,2.6976,0.5024406132983161
3,0.25,-0.45,2.6992000000000003,0.5023756790570315
3,0.25,-0.45,2.7008,0.5023107863407285
3,0.25,-0.45,2.7024,0.5022459350939592
3,0.25,-0.45,2.704,0.5021811252613649
3,0.25,-0.45,2.7056,0.5021163567876749
3,0.25,-0.45,2.7072000000000003,0.5020516296177066
3,0.25,-0.45,2.7088,0.5019869436963654
3,0.25,-0.45,2.7104,0.5019222989686448
3,0.25,-0.45,2.712,0.5018576953796257
3,0.25,-0.45,2.7136,0.5017931328744764
3,0.25,-0.45,2.7152000000000003,0.5017286113984525
3,0.25,-0.45,2.7168,0.501664130896897
3,0.25,-0.45,2.7184,0.5015996913152397
3,0.25,-0.45,2.72,0.5015352925989974
3,0.25,-0.45,2.7216,0.501470934693773
3,0.25,-0.45,2.7232000000000003,0.5014066175452566
3,0.25,-0.45,2.7248,0.5013423410992243
3,0.25,-0.45,2.7264,0.501278105301538
3,0.25,-0.45,2.728,0.5012139100981462
3,0.25,-0.45,2.7296,0.501149755435083
3,0.25,-0.45,2.7312000000000003,0.501085641258468
3,0.25,-0.45,2.7328,0.5010215675145062
3,0.25,-0.45,2.7344,0.5009575341494884
3,0.25,-0.45,2.736,0.50089354110979
3,0.25,-0.45,2.7376,0.5008295883418721
3,0.25,-0.45,2.7392000000000003,0.50076567579228
3,0.25,-0.45,2.7408,0.500701803407644
3,0.25,-0.45,2.7424,0.5006379711346791
3,0.25,-0.45,2.744,0.5005741789201843
3,0.25,-0.45,2.7456,0.5005104267110427
3,0.25,-0.45,2.7472000000000003,0.500446714454222
3,0.25,-0.45,2.7488,0.5003830420967732
3,0.25,-0.45,2.7504,0.5003194095858315
3,0.25,-0.45,2.7520000000000002,0.5002558168686155
3,0.25,-0.45,2.7536,0.500192263892427
3,0.25,-0.45,2.7552000000000003,0.5001287506046515
3,0.25,-0.45,2.7568,0.500065276952757
3,0.25,-0.45,2.7584,0.5000018428842951
3,0.25,-0.45,2.7600000000000002,0.4999384483468997
3,0.25,-0.45,2.7616,0.49987509328828755
3,0.25,-0.45,2.7632000000000003,0.49981177765625767
3,0.25,-0.45,2.7648,0.49974850139869165
3,0.25,-0.45,2.7664,0.49968526446355316
3,0.25,-0.45,2.7680000000000002,0.49962206679888765
3,0.25,-0.45,2.7696,0.4995589083528227
3,0.25,-0.45,2.7712000000000003,0.4994957890735674
3,0.25,-0.45,2.7728,0.49943270890941266
3,0.25,-0.45,2.7744,0.4993696678087305
3,0.25,-0.45,2.7760000000000002,0.4993066657199742
3,0.25,-0.45,2.7776,0.4992437025916781
3,0.25,-0.45,2.7792000000000003,0.4991807783724577
3,0.25,-0.45,2.7808,0.4991178930110091
3,0.25,-0.45,2.7824,0.49905504645610904
3,0.25,-0.45,2.7840000000000003,0.4989922386566148
3,0.25,-0.45,2.7856,0.49892946956146383
3,0.25,-0.45,2.7872000000000003,0.49886673911967405
3,0.25,-0.45,2.7888,0.49880404728034294
3,0.25,-0.45,2.7904,0.49874139399264833
3,0.25,-0.45,2.7920000000000003,0.4986787792058474
3,0.25,-0.45,2.7936,0.49861620286927727
3,0.25,-0.45,2.7952000000000004,0.4985536649323541
3,0.25,-0.45,2.7968,0.49849116534457366
3,0.25,-0.45,2.7984,0.4984287040555106
3,0.25,-0.45,2.8000000000000003,0.49836628101481867
3,0.25,-0.45,2.8016,0.4983038961722305
3,0.25,-0.45,2.8032,0.4982415494775573
3,0.25,-0.45,2.8048,0.49817924088068877
3,0.25,-0.45,2.8064,0.49811697033159325
3,0.25,-0.45,2.8080000000000003,0.4980547377803171
3,0.25,-0.45,2.8096,0.4979925431769849
3,0.25,-0.45,2.8112,0.497930386471799
3,0.25,-0.45,2.8128,0.4978682676150397
3,0.25,-0.45,2.8144,0.49780618655706504
3,0.25,-0.45,2.8160000000000003,0.49774414324831046
3,0.25,-0.45,2.8176,0.49768213763928887
3,0.25,-0.45,2.8192,0.4976201696805903
3,0.25,-0.45,2.8208,0.49755823932288185
3,0.25,-0.45,2.8224,0.4974963465169077
3,0.25,-0.45,2.8240000000000003,0.49743449121348876
3,0.25,-0.45,2.8256,0.49737267336352264
3,0.25,-0.45,2.8272,0.4973108929179834
3,0.25,-0.45,2.8288,0.4972491498279216
3,0.25,-0.45,2.8304,0.49718744404446386
3,0.25,-0.45,2.8320000000000003,0.4971257755188129
3,0.25,-0.45,2.8336,0.4970641442022474
3,0.25,-0.45,2.8352,0.49700255004612215
3,0.25,-0.45,2.8368,0.49694099300186734
3,0.25,-0.45,2.8384,0.4968794730209886
3,0.25,-0.45,2.8400000000000003,0.49681799005506716
3,0.25,-0.45,2.8416,0.4967565440557593
3,0.25,-0.45,2.8432,0.4966951349747966
3,0.25,-0.45,2.8448,0.49663376276398563
3,0.25,-0.45,2.8464,0.4965724273752076
3,0.25,-0.45,2.8480000000000003,0.4965111287604186
3,0.25,-0.45,2.8496,0.4964498668716491
3,0.25,-0.45,2.8512,0.49638864166100416
3,0.25,-0.45,2.8528000000000002,0.496327453080663
3,0.25,-0.45,2.8544,0.49626630108287906
3,0.25,-0.45,2.8560000000000003,0.4962051856199797
3,0.25,-0.45,2.8576,0.4961441066443665
3,0.25,-0.45,2.8592,0.4960830641085141
3,0.25,-0.45,2.8608000000000002,0.49602205796497145
3,0.25,-0.45,2.8624,0.4959610881663606
3,0.25,-0.45,2.8640000000000003,0.49590015466537696
3,0.25,-0.45,2.8656,0.4958392574147892
3,0.25,-0.45,2.8672,0.4957783963674389
3,0.25,-0.45,2.8688000000000002,0.4957175714762408
3,0.25,-0.45,2.8704,0.4956567826941823
3,0.25,-0.45,2.8720000000000003,0.4955960299743235
3,0.25,-0.45,2.8736,0.495535313269797
3,0.25,-0.45,2.8752,0.49547463253380786
3,0.25,-0.45,2.8768000000000002,0.4954139877196333
3,0.25,-0.45,2.8784,0.4953533787806227
3,0.25,-0.45,2.8800000000000003,0.49529280567019746
3,0.25,-0.45,2.8816,0.4952322683418509
3,0.25,-0.45,2.8832,0.49517176674914803
3,0.25,-0.45,2.8848000000000003,0.4951113008457254
3,0.25,-0.45,2.8864,0.4950508705852911
3,0.25,-0.45,2.8880000000000003,0.4949904759216245
3,0.25,-0.45,2.8896,0.49493011680857624
3,0.25,-0.45,2.8912,0.4948697932000681
3,0.25,-0.45,2.8928000000000003,0.4948095050500926
3,0.25,-0.45,2.8944,0.4947492523127133
3,0.25,-0.45,2.8960000000000004,0.4946890349420644
3,0.25,-0.45,2.8976,0.4946288528923506
3,0.25,-0.45,2.8992,0.49456870611784703
3,0.25,-0.45,2.9008000000000003,0.49450859457289925
3,0.25,-0.45,2.9024,0.4944485182119228
3,0.25,-0.45,2.9040000000000004,0.4943884769894036
3,0.25,-0.45,2.9056,0.49432847085989706
3,0.25,-0.45,2.9072,0.49426849977802867
3,0.25,-0.45,2.9088000000000003,0.4942085636984936
3,0.25,-0.45,2.9104,0.49414866257605633
3,0.25,-0.45,2.912,0.49408879636555103
3,0.25,-0.45,2.9136,0.49402896502188104
3,0.25,-0.45,2.9152,0.4939691685000188
3,0.25,-0.45,2.9168000000000003,0.493909406755006
3,0.25,-0.45,2.9184,0.4938496797419529
3,0.25,-0.45,2.92,0.4937899874160388
3,0.25,-0.45,2.9216,0.4937303297325117
3,0.25,-0.45,2.9232,0.4936707066466881
3,0.25,-0.45,2.9248000000000003,0.49361111811395275
3,0.25,-0.45,2.9264,0.4935515640897588
3,0.25,-0.45,2.928,0.4934920445296277
3,0.25,-0.45,2.9296,0.49343255938914876
3,0.25,-0.45,2.9312,0.49337310862397926
3,0.25,-0.45,2.9328000000000003,0.4933136921898443
3,0.25,-0.45,2.9344,0.4932543100425366
3,0.25,-0.45,2.936,0.4931949621379165
3,0.25,-0.45,2.9376,0.4931356484319118
3,0.25,-0.45,2.9392,0.4930763688805176
3,0.25,-0.45,2.9408000000000003,0.49301712343979603
3,0.25,-0.45,2.9424,0.4929579120658765
3,0.25,-0.45,2.944,0.4928987347149554
3,0.25,-0.45,2.9456,0.4928395913432956
3,0.25,-0.45,2.9472,0.49278048190722695
3,0.25,-0.45,2.9488000000000003,0.492721406363146
3,0.25,-0.45,2.9504,0.49266236466751545
3,0.25,-0.45,2.952,0.4926033567768645
3,0.25,-0.45,2.9536000000000002,0.49254438264778866
3,0.25,-0.45,2.9552,0.49248544223694934
3,0.25,-0.45,2.9568000000000003,0.4924265355010742
3,0.25,-0.45,2.9584,0.4923676623969565
3,0.25,-0.45,2.96,0.4923088228814555
3,0.25,-0.45,2.9616000000000002,0.49225001691149595
3,0.25,-0.45,2.9632,0.49219124444406803
3,0.25,-0.45,2.9648000000000003,0.49213250543622766
3,0.25,-0.45,2.9664,0.4920737998450957
3,0.25,-0.45,2.968,0.49201512762785826
3,0.25,-0.45,2.9696000000000002,0.4919564887417666
3,0.25,-0.45,2.9712,0.4918978831441368
3,0.25,-0.45,2.9728000000000003,0.4918393107923497
3,0.25,-0.45,2.9744,0.491780771643851
3,0.25,-0.45,2.976,0.491722265656151
3,0.25,-0.45,2.9776000000000002,0.4916637927868243
3,0.25,-0.45,2.9792,0.49160535299350994
3,0.25,-0.45,2.9808000000000003,0.49154694623391126
3,0.25,-0.45,2.9824,0.4914885724657955
3,0.25,-0.45,2.984,0.49143023164699423
3,0.25,-0.45,2.9856000000000003,0.49137192373540267
3,0.25,-0.45,2.9872,0.4913136486889799
3,0.25,-0.45,2.9888000000000003,0.49125540646574867
3,0.25,-0.45,2.9904,0.49119719702379533
3,0.25,-0.45,2.992,0.49113902032126955
3,0.25,-0.45,2.9936000000000003,0.4910808763163845
3,0.25,-0.45,2.9952,0.49102276496741626
3,0.25,-0.45,2.9968000000000004,0.49096468623270434
3,0.25,-0.45,2.9984,0.49090664007065105
3,0.25,-0.45,3.0,0.49084862643972166
3,0.25,-0.45,3.0016000000000003,0.49079064529844424
3,0.25,-0.45,3.0032,0.49073269660540936
3,0.25,-0.45,3.0048000000000004,0.49067478031927025
3,0.25,-0.45,3.0064,0.4906168963987425
3,0.25,-0.45,3.008,0.49055904480260415
3,0.25,-0.45,3.0096000000000003,0.49050122548969527
3,0.25,-0.45,3.0112,0.49044343841891813
3,0.25,-0.45,3.0128,0.49038568354923706
3,0.25,-0.45,3.0144,0.4903279608396781
3,0.25,-0.45,3.016,0.4902702702493292
3,0.25,-0.45,3.0176000000000003,0.49021261173733977
3,0.25,-0.45,3.0192,0.4901549852629212
3,0.25,-0.45,3.0208,0.4900973907853457
3,0.25,-0.45,3.0224,0.4900398282639475
3,0.25,-0.45,3.024,0.4899822976581214
3,0.25,-0.45,3.0256000000000003,0.4899247989273238
3,0.25,-0.45,3.0272,0.4898673320310718
3,0.25,-0.45,3.0288,0.48980989692894356
3,0.25,-0.45,3.0304,0.48975249358057804
3,0.25,-0.45,3.032,0.4896951219456748
3,0.25,-0.45,3.0336000000000003,0.48963778198399416
3,0.25,-0.45,3.0352,0.4895804736553566
3,0.25,-0.45,3.0368,0.4895231969196432
3,0.25,-0.45,3.0384,0.4894659517367952
3,0.25,-0.45,3.04,0.48940873806681406
3,0.25,-0.45,3.0416000000000003,0.4893515558697612
3,0.25,-0.45,3.0432,0.4892944051057581
3,0.25,-0.45,3.0448,0.48923728573498604
3,0.25,-0.45,3.0464,0.48918019771768595
3,0.25,-0.45,3.048,0.4891231410141584
3,0.25,-0.45,3.0496000000000003,0.4890661155847634
3,0.25,-0.45,3.0512,0.4890091213899206
3,0.25,-0.45,3.0528,0.48895215839010897
3,0.25,-0.45,3.0544000000000002,0.48889522654586637
3,0.25,-0.45,3.056,0.4888383258177899
3,0.25,-0.45,3.0576000000000003,0.48878145616653584
3,0.25,-0.45,3.0592,0.48872461755281926
3,0.25,-0.45,3.0608,0.4886678099374139
3,0.25,-0.45,3.0624000000000002,0.48861103328115224
3,0.25,-0.45,3.064,0.48855428754492547
3,0.25,-0.45,3.0656000000000003,0.48849757268968313
3,0.25,-0.45,3.0672,0.4884408886764332
3,0.25,-0.45,3.0688,0.48838423546624193
3,0.25,-0.45,3.0704000000000002,0.48832761302023375
3,0.25,-0.45,3.072,0.4882710212995911
3,0.25,-0.45,3.0736000000000003,0.48821446026555454
3,0.25,-0.45,3.0752,0.48815792987942236
3,0.25,-0.45,3.0768,0.4881014301025505
3,0.25,-0.45,3.0784000000000002,0.48804496089635296
3,0.25,-0.45,3.08,0.48798852222230094
3,0.25,-0.45,3.0816000000000003,0.4879321140419234
3,0.25,-0.45,3.0832,0.48787573631680625
3,0.25,-0.45,3.0848,0.48781938900859323
3,0.25,-0.45,3.0864000000000003,0.4877630720789848
3,0.25,-0.45,3.088,0.4877067854897386
3,0.25,-0.45,3.0896000000000003,0.4876505292026694
3,0.25,-0.45,3.0912,0.4875943031796485
3,0.25,-0.45,3.0928,0.48753810738260445
3,0.25,-0.45,3.0944000000000003,0.48748194177352205
3,0.25,-0.45,3.096,0.4874258063144428
3,0.25,-0.45,3.0976000000000004,0.48736970096746474
3,0.25,-0.45,3.0992,0.4873136256947421
3,0.25,-0.45,3.1008,0.48725758045848583
3,0.25,-0.45,3.1024000000000003,0.48720156522096253
3,0.25,-0.45,3.104,0.4871455799444951
3,0.25,-0.45,3.1056000000000004,0.48708962459146254
3,0.25,-0.45,3.1072,0.48703369912429956
3,0.25,-0.45,3.1088,0.4869778035054968
3,0.25,-0.45,3.1104000000000003,0.4869219376976005
3,0.25,-0.45,3.112,0.48686610166321254
3,0.25,-0.45,3.1136000000000004,0.48681029536499026
3,0.25,-0.45,3.1152,0.4867545187656464
3,0.25,-0.45,3.1168,0.486698771827949
3,0.25,-0.45,3.1184000000000003,0.48664305451472145
3,0.25,-0.45,3.12,0.4865873667888421
3,0.25,-0.45,3.1216,0.48653170861324435
3,0.25,-0.45,3.1232,0.48647607995091646
3,0.25,-0.45,3.1248,0.4864204807649018
3,0.25,-0.45,3.1264000000000003,0.4863649110182982
3,0.25,-0.45,3.128,0.4863093706742583
3,0.25,-0.45,3.1296,0.486253859695989
3,0.25,-0.45,3.1312,0.48619837804675203
3,0.25,-0.45,3.1328,0.48614292568986317
3,0.25,-0.45,3.1344000000000003,0.48608750258869277
3,0.25,-0.45,3.136,0.486032108706665
3,0.25,-0.45,3.1376,0.4859767440072585
3,0.25,-0.45,3.1392,0.4859214084540055
3,0.25,-0.45,3.1408,0.4858661020104924
3,0.25,-0.45,3.1424000000000003,0.4858108246403593
3,0.25,-0.45,3.144,0.48575557630729993
3,0.25,-0.45,3.1456,0.48570035697506175
3,0.25,-0.45,3.1472,0.4856451666074458
3,0.25,-0.45,3.1488,0.48559000516830636
3,0.25,-0.45,3.1504000000000003,0.48553487262155104
3,0.25,-0.45,3.152,0.4854797689311411
3,0.25,-0.45,3.1536,0.48542469406109034
3,0.25,-0.45,3.1552000000000002,0.48536964797546617
3,0.25,-0.45,3.1568,0.48531463063838853
3,0.25,-0.45,3.1584000000000003,0.48525964201403055
3,0.25,-0.45,3.16,0.485204682066618
3,0.25,-0.45,3.1616,0.48514975076042943
3,0.25,-0.45,3.1632000000000002,0.485094848059796
3,0.25,-0.45,3.1648,0.48503997392910125
3,0.25,-0.45,3.1664000000000003,0.4849851283327814
3,0.25,-0.45,3.168,0.48493031123532465
3,0.25,-0.45,3.1696,0.48487552260127187
3,0.25,-0.45,3.1712000000000002,0.4848207623952158
3,0.25,-0.45,3.1728,0.48476603058180123
3,0.25,-0.45,3.1744000000000003,0.4847113271257251
3,0.25,-0.45,3.176,0.48465665199173624
3,0.25,-0.45,3.1776,0.48460200514463503
3,0.25,-0.45,3.1792000000000002,0.4845473865492739
3,0.25,-0.45,3.1808,0.4844927961705567
3,0.25,-0.45,3.1824000000000003,0.4844382339734388
3,0.25,-0.45,3.184,0.48438369992292735
3,0.25,-0.45,3.1856,0.48432919398408025
3,0.25,-0.45,3.1872000000000003,0.4842747161220073
3,0.25,-0.45,3.1888,0.4842202663018691
3,0.25,-0.45,3.1904000000000003,0.48416584448887745
3,0.25,-0.45,3.192,0.4841114506482952
3,0.25,-0.45,3.1936,0.4840570847454361
3,0.25,-0.45,3.1952000000000003,0.48400274674566474
3,0.25,-0.45,3.1968,0.4839484366143965
3,0.25,-0.45,3.1984000000000004,0.48389415431709737
3,0.25,-0.45,3.2,0.4838398998192839
3,0.25,-0.45,3.2016,0.48378567308652326
3,0.25,-0.45,3.2032000000000003,0.4837314740844328
3,0.25,-0.45,3.2048,0.48367730277868054
3,0.25,-0.45,3.2064000000000004,0.4836231591349844
3,0.25,-0.45,3.208,0.4835690431191125
3,0.25,-0.45,3.2096,0.48351495469688327
3,0.25,-0.45,3.2112000000000003,0.48346089383416485
3,0.25,-0.45,3.2128,0.48340686049687537
3,0.25,-0.45,3.2144000000000004,0.48335285465098277
3,0.25,-0.45,3.216,0.4832988762625048
3,0.25,-0.45,3.2176,0.48324492529750884
3,0.25,-0.45,3.2192000000000003,0.48319100172211166
3,0.25,-0.45,3.2208,0.4831371055024796
3,0.25,-0.45,3.2224000000000004,0.48308323660482844
3,0.25,-0.45,3.224,0.48302939499542324
3,0.25,-0.45,3.2256,0.4829755806405783
3,0.25,-0.45,3.2272000000000003,0.482921793506657
3,0.25,-0.45,3.2288,0.4828680335600719
3,0.25,-0.45,3.2304,0.48281430076728427
3,0.25,-0.45,3.232,0.4827605950948046
3,0.25,-0.45,3.2336,0.48270691650919195
3,0.25,-0.45,3.2352000000000003,0.48265326497705424
3,0.25,-0.45,3.2368,0.482599640465048
3,0.25,-0.45,3.2384,0.4825460429398782
3,0.25,-0.45,3.24,0.4824924723682985
3,0.25,-0.45,3.2416,0.48243892871711086
3,0.25,-0.45,3.2432000000000003,0.4823854119531654
3,0.25,-0.45,3.2448,0.4823319220433608
3,0.25,-0.45,3.2464,0.4822784589546436
3,0.25,-0.45,3.248,0.4822250226540085
3,0.25,-0.45,3.2496,0.4821716131084984
3,0.25,-0.45,3.2512000000000003,0.4821182302852037
3,0.25,-0.45,3.2528,0.4820648741512631
3,0.25,-0.45,3.2544,0.48201154467386265
3,0.25,-0.45,3.2560000000000002,0.4819582418202362
3,0.25,-0.45,3.2576,0.48190496555766527
3,0.25,-0.45,3.2592000000000003,0.48185171585347886
3,0.25,-0.45,3.2608,0.4817984926750533
3,0.25,-0.45,3.2624,0.4817452959898125
3,0.25,-0.45,3.2640000000000002,0.4816921257652273
3,0.25,-0.45,3.2656,0.481638981968816
3,0.25,-0.45,3.2672000000000003,0.48158586456814384
3,0.25,-0.45,3.2688,0.48153277353082324
3,0.25,-0.45,3.2704,0.48147970882451346
3,0.25,-0.45,3.2720000000000002,0.4814266704169207
3,0.25,-0.45,3.2736,0.481373658275798
3,0.25,-0.45,3.2752000000000003,0.481320672368945
3,0.25,-0.45,3.2768,0.4812677126642079
3,0.25,-0.45,3.2784,0.4812147791294798
3,0.25,-0.45,3.2800000000000002,0.4811618717327
3,0.25,-0.45,3.2816,0.4811089904418542
3,0.25,-0.45,3.2832000000000003,0.4810561352249746
3,0.25,-0.45,3.2848,0.48100330605013947
3,0.25,-0.45,3.2864,0.4809505028854734
3,0.25,-0.45,3.2880000000000003,0.48089772569914696
3,0.25,-0.45,3.2896,0.48084497445937685
3,0.25,-0.45,3.2912000000000003,0.48079224913442564
3,0.25,-0.45,3.2928,0.48073954969260174
3,0.25,-0.45,3.2944,0.4806868761022594
3,0.25,-0.45,3.2960000000000003,0.4806342283317986
3,0.25,-0.45,3.2976,0.48058160634966474
3,0.25,-0.45,3.2992000000000004,0.4805290101243491
3,0.25,-0.45,3.3008,0.4804764396243884
3,0.25,-0.45,3.3024,0.48042389481836456
3,0.25,-0.45,3.3040000000000003,0.4803713756749049
3,0.25,-0.45,3.3056,0.48031888216268204
3,0.25,-0.45,3.3072000000000004,0.4802664142504139
3,0.25,-0.45,3.3088,0.48021397190686327
3,0.25,-0.45,3.3104,0.480161555100838
3,0.25,-0.45,3.3120000000000003,0.4801091638011912
3,0.25,-0.45,3.3136,0.48005679797682055
3,0.25,-0.45,3.3152000000000004,0.48000445759666865
3,0.25,-0.45,3.3168,0.47995214262972263
3,0.25,-0.45,3.3184,0.47989985304501465
3,0.25,-0.45,3.3200000000000003,0.4798475888116212
3,0.25,-0.45,3.3216,0.4797953498986633
3,0.25,-0.45,3.3232000000000004,0.47974313627530646
3,0.25,-0.45,3.3248,0.4796909479107605
3,0.25,-0.45,3.3264,0.4796387847742796
3,0.25,-0.45,3.3280000000000003,0.4795866468351621
3,0.25,-0.45,3.3296,0.47953453406275054
3,0.25,-0.45,3.3312,0.47948244642643145
3,0.25,-0.45,3.3328,0.47943038389563536
3,0.25,-0.45,3.3344,0.4793783464398368
3,0.25,-0.45,3.3360000000000003,0.4793263340285541
3,0.25,-0.45,3.3376,0.4792743466313494
3,0.25,-0.45,3.3392,0.4792223842178283
3,0.25,-0.45,3.3408,0.4791704467576405
3,0.25,-0.45,3.3424,0.4791185342204789
3,0.25,-0.45,3.3440000000000003,0.47906664657607995
3,0.25,-0.45,3.3456,0.47901478379422363
3,0.25,-0.45,3.3472,0.4789629458447332
3,0.25,-0.45,3.3488,0.47891113269747504
3,0.25,-0.45,3.3504,0.47885934432235894
3,0.25,-0.45,3.3520000000000003,0.4788075806893379
3,0.25,-0.45,3.3536,0.4787558417684076
3,0.25,-0.45,3.3552,0.478704127529607
3,0.25,-0.45,3.3568000000000002,0.4786524379430181
3,0.25,-0.45,3.3584,0.47860077297876535
3,0.25,-0.45,3.3600000000000003,0.47854913260701637
3,0.25,-0.45,3.3616,0.47849751679798114
3,0.25,-0.45,3.3632,0.47844592552191245
3,0.25,-0.45,3.3648000000000002,0.4783943587491057
3,0.25,-0.45,3.3664,0.47834281644989873
3,0.25,-0.45,3.3680000000000003,0.47829129859467184
3,0.25,-0.45,3.3696,0.4782398051538476
3,0.25,-0.45,3.3712,0.47818833609789085
3,0.25,-0.45,3.3728000000000002,0.47813689139730875
3,0.25,-0.45,3.3744,0.4780854710226506
3,0.25,-0.45,3.3760000000000003,0.47803407494450767
3,0.25,-0.45,3.3776,0.4779827031335134
3,0.25,-0.45,3.3792,0.47793135556034294
3,0.25,-0.45,3.3808000000000002,0.4778800321957135
3,0.25,-0.45,3.3824,0.4778287330103841
3,0.25,-0.45,3.3840000000000003,0.4777774579751553
3,0.25,-0.45,3.3856,0.4777262070608696
3,0.25,-0.45,3.3872,0.4776749802384109
3,0.25,-0.45,3.3888000000000003,0.47762377747870455
3,0.25,-0.45,3.3904,0.4775725987527176
3,0.25,-0.45,3.3920000000000003,0.4775214440314584
3,0.25,-0.45,3.3936,0.47747031328597644
3,0.25,-0.45,3.3952,0.47741920648736275
3,0.25,-0.45,3.3968000000000003,0.4773681236067494
3,0.25,-0.45,3.3984,0.47731706461530965
3,0.25,-0.45,3.4000000000000004,0.4772660294842578
3,0.25,-0.45,3.4016,0.47721501818484896
3,0.25,-0.45,3.4032,0.4771640306883793
3,0.25,-0.45,3.4048000000000003,0.47711306696618605
3,0.25,-0.45,3.4064,0.47706212698964684
3,0.25,-0.45,3.4080000000000004,0.4770112107301803
3,0.25,-0.45,3.4096,0.4769603181592456
3,0.25,-0.45,3.4112,0.4769094492483425
3,0.25,-0.45,3.4128000000000003,0.4768586039690113
3,0.25,-0.45,3.4144,0.47680778229283266
3,0.25,-0.45,3.4160000000000004,0.47675698419142787
3,0.25,-0.45,3.4176,0.4767062096364583
3,0.25,-0.45,3.4192,0.47665545859962577
3,0.25,-0.45,3.4208000000000003,0.4766047310526721
3,0.25,-0.45,3.4224,0.47655402696737925
3,0.25,-0.45,3.4240000000000004,0.47650334631556945
3,0.25,-0.45,3.4256,0.47645268906910476
3,0.25,-0.45,3.4272,0.4764020551998872
3,0.25,-0.45,3.4288000000000003,0.4763514446798587
3,0.25,-0.45,3.4304,0.47630085748100087
3,0.25,-0.45,3.4320000000000004,0.47625029357533516
3,0.25,-0.45,3.4336,0.47619975293492267
3,0.25,-0.45,3.4352,0.4761492355318641
3,0.25,-0.45,3.4368000000000003,0.47609874133829966
3,0.25,-0.45,3.4384,0.47604827032640906
3,0.25,-0.45,3.44,0.47599782246841155
3,0.25,-0.45,3.4416,0.47594739773656564
3,0.25,-0.45,3.4432,0.47589699610316905
3,0.25,-0.45,3.4448000000000003,0.4758466175405587
3,0.25,-0.45,3.4464,0.4757962620211108
3,0.25,-0.45,3.448,0.47574592951724065
3,0.25,-0.45,3.4496,0.4756956200014024
3,0.25,-0.45,3.4512,0.47564533344608945
3,0.25,-0.45,3.4528000000000003,0.4755950698238339
3,0.25,-0.45,3.4544,0.4755448291072068
3,0.25,-0.45,3.456,0.47549461126881787
3,0.25,-0.45,3.4576000000000002,0.47544441628131556
3,0.25,-0.45,3.4592,0.4753942441173872
3,0.25,-0.45,3.4608000000000003,0.4753440947497583
3,0.25,-0.45,3.4624,0.47529396815119335
3,0.25,-0.45,3.464,0.475243864294495
3,0.25,-0.45,3.4656000000000002,0.47519378315250443
3,0.25,-0.45,3.4672,0.47514372469810123
3,0.25,-0.45,3.4688000000000003,0.475093688904203
3,0.25,-0.45,3.4704,0.4750436757437659
3,0.25,-0.45,3.472,0.4749936851897839
3,0.25,-0.45,3.4736000000000002,0.47494371721528944
3,0.25,-0.45,3.4752,0.4748937717933526
3,0.25,-0.45,3.4768000000000003,0.4748438488970818
3,0.25,-0.45,3.4784,0.4747939484996232
3,0.25,-0.45,3.48,0.47474407057416074
3,0.25,-0.45,3.4816000000000003,0.4746942150939164
3,0.25,-0.45,3.4832,0.47464438203214954
3,0.25,-0.45,3.4848000000000003,0.4745945713621575
3,0.25,-0.45,3.4864,0.4745447830572751
3,0.25,-0.45,3.488,0.47449501709087466
3,0.25,-0.45,3.4896000000000003,0.4744452734363661
3,0.25,-0.45,3.4912,0.4743955520671966
3,0.25,-0.45,3.4928000000000003,0.4743458529568509
3,0.25,-0.45,3.4944,0.47429617607885094
3,0.25,-0.45,3.496,0.4742465214067559
3,0.25,-0.45,3.4976000000000003,0.47419688891416223
3,0.25,-0.45,3.4992,0.4741472785747034
3,0.25,-0.45,3.5008000000000004,0.47409769036205
3,0.25,-0.45,3.5024,0.47404812424990966
3,0.25,-0.45,3.504,0.4739985802120269
3,0.25,-0.45,3.5056000000000003,0.47394905822218325
3,0.25,-0.45,3.5072,0.47389955825419683
3,0.25,-0.45,3.5088000000000004,0.4738500802819228
3,0.25,-0.45,3.5104,0.4738006242792529
3,0.25,-0.45,3.512,0.47375119022011547
3,0.25,-0.45,3.5136000000000003,0.47370177807847547
3,0.25,-0.45,3.5152,0.4736523878283345
3,0.25,-0.45,3.5168000000000004,0.47360301944373073
3,0.25,-0.45,3.5184,0.4735536728987384
3,0.25,-0.45,3.52,0.4735043481674684
3,0.25,-0.45,3.5216000000000003,0.4734550452240678
3,0.25,-0.45,3.5232,0.47340576404271995
3,0.25,-0.45,3.5248000000000004,0.47335650459764433
3,0.25,-0.45,3.5264,0.4733072668630967
3,0.25,-0.45,3.528,0.47325805081336886
3,0.25,-0.45,3.5296000000000003,0.4732088564227884
3,0.25,-0.45,3.5312,0.4731596836657191
3,0.25,-0.45,3.5328000000000004,0.47311053251656066
3,0.25,-0.45,3.5344,0.47306140294974836
3,0.25,-0.45,3.536,0.4730122949397536
3,0.25,-0.45,3.5376000000000003,0.4729632084610832
3,0.25,-0.45,3.5392,0.4729141434882798
3,0.25,-0.45,3.5408000000000004,0.4728650999959218
3,0.25,-0.45,3.5424,0.4728160779586229
3,0.25,-0.45,3.544,0.47276707735103246
3,0.25,-0.45,3.5456000000000003,0.47271809814783516
3,0.25,-0.45,3.5472,0.47266914032375124
3,0.25,-0.45,3.5488,0.47262020385353604
3,0.25,-0.45,3.5504000000000002,0.47257128871198034
3,0.25,-0.45,3.552,0.47252239487391023
3,0.25,-0.45,3.5536000000000003,0.47247352231418677
3,0.25,-0.45,3.5552,0.4724246710077062
3,0.25,-0.45,3.5568,0.47237584092939977
3,0.25,-0.45,3.5584000000000002,0.4723270320542339
3,0.25,-0.45,3.56,0.47227824435720966
3,0.25,-0.45,3.5616000000000003,0.4722294778133632
3,0.25,-0.45,3.5632,0.47218073239776553
3,0.25,-0.45,3.5648,0.4721320080855223
3,0.25,-0.45,3.5664000000000002,0.47208330485177397
3,0.25,-0.45,3.568,0.4720346226716956
3,0.25,-0.45,3.5696000000000003,0.471985961520497
3,0.25,-0.45,3.5712,0.4719373213734223
3,0.25,-0.45,3.5728,0.4718887022057504
3,0.25,-0.45,3.5744000000000002,0.4718401039927944
3,0.25,-0.45,3.576,0.47179152670990193
3,0.25,-0.45,3.5776000000000003,0.47174297033245494
3,0.25,-0.45,3.5792,0.4716944348358697
3,0.25,-0.45,3.5808,0.47164592019559654
3,0.25,-0.45,3.5824000000000003,0.47159742638712004
3,0.25,-0.45,3.584,0.47154895338595915
3,0.25,-0.45,3.5856000000000003,0.4715005011676665
3,0.25,-0.45,3.5872,0.47145206970782905
3,0.25,-0.45,3.5888,0.4714036589820675
3,0.25,-0.45,3.5904000000000003,0.47135526896603647
3,0.25,-0.45,3.592,0.4713068996354245
3,0.25,-0.45,3.5936000000000003,0.4712585509659539
3,0.25,-0.45,3.5952,0.4712102229333807
3,0.25,-0.45,3.5968,0.4711619155134948
3,0.25,-0.45,3.5984000000000003,0.4711136286821195
3,0.25,-0.45,3.6,0.47106536241511177
3,0.25,-0.45,3.6016000000000004,0.47101711668836216
3,0.25,-0.45,3.6032,0.47096889147779464
3,0.25,-0.45,3.6048,0.4709206867593666
3,0.25,-0.45,3.6064000000000003,0.47087250250906887
3,0.25,-0.45,3.608,0.47082433870292556
3,0.25,-0.45,3.6096000000000004,0.470776195316994
3,0.25,-0.45,3.6112,0.47072807232736474
3,0.25,-0.45,3.6128,0.4706799697101617
3,0.25,-0.45,3.6144000000000003,0.4706318874415416
3,0.25,-0.45,3.616,0.47058382549769445
3,0.25,-0.45,3.6176000000000004,0.4705357838548432
3,0.25,-0.45,3.6192,0.4704877624892436
3,0.25,-0.45,3.6208,0.47043976137718463
3,0.25,-0.45,3.6224000000000003,0.4703917804949878
3,0.25,-0.45,3.624,0.4703438198190075
3,0.25,-0.45,3.6256000000000004,0.47029587932563116
3,0.25,-0.45,3.6272,0.4702479589912784
3,0.25,-0.45,3.6288,0.47020005879240195
3,0.25,-0.45,3.6304000000000003,0.47015217870548687
3,0.25,-0.45,3.632,0.4701043187070507
3,0.25,-0.45,3.6336000000000004,0.4700564787736438
3,0.25,-0.45,3.6352,0.47000865888184884
3,0.25,-0.45,3.6368,0.46996085900828066
3,0.25,-0.45,3.6384000000000003,0.46991307912958663
3,0.25,-0.45,3.64,0.46986531922244645
3,0.25,-0.45,3.6416000000000004,0.4698175792635719
3,0.25,-0.45,3.6432,0.4697698592297071
3,0.25,-0.45,3.6448,0.4697221590976283
3,0.25,-0.45,3.6464000000000003,0.4696744788441437
3,0.25,-0.45,3.648,0.46962681844609366
3,0.25,-0.45,3.6496,0.4695791778803505
3,0.25,-0.45,3.6512000000000002,0.4695315571238184
3,0.25,-0.45,3.6528,0.4694839561534336
3,0.25,-0.45,3.6544000000000003,0.4694363749461639
3,0.25,-0.45,3.656,0.4693888134790093
3,0.25,-0.45,3.6576,0.46934127172900114
3,0.25,-0.45,3.6592000000000002,0.4692937496732026
3,0.25,-0.45,3.6608,0.4692462472887087
3,0.25,-0.45,3.6624000000000003,0.46919876455264564
3,0.25,-0.45,3.664,0.46915130144217154
3,0.25,-0.45,3.6656,0.46910385793447584
3,0.25,-0.45,3.6672000000000002,0.4690564340067794
3,0.25,-0.45,3.6688,0.4690090296363344
3,0.25,-0.45,3.6704000000000003,0.4689616448004247
3,0.25,-0.45,3.672,0.468914279476365
3,0.25,-0.45,3.6736,0.46886693364150156
3,0.25,-0.45,3.6752000000000002,0.4688196072732118
3,0.25,-0.45,3.6768,0.4687723003489043
3,0.25,-0.45,3.6784000000000003,0.46872501284601864
3,0.25,-0.45,3.68,0.46867774474202545
3,0.25,-0.45,3.6816,0.46863049601442647
3,0.25,-0.45,3.6832000000000003,0.46858326664075434
3,0.25,-0.45,3.6848,0.46853605659857256
3,0.25,-0.45,3.6864000000000003,0.46848886586547567
3,0.25,-0.45,3.688,0.4684416944190888
3,0.25,-0.45,3.6896,0.4683945422370679
3,0.25,-0.45,3.6912000000000003,0.4683474092970998
3,0.25,-0.45,3.6928,0.4683002955769019
3,0.25,-0.45,3.6944000000000004,0.468253201054222
3,0.25,-0.45,3.696,0.4682061257068389
3,0.25,-0.45,3.6976,0.46815906951256153
3,0.25,-0.45,3.6992000000000003,0.4681120324492296
3,0.25,-0.45,3.7008,0.46806501449471305
3,0.25,-0.45,3.7024000000000004,0.46801801562691225
3,0.25,-0.45,3.704,0.46797103582375804
3,0.25,-0.45,3.7056,0.4679240750632113
3,0.25,-0.45,3.7072000000000003,0.46787713332326347
3,0.25,-0.45,3.7088,0.46783021058193586
3,0.25,-0.45,3.7104000000000004,0.46778330681728025
3,0.25,-0.45,3.712,0.4677364220073783
3,0.25,-0.45,3.7136,0.46768955613034174
3,0.25,-0.45,3.7152000000000003,0.4676427091643124
3,0.25,-0.45,3.7168,0.46759588108746203
3,0.25,-0.45,3.7184000000000004,0.46754907187799233
3,0.25,-0.45,3.72,0.4675022815141349
3,0.25,-0.45,3.7216,0.467455509974151
3,0.25,-0.45,3.7232000000000003,0.4674087572363318
3,0.25,-0.45,3.7248,0.46736202327899823
3,0.25,-0.45,3.7264000000000004,0.4673153080805009
3,0.25,-0.45,3.728,0.46726861161922
3,0.25,-0.45,3.7296,0.46722193387356525
3,0.25,-0.45,3.7312000000000003,0.4671752748219761
3,0.25,-0.45,3.7328,0.46712863444292146
3,0.25,-0.45,3.7344000000000004,0.46708201271489963
3,0.25,-0.45,3.736,0.4670354096164383
3,0.25,-0.45,3.7376,0.46698882512609463
3,0.25,-0.45,3.7392000000000003,0.466942259222455
3,0.25,-0.45,3.7408,0.46689571188413526
3,0.25,-0.45,3.7424000000000004,0.46684918308978024
3,0.25,-0.45,3.744,0.46680267281806404
3,0.25,-0.45,3.7456,0.46675618104769007
3,0.25,-0.45,3.7472000000000003,0.4667097077573906
3,0.25,-0.45,3.7488,0.4666632529259271
3,0.25,-0.45,3.7504000000000004,0.46661681653209
3,0.25,-0.45,3.7520000000000002,0.4665703985546988
3,0.25,-0.45,3.7536,0.4665239989726018
3,0.25,-0.45,3.7552000000000003,0.4664776177646762
3,0.25,-0.45,3.7568,0.46643125490982795
3,0.25,-0.45,3.7584,0.4663849103869919
3,0.25,-0.45,3.7600000000000002,0.4663385841751317
3,0.25,-0.45,3.7616,0.4662922762532395
3,0.25,-0.45,3.7632000000000003,0.4662459866003363
3,0.25,-0.45,3.7648,0.46619971519547165
3,0.25,-0.45,3.7664,0.4661534620177236
3,0.25,-0.45,3.7680000000000002,0.4661072270461988
3,0.25,-0.45,3.7696,0.4660610102600324
3,0.25,-0.45,3.7712000000000003,0.46601481163838776
3,0.25,-0.45,3.7728,0.46596863116045695
3,0.25,-0.45,3.7744,0.4659224688054602
3,0.25,-0.45,3.7760000000000002,0.46587632455264616
3,0.25,-0.45,3.7776,0.46583019838129164
3,0.25,-0.45,3.7792000000000003,0.46578409027070167
3,0.25,-0.45,3.7808,0.46573800020020945
3,0.25,-0.45,3.7824,0.4656919281491765
3,0.25,-0.45,3.7840000000000003,0.4656458740969922
3,0.25,-0.45,3.7856,0.46559983802307403
3,0.25,-0.45,3.7872000000000003,0.46555381990686756
3,0.25,-0.45,3.7888,0.4655078197278463
3,0.25,-0.45,3.7904,0.4654618374655115
3,0.25,-0.45,3.7920000000000003,0.4654158730993925
3,0.25,-0.45,3.7936,0.4653699266090465
3,0.25,-0.45,3.7952000000000004,0.4653239979740583
3,0.25,-0.45,3.7968,0.46527808717404057
3,0.25,-0.45,3.7984,0.46523219418863354
3,0.25,-0.45,3.8000000000000003,0.46518631899750534
3,0.25,-0.45,3.8016,0.46514046158035155
3,0.25,-0.45,3.8032000000000004,0.46509462191689543
3,0.25,-0.45,3.8048,0.4650487999868877
3,0.25,-0.45,3.8064,0.4650029957701067
3,0.25,-0.45,3.8080000000000003,0.464957209246358
3,0.25,-0.45,3.8096,0.4649114403954748
3,0.25,-0.45,3.8112000000000004,0.4648656891973174
3,0.25,-0.45,3.8128,0.46481995563177375
3,0.25,-0.45,3.8144,0.46477423967875897
3,0.25,-0.45,3.8160000000000003,0.4647285413182153
3,0.25,-0.45,3.8176,0.46468286053011243
3,0.25,-0.45,3.8192000000000004,0.4646371972944469
3,0.25,-0.45,3.8208,0.46459155159124266
3,0.25,-0.45,3.8224,0.4645459234005505
3,0.25,-0.45,3.8240000000000003,0.4645003127024485
3,0.25,-0.45,3.8256,0.4644547194770415
3,0.25,-0.45,3.8272000000000004,0.46440914370446135
3,0.25,-0.45,3.8288,0.464363585364867
3,0.25,-0.45,3.8304,0.46431804443844404
3,0.25,-0.45,3.8320000000000003,0.46427252090540505
3,0.25,-0.45,3.8336,0.4642270147459893
3,0.25,-0.45,3.8352000000000004,0.46418152594046297
3,0.25,-0.45,3.8368,0.4641360544691187
3,0.25,-0.45,3.8384,0.46409060031227606
3,0.25,-0.45,3.8400000000000003,0.4640451634502811
3,0.25,-0.45,3.8416,0.46399974386350645
3,0.25,-0.45,3.8432000000000004,0.4639543415323514
3,0.25,-0.45,3.8448,0.46390895643724156
3,0.25,-0.45,3.8464,0.46386358855862925
3,0.25,-0.45,3.8480000000000003,0.463818237876993
3,0.25,-0.45,3.8496,0.46377290437283797
3,0.25,-0.45,3.8512000000000004,0.46372758802669545
3,0.25,-0.45,3.8528000000000002,0.46368228881912316
3,0.25,-0.45,3.8544,0.46363700673070507
3,0.25,-0.45,3.8560000000000003,0.46359174174205137
3,0.25,-0.45,3.8576,0.4635464938337985
3,0.25,-0.45,3.8592,0.4635012629866088
3,0.25,-0.45,3.8608000000000002,0.46345604918117106
3,0.25,-0.45,3.8624,0.46341085239819996
3,0.25,-0.45,3.8640000000000003,0.46336567261843625
3,0.25,-0.45,3.8656,0.46332050982264666
3,0.25,-0.45,3.8672,0.4632753639916239
3,0.25,-0.45,3.8688000000000002,0.46323023510618666
3,0.25,-0.45,3.8704,0.4631851231471793
3,0.25,-0.45,3.8720000000000003,0.4631400280954722
3,0.25,-0.45,3.8736,0.4630949499319616
3,0.25,-0.45,3.8752,0.4630498886375692
3,0.25,-0.45,3.8768000000000002,0.46300484419324267
3,0.25,-0.45,3.8784,0.4629598165799553
3,0.25,-0.45,3.8800000000000003,0.46291480577870603
3,0.25,-0.45,3.8816,0.46286981177051945
3,0.25,-0.45,3.8832,0.4628248345364456
3,0.25,-0.45,3.8848000000000003,0.4627798740575601
3,0.25,-0.45,3.8864,0.46273493031496415
3,0.25,-0.45,3.8880000000000003,0.46269000328978427
3,0.25,-0.45,3.8896,0.46264509296317247
3,0.25,-0.45,3.8912,0.462600199316306
3,0.25,-0.45,3.8928000000000003,0.4625553223303877
3,0.25,-0.45,3.8944,0.4625104619866455
3,0.25,-0.45,3.8960000000000004,0.46246561826633265
3,0.25,-0.45,3.8976,0.4624207911507276
3,0.25,-0.45,3.8992,0.462375980621134
3,0.25,-0.45,3.9008000000000003,0.46233118665888073
3,0.25,-0.45,3.9024,0.46228640924532166
3,0.25,-0.45,3.9040000000000004,0.46224164836183573
3,0.25,-0.45,3.9056,0.46219690398982705
3,0.25,-0.45,3.9072,0.46215217611072457
3,0.25,-0.45,3.9088000000000003,0.4621074647059823
3,0.25,-0.45,3.9104,0.46206276975707916
3,0.25,-0.45,3.9120000000000004,0.46201809124551885
3,0.25,-0.45,3.9136,0.4619734291528301
3,0.25,-0.45,3.9152,0.46192878346056626
3,0.25,-0.45,3.9168000000000003,0.46188415415030554
3,0.25,-0.45,3.9184,0.46183954120365095
3,0.25,-0.45,3.9200000000000004,0.4617949446022301
3,0.25,-0.45,3.9216,0.46175036432769523
3,0.25,-0.45,3.9232,0.46170580036172326
3,0.25,-0.45,3.9248000000000003,0.4616612526860158
3,0.25,-0.45,3.9264,0.46161672128229886
3,0.25,-0.45,3.9280000000000004,0.46157220613232297
3,0.25,-0.45,3.9296,0.4615277072178633
3,0.25,-0.45,3.9312,0.46148322452071916
3,0.25,-0.45,3.9328000000000003,0.4614387580227146
3,0.25,-0.45,3.9344,0.46139430770569795
3,0.25,-0.45,3.9360000000000004,0.4613498735515416
3,0.25,-0.45,3.9376,0.46130545554214264
3,0.25,-0.45,3.9392,0.46126105365942205
3,0.25,-0.45,3.9408000000000003,0.46121666788532534
3,0.25,-0.45,3.9424,0.4611722982018219
3,0.25,-0.45,3.9440000000000004,0.46112794459090556
3,0.25,-0.45,3.9456,0.46108360703459417
3,0.25,-0.45,3.9472,0.46103928551492956
3,0.25,-0.45,3.9488000000000003,0.4609949800139777
3,0.25,-0.45,3.9504,0.4609506905138285
3,0.25,-0.45,3.9520000000000004,0.46090641699659585
3,0.25,-0.45,3.9536000000000002,0.46086215944441766
3,0.25,-0.45,3.9552,0.4608179178394557
3,0.25,-0.45,3.9568000000000003,0.4607736921638956
3,0.25,-0.45,3.9584,0.46072948239994665
3,0.25,-0.45,3.9600000000000004,0.4606852885298423
3,0.25,-0.45,3.9616000000000002,0.4606411105358394
3,0.25,-0.45,3.9632,0.4605969484002187
3,0.25,-0.45,3.9648000000000003,0.4605528021052846
3,0.25,-0.45,3.9664,0.46050867163336523
3,0.25,-0.45,3.968,0.46046455696681216
3,0.25,-0.45,3.9696000000000002,0.46042045808800064
3,0.25,-0.45,3.9712,0.4603763749793296
3,0.25,-0.45,3.9728000000000003,0.46033230762322114
3,0.25,-0.45,3.9744,0.46028825600212125
3,0.25,-0.45,3.976,0.4602442200984991
3,0.25,-0.45,3.9776000000000002,0.4602001998948473
3,0.25,-0.45,3.9792,0.46015619537368174
3,0.25,-0.45,3.9808000000000003,0.4601122065175419
3,0.25,-0.45,3.9824,0.46006823330899044
3,0.25,-0.45,3.984,0.4600242757306131
3,0.25,-0.45,3.9856000000000003,0.4599803337650192
3,0.25,-0.45,3.9872,0.45993640739484104
3,0.25,-0.45,3.9888000000000003,0.4598924966027341
3,0.25,-0.45,3.9904,0.459848601371377
3,0.25,-0.45,3.992,0.4598047216834715
3,0.25,-0.45,3.9936000000000003,0.4597608575217424
3,0.25,-0.45,3.9952,0.45971700886893757
3,0.25,-0.45,3.9968000000000004,0.4596731757078278
3,0.25,-0.45,3.9984,0.4596293580212068
3,0.25,-0.45,4.0,0.45958555579189136
3,0.25,-0.45,4.0016,0.45954176900272103
3,0.25,-0.45,4.0032000000000005,0.45949799763655824
3,0.25,-0.45,4.0048,0.4594542416762883
3,0.25,-0.45,4.0064,0.4594105011048193
3,0.25,-0.45,4.008,0.459366775905082
3,0.25,-0.45,4.0096,0.45932306606003004
3,0.25,-0.45,4.0112000000000005,0.4592793715526396
3,0.25,-0.45,4.0128,0.45923569236590955
3,0.25,-0.45,4.0144,0.45919202848286145
3,0.25,-0.45,4.016,0.4591483798865394
3,0.25,-0.45,4.0176,0.45910474656001
3,0.25,-0.45,4.0192000000000005,0.45906112848636244
3,0.25,-0.45,4.0208,0.45901752564870846
3,0.25,-0.45,4.0224,0.4589739380301821
3,0.25,-0.45,4.024,0.45893036561393996
3,0.25,-0.45,4.0256,0.45888680838316104
3,0.25,-0.45,4.027200000000001,0.4588432663210465
3,0.25,-0.45,4.0288,0.45879973941082003
3,0.25,-0.45,4.0304,0.4587562276357276
3,0.25,-0.45,4.032,0.45871273097903725
3,0.25,-0.45,4.0336,0.4586692494240395
3,0.25,-0.45,4.035200000000001,0.4586257829540468
3,0.25,-0.45,4.0368,0.45858233155239403
3,0.25,-0.45,4.0384,0.45853889520243796
3,0.25,-0.45,4.04,0.4584954738875576
3,0.25,-0.45,4.0416,0.45845206759115414
3,0.25,-0.45,4.043200000000001,0.4584086762966504
3,0.25,-0.45,4.0448,0.4583652999874915
3,0.25,-0.45,4.0464,0.4583219386471444
3,0.25,-0.45,4.048,0.4582785922590981
3,0.25,-0.45,4.0496,0.4582352608068636
3,0.25,-0.45,4.051200000000001,0.45819194427397364
3,0.25,-0.45,4.0528,0.45814864264398264
3,0.25,-0.45,4.0544,0.45810535590046697
3,0.25,-0.45,4.056,0.4580620840270248
3,0.25,-0.45,4.0576,0.458018827007276
3,0.25,-0.45,4.059200000000001,0.45797558482486217
3,0.25,-0.45,4.0608,0.45793235746344657
3,0.25,-0.45,4.0624,0.45788914490671406
3,0.25,-0.45,4.064,0.4578459471383713
3,0.25,-0.45,4.0656,0.45780276414214627
3,0.25,-0.45,4.067200000000001,0.45775959590178866
3,0.25,-0.45,4.0688,0.4577164424010697
3,0.25,-0.45,4.0704,0.45767330362378195
3,0.25,-0.45,4.072,0.4576301795537396
3,0.25,-0.45,4.0736,0.4575870701747781
3,0.25,-0.45,4.075200000000001,0.4575439754707545
3,0.25,-0.45,4.0768,0.457500895425547
3,0.25,-0.45,4.0784,0.45745783002305523
3,0.25,-0.45,4.08,0.45741477924720014
3,0.25,-0.45,4.0816,0.45737174308192396
3,0.25,-0.45,4.083200000000001,0.45732872151119
3,0.25,-0.45,4.0848,0.457285714518983
3,0.25,-0.45,4.0864,0.45724272208930866
3,0.25,-0.45,4.088,0.457199744206194
3,0.25,-0.45,4.0896,0.45715678085368705
3,0.25,-0.45,4.091200000000001,0.457113832015857
3,0.25,-0.45,4.0928,0.4570708976767939
3,0.25,-0.45,4.0944,0.4570279778206091
3,0.25,-0.45,4.096,0.45698507243143477
3,0.25,-0.45,4.0976,0.4569421814934241
3,0.25,-0.45,4.099200000000001,0.45689930499075104
3,0.25,-0.45,4.1008000000000004,0.4568564429076108
3,0.25,-0.45,4.1024,0.45681359522821907
3,0.25,-0.45,4.104,0.4567707619368126
3,0.25,-0.45,4.1056,0.45672794301764885
3,0.25,-0.45,4.107200000000001,0.45668513845500613
3,0.25,-0.45,4.1088000000000005,0.45664234823318345
3,0.25,-0.45,4.1104,0.45659957233650056
3,0.25,-0.45,4.112,0.4565568107492979
3,0.25,-0.45,4.1136,0.4565140634559364
3,0.25,-0.45,4.115200000000001,0.4564713304407979
3,0.25,-0.45,4.1168000000000005,0.4564286116882847
3,0.25,-0.45,4.1184,0.4563859071828196
3,0.25,-0.45,4.12,0.456343216908846
3,0.25,-0.45,4.1216,0.4563005408508279
3,0.25,-0.45,4.1232,0.4562578789932496
3,0.25,-0.45,4.1248000000000005,0.45621523132061587
3,0.25,-0.45,4.1264,0.45617259781745206
3,0.25,-0.45,4.128,0.4561299784683037
3,0.25,-0.45,4.1296,0.4560873732577369
3,0.25,-0.45,4.1312,0.4560447821703379
3,0.25,-0.45,4.1328000000000005,0.4560022051907132
3,0.25,-0.45,4.1344,0.4559596423034898
3,0.25,-0.45,4.136,0.45591709349331483
3,0.25,-0.45,4.1376,0.45587455874485555
3,0.25,-0.45,4.1392,0.4558320380427995
3,0.25,-0.45,4.1408000000000005,0.45578953137185435
3,0.25,-0.45,4.1424,0.4557470387167479
3,0.25,-0.45,4.144,0.4557045600622279
3,0.25,-0.45,4.1456,0.4556620953930625
3,0.25,-0.45,4.1472,0.4556196446940395
3,0.25,-0.45,4.1488000000000005,0.4555772079499668
3,0.25,-0.45,4.1504,0.4555347851456725
3,0.25,-0.45,4.152,0.4554923762660045
3,0.25,-0.45,4.1536,0.4554499812958305
3,0.25,-0.45,4.1552,0.45540760022003823
3,0.25,-0.45,4.1568000000000005,0.45536523302353543
3,0.25,-0.45,4.1584,0.45532287969124935
3,0.25,-0.45,4.16,0.45528054020812725
3,0.25,-0.45,4.1616,0.45523821455913605
3,0.25,-0.45,4.1632,0.45519590272926247
3,0.25,-0.45,4.1648000000000005,0.455153604703513
3,0.25,-0.45,4.1664,0.4551113204669137
3,0.25,-0.45,4.168,0.4550690500045104
3,0.25,-0.45,4.1696,0.4550267933013686
3,0.25,-0.45,4.1712,0.4549845503425732
3,0.25,-0.45,4.1728000000000005,0.45494232111322885
3,0.25,-0.45,4.1744,0.4549001055984596
3,0.25,-0.45,4.176,0.4548579037834093
3,0.25,-0.45,4.1776,0.454815715653241
3,0.25,-0.45,4.1792,0.4547735411931374
3,0.25,-0.45,4.1808000000000005,0.45473138038830047
3,0.25,-0.45,4.1824,0.4546892332239517
3,0.25,-0.45,4.184,0.454647099685332
3,0.25,-0.45,4.1856,0.4546049797577015
3,0.25,-0.45,4.1872,0.45456287342633966
3,0.25,-0.45,4.1888000000000005,0.4545207806765454
3,0.25,-0.45,4.1904,0.45447870149363667
3,0.25,-0.45,4.192,0.45443663586295086
3,0.25,-0.45,4.1936,0.45439458376984454
3,0.25,-0.45,4.1952,0.45435254519969326
3,0.25,-0.45,4.1968000000000005,0.4543105201378921
3,0.25,-0.45,4.1984,0.45426850856985485
3,0.25,-0.45,4.2,0.4542265104810147
3,0.25,-0.45,4.2016,0.4541845258568239
3,0.25,-0.45,4.2032,0.45414255468275355
3,0.25,-0.45,4.2048000000000005,0.45410059694429394
3,0.25,-0.45,4.2064,0.4540586526269543
3,0.25,-0.45,4.208,0.45401672171626273
3,0.25,-0.45,4.2096,0.4539748041977665
3,0.25,-0.45,4.2112,0.4539329000570316
3,0.25,-0.45,4.2128000000000005,0.45389100927964293
3,0.25,-0.45,4.2144,0.45384913185120423
3,0.25,-0.45,4.216,0.45380726775733815
3,0.25,-0.45,4.2176,0.45376541698368617
3,0.25,-0.45,4.2192,0.4537235795159083
3,0.25,-0.45,4.2208000000000006,0.4536817553396835
3,0.25,-0.45,4.2224,0.45363994444070943
3,0.25,-0.45,4.224,0.45359814680470256
3,0.25,-0.45,4.2256,0.45355636241739783
3,0.25,-0.45,4.2272,0.4535145912645488
3,0.25,-0.45,4.228800000000001,0.4534728333319277
3,0.25,-0.45,4.2304,0.45343108860532555
3,0.25,-0.45,4.232,0.4533893570705517
3,0.25,-0.45,4.2336,0.4533476387134341
3,0.25,-0.45,4.2352,0.45330593351981907
3,0.25,-0.45,4.236800000000001,0.45326424147557165
3,0.25,-0.45,4.2384,0.45322256256657517
3,0.25,-0.45,4.24,0.4531808967787315
3,0.25,-0.45,4.2416,0.4531392440979608
3,0.25,-0.45,4.2432,0.45309760451020165
3,0.25,-0.45,4.244800000000001,0.453055978001411
3,0.25,-0.45,4.2464,0.45301436455756416
3,0.25,-0.45,4.248,0.4529727641646546
3,0.25,-0.45,4.2496,0.4529311768086941
3,0.25,-0.45,4.2512,0.45288960247571275
3,0.25,-0.45,4.252800000000001,0.45284804115175886
3,0.25,-0.45,4.2544,0.4528064928228989
3,0.25,-0.45,4.256,0.4527649574752176
3,0.25,-0.45,4.2576,0.45272343509481766
3,0.25,-0.45,4.2592,0.4526819256678199
3,0.25,-0.45,4.260800000000001,0.4526404291803634
3,0.25,-0.45,4.2624,0.45259894561860503
3,0.25,-0.45,4.264,0.45255747496871995
3,0.25,-0.45,4.2656,0.4525160172169013
3,0.25,-0.45,4.2672,0.45247457234936017
3,0.25,-0.45,4.268800000000001,0.45243314035232557
3,0.25,-0.45,4.2704,0.4523917212120444
3,0.25,-0.45,4.272,0.45235031491478167
3,0.25,-0.45,4.2736,0.45230892144681994
3,0.25,-0.45,4.2752,0.45226754079445997
3,0.25,-0.45,4.276800000000001,0.4522261729440202
3,0.25,-0.45,4.2784,0.4521848178818368
3,0.25,-0.45,4.28,0.45214347559426377
3,0.25,-0.45,4.2816,0.4521021460676729
3,0.25,-0.45,4.2832,0.45206082928845387
3,0.25,-0.45,4.284800000000001,0.4520195252430137
3,0.25,-0.45,4.2864,0.4519782339177773
3,0.25,-0.45,4.288,0.45193695529918737
3,0.25,-0.45,4.2896,0.4518956893737039
3,0.25,-0.45,4.2912,0.45185443612780485
3,0.25,-0.45,4.292800000000001,0.4518131955479855
3,0.25,-0.45,4.2944,0.4517719676207588
3,0.25,-0.45,4.296,0.45173075233265514
3,0.25,-0.45,4.2976,0.4516895496702225
3,0.25,-0.45,4.2992,0.45164835962002625
3,0.25,-0.45,4.300800000000001,0.45160718216864937
3,0.25,-0.45,4.3024000000000004,0.45156601730269214
3,0.25,-0.45,4.304,0.45152486500877237
3,0.25,-0.45,4.3056,0.4514837252735249
3,0.25,-0.45,4.3072,0.4514425980836024
3,0.25,-0.45,4.308800000000001,0.4514014834256746
3,0.25,-0.45,4.3104000000000005,0.45136038128642864
3,0.25,-0.45,4.312,0.45131929165256884
3,0.25,-0.45,4.3136,0.45127821451081684
3,0.25,-0.45,4.3152,0.4512371498479114
3,0.25,-0.45,4.316800000000001,0.45119609765060864
3,0.25,-0.45,4.3184000000000005,0.45115505790568194
3,0.25,-0.45,4.32,0.4511140305999216
3,0.25,-0.45,4.3216,0.4510730157201353
3,0.25,-0.45,4.3232,0.45103201325314757
3,0.25,-0.45,4.324800000000001,0.4509910231858001
3,0.25,-0.45,4.3264000000000005,0.4509500455049518
3,0.25,-0.45,4.328,0.45090908019747866
3,0.25,-0.45,4.3296,0.45086812725027337
3,0.25,-0.45,4.3312,0.45082718665024574
3,0.25,-0.45,4.332800000000001,0.4507862583843226
3,0.25,-0.45,4.3344000000000005,0.45074534243944786
3,0.25,-0.45,4.336,0.45070443880258204
3,0.25,-0.45,4.3376,0.4506635474607028
3,0.25,-0.45,4.3392,0.4506226684008046
3,0.25,-0.45,4.3408,0.4505818016098987
3,0.25,-0.45,4.3424000000000005,0.45054094707501313
3,0.25,-0.45,4.344,0.45050010478319286
3,0.25,-0.45,4.3456,0.4504592747214996
3,0.25,-0.45,4.3472,0.4504184568770117
3,0.25,-0.45,4.3488,0.4503776512368245
3,0.25,-0.45,4.3504000000000005,0.4503368577880497
3,0.25,-0.45,4.352,0.45029607651781595
3,0.25,-0.45,4.3536,0.45025530741326836
3,0.25,-0.45,4.3552,0.4502145504615689
3,0.25,-0.45,4.3568,0.4501738056498959
3,0.25,-0.45,4.3584000000000005,0.4501330729654444
3,0.25,-0.45,4.36,0.4500923523954261
3,0.25,-0.45,4.3616,0.4500516439270691
3,0.25,-0.45,4.3632,0.450010947547618
3,0.25,-0.45,4.3648,0.449970263244334
3,0.25,-0.45,4.3664000000000005,0.44992959100449464
3,0.25,-0.45,4.368,0.44988893081539405
3,0.25,-0.45,4.3696,0.4498482826643427
3,0.25,-0.45,4.3712,0.4498076465386675
3,0.25,-0.45,4.3728,0.44976702242571176
3,0.25,-0.45,4.3744000000000005,0.449726410312835
3,0.25,-0.45,4.376,0.4496858101874132
3,0.25,-0.45,4.3776,0.44964522203683865
3,0.25,-0.45,4.3792,0.4496046458485199
3,0.25,-0.45,4.3808,0.44956408160988165
3,0.25,-0.45,4.3824000000000005,0.44952352930836503
3,0.25,-0.45,4.384,0.44948298893142735
3,0.25,-0.45,4.3856,0.449442460466542
3,0.25,-0.45,4.3872,0.4494019439011987
3,0.25,-0.45,4.3888,0.44936143922290306
3,0.25,-0.45,4.3904000000000005,0.4493209464191771
3,0.25,-0.45,4.392,0.44928046547755873
3,0.25,-0.45,4.3936,0.44923999638560214
3,0.25,-0.45,4.3952,0.44919953913087746
3,0.25,-0.45,4.3968,0.44915909370097085
3,0.25,-0.45,4.3984000000000005,0.44911866008348444
3,0.25,-0.45,4.4,0.4490782382660364
3,0.25,-0.45,4.4016,0.449037828236261
3,0.25,-0.45,4.4032,0.4489974299818082
3,0.25,-0.45,4.4048,0.44895704349034415
3,0.25,-0.45,4.4064000000000005,0.44891666874955066
3,0.25,-0.45,4.408,0.44887630574712556
3,0.25,-0.45,4.4096,0.4488359544707825
3,0.25,-0.45,4.4112,0.448795614908251
3,0.25,-0.45,4.4128,0.44875528704727624
3,0.25,-0.45,4.4144000000000005,0.44871497087561935
3,0.25,-0.45,4.416,0.4486746663810573
3,0.25,-0.45,4.4176,0.4486343735513825
3,0.25,-0.45,4.4192,0.4485940923744035
3,0.25,-0.45,4.4208,0.44855382283794415
3,0.25,-0.45,4.4224000000000006,0.4485135649298442
3,0.25,-0.45,4.424,0.448473318637959
3,0.25,-0.45,4.4256,0.44843308395015946
3,0.25,-0.45,4.4272,0.44839286085433233
3,0.25,-0.45,4.4288,0.44835264933837976
3,0.25,-0.45,4.430400000000001,0.4483124493902195
3,0.25,-0.45,4.432,0.44827226099778494
3,0.25,-0.45,4.4336,0.44823208414902477
3,0.25,-0.45,4.4352,0.44819191883190346
3,0.25,-0.45,4.4368,0.4481517650344007
3,0.25,-0.45,4.438400000000001,0.4481116227445119
3,0.25,-0.45,4.44,0.4480714919502477
3,0.25,-0.45,4.4416,0.44803137263963433
3,0.25,-0.45,4.4432,0.44799126480071333
3,0.25,-0.45,4.4448,0.4479511684215417
3,0.25,-0.45,4.446400000000001,0.4479110834901915
3,0.25,-0.45,4.448,0.44787100999475044
3,0.25,-0.45,4.4496,0.44783094792332157
3,0.25,-0.45,4.4512,0.4477908972640229
3,0.25,-0.45,4.4528,0.44775085800498793
3,0.25,-0.45,4.454400000000001,0.4477108301343655
3,0.25,-0.45,4.456,0.44767081364031946
3,0.25,-0.45,4.4576,0.44763080851102893
3,0.25,-0.45,4.4592,0.4475908147346883
3,0.25,-0.45,4.4608,0.44755083229950715
3,0.25,-0.45,4.462400000000001,0.44751086119370986
3,0.25,-0.45,4.464,0.4474709014055364
3,0.25,-0.45,4.4656,0.4474309529232416
3,0.25,-0.45,4.4672,0.4473910157350953
3,0.25,-0.45,4.4688,0.4473510898293825
3,0.25,-0.45,4.470400000000001,0.4473111751944032
3,0.25,-0.45,4.472,0.44727127181847254
3,0.25,-0.45,4.4736,0.44723137968992044
3,0.25,-0.45,4.4752,0.44719149879709197
3,0.25,-0.45,4.4768,0.4471516291283471
3,0.25,-0.45,4.478400000000001,0.4471117706720607
3,0.25,-0.45,4.48,0.44707192341662255
3,0.25,-0.45,4.4816,0.4470320873504373
3,0.25,-0.45,4.4832,0.4469922624619246
3,0.25,-0.45,4.4848,0.4469524487395187
3,0.25,-0.45,4.486400000000001,0.44691264617166904
3,0.25,-0.45,4.488,0.4468728547468394
3,0.25,-0.45,4.4896,0.44683307445350867
3,0.25,-0.45,4.4912,0.44679330528017064
3,0.25,-0.45,4.4928,0.4467535472153335
3,0.25,-0.45,4.494400000000001,0.44671380024752033
3,0.25,-0.45,4.496,0.44667406436526885
3,0.25,-0.45,4.4976,0.4466343395571315
3,0.25,-0.45,4.4992,0.44659462581167547
3,0.25,-0.45,4.5008,0.44655492311748235
3,0.25,-0.45,4.502400000000001,0.44651523146314875
3,0.25,-0.45,4.5040000000000004,0.4464755508372855
3,0.25,-0.45,4.5056,0.4464358812285183
3,0.25,-0.45,4.5072,0.4463962226254871
3,0.25,-0.45,4.5088,0.4463565750168466
3,0.25,-0.45,4.510400000000001,0.44631693839126607
3,0.25,-0.45,4.5120000000000005,0.4462773127374291
3,0.25,-0.45,4.5136,0.446237698044034
3,0.25,-0.45,4.5152,0.4461980942997933
3,0.25,-0.45,4.5168,0.44615850149343406
3,0.25,-0.45,4.518400000000001,0.4461189196136979
3,0.25,-0.45,4.5200000000000005,0.44607934864934046
3,0.25,-0.45,4.5216,0.4460397885891324
3,0.25,-0.45,4.5232,0.44600023942185807
3,0.25,-0.45,4.5248,0.44596070113631653
3,0.25,-0.45,4.526400000000001,0.445921173721321
3,0.25,-0.45,4.5280000000000005,0.4458816571656993
3,0.25,-0.45,4.5296,0.4458421514582931
3,0.25,-0.45,4.5312,0.44580265658795865
3,0.25,-0.45,4.5328,0.4457631725435664
3,0.25,-0.45,4.534400000000001,0.4457236993140009
3,0.25,-0.45,4.5360000000000005,0.445684236888161
3,0.25,-0.45,4.5376,0.44564478525495965
3,0.25,-0.45,4.5392,0.44560534440332406
3,0.25,-0.45,4.5408,0.44556591432219556
3,0.25,-0.45,4.542400000000001,0.44552649500052954
3,0.25,-0.45,4.5440000000000005,0.4454870864272957
3,0.25,-0.45,4.5456,0.44544768859147743
3,0.25,-0.45,4.5472,0.44540830148207256
3,0.25,-0.45,4.5488,0.4453689250880928
3,0.25,-0.45,4.5504,0.44532955939856395
3,0.25,-0.45,4.5520000000000005,0.4452902044025258
3,0.25,-0.45,4.5536,0.44525086008903214
3,0.25,-0.45,4.5552,0.4452115264471507
3,0.25,-0.45,4.5568,0.4451722034659631
3,0.25,-0.45,4.5584,0.44513289113456495
3,0.25,-0.45,4.5600000000000005,0.445093589442066
3,0.25,-0.45,4.5616,0.44505429837758953
3,0.25,-0.45,4.5632,0.4450150179302728
3,0.25,-0.45,4.5648,0.44497574808926704
3,0.25,-0.45,4.5664,0.44493648884373715
3,0.25,-0.45,4.5680000000000005,0.44489724018286203
3,0.25,-0.45,4.5696,0.4448580020958343
3,0.25,-0.45,4.5712,0.44481877457186036
3,0.25,-0.45,4.5728,0.4447795576001603
3,0.25,-0.45,4.5744,0.444740351169968
3,0.25,-0.45,4.5760000000000005,0.44470115527053106
3,0.25,-0.45,4.5776,0.44466196989111084
3,0.25,-0.45,4.5792,0.4446227950209823
3,0.25,-0.45,4.5808,0.4445836306494342
3,0.25,-0.45,4.5824,0.4445444767657687
3,0.25,-0.45,4.5840000000000005,0.4445053333593018
3,0.25,-0.45,4.5856,0.4444662004193631
3,0.25,-0.45,4.5872,0.4444270779352957
3,0.25,-0.45,4.5888,0.4443879658964562
3,0.25,-0.45,4.5904,0.44434886429221493
3,0.25,-0.45,4.5920000000000005,0.4443097731119558
3,0.25,-0.45,4.5936,0.444270692345076
3,0.25,-0.45,4.5952,0.4442316219809863
3,0.25,-0.45,4.5968,0.444192562009111
3,0.25,-0.45,4.5984,0.44415351241888795
3,0.25,-0.45,4.6000000000000005,0.44411447319976827
3,0.25,-0.45,4.6016,0.44407544434121654
3,0.25,-0.45,4.6032,0.44403642583271086
3,0.25,-0.45,4.6048,0.44399741766374257
3,0.25,-0.45,4.6064,0.4439584198238164
3,0.25,-0.45,4.6080000000000005,0.4439194323024505
3,0.25,-0.45,4.6096,0.44388045508917634
3,0.25,-0.45,4.6112,0.4438414881735387
3,0.25,-0.45,4.6128,0.4438025315450956
3,0.25,-0.45,4.6144,0.4437635851934184
3,0.25,-0.45,4.6160000000000005,0.4437246491080918
3,0.25,-0.45,4.6176,0.44368572327871336
3,0.25,-0.45,4.6192,0.44364680769489434
3,0.25,-0.45,4.6208,0.44360790234625896
3,0.25,-0.45,4.6224,0.44356900722244463
3,0.25,-0.45,4.6240000000000006,0.443530122313102
3,0.25,-0.45,4.6256,0.4434912476078949
3,0.25,-0.45,4.6272,0.44345238309650004
3,0.25,-0.45,4.6288,0.44341352876860757
3,0.25,-0.45,4.6304,0.4433746846139205
3,0.25,-0.45,4.632000000000001,0.4433358506221551
3,0.25,-0.45,4.6336,0.4432970267830406
3,0.25,-0.45,4.6352,0.4432582130863193
3,0.25,-0.45,4.6368,0.44321940952174643
3,0.25,-0.45,4.6384,0.4431806160790903
3,0.25,-0.45,4.640000000000001,0.44314183274813235
3,0.25,-0.45,4.6416,0.44310305951866674
3,0.25,-0.45,4.6432,0.4430642963805007
3,0.25,-0.45,4.6448,0.4430255433234545
3,0.25,-0.45,4.6464,0.44298680033736115
3,0.25,-0.45,4.648000000000001,0.4429480674120666
3,0.25,-0.45,4.6496,0.4429093445374297
3,0.25,-0.45,4.6512,0.44287063170332236
3,0.25,-0.45,4.6528,0.4428319288996289
3,0.25,-0.45,4.6544,0.44279323611624694
3,0.25,-0.45,4.656000000000001,0.4427545533430865
3,0.25,-0.45,4.6576,0.4427158805700707
3,0.25,-0.45,4.6592,0.4426772177871355
3,0.25,-0.45,4.6608,0.4426385649842292
3,0.25,-0.45,4.6624,0.4425999221513132
3,0.25,-0.45,4.664000000000001,0.4425612892783615
3,0.25,-0.45,4.6656,0.44252266635536086
3,0.25,-0.45,4.6672,0.44248405337231067
3,0.25,-0.45,4.6688,0.442445450319223
3,0.25,-0.45,4.6704,0.44240685718612266
3,0.25,-0.45,4.672000000000001,0.44236827396304695
3,0.25,-0.45,4.6736,0.442329700640046
3,0.25,-0.45,4.6752,0.4422911372071824
3,0.25,-0.45,4.6768,0.44225258365453124
3,0.25,-0.45,4.6784,0.44221403997218034
3,0.25,-0.45,4.680000000000001,0.4421755061502301
3,0.25,-0.45,4.6816,0.4421369821787934
3,0.25,-0.45,4.6832,0.4420984680479954
3,0.25,-0.45,4.6848,0.4420599637479742
3,0.25,-0.45,4.6864,0.4420214692688801
3,0.25,-0.45,4.688000000000001,0.4419829846008759
3,0.25,-0.45,4.6896,0.4419445097341369
3,0.25,-0.45,4.6912,0.4419060446588509
3,0.25,-0.45,4.6928,0.44186758936521797
3,0.25,-0.45,4.6944,0.44182914384345057
3,0.25,-0.45,4.696000000000001,0.44179070808377374
3,0.25,-0.45,4.6976,0.44175228207642475
3,0.25,-0.45,4.6992,0.44171386581165323
3,0.25,-0.45,4.7008,0.4416754592797211
3,0.25,-0.45,4.7024,0.4416370624709027
3,0.25,-0.45,4.704000000000001,0.4415986753754845
3,0.25,-0.45,4.7056000000000004,0.44156029798376545
3,0.25,-0.45,4.7072,0.4415219302860568
3,0.25,-0.45,4.7088,0.4414835722726818
3,0.25,-0.45,4.7104,0.44144522393397606
3,0.25,-0.45,4.712000000000001,0.44140688526028743
3,0.25,-0.45,4.7136000000000005,0.4413685562419759
3,0.25,-0.45,4.7152,0.44133023686941375
3,0.25,-0.45,4.7168,0.4412919271329854
3,0.25,-0.45,4.7184,0.4412536270230872
3,0.25,-0.45,4.720000000000001,0.4412153365301279
3,0.25,-0.45,4.7216000000000005,0.44117705564452836
3,0.25,-0.45,4.7232,0.44113878435672144
3,0.25,-0.45,4.7248,0.44110052265715205
3,0.25,-0.45,4.7264,0.4410622705362773
3,0.25,-0.45,4.728000000000001,0.4410240279845662
3,0.25,-0.45,4.7296000000000005,0.44098579499249985
3,0.25,-0.45,4.7312,0.44094757155057146
3,0.25,-0.45,4.7328,0.4409093576492861
3,0.25,-0.45,4.7344,0.440871153279161
3,0.25,-0.45,4.736000000000001,0.4408329584307252
3,0.25,-0.45,4.7376000000000005,0.44079477309451975
3,0.25,-0.45,4.7392,0.4407565972610976
3,0.25,-0.45,4.7408,0.44071843092102375
3,0.25,-0.45,4.7424,0.440680274064875
3,0.25,-0.45,4.744000000000001,0.44064212668324
3,0.25,-0.45,4.7456000000000005,0.4406039887667193
3,0.25,-0.45,4.7472,0.4405658603059255
3,0.25,-0.45,4.7488,0.44052774129148276
3,0.25,-0.45,4.7504,0.44048963171402716
3,0.25,-0.45,4.752000000000001,0.44045153156420674
3,0.25,-0.45,4.7536000000000005,0.4404134408326811
3,0.25,-0.45,4.7552,0.4403753595101217
3,0.25,-0.45,4.7568,0.44033728758721186
3,0.25,-0.45,4.7584,0.4402992250546465
3,0.25,-0.45,4.76,0.4402611719031324
3,0.25,-0.45,4.7616000000000005,0.44022312812338804
3,0.25,-0.45,4.7632,0.4401850937061434
3,0.25,-0.45,4.7648,0.4401470686421403
3,0.25,-0.45,4.7664,0.4401090529221325
3,0.25,-0.45,4.768,0.44007104653688484
3,0.25,-0.45,4.7696000000000005,0.44003304947717414
3,0.25,-0.45,4.7712,0.4399950617337889
3,0.25,-0.45,4.7728,0.43995708329752903
3,0.25,-0.45,4.7744,0.43991911415920604
3,0.25,-0.45,4.776,0.4398811543096432
3,0.25,-0.45,4.7776000000000005,0.4398432037396751
3,0.25,-0.45,4.7792,0.4398052624401481
3,0.25,-0.45,4.7808,0.43976733040192
3,0.25,-0.45,4.7824,0.43972940761585994
3,0.25,-0.45,4.784,0.4396914940728488
3,0.25,-0.45,4.7856000000000005,0.4396535897637787
3,0.25,-0.45,4.7872,0.4396156946795536
3,0.25,-0.45,4.7888,0.4395778088110885
3,0.25,-0.45,4.7904,0.43953993214931003
3,0.25,-0.45,4.792,0.4395020646851562
3,0.25,-0.45,4.7936000000000005,0.4394642064095764
3,0.25,-0.45,4.7952,0.4394263573135316
3,0.25,-0.45,4.7968,0.4393885173879938
3,0.25,-0.45,4.7984,0.4393506866239465
3,0.25,-0.45,4.8,0.4393128650123848
3,0.25,-0.45,4.8016000000000005,0.4392750525443147
3,0.25,-0.45,4.8032,0.43923724921075386
3,0.25,-0.45,4.8048,0.43919945500273094
3,0.25,-0.45,4.8064,0.439161669911286
3,0.25,-0.45,4.808,0.43912389392747064
3,0.25,-0.45,4.8096000000000005,0.4390861270423473
3,0.25,-0.45,4.8112,0.4390483692469897
3,0.25,-0.45,4.8128,0.439010620532483
3,0.25,-0.45,4.8144,0.43897288088992364
3,0.25,-0.45,4.816,0.43893515031041885
3,0.25,-0.45,4.8176000000000005,0.43889742878508725
3,0.25,-0.45,4.8192,0.4388597163050587
3,0.25,-0.45,4.8208,0.43882201286147404
3,0.25,-0.45,4.8224,0.43878431844548543
3,0.25,-0.45,4.824,0.43874663304825595
3,0.25,-0.45,4.8256000000000006,0.43870895666095994
3,0.25,-0.45,4.8272,0.43867128927478277
3,0.25,-0.45,4.8288,0.4386336308809207
3,0.25,-0.45,4.8304,0.4385959814705814
3,0.25,-0.45,4.832,0.4385583410349833
3,0.25,-0.45,4.833600000000001,0.43852070956535594
3,0.25,-0.45,4.8352,0.43848308705293987
3,0.25,-0.45,4.8368,0.4384454734889866
3,0.25,-0.45,4.8384,0.4384078688647587
3,0.25,-0.45,4.84,0.4383702731715297
3,0.25,-0.45,4.841600000000001,0.438332686400584
3,0.25,-0.45,4.8432,0.43829510854321696
3,0.25,-0.45,4.8448,0.43825753959073493
3,0.25,-0.45,4.8464,0.43821997953445513
3,0.25,-0.45,4.848,0.4381824283657056
3,0.25,-0.45,4.849600000000001,0.4381448860758254
3,0.25,-0.45,4.8512,0.4381073526561644
3,0.25,-0.45,4.8528,0.43806982809808315
3,0.25,-0.45,4.8544,0.4380323123929533
3,0.25,-0.45,4.856,0.43799480553215714
3,0.25,-0.45,4.857600000000001,0.43795730750708795
3,0.25,-0.45,4.8592,0.43791981830914956
3,0.25,-0.45,4.8608,0.4378823379297567
3,0.25,-0.45,4.8624,0.43784486636033493
3,0.25,-0.45,4.864,0.43780740359232034
3,0.25,-0.45,4.865600000000001,0.43776994961716004
3,0.25,-0.45,4.8672,0.4377325044263117
3,0.25,-0.45,4.8688,0.43769506801124364
3,0.25,-0.45,4.8704,0.4376576403634349
3,0.25,-0.45,4.872,0.4376202214743753
3,0.25,-0.45,4.873600000000001,0.43758281133556537
3,0.25,-0.45,4.8752,0.4375454099385161
3,0.25,-0.45,4.8768,0.4375080172747492
3,0.25,-0.45,4.8784,0.43747063333579694
3,0.25,-0.45,4.88,0.4374332581132022
3,0.25,-0.45,4.881600000000001,0.4373958915985186
3,0.25,-0.45,4.8832,0.4373585337833103
3,0.25,-0.45,4.8848,0.4373211846591519
3,0.25,-0.45,4.8864,0.4372838442176285
3,0.25,-0.45,4.888,0.4372465124503359
3,0.25,-0.45,4.889600000000001,0.4372091893488804
3,0.25,-0.45,4.8912,0.43717187490487874
3,0.25,-0.45,4.8928,0.4371345691099582
3,0.25,-0.45,4.8944,0.4370972719557564
3,0.25,-0.45,4.896,0.4370599834339217
3,0.25,-0.45,4.897600000000001,0.43702270353611267
3,0.25,-0.45,4.8992,0.43698543225399844
3,0.25,-0.45,4.9008,0.4369481695792586
3,0.25,-0.45,4.9024,0.4369109155035829
3,0.25,-0.45,4.904,0.4368736700186718
3,0.25,-0.45,4.905600000000001,0.4368364331162359
3,0.25,-0.45,4.9072000000000005,0.4367992047879963
3,0.25,-0.45,4.9088,0.4367619850256844
3,0.25,-0.45,4.9104,0.43672477382104197
3,0.25,-0.45,4.912,0.43668757116582113
3,0.25,-0.45,4.913600000000001,0.4366503770517843
3,0.25,-0.45,4.9152000000000005,0.436613191470704
3,0.25,-0.45,4.9168,0.43657601441436344
3,0.25,-0.45,4.9184,0.43653884587455577
3,0.25,-0.45,4.92,0.4365016858430844
3,0.25,-0.45,4.921600000000001,0.4364645343117633
3,0.25,-0.45,4.9232000000000005,0.43642739127241625
3,0.25,-0.45,4.9248,0.4363902567168775
3,0.25,-0.45,4.9264,0.4363531306369914
3,0.25,-0.45,4.928,0.4363160130246127
3,0.25,-0.45,4.929600000000001,0.43627890387160606
3,0.25,-0.45,4.9312000000000005,0.4362418031698465
3,0.25,-0.45,4.9328,0.43620471091121893
3,0.25,-0.45,4.9344,0.4361676270876188
3,0.25,-0.45,4.936,0.4361305516909512
3,0.25,-0.45,4.937600000000001,0.4360934847131317
3,0.25,-0.45,4.9392000000000005,0.43605642614608575
3,0.25,-0.45,4.9408,0.4360193759817491
3,0.25,-0.45,4.9424,0.43598233421206734
3,0.25,-0.45,4.944,0.43594530082899624
3,0.25,-0.45,4.945600000000001,0.43590827582450153
3,0.25,-0.45,4.9472000000000005,0.4358712591905591
3,0.25,-0.45,4.9488,0.4358342509191547
3,0.25,-0.45,4.9504,0.4357972510022842
3,0.25,-0.45,4.952,0.4357602594319535
3,0.25,-0.45,4.953600000000001,0.43572327620017826
3,0.25,-0.45,4.9552000000000005,0.43568630129898434
3,0.25,-0.45,4.9568,0.43564933472040734
3,0.25,-0.45,4.9584,0.435612376456493
3,0.25,-0.45,4.96,0.4355754264992967
3,0.25,-0.45,4.961600000000001,0.43553848484088403
3,0.25,-0.45,4.9632000000000005,0.4355015514733304
3,0.25,-0.45,4.9648,0.43546462638872097
3,0.25,-0.45,4.9664,0.4354277095791509
3,0.25,-0.45,4.968,0.4353908010367251
3,0.25,-0.45,4.9696,0.4353539007535585
3,0.25,-0.45,4.9712000000000005,0.43531700872177564
3,0.25,-0.45,4.9728,0.4352801249335111
3,0.25,-0.45,4.9744,0.43524324938090897
3,0.25,-0.45,4.976,0.43520638205612344
3,0.25,-0.45,4.9776,0.43516952295131833
3,0.25,-0.45,4.9792000000000005,0.43513267205866724
3,0.25,-0.45,4.9808,0.43509582937035346
3,0.25,-0.45,4.9824,0.43505899487857025
3,0.25,-0.45,4.984,0.43502216857552023
3,0.25,-0.45,4.9856,0.4349853504534161
3,0.25,-0.45,4.9872000000000005,0.43494854050447995
3,0.25,-0.45,4.9888,0.43491173872094385
3,0.25,-0.45,4.9904,0.4348749450950493
3,0.25,-0.45,4.992,0.43483815961904765
3,0.25,-0.45,4.9936,0.43480138228519966
3,0.25,-0.45,4.9952000000000005,0.43476461308577613
3,0.25,-0.45,4.9968,0.43472785201305697
3,0.25,-0.45,4.9984,0.4346910990593321
3,0.25,-0.45,5.0,0.4346543542169009
