sensor_id,x,y,time,temperature
0,0.0,0.375,0.0,70.74771123665224
0,0.0,0.375,0.0016,70.73439024647544
0,0.0,0.375,0.0032,70.72107357043082
0,0.0,0.375,0.0048000000000000004,70.70776120715225
0,0.0,0.375,0.0064,70.69445315527298
0,0.0,0.375,0.008,70.6811494134257
0,0.0,0.375,0.009600000000000001,70.66784998024255
0,0.0,0.375,0.0112,70.65455485435497
0,0.0,0.375,0.0128,70.64126403439391
0,0.0,0.375,0.014400000000000001,70.62797751898971
0,0.0,0.375,0.016,70.61469530677215
0,0.0,0.375,0.0176,70.60141739637038
0,0.0,0.375,0.019200000000000002,70.58814378641307
0,0.0,0.375,0.020800000000000003,70.57487447552826
0,0.0,0.375,0.0224,70.56160946234343
0,0.0,0.375,0.024,70.54834874548553
0,0.0,0.375,0.0256,70.53509232358093
0,0.0,0.375,0.027200000000000002,70.52184019525545
0,0.0,0.375,0.028800000000000003,70.50859235913433
0,0.0,0.375,0.0304,70.49534881384234
0,0.0,0.375,0.032,70.48210955800363
0,0.0,0.375,0.033600000000000005,70.46887459024182
0,0.0,0.375,0.0352,70.45564390918004
0,0.0,0.375,0.0368,70.44241751344084
0,0.0,0.375,0.038400000000000004,70.42919540164624
0,0.0,0.375,0.04,70.41597757241776
0,0.0,0.375,0.041600000000000005,70.40276402437634
0,0.0,0.375,0.0432,70.38955475614247
0,0.0,0.375,0.0448,70.37634976633606
0,0.0,0.375,0.046400000000000004,70.36314905357655
0,0.0,0.375,0.048,70.34995261648281
0,0.0,0.375,0.049600000000000005,70.33676045367326
0,0.0,0.375,0.0512,70.32357256376578
0,0.0,0.375,0.0528,70.31038894537772
0,0.0,0.375,0.054400000000000004,70.29720959712601
0,0.0,0.375,0.056,70.28403451762699
0,0.0,0.375,0.057600000000000005,70.27086370549657
0,0.0,0.375,0.0592,70.2576971593501
0,0.0,0.375,0.0608,70.24453487780255
0,0.0,0.375,0.062400000000000004,70.2313768594683
0,0.0,0.375,0.064,70.21822310296129
0,0.0,0.375,0.0656,70.20507360689497
0,0.0,0.375,0.06720000000000001,70.19192836988232
0,0.0,0.375,0.0688,70.17878739053585
0,0.0,0.375,0.0704,70.16565066746756
0,0.0,0.375,0.07200000000000001,70.15251819928906
0,0.0,0.375,0.0736,70.13938998461141
0,0.0,0.375,0.0752,70.12626602204529
0,0.0,0.375,0.07680000000000001,70.11314631020083
0,0.0,0.375,0.0784,70.10003084768778
0,0.0,0.375,0.08,70.08691963311537
0,0.0,0.375,0.0816,70.07381266509245
0,0.0,0.375,0.08320000000000001,70.06070994222736
0,0.0,0.375,0.0848,70.04761146312806
0,0.0,0.375,0.0864,70.03451722640199
0,0.0,0.375,0.08800000000000001,70.0214272306562
0,0.0,0.375,0.0896,70.00834147449729
0,0.0,0.375,0.0912,69.99525995653143
0,0.0,0.375,0.09280000000000001,69.98218267536437
0,0.0,0.375,0.0944,69.96910962960142
0,0.0,0.375,0.096,69.95604081784745
0,0.0,0.375,0.0976,69.94297623870696
0,0.0,0.375,0.09920000000000001,69.92991589078396
0,0.0,0.375,0.1008,69.91685977268209
0,0.0,0.375,0.1024,69.90380788300456
0,0.0,0.375,0.10400000000000001,69.89076022035417
0,0.0,0.375,0.1056,69.87771678333333
0,0.0,0.375,0.1072,69.864677570544
0,0.0,0.375,0.10880000000000001,69.85164258058781
0,0.0,0.375,0.11040000000000001,69.83861181206589
0,0.0,0.375,0.112,69.8255852635791
0,0.0,0.375,0.1136,69.81256293372778
0,0.0,0.375,0.11520000000000001,69.79954482111197
0,0.0,0.375,0.1168,69.78653092433123
0,0.0,0.375,0.1184,69.77352124198484
0,0.0,0.375,0.12000000000000001,69.76051577267164
0,0.0,0.375,0.1216,69.74751451499007
0,0.0,0.375,0.1232,69.73451746753824
0,0.0,0.375,0.12480000000000001,69.72152462891383
0,0.0,0.375,0.1264,69.70853599771421
0,0.0,0.375,0.128,69.69555157253635
0,0.0,0.375,0.1296,69.68257135197682
0,0.0,0.375,0.1312,69.66959533463188
0,0.0,0.375,0.1328,69.65662351909741
0,0.0,0.375,0.13440000000000002,69.6436559039689
0,0.0,0.375,0.136,69.63069248784153
0,0.0,0.375,0.1376,69.61773326931008
0,0.0,0.375,0.13920000000000002,69.60477824696903
0,0.0,0.375,0.1408,69.59182741941245
0,0.0,0.375,0.1424,69.57888078523413
0,0.0,0.375,0.14400000000000002,69.5659383430275
0,0.0,0.375,0.1456,69.55300009138558
0,0.0,0.375,0.1472,69.54006602890114
0,0.0,0.375,0.14880000000000002,69.52713615416656
0,0.0,0.375,0.1504,69.51421046577391
0,0.0,0.375,0.152,69.50128896231496
0,0.0,0.375,0.15360000000000001,69.48837164238107
0,0.0,0.375,0.1552,69.47545850456335
0,0.0,0.375,0.1568,69.46254954745254
0,0.0,0.375,0.1584,69.4496447696391
0,0.0,0.375,0.16,69.43674416971311
0,0.0,0.375,0.16160000000000002,69.42384774626444
0,0.0,0.375,0.1632,69.41095549788254
0,0.0,0.375,0.1648,69.3980674231566
0,0.0,0.375,0.16640000000000002,69.3851835206755
0,0.0,0.375,0.168,69.37230378902778
0,0.0,0.375,0.1696,69.35942822680174
0,0.0,0.375,0.17120000000000002,69.34655683258535
0,0.0,0.375,0.1728,69.33368960496625
0,0.0,0.375,0.1744,69.32082654253185
0,0.0,0.375,0.17600000000000002,69.30796764386919
0,0.0,0.375,0.1776,69.2951129075651
0,0.0,0.375,0.1792,69.28226233220605
0,0.0,0.375,0.18080000000000002,69.26941591637828
0,0.0,0.375,0.1824,69.25657365866769
0,0.0,0.375,0.184,69.24373555765999
0,0.0,0.375,0.18560000000000001,69.23090161194052
0,0.0,0.375,0.1872,69.21807182009437
0,0.0,0.375,0.1888,69.20524618070638
0,0.0,0.375,0.1904,69.19242469236113
0,0.0,0.375,0.192,69.17960735364288
0,0.0,0.375,0.19360000000000002,69.16679416313563
0,0.0,0.375,0.1952,69.15398511942317
0,0.0,0.375,0.1968,69.14118022108902
0,0.0,0.375,0.19840000000000002,69.12837946671635
0,0.0,0.375,0.2,69.1155828548882
0,0.0,0.375,0.2016,69.10279038418729
0,0.0,0.375,0.20320000000000002,69.09000205319606
0,0.0,0.375,0.2048,69.07721786049679
0,0.0,0.375,0.2064,69.0644378046714
0,0.0,0.375,0.20800000000000002,69.05166188430167
0,0.0,0.375,0.2096,69.03889009796906
0,0.0,0.375,0.2112,69.02612244425485
0,0.0,0.375,0.21280000000000002,69.01335892174005
0,0.0,0.375,0.2144,69.00059952900544
0,0.0,0.375,0.216,68.98784426463155
0,0.0,0.375,0.21760000000000002,68.97509312719873
0,0.0,0.375,0.2192,68.96234611528706
0,0.0,0.375,0.22080000000000002,68.94960322747637
0,0.0,0.375,0.22240000000000001,68.93686446234634
0,0.0,0.375,0.224,68.92412981847639
0,0.0,0.375,0.22560000000000002,68.9113992944457
0,0.0,0.375,0.2272,68.89867288883326
0,0.0,0.375,0.2288,68.88595060021785
0,0.0,0.375,0.23040000000000002,68.87323242717807
0,0.0,0.375,0.232,68.8605183682922
0,0.0,0.375,0.2336,68.84780842213844
0,0.0,0.375,0.23520000000000002,68.83510258729471
0,0.0,0.375,0.2368,68.82240086233875
0,0.0,0.375,0.2384,68.80970324584813
0,0.0,0.375,0.24000000000000002,68.79700973640014
0,0.0,0.375,0.2416,68.78432033257201
0,0.0,0.375,0.2432,68.77163503294064
0,0.0,0.375,0.24480000000000002,68.75895383608284
0,0.0,0.375,0.2464,68.74627674057517
0,0.0,0.375,0.248,68.73360374499406
0,0.0,0.375,0.24960000000000002,68.72093484791571
0,0.0,0.375,0.25120000000000003,68.70827004791622
0,0.0,0.375,0.2528,68.69560934357139
0,0.0,0.375,0.2544,68.68295273345699
0,0.0,0.375,0.256,68.67030021614849
0,0.0,0.375,0.2576,68.6576517902213
0,0.0,0.375,0.2592,68.6450074542506
0,0.0,0.375,0.26080000000000003,68.63236720681144
0,0.0,0.375,0.2624,68.6197310464787
0,0.0,0.375,0.264,68.60709897182713
0,0.0,0.375,0.2656,68.5944709814313
0,0.0,0.375,0.2672,68.58184707386565
0,0.0,0.375,0.26880000000000004,68.56922724770448
0,0.0,0.375,0.27040000000000003,68.55661150152193
0,0.0,0.375,0.272,68.54399983389203
0,0.0,0.375,0.2736,68.53139224338868
0,0.0,0.375,0.2752,68.5187887285856
0,0.0,0.375,0.2768,68.50618928805646
0,0.0,0.375,0.27840000000000004,68.49359392037478
0,0.0,0.375,0.28,68.48100262411394
0,0.0,0.375,0.2816,68.46841539784722
0,0.0,0.375,0.2832,68.45583224014784
0,0.0,0.375,0.2848,68.44325314958887
0,0.0,0.375,0.2864,68.43067812474327
0,0.0,0.375,0.28800000000000003,68.41810716418395
0,0.0,0.375,0.2896,68.40554026648371
0,0.0,0.375,0.2912,68.39297743021528
0,0.0,0.375,0.2928,68.38041865395132
0,0.0,0.375,0.2944,68.3678639362644
0,0.0,0.375,0.29600000000000004,68.35531327572707
0,0.0,0.375,0.29760000000000003,68.34276667091177
0,0.0,0.375,0.2992,68.33022412039091
0,0.0,0.375,0.3008,68.31768562273689
0,0.0,0.375,0.3024,68.30515117652199
0,0.0,0.375,0.304,68.29262078031854
0,0.0,0.375,0.30560000000000004,68.28009443269883
0,0.0,0.375,0.30720000000000003,68.2675721322351
0,0.0,0.375,0.3088,68.25505387749965
0,0.0,0.375,0.3104,68.24253966706472
0,0.0,0.375,0.312,68.2300294995026
0,0.0,0.375,0.3136,68.21752337338557
0,0.0,0.375,0.31520000000000004,68.20502128728594
0,0.0,0.375,0.3168,68.1925232397761
0,0.0,0.375,0.3184,68.18002922942843
0,0.0,0.375,0.32,68.16753925481541
0,0.0,0.375,0.3216,68.15505331450959
0,0.0,0.375,0.32320000000000004,68.14257140708357
0,0.0,0.375,0.32480000000000003,68.13009353111005
0,0.0,0.375,0.3264,68.11761968516188
0,0.0,0.375,0.328,68.10514986781196
0,0.0,0.375,0.3296,68.09268407763335
0,0.0,0.375,0.3312,68.08022231319924
0,0.0,0.375,0.33280000000000004,68.067764573083
0,0.0,0.375,0.33440000000000003,68.05531085585812
0,0.0,0.375,0.336,68.0428611600983
0,0.0,0.375,0.3376,68.03041548437744
0,0.0,0.375,0.3392,68.01797382726969
0,0.0,0.375,0.3408,68.0055361873493
0,0.0,0.375,0.34240000000000004,67.9931025631909
0,0.0,0.375,0.34400000000000003,67.9806729533693
0,0.0,0.375,0.3456,67.9682473564596
0,0.0,0.375,0.3472,67.95582577103723
0,0.0,0.375,0.3488,67.94340819567788
0,0.0,0.375,0.3504,67.9309946289576
0,0.0,0.375,0.35200000000000004,67.91858506945277
0,0.0,0.375,0.3536,67.90617951574016
0,0.0,0.375,0.3552,67.89377796639691
0,0.0,0.375,0.3568,67.88138042000058
0,0.0,0.375,0.3584,67.86898687512912
0,0.0,0.375,0.36000000000000004,67.85659733036098
0,0.0,0.375,0.36160000000000003,67.84421178427506
0,0.0,0.375,0.3632,67.83183023545074
0,0.0,0.375,0.3648,67.81945268246795
0,0.0,0.375,0.3664,67.80707912390714
0,0.0,0.375,0.368,67.79470955834931
0,0.0,0.375,0.36960000000000004,67.7823439843761
0,0.0,0.375,0.37120000000000003,67.76998240056969
0,0.0,0.375,0.3728,67.75762480551298
0,0.0,0.375,0.3744,67.74527119778949
0,0.0,0.375,0.376,67.73292157598344
0,0.0,0.375,0.3776,67.72057593867981
0,0.0,0.375,0.37920000000000004,67.70823428446425
0,0.0,0.375,0.3808,67.69589661192326
0,0.0,0.375,0.3824,67.68356291964415
0,0.0,0.375,0.384,67.67123320621498
0,0.0,0.375,0.3856,67.6589074702248
0,0.0,0.375,0.38720000000000004,67.6465857102635
0,0.0,0.375,0.38880000000000003,67.63426792492186
0,0.0,0.375,0.3904,67.6219541127917
0,0.0,0.375,0.392,67.60964427246579
0,0.0,0.375,0.3936,67.59733840253794
0,0.0,0.375,0.3952,67.58503650160304
0,0.0,0.375,0.39680000000000004,67.57273856825707
0,0.0,0.375,0.39840000000000003,67.56044460109712
0,0.0,0.375,0.4,67.54815459872148
0,0.0,0.375,0.4016,67.53586855972961
0,0.0,0.375,0.4032,67.52358648272225
0,0.0,0.375,0.4048,67.51130836630139
0,0.0,0.375,0.40640000000000004,67.49903420907037
0,0.0,0.375,0.40800000000000003,67.48676400963387
0,0.0,0.375,0.4096,67.47449776659792
0,0.0,0.375,0.4112,67.46223547857008
0,0.0,0.375,0.4128,67.4499771441593
0,0.0,0.375,0.41440000000000005,67.43772276197609
0,0.0,0.375,0.41600000000000004,67.42547233063247
0,0.0,0.375,0.4176,67.41322584874212
0,0.0,0.375,0.4192,67.40098331492032
0,0.0,0.375,0.4208,67.38874472778404
0,0.0,0.375,0.4224,67.37651008595199
0,0.0,0.375,0.42400000000000004,67.36427938804462
0,0.0,0.375,0.42560000000000003,67.35205263268423
0,0.0,0.375,0.4272,67.33982981849496
0,0.0,0.375,0.4288,67.32761094410284
0,0.0,0.375,0.4304,67.3153960081359
0,0.0,0.375,0.432,67.3031850092241
0,0.0,0.375,0.43360000000000004,67.29097794599947
0,0.0,0.375,0.43520000000000003,67.27877481709615
0,0.0,0.375,0.4368,67.26657562115035
0,0.0,0.375,0.4384,67.25438035680058
0,0.0,0.375,0.44,67.24218902268746
0,0.0,0.375,0.44160000000000005,67.23000161745396
0,0.0,0.375,0.44320000000000004,67.21781813974536
0,0.0,0.375,0.44480000000000003,67.20563858820931
0,0.0,0.375,0.4464,67.19346296149592
0,0.0,0.375,0.448,67.18129125825776
0,0.0,0.375,0.4496,67.1691234771499
0,0.0,0.375,0.45120000000000005,67.15695961683005
0,0.0,0.375,0.45280000000000004,67.14479967595847
0,0.0,0.375,0.4544,67.1326436531982
0,0.0,0.375,0.456,67.12049154721491
0,0.0,0.375,0.4576,67.10834335667715
0,0.0,0.375,0.4592,67.09619908025621
0,0.0,0.375,0.46080000000000004,67.08405871662637
0,0.0,0.375,0.46240000000000003,67.07192226446479
0,0.0,0.375,0.464,67.05978972245161
0,0.0,0.375,0.4656,67.04766108927008
0,0.0,0.375,0.4672,67.0355363636065
0,0.0,0.375,0.46880000000000005,67.02341554415032
0,0.0,0.375,0.47040000000000004,67.01129862959426
0,0.0,0.375,0.47200000000000003,66.99918561863424
0,0.0,0.375,0.4736,66.98707650996954
0,0.0,0.375,0.4752,66.97497130230272
0,0.0,0.375,0.4768,66.9628699943399
0,0.0,0.375,0.47840000000000005,66.95077258479057
0,0.0,0.375,0.48000000000000004,66.93867907236778
0,0.0,0.375,0.48160000000000003,66.92658945578819
0,0.0,0.375,0.4832,66.91450373377208
0,0.0,0.375,0.4848,66.90242190504344
0,0.0,0.375,0.4864,66.89034396833
0,0.0,0.375,0.48800000000000004,66.87826992236329
0,0.0,0.375,0.48960000000000004,66.86619976587872
0,0.0,0.375,0.4912,66.85413349761558
0,0.0,0.375,0.4928,66.84207111631714
0,0.0,0.375,0.4944,66.83001262073071
0,0.0,0.375,0.496,66.8179580096077
0,0.0,0.375,0.49760000000000004,66.80590728170357
0,0.0,0.375,0.49920000000000003,66.79386043577804
0,0.0,0.375,0.5008,66.78181747059504
0,0.0,0.375,0.5024000000000001,66.7697783849228
0,0.0,0.375,0.504,66.7577431775339
0,0.0,0.375,0.5056,66.74571184720534
0,0.0,0.375,0.5072,66.73368439271853
0,0.0,0.375,0.5088,66.72166081285944
0,0.0,0.375,0.5104000000000001,66.70964110641856
0,0.0,0.375,0.512,66.69762527219102
0,0.0,0.375,0.5136000000000001,66.68561330897664
0,0.0,0.375,0.5152,66.6736052155799
0,0.0,0.375,0.5168,66.66160099081014
0,0.0,0.375,0.5184,66.64960063348147
0,0.0,0.375,0.52,66.63760414241285
0,0.0,0.375,0.5216000000000001,66.62561151642828
0,0.0,0.375,0.5232,66.61362275435664
0,0.0,0.375,0.5248,66.60163785503187
0,0.0,0.375,0.5264,66.58965681729303
0,0.0,0.375,0.528,66.5776796399843
0,0.0,0.375,0.5296000000000001,66.56570632195502
0,0.0,0.375,0.5312,66.55373686205981
0,0.0,0.375,0.5328,66.54177125915854
0,0.0,0.375,0.5344,66.52980951211644
0,0.0,0.375,0.536,66.51785161980412
0,0.0,0.375,0.5376000000000001,66.50589758109759
0,0.0,0.375,0.5392,66.4939473948784
0,0.0,0.375,0.5408000000000001,66.48200106003361
0,0.0,0.375,0.5424,66.47005857545584
0,0.0,0.375,0.544,66.45811994004333
0,0.0,0.375,0.5456,66.44618515270004
0,0.0,0.375,0.5472,66.43425421233559
0,0.0,0.375,0.5488000000000001,66.42232711786538
0,0.0,0.375,0.5504,66.41040386821065
0,0.0,0.375,0.552,66.39848446229846
0,0.0,0.375,0.5536,66.38656889906174
0,0.0,0.375,0.5552,66.37465717743947
0,0.0,0.375,0.5568000000000001,66.3627492963765
0,0.0,0.375,0.5584,66.35084525482375
0,0.0,0.375,0.56,66.3389450517382
0,0.0,0.375,0.5616,66.32704868608297
0,0.0,0.375,0.5632,66.31515615682731
0,0.0,0.375,0.5648000000000001,66.30326746294669
0,0.0,0.375,0.5664,66.29138260342275
0,0.0,0.375,0.5680000000000001,66.27950157724348
0,0.0,0.375,0.5696,66.26762438340313
0,0.0,0.375,0.5712,66.25575102090234
0,0.0,0.375,0.5728,66.24388148874812
0,0.0,0.375,0.5744,66.23201578595388
0,0.0,0.375,0.5760000000000001,66.22015391153951
0,0.0,0.375,0.5776,66.20829586453144
0,0.0,0.375,0.5792,66.1964416439626
0,0.0,0.375,0.5808,66.18459124887251
0,0.0,0.375,0.5824,66.17274467830723
0,0.0,0.375,0.5840000000000001,66.16090193131951
0,0.0,0.375,0.5856,66.1490630069688
0,0.0,0.375,0.5872,66.13722790432118
0,0.0,0.375,0.5888,66.12539662244956
0,0.0,0.375,0.5904,66.1135691604335
0,0.0,0.375,0.5920000000000001,66.10174551735945
0,0.0,0.375,0.5936,66.08992569232065
0,0.0,0.375,0.5952000000000001,66.07810968441719
0,0.0,0.375,0.5968,66.06629749275606
0,0.0,0.375,0.5984,66.05448911645117
0,0.0,0.375,0.6,66.0426845546233
0,0.0,0.375,0.6016,66.03088380640034
0,0.0,0.375,0.6032000000000001,66.01908687091702
0,0.0,0.375,0.6048,66.00729374731516
0,0.0,0.375,0.6064,65.99550443474362
0,0.0,0.375,0.608,65.98371893235834
0,0.0,0.375,0.6096,65.9719372393223
0,0.0,0.375,0.6112000000000001,65.96015935480561
0,0.0,0.375,0.6128,65.94838527798552
0,0.0,0.375,0.6144000000000001,65.93661500804646
0,0.0,0.375,0.616,65.92484854417998
0,0.0,0.375,0.6176,65.91308588558486
0,0.0,0.375,0.6192000000000001,65.9013270314671
0,0.0,0.375,0.6208,65.88957198103992
0,0.0,0.375,0.6224000000000001,65.87782073352375
0,0.0,0.375,0.624,65.86607328814635
0,0.0,0.375,0.6256,65.85432964414272
0,0.0,0.375,0.6272,65.84258980075516
0,0.0,0.375,0.6288,65.83085375723331
0,0.0,0.375,0.6304000000000001,65.81912151283409
0,0.0,0.375,0.632,65.80739306682182
0,0.0,0.375,0.6336,65.7956684184681
0,0.0,0.375,0.6352,65.78394756705195
0,0.0,0.375,0.6368,65.77223051185975
0,0.0,0.375,0.6384000000000001,65.76051725218525
0,0.0,0.375,0.64,65.74880778732962
0,0.0,0.375,0.6416000000000001,65.73710211660142
0,0.0,0.375,0.6432,65.72540023931661
0,0.0,0.375,0.6448,65.7137021547986
0,0.0,0.375,0.6464000000000001,65.70200786237821
0,0.0,0.375,0.648,65.69031736139368
0,0.0,0.375,0.6496000000000001,65.67863065119073
0,0.0,0.375,0.6512,65.66694773112249
0,0.0,0.375,0.6528,65.65526860054955
0,0.0,0.375,0.6544,65.64359325883994
0,0.0,0.375,0.656,65.6319217053692
0,0.0,0.375,0.6576000000000001,65.62025393952021
0,0.0,0.375,0.6592,65.60858996068343
0,0.0,0.375,0.6608,65.59692976825673
0,0.0,0.375,0.6624,65.58527336164542
0,0.0,0.375,0.664,65.5736207402623
0,0.0,0.375,0.6656000000000001,65.5619719035276
0,0.0,0.375,0.6672,65.55032685086906
0,0.0,0.375,0.6688000000000001,65.5386855817218
0,0.0,0.375,0.6704,65.52704809552844
0,0.0,0.375,0.672,65.51541439173904
0,0.0,0.375,0.6736000000000001,65.50378446981107
0,0.0,0.375,0.6752,65.49215832920946
0,0.0,0.375,0.6768000000000001,65.48053596940657
0,0.0,0.375,0.6784,65.46891738988221
0,0.0,0.375,0.68,65.45730259012353
0,0.0,0.375,0.6816,65.44569156962517
0,0.0,0.375,0.6832,65.43408432788912
0,0.0,0.375,0.6848000000000001,65.42248086442477
0,0.0,0.375,0.6864,65.41088117874892
0,0.0,0.375,0.6880000000000001,65.3992852703857
0,0.0,0.375,0.6896,65.38769313886664
0,0.0,0.375,0.6912,65.37610478373055
0,0.0,0.375,0.6928000000000001,65.36452020452364
0,0.0,0.375,0.6944,65.35293940079946
0,0.0,0.375,0.6960000000000001,65.34136237211878
0,0.0,0.375,0.6976,65.32978911804976
0,0.0,0.375,0.6992,65.31821963816778
0,0.0,0.375,0.7008,65.30665393205548
0,0.0,0.375,0.7024,65.29509199930281
0,0.0,0.375,0.7040000000000001,65.2835338395069
0,0.0,0.375,0.7056,65.2719794522721
0,0.0,0.375,0.7072,65.26042883721
0,0.0,0.375,0.7088,65.24888199393932
0,0.0,0.375,0.7104,65.23733892208594
0,0.0,0.375,0.7120000000000001,65.22579962128297
0,0.0,0.375,0.7136,65.21426409117053
0,0.0,0.375,0.7152000000000001,65.20273233139588
0,0.0,0.375,0.7168,65.1912043416134
0,0.0,0.375,0.7184,65.17968012148451
0,0.0,0.375,0.7200000000000001,65.16815967067761
0,0.0,0.375,0.7216,65.15664298886819
0,0.0,0.375,0.7232000000000001,65.14513007573869
0,0.0,0.375,0.7248,65.13362093097855
0,0.0,0.375,0.7264,65.12211555428414
0,0.0,0.375,0.728,65.11061394535875
0,0.0,0.375,0.7296,65.09911610391255
0,0.0,0.375,0.7312000000000001,65.0876220296626
0,0.0,0.375,0.7328,65.07613172233279
0,0.0,0.375,0.7344,65.06464518165384
0,0.0,0.375,0.736,65.05316240736325
0,0.0,0.375,0.7376,65.04168339920528
0,0.0,0.375,0.7392000000000001,65.03020815693095
0,0.0,0.375,0.7408,65.01873668029793
0,0.0,0.375,0.7424000000000001,65.00726896907064
0,0.0,0.375,0.744,64.99580502302008
0,0.0,0.375,0.7456,64.98434484192393
0,0.0,0.375,0.7472000000000001,64.97288842556641
0,0.0,0.375,0.7488,64.9614357737383
0,0.0,0.375,0.7504000000000001,64.94998688623694
0,0.0,0.375,0.752,64.93854176286614
0,0.0,0.375,0.7536,64.92710040343619
0,0.0,0.375,0.7552,64.9156628077638
0,0.0,0.375,0.7568,64.90422897567207
0,0.0,0.375,0.7584000000000001,64.89279890699048
0,0.0,0.375,0.76,64.88137260155483
0,0.0,0.375,0.7616,64.86995005920723
0,0.0,0.375,0.7632,64.85853127979604
0,0.0,0.375,0.7648,64.84711626317586
0,0.0,0.375,0.7664000000000001,64.8357050092075
0,0.0,0.375,0.768,64.82429751775788
0,0.0,0.375,0.7696000000000001,64.8128937887001
0,0.0,0.375,0.7712,64.8014938219133
0,0.0,0.375,0.7728,64.79009761728271
0,0.0,0.375,0.7744000000000001,64.77870517469954
0,0.0,0.375,0.776,64.767316494061
0,0.0,0.375,0.7776000000000001,64.75593157527025
0,0.0,0.375,0.7792,64.74455041823632
0,0.0,0.375,0.7808,64.73317302287414
0,0.0,0.375,0.7824,64.72179938910443
0,0.0,0.375,0.784,64.71042951685371
0,0.0,0.375,0.7856000000000001,64.69906340605426
0,0.0,0.375,0.7872,64.68770105664409
0,0.0,0.375,0.7888000000000001,64.67634246856682
0,0.0,0.375,0.7904,64.66498764177175
0,0.0,0.375,0.792,64.65363657621374
0,0.0,0.375,0.7936000000000001,64.64228927185324
0,0.0,0.375,0.7952,64.63094572865619
0,0.0,0.375,0.7968000000000001,64.61960594659398
0,0.0,0.375,0.7984,64.60826992564347
0,0.0,0.375,0.8,64.59693766578683
0,0.0,0.375,0.8016000000000001,64.58560916701165
0,0.0,0.375,0.8032,64.57428442931084
0,0.0,0.375,0.8048000000000001,64.5629634526825
0,0.0,0.375,0.8064,64.55164623712997
0,0.0,0.375,0.808,64.5403327826618
0,0.0,0.375,0.8096,64.52902308929166
0,0.0,0.375,0.8112,64.51771715703829
0,0.0,0.375,0.8128000000000001,64.5064149859255
0,0.0,0.375,0.8144,64.49511657598211
0,0.0,0.375,0.8160000000000001,64.48382192724189
0,0.0,0.375,0.8176,64.47253103974353
0,0.0,0.375,0.8192,64.46124391353061
0,0.0,0.375,0.8208000000000001,64.44996054865153
0,0.0,0.375,0.8224,64.43868094515946
0,0.0,0.375,0.8240000000000001,64.42740510311235
0,0.0,0.375,0.8256,64.41613302257284
0,0.0,0.375,0.8272,64.40486470360821
0,0.0,0.375,0.8288000000000001,64.39360014629034
0,0.0,0.375,0.8304,64.3823393506957
0,0.0,0.375,0.8320000000000001,64.37108231690526
0,0.0,0.375,0.8336,64.35982904500447
0,0.0,0.375,0.8352,64.34857953508325
0,0.0,0.375,0.8368,64.33733378723582
0,0.0,0.375,0.8384,64.32609180156084
0,0.0,0.375,0.8400000000000001,64.31485357816115
0,0.0,0.375,0.8416,64.30361911714394
0,0.0,0.375,0.8432000000000001,64.29238841862058
0,0.0,0.375,0.8448,64.28116148270652
0,0.0,0.375,0.8464,64.26993830952144
0,0.0,0.375,0.8480000000000001,64.25871889918895
0,0.0,0.375,0.8496,64.24750325183682
0,0.0,0.375,0.8512000000000001,64.23629136759668
0,0.0,0.375,0.8528,64.22508324660414
0,0.0,0.375,0.8544,64.21387888899868
0,0.0,0.375,0.8560000000000001,64.2026782949236
0,0.0,0.375,0.8576,64.191481464526
0,0.0,0.375,0.8592000000000001,64.18028839795673
0,0.0,0.375,0.8608,64.16909909537031
0,0.0,0.375,0.8624,64.15791355692491
0,0.0,0.375,0.864,64.14673178278233
0,0.0,0.375,0.8656,64.13555377310786
0,0.0,0.375,0.8672000000000001,64.12437952807038
0,0.0,0.375,0.8688,64.11320904784216
0,0.0,0.375,0.8704000000000001,64.10204233259891
0,0.0,0.375,0.872,64.09087938251974
0,0.0,0.375,0.8736,64.07972019778703
0,0.0,0.375,0.8752000000000001,64.06856477858645
0,0.0,0.375,0.8768,64.05741312510688
0,0.0,0.375,0.8784000000000001,64.04626523754041
0,0.0,0.375,0.88,64.03512111608225
0,0.0,0.375,0.8816,64.02398076093071
0,0.0,0.375,0.8832000000000001,64.0128441722871
0,0.0,0.375,0.8848,64.00171135035573
0,0.0,0.375,0.8864000000000001,63.990582295343906
0,0.0,0.375,0.888,63.979457007461775
0,0.0,0.375,0.8896000000000001,63.96833548692236
0,0.0,0.375,0.8912,63.95721773394149
0,0.0,0.375,0.8928,63.946103748737755
0,0.0,0.375,0.8944000000000001,63.934993531532456
0,0.0,0.375,0.896,63.923887082549534
0,0.0,0.375,0.8976000000000001,63.912784402015575
0,0.0,0.375,0.8992,63.90168549015973
0,0.0,0.375,0.9008,63.89059034721366
0,0.0,0.375,0.9024000000000001,63.87949897341155
0,0.0,0.375,0.904,63.86841136898997
0,0.0,0.375,0.9056000000000001,63.857327534187895
0,0.0,0.375,0.9072,63.84624746924664
0,0.0,0.375,0.9088,63.83517117440981
0,0.0,0.375,0.9104000000000001,63.82409864992324
0,0.0,0.375,0.912,63.813029896035026
0,0.0,0.375,0.9136000000000001,63.80196491299534
0,0.0,0.375,0.9152,63.79090370105652
0,0.0,0.375,0.9168000000000001,63.77984626047296
0,0.0,0.375,0.9184,63.76879259150103
0,0.0,0.375,0.92,63.757742694399134
0,0.0,0.375,0.9216000000000001,63.746696569427556
0,0.0,0.375,0.9232,63.73565421684848
0,0.0,0.375,0.9248000000000001,63.72461563692592
0,0.0,0.375,0.9264,63.71358082992569
0,0.0,0.375,0.928,63.702549796115335
0,0.0,0.375,0.9296000000000001,63.6915225357641
0,0.0,0.375,0.9312,63.6804990491429
0,0.0,0.375,0.9328000000000001,63.66947933652425
0,0.0,0.375,0.9344,63.658463398182214
0,0.0,0.375,0.936,63.6474512343924
0,0.0,0.375,0.9376000000000001,63.636442845431894
0,0.0,0.375,0.9392,63.6254382315792
0,0.0,0.375,0.9408000000000001,63.6144373931142
0,0.0,0.375,0.9424,63.603440330318136
0,0.0,0.375,0.9440000000000001,63.59244704347355
0,0.0,0.375,0.9456,63.58145753286421
0,0.0,0.375,0.9472,63.570471798775145
0,0.0,0.375,0.9488000000000001,63.5594898414925
0,0.0,0.375,0.9504,63.54851166130356
0,0.0,0.375,0.9520000000000001,63.5375372584967
0,0.0,0.375,0.9536,63.52656663336132
0,0.0,0.375,0.9552,63.51559978618782
0,0.0,0.375,0.9568000000000001,63.50463671726755
0,0.0,0.375,0.9584,63.49367742689276
0,0.0,0.375,0.9600000000000001,63.482721915356564
0,0.0,0.375,0.9616,63.471770182952916
0,0.0,0.375,0.9632000000000001,63.46082222997652
0,0.0,0.375,0.9648,63.449878056722845
0,0.0,0.375,0.9664,63.43893766348803
0,0.0,0.375,0.9680000000000001,63.42800105056889
0,0.0,0.375,0.9696,63.41706821826281
0,0.0,0.375,0.9712000000000001,63.4061391668678
0,0.0,0.375,0.9728,63.395213896682364
0,0.0,0.375,0.9744,63.384292408005486
0,0.0,0.375,0.9760000000000001,63.37337470113661
0,0.0,0.375,0.9776,63.362460776375585
0,0.0,0.375,0.9792000000000001,63.35155063402261
0,0.0,0.375,0.9808,63.34064427437821
0,0.0,0.375,0.9824,63.329741697743195
0,0.0,0.375,0.9840000000000001,63.31884290441863
0,0.0,0.375,0.9856,63.30794789470575
0,0.0,0.375,0.9872000000000001,63.29705666890597
0,0.0,0.375,0.9888,63.2861692273208
0,0.0,0.375,0.9904000000000001,63.27528557025187
0,0.0,0.375,0.992,63.26440569800083
0,0.0,0.375,0.9936,63.253529610869336
0,0.0,0.375,0.9952000000000001,63.242657309159
0,0.0,0.375,0.9968,63.23178879317137
0,0.0,0.375,0.9984000000000001,63.22092406320786
0,0.0,0.375,1.0,63.210063119569746
0,0.0,0.375,1.0016,63.19920596255812
0,0.0,0.375,1.0032,63.1883525924738
0,0.0,0.375,1.0048000000000001,63.17750300961739
0,0.0,0.375,1.0064,63.166657214289145
0,0.0,0.375,1.008,63.155815206789
0,0.0,0.375,1.0096,63.1449769874165
0,0.0,0.375,1.0112,63.13414255647077
0,0.0,0.375,1.0128000000000001,63.12331191425048
0,0.0,0.375,1.0144,63.1124850610538
0,0.0,0.375,1.016,63.1016619971784
0,0.0,0.375,1.0176,63.09084272292133
0,0.0,0.375,1.0192,63.08002723857906
0,0.0,0.375,1.0208000000000002,63.069215544447445
0,0.0,0.375,1.0224,63.058407640821635
0,0.0,0.375,1.024,63.047603527996074
0,0.0,0.375,1.0256,63.03680320626447
0,0.0,0.375,1.0272000000000001,63.02600667591974
0,0.0,0.375,1.0288000000000002,63.015213937253975
0,0.0,0.375,1.0304,63.00442499055843
0,0.0,0.375,1.032,62.99363983612345
0,0.0,0.375,1.0336,62.98285847423849
0,0.0,0.375,1.0352000000000001,62.972080905192016
0,0.0,0.375,1.0368,62.96130712927152
0,0.0,0.375,1.0384,62.95053714676348
0,0.0,0.375,1.04,62.93977095795327
0,0.0,0.375,1.0416,62.92900856312524
0,0.0,0.375,1.0432000000000001,62.91824996256255
0,0.0,0.375,1.0448,62.907495156547235
0,0.0,0.375,1.0464,62.896744145360124
0,0.0,0.375,1.048,62.88599692928084
0,0.0,0.375,1.0496,62.875253508587726
0,0.0,0.375,1.0512000000000001,62.86451388355785
0,0.0,0.375,1.0528,62.853778054466936
0,0.0,0.375,1.0544,62.84304602158938
0,0.0,0.375,1.056,62.83231778519818
0,0.0,0.375,1.0576,62.821593345564914
0,0.0,0.375,1.0592000000000001,62.81087270295972
0,0.0,0.375,1.0608,62.80015585765126
0,0.0,0.375,1.0624,62.78944280990665
0,0.0,0.375,1.064,62.77873355999151
0,0.0,0.375,1.0656,62.76802810816986
0,0.0,0.375,1.0672000000000001,62.75732645470411
0,0.0,0.375,1.0688,62.74662859985508
0,0.0,0.375,1.0704,62.73593454388187
0,0.0,0.375,1.072,62.725244287041924
0,0.0,0.375,1.0736,62.714557829590966
0,0.0,0.375,1.0752000000000002,62.70387517178294
0,0.0,0.375,1.0768,62.69319631387005
0,0.0,0.375,1.0784,62.68252125610263
0,0.0,0.375,1.08,62.67184999872925
0,0.0,0.375,1.0816000000000001,62.66118254199655
0,0.0,0.375,1.0832000000000002,62.65051888614932
0,0.0,0.375,1.0848,62.639859031430404
0,0.0,0.375,1.0864,62.62920297808069
0,0.0,0.375,1.088,62.61855072633911
0,0.0,0.375,1.0896000000000001,62.60790227644256
0,0.0,0.375,1.0912,62.59725762862593
0,0.0,0.375,1.0928,62.58661678312205
0,0.0,0.375,1.0944,62.57597974016163
0,0.0,0.375,1.096,62.5653464999733
0,0.0,0.375,1.0976000000000001,62.55471706278354
0,0.0,0.375,1.0992,62.544091428816664
0,0.0,0.375,1.1008,62.53346959829479
0,0.0,0.375,1.1024,62.522851571437826
0,0.0,0.375,1.104,62.512237348463415
0,0.0,0.375,1.1056000000000001,62.50162692958696
0,0.0,0.375,1.1072,62.491020315021565
0,0.0,0.375,1.1088,62.48041750497799
0,0.0,0.375,1.1104,62.469818499664676
0,0.0,0.375,1.112,62.45922329928769
0,0.0,0.375,1.1136000000000001,62.4486319040507
0,0.0,0.375,1.1152,62.43804431415496
0,0.0,0.375,1.1168,62.427460529799276
0,0.0,0.375,1.1184,62.416880551180014
0,0.0,0.375,1.12,62.406304378491036
0,0.0,0.375,1.1216000000000002,62.39573201192368
0,0.0,0.375,1.1232,62.385163451666756
0,0.0,0.375,1.1248,62.37459869790655
0,0.0,0.375,1.1264,62.36403775082671
0,0.0,0.375,1.1280000000000001,62.35348061060832
0,0.0,0.375,1.1296000000000002,62.34292727742985
0,0.0,0.375,1.1312,62.332377751467085
0,0.0,0.375,1.1328,62.32183203289316
0,0.0,0.375,1.1344,62.311290121878535
0,0.0,0.375,1.1360000000000001,62.30075201859091
0,0.0,0.375,1.1376,62.29021772319532
0,0.0,0.375,1.1392,62.27968723585399
0,0.0,0.375,1.1408,62.26916055672639
0,0.0,0.375,1.1424,62.25863768596919
0,0.0,0.375,1.1440000000000001,62.24811862373627
0,0.0,0.375,1.1456,62.23760337017861
0,0.0,0.375,1.1472,62.22709192544439
0,0.0,0.375,1.1488,62.21658428967889
0,0.0,0.375,1.1504,62.206080463024506
0,0.0,0.375,1.1520000000000001,62.1955804456207
0,0.0,0.375,1.1536,62.185084237604016
0,0.0,0.375,1.1552,62.17459183910802
0,0.0,0.375,1.1568,62.16410325026333
0,0.0,0.375,1.1584,62.15361847119757
0,0.0,0.375,1.1600000000000001,62.143137502035316
0,0.0,0.375,1.1616,62.13266034289816
0,0.0,0.375,1.1632,62.12218699390463
0,0.0,0.375,1.1648,62.11171745517018
0,0.0,0.375,1.1664,62.101251726807185
0,0.0,0.375,1.1680000000000001,62.090789808924924
0,0.0,0.375,1.1696,62.08033170162955
0,0.0,0.375,1.1712,62.06987740502408
0,0.0,0.375,1.1728,62.0594269192084
0,0.0,0.375,1.1744,62.04898024427919
0,0.0,0.375,1.1760000000000002,62.03853738032997
0,0.0,0.375,1.1776,62.02809832745105
0,0.0,0.375,1.1792,62.01766308572952
0,0.0,0.375,1.1808,62.00723165524923
0,0.0,0.375,1.1824000000000001,61.996804036090786
0,0.0,0.375,1.1840000000000002,61.98638022833153
0,0.0,0.375,1.1856,61.975960232045516
0,0.0,0.375,1.1872,61.965544047303496
0,0.0,0.375,1.1888,61.95513167417291
0,0.0,0.375,1.1904000000000001,61.944723112717874
0,0.0,0.375,1.192,61.934318362999164
0,0.0,0.375,1.1936,61.92391742507419
0,0.0,0.375,1.1952,61.913520298997
0,0.0,0.375,1.1968,61.90312698481824
0,0.0,0.375,1.1984000000000001,61.89273748258517
0,0.0,0.375,1.2,61.88235179234163
0,0.0,0.375,1.2016,61.87196991412803
0,0.0,0.375,1.2032,61.86159184798134
0,0.0,0.375,1.2048,61.851217593935075
0,0.0,0.375,1.2064000000000001,61.840847152019286
0,0.0,0.375,1.208,61.830480522260515
0,0.0,0.375,1.2096,61.82011770468185
0,0.0,0.375,1.2112,61.809758699302854
0,0.0,0.375,1.2128,61.79940350613956
0,0.0,0.375,1.2144000000000001,61.78905212520448
0,0.0,0.375,1.216,61.778704556506575
0,0.0,0.375,1.2176,61.76836080005126
0,0.0,0.375,1.2192,61.758020855840364
0,0.0,0.375,1.2208,61.74768472387214
0,0.0,0.375,1.2224000000000002,61.73735240414127
0,0.0,0.375,1.224,61.727023896638805
0,0.0,0.375,1.2256,61.7166992013522
0,0.0,0.375,1.2272,61.70637831826527
0,0.0,0.375,1.2288000000000001,61.69606124735821
0,0.0,0.375,1.2304000000000002,61.685747988607545
0,0.0,0.375,1.232,61.67543854198617
0,0.0,0.375,1.2336,61.66513290746328
0,0.0,0.375,1.2352,61.654831085004425
0,0.0,0.375,1.2368000000000001,61.644533074571434
0,0.0,0.375,1.2384000000000002,61.63423887612247
0,0.0,0.375,1.24,61.62394848961195
0,0.0,0.375,1.2416,61.61366191499061
0,0.0,0.375,1.2432,61.603379152205434
0,0.0,0.375,1.2448000000000001,61.59310020119967
0,0.0,0.375,1.2464,61.582825061912835
0,0.0,0.375,1.248,61.57255373428069
0,0.0,0.375,1.2496,61.5622862182352
0,0.0,0.375,1.2512,61.5520225137046
0,0.0,0.375,1.2528000000000001,61.54176262061331
0,0.0,0.375,1.2544,61.53150653888199
0,0.0,0.375,1.256,61.521254268427484
0,0.0,0.375,1.2576,61.511005809162825
0,0.0,0.375,1.2592,61.50076116099724
0,0.0,0.375,1.2608000000000001,61.49052032383614
0,0.0,0.375,1.2624,61.48028329758109
0,0.0,0.375,1.264,61.470050082129845
0,0.0,0.375,1.2656,61.45982067737629
0,0.0,0.375,1.2672,61.44959508321047
0,0.0,0.375,1.2688000000000001,61.43937329951856
0,0.0,0.375,1.2704,61.42915532618289
0,0.0,0.375,1.272,61.41894116308189
0,0.0,0.375,1.2736,61.408730810090134
0,0.0,0.375,1.2752000000000001,61.3985242670783
0,0.0,0.375,1.2768000000000002,61.388321533913185
0,0.0,0.375,1.2784,61.378122610457666
0,0.0,0.375,1.28,61.36792749657074
0,0.0,0.375,1.2816,61.35773619210747
0,0.0,0.375,1.2832000000000001,61.34754869691901
0,0.0,0.375,1.2848000000000002,61.337365010852636
0,0.0,0.375,1.2864,61.3271851337516
0,0.0,0.375,1.288,61.317009065455316
0,0.0,0.375,1.2896,61.306836805799215
0,0.0,0.375,1.2912000000000001,61.29666835461478
0,0.0,0.375,1.2928000000000002,61.286503711729566
0,0.0,0.375,1.2944,61.27634287696716
0,0.0,0.375,1.296,61.2661858501472
0,0.0,0.375,1.2976,61.25603263108537
0,0.0,0.375,1.2992000000000001,61.245883219593345
0,0.0,0.375,1.3008,61.23573761547889
0,0.0,0.375,1.3024,61.225595818545735
0,0.0,0.375,1.304,61.21545782859367
0,0.0,0.375,1.3056,61.20532364541849
0,0.0,0.375,1.3072000000000001,61.195193268811984
0,0.0,0.375,1.3088,61.18506669856199
0,0.0,0.375,1.3104,61.1749439344523
0,0.0,0.375,1.312,61.16482497626275
0,0.0,0.375,1.3136,61.154709823769146
0,0.0,0.375,1.3152000000000001,61.1445984767433
0,0.0,0.375,1.3168,61.134490934953014
0,0.0,0.375,1.3184,61.124387198162076
0,0.0,0.375,1.32,61.114287266130276
0,0.0,0.375,1.3216,61.10419113861336
0,0.0,0.375,1.3232000000000002,61.09409881536307
0,0.0,0.375,1.3248,61.08401029612712
0,0.0,0.375,1.3264,61.073925580649195
0,0.0,0.375,1.328,61.06384466866896
0,0.0,0.375,1.3296000000000001,61.05376755992206
0,0.0,0.375,1.3312000000000002,61.04369425414008
0,0.0,0.375,1.3328,61.03362475105059
0,0.0,0.375,1.3344,61.02355905037713
0,0.0,0.375,1.336,61.01349715183919
0,0.0,0.375,1.3376000000000001,61.00343905515222
0,0.0,0.375,1.3392000000000002,60.993384760027645
0,0.0,0.375,1.3408,60.98333426617284
0,0.0,0.375,1.3424,60.973287573291124
0,0.0,0.375,1.344,60.963244681081775
0,0.0,0.375,1.3456000000000001,60.953205589240056
0,0.0,0.375,1.3472000000000002,60.94317029745713
0,0.0,0.375,1.3488,60.93313880542015
0,0.0,0.375,1.3504,60.923111112812215
0,0.0,0.375,1.352,60.91308721931237
0,0.0,0.375,1.3536000000000001,60.90306712459562
0,0.0,0.375,1.3552,60.89305082833289
0,0.0,0.375,1.3568,60.88303833019109
0,0.0,0.375,1.3584,60.87302962983306
0,0.0,0.375,1.36,60.86302472691761
0,0.0,0.375,1.3616000000000001,60.85302362109945
0,0.0,0.375,1.3632,60.84302631202929
0,0.0,0.375,1.3648,60.83303279935376
0,0.0,0.375,1.3664,60.823043082715444
0,0.0,0.375,1.368,60.81305716175289
0,0.0,0.375,1.3696000000000002,60.80307503610057
0,0.0,0.375,1.3712,60.79309670538894
0,0.0,0.375,1.3728,60.78312216924437
0,0.0,0.375,1.3744,60.77315142728921
0,0.0,0.375,1.3760000000000001,60.763184479141735
0,0.0,0.375,1.3776000000000002,60.7532213244162
0,0.0,0.375,1.3792,60.7432619627228
0,0.0,0.375,1.3808,60.733306393667675
0,0.0,0.375,1.3824,60.723354616852944
0,0.0,0.375,1.3840000000000001,60.713406631876666
0,0.0,0.375,1.3856000000000002,60.70346243833287
0,0.0,0.375,1.3872,60.69352203581153
0,0.0,0.375,1.3888,60.683585423898606
0,0.0,0.375,1.3904,60.67365260217599
0,0.0,0.375,1.3920000000000001,60.663723570221556
0,0.0,0.375,1.3936000000000002,60.653798327609145
0,0.0,0.375,1.3952,60.64387687390855
0,0.0,0.375,1.3968,60.63395920868556
0,0.0,0.375,1.3984,60.62404533150191
0,0.0,0.375,1.4000000000000001,60.614135241915335
0,0.0,0.375,1.4016,60.60422893947953
0,0.0,0.375,1.4032,60.59432642374417
0,0.0,0.375,1.4048,60.5844276942549
0,0.0,0.375,1.4064,60.57453275055337
0,0.0,0.375,1.4080000000000001,60.564641592177196
0,0.0,0.375,1.4096,60.554754218659994
0,0.0,0.375,1.4112,60.54487062953137
0,0.0,0.375,1.4128,60.534990824316914
0,0.0,0.375,1.4144,60.525114802538226
0,0.0,0.375,1.4160000000000001,60.51524256371289
0,0.0,0.375,1.4176,60.505374107354505
0,0.0,0.375,1.4192,60.49550943297267
0,0.0,0.375,1.4208,60.48564854007298
0,0.0,0.375,1.4224,60.47579142815705
0,0.0,0.375,1.4240000000000002,60.465938096722525
0,0.0,0.375,1.4256,60.456088545263036
0,0.0,0.375,1.4272,60.44624277326827
0,0.0,0.375,1.4288,60.4364007802239
0,0.0,0.375,1.4304000000000001,60.42656256561166
0,0.0,0.375,1.4320000000000002,60.416728128909305
0,0.0,0.375,1.4336,60.406897469590604
0,0.0,0.375,1.4352,60.397070587125405
0,0.0,0.375,1.4368,60.38724748097956
0,0.0,0.375,1.4384000000000001,60.37742815061499
0,0.0,0.375,1.4400000000000002,60.36761259548965
0,0.0,0.375,1.4416,60.35780081505757
0,0.0,0.375,1.4432,60.34799280876882
0,0.0,0.375,1.4448,60.33818857606955
0,0.0,0.375,1.4464000000000001,60.32838811640194
0,0.0,0.375,1.4480000000000002,60.31859142920429
0,0.0,0.375,1.4496,60.30879851391093
0,0.0,0.375,1.4512,60.29900936995231
0,0.0,0.375,1.4528,60.28922399675493
0,0.0,0.375,1.4544000000000001,60.27944239374139
0,0.0,0.375,1.456,60.26966456033038
0,0.0,0.375,1.4576,60.259890495936716
0,0.0,0.375,1.4592,60.250120199971256
0,0.0,0.375,1.4608,60.24035367184102
0,0.0,0.375,1.4624000000000001,60.23059091094912
0,0.0,0.375,1.464,60.22083191669478
0,0.0,0.375,1.4656,60.21107668847335
0,0.0,0.375,1.4672,60.20132522567629
0,0.0,0.375,1.4688,60.19157752769122
0,0.0,0.375,1.4704000000000002,60.18183359390187
0,0.0,0.375,1.472,60.172093423688125
0,0.0,0.375,1.4736,60.162357016426014
0,0.0,0.375,1.4752,60.15262437148773
0,0.0,0.375,1.4768000000000001,60.142895488241585
0,0.0,0.375,1.4784000000000002,60.133170366052084
0,0.0,0.375,1.48,60.123449004279905
0,0.0,0.375,1.4816,60.11373140228187
0,0.0,0.375,1.4832,60.104017559411005
0,0.0,0.375,1.4848000000000001,60.09430747501651
0,0.0,0.375,1.4864000000000002,60.08460114844377
0,0.0,0.375,1.488,60.07489857903438
0,0.0,0.375,1.4896,60.065199766126106
0,0.0,0.375,1.4912,60.05550470905296
0,0.0,0.375,1.4928000000000001,60.04581340714513
0,0.0,0.375,1.4944000000000002,60.036125859729054
0,0.0,0.375,1.496,60.026442066127366
0,0.0,0.375,1.4976,60.016762025658956
0,0.0,0.375,1.4992,60.00708573763891
0,0.0,0.375,1.5008000000000001,59.9974132013786
0,0.0,0.375,1.5024000000000002,59.98774441618562
0,0.0,0.375,1.504,59.97807938136381
0,0.0,0.375,1.5056,59.968418096213306
0,0.0,0.375,1.5072,59.95876056003049
0,0.0,0.375,1.5088000000000001,59.949106772107996
0,0.0,0.375,1.5104,59.939456731734765
0,0.0,0.375,1.512,59.92981043819601
0,0.0,0.375,1.5136,59.920167890773236
0,0.0,0.375,1.5152,59.91052908874425
0,0.0,0.375,1.5168000000000001,59.90089403138316
0,0.0,0.375,1.5184,59.89126271796038
0,0.0,0.375,1.52,59.88163514774265
0,0.0,0.375,1.5216,59.87201131999303
0,0.0,0.375,1.5232,59.86239123397091
0,0.0,0.375,1.5248000000000002,59.85277488893202
0,0.0,0.375,1.5264,59.84316228412842
0,0.0,0.375,1.528,59.83355341880853
0,0.0,0.375,1.5296,59.82394829221713
0,0.0,0.375,1.5312000000000001,59.81434690359536
0,0.0,0.375,1.5328000000000002,59.80474925218073
0,0.0,0.375,1.5344,59.79515533720713
0,0.0,0.375,1.536,59.78556515790481
0,0.0,0.375,1.5376,59.775978713500464
0,0.0,0.375,1.5392000000000001,59.766396003217125
0,0.0,0.375,1.5408000000000002,59.756817026274284
0,0.0,0.375,1.5424,59.747241781887794
0,0.0,0.375,1.544,59.73767026926997
0,0.0,0.375,1.5456,59.72810248762951
0,0.0,0.375,1.5472000000000001,59.718538436171585
0,0.0,0.375,1.5488000000000002,59.70897811409779
0,0.0,0.375,1.5504,59.699421520606165
0,0.0,0.375,1.552,59.689868654891214
0,0.0,0.375,1.5536,59.68031951614388
0,0.0,0.375,1.5552000000000001,59.670774103551594
0,0.0,0.375,1.5568000000000002,59.66123241629827
0,0.0,0.375,1.5584,59.65169445356429
0,0.0,0.375,1.56,59.642160214526534
0,0.0,0.375,1.5616,59.63262969835838
0,0.0,0.375,1.5632000000000001,59.62310290422971
0,0.0,0.375,1.5648,59.613579831306915
0,0.0,0.375,1.5664,59.60406047875292
0,0.0,0.375,1.568,59.59454484572717
0,0.0,0.375,1.5696,59.58503293138564
0,0.0,0.375,1.5712000000000002,59.575524734880865
0,0.0,0.375,1.5728,59.56602025536192
0,0.0,0.375,1.5744,59.55651949197443
0,0.0,0.375,1.576,59.54702244386059
0,0.0,0.375,1.5776000000000001,59.537529110159184
0,0.0,0.375,1.5792000000000002,59.52803949000556
0,0.0,0.375,1.5808,59.51855358253167
0,0.0,0.375,1.5824,59.50907138686605
0,0.0,0.375,1.584,59.499592902133834
0,0.0,0.375,1.5856000000000001,59.4901181274568
0,0.0,0.375,1.5872000000000002,59.48064706195331
0,0.0,0.375,1.5888,59.471179704738375
0,0.0,0.375,1.5904,59.461716054923635
0,0.0,0.375,1.592,59.45225611161737
0,0.0,0.375,1.5936000000000001,59.44279987392452
0,0.0,0.375,1.5952000000000002,59.43334734094668
0,0.0,0.375,1.5968,59.423898511782106
0,0.0,0.375,1.5984,59.41445338552574
0,0.0,0.375,1.6,59.4050119612692
0,0.0,0.375,1.6016000000000001,59.3955742381008
0,0.0,0.375,1.6032000000000002,59.38614021510554
0,0.0,0.375,1.6048,59.37670989136514
0,0.0,0.375,1.6064,59.36728326595805
0,0.0,0.375,1.608,59.357860337959394
0,0.0,0.375,1.6096000000000001,59.348441106441086
0,0.0,0.375,1.6112000000000002,59.33902557047173
0,0.0,0.375,1.6128,59.329613729116716
0,0.0,0.375,1.6144,59.32020558143815
0,0.0,0.375,1.616,59.31080112649494
0,0.0,0.375,1.6176000000000001,59.301400363342744
0,0.0,0.375,1.6192,59.29200329103401
0,0.0,0.375,1.6208,59.28260990861795
0,0.0,0.375,1.6224,59.27322021514061
0,0.0,0.375,1.624,59.26383420964481
0,0.0,0.375,1.6256000000000002,59.254451891170206
0,0.0,0.375,1.6272,59.245073258753244
0,0.0,0.375,1.6288,59.235698311427235
0,0.0,0.375,1.6304,59.226327048222295
0,0.0,0.375,1.6320000000000001,59.21695946816541
0,0.0,0.375,1.6336000000000002,59.207595570280404
0,0.0,0.375,1.6352,59.198235353587975
0,0.0,0.375,1.6368,59.18887881710569
0,0.0,0.375,1.6384,59.179525959847965
0,0.0,0.375,1.6400000000000001,59.17017678082616
0,0.0,0.375,1.6416000000000002,59.16083127904849
0,0.0,0.375,1.6432,59.15148945352007
0,0.0,0.375,1.6448,59.14215130324295
0,0.0,0.375,1.6464,59.13281682721609
0,0.0,0.375,1.6480000000000001,59.123486024435365
0,0.0,0.375,1.6496000000000002,59.11415889389363
0,0.0,0.375,1.6512,59.10483543458064
0,0.0,0.375,1.6528,59.09551564548313
0,0.0,0.375,1.6544,59.086199525584775
0,0.0,0.375,1.6560000000000001,59.07688707386625
0,0.0,0.375,1.6576000000000002,59.06757828930519
0,0.0,0.375,1.6592,59.05827317087622
0,0.0,0.375,1.6608,59.04897171755098
0,0.0,0.375,1.6624,59.039673928298065
0,0.0,0.375,1.6640000000000001,59.030379802083154
0,0.0,0.375,1.6656,59.021089337868894
0,0.0,0.375,1.6672,59.011802534614986
0,0.0,0.375,1.6688,59.00251939127816
0,0.0,0.375,1.6704,58.9932399068122
0,0.0,0.375,1.6720000000000002,58.983964080167944
0,0.0,0.375,1.6736,58.97469191029329
0,0.0,0.375,1.6752,58.96542339613321
0,0.0,0.375,1.6768,58.95615853662977
0,0.0,0.375,1.6784000000000001,58.94689733072211
0,0.0,0.375,1.6800000000000002,58.937639777346476
0,0.0,0.375,1.6816,58.92838587543621
0,0.0,0.375,1.6832,58.9191356239218
0,0.0,0.375,1.6848,58.90988902173083
0,0.0,0.375,1.6864000000000001,58.90064606778801
0,0.0,0.375,1.6880000000000002,58.891406761015226
0,0.0,0.375,1.6896,58.882171100331476
0,0.0,0.375,1.6912,58.87293908465295
0,0.0,0.375,1.6928,58.86371071289299
0,0.0,0.375,1.6944000000000001,58.8544859839621
0,0.0,0.375,1.6960000000000002,58.84526489676799
0,0.0,0.375,1.6976,58.83604745021557
0,0.0,0.375,1.6992,58.826833643206896
0,0.0,0.375,1.7008,58.8176234746413
0,0.0,0.375,1.7024000000000001,58.80841694341532
0,0.0,0.375,1.7040000000000002,58.799214048422684
0,0.0,0.375,1.7056,58.79001478855438
0,0.0,0.375,1.7072,58.780819162698656
0,0.0,0.375,1.7088,58.771627169740995
0,0.0,0.375,1.7104000000000001,58.76243880856414
0,0.0,0.375,1.7120000000000002,58.753254078048116
0,0.0,0.375,1.7136,58.74407297707021
0,0.0,0.375,1.7152,58.73489550450501
0,0.0,0.375,1.7168,58.7257216592244
0,0.0,0.375,1.7184000000000001,58.716551440097554
0,0.0,0.375,1.72,58.70738484599098
0,0.0,0.375,1.7216,58.6982218757685
0,0.0,0.375,1.7232,58.68906252829126
0,0.0,0.375,1.7248,58.679906802417754
0,0.0,0.375,1.7264000000000002,58.67075469700382
0,0.0,0.375,1.728,58.661606210902654
0,0.0,0.375,1.7296,58.65246134296481
0,0.0,0.375,1.7312,58.64332009203822
0,0.0,0.375,1.7328000000000001,58.634182456968226
0,0.0,0.375,1.7344000000000002,58.6250484365975
0,0.0,0.375,1.736,58.61591802976617
0,0.0,0.375,1.7376,58.60679123531174
0,0.0,0.375,1.7392,58.597668052069146
0,0.0,0.375,1.7408000000000001,58.58854847887075
0,0.0,0.375,1.7424000000000002,58.579432514546326
0,0.0,0.375,1.744,58.57032015792312
0,0.0,0.375,1.7456,58.561211407825816
0,0.0,0.375,1.7472,58.55210626307657
0,0.0,0.375,1.7488000000000001,58.54300472249497
0,0.0,0.375,1.7504000000000002,58.53390678489812
0,0.0,0.375,1.752,58.524812449100594
0,0.0,0.375,1.7536,58.51572171391445
0,0.0,0.375,1.7552,58.50663457814927
0,0.0,0.375,1.7568000000000001,58.49755104061213
0,0.0,0.375,1.7584000000000002,58.48847110010764
0,0.0,0.375,1.76,58.47939475543791
0,0.0,0.375,1.7616,58.47032200540263
0,0.0,0.375,1.7632,58.461252848799006
0,0.0,0.375,1.7648000000000001,58.45218728442181
0,0.0,0.375,1.7664000000000002,58.44312531106336
0,0.0,0.375,1.768,58.43406692751356
0,0.0,0.375,1.7696,58.4250121325599
0,0.0,0.375,1.7712,58.41596092498744
0,0.0,0.375,1.7728000000000002,58.40691330357885
0,0.0,0.375,1.7744,58.39786926711438
0,0.0,0.375,1.776,58.38882881437194
0,0.0,0.375,1.7776,58.37979194412702
0,0.0,0.375,1.7792000000000001,58.37075865515276
0,0.0,0.375,1.7808000000000002,58.36172894621995
0,0.0,0.375,1.7824,58.35270281609699
0,0.0,0.375,1.784,58.34368026354998
0,0.0,0.375,1.7856,58.33466128734265
0,0.0,0.375,1.7872000000000001,58.32564588623642
0,0.0,0.375,1.7888000000000002,58.316634058990395
0,0.0,0.375,1.7904,58.30762580436137
0,0.0,0.375,1.792,58.298621121103814
0,0.0,0.375,1.7936,58.28962000796993
0,0.0,0.375,1.7952000000000001,58.28062246370963
0,0.0,0.375,1.7968000000000002,58.271628487070544
0,0.0,0.375,1.7984,58.26263807679804
0,0.0,0.375,1.8,58.25365123163524
0,0.0,0.375,1.8016,58.244667950322984
0,0.0,0.375,1.8032000000000001,58.23568823159989
0,0.0,0.375,1.8048000000000002,58.22671207420233
0,0.0,0.375,1.8064,58.21773947686447
0,0.0,0.375,1.808,58.20877043831825
0,0.0,0.375,1.8096,58.199804957293374
0,0.0,0.375,1.8112000000000001,58.190843032517385
0,0.0,0.375,1.8128000000000002,58.181884662715625
0,0.0,0.375,1.8144,58.172929846611225
0,0.0,0.375,1.816,58.163978582925175
0,0.0,0.375,1.8176,58.15503087037628
0,0.0,0.375,1.8192000000000002,58.146086707681185
0,0.0,0.375,1.8208000000000002,58.1371460935544
0,0.0,0.375,1.8224,58.12820902670827
0,0.0,0.375,1.824,58.11927550585301
0,0.0,0.375,1.8256000000000001,58.11034552969672
0,0.0,0.375,1.8272000000000002,58.1014190969454
0,0.0,0.375,1.8288,58.0924962063029
0,0.0,0.375,1.8304,58.08357685647099
0,0.0,0.375,1.832,58.07466104614935
0,0.0,0.375,1.8336000000000001,58.06574877403558
0,0.0,0.375,1.8352000000000002,58.056840038825186
0,0.0,0.375,1.8368,58.04793483921162
0,0.0,0.375,1.8384,58.03903317388627
0,0.0,0.375,1.84,58.03013504153846
0,0.0,0.375,1.8416000000000001,58.021240440855486
0,0.0,0.375,1.8432000000000002,58.01234937052262
0,0.0,0.375,1.8448,58.003461829223085
0,0.0,0.375,1.8464,57.99457781563809
0,0.0,0.375,1.848,57.98569732844684
0,0.0,0.375,1.8496000000000001,57.97682036632653
0,0.0,0.375,1.8512000000000002,57.96794692795237
0,0.0,0.375,1.8528,57.95907701199758
0,0.0,0.375,1.8544,57.950210617133386
0,0.0,0.375,1.856,57.94134774202906
0,0.0,0.375,1.8576000000000001,57.93248838535192
0,0.0,0.375,1.8592000000000002,57.923632545767305
0,0.0,0.375,1.8608,57.91478022193863
0,0.0,0.375,1.8624,57.905931412527366
0,0.0,0.375,1.864,57.89708611619306
0,0.0,0.375,1.8656000000000001,57.88824433159331
0,0.0,0.375,1.8672000000000002,57.87940605738383
0,0.0,0.375,1.8688,57.870571292218436
0,0.0,0.375,1.8704,57.861740034749005
0,0.0,0.375,1.872,57.85291228362555
0,0.0,0.375,1.8736000000000002,57.8440880374962
0,0.0,0.375,1.8752000000000002,57.83526729500722
0,0.0,0.375,1.8768,57.826450054803
0,0.0,0.375,1.8784,57.81763631552605
0,0.0,0.375,1.8800000000000001,57.808826075817066
0,0.0,0.375,1.8816000000000002,57.80001933431489
0,0.0,0.375,1.8832,57.791216089656515
0,0.0,0.375,1.8848,57.78241634047713
0,0.0,0.375,1.8864,57.77362008541008
0,0.0,0.375,1.8880000000000001,57.764827323086934
0,0.0,0.375,1.8896000000000002,57.75603805213742
0,0.0,0.375,1.8912,57.747252271189495
0,0.0,0.375,1.8928,57.73846997886932
0,0.0,0.375,1.8944,57.729691173801285
0,0.0,0.375,1.8960000000000001,57.72091585460801
0,0.0,0.375,1.8976000000000002,57.712144019910326
0,0.0,0.375,1.8992,57.70337566832735
0,0.0,0.375,1.9008,57.69461079847641
0,0.0,0.375,1.9024,57.68584940897311
0,0.0,0.375,1.9040000000000001,57.67709149843133
0,0.0,0.375,1.9056000000000002,57.66833706546321
0,0.0,0.375,1.9072,57.659586108679186
0,0.0,0.375,1.9088,57.65083862668797
0,0.0,0.375,1.9104,57.64209461809659
0,0.0,0.375,1.9120000000000001,57.63335408151036
0,0.0,0.375,1.9136000000000002,57.624617015532934
0,0.0,0.375,1.9152,57.61588341876625
0,0.0,0.375,1.9168,57.60715328981061
0,0.0,0.375,1.9184,57.598426627264644
0,0.0,0.375,1.9200000000000002,57.58970342972529
0,0.0,0.375,1.9216000000000002,57.58098369578789
0,0.0,0.375,1.9232,57.572267424046125
0,0.0,0.375,1.9248,57.56355461309202
0,0.0,0.375,1.9264000000000001,57.554845261516014
0,0.0,0.375,1.9280000000000002,57.546139367906896
0,0.0,0.375,1.9296,57.53743693085186
0,0.0,0.375,1.9312,57.528737948936495
0,0.0,0.375,1.9328,57.520042420744794
0,0.0,0.375,1.9344000000000001,57.51135034485915
0,0.0,0.375,1.9360000000000002,57.5026617198604
0,0.0,0.375,1.9376,57.49397654432778
0,0.0,0.375,1.9392,57.48529481683898
0,0.0,0.375,1.9408,57.47661653597012
0,0.0,0.375,1.9424000000000001,57.46794170029578
0,0.0,0.375,1.9440000000000002,57.45927030838899
0,0.0,0.375,1.9456,57.450602358821236
0,0.0,0.375,1.9472,57.44193785016249
0,0.0,0.375,1.9488,57.43327678098119
0,0.0,0.375,1.9504000000000001,57.424619149844276
0,0.0,0.375,1.9520000000000002,57.41596495531715
0,0.0,0.375,1.9536,57.407314195963764
0,0.0,0.375,1.9552,57.39866687034653
0,0.0,0.375,1.9568,57.39002297702638
0,0.0,0.375,1.9584000000000001,57.381382514562816
0,0.0,0.375,1.9600000000000002,57.3727454815138
0,0.0,0.375,1.9616,57.3641118764359
0,0.0,0.375,1.9632,57.35548169788418
0,0.0,0.375,1.9648,57.34685494441228
0,0.0,0.375,1.9664000000000001,57.338231614572365
0,0.0,0.375,1.9680000000000002,57.3296117069152
0,0.0,0.375,1.9696,57.32099521999013
0,0.0,0.375,1.9712,57.31238215234504
0,0.0,0.375,1.9728,57.30377250252642
0,0.0,0.375,1.9744000000000002,57.29516626907938
0,0.0,0.375,1.9760000000000002,57.286563450547604
0,0.0,0.375,1.9776,57.27796404547339
0,0.0,0.375,1.9792,57.26936805239764
0,0.0,0.375,1.9808000000000001,57.2607754698599
0,0.0,0.375,1.9824000000000002,57.25218629639835
0,0.0,0.375,1.984,57.24360053054978
0,0.0,0.375,1.9856,57.23501817084962
0,0.0,0.375,1.9872,57.226439215831995
0,0.0,0.375,1.9888000000000001,57.21786366402965
0,0.0,0.375,1.9904000000000002,57.209291513974
0,0.0,0.375,1.992,57.20072276419515
0,0.0,0.375,1.9936,57.19215741322186
0,0.0,0.375,1.9952,57.18359545958159
0,0.0,0.375,1.9968000000000001,57.17503690180048
0,0.0,0.375,1.9984000000000002,57.166481738403384
0,0.0,0.375,2.0,57.157929967913866
0,0.0,0.375,2.0016000000000003,57.14938158885418
0,0.0,0.375,2.0032,57.140836599745334
0,0.0,0.375,2.0048,57.13229499910703
0,0.0,0.375,2.0064,57.12375678545771
0,0.0,0.375,2.008,57.11522195731457
0,0.0,0.375,2.0096000000000003,57.106690513193534
0,0.0,0.375,2.0112,57.09816245160931
0,0.0,0.375,2.0128,57.089637771075346
0,0.0,0.375,2.0144,57.08111647010385
0,0.0,0.375,2.016,57.072598547205835
0,0.0,0.375,2.0176000000000003,57.064084000891064
0,0.0,0.375,2.0192,57.055572829668094
0,0.0,0.375,2.0208,57.04706503204429
0,0.0,0.375,2.0224,57.03856060652581
0,0.0,0.375,2.024,57.030059551617626
0,0.0,0.375,2.0256000000000003,57.02156186582351
0,0.0,0.375,2.0272,57.01306754764606
0,0.0,0.375,2.0288,57.00457659558671
0,0.0,0.375,2.0304,56.99608900814574
0,0.0,0.375,2.032,56.98760478382223
0,0.0,0.375,2.0336000000000003,56.97912392111415
0,0.0,0.375,2.0352,56.97064641851831
0,0.0,0.375,2.0368,56.962172274530346
0,0.0,0.375,2.0384,56.953701487644835
0,0.0,0.375,2.04,56.94523405635516
0,0.0,0.375,2.0416000000000003,56.936769979153624
0,0.0,0.375,2.0432,56.928309254531385
0,0.0,0.375,2.0448,56.91985188097852
0,0.0,0.375,2.0464,56.91139785698401
0,0.0,0.375,2.048,56.902947181035714
0,0.0,0.375,2.0496000000000003,56.894499851620424
0,0.0,0.375,2.0512,56.886055867223845
0,0.0,0.375,2.0528,56.87761522633061
0,0.0,0.375,2.0544000000000002,56.86917792742428
0,0.0,0.375,2.056,56.860743968987364
0,0.0,0.375,2.0576000000000003,56.85231334950129
0,0.0,0.375,2.0592,56.84388606744646
0,0.0,0.375,2.0608,56.835462121302236
0,0.0,0.375,2.0624000000000002,56.82704150954693
0,0.0,0.375,2.064,56.818624230657825
0,0.0,0.375,2.0656,56.81021028311117
0,0.0,0.375,2.0672,56.801799665382234
0,0.0,0.375,2.0688,56.79339237594524
0,0.0,0.375,2.0704000000000002,56.7849884132734
0,0.0,0.375,2.072,56.77658777583896
0,0.0,0.375,2.0736,56.768190462113154
0,0.0,0.375,2.0752,56.759796470566215
0,0.0,0.375,2.0768,56.751405799667424
0,0.0,0.375,2.0784000000000002,56.74301844788507
0,0.0,0.375,2.08,56.73463441368647
0,0.0,0.375,2.0816,56.72625369553799
0,0.0,0.375,2.0832,56.71787629190504
0,0.0,0.375,2.0848,56.709502201252086
0,0.0,0.375,2.0864000000000003,56.701131422042614
0,0.0,0.375,2.088,56.69276395273921
0,0.0,0.375,2.0896,56.68439979180352
0,0.0,0.375,2.0912,56.676038937696255
0,0.0,0.375,2.0928,56.667681388877206
0,0.0,0.375,2.0944000000000003,56.659327143805264
0,0.0,0.375,2.096,56.6509762009384
0,0.0,0.375,2.0976,56.64262855873369
0,0.0,0.375,2.0992,56.6342842156473
0,0.0,0.375,2.1008,56.62594317013452
0,0.0,0.375,2.1024000000000003,56.61760542064975
0,0.0,0.375,2.104,56.60927096564652
0,0.0,0.375,2.1056,56.60093980357748
0,0.0,0.375,2.1072,56.59261193289443
0,0.0,0.375,2.1088,56.584287352048264
0,0.0,0.375,2.1104000000000003,56.57596605948907
0,0.0,0.375,2.112,56.56764805366606
0,0.0,0.375,2.1136,56.559333333027624
0,0.0,0.375,2.1152,56.55102189602129
0,0.0,0.375,2.1168,56.54271374109377
0,0.0,0.375,2.1184000000000003,56.53440886669095
0,0.0,0.375,2.12,56.52610727125789
0,0.0,0.375,2.1216,56.51780895323884
0,0.0,0.375,2.1232,56.50951391107724
0,0.0,0.375,2.1248,56.50122214321572
0,0.0,0.375,2.1264000000000003,56.492933648096134
0,0.0,0.375,2.128,56.48464842415952
0,0.0,0.375,2.1296,56.47636646984614
0,0.0,0.375,2.1312,56.46808778359548
0,0.0,0.375,2.1328,56.45981236384623
0,0.0,0.375,2.1344000000000003,56.45154020903637
0,0.0,0.375,2.136,56.443271317603035
0,0.0,0.375,2.1376,56.43500568798266
0,0.0,0.375,2.1392,56.42674331861091
0,0.0,0.375,2.1408,56.4184842079227
0,0.0,0.375,2.1424000000000003,56.41022835435221
0,0.0,0.375,2.144,56.40197575633288
0,0.0,0.375,2.1456,56.39372641229744
0,0.0,0.375,2.1472,56.38548032067784
0,0.0,0.375,2.1488,56.37723747990539
0,0.0,0.375,2.1504000000000003,56.36899788841061
0,0.0,0.375,2.152,56.360761544623365
0,0.0,0.375,2.1536,56.3525284469728
0,0.0,0.375,2.1552000000000002,56.344298593887345
0,0.0,0.375,2.1568,56.33607198379477
0,0.0,0.375,2.1584000000000003,56.32784861512214
0,0.0,0.375,2.16,56.31962848629584
0,0.0,0.375,2.1616,56.31141159574158
0,0.0,0.375,2.1632000000000002,56.303197941884406
0,0.0,0.375,2.1648,56.29498752314869
0,0.0,0.375,2.1664000000000003,56.286780337958156
0,0.0,0.375,2.168,56.27857638473585
0,0.0,0.375,2.1696,56.27037566190419
0,0.0,0.375,2.1712000000000002,56.26217816788495
0,0.0,0.375,2.1728,56.253983901099254
0,0.0,0.375,2.1744,56.2457928599676
0,0.0,0.375,2.176,56.23760504290986
0,0.0,0.375,2.1776,56.22942044834527
0,0.0,0.375,2.1792000000000002,56.22123907469247
0,0.0,0.375,2.1808,56.21306092036947
0,0.0,0.375,2.1824,56.20488598379366
0,0.0,0.375,2.184,56.196714263381864
0,0.0,0.375,2.1856,56.188545757550294
0,0.0,0.375,2.1872000000000003,56.18038046471455
0,0.0,0.375,2.1888,56.17221838328967
0,0.0,0.375,2.1904,56.16405951169009
0,0.0,0.375,2.192,56.15590384832971
0,0.0,0.375,2.1936,56.147751391621796
0,0.0,0.375,2.1952000000000003,56.1396021399791
0,0.0,0.375,2.1968,56.13145609181378
0,0.0,0.375,2.1984,56.12331324553746
0,0.0,0.375,2.2,56.1151735995612
0,0.0,0.375,2.2016,56.10703715229552
0,0.0,0.375,2.2032000000000003,56.09890390215038
0,0.0,0.375,2.2048,56.09077384753524
0,0.0,0.375,2.2064,56.082646986859
0,0.0,0.375,2.208,56.07452331853002
0,0.0,0.375,2.2096,56.06640284095618
0,0.0,0.375,2.2112000000000003,56.058285552544824
0,0.0,0.375,2.2128,56.05017145170277
0,0.0,0.375,2.2144,56.04206053683633
0,0.0,0.375,2.216,56.033952806351344
0,0.0,0.375,2.2176,56.025848258653134
0,0.0,0.375,2.2192000000000003,56.01774689214652
0,0.0,0.375,2.2208,56.00964870523585
0,0.0,0.375,2.2224,56.00155369632498
0,0.0,0.375,2.224,55.9934618638173
0,0.0,0.375,2.2256,55.98537320611571
0,0.0,0.375,2.2272000000000003,55.97728772162265
0,0.0,0.375,2.2288,55.96920540874011
0,0.0,0.375,2.2304,55.961126265869595
0,0.0,0.375,2.232,55.95305029141217
0,0.0,0.375,2.2336,55.94497748376845
0,0.0,0.375,2.2352000000000003,55.93690784133861
0,0.0,0.375,2.2368,55.92884136252236
0,0.0,0.375,2.2384,55.92077804571901
0,0.0,0.375,2.24,55.91271788932742
0,0.0,0.375,2.2416,55.904660891746005
0,0.0,0.375,2.2432000000000003,55.896607051372804
0,0.0,0.375,2.2448,55.88855636660541
0,0.0,0.375,2.2464,55.88050883584099
0,0.0,0.375,2.248,55.87246445747635
0,0.0,0.375,2.2496,55.86442322990784
0,0.0,0.375,2.2512000000000003,55.856385151531455
0,0.0,0.375,2.2528,55.84835022074275
0,0.0,0.375,2.2544,55.84031843593694
0,0.0,0.375,2.2560000000000002,55.83228979550882
0,0.0,0.375,2.2576,55.82426429785282
0,0.0,0.375,2.2592000000000003,55.81624194136299
0,0.0,0.375,2.2608,55.808222724433
0,0.0,0.375,2.2624,55.80020664545618
0,0.0,0.375,2.2640000000000002,55.79219370282546
0,0.0,0.375,2.2656,55.78418389493343
0,0.0,0.375,2.2672000000000003,55.77617722017233
0,0.0,0.375,2.2688,55.768173676934055
0,0.0,0.375,2.2704,55.76017326361014
0,0.0,0.375,2.2720000000000002,55.75217597859179
0,0.0,0.375,2.2736,55.74418182026985
0,0.0,0.375,2.2752,55.736190787034886
0,0.0,0.375,2.2768,55.728202877277084
0,0.0,0.375,2.2784,55.72021808938632
0,0.0,0.375,2.2800000000000002,55.71223642175218
0,0.0,0.375,2.2816,55.7042578727639
0,0.0,0.375,2.2832,55.69628244081041
0,0.0,0.375,2.2848,55.68831012428035
0,0.0,0.375,2.2864,55.680340921562056
0,0.0,0.375,2.2880000000000003,55.67237483104355
0,0.0,0.375,2.2896,55.664411851112575
0,0.0,0.375,2.2912,55.65645198015659
0,0.0,0.375,2.2928,55.64849521656276
0,0.0,0.375,2.2944,55.64054155871795
0,0.0,0.375,2.2960000000000003,55.632591005008784
0,0.0,0.375,2.2976,55.624643553821606
0,0.0,0.375,2.2992,55.616699203542474
0,0.0,0.375,2.3008,55.60875795255719
0,0.0,0.375,2.3024,55.60081979925131
0,0.0,0.375,2.3040000000000003,55.5928847420101
0,0.0,0.375,2.3056,55.584952779218625
0,0.0,0.375,2.3072,55.577023909261655
0,0.0,0.375,2.3088,55.569098130523734
0,0.0,0.375,2.3104,55.561175441389175
0,0.0,0.375,2.3120000000000003,55.55325584024203
0,0.0,0.375,2.3136,55.54533932546619
0,0.0,0.375,2.3152,55.53742589544522
0,0.0,0.375,2.3168,55.529515548562514
0,0.0,0.375,2.3184,55.52160828320124
0,0.0,0.375,2.3200000000000003,55.513704097744366
0,0.0,0.375,2.3216,55.50580299057464
0,0.0,0.375,2.3232,55.49790496007458
0,0.0,0.375,2.3248,55.49001000462652
0,0.0,0.375,2.3264,55.4821181226126
0,0.0,0.375,2.3280000000000003,55.47422931241475
0,0.0,0.375,2.3296,55.46634357241472
0,0.0,0.375,2.3312,55.45846090099407
0,0.0,0.375,2.3328,55.45058129653416
0,0.0,0.375,2.3344,55.4427047574162
0,0.0,0.375,2.3360000000000003,55.4348312820212
0,0.0,0.375,2.3376,55.426960868730006
0,0.0,0.375,2.3392,55.419093515923294
0,0.0,0.375,2.3408,55.41122922198157
0,0.0,0.375,2.3424,55.4033679852852
0,0.0,0.375,2.3440000000000003,55.39550980421436
0,0.0,0.375,2.3456,55.387654677149115
0,0.0,0.375,2.3472,55.37980260246933
0,0.0,0.375,2.3488,55.371953578554766
0,0.0,0.375,2.3504,55.36410760378502
0,0.0,0.375,2.3520000000000003,55.356264676539574
0,0.0,0.375,2.3536,55.348424795197744
0,0.0,0.375,2.3552,55.34058795813873
0,0.0,0.375,2.3568000000000002,55.332754163741605
0,0.0,0.375,2.3584,55.32492341038533
0,0.0,0.375,2.3600000000000003,55.317095696448725
0,0.0,0.375,2.3616,55.309271020310504
0,0.0,0.375,2.3632,55.30144938034928
0,0.0,0.375,2.3648000000000002,55.293630774943544
0,0.0,0.375,2.3664,55.28581520247168
0,0.0,0.375,2.3680000000000003,55.27800266131197
0,0.0,0.375,2.3696,55.27019314984261
0,0.0,0.375,2.3712,55.2623866664417
0,0.0,0.375,2.3728000000000002,55.25458320948722
0,0.0,0.375,2.3744,55.24678277735712
0,0.0,0.375,2.3760000000000003,55.238985368429205
0,0.0,0.375,2.3776,55.23119098108125
0,0.0,0.375,2.3792,55.223399613690916
0,0.0,0.375,2.3808000000000002,55.21561126463581
0,0.0,0.375,2.3824,55.20782593229348
0,0.0,0.375,2.384,55.20004361504138
0,0.0,0.375,2.3856,55.19226431125691
0,0.0,0.375,2.3872,55.184488019317435
0,0.0,0.375,2.3888000000000003,55.176714737600236
0,0.0,0.375,2.3904,55.16894446448255
0,0.0,0.375,2.392,55.16117719834158
0,0.0,0.375,2.3936,55.15341293755447
0,0.0,0.375,2.3952,55.14565168049831
0,0.0,0.375,2.3968000000000003,55.13789342555017
0,0.0,0.375,2.3984,55.13013817108709
0,0.0,0.375,2.4,55.122385915486056
0,0.0,0.375,2.4016,55.11463665712406
0,0.0,0.375,2.4032,55.10689039437802
0,0.0,0.375,2.4048000000000003,55.099147125624874
0,0.0,0.375,2.4064,55.09140684924152
0,0.0,0.375,2.408,55.083669563604865
0,0.0,0.375,2.4096,55.07593526709178
0,0.0,0.375,2.4112,55.06820395807913
0,0.0,0.375,2.4128000000000003,55.060475634943785
0,0.0,0.375,2.4144,55.05275029606262
0,0.0,0.375,2.416,55.045027939812485
0,0.0,0.375,2.4176,55.03730856457026
0,0.0,0.375,2.4192,55.029592168712824
0,0.0,0.375,2.4208000000000003,55.02187875061707
0,0.0,0.375,2.4224,55.0141683086599
0,0.0,0.375,2.424,55.00646084121824
0,0.0,0.375,2.4256,54.99875634666903
0,0.0,0.375,2.4272,54.99105482338924
0,0.0,0.375,2.4288000000000003,54.983356269755866
0,0.0,0.375,2.4304,54.975660684145936
0,0.0,0.375,2.432,54.9679680649365
0,0.0,0.375,2.4336,54.96027841050466
0,0.0,0.375,2.4352,54.95259171922754
0,0.0,0.375,2.4368000000000003,54.94490798948235
0,0.0,0.375,2.4384,54.93722721964629
0,0.0,0.375,2.44,54.92954940809664
0,0.0,0.375,2.4416,54.921874553210735
0,0.0,0.375,2.4432,54.91420265336596
0,0.0,0.375,2.4448000000000003,54.90653370693975
0,0.0,0.375,2.4464,54.898867712309595
0,0.0,0.375,2.448,54.89120466785308
0,0.0,0.375,2.4496,54.88354457194784
0,0.0,0.375,2.4512,54.87588742297158
0,0.0,0.375,2.4528000000000003,54.86823321930208
0,0.0,0.375,2.4544,54.86058195931719
0,0.0,0.375,2.456,54.85293364139484
0,0.0,0.375,2.4576000000000002,54.84528826391307
0,0.0,0.375,2.4592,54.837645825249965
0,0.0,0.375,2.4608000000000003,54.83000632378374
0,0.0,0.375,2.4624,54.82236975789266
0,0.0,0.375,2.464,54.81473612595511
0,0.0,0.375,2.4656000000000002,54.80710542634957
0,0.0,0.375,2.4672,54.79947765745462
0,0.0,0.375,2.4688000000000003,54.79185281764894
0,0.0,0.375,2.4704,54.78423090531131
0,0.0,0.375,2.472,54.77661191882064
0,0.0,0.375,2.4736000000000002,54.76899585655593
0,0.0,0.375,2.4752,54.76138271689631
0,0.0,0.375,2.4768000000000003,54.753772498221004
0,0.0,0.375,2.4784,54.74616519890938
0,0.0,0.375,2.48,54.73856081734095
0,0.0,0.375,2.4816000000000003,54.73095935189529
0,0.0,0.375,2.4832,54.72336080095216
0,0.0,0.375,2.4848,54.71576516289142
0,0.0,0.375,2.4864,54.70817243609309
0,0.0,0.375,2.488,54.70058261893732
0,0.0,0.375,2.4896000000000003,54.69299570980437
0,0.0,0.375,2.4912,54.685411707074685
0,0.0,0.375,2.4928,54.67783060912883
0,0.0,0.375,2.4944,54.67025241434754
0,0.0,0.375,2.496,54.66267712111169
0,0.0,0.375,2.4976000000000003,54.6551047278023
0,0.0,0.375,2.4992,54.64753523280055
0,0.0,0.375,2.5008,54.63996863448779
0,0.0,0.375,2.5024,54.63240493124553
0,0.0,0.375,2.504,54.624844121455446
0,0.0,0.375,2.5056000000000003,54.61728620349936
0,0.0,0.375,2.5072,54.6097311757593
0,0.0,0.375,2.5088,54.60217903661743
0,0.0,0.375,2.5104,54.5946297844561
0,0.0,0.375,2.512,54.58708341765788
0,0.0,0.375,2.5136000000000003,54.57953993460546
0,0.0,0.375,2.5152,54.571999333681745
0,0.0,0.375,2.5168,54.56446161326982
0,0.0,0.375,2.5184,54.55692677175296
0,0.0,0.375,2.52,54.54939480751464
0,0.0,0.375,2.5216000000000003,54.54186571893851
0,0.0,0.375,2.5232,54.53433950440843
0,0.0,0.375,2.5248,54.52681616230846
0,0.0,0.375,2.5264,54.51929569102284
0,0.0,0.375,2.528,54.51177808893604
0,0.0,0.375,2.5296000000000003,54.50426335443273
0,0.0,0.375,2.5312,54.49675148589779
0,0.0,0.375,2.5328,54.489242481716296
0,0.0,0.375,2.5344,54.48173634027356
0,0.0,0.375,2.536,54.47423305995509
0,0.0,0.375,2.5376000000000003,54.466732639146635
0,0.0,0.375,2.5392,54.45923507623416
0,0.0,0.375,2.5408,54.45174036960383
0,0.0,0.375,2.5424,54.44424851764207
0,0.0,0.375,2.544,54.43675951873552
0,0.0,0.375,2.5456000000000003,54.429273371271044
0,0.0,0.375,2.5472,54.42179007363574
0,0.0,0.375,2.5488,54.41430962421697
0,0.0,0.375,2.5504000000000002,54.4068320214023
0,0.0,0.375,2.552,54.39935726357956
0,0.0,0.375,2.5536000000000003,54.3918853491368
0,0.0,0.375,2.5552,54.38441627646234
0,0.0,0.375,2.5568,54.37695004394474
0,0.0,0.375,2.5584000000000002,54.3694866499728
0,0.0,0.375,2.56,54.36202609293559
0,0.0,0.375,2.5616000000000003,54.35456837122243
0,0.0,0.375,2.5632,54.34711348322289
0,0.0,0.375,2.5648,54.33966142732682
0,0.0,0.375,2.5664000000000002,54.3322122019243
0,0.0,0.375,2.568,54.32476580540571
0,0.0,0.375,2.5696000000000003,54.31732223616168
0,0.0,0.375,2.5712,54.309881492583095
0,0.0,0.375,2.5728,54.302443573061126
0,0.0,0.375,2.5744000000000002,54.29500847598724
0,0.0,0.375,2.576,54.28757619975313
0,0.0,0.375,2.5776000000000003,54.28014674275083
0,0.0,0.375,2.5792,54.27272010337259
0,0.0,0.375,2.5808,54.265296280010986
0,0.0,0.375,2.5824000000000003,54.257875271058865
0,0.0,0.375,2.584,54.25045707490937
0,0.0,0.375,2.5856000000000003,54.243041689955916
0,0.0,0.375,2.5872,54.235629114592236
0,0.0,0.375,2.5888,54.22821934721234
0,0.0,0.375,2.5904000000000003,54.22081238621052
0,0.0,0.375,2.592,54.21340822998138
0,0.0,0.375,2.5936,54.206006876919865
0,0.0,0.375,2.5952,54.19860832542114
0,0.0,0.375,2.5968,54.19121257388075
0,0.0,0.375,2.5984000000000003,54.183819620694514
0,0.0,0.375,2.6,54.17642946425856
0,0.0,0.375,2.6016,54.16904210296933
0,0.0,0.375,2.6032,54.16165753522358
0,0.0,0.375,2.6048,54.15427575941839
0,0.0,0.375,2.6064000000000003,54.14689677395114
0,0.0,0.375,2.608,54.13952057721955
0,0.0,0.375,2.6096,54.132147167621646
0,0.0,0.375,2.6112,54.12477654355579
0,0.0,0.375,2.6128,54.117408703420665
0,0.0,0.375,2.6144000000000003,54.11004364561527
0,0.0,0.375,2.616,54.10268136853896
0,0.0,0.375,2.6176,54.09532187059141
0,0.0,0.375,2.6192,54.08796515017262
0,0.0,0.375,2.6208,54.080611205682935
0,0.0,0.375,2.6224000000000003,54.07326003552305
0,0.0,0.375,2.624,54.065911638093965
0,0.0,0.375,2.6256,54.05856601179707
0,0.0,0.375,2.6272,54.05122315503407
0,0.0,0.375,2.6288,54.043883066207016
0,0.0,0.375,2.6304000000000003,54.03654574371833
0,0.0,0.375,2.632,54.02921118597075
0,0.0,0.375,2.6336,54.021879391367385
0,0.0,0.375,2.6352,54.01455035831171
0,0.0,0.375,2.6368,54.00722408520754
0,0.0,0.375,2.6384000000000003,53.99990057045905
0,0.0,0.375,2.64,53.99257981247077
0,0.0,0.375,2.6416,53.985261809647625
0,0.0,0.375,2.6432,53.97794656039487
0,0.0,0.375,2.6448,53.97063406311814
0,0.0,0.375,2.6464000000000003,53.96332431622342
0,0.0,0.375,2.648,53.95601731811709
0,0.0,0.375,2.6496,53.948713067205894
0,0.0,0.375,2.6512000000000002,53.94141156189694
0,0.0,0.375,2.6528,53.93411280059773
0,0.0,0.375,2.6544000000000003,53.92681678171611
0,0.0,0.375,2.656,53.91952350366035
0,0.0,0.375,2.6576,53.91223296483907
0,0.0,0.375,2.6592000000000002,53.90494516366128
0,0.0,0.375,2.6608,53.89766009853638
0,0.0,0.375,2.6624000000000003,53.89037776787414
0,0.0,0.375,2.664,53.88309817008476
0,0.0,0.375,2.6656,53.875821303578775
0,0.0,0.375,2.6672000000000002,53.86854716676715
0,0.0,0.375,2.6688,53.86127575806124
0,0.0,0.375,2.6704000000000003,53.85400707587277
0,0.0,0.375,2.672,53.846741118613906
0,0.0,0.375,2.6736,53.83947788469718
0,0.0,0.375,2.6752000000000002,53.83221737253554
0,0.0,0.375,2.6768,53.82495958054232
0,0.0,0.375,2.6784000000000003,53.81770450713129
0,0.0,0.375,2.68,53.81045215071659
0,0.0,0.375,2.6816,53.80320250971278
0,0.0,0.375,2.6832000000000003,53.79595558253486
0,0.0,0.375,2.6848,53.7887113675982
0,0.0,0.375,2.6864000000000003,53.7814698633186
0,0.0,0.375,2.688,53.77423106811227
0,0.0,0.375,2.6896,53.76699498039586
0,0.0,0.375,2.6912000000000003,53.7597615985864
0,0.0,0.375,2.6928,53.75253092110139
0,0.0,0.375,2.6944000000000004,53.745302946358706
0,0.0,0.375,2.696,53.73807767277666
0,0.0,0.375,2.6976,53.73085509877399
0,0.0,0.375,2.6992000000000003,53.7236352227699
0,0.0,0.375,2.7008,53.716418043183964
0,0.0,0.375,2.7024,53.70920355843621
0,0.0,0.375,2.704,53.7019917669471
0,0.0,0.375,2.7056,53.694782667137524
0,0.0,0.375,2.7072000000000003,53.68757625742882
0,0.0,0.375,2.7088,53.68037253624275
0,0.0,0.375,2.7104,53.673171502001516
0,0.0,0.375,2.712,53.66597315312778
0,0.0,0.375,2.7136,53.658777488044606
0,0.0,0.375,2.7152000000000003,53.65158450517553
0,0.0,0.375,2.7168,53.64439420294454
0,0.0,0.375,2.7184,53.63720657977605
0,0.0,0.375,2.72,53.63002163409492
0,0.0,0.375,2.7216,53.622839364326495
0,0.0,0.375,2.7232000000000003,53.61565976889653
0,0.0,0.375,2.7248,53.60848284623125
0,0.0,0.375,2.7264,53.60130859475733
0,0.0,0.375,2.728,53.5941370129019
0,0.0,0.375,2.7296,53.586968099092566
0,0.0,0.375,2.7312000000000003,53.57980185175738
0,0.0,0.375,2.7328,53.57263826932484
0,0.0,0.375,2.7344,53.56547735022393
0,0.0,0.375,2.736,53.558319092884076
0,0.0,0.375,2.7376,53.55116349573519
0,0.0,0.375,2.7392000000000003,53.544010557207635
0,0.0,0.375,2.7408,53.536860275732245
0,0.0,0.375,2.7424,53.529712649740326
0,0.0,0.375,2.744,53.522567677663666
0,0.0,0.375,2.7456,53.515425357934504
0,0.0,0.375,2.7472000000000003,53.50828568898557
0,0.0,0.375,2.7488,53.50114866925007
0,0.0,0.375,2.7504,53.49401429716168
0,0.0,0.375,2.7520000000000002,53.48688257115454
0,0.0,0.375,2.7536,53.47975348966329
0,0.0,0.375,2.7552000000000003,53.47262705112305
0,0.0,0.375,2.7568,53.46550325396942
0,0.0,0.375,2.7584,53.45838209663849
0,0.0,0.375,2.7600000000000002,53.45126357756681
0,0.0,0.375,2.7616,53.444147695191454
0,0.0,0.375,2.7632000000000003,53.437034447949955
0,0.0,0.375,2.7648,53.429923834280345
0,0.0,0.375,2.7664,53.422815852621156
0,0.0,0.375,2.7680000000000002,53.415710501411404
0,0.0,0.375,2.7696,53.408607779090595
0,0.0,0.375,2.7712000000000003,53.40150768409874
0,0.0,0.375,2.7728,53.39441021487634
0,0.0,0.375,2.7744,53.3873153698644
0,0.0,0.375,2.7760000000000002,53.380223147504424
0,0.0,0.375,2.7776,53.37313354623841
0,0.0,0.375,2.7792000000000003,53.36604656450885
0,0.0,0.375,2.7808,53.35896220075877
0,0.0,0.375,2.7824,53.351880453431676
0,0.0,0.375,2.7840000000000003,53.344801320971584
0,0.0,0.375,2.7856,53.337724801823015
0,0.0,0.375,2.7872000000000003,53.330650894431024
0,0.0,0.375,2.7888,53.323579597241135
0,0.0,0.375,2.7904,53.316510908699414
0,0.0,0.375,2.7920000000000003,53.30944482725243
0,0.0,0.375,2.7936,53.30238135134724
0,0.0,0.375,2.7952000000000004,53.29532047943148
0,0.0,0.375,2.7968,53.28826220995325
0,0.0,0.375,2.7984,53.281206541361186
0,0.0,0.375,2.8000000000000003,53.27415347210443
0,0.0,0.375,2.8016,53.26710300063266
0,0.0,0.375,2.8032,53.260055125396065
0,0.0,0.375,2.8048,53.253009844845366
0,0.0,0.375,2.8064,53.24596715743181
0,0.0,0.375,2.8080000000000003,53.23892706160714
0,0.0,0.375,2.8096,53.23188955582368
0,0.0,0.375,2.8112,53.22485463853422
0,0.0,0.375,2.8128,53.217822308192126
0,0.0,0.375,2.8144,53.210792563251275
0,0.0,0.375,2.8160000000000003,53.20376540216608
0,0.0,0.375,2.8176,53.19674082339149
0,0.0,0.375,2.8192,53.189718825382975
0,0.0,0.375,2.8208,53.18269940659654
0,0.0,0.375,2.8224,53.17568256548875
0,0.0,0.375,2.8240000000000003,53.16866830051668
0,0.0,0.375,2.8256,53.16165661013797
0,0.0,0.375,2.8272,53.15464749281077
0,0.0,0.375,2.8288,53.14764094699378
0,0.0,0.375,2.8304,53.14063697114627
0,0.0,0.375,2.8320000000000003,53.13363556372803
0,0.0,0.375,2.8336,53.12663672319937
0,0.0,0.375,2.8352,53.119640448021194
0,0.0,0.375,2.8368,53.112646736654916
0,0.0,0.375,2.8384,53.105655587562524
0,0.0,0.375,2.8400000000000003,53.09866699920654
0,0.0,0.375,2.8416,53.09168097005005
0,0.0,0.375,2.8432,53.08469749855666
0,0.0,0.375,2.8448,53.07771658319056
0,0.0,0.375,2.8464,53.070738222416495
0,0.0,0.375,2.8480000000000003,53.06376241469973
0,0.0,0.375,2.8496,53.05678915850612
0,0.0,0.375,2.8512,53.04981845230206
0,0.0,0.375,2.8528000000000002,53.04285029455451
0,0.0,0.375,2.8544,53.03588468373099
0,0.0,0.375,2.8560000000000003,53.02892161829956
0,0.0,0.375,2.8576,53.02196109672888
0,0.0,0.375,2.8592,53.015003117488135
0,0.0,0.375,2.8608000000000002,53.008047679047095
0,0.0,0.375,2.8624,53.001094779876084
0,0.0,0.375,2.8640000000000003,52.99414441844599
0,0.0,0.375,2.8656,52.98719659322829
0,0.0,0.375,2.8672,52.980251302694995
0,0.0,0.375,2.8688000000000002,52.97330854531871
0,0.0,0.375,2.8704,52.96636831957258
0,0.0,0.375,2.8720000000000003,52.95943062393036
0,0.0,0.375,2.8736,52.952495456866345
0,0.0,0.375,2.8752,52.945562816855414
0,0.0,0.375,2.8768000000000002,52.93863270237304
0,0.0,0.375,2.8784,52.93170511189524
0,0.0,0.375,2.8800000000000003,52.9247800438986
0,0.0,0.375,2.8816,52.91785749686031
0,0.0,0.375,2.8832,52.91093746925813
0,0.0,0.375,2.8848000000000003,52.9040199595704
0,0.0,0.375,2.8864,52.89710496627602
0,0.0,0.375,2.8880000000000003,52.890192487854506
0,0.0,0.375,2.8896,52.88328252278593
0,0.0,0.375,2.8912,52.87637506955094
0,0.0,0.375,2.8928000000000003,52.86947012663079
0,0.0,0.375,2.8944,52.8625676925073
0,0.0,0.375,2.8960000000000004,52.85566776566289
0,0.0,0.375,2.8976,52.84877034458056
0,0.0,0.375,2.8992,52.84187542774389
0,0.0,0.375,2.9008000000000003,52.83498301363706
0,0.0,0.375,2.9024,52.828093100744816
0,0.0,0.375,2.9040000000000004,52.82120568755254
0,0.0,0.375,2.9056,52.81432077254616
0,0.0,0.375,2.9072,52.80743835421222
0,0.0,0.375,2.9088000000000003,52.80055843103785
0,0.0,0.375,2.9104,52.79368100151077
0,0.0,0.375,2.912,52.7868060641193
0,0.0,0.375,2.9136,52.77993361735235
0,0.0,0.375,2.9152,52.773063659699424
0,0.0,0.375,2.9168000000000003,52.76619618965064
0,0.0,0.375,2.9184,52.759331205696704
0,0.0,0.375,2.92,52.75246870632891
0,0.0,0.375,2.9216,52.74560869003918
0,0.0,0.375,2.9232,52.73875115532
0,0.0,0.375,2.9248000000000003,52.73189610066449
0,0.0,0.375,2.9264,52.72504352456635
0,0.0,0.375,2.928,52.7181934255199
0,0.0,0.375,2.9296,52.711345802020055
0,0.0,0.375,2.9312,52.70450065256234
0,0.0,0.375,2.9328000000000003,52.697657975642876
0,0.0,0.375,2.9344,52.690817769758404
0,0.0,0.375,2.936,52.683980033406264
0,0.0,0.375,2.9376,52.677144765084414
0,0.0,0.375,2.9392,52.67031196329141
0,0.0,0.375,2.9408000000000003,52.66348162652641
0,0.0,0.375,2.9424,52.65665375328923
0,0.0,0.375,2.944,52.64982834208023
0,0.0,0.375,2.9456,52.64300539140043
0,0.0,0.375,2.9472,52.63618489975144
0,0.0,0.375,2.9488000000000003,52.62936686563551
0,0.0,0.375,2.9504,52.62255128755549
0,0.0,0.375,2.952,52.61573816401482
0,0.0,0.375,2.9536000000000002,52.608927493517605
0,0.0,0.375,2.9552,52.60211927456854
0,0.0,0.375,2.9568000000000003,52.595313505672934
0,0.0,0.375,2.9584,52.58851018533673
0,0.0,0.375,2.96,52.58170931206648
0,0.0,0.375,2.9616000000000002,52.57491088436935
0,0.0,0.375,2.9632,52.56811490075316
0,0.0,0.375,2.9648000000000003,52.56132135972631
0,0.0,0.375,2.9664,52.55453025979785
0,0.0,0.375,2.968,52.54774159947745
0,0.0,0.375,2.9696000000000002,52.54095537727539
0,0.0,0.375,2.9712,52.53417159170258
0,0.0,0.375,2.9728000000000003,52.52739024127058
0,0.0,0.375,2.9744,52.520611324491554
0,0.0,0.375,2.976,52.513834839878285
0,0.0,0.375,2.9776000000000002,52.50706078594419
0,0.0,0.375,2.9792,52.50028916120334
0,0.0,0.375,2.9808000000000003,52.4935199641704
0,0.0,0.375,2.9824,52.4867531933607
0,0.0,0.375,2.984,52.479988847290166
0,0.0,0.375,2.9856000000000003,52.47322692447536
0,0.0,0.375,2.9872,52.46646742343351
0,0.0,0.375,2.9888000000000003,52.459710342682435
0,0.0,0.375,2.9904,52.452955680740615
0,0.0,0.375,2.992,52.446203436127156
0,0.0,0.375,2.9936000000000003,52.439453607361806
0,0.0,0.375,2.9952,52.43270619296494
0,0.0,0.375,2.9968000000000004,52.42596119145757
0,0.0,0.375,2.9984,52.41921860136133
0,0.0,0.375,3.0,52.41247842119853
0,0.0,0.375,3.0016000000000003,52.40574064949209
0,0.0,0.375,3.0032,52.39900528476557
0,0.0,0.375,3.0048000000000004,52.39227232554318
0,0.0,0.375,3.0064,52.38554177034976
0,0.0,0.375,3.008,52.378813617710804
0,0.0,0.375,3.0096000000000003,52.372087866152434
0,0.0,0.375,3.0112,52.36536451420142
0,0.0,0.375,3.0128,52.35864356038518
0,0.0,0.375,3.0144,52.35192500323177
0,0.0,0.375,3.016,52.345208841269894
0,0.0,0.375,3.0176000000000003,52.33849507302889
0,0.0,0.375,3.0192,52.33178369703876
0,0.0,0.375,3.0208,52.32507471183014
0,0.0,0.375,3.0224,52.318368115934305
0,0.0,0.375,3.024,52.3116639078832
0,0.0,0.375,3.0256000000000003,52.3049620862094
0,0.0,0.375,3.0272,52.29826264944613
0,0.0,0.375,3.0288,52.29156559612727
0,0.0,0.375,3.0304,52.284870924787356
0,0.0,0.375,3.032,52.27817863396155
0,0.0,0.375,3.0336000000000003,52.271488722185694
0,0.0,0.375,3.0352,52.264801187996255
0,0.0,0.375,3.0368,52.25811602993038
0,0.0,0.375,3.0384,52.25143324652584
0,0.0,0.375,3.04,52.2447528363211
0,0.0,0.375,3.0416000000000003,52.23807479785522
0,0.0,0.375,3.0432,52.23139912966796
0,0.0,0.375,3.0448,52.22472583029973
0,0.0,0.375,3.0464,52.21805489829159
0,0.0,0.375,3.048,52.21138633218524
0,0.0,0.375,3.0496000000000003,52.20472013052306
0,0.0,0.375,3.0512,52.19805629184807
0,0.0,0.375,3.0528,52.191394814703955
0,0.0,0.375,3.0544000000000002,52.18473569763506
0,0.0,0.375,3.056,52.178078939186406
0,0.0,0.375,3.0576000000000003,52.17142453790364
0,0.0,0.375,3.0592,52.164772492333086
0,0.0,0.375,3.0608,52.15812280102172
0,0.0,0.375,3.0624000000000002,52.1514754625172
0,0.0,0.375,3.064,52.14483047536782
0,0.0,0.375,3.0656000000000003,52.13818783812256
0,0.0,0.375,3.0672,52.13154754933103
0,0.0,0.375,3.0688,52.12490960754355
0,0.0,0.375,3.0704000000000002,52.11827401131106
0,0.0,0.375,3.072,52.111640759185185
0,0.0,0.375,3.0736000000000003,52.10500984971821
0,0.0,0.375,3.0752,52.09838128146308
0,0.0,0.375,3.0768,52.09175505297342
0,0.0,0.375,3.0784000000000002,52.08513116280352
0,0.0,0.375,3.08,52.07850960950832
0,0.0,0.375,3.0816000000000003,52.07189039164344
0,0.0,0.375,3.0832,52.06527350776517
0,0.0,0.375,3.0848,52.058658956430456
0,0.0,0.375,3.0864000000000003,52.05204673619692
0,0.0,0.375,3.088,52.045436845622845
0,0.0,0.375,3.0896000000000003,52.038829283267205
0,0.0,0.375,3.0912,52.032224047689624
0,0.0,0.375,3.0928,52.02562113745039
0,0.0,0.375,3.0944000000000003,52.01902055111049
0,0.0,0.375,3.096,52.01242228723158
0,0.0,0.375,3.0976000000000004,52.00582634437596
0,0.0,0.375,3.0992,51.999232721106615
0,0.0,0.375,3.1008,51.9926414159872
0,0.0,0.375,3.1024000000000003,51.98605242758206
0,0.0,0.375,3.104,51.97946575445619
0,0.0,0.375,3.1056000000000004,51.9728813951753
0,0.0,0.375,3.1072,51.96629934830572
0,0.0,0.375,3.1088,51.959719612414474
0,0.0,0.375,3.1104000000000003,51.953142186069286
0,0.0,0.375,3.112,51.94656706783853
0,0.0,0.375,3.1136000000000004,51.939994256291264
0,0.0,0.375,3.1152,51.93342374999723
0,0.0,0.375,3.1168,51.92685554752684
0,0.0,0.375,3.1184000000000003,51.920289647451185
0,0.0,0.375,3.12,51.91372604834202
0,0.0,0.375,3.1216,51.90716474877181
0,0.0,0.375,3.1232,51.900605747313655
0,0.0,0.375,3.1248,51.89404904254138
0,0.0,0.375,3.1264000000000003,51.887494633029476
0,0.0,0.375,3.128,51.88094251735309
0,0.0,0.375,3.1296,51.87439269408807
0,0.0,0.375,3.1312,51.86784516181095
0,0.0,0.375,3.1328,51.861299919098926
0,0.0,0.375,3.1344000000000003,51.85475696452989
0,0.0,0.375,3.136,51.848216296682416
0,0.0,0.375,3.1376,51.841677914135744
0,0.0,0.375,3.1392,51.83514181546983
0,0.0,0.375,3.1408,51.82860799926528
0,0.0,0.375,3.1424000000000003,51.82207646410339
0,0.0,0.375,3.144,51.81554720856615
0,0.0,0.375,3.1456,51.80902023123624
0,0.0,0.375,3.1472,51.80249553069701
0,0.0,0.375,3.1488,51.7959731055325
0,0.0,0.375,3.1504000000000003,51.78945295432742
0,0.0,0.375,3.152,51.782935075667204
0,0.0,0.375,3.1536,51.77641946813793
0,0.0,0.375,3.1552000000000002,51.7699061303264
0,0.0,0.375,3.1568,51.76339506082006
0,0.0,0.375,3.1584000000000003,51.75688625820708
0,0.0,0.375,3.16,51.750379721076314
0,0.0,0.375,3.1616,51.74387544801728
0,0.0,0.375,3.1632000000000002,51.7373734376202
0,0.0,0.375,3.1648,51.73087368847599
0,0.0,0.375,3.1664000000000003,51.72437619917625
0,0.0,0.375,3.168,51.717880968313246
0,0.0,0.375,3.1696,51.71138799447997
0,0.0,0.375,3.1712000000000002,51.70489727627009
0,0.0,0.375,3.1728,51.698408812277954
0,0.0,0.375,3.1744000000000003,51.69192260109862
0,0.0,0.375,3.176,51.685438641327806
0,0.0,0.375,3.1776,51.67895693156196
0,0.0,0.375,3.1792000000000002,51.672477470398185
0,0.0,0.375,3.1808,51.6660002564343
0,0.0,0.375,3.1824000000000003,51.65952528826881
0,0.0,0.375,3.184,51.65305256450091
0,0.0,0.375,3.1856,51.646582083730486
0,0.0,0.375,3.1872000000000003,51.640113844558115
0,0.0,0.375,3.1888,51.633647845585074
0,0.0,0.375,3.1904000000000003,51.62718408541333
0,0.0,0.375,3.192,51.620722562645554
0,0.0,0.375,3.1936,51.61426327588509
0,0.0,0.375,3.1952000000000003,51.60780622373598
0,0.0,0.375,3.1968,51.601351404802976
0,0.0,0.375,3.1984000000000004,51.594898817691515
0,0.0,0.375,3.2,51.588448461007744
0,0.0,0.375,3.2016,51.58200033335848
0,0.0,0.375,3.2032000000000003,51.57555443335124
0,0.0,0.375,3.2048,51.569110759594274
0,0.0,0.375,3.2064000000000004,51.56266931069647
0,0.0,0.375,3.208,51.55623008526745
0,0.0,0.375,3.2096,51.549793081917535
0,0.0,0.375,3.2112000000000003,51.543358299257726
0,0.0,0.375,3.2128,51.536925735899715
0,0.0,0.375,3.2144000000000004,51.53049539045592
0,0.0,0.375,3.216,51.52406726153944
0,0.0,0.375,3.2176,51.517641347764076
0,0.0,0.375,3.2192000000000003,51.51121764774432
0,0.0,0.375,3.2208,51.50479616009536
0,0.0,0.375,3.2224000000000004,51.498376883433096
0,0.0,0.375,3.224,51.49195981637412
0,0.0,0.375,3.2256,51.48554495753572
0,0.0,0.375,3.2272000000000003,51.4791323055359
0,0.0,0.375,3.2288,51.472721858993346
0,0.0,0.375,3.2304,51.466313616527444
0,0.0,0.375,3.232,51.45990757675829
0,0.0,0.375,3.2336,51.45350373830667
0,0.0,0.375,3.2352000000000003,51.44710209979409
0,0.0,0.375,3.2368,51.44070265984273
0,0.0,0.375,3.2384,51.434305417075485
0,0.0,0.375,3.24,51.42791037011596
0,0.0,0.375,3.2416,51.42151751758844
0,0.0,0.375,3.2432000000000003,51.41512685811793
0,0.0,0.375,3.2448,51.40873839033014
0,0.0,0.375,3.2464,51.40235211285146
0,0.0,0.375,3.248,51.395968024309006
0,0.0,0.375,3.2496,51.38958612333057
0,0.0,0.375,3.2512000000000003,51.38320640854467
0,0.0,0.375,3.2528,51.376828878580525
0,0.0,0.375,3.2544,51.37045353206805
0,0.0,0.375,3.2560000000000002,51.36408036763787
0,0.0,0.375,3.2576,51.35770938392129
0,0.0,0.375,3.2592000000000003,51.35134057955035
0,0.0,0.375,3.2608,51.34497395315779
0,0.0,0.375,3.2624,51.33860950337703
0,0.0,0.375,3.2640000000000002,51.33224722884221
0,0.0,0.375,3.2656,51.32588712818817
0,0.0,0.375,3.2672000000000003,51.31952920005048
0,0.0,0.375,3.2688,51.31317344306539
0,0.0,0.375,3.2704,51.30681985586983
0,0.0,0.375,3.2720000000000002,51.30046843710149
0,0.0,0.375,3.2736,51.29411918539874
0,0.0,0.375,3.2752000000000003,51.287772099400634
0,0.0,0.375,3.2768,51.28142717774698
0,0.0,0.375,3.2784,51.27508441907824
0,0.0,0.375,3.2800000000000002,51.26874382203562
0,0.0,0.375,3.2816,51.26240538526099
0,0.0,0.375,3.2832000000000003,51.25606910739698
0,0.0,0.375,3.2848,51.24973498708691
0,0.0,0.375,3.2864,51.243403022974775
0,0.0,0.375,3.2880000000000003,51.23707321370531
0,0.0,0.375,3.2896,51.23074555792394
0,0.0,0.375,3.2912000000000003,51.22442005427681
0,0.0,0.375,3.2928,51.21809670141076
0,0.0,0.375,3.2944,51.211775497973335
0,0.0,0.375,3.2960000000000003,51.205456442612814
0,0.0,0.375,3.2976,51.199139533978155
0,0.0,0.375,3.2992000000000004,51.192824770719035
0,0.0,0.375,3.3008,51.186512151485836
0,0.0,0.375,3.3024,51.180201674929656
0,0.0,0.375,3.3040000000000003,51.173893339702275
0,0.0,0.375,3.3056,51.16758714445621
0,0.0,0.375,3.3072000000000004,51.16128308784469
0,0.0,0.375,3.3088,51.15498116852162
0,0.0,0.375,3.3104,51.14868138514166
0,0.0,0.375,3.3120000000000003,51.142383736360124
0,0.0,0.375,3.3136,51.136088220833074
0,0.0,0.375,3.3152000000000004,51.129794837217275
0,0.0,0.375,3.3168,51.123503584170194
0,0.0,0.375,3.3184,51.117214460350006
0,0.0,0.375,3.3200000000000003,51.1109274644156
0,0.0,0.375,3.3216,51.104642595026576
0,0.0,0.375,3.3232000000000004,51.09835985084323
0,0.0,0.375,3.3248,51.09207923052659
0,0.0,0.375,3.3264,51.085800732738385
0,0.0,0.375,3.3280000000000003,51.07952435614104
0,0.0,0.375,3.3296,51.07325009939771
0,0.0,0.375,3.3312,51.066977961172256
0,0.0,0.375,3.3328,51.06070794012923
0,0.0,0.375,3.3344,51.05444003493391
0,0.0,0.375,3.3360000000000003,51.048174244252294
0,0.0,0.375,3.3376,51.04191056675108
0,0.0,0.375,3.3392,51.03564900109765
0,0.0,0.375,3.3408,51.02938954596015
0,0.0,0.375,3.3424,51.02313220000741
0,0.0,0.375,3.3440000000000003,51.016876961908956
0,0.0,0.375,3.3456,51.01062383033506
0,0.0,0.375,3.3472,51.004372803956656
0,0.0,0.375,3.3488,50.99812388144543
0,0.0,0.375,3.3504,50.99187706147378
0,0.0,0.375,3.3520000000000003,50.98563234271477
0,0.0,0.375,3.3536,50.97938972384223
0,0.0,0.375,3.3552,50.97314920353068
0,0.0,0.375,3.3568000000000002,50.966910780455336
0,0.0,0.375,3.3584,50.96067445329215
0,0.0,0.375,3.3600000000000003,50.95444022071778
0,0.0,0.375,3.3616,50.94820808140957
0,0.0,0.375,3.3632,50.9419780340456
0,0.0,0.375,3.3648000000000002,50.93575007730466
0,0.0,0.375,3.3664,50.929524209866265
0,0.0,0.375,3.3680000000000003,50.923300430410606
0,0.0,0.375,3.3696,50.91707873761861
0,0.0,0.375,3.3712,50.91085913017191
0,0.0,0.375,3.3728000000000002,50.90464160675286
0,0.0,0.375,3.3744,50.898426166044516
0,0.0,0.375,3.3760000000000003,50.89221280673065
0,0.0,0.375,3.3776,50.88600152749574
0,0.0,0.375,3.3792,50.879792327024994
0,0.0,0.375,3.3808000000000002,50.8735852040043
0,0.0,0.375,3.3824,50.86738015712029
0,0.0,0.375,3.3840000000000003,50.861177185060285
0,0.0,0.375,3.3856,50.85497628651235
0,0.0,0.375,3.3872,50.84877746016523
0,0.0,0.375,3.3888000000000003,50.84258070470838
0,0.0,0.375,3.3904,50.836386018832
0,0.0,0.375,3.3920000000000003,50.83019340122698
0,0.0,0.375,3.3936,50.82400285058493
0,0.0,0.375,3.3952,50.817814365598146
0,0.0,0.375,3.3968000000000003,50.81162794495969
0,0.0,0.375,3.3984,50.805443587363285
0,0.0,0.375,3.4000000000000004,50.799261291503406
0,0.0,0.375,3.4016,50.793081056075216
0,0.0,0.375,3.4032,50.78690287977459
0,0.0,0.375,3.4048000000000003,50.78072676129812
0,0.0,0.375,3.4064,50.77455269934311
0,0.0,0.375,3.4080000000000004,50.76838069260761
0,0.0,0.375,3.4096,50.76221073979032
0,0.0,0.375,3.4112,50.75604283959069
0,0.0,0.375,3.4128000000000003,50.749876990708884
0,0.0,0.375,3.4144,50.743713191845785
0,0.0,0.375,3.4160000000000004,50.73755144170296
0,0.0,0.375,3.4176,50.73139173898272
0,0.0,0.375,3.4192,50.725234082388056
0,0.0,0.375,3.4208000000000003,50.719078470622705
0,0.0,0.375,3.4224,50.71292490239109
0,0.0,0.375,3.4240000000000004,50.70677337639836
0,0.0,0.375,3.4256,50.70062389135038
0,0.0,0.375,3.4272,50.694476445953725
0,0.0,0.375,3.4288000000000003,50.68833103891567
0,0.0,0.375,3.4304,50.68218766894423
0,0.0,0.375,3.4320000000000004,50.6760463347481
0,0.0,0.375,3.4336,50.669907035036715
0,0.0,0.375,3.4352,50.663769768520204
0,0.0,0.375,3.4368000000000003,50.65763453390941
0,0.0,0.375,3.4384,50.65150132991592
0,0.0,0.375,3.44,50.64537015525198
0,0.0,0.375,3.4416,50.63924100863059
0,0.0,0.375,3.4432,50.63311388876546
0,0.0,0.375,3.4448000000000003,50.62698879437097
0,0.0,0.375,3.4464,50.620865724162286
0,0.0,0.375,3.448,50.614744676855224
0,0.0,0.375,3.4496,50.608625651166335
0,0.0,0.375,3.4512,50.60250864581288
0,0.0,0.375,3.4528000000000003,50.59639365951284
0,0.0,0.375,3.4544,50.5902806909849
0,0.0,0.375,3.456,50.584169738948454
0,0.0,0.375,3.4576000000000002,50.57806080212363
0,0.0,0.375,3.4592,50.57195387923125
0,0.0,0.375,3.4608000000000003,50.56584896899283
0,0.0,0.375,3.4624,50.55974607013064
0,0.0,0.375,3.464,50.553645181367635
0,0.0,0.375,3.4656000000000002,50.547546301427495
0,0.0,0.375,3.4672,50.54144942903459
0,0.0,0.375,3.4688000000000003,50.535354562914044
0,0.0,0.375,3.4704,50.52926170179165
0,0.0,0.375,3.472,50.523170844393924
0,0.0,0.375,3.4736000000000002,50.51708198944813
0,0.0,0.375,3.4752,50.51099513568217
0,0.0,0.375,3.4768000000000003,50.50491028182474
0,0.0,0.375,3.4784,50.4988274266052
0,0.0,0.375,3.48,50.49274656875364
0,0.0,0.375,3.4816000000000003,50.48666770700084
0,0.0,0.375,3.4832,50.48059084007831
0,0.0,0.375,3.4848000000000003,50.474515966718265
0,0.0,0.375,3.4864,50.46844308565363
0,0.0,0.375,3.488,50.46237219561806
0,0.0,0.375,3.4896000000000003,50.456303295345904
0,0.0,0.375,3.4912,50.45023638357221
0,0.0,0.375,3.4928000000000003,50.44417145903278
0,0.0,0.375,3.4944,50.43810852046407
0,0.0,0.375,3.496,50.432047566603295
0,0.0,0.375,3.4976000000000003,50.42598859618836
0,0.0,0.375,3.4992,50.4199316079579
0,0.0,0.375,3.5008000000000004,50.41387660065123
0,0.0,0.375,3.5024,50.40782357300838
0,0.0,0.375,3.504,50.40177252377012
0,0.0,0.375,3.5056000000000003,50.3957234516779
0,0.0,0.375,3.5072,50.38967635547392
0,0.0,0.375,3.5088000000000004,50.38363123390104
0,0.0,0.375,3.5104,50.377588085702875
0,0.0,0.375,3.512,50.37154690962372
0,0.0,0.375,3.5136000000000003,50.36550770440859
0,0.0,0.375,3.5152,50.359470468803224
0,0.0,0.375,3.5168000000000004,50.35343520155405
0,0.0,0.375,3.5184,50.34740190140822
0,0.0,0.375,3.52,50.341370567113586
0,0.0,0.375,3.5216000000000003,50.33534119741873
0,0.0,0.375,3.5232,50.32931379107291
0,0.0,0.375,3.5248000000000004,50.32328834682613
0,0.0,0.375,3.5264,50.31726486342909
0,0.0,0.375,3.528,50.31124333963319
0,0.0,0.375,3.5296000000000003,50.30522377419054
0,0.0,0.375,3.5312,50.299206165853974
0,0.0,0.375,3.5328000000000004,50.293190513377034
0,0.0,0.375,3.5344,50.28717681551396
0,0.0,0.375,3.536,50.28116507101971
0,0.0,0.375,3.5376000000000003,50.27515527864995
0,0.0,0.375,3.5392,50.269147437161045
0,0.0,0.375,3.5408000000000004,50.26314154531008
0,0.0,0.375,3.5424,50.25713760185485
0,0.0,0.375,3.544,50.251135605553856
0,0.0,0.375,3.5456000000000003,50.24513555516631
0,0.0,0.375,3.5472,50.239137449452116
0,0.0,0.375,3.5488,50.233141287171904
0,0.0,0.375,3.5504000000000002,50.227147067087024
0,0.0,0.375,3.552,50.22115478795951
0,0.0,0.375,3.5536000000000003,50.21516444855211
0,0.0,0.375,3.5552,50.209176047628276
0,0.0,0.375,3.5568,50.20318958395219
0,0.0,0.375,3.5584000000000002,50.1972050562887
0,0.0,0.375,3.56,50.19122246340343
0,0.0,0.375,3.5616000000000003,50.185241804062635
0,0.0,0.375,3.5632,50.179263077033326
0,0.0,0.375,3.5648,50.17328628108321
0,0.0,0.375,3.5664000000000002,50.16731141498069
0,0.0,0.375,3.568,50.1613384774949
0,0.0,0.375,3.5696000000000003,50.155367467395656
0,0.0,0.375,3.5712,50.1493983834535
0,0.0,0.375,3.5728,50.14343122443967
0,0.0,0.375,3.5744000000000002,50.1374659891261
0,0.0,0.375,3.576,50.13150267628546
0,0.0,0.375,3.5776000000000003,50.125541284691096
0,0.0,0.375,3.5792,50.1195818131171
0,0.0,0.375,3.5808,50.11362426033822
0,0.0,0.375,3.5824000000000003,50.10766862512994
0,0.0,0.375,3.584,50.101714906268455
0,0.0,0.375,3.5856000000000003,50.09576310253065
0,0.0,0.375,3.5872,50.08981321269412
0,0.0,0.375,3.5888,50.08386523553717
0,0.0,0.375,3.5904000000000003,50.07791916983881
0,0.0,0.375,3.592,50.071975014378744
0,0.0,0.375,3.5936000000000003,50.06603276793739
0,0.0,0.375,3.5952,50.060092429295885
0,0.0,0.375,3.5968,50.05415399723604
0,0.0,0.375,3.5984000000000003,50.04821747054041
0,0.0,0.375,3.6,50.042282847992205
0,0.0,0.375,3.6016000000000004,50.03635012837538
0,0.0,0.375,3.6032,50.030419310474585
0,0.0,0.375,3.6048,50.024490393075176
0,0.0,0.375,3.6064000000000003,50.01856337496321
0,0.0,0.375,3.608,50.01263825492543
0,0.0,0.375,3.6096000000000004,50.00671503174931
0,0.0,0.375,3.6112,50.000793704223014
0,0.0,0.375,3.6128,49.99487427113541
0,0.0,0.375,3.6144000000000003,49.988956731276076
0,0.0,0.375,3.616,49.98304108343528
0,0.0,0.375,3.6176000000000004,49.977127326404016
0,0.0,0.375,3.6192,49.97121545897395
0,0.0,0.375,3.6208,49.96530547993748
0,0.0,0.375,3.6224000000000003,49.95939738808769
0,0.0,0.375,3.624,49.953491182218364
0,0.0,0.375,3.6256000000000004,49.947586861124
0,0.0,0.375,3.6272,49.94168442359981
0,0.0,0.375,3.6288,49.93578386844169
0,0.0,0.375,3.6304000000000003,49.929885194446214
0,0.0,0.375,3.632,49.9239884004107
0,0.0,0.375,3.6336000000000004,49.91809348513314
0,0.0,0.375,3.6352,49.91220044741225
0,0.0,0.375,3.6368,49.90630928604743
0,0.0,0.375,3.6384000000000003,49.90041999983879
0,0.0,0.375,3.64,49.894532587587136
0,0.0,0.375,3.6416000000000004,49.888647048093965
0,0.0,0.375,3.6432,49.88276338016151
0,0.0,0.375,3.6448,49.87688158259267
0,0.0,0.375,3.6464000000000003,49.87100165419104
0,0.0,0.375,3.648,49.865123593760956
0,0.0,0.375,3.6496,49.85924740010741
0,0.0,0.375,3.6512000000000002,49.85337307203611
0,0.0,0.375,3.6528,49.847500608353485
0,0.0,0.375,3.6544000000000003,49.84163000786663
0,0.0,0.375,3.656,49.83576126938335
0,0.0,0.375,3.6576,49.82989439171216
0,0.0,0.375,3.6592000000000002,49.82402937366227
0,0.0,0.375,3.6608,49.81816621404358
0,0.0,0.375,3.6624000000000003,49.812304911666686
0,0.0,0.375,3.664,49.8064454653429
0,0.0,0.375,3.6656,49.80058787388423
0,0.0,0.375,3.6672000000000002,49.794732136103356
0,0.0,0.375,3.6688,49.788878250813696
0,0.0,0.375,3.6704000000000003,49.783026216829334
0,0.0,0.375,3.672,49.77717603296506
0,0.0,0.375,3.6736,49.77132769803636
0,0.0,0.375,3.6752000000000002,49.76548121085943
0,0.0,0.375,3.6768,49.75963657025116
0,0.0,0.375,3.6784000000000003,49.75379377502912
0,0.0,0.375,3.68,49.747952824011605
0,0.0,0.375,3.6816,49.74211371601756
0,0.0,0.375,3.6832000000000003,49.73627644986667
0,0.0,0.375,3.6848,49.73044102437932
0,0.0,0.375,3.6864000000000003,49.724607438376545
0,0.0,0.375,3.688,49.71877569068012
0,0.0,0.375,3.6896,49.71294578011249
0,0.0,0.375,3.6912000000000003,49.70711770549681
0,0.0,0.375,3.6928,49.70129146565693
0,0.0,0.375,3.6944000000000004,49.69546705941738
0,0.0,0.375,3.696,49.6896444856034
0,0.0,0.375,3.6976,49.683823743040925
0,0.0,0.375,3.6992000000000003,49.67800483055657
0,0.0,0.375,3.7008,49.67218774697765
0,0.0,0.375,3.7024000000000004,49.666372491132186
0,0.0,0.375,3.704,49.66055906184889
0,0.0,0.375,3.7056,49.65474745795716
0,0.0,0.375,3.7072000000000003,49.648937678287076
0,0.0,0.375,3.7088,49.64312972166944
0,0.0,0.375,3.7104000000000004,49.63732358693573
0,0.0,0.375,3.712,49.63151927291811
0,0.0,0.375,3.7136,49.62571677844946
0,0.0,0.375,3.7152000000000003,49.61991610236333
0,0.0,0.375,3.7168,49.614117243493965
0,0.0,0.375,3.7184000000000004,49.60832020067632
0,0.0,0.375,3.72,49.602524972746025
0,0.0,0.375,3.7216,49.59673155853941
0,0.0,0.375,3.7232000000000003,49.59093995689349
0,0.0,0.375,3.7248,49.58515016664599
0,0.0,0.375,3.7264000000000004,49.57936218663528
0,0.0,0.375,3.728,49.573576015700475
0,0.0,0.375,3.7296,49.56779165268136
0,0.0,0.375,3.7312000000000003,49.56200909641839
0,0.0,0.375,3.7328,49.55622834575274
0,0.0,0.375,3.7344000000000004,49.55044939952627
0,0.0,0.375,3.736,49.544672256581514
0,0.0,0.375,3.7376,49.538896915761704
0,0.0,0.375,3.7392000000000003,49.533123375910776
0,0.0,0.375,3.7408,49.52735163587334
0,0.0,0.375,3.7424000000000004,49.521581694494685
0,0.0,0.375,3.744,49.51581355062082
0,0.0,0.375,3.7456,49.5100472030984
0,0.0,0.375,3.7472000000000003,49.50428265077482
0,0.0,0.375,3.7488,49.498519892498116
0,0.0,0.375,3.7504000000000004,49.492758927117045
0,0.0,0.375,3.7520000000000002,49.48699975348102
0,0.0,0.375,3.7536,49.481242370440185
0,0.0,0.375,3.7552000000000003,49.47548677684532
0,0.0,0.375,3.7568,49.469732971547955
0,0.0,0.375,3.7584,49.46398095340024
0,0.0,0.375,3.7600000000000002,49.458230721255056
0,0.0,0.375,3.7616,49.452482273965956
0,0.0,0.375,3.7632000000000003,49.44673561038719
0,0.0,0.375,3.7648,49.44099072937366
0,0.0,0.375,3.7664,49.43524762978101
0,0.0,0.375,3.7680000000000002,49.42950631046551
0,0.0,0.375,3.7696,49.423766770284175
0,0.0,0.375,3.7712000000000003,49.41802900809464
0,0.0,0.375,3.7728,49.41229302275528
0,0.0,0.375,3.7744,49.40655881312514
0,0.0,0.375,3.7760000000000002,49.40082637806393
0,0.0,0.375,3.7776,49.395095716432074
0,0.0,0.375,3.7792000000000003,49.38936682709065
0,0.0,0.375,3.7808,49.383639708901434
0,0.0,0.375,3.7824,49.37791436072689
0,0.0,0.375,3.7840000000000003,49.37219078143017
0,0.0,0.375,3.7856,49.36646896987509
0,0.0,0.375,3.7872000000000003,49.36074892492618
0,0.0,0.375,3.7888,49.3550306454486
0,0.0,0.375,3.7904,49.34931413030825
0,0.0,0.375,3.7920000000000003,49.34359937837168
0,0.0,0.375,3.7936,49.33788638850612
0,0.0,0.375,3.7952000000000004,49.3321751595795
0,0.0,0.375,3.7968,49.32646569046044
0,0.0,0.375,3.7984,49.3207579800182
0,0.0,0.375,3.8000000000000003,49.31505202712275
0,0.0,0.375,3.8016,49.309347830644754
0,0.0,0.375,3.8032000000000004,49.30364538945552
0,0.0,0.375,3.8048,49.29794470242707
0,0.0,0.375,3.8064,49.292245768432075
0,0.0,0.375,3.8080000000000003,49.286548586343926
0,0.0,0.375,3.8096,49.28085315503666
0,0.0,0.375,3.8112000000000004,49.27515947338501
0,0.0,0.375,3.8128,49.26946754026437
0,0.0,0.375,3.8144,49.26377735455085
0,0.0,0.375,3.8160000000000003,49.25808891512119
0,0.0,0.375,3.8176,49.25240222085284
0,0.0,0.375,3.8192000000000004,49.24671727062393
0,0.0,0.375,3.8208,49.24103406331326
0,0.0,0.375,3.8224,49.2353525978003
0,0.0,0.375,3.8240000000000003,49.22967287296521
0,0.0,0.375,3.8256,49.223994887688825
0,0.0,0.375,3.8272000000000004,49.21831864085266
0,0.0,0.375,3.8288,49.2126441313389
0,0.0,0.375,3.8304,49.20697135803041
0,0.0,0.375,3.8320000000000003,49.20130031981072
0,0.0,0.375,3.8336,49.19563101556406
0,0.0,0.375,3.8352000000000004,49.18996344417532
0,0.0,0.375,3.8368,49.184297604530066
0,0.0,0.375,3.8384,49.178633495514546
0,0.0,0.375,3.8400000000000003,49.172971116015674
0,0.0,0.375,3.8416,49.16731046492105
0,0.0,0.375,3.8432000000000004,49.16165154111894
0,0.0,0.375,3.8448,49.15599434349829
0,0.0,0.375,3.8464,49.150338870948715
0,0.0,0.375,3.8480000000000003,49.144685122360514
0,0.0,0.375,3.8496,49.13903309662465
0,0.0,0.375,3.8512000000000004,49.133382792632766
0,0.0,0.375,3.8528000000000002,49.127734209277165
0,0.0,0.375,3.8544,49.122087345450836
0,0.0,0.375,3.8560000000000003,49.11644220004744
0,0.0,0.375,3.8576,49.110798771961306
0,0.0,0.375,3.8592,49.105157060087436
0,0.0,0.375,3.8608000000000002,49.09951706332151
0,0.0,0.375,3.8624,49.09387878055988
0,0.0,0.375,3.8640000000000003,49.08824221069956
0,0.0,0.375,3.8656,49.082607352638234
0,0.0,0.375,3.8672,49.076974205274276
0,0.0,0.375,3.8688000000000002,49.07134276750671
0,0.0,0.375,3.8704,49.06571303823524
0,0.0,0.375,3.8720000000000003,49.06008501636024
0,0.0,0.375,3.8736,49.054458700782746
0,0.0,0.375,3.8752,49.048834090404476
0,0.0,0.375,3.8768000000000002,49.04321118412782
0,0.0,0.375,3.8784,49.03758998085582
0,0.0,0.375,3.8800000000000003,49.0319704794922
0,0.0,0.375,3.8816,49.02635267894134
0,0.0,0.375,3.8832,49.02073657810832
0,0.0,0.375,3.8848000000000003,49.01512217589884
0,0.0,0.375,3.8864,49.00950947121931
0,0.0,0.375,3.8880000000000003,49.00389846297679
0,0.0,0.375,3.8896,48.998289150079
0,0.0,0.375,3.8912,48.99268153143435
0,0.0,0.375,3.8928000000000003,48.9870756059519
0,0.0,0.375,3.8944,48.98147137254138
0,0.0,0.375,3.8960000000000004,48.97586883011317
0,0.0,0.375,3.8976,48.97026797757835
0,0.0,0.375,3.8992,48.96466881384865
0,0.0,0.375,3.9008000000000003,48.959071337836455
0,0.0,0.375,3.9024,48.95347554845483
0,0.0,0.375,3.9040000000000004,48.9478814446175
0,0.0,0.375,3.9056,48.94228902523884
0,0.0,0.375,3.9072,48.936698289233945
0,0.0,0.375,3.9088000000000003,48.931109235518484
0,0.0,0.375,3.9104,48.92552186300887
0,0.0,0.375,3.9120000000000004,48.91993617062214
0,0.0,0.375,3.9136,48.914352157276
0,0.0,0.375,3.9152,48.908769821888825
0,0.0,0.375,3.9168000000000003,48.903189163379665
0,0.0,0.375,3.9184,48.89761018066821
0,0.0,0.375,3.9200000000000004,48.89203287267481
0,0.0,0.375,3.9216,48.8864572383205
0,0.0,0.375,3.9232,48.88088327652696
0,0.0,0.375,3.9248000000000003,48.875310986216554
0,0.0,0.375,3.9264,48.86974036631227
0,0.0,0.375,3.9280000000000004,48.86417141573779
0,0.0,0.375,3.9296,48.85860413341744
0,0.0,0.375,3.9312,48.853038518276215
0,0.0,0.375,3.9328000000000003,48.84747456923976
0,0.0,0.375,3.9344,48.84191228523439
0,0.0,0.375,3.9360000000000004,48.836351665187074
0,0.0,0.375,3.9376,48.830792708025456
0,0.0,0.375,3.9392,48.82523541267782
0,0.0,0.375,3.9408000000000003,48.81967977807311
0,0.0,0.375,3.9424,48.81412580314093
0,0.0,0.375,3.9440000000000004,48.80857348681157
0,0.0,0.375,3.9456,48.803022828015926
0,0.0,0.375,3.9472,48.79747382568559
0,0.0,0.375,3.9488000000000003,48.79192647875281
0,0.0,0.375,3.9504,48.78638078615048
0,0.0,0.375,3.9520000000000004,48.780836746812156
0,0.0,0.375,3.9536000000000002,48.775294359672046
0,0.0,0.375,3.9552,48.76975362366502
0,0.0,0.375,3.9568000000000003,48.764214537726595
0,0.0,0.375,3.9584,48.758677100792966
0,0.0,0.375,3.9600000000000004,48.75314131180096
0,0.0,0.375,3.9616000000000002,48.74760716968807
0,0.0,0.375,3.9632,48.74207467339244
0,0.0,0.375,3.9648000000000003,48.73654382185287
0,0.0,0.375,3.9664,48.73101461400882
0,0.0,0.375,3.968,48.72548704880041
0,0.0,0.375,3.9696000000000002,48.71996112516838
0,0.0,0.375,3.9712,48.71443684205418
0,0.0,0.375,3.9728000000000003,48.70891419839985
0,0.0,0.375,3.9744,48.70339319314814
0,0.0,0.375,3.976,48.697873825242404
0,0.0,0.375,3.9776000000000002,48.69235609362669
0,0.0,0.375,3.9792,48.68683999724568
0,0.0,0.375,3.9808000000000003,48.681325535044714
0,0.0,0.375,3.9824,48.67581270596977
0,0.0,0.375,3.984,48.67030150896748
0,0.0,0.375,3.9856000000000003,48.66479194298514
0,0.0,0.375,3.9872,48.6592840069707
0,0.0,0.375,3.9888000000000003,48.65377769987274
0,0.0,0.375,3.9904,48.64827302064051
0,0.0,0.375,3.992,48.642769968223895
0,0.0,0.375,3.9936000000000003,48.637268541573434
0,0.0,0.375,3.9952,48.63176873964032
0,0.0,0.375,3.9968000000000004,48.6262705613764
0,0.0,0.375,3.9984,48.62077400573417
0,0.0,0.375,4.0,48.61527907166675
0,0.0,0.375,4.0016,48.609785758127934
0,0.0,0.375,4.0032000000000005,48.604294064072164
0,0.0,0.375,4.0048,48.59880398845452
0,0.0,0.375,4.0064,48.59331553023073
0,0.0,0.375,4.008,48.58782868835717
0,0.0,0.375,4.0096,48.58234346179087
0,0.0,0.375,4.0112000000000005,48.576859849489495
0,0.0,0.375,4.0128,48.57137785041137
0,0.0,0.375,4.0144,48.56589746351547
0,0.0,0.375,4.016,48.56041868776136
0,0.0,0.375,4.0176,48.554941522109345
0,0.0,0.375,4.0192000000000005,48.5494659655203
0,0.0,0.375,4.0208,48.543992016955784
0,0.0,0.375,4.0224,48.53851967537798
0,0.0,0.375,4.024,48.533048939749726
0,0.0,0.375,4.0256,48.527579809034506
0,0.0,0.375,4.027200000000001,48.522112282196424
0,0.0,0.375,4.0288,48.51664635820027
0,0.0,0.375,4.0304,48.51118203601144
0,0.0,0.375,4.032,48.50571931459599
0,0.0,0.375,4.0336,48.500258192920626
0,0.0,0.375,4.035200000000001,48.49479866995267
0,0.0,0.375,4.0368,48.48934074466011
0,0.0,0.375,4.0384,48.48388441601158
0,0.0,0.375,4.04,48.47842968297632
0,0.0,0.375,4.0416,48.47297654452424
0,0.0,0.375,4.043200000000001,48.4675249996259
0,0.0,0.375,4.0448,48.46207504725248
0,0.0,0.375,4.0464,48.456626686375806
0,0.0,0.375,4.048,48.45117991596834
0,0.0,0.375,4.0496,48.4457347350032
0,0.0,0.375,4.051200000000001,48.44029114245413
0,0.0,0.375,4.0528,48.4348491372955
0,0.0,0.375,4.0544,48.42940871850236
0,0.0,0.375,4.056,48.42396988505036
0,0.0,0.375,4.0576,48.41853263591579
0,0.0,0.375,4.059200000000001,48.41309697007561
0,0.0,0.375,4.0608,48.40766288650738
0,0.0,0.375,4.0624,48.40223038418933
0,0.0,0.375,4.064,48.396799462100304
0,0.0,0.375,4.0656,48.3913701192198
0,0.0,0.375,4.067200000000001,48.38594235452794
0,0.0,0.375,4.0688,48.380516167005474
0,0.0,0.375,4.0704,48.37509155563381
0,0.0,0.375,4.072,48.369668519394985
0,0.0,0.375,4.0736,48.364247057271655
0,0.0,0.375,4.075200000000001,48.35882716824713
0,0.0,0.375,4.0768,48.35340885130536
0,0.0,0.375,4.0784,48.347992105430905
0,0.0,0.375,4.08,48.342576929608974
0,0.0,0.375,4.0816,48.33716332282542
0,0.0,0.375,4.083200000000001,48.3317512840667
0,0.0,0.375,4.0848,48.32634081231994
0,0.0,0.375,4.0864,48.32093190657287
0,0.0,0.375,4.088,48.31552456581388
0,0.0,0.375,4.0896,48.31011878903196
0,0.0,0.375,4.091200000000001,48.30471457521675
0,0.0,0.375,4.0928,48.29931192335852
0,0.0,0.375,4.0944,48.293910832448184
0,0.0,0.375,4.096,48.288511301477264
0,0.0,0.375,4.0976,48.28311332943794
0,0.0,0.375,4.099200000000001,48.27771691532299
0,0.0,0.375,4.1008000000000004,48.27232205812586
0,0.0,0.375,4.1024,48.26692875684057
0,0.0,0.375,4.104,48.26153701046184
0,0.0,0.375,4.1056,48.256146817984984
0,0.0,0.375,4.107200000000001,48.250758178405924
0,0.0,0.375,4.1088000000000005,48.24537109072125
0,0.0,0.375,4.1104,48.23998555392815
0,0.0,0.375,4.112,48.23460156702447
0,0.0,0.375,4.1136,48.229219129008655
0,0.0,0.375,4.115200000000001,48.2238382388798
0,0.0,0.375,4.1168000000000005,48.21845889563761
0,0.0,0.375,4.1184,48.21308109828242
0,0.0,0.375,4.12,48.20770484581522
0,0.0,0.375,4.1216,48.20233013723758
0,0.0,0.375,4.1232,48.19695697155173
0,0.0,0.375,4.1248000000000005,48.19158534776051
0,0.0,0.375,4.1264,48.186215264867386
0,0.0,0.375,4.128,48.18084672187647
0,0.0,0.375,4.1296,48.175479717792456
0,0.0,0.375,4.1312,48.17011425162073
0,0.0,0.375,4.1328000000000005,48.164750322367226
0,0.0,0.375,4.1344,48.15938792903855
0,0.0,0.375,4.136,48.15402707064193
0,0.0,0.375,4.1376,48.1486677461852
0,0.0,0.375,4.1392,48.14330995467682
0,0.0,0.375,4.1408000000000005,48.13795369512588
0,0.0,0.375,4.1424,48.13259896654209
0,0.0,0.375,4.144,48.12724576793578
0,0.0,0.375,4.1456,48.12189409831791
0,0.0,0.375,4.1472,48.11654395670005
0,0.0,0.375,4.1488000000000005,48.1111953420944
0,0.0,0.375,4.1504,48.10584825351377
0,0.0,0.375,4.152,48.100502689971606
0,0.0,0.375,4.1536,48.09515865048196
0,0.0,0.375,4.1552,48.089816134059525
0,0.0,0.375,4.1568000000000005,48.084475139719586
0,0.0,0.375,4.1584,48.07913566647807
0,0.0,0.375,4.16,48.07379771335151
0,0.0,0.375,4.1616,48.06846127935707
0,0.0,0.375,4.1632,48.06312636351252
0,0.0,0.375,4.1648000000000005,48.05779296483625
0,0.0,0.375,4.1664,48.05246108234728
0,0.0,0.375,4.168,48.047130715065215
0,0.0,0.375,4.1696,48.041801862010345
0,0.0,0.375,4.1712,48.03647452220349
0,0.0,0.375,4.1728000000000005,48.03114869466615
0,0.0,0.375,4.1744,48.02582437842042
0,0.0,0.375,4.176,48.02050157248902
0,0.0,0.375,4.1776,48.01518027589526
0,0.0,0.375,4.1792,48.009860487663104
0,0.0,0.375,4.1808000000000005,48.0045422068171
0,0.0,0.375,4.1824,47.99922543238241
0,0.0,0.375,4.184,47.993910163384854
0,0.0,0.375,4.1856,47.98859639885082
0,0.0,0.375,4.1872,47.98328413780732
0,0.0,0.375,4.1888000000000005,47.97797337928198
0,0.0,0.375,4.1904,47.972664122303065
0,0.0,0.375,4.192,47.96735636589942
0,0.0,0.375,4.1936,47.96205010910051
0,0.0,0.375,4.1952,47.95674535093642
0,0.0,0.375,4.1968000000000005,47.95144209043786
0,0.0,0.375,4.1984,47.94614032663611
0,0.0,0.375,4.2,47.94084005856311
0,0.0,0.375,4.2016,47.93554128525138
0,0.0,0.375,4.2032,47.93024400573406
0,0.0,0.375,4.2048000000000005,47.92494821904489
0,0.0,0.375,4.2064,47.91965392421825
0,0.0,0.375,4.208,47.914361120289115
0,0.0,0.375,4.2096,47.90906980629305
0,0.0,0.375,4.2112,47.90377998126623
0,0.0,0.375,4.2128000000000005,47.89849164424549
0,0.0,0.375,4.2144,47.893204794268215
0,0.0,0.375,4.216,47.88791943037243
0,0.0,0.375,4.2176,47.88263555159675
0,0.0,0.375,4.2192,47.877353156980426
0,0.0,0.375,4.2208000000000006,47.87207224556328
0,0.0,0.375,4.2224,47.866792816385775
0,0.0,0.375,4.224,47.86151486848894
0,0.0,0.375,4.2256,47.85623840091445
0,0.0,0.375,4.2272,47.85096341270457
0,0.0,0.375,4.228800000000001,47.84568990290218
0,0.0,0.375,4.2304,47.84041787055075
0,0.0,0.375,4.232,47.83514731469437
0,0.0,0.375,4.2336,47.82987823437772
0,0.0,0.375,4.2352,47.8246106286461
0,0.0,0.375,4.236800000000001,47.8193444965454
0,0.0,0.375,4.2384,47.81407983712212
0,0.0,0.375,4.24,47.808816649423385
0,0.0,0.375,4.2416,47.80355493249689
0,0.0,0.375,4.2432,47.79829468539094
0,0.0,0.375,4.244800000000001,47.79303590715447
0,0.0,0.375,4.2464,47.787778596836986
0,0.0,0.375,4.248,47.78252275348861
0,0.0,0.375,4.2496,47.77726837616005
0,0.0,0.375,4.2512,47.77201546390265
0,0.0,0.375,4.252800000000001,47.766764015768324
0,0.0,0.375,4.2544,47.7615140308096
0,0.0,0.375,4.256,47.75626550807961
0,0.0,0.375,4.2576,47.75101844663206
0,0.0,0.375,4.2592,47.7457728455213
0,0.0,0.375,4.260800000000001,47.74052870380226
0,0.0,0.375,4.2624,47.73528602053045
0,0.0,0.375,4.264,47.730044794761994
0,0.0,0.375,4.2656,47.72480502555362
0,0.0,0.375,4.2672,47.719566711962656
0,0.0,0.375,4.268800000000001,47.71432985304702
0,0.0,0.375,4.2704,47.709094447865226
0,0.0,0.375,4.272,47.703860495476384
0,0.0,0.375,4.2736,47.69862799494022
0,0.0,0.375,4.2752,47.69339694531704
0,0.0,0.375,4.276800000000001,47.68816734566774
0,0.0,0.375,4.2784,47.68293919505385
0,0.0,0.375,4.28,47.67771249253744
0,0.0,0.375,4.2816,47.67248723718122
0,0.0,0.375,4.2832,47.66726342804848
0,0.0,0.375,4.284800000000001,47.66204106420309
0,0.0,0.375,4.2864,47.65682014470955
0,0.0,0.375,4.288,47.65160066863292
0,0.0,0.375,4.2896,47.64638263503888
0,0.0,0.375,4.2912,47.64116604299369
0,0.0,0.375,4.292800000000001,47.63595089156419
0,0.0,0.375,4.2944,47.63073717981784
0,0.0,0.375,4.296,47.62552490682268
0,0.0,0.375,4.2976,47.62031407164735
0,0.0,0.375,4.2992,47.61510467336106
0,0.0,0.375,4.300800000000001,47.609896711033656
0,0.0,0.375,4.3024000000000004,47.60469018373552
0,0.0,0.375,4.304,47.59948509053767
0,0.0,0.375,4.3056,47.5942814305117
0,0.0,0.375,4.3072,47.58907920272977
0,0.0,0.375,4.308800000000001,47.583878406264674
0,0.0,0.375,4.3104000000000005,47.57867904018977
0,0.0,0.375,4.312,47.57348110357901
0,0.0,0.375,4.3136,47.56828459550694
0,0.0,0.375,4.3152,47.56308951504868
0,0.0,0.375,4.316800000000001,47.55789586127997
0,0.0,0.375,4.3184000000000005,47.55270363327709
0,0.0,0.375,4.32,47.547512830116965
0,0.0,0.375,4.3216,47.542323450877056
0,0.0,0.375,4.3232,47.537135494635464
0,0.0,0.375,4.324800000000001,47.53194896047082
0,0.0,0.375,4.3264000000000005,47.52676384746238
0,0.0,0.375,4.328,47.52158015468998
0,0.0,0.375,4.3296,47.51639788123404
0,0.0,0.375,4.3312,47.51121702617556
0,0.0,0.375,4.332800000000001,47.50603758859613
0,0.0,0.375,4.3344000000000005,47.50085956757792
0,0.0,0.375,4.336,47.49568296220371
0,0.0,0.375,4.3376,47.490507771556835
0,0.0,0.375,4.3392,47.48533399472121
0,0.0,0.375,4.3408,47.48016163078137
0,0.0,0.375,4.3424000000000005,47.47499067882241
0,0.0,0.375,4.344,47.46982113793
0,0.0,0.375,4.3456,47.46465300719041
0,0.0,0.375,4.3472,47.45948628569048
0,0.0,0.375,4.3488,47.45432097251765
0,0.0,0.375,4.3504000000000005,47.44915706675993
0,0.0,0.375,4.352,47.44399456750591
0,0.0,0.375,4.3536,47.438833473844774
0,0.0,0.375,4.3552,47.433673784866265
0,0.0,0.375,4.3568,47.428515499660726
0,0.0,0.375,4.3584000000000005,47.423358617319074
0,0.0,0.375,4.36,47.41820313693281
0,0.0,0.375,4.3616,47.41304905759401
0,0.0,0.375,4.3632,47.40789637839533
0,0.0,0.375,4.3648,47.402745098429996
0,0.0,0.375,4.3664000000000005,47.39759521679185
0,0.0,0.375,4.368,47.39244673257527
0,0.0,0.375,4.3696,47.38729964487523
0,0.0,0.375,4.3712,47.38215395278727
0,0.0,0.375,4.3728,47.377009655407534
0,0.0,0.375,4.3744000000000005,47.371866751832734
0,0.0,0.375,4.376,47.36672524116013
0,0.0,0.375,4.3776,47.361585122487604
0,0.0,0.375,4.3792,47.35644639491358
0,0.0,0.375,4.3808,47.35130905753709
0,0.0,0.375,4.3824000000000005,47.34617310945769
0,0.0,0.375,4.384,47.34103854977556
0,0.0,0.375,4.3856,47.33590537759145
0,0.0,0.375,4.3872,47.330773592006665
0,0.0,0.375,4.3888,47.325643192123096
0,0.0,0.375,4.3904000000000005,47.3205141770432
0,0.0,0.375,4.392,47.31538654587003
0,0.0,0.375,4.3936,47.31026029770717
0,0.0,0.375,4.3952,47.305135431658826
0,0.0,0.375,4.3968,47.30001194682974
0,0.0,0.375,4.3984000000000005,47.29488984232526
0,0.0,0.375,4.4,47.28976911725128
0,0.0,0.375,4.4016,47.28464977071427
0,0.0,0.375,4.4032,47.27953180182128
0,0.0,0.375,4.4048,47.27441520967992
0,0.0,0.375,4.4064000000000005,47.2692999933984
0,0.0,0.375,4.408,47.26418615208545
0,0.0,0.375,4.4096,47.259073684850414
0,0.0,0.375,4.4112,47.25396259080319
0,0.0,0.375,4.4128,47.24885286905425
0,0.0,0.375,4.4144000000000005,47.24374451871463
0,0.0,0.375,4.416,47.238637538895944
0,0.0,0.375,4.4176,47.23353192871037
0,0.0,0.375,4.4192,47.22842768727065
0,0.0,0.375,4.4208,47.2233248136901
0,0.0,0.375,4.4224000000000006,47.218223307082596
0,0.0,0.375,4.424,47.2131231665626
0,0.0,0.375,4.4256,47.208024391245125
0,0.0,0.375,4.4272,47.20292698024574
0,0.0,0.375,4.4288,47.19783093268062
0,0.0,0.375,4.430400000000001,47.19273624766647
0,0.0,0.375,4.432,47.18764292432057
0,0.0,0.375,4.4336,47.18255096176078
0,0.0,0.375,4.4352,47.17746035910551
0,0.0,0.375,4.4368,47.17237111547374
0,0.0,0.375,4.438400000000001,47.16728322998501
0,0.0,0.375,4.44,47.16219670175943
0,0.0,0.375,4.4416,47.15711152991768
0,0.0,0.375,4.4432,47.15202771358099
0,0.0,0.375,4.4448,47.146945251871166
0,0.0,0.375,4.446400000000001,47.14186414391057
0,0.0,0.375,4.448,47.13678438882212
0,0.0,0.375,4.4496,47.131705985729326
0,0.0,0.375,4.4512,47.12662893375623
0,0.0,0.375,4.4528,47.12155323202743
0,0.0,0.375,4.454400000000001,47.11647887966812
0,0.0,0.375,4.456,47.11140587580403
0,0.0,0.375,4.4576,47.10633421956146
0,0.0,0.375,4.4592,47.10126391006727
0,0.0,0.375,4.4608,47.09619494644886
0,0.0,0.375,4.462400000000001,47.091127327834236
0,0.0,0.375,4.464,47.086061053351926
0,0.0,0.375,4.4656,47.080996122131026
0,0.0,0.375,4.4672,47.0759325333012
0,0.0,0.375,4.4688,47.070870285992655
0,0.0,0.375,4.470400000000001,47.065809379336166
0,0.0,0.375,4.472,47.06074981246308
0,0.0,0.375,4.4736,47.05569158450526
0,0.0,0.375,4.4752,47.05063469459517
0,0.0,0.375,4.4768,47.045579141865815
0,0.0,0.375,4.478400000000001,47.04052492545076
0,0.0,0.375,4.48,47.03547204448412
0,0.0,0.375,4.4816,47.030420498100575
0,0.0,0.375,4.4832,47.02537028543536
0,0.0,0.375,4.4848,47.02032140562424
0,0.0,0.375,4.486400000000001,47.01527385780357
0,0.0,0.375,4.488,47.010227641110255
0,0.0,0.375,4.4896,47.005182754681734
0,0.0,0.375,4.4912,47.00013919765602
0,0.0,0.375,4.4928,46.99509696917167
0,0.0,0.375,4.494400000000001,46.9900560683678
0,0.0,0.375,4.496,46.985016494384084
0,0.0,0.375,4.4976,46.97997824636073
0,0.0,0.375,4.4992,46.974941323438514
0,0.0,0.375,4.5008,46.969905724758775
0,0.0,0.375,4.502400000000001,46.964871449463374
0,0.0,0.375,4.5040000000000004,46.95983849669475
0,0.0,0.375,4.5056,46.954806865595884
0,0.0,0.375,4.5072,46.94977655531031
0,0.0,0.375,4.5088,46.944747564982094
0,0.0,0.375,4.510400000000001,46.9397198937559
0,0.0,0.375,4.5120000000000005,46.9346935407769
0,0.0,0.375,4.5136,46.92966850519082
0,0.0,0.375,4.5152,46.92464478614396
0,0.0,0.375,4.5168,46.919622382783125
0,0.0,0.375,4.518400000000001,46.914601294255725
0,0.0,0.375,4.5200000000000005,46.9095815197097
0,0.0,0.375,4.5216,46.904563058293505
0,0.0,0.375,4.5232,46.899545909156174
0,0.0,0.375,4.5248,46.89453007144728
0,0.0,0.375,4.526400000000001,46.88951554431695
0,0.0,0.375,4.5280000000000005,46.88450232691587
0,0.0,0.375,4.5296,46.87949041839524
0,0.0,0.375,4.5312,46.874479817906824
0,0.0,0.375,4.5328,46.86947052460293
0,0.0,0.375,4.534400000000001,46.86446253763643
0,0.0,0.375,4.5360000000000005,46.8594558561607
0,0.0,0.375,4.5376,46.85445047932971
0,0.0,0.375,4.5392,46.849446406297936
0,0.0,0.375,4.5408,46.844443636220426
0,0.0,0.375,4.542400000000001,46.83944216825276
0,0.0,0.375,4.5440000000000005,46.834442001551054
0,0.0,0.375,4.5456,46.82944313527198
0,0.0,0.375,4.5472,46.82444556857275
0,0.0,0.375,4.5488,46.81944930061112
0,0.0,0.375,4.5504,46.81445433054538
0,0.0,0.375,4.5520000000000005,46.80946065753438
0,0.0,0.375,4.5536,46.8044682807375
0,0.0,0.375,4.5552,46.799477199314666
0,0.0,0.375,4.5568,46.79448741242635
0,0.0,0.375,4.5584,46.78949891923353
0,0.0,0.375,4.5600000000000005,46.78451171889778
0,0.0,0.375,4.5616,46.77952581058119
0,0.0,0.375,4.5632,46.774541193446375
0,0.0,0.375,4.5648,46.76955786665649
0,0.0,0.375,4.5664,46.764575829375275
0,0.0,0.375,4.5680000000000005,46.75959508076696
0,0.0,0.375,4.5696,46.75461561999633
0,0.0,0.375,4.5712,46.749637446228725
0,0.0,0.375,4.5728,46.744660558629995
0,0.0,0.375,4.5744,46.739684956366546
0,0.0,0.375,4.5760000000000005,46.734710638605314
0,0.0,0.375,4.5776,46.729737604513765
0,0.0,0.375,4.5792,46.72476585325993
0,0.0,0.375,4.5808,46.71979538401236
0,0.0,0.375,4.5824,46.71482619594013
0,0.0,0.375,4.5840000000000005,46.70985828821287
0,0.0,0.375,4.5856,46.704891660000726
0,0.0,0.375,4.5872,46.69992631047442
0,0.0,0.375,4.5888,46.69496223880516
0,0.0,0.375,4.5904,46.68999944416472
0,0.0,0.375,4.5920000000000005,46.685037925725396
0,0.0,0.375,4.5936,46.680077682660034
0,0.0,0.375,4.5952,46.67511871414197
0,0.0,0.375,4.5968,46.67016101934515
0,0.0,0.375,4.5984,46.66520459744397
0,0.0,0.375,4.6000000000000005,46.66024944761341
0,0.0,0.375,4.6016,46.65529556902898
0,0.0,0.375,4.6032,46.65034296086671
0,0.0,0.375,4.6048,46.64539162230315
0,0.0,0.375,4.6064,46.64044155251542
0,0.0,0.375,4.6080000000000005,46.63549275068113
0,0.0,0.375,4.6096,46.630545215978444
0,0.0,0.375,4.6112,46.625598947586056
0,0.0,0.375,4.6128,46.62065394468319
0,0.0,0.375,4.6144,46.61571020644959
0,0.0,0.375,4.6160000000000005,46.61076773206554
0,0.0,0.375,4.6176,46.60582652071185
0,0.0,0.375,4.6192,46.60088657156987
0,0.0,0.375,4.6208,46.59594788382147
0,0.0,0.375,4.6224,46.59101045664903
0,0.0,0.375,4.6240000000000006,46.58607428923549
0,0.0,0.375,4.6256,46.5811393807643
0,0.0,0.375,4.6272,46.576205730419446
0,0.0,0.375,4.6288,46.571273337385435
0,0.0,0.375,4.6304,46.5663422008473
0,0.0,0.375,4.632000000000001,46.56141231999061
0,0.0,0.375,4.6336,46.556483694001464
0,0.0,0.375,4.6352,46.55155632206646
0,0.0,0.375,4.6368,46.54663020337275
0,0.0,0.375,4.6384,46.541705337108
0,0.0,0.375,4.640000000000001,46.536781722460404
0,0.0,0.375,4.6416,46.531859358618675
0,0.0,0.375,4.6432,46.526938244772076
0,0.0,0.375,4.6448,46.522018380110346
0,0.0,0.375,4.6464,46.51709976382379
0,0.0,0.375,4.648000000000001,46.512182395103224
0,0.0,0.375,4.6496,46.50726627313999
0,0.0,0.375,4.6512,46.502351397125935
0,0.0,0.375,4.6528,46.49743776625347
0,0.0,0.375,4.6544,46.49252537971547
0,0.0,0.375,4.656000000000001,46.48761423670539
0,0.0,0.375,4.6576,46.48270433641717
0,0.0,0.375,4.6592,46.477795678045275
0,0.0,0.375,4.6608,46.47288826078471
0,0.0,0.375,4.6624,46.46798208383098
0,0.0,0.375,4.664000000000001,46.46307714638014
0,0.0,0.375,4.6656,46.45817344762872
0,0.0,0.375,4.6672,46.45327098677381
0,0.0,0.375,4.6688,46.448369763013005
0,0.0,0.375,4.6704,46.44346977554442
0,0.0,0.375,4.672000000000001,46.43857102356669
0,0.0,0.375,4.6736,46.43367350627895
0,0.0,0.375,4.6752,46.4287772228809
0,0.0,0.375,4.6768,46.42388217257272
0,0.0,0.375,4.6784,46.4189883545551
0,0.0,0.375,4.680000000000001,46.414095768029284
0,0.0,0.375,4.6816,46.409204412197
0,0.0,0.375,4.6832,46.40431428626051
0,0.0,0.375,4.6848,46.3994253894226
0,0.0,0.375,4.6864,46.394537720886554
0,0.0,0.375,4.688000000000001,46.38965127985618
0,0.0,0.375,4.6896,46.3847660655358
0,0.0,0.375,4.6912,46.379882077130254
0,0.0,0.375,4.6928,46.3749993138449
0,0.0,0.375,4.6944,46.37011777488561
0,0.0,0.375,4.696000000000001,46.365237459458754
0,0.0,0.375,4.6976,46.360358366771244
0,0.0,0.375,4.6992,46.355480496030474
0,0.0,0.375,4.7008,46.350603846444386
0,0.0,0.375,4.7024,46.345728417221416
0,0.0,0.375,4.704000000000001,46.3408542075705
0,0.0,0.375,4.7056000000000004,46.33598121670112
0,0.0,0.375,4.7072,46.33110944382324
0,0.0,0.375,4.7088,46.326238888147344
0,0.0,0.375,4.7104,46.32136954888445
0,0.0,0.375,4.712000000000001,46.31650142524606
0,0.0,0.375,4.7136000000000005,46.31163451644419
0,0.0,0.375,4.7152,46.30676882169137
0,0.0,0.375,4.7168,46.301904340200664
0,0.0,0.375,4.7184,46.297041071185596
0,0.0,0.375,4.720000000000001,46.29217901386026
0,0.0,0.375,4.7216000000000005,46.28731816743922
0,0.0,0.375,4.7232,46.28245853113754
0,0.0,0.375,4.7248,46.27760010417084
0,0.0,0.375,4.7264,46.27274288575519
0,0.0,0.375,4.728000000000001,46.267886875107216
0,0.0,0.375,4.7296000000000005,46.26303207144403
0,0.0,0.375,4.7312,46.258178473983264
0,0.0,0.375,4.7328,46.25332608194304
0,0.0,0.375,4.7344,46.24847489454199
0,0.0,0.375,4.736000000000001,46.24362491099928
0,0.0,0.375,4.7376000000000005,46.238776130534546
0,0.0,0.375,4.7392,46.23392855236795
0,0.0,0.375,4.7408,46.22908217572015
0,0.0,0.375,4.7424,46.22423699981233
0,0.0,0.375,4.744000000000001,46.219393023866154
0,0.0,0.375,4.7456000000000005,46.2145502471038
0,0.0,0.375,4.7472,46.20970866874796
0,0.0,0.375,4.7488,46.204868288021814
0,0.0,0.375,4.7504,46.20002910414906
0,0.0,0.375,4.752000000000001,46.1951911163539
0,0.0,0.375,4.7536000000000005,46.19035432386103
0,0.0,0.375,4.7552,46.18551872589565
0,0.0,0.375,4.7568,46.18068432168346
0,0.0,0.375,4.7584,46.17585111045069
0,0.0,0.375,4.76,46.17101909142402
0,0.0,0.375,4.7616000000000005,46.16618826383068
0,0.0,0.375,4.7632,46.16135862689839
0,0.0,0.375,4.7648,46.15653017985537
0,0.0,0.375,4.7664,46.15170292193032
0,0.0,0.375,4.768,46.14687685235246
0,0.0,0.375,4.7696000000000005,46.142051970351524
0,0.0,0.375,4.7712,46.1372282751577
0,0.0,0.375,4.7728,46.13240576600174
0,0.0,0.375,4.7744,46.127584442114845
0,0.0,0.375,4.776,46.122764302728726
0,0.0,0.375,4.7776000000000005,46.117945347075604
0,0.0,0.375,4.7792,46.113127574388194
0,0.0,0.375,4.7808,46.1083109838997
0,0.0,0.375,4.7824,46.10349557484385
0,0.0,0.375,4.784,46.09868134645484
0,0.0,0.375,4.7856000000000005,46.09386829796737
0,0.0,0.375,4.7872,46.089056428616665
0,0.0,0.375,4.7888,46.08424573763839
0,0.0,0.375,4.7904,46.079436224268775
0,0.0,0.375,4.792,46.07462788774449
0,0.0,0.375,4.7936000000000005,46.06982072730273
0,0.0,0.375,4.7952,46.06501474218118
0,0.0,0.375,4.7968,46.060209931618004
0,0.0,0.375,4.7984,46.05540629485189
0,0.0,0.375,4.8,46.05060383112201
0,0.0,0.375,4.8016000000000005,46.04580253966803
0,0.0,0.375,4.8032,46.041002419730084
0,0.0,0.375,4.8048,46.03620347054884
0,0.0,0.375,4.8064,46.031405691365435
0,0.0,0.375,4.808,46.02660908142152
0,0.0,0.375,4.8096000000000005,46.0218136399592
0,0.0,0.375,4.8112,46.01701936622111
0,0.0,0.375,4.8128,46.01222625945037
0,0.0,0.375,4.8144,46.00743431889059
0,0.0,0.375,4.816,46.00264354378586
0,0.0,0.375,4.8176000000000005,45.99785393338077
0,0.0,0.375,4.8192,45.9930654869204
0,0.0,0.375,4.8208,45.988278203650324
0,0.0,0.375,4.8224,45.983492082816596
0,0.0,0.375,4.824,45.978707123665785
0,0.0,0.375,4.8256000000000006,45.973923325444915
0,0.0,0.375,4.8272,45.969140687401534
0,0.0,0.375,4.8288,45.964359208783655
0,0.0,0.375,4.8304,45.959578888839786
0,0.0,0.375,4.832,45.954799726818926
0,0.0,0.375,4.833600000000001,45.95002172197056
0,0.0,0.375,4.8352,45.945244873544674
0,0.0,0.375,4.8368,45.94046918079172
0,0.0,0.375,4.8384,45.93569464296266
0,0.0,0.375,4.84,45.9309212593089
0,0.0,0.375,4.841600000000001,45.9261490290824
0,0.0,0.375,4.8432,45.92137795153556
0,0.0,0.375,4.8448,45.91660802592128
0,0.0,0.375,4.8464,45.91183925149293
0,0.0,0.375,4.848,45.90707162750438
0,0.0,0.375,4.849600000000001,45.90230515320999
0,0.0,0.375,4.8512,45.897539827864605
0,0.0,0.375,4.8528,45.89277565072354
0,0.0,0.375,4.8544,45.888012621042606
0,0.0,0.375,4.856,45.8832507380781
0,0.0,0.375,4.857600000000001,45.878490001086796
0,0.0,0.375,4.8592,45.873730409325944
0,0.0,0.375,4.8608,45.8689719620533
0,0.0,0.375,4.8624,45.86421465852708
0,0.0,0.375,4.864,45.859458498006006
0,0.0,0.375,4.865600000000001,45.85470347974926
0,0.0,0.375,4.8672,45.84994960301652
0,0.0,0.375,4.8688,45.84519686706793
0,0.0,0.375,4.8704,45.84044527116415
0,0.0,0.375,4.872,45.835694814566274
0,0.0,0.375,4.873600000000001,45.83094549653592
0,0.0,0.375,4.8752,45.82619731633516
0,0.0,0.375,4.8768,45.821450273226546
0,0.0,0.375,4.8784,45.816704366473125
0,0.0,0.375,4.88,45.811959595338415
0,0.0,0.375,4.881600000000001,45.80721595908643
0,0.0,0.375,4.8832,45.802473456981616
0,0.0,0.375,4.8848,45.797732088288946
0,0.0,0.375,4.8864,45.792991852273865
0,0.0,0.375,4.888,45.788252748202275
0,0.0,0.375,4.889600000000001,45.78351477534058
0,0.0,0.375,4.8912,45.77877793295565
0,0.0,0.375,4.8928,45.77404222031482
0,0.0,0.375,4.8944,45.76930763668591
0,0.0,0.375,4.896,45.76457418133723
0,0.0,0.375,4.897600000000001,45.75984185353756
0,0.0,0.375,4.8992,45.75511065255614
0,0.0,0.375,4.9008,45.75038057766272
0,0.0,0.375,4.9024,45.74565162812748
0,0.0,0.375,4.904,45.74092380322112
0,0.0,0.375,4.905600000000001,45.73619710221479
0,0.0,0.375,4.9072000000000005,45.73147152438011
0,0.0,0.375,4.9088,45.72674706898921
0,0.0,0.375,4.9104,45.722023735314636
0,0.0,0.375,4.912,45.71730152262946
0,0.0,0.375,4.913600000000001,45.71258043020721
0,0.0,0.375,4.9152000000000005,45.707860457321864
0,0.0,0.375,4.9168,45.703141603247914
0,0.0,0.375,4.9184,45.698423867260296
0,0.0,0.375,4.92,45.69370724863443
0,0.0,0.375,4.921600000000001,45.6889917466462
0,0.0,0.375,4.9232000000000005,45.684277360571976
0,0.0,0.375,4.9248,45.67956408968859
0,0.0,0.375,4.9264,45.67485193327334
0,0.0,0.375,4.928,45.670140890603996
0,0.0,0.375,4.929600000000001,45.66543096095881
0,0.0,0.375,4.9312000000000005,45.6607221436165
0,0.0,0.375,4.9328,45.65601443785624
0,0.0,0.375,4.9344,45.6513078429577
0,0.0,0.375,4.936,45.646602358200994
0,0.0,0.375,4.937600000000001,45.641897982866716
0,0.0,0.375,4.9392000000000005,45.63719471623593
0,0.0,0.375,4.9408,45.63249255759017
0,0.0,0.375,4.9424,45.62779150621143
0,0.0,0.375,4.944,45.623091561382175
0,0.0,0.375,4.945600000000001,45.618392722385366
0,0.0,0.375,4.9472000000000005,45.61369498850437
0,0.0,0.375,4.9488,45.60899835902308
0,0.0,0.375,4.9504,45.60430283322583
0,0.0,0.375,4.952,45.5996084103974
0,0.0,0.375,4.953600000000001,45.59491508982308
0,0.0,0.375,4.9552000000000005,45.590222870788615
0,0.0,0.375,4.9568,45.58553175258018
0,0.0,0.375,4.9584,45.58084173448446
0,0.0,0.375,4.96,45.576152815788575
0,0.0,0.375,4.961600000000001,45.571464995780126
0,0.0,0.375,4.9632000000000005,45.56677827374717
0,0.0,0.375,4.9648,45.56209264897823
0,0.0,0.375,4.9664,45.55740812076231
0,0.0,0.375,4.968,45.55272468838884
0,0.0,0.375,4.9696,45.54804235114775
0,0.0,0.375,4.9712000000000005,45.54336110832942
0,0.0,0.375,4.9728,45.538680959224685
0,0.0,0.375,4.9744,45.53400190312485
0,0.0,0.375,4.976,45.52932393932168
0,0.0,0.375,4.9776,45.52464706710741
0,0.0,0.375,4.9792000000000005,45.51997128577471
0,0.0,0.375,4.9808,45.515296594616764
0,0.0,0.375,4.9824,45.51062299292714
0,0.0,0.375,4.984,45.50595047999994
0,0.0,0.375,4.9856,45.5012790551297
0,0.0,0.375,4.9872000000000005,45.49660871761141
0,0.0,0.375,4.9888,45.491939466740504
0,0.0,0.375,4.9904,45.48727130181292
0,0.0,0.375,4.992,45.482604222125005
0,0.0,0.375,4.9936,45.477938226973606
0,0.0,0.375,4.9952000000000005,45.473273315656016
0,0.0,0.375,4.9968,45.468609487469976
0,0.0,0.375,4.9984,45.46394674171369
0,0.0,0.375,5.0,45.45928507768583
1,-0.5,0.5,0.0,75.48396019890073
1,-0.5,0.5,0.0016,75.46833990451618
1,-0.5,0.5,0.0032,75.45272557879585
1,-0.5,0.5,0.0048000000000000004,75.43711721880906
1,-0.5,0.5,0.0064,75.4215148216264
1,-0.5,0.5,0.008,75.40591838431963
1,-0.5,0.5,0.009600000000000001,75.3903279039618
1,-0.5,0.5,0.0112,75.37474337762714
1,-0.5,0.5,0.0128,75.3591648023911
1,-0.5,0.5,0.014400000000000001,75.34359217533037
1,-0.5,0.5,0.016,75.32802549352286
1,-0.5,0.5,0.0176,75.31246475404768
1,-0.5,0.5,0.019200000000000002,75.29690995398518
1,-0.5,0.5,0.020800000000000003,75.28136109041695
1,-0.5,0.5,0.0224,75.26581816042585
1,-0.5,0.5,0.024,75.25028116109588
1,-0.5,0.5,0.0256,75.2347500895123
1,-0.5,0.5,0.027200000000000002,75.21922494276164
1,-0.5,0.5,0.028800000000000003,75.20370571793163
1,-0.5,0.5,0.0304,75.18819241211119
1,-0.5,0.5,0.032,75.17268502239054
1,-0.5,0.5,0.033600000000000005,75.1571835458611
1,-0.5,0.5,0.0352,75.14168797961554
1,-0.5,0.5,0.0368,75.12619832074778
1,-0.5,0.5,0.038400000000000004,75.1107145663529
1,-0.5,0.5,0.04,75.0952367135273
1,-0.5,0.5,0.041600000000000005,75.07976475936857
1,-0.5,0.5,0.0432,75.06429870097557
1,-0.5,0.5,0.0448,75.04883853544837
1,-0.5,0.5,0.046400000000000004,75.0333842598883
1,-0.5,0.5,0.048,75.01793587139794
1,-0.5,0.5,0.049600000000000005,75.00249336708114
1,-0.5,0.5,0.0512,74.987056744043
1,-0.5,0.5,0.0528,74.97162599938993
1,-0.5,0.5,0.054400000000000004,74.95620113022966
1,-0.5,0.5,0.056,74.94078213367122
1,-0.5,0.5,0.057600000000000005,74.92536900682514
1,-0.5,0.5,0.0592,74.90996174680336
1,-0.5,0.5,0.0608,74.89456035071944
1,-0.5,0.5,0.062400000000000004,74.87916481568871
1,-0.5,0.5,0.064,74.86377513882836
1,-0.5,0.5,0.0656,74.84839131725775
1,-0.5,0.5,0.06720000000000001,74.83301334809875
1,-0.5,0.5,0.0688,74.81764122847606
1,-0.5,0.5,0.0704,74.80227495551776
1,-0.5,0.5,0.07200000000000001,74.78691452635596
1,-0.5,0.5,0.0736,74.77155993812742
1,-0.5,0.5,0.0752,74.75621118797466
1,-0.5,0.5,0.07680000000000001,74.74086827304686
1,-0.5,0.5,0.0784,74.72553119050134
1,-0.5,0.5,0.08,74.71019993750507
1,-0.5,0.5,0.0816,74.69487451123645
1,-0.5,0.5,0.08320000000000001,74.6795549088874
1,-0.5,0.5,0.0848,74.66424112766586
1,-0.5,0.5,0.0864,74.64893316479852
1,-0.5,0.5,0.08800000000000001,74.63363101753403
1,-0.5,0.5,0.0896,74.61833468314643
1,-0.5,0.5,0.0912,74.60304415893923
1,-0.5,0.5,0.09280000000000001,74.58775944224985
1,-0.5,0.5,0.0944,74.57248053045448
1,-0.5,0.5,0.096,74.55720742097353
1,-0.5,0.5,0.0976,74.54194011127754
1,-0.5,0.5,0.09920000000000001,74.52667859889355
1,-0.5,0.5,0.1008,74.51142288141223
1,-0.5,0.5,0.1024,74.4961729564953
1,-0.5,0.5,0.10400000000000001,74.48092882188368
1,-0.5,0.5,0.1056,74.4656904754061
1,-0.5,0.5,0.1072,74.45045791498836
1,-0.5,0.5,0.10880000000000001,74.43523113866306
1,-0.5,0.5,0.11040000000000001,74.42001014457979
1,-0.5,0.5,0.112,74.40479493101621
1,-0.5,0.5,0.1136,74.38958549638912
1,-0.5,0.5,0.11520000000000001,74.37438183926648
1,-0.5,0.5,0.1168,74.35918395837963
1,-0.5,0.5,0.1184,74.34399185263615
1,-0.5,0.5,0.12000000000000001,74.32880552113288
1,-0.5,0.5,0.1216,74.31362496316963
1,-0.5,0.5,0.1232,74.29845017826304
1,-0.5,0.5,0.12480000000000001,74.2832811661608
1,-0.5,0.5,0.1264,74.26811792685629
1,-0.5,0.5,0.128,74.25296046060325
1,-0.5,0.5,0.1296,74.23780876793074
1,-0.5,0.5,0.1312,74.22266284965836
1,-0.5,0.5,0.1328,74.20752270691146
1,-0.5,0.5,0.13440000000000002,74.19238834113645
1,-0.5,0.5,0.136,74.17725975411622
1,-0.5,0.5,0.1376,74.16213694798546
1,-0.5,0.5,0.13920000000000002,74.147019925246
1,-0.5,0.5,0.1408,74.13190868878193
1,-0.5,0.5,0.1424,74.11680324187479
1,-0.5,0.5,0.14400000000000002,74.10170358821838
1,-0.5,0.5,0.1456,74.08660973193344
1,-0.5,0.5,0.1472,74.07152167758204
1,-0.5,0.5,0.14880000000000002,74.05643943018173
1,-0.5,0.5,0.1504,74.04136299521932
1,-0.5,0.5,0.152,74.02629237866428
1,-0.5,0.5,0.15360000000000001,74.0112275869817
1,-0.5,0.5,0.1552,73.99616862714495
1,-0.5,0.5,0.1568,73.98111550664771
1,-0.5,0.5,0.1584,73.96606823351564
1,-0.5,0.5,0.16,73.95102681631752
1,-0.5,0.5,0.16160000000000002,73.93599126417574
1,-0.5,0.5,0.1632,73.92096158677636
1,-0.5,0.5,0.1648,73.90593779437852
1,-0.5,0.5,0.16640000000000002,73.89091989782331
1,-0.5,0.5,0.168,73.87590790854196
1,-0.5,0.5,0.1696,73.86090183856352
1,-0.5,0.5,0.17120000000000002,73.84590170052161
1,-0.5,0.5,0.1728,73.83090750766102
1,-0.5,0.5,0.1744,73.81591927384318
1,-0.5,0.5,0.17600000000000002,73.80093701355125
1,-0.5,0.5,0.1776,73.78596074189447
1,-0.5,0.5,0.1792,73.77099047461182
1,-0.5,0.5,0.18080000000000002,73.7560262280751
1,-0.5,0.5,0.1824,73.74106801929119
1,-0.5,0.5,0.184,73.72611586590389
1,-0.5,0.5,0.18560000000000001,73.71116978619489
1,-0.5,0.5,0.1872,73.6962297990842
1,-0.5,0.5,0.1888,73.68129592412993
1,-0.5,0.5,0.1904,73.66636818152746
1,-0.5,0.5,0.192,73.65144659210787
1,-0.5,0.5,0.19360000000000002,73.63653117733594
1,-0.5,0.5,0.1952,73.62162195930738
1,-0.5,0.5,0.1968,73.6067189607456
1,-0.5,0.5,0.19840000000000002,73.59182220499792
1,-0.5,0.5,0.2,73.576931716031
1,-0.5,0.5,0.2016,73.56204751842607
1,-0.5,0.5,0.20320000000000002,73.54716963737332
1,-0.5,0.5,0.2048,73.53229809866596
1,-0.5,0.5,0.2064,73.5174329286938
1,-0.5,0.5,0.20800000000000002,73.50257415443615
1,-0.5,0.5,0.2096,73.48772180345455
1,-0.5,0.5,0.2112,73.47287590388478
1,-0.5,0.5,0.21280000000000002,73.45803648442867
1,-0.5,0.5,0.2144,73.44320357434538
1,-0.5,0.5,0.216,73.42837720344227
1,-0.5,0.5,0.21760000000000002,73.41355740206548
1,-0.5,0.5,0.2192,73.39874420109021
1,-0.5,0.5,0.22080000000000002,73.38393763191044
1,-0.5,0.5,0.22240000000000001,73.3691377264286
1,-0.5,0.5,0.224,73.35434451704478
1,-0.5,0.5,0.22560000000000002,73.3395580366457
1,-0.5,0.5,0.2272,73.32477831859345
1,-0.5,0.5,0.2288,73.31000539671395
1,-0.5,0.5,0.23040000000000002,73.29523930528524
1,-0.5,0.5,0.232,73.28048007902542
1,-0.5,0.5,0.2336,73.26572775308064
1,-0.5,0.5,0.23520000000000002,73.25098236301271
1,-0.5,0.5,0.2368,73.23624394478658
1,-0.5,0.5,0.2384,73.22151253475784
1,-0.5,0.5,0.24000000000000002,73.20678816965983
1,-0.5,0.5,0.2416,73.1920708865909
1,-0.5,0.5,0.2432,73.17736072300144
1,-0.5,0.5,0.24480000000000002,73.16265771668077
1,-0.5,0.5,0.2464,73.14796190574417
1,-0.5,0.5,0.248,73.13327332861962
1,-0.5,0.5,0.24960000000000002,73.11859202403465
1,-0.5,0.5,0.25120000000000003,73.10391803100315
1,-0.5,0.5,0.2528,73.08925138881207
1,-0.5,0.5,0.2544,73.07459213700834
1,-0.5,0.5,0.256,73.05994031538542
1,-0.5,0.5,0.2576,73.04529596397029
1,-0.5,0.5,0.2592,73.03065912301025
1,-0.5,0.5,0.26080000000000003,73.0160298329597
1,-0.5,0.5,0.2624,73.00140813446717
1,-0.5,0.5,0.264,72.98679406836223
1,-0.5,0.5,0.2656,72.97218767564263
1,-0.5,0.5,0.2672,72.95758899746136
1,-0.5,0.5,0.26880000000000004,72.94299807511398
1,-0.5,0.5,0.27040000000000003,72.9284149500258
1,-0.5,0.5,0.272,72.91383966373945
1,-0.5,0.5,0.2736,72.89927225790235
1,-0.5,0.5,0.2752,72.88471277425437
1,-0.5,0.5,0.2768,72.8701612546156
1,-0.5,0.5,0.27840000000000004,72.85561774087431
1,-0.5,0.5,0.28,72.84108227497495
1,-0.5,0.5,0.2816,72.82655489890638
1,-0.5,0.5,0.2832,72.81203565469016
1,-0.5,0.5,0.2848,72.79752458436906
1,-0.5,0.5,0.2864,72.78302172999574
1,-0.5,0.5,0.28800000000000003,72.76852713362148
1,-0.5,0.5,0.2896,72.75404083728517
1,-0.5,0.5,0.2912,72.73956288300249
1,-0.5,0.5,0.2928,72.72509331275518
1,-0.5,0.5,0.2944,72.71063216848043
1,-0.5,0.5,0.29600000000000004,72.6961794920607
1,-0.5,0.5,0.29760000000000003,72.68173532531341
1,-0.5,0.5,0.2992,72.667299709981
1,-0.5,0.5,0.3008,72.65287268772111
1,-0.5,0.5,0.3024,72.63845430009697
1,-0.5,0.5,0.304,72.62404458856798
1,-0.5,0.5,0.30560000000000004,72.60964359448033
1,-0.5,0.5,0.30720000000000003,72.5952513590581
1,-0.5,0.5,0.3088,72.58086792339427
1,-0.5,0.5,0.3104,72.56649332844205
1,-0.5,0.5,0.312,72.55212761500643
1,-0.5,0.5,0.3136,72.53777082373573
1,-0.5,0.5,0.31520000000000004,72.52342299511366
1,-0.5,0.5,0.3168,72.50908416945124
1,-0.5,0.5,0.3184,72.49475438687912
1,-0.5,0.5,0.32,72.48043368734
1,-0.5,0.5,0.3216,72.46612211058122
1,-0.5,0.5,0.32320000000000004,72.45181969614767
1,-0.5,0.5,0.32480000000000003,72.43752648337471
1,-0.5,0.5,0.3264,72.42324251138142
1,-0.5,0.5,0.328,72.4089678190639
1,-0.5,0.5,0.3296,72.39470244508887
1,-0.5,0.5,0.3312,72.38044642788743
1,-0.5,0.5,0.33280000000000004,72.36619980564895
1,-0.5,0.5,0.33440000000000003,72.3519626163151
1,-0.5,0.5,0.336,72.33773489757432
1,-0.5,0.5,0.3376,72.32351668685605
1,-0.5,0.5,0.3392,72.30930802132549
1,-0.5,0.5,0.3408,72.29510893787834
1,-0.5,0.5,0.34240000000000004,72.28091947313584
1,-0.5,0.5,0.34400000000000003,72.2667396634398
1,-0.5,0.5,0.3456,72.252569544848
1,-0.5,0.5,0.3472,72.23840915312964
1,-0.5,0.5,0.3488,72.22425852376098
1,-0.5,0.5,0.3504,72.21011769192106
1,-0.5,0.5,0.35200000000000004,72.19598669248775
1,-0.5,0.5,0.3536,72.18186556003386
1,-0.5,0.5,0.3552,72.16775432882329
1,-0.5,0.5,0.3568,72.15365303280764
1,-0.5,0.5,0.3584,72.1395617056226
1,-0.5,0.5,0.36000000000000004,72.12548038058475
1,-0.5,0.5,0.36160000000000003,72.11140909068844
1,-0.5,0.5,0.3632,72.09734786860272
1,-0.5,0.5,0.3648,72.0832967466686
1,-0.5,0.5,0.3664,72.06925575689623
1,-0.5,0.5,0.368,72.05522493096238
1,-0.5,0.5,0.36960000000000004,72.04120430020801
1,-0.5,0.5,0.37120000000000003,72.02719389563588
1,-0.5,0.5,0.3728,72.01319374790847
1,-0.5,0.5,0.3744,71.99920388734587
1,-0.5,0.5,0.376,71.98522434392383
1,-0.5,0.5,0.3776,71.971255147272
1,-0.5,0.5,0.37920000000000004,71.95729632667225
1,-0.5,0.5,0.3808,71.943347911057
1,-0.5,0.5,0.3824,71.92940992900796
1,-0.5,0.5,0.384,71.91548240875456
1,-0.5,0.5,0.3856,71.90156537817288
1,-0.5,0.5,0.38720000000000004,71.88765886478451
1,-0.5,0.5,0.38880000000000003,71.87376289575546
1,-0.5,0.5,0.3904,71.85987749789531
1,-0.5,0.5,0.392,71.84600269765642
1,-0.5,0.5,0.3936,71.83213852113313
1,-0.5,0.5,0.3952,71.81828499406127
1,-0.5,0.5,0.39680000000000004,71.80444214181755
1,-0.5,0.5,0.39840000000000003,71.79060998941918
1,-0.5,0.5,0.4,71.7767885615235
1,-0.5,0.5,0.4016,71.76297788242782
1,-0.5,0.5,0.4032,71.74917797606916
1,-0.5,0.5,0.4048,71.73538886602424
1,-0.5,0.5,0.40640000000000004,71.72161057550949
1,-0.5,0.5,0.40800000000000003,71.70784312738108
1,-0.5,0.5,0.4096,71.6940865441352
1,-0.5,0.5,0.4112,71.6803408479082
1,-0.5,0.5,0.4128,71.66660606047698
1,-0.5,0.5,0.41440000000000005,71.65288220325935
1,-0.5,0.5,0.41600000000000004,71.63916929731451
1,-0.5,0.5,0.4176,71.62546736334355
1,-0.5,0.5,0.4192,71.61177642169007
1,-0.5,0.5,0.4208,71.59809649234087
1,-0.5,0.5,0.4224,71.58442759492667
1,-0.5,0.5,0.42400000000000004,71.57076974872288
1,-0.5,0.5,0.42560000000000003,71.55712297265046
1,-0.5,0.5,0.4272,71.54348728527684
1,-0.5,0.5,0.4288,71.52986270481686
1,-0.5,0.5,0.4304,71.51624924913382
1,-0.5,0.5,0.432,71.5026469357405
1,-0.5,0.5,0.43360000000000004,71.48905578180033
1,-0.5,0.5,0.43520000000000003,71.47547580412862
1,-0.5,0.5,0.4368,71.46190701919363
1,-0.5,0.5,0.4384,71.44834944311798
1,-0.5,0.5,0.44,71.43480309167987
1,-0.5,0.5,0.44160000000000005,71.42126798031454
1,-0.5,0.5,0.44320000000000004,71.40774412411557
1,-0.5,0.5,0.44480000000000003,71.39423153783638
1,-0.5,0.5,0.4464,71.38073023589169
1,-0.5,0.5,0.448,71.36724023235907
1,-0.5,0.5,0.4496,71.35376154098043
1,-0.5,0.5,0.45120000000000005,71.34029417516369
1,-0.5,0.5,0.45280000000000004,71.32683814798439
1,-0.5,0.5,0.4544,71.3133934721873
1,-0.5,0.5,0.456,71.29996016018815
1,-0.5,0.5,0.4576,71.28653822407533
1,-0.5,0.5,0.4592,71.27312767561172
1,-0.5,0.5,0.46080000000000004,71.25972852623633
1,-0.5,0.5,0.46240000000000003,71.24634078706626
1,-0.5,0.5,0.464,71.2329644688984
1,-0.5,0.5,0.4656,71.21959958221137
1,-0.5,0.5,0.4672,71.20624613716738
1,-0.5,0.5,0.46880000000000005,71.1929041436141
1,-0.5,0.5,0.47040000000000004,71.17957361108661
1,-0.5,0.5,0.47200000000000003,71.16625454880943
1,-0.5,0.5,0.4736,71.15294696569832
1,-0.5,0.5,0.4752,71.13965087036237
1,-0.5,0.5,0.4768,71.12636627110598
1,-0.5,0.5,0.47840000000000005,71.11309317593093
1,-0.5,0.5,0.48000000000000004,71.09983159253825
1,-0.5,0.5,0.48160000000000003,71.0865815283305
1,-0.5,0.5,0.4832,71.07334299041365
1,-0.5,0.5,0.4848,71.06011598559925
1,-0.5,0.5,0.4864,71.04690052040648
1,-0.5,0.5,0.48800000000000004,71.03369660106426
1,-0.5,0.5,0.48960000000000004,71.02050423351339
1,-0.5,0.5,0.4912,71.00732342340864
1,-0.5,0.5,0.4928,70.99415417612083
1,-0.5,0.5,0.4944,70.98099649673912
1,-0.5,0.5,0.496,70.96785039007301
1,-0.5,0.5,0.49760000000000004,70.95471586065456
1,-0.5,0.5,0.49920000000000003,70.94159291274052
1,-0.5,0.5,0.5008,70.92848155031459
1,-0.5,0.5,0.5024000000000001,70.91538177708946
1,-0.5,0.5,0.504,70.9022935965091
1,-0.5,0.5,0.5056,70.88921701175084
1,-0.5,0.5,0.5072,70.87615202572768
1,-0.5,0.5,0.5088,70.86309864109029
1,-0.5,0.5,0.5104000000000001,70.85005686022943
1,-0.5,0.5,0.512,70.83702668527798
1,-0.5,0.5,0.5136000000000001,70.82400811811321
1,-0.5,0.5,0.5152,70.81100116035891
1,-0.5,0.5,0.5168,70.79800581338763
1,-0.5,0.5,0.5184,70.7850220783229
1,-0.5,0.5,0.52,70.77204995604133
1,-0.5,0.5,0.5216000000000001,70.7590894471749
1,-0.5,0.5,0.5232,70.74614055211313
1,-0.5,0.5,0.5248,70.7332032710052
1,-0.5,0.5,0.5264,70.72027760376221
1,-0.5,0.5,0.528,70.70736355005934
1,-0.5,0.5,0.5296000000000001,70.69446110933802
1,-0.5,0.5,0.5312,70.68157028080816
1,-0.5,0.5,0.5328,70.66869106345021
1,-0.5,0.5,0.5344,70.65582345601743
1,-0.5,0.5,0.536,70.64296745703801
1,-0.5,0.5,0.5376000000000001,70.63012306481727
1,-0.5,0.5,0.5392,70.61729027743974
1,-0.5,0.5,0.5408000000000001,70.60446909277135
1,-0.5,0.5,0.5424,70.59165950846159
1,-0.5,0.5,0.544,70.57886152194558
1,-0.5,0.5,0.5456,70.56607513044628
1,-0.5,0.5,0.5472,70.55330033097657
1,-0.5,0.5,0.5488000000000001,70.54053712034131
1,-0.5,0.5,0.5504,70.52778549513957
1,-0.5,0.5,0.552,70.51504545176662
1,-0.5,0.5,0.5536,70.50231698641609
1,-0.5,0.5,0.5552,70.48960009508197
1,-0.5,0.5,0.5568000000000001,70.47689477356076
1,-0.5,0.5,0.5584,70.46420101745356
1,-0.5,0.5,0.56,70.451518822168
1,-0.5,0.5,0.5616,70.43884818292042
1,-0.5,0.5,0.5632,70.42618909473785
1,-0.5,0.5,0.5648000000000001,70.41354155246002
1,-0.5,0.5,0.5664,70.40090555074143
1,-0.5,0.5,0.5680000000000001,70.38828108405333
1,-0.5,0.5,0.5696,70.37566814668573
1,-0.5,0.5,0.5712,70.36306673274935
1,-0.5,0.5,0.5728,70.35047683617769
1,-0.5,0.5,0.5744,70.3378984507289
1,-0.5,0.5,0.5760000000000001,70.32533156998784
1,-0.5,0.5,0.5776,70.31277618736787
1,-0.5,0.5,0.5792,70.30023229611304
1,-0.5,0.5,0.5808,70.28769988929973
1,-0.5,0.5,0.5824,70.27517895983877
1,-0.5,0.5,0.5840000000000001,70.26266950047729
1,-0.5,0.5,0.5856,70.25017150380057
1,-0.5,0.5,0.5872,70.23768496223398
1,-0.5,0.5,0.5888,70.22520986804483
1,-0.5,0.5,0.5904,70.21274621334423
1,-0.5,0.5,0.5920000000000001,70.2002939900889
1,-0.5,0.5,0.5936,70.18785319008309
1,-0.5,0.5,0.5952000000000001,70.17542380498034
1,-0.5,0.5,0.5968,70.16300582628533
1,-0.5,0.5,0.5984,70.15059924535564
1,-0.5,0.5,0.6,70.13820405340358
1,-0.5,0.5,0.6016,70.12582024149798
1,-0.5,0.5,0.6032000000000001,70.11344780056585
1,-0.5,0.5,0.6048,70.10108672139432
1,-0.5,0.5,0.6064,70.08873699463221
1,-0.5,0.5,0.608,70.07639861079186
1,-0.5,0.5,0.6096,70.0640715602508
1,-0.5,0.5,0.6112000000000001,70.05175583325347
1,-0.5,0.5,0.6128,70.03945141991295
1,-0.5,0.5,0.6144000000000001,70.02715831021256
1,-0.5,0.5,0.616,70.01487649400762
1,-0.5,0.5,0.6176,70.00260596102706
1,-0.5,0.5,0.6192000000000001,69.99034670087505
1,-0.5,0.5,0.6208,69.97809870303269
1,-0.5,0.5,0.6224000000000001,69.96586195685954
1,-0.5,0.5,0.624,69.95363645159539
1,-0.5,0.5,0.6256,69.94142217636164
1,-0.5,0.5,0.6272,69.92921912016308
1,-0.5,0.5,0.6288,69.91702727188934
1,-0.5,0.5,0.6304000000000001,69.9048466203165
1,-0.5,0.5,0.632,69.89267715410863
1,-0.5,0.5,0.6336,69.8805188618193
1,-0.5,0.5,0.6352,69.86837173189319
1,-0.5,0.5,0.6368,69.85623575266747
1,-0.5,0.5,0.6384000000000001,69.84411091237342
1,-0.5,0.5,0.64,69.83199719913785
1,-0.5,0.5,0.6416000000000001,69.81989460098454
1,-0.5,0.5,0.6432,69.80780310583586
1,-0.5,0.5,0.6448,69.79572270151402
1,-0.5,0.5,0.6464000000000001,69.78365337574269
1,-0.5,0.5,0.648,69.77159511614825
1,-0.5,0.5,0.6496000000000001,69.75954791026136
1,-0.5,0.5,0.6512,69.74751174551831
1,-0.5,0.5,0.6528,69.73548660926234
1,-0.5,0.5,0.6544,69.72347248874513
1,-0.5,0.5,0.656,69.71146937112812
1,-0.5,0.5,0.6576000000000001,69.69947724348384
1,-0.5,0.5,0.6592,69.68749609279732
1,-0.5,0.5,0.6608,69.67552590596733
1,-0.5,0.5,0.6624,69.6635666698078
1,-0.5,0.5,0.664,69.65161837104908
1,-0.5,0.5,0.6656000000000001,69.63968099633922
1,-0.5,0.5,0.6672,69.62775453224528
1,-0.5,0.5,0.6688000000000001,69.6158389652546
1,-0.5,0.5,0.6704,69.6039342817761
1,-0.5,0.5,0.672,69.59204046814146
1,-0.5,0.5,0.6736000000000001,69.58015751060644
1,-0.5,0.5,0.6752,69.56828539535204
1,-0.5,0.5,0.6768000000000001,69.55642410848574
1,-0.5,0.5,0.6784,69.54457363604276
1,-0.5,0.5,0.68,69.53273396398717
1,-0.5,0.5,0.6816,69.52090507821312
1,-0.5,0.5,0.6832,69.50908696454606
1,-0.5,0.5,0.6848000000000001,69.49727960874381
1,-0.5,0.5,0.6864,69.48548299649774
1,-0.5,0.5,0.6880000000000001,69.47369711343397
1,-0.5,0.5,0.6896,69.46192194511448
1,-0.5,0.5,0.6912,69.45015747703818
1,-0.5,0.5,0.6928000000000001,69.43840369464202
1,-0.5,0.5,0.6944,69.42666058330218
1,-0.5,0.5,0.6960000000000001,69.41492812833508
1,-0.5,0.5,0.6976,69.40320631499847
1,-0.5,0.5,0.6992,69.3914951284925
1,-0.5,0.5,0.7008,69.3797945539608
1,-0.5,0.5,0.7024,69.36810457649152
1,-0.5,0.5,0.7040000000000001,69.3564251811183
1,-0.5,0.5,0.7056,69.34475635282142
1,-0.5,0.5,0.7072,69.33309807652876
1,-0.5,0.5,0.7088,69.32145033711673
1,-0.5,0.5,0.7104,69.3098131194114
1,-0.5,0.5,0.7120000000000001,69.29818640818938
1,-0.5,0.5,0.7136,69.28657018817886
1,-0.5,0.5,0.7152000000000001,69.27496444406057
1,-0.5,0.5,0.7168,69.26336916046874
1,-0.5,0.5,0.7184,69.25178432199198
1,-0.5,0.5,0.7200000000000001,69.2402099131743
1,-0.5,0.5,0.7216,69.22864591851605
1,-0.5,0.5,0.7232000000000001,69.21709232247476
1,-0.5,0.5,0.7248,69.20554910946609
1,-0.5,0.5,0.7264,69.19401626386481
1,-0.5,0.5,0.728,69.18249377000551
1,-0.5,0.5,0.7296,69.17098161218365
1,-0.5,0.5,0.7312000000000001,69.1594797746564
1,-0.5,0.5,0.7328,69.14798824164342
1,-0.5,0.5,0.7344,69.13650699732783
1,-0.5,0.5,0.736,69.12503602585694
1,-0.5,0.5,0.7376,69.11357531134321
1,-0.5,0.5,0.7392000000000001,69.10212483786499
1,-0.5,0.5,0.7408,69.0906845894674
1,-0.5,0.5,0.7424000000000001,69.07925455016307
1,-0.5,0.5,0.744,69.06783470393304
1,-0.5,0.5,0.7456,69.05642503472745
1,-0.5,0.5,0.7472000000000001,69.04502552646645
1,-0.5,0.5,0.7488,69.03363616304081
1,-0.5,0.5,0.7504000000000001,69.02225692831287
1,-0.5,0.5,0.752,69.01088780611718
1,-0.5,0.5,0.7536,68.9995287802613
1,-0.5,0.5,0.7552,68.98817983452656
1,-0.5,0.5,0.7568,68.97684095266872
1,-0.5,0.5,0.7584000000000001,68.96551211841886
1,-0.5,0.5,0.76,68.95419331548386
1,-0.5,0.5,0.7616,68.94288452754736
1,-0.5,0.5,0.7632,68.93158573827033
1,-0.5,0.5,0.7648,68.92029693129176
1,-0.5,0.5,0.7664000000000001,68.90901809022942
1,-0.5,0.5,0.768,68.89774919868053
1,-0.5,0.5,0.7696000000000001,68.88649024022236
1,-0.5,0.5,0.7712,68.87524119841298
1,-0.5,0.5,0.7728,68.8640020567919
1,-0.5,0.5,0.7744000000000001,68.85277279888072
1,-0.5,0.5,0.776,68.84155340818373
1,-0.5,0.5,0.7776000000000001,68.83034386818865
1,-0.5,0.5,0.7792,68.81914416236718
1,-0.5,0.5,0.7808,68.80795427417563
1,-0.5,0.5,0.7824,68.79677418705558
1,-0.5,0.5,0.784,68.78560388443444
1,-0.5,0.5,0.7856000000000001,68.7744433497261
1,-0.5,0.5,0.7872,68.7632925663315
1,-0.5,0.5,0.7888000000000001,68.75215151763922
1,-0.5,0.5,0.7904,68.7410201870261
1,-0.5,0.5,0.792,68.7298985578577
1,-0.5,0.5,0.7936000000000001,68.71878661348904
1,-0.5,0.5,0.7952,68.70768433726506
1,-0.5,0.5,0.7968000000000001,68.69659171252118
1,-0.5,0.5,0.7984,68.68550872258385
1,-0.5,0.5,0.8,68.67443535077115
1,-0.5,0.5,0.8016000000000001,68.66337158039325
1,-0.5,0.5,0.8032,68.65231739475298
1,-0.5,0.5,0.8048000000000001,68.6412727771464
1,-0.5,0.5,0.8064,68.63023771086321
1,-0.5,0.5,0.808,68.61921217918733
1,-0.5,0.5,0.8096,68.60819616539746
1,-0.5,0.5,0.8112,68.59718965276744
1,-0.5,0.5,0.8128000000000001,68.58619262456689
1,-0.5,0.5,0.8144,68.57520506406159
1,-0.5,0.5,0.8160000000000001,68.56422695451406
1,-0.5,0.5,0.8176,68.55325827918392
1,-0.5,0.5,0.8192,68.54229902132846
1,-0.5,0.5,0.8208000000000001,68.53134916420309
1,-0.5,0.5,0.8224,68.52040869106176
1,-0.5,0.5,0.8240000000000001,68.50947758515744
1,-0.5,0.5,0.8256,68.49855582974253
1,-0.5,0.5,0.8272,68.48764340806942
1,-0.5,0.5,0.8288000000000001,68.47674030339077
1,-0.5,0.5,0.8304,68.46584649896008
1,-0.5,0.5,0.8320000000000001,68.454961978032
1,-0.5,0.5,0.8336,68.44408672386284
1,-0.5,0.5,0.8352,68.43322071971096
1,-0.5,0.5,0.8368,68.42236394883717
1,-0.5,0.5,0.8384,68.41151639450513
1,-0.5,0.5,0.8400000000000001,68.40067803998181
1,-0.5,0.5,0.8416,68.38984886853777
1,-0.5,0.5,0.8432000000000001,68.37902886344769
1,-0.5,0.5,0.8448,68.36821800799066
1,-0.5,0.5,0.8464,68.35741628545061
1,-0.5,0.5,0.8480000000000001,68.34662367911662
1,-0.5,0.5,0.8496,68.33584017228341
1,-0.5,0.5,0.8512000000000001,68.3250657482516
1,-0.5,0.5,0.8528,68.3143003903281
1,-0.5,0.5,0.8544,68.30354408182652
1,-0.5,0.5,0.8560000000000001,68.29279680606743
1,-0.5,0.5,0.8576,68.28205854637876
1,-0.5,0.5,0.8592000000000001,68.27132928609623
1,-0.5,0.5,0.8608,68.26060900856349
1,-0.5,0.5,0.8624,68.24989769713267
1,-0.5,0.5,0.864,68.23919533516451
1,-0.5,0.5,0.8656,68.22850190602885
1,-0.5,0.5,0.8672000000000001,68.21781739310491
1,-0.5,0.5,0.8688,68.20714177978152
1,-0.5,0.5,0.8704000000000001,68.19647504945758
1,-0.5,0.5,0.872,68.18581718554219
1,-0.5,0.5,0.8736,68.17516817145513
1,-0.5,0.5,0.8752000000000001,68.16452799062705
1,-0.5,0.5,0.8768,68.15389662649987
1,-0.5,0.5,0.8784000000000001,68.14327406252693
1,-0.5,0.5,0.88,68.13266028217336
1,-0.5,0.5,0.8816,68.12205526891643
1,-0.5,0.5,0.8832000000000001,68.1114590062457
1,-0.5,0.5,0.8848,68.10087147766336
1,-0.5,0.5,0.8864000000000001,68.09029266668455
1,-0.5,0.5,0.888,68.07972255683758
1,-0.5,0.5,0.8896000000000001,68.06916113166413
1,-0.5,0.5,0.8912,68.05860837471967
1,-0.5,0.5,0.8928,68.04806426957356
1,-0.5,0.5,0.8944000000000001,68.03752879980945
1,-0.5,0.5,0.896,68.02700194902539
1,-0.5,0.5,0.8976000000000001,68.0164837008342
1,-0.5,0.5,0.8992,68.00597403886364
1,-0.5,0.5,0.9008,67.99547294675665
1,-0.5,0.5,0.9024000000000001,67.98498040817165
1,-0.5,0.5,0.904,67.9744964067827
1,-0.5,0.5,0.9056000000000001,67.96402092627979
1,-0.5,0.5,0.9072,67.95355395036904
1,-0.5,0.5,0.9088,67.94309546277292
1,-0.5,0.5,0.9104000000000001,67.93264544723047
1,-0.5,0.5,0.912,67.92220388749753
1,-0.5,0.5,0.9136000000000001,67.91177076734697
1,-0.5,0.5,0.9152,67.90134607056882
1,-0.5,0.5,0.9168000000000001,67.89092978097061
1,-0.5,0.5,0.9184,67.88052188237748
1,-0.5,0.5,0.92,67.8701223586324
1,-0.5,0.5,0.9216000000000001,67.85973119359637
1,-0.5,0.5,0.9232,67.84934837114862
1,-0.5,0.5,0.9248000000000001,67.83897387518681
1,-0.5,0.5,0.9264,67.8286076896272
1,-0.5,0.5,0.928,67.81824979840492
1,-0.5,0.5,0.9296000000000001,67.80790018547395
1,-0.5,0.5,0.9312,67.79755883480756
1,-0.5,0.5,0.9328000000000001,67.7872257303983
1,-0.5,0.5,0.9344,67.77690085625828
1,-0.5,0.5,0.936,67.76658419641926
1,-0.5,0.5,0.9376000000000001,67.75627573493288
1,-0.5,0.5,0.9392,67.7459754558708
1,-0.5,0.5,0.9408000000000001,67.73568334332492
1,-0.5,0.5,0.9424,67.72539938140743
1,-0.5,0.5,0.9440000000000001,67.7151235542511
1,-0.5,0.5,0.9456,67.70485584600931
1,-0.5,0.5,0.9472,67.69459624085631
1,-0.5,0.5,0.9488000000000001,67.68434472298732
1,-0.5,0.5,0.9504,67.67410127661871
1,-0.5,0.5,0.9520000000000001,67.66386588598807
1,-0.5,0.5,0.9536,67.65363853535446
1,-0.5,0.5,0.9552,67.64341920899847
1,-0.5,0.5,0.9568000000000001,67.63320789122243
1,-0.5,0.5,0.9584,67.62300456635045
1,-0.5,0.5,0.9600000000000001,67.61280921872863
1,-0.5,0.5,0.9616,67.60262183272525
1,-0.5,0.5,0.9632000000000001,67.5924423927307
1,-0.5,0.5,0.9648,67.58227088315785
1,-0.5,0.5,0.9664,67.57210728844196
1,-0.5,0.5,0.9680000000000001,67.56195159304097
1,-0.5,0.5,0.9696,67.55180378143552
1,-0.5,0.5,0.9712000000000001,67.54166383812911
1,-0.5,0.5,0.9728,67.53153174764819
1,-0.5,0.5,0.9744,67.52140749454233
1,-0.5,0.5,0.9760000000000001,67.51129106338428
1,-0.5,0.5,0.9776,67.50118243877006
1,-0.5,0.5,0.9792000000000001,67.4910816053192
1,-0.5,0.5,0.9808,67.4809885476746
1,-0.5,0.5,0.9824,67.47090325050291
1,-0.5,0.5,0.9840000000000001,67.46082569849449
1,-0.5,0.5,0.9856,67.45075587636346
1,-0.5,0.5,0.9872000000000001,67.44069376884791
1,-0.5,0.5,0.9888,67.43063936071
1,-0.5,0.5,0.9904000000000001,67.42059263673592
1,-0.5,0.5,0.992,67.4105535817361
1,-0.5,0.5,0.9936,67.40052218054527
1,-0.5,0.5,0.9952000000000001,67.39049841802257
1,-0.5,0.5,0.9968,67.3804822790516
1,-0.5,0.5,0.9984000000000001,67.37047374854053
1,-0.5,0.5,1.0,67.36047281142216
1,-0.5,0.5,1.0016,67.350479452654
1,-0.5,0.5,1.0032,67.34049365721842
1,-0.5,0.5,1.0048000000000001,67.33051541012262
1,-0.5,0.5,1.0064,67.32054469639878
1,-0.5,0.5,1.008,67.31058150110415
1,-0.5,0.5,1.0096,67.30062580932103
1,-0.5,0.5,1.0112,67.29067760615693
1,-0.5,0.5,1.0128000000000001,67.28073687674464
1,-0.5,0.5,1.0144,67.27080360624221
1,-0.5,0.5,1.016,67.26087777983311
1,-0.5,0.5,1.0176,67.25095938272626
1,-0.5,0.5,1.0192,67.24104840015609
1,-0.5,0.5,1.0208000000000002,67.2311448173826
1,-0.5,0.5,1.0224,67.22124861969142
1,-0.5,0.5,1.024,67.21135979239394
1,-0.5,0.5,1.0256,67.20147832082718
1,-0.5,0.5,1.0272000000000001,67.19160419035411
1,-0.5,0.5,1.0288000000000002,67.18173738636344
1,-0.5,0.5,1.0304,67.17187789426988
1,-0.5,0.5,1.032,67.16202569951407
1,-0.5,0.5,1.0336,67.1521807875627
1,-0.5,0.5,1.0352000000000001,67.14234314390849
1,-0.5,0.5,1.0368,67.1325127540703
1,-0.5,0.5,1.0384,67.12268960359319
1,-0.5,0.5,1.04,67.11287367804832
1,-0.5,0.5,1.0416,67.10306496303319
1,-0.5,0.5,1.0432000000000001,67.09326344417158
1,-0.5,0.5,1.0448,67.08346910711359
1,-0.5,0.5,1.0464,67.07368193753568
1,-0.5,0.5,1.048,67.06390192114078
1,-0.5,0.5,1.0496,67.05412904365821
1,-0.5,0.5,1.0512000000000001,67.04436329084375
1,-0.5,0.5,1.0528,67.0346046484798
1,-0.5,0.5,1.0544,67.02485310237522
1,-0.5,0.5,1.056,67.0151086383655
1,-0.5,0.5,1.0576,67.00537124231278
1,-0.5,0.5,1.0592000000000001,66.99564090010577
1,-0.5,0.5,1.0608,66.9859175976599
1,-0.5,0.5,1.0624,66.97620132091731
1,-0.5,0.5,1.064,66.96649205584684
1,-0.5,0.5,1.0656,66.95678978844411
1,-0.5,0.5,1.0672000000000001,66.94709450473152
1,-0.5,0.5,1.0688,66.93740619075828
1,-0.5,0.5,1.0704,66.92772483260042
1,-0.5,0.5,1.072,66.9180504163608
1,-0.5,0.5,1.0736,66.90838292816917
1,-0.5,0.5,1.0752000000000002,66.89872235418217
1,-0.5,0.5,1.0768,66.88906868058329
1,-0.5,0.5,1.0784,66.87942189358301
1,-0.5,0.5,1.08,66.86978197941873
1,-0.5,0.5,1.0816000000000001,66.86014892435482
1,-0.5,0.5,1.0832000000000002,66.85052271468257
1,-0.5,0.5,1.0848,66.84090333672026
1,-0.5,0.5,1.0864,66.83129077681323
1,-0.5,0.5,1.088,66.82168502133375
1,-0.5,0.5,1.0896000000000001,66.81208605668111
1,-0.5,0.5,1.0912,66.80249386928169
1,-0.5,0.5,1.0928,66.79290844558884
1,-0.5,0.5,1.0944,66.78332977208298
1,-0.5,0.5,1.096,66.77375783527157
1,-0.5,0.5,1.0976000000000001,66.76419262168912
1,-0.5,0.5,1.0992,66.7546341178972
1,-0.5,0.5,1.1008,66.74508231048448
1,-0.5,0.5,1.1024,66.73553718606665
1,-0.5,0.5,1.104,66.7259987312865
1,-0.5,0.5,1.1056000000000001,66.71646693281387
1,-0.5,0.5,1.1072,66.70694177734569
1,-0.5,0.5,1.1088,66.69742325160598
1,-0.5,0.5,1.1104,66.68791134234579
1,-0.5,0.5,1.112,66.67840603634326
1,-0.5,0.5,1.1136000000000001,66.66890732040363
1,-0.5,0.5,1.1152,66.65941518135918
1,-0.5,0.5,1.1168,66.64992960606925
1,-0.5,0.5,1.1184,66.64045058142027
1,-0.5,0.5,1.12,66.63097809432568
1,-0.5,0.5,1.1216000000000002,66.62151213172604
1,-0.5,0.5,1.1232,66.61205268058886
1,-0.5,0.5,1.1248,66.60259972790877
1,-0.5,0.5,1.1264,66.59315326070738
1,-0.5,0.5,1.1280000000000001,66.58371326603331
1,-0.5,0.5,1.1296000000000002,66.57427973096227
1,-0.5,0.5,1.1312,66.5648526425969
1,-0.5,0.5,1.1328,66.55543198806684
1,-0.5,0.5,1.1344,66.54601775452873
1,-0.5,0.5,1.1360000000000001,66.53660992916616
1,-0.5,0.5,1.1376,66.52720849918968
1,-0.5,0.5,1.1392,66.51781345183682
1,-0.5,0.5,1.1408,66.508424774372
1,-0.5,0.5,1.1424,66.49904245408656
1,-0.5,0.5,1.1440000000000001,66.48966647829874
1,-0.5,0.5,1.1456,66.48029683435374
1,-0.5,0.5,1.1472,66.47093350962348
1,-0.5,0.5,1.1488,66.46157649150686
1,-0.5,0.5,1.1504,66.45222576742961
1,-0.5,0.5,1.1520000000000001,66.44288132484424
1,-0.5,0.5,1.1536,66.43354315123005
1,-0.5,0.5,1.1552,66.42421123409318
1,-0.5,0.5,1.1568,66.41488556096647
1,-0.5,0.5,1.1584,66.40556611940957
1,-0.5,0.5,1.1600000000000001,66.39625289700881
1,-0.5,0.5,1.1616,66.38694588137724
1,-0.5,0.5,1.1632,66.37764506015459
1,-0.5,0.5,1.1648,66.36835042100726
1,-0.5,0.5,1.1664,66.35906195162829
1,-0.5,0.5,1.1680000000000001,66.34977963973735
1,-0.5,0.5,1.1696,66.34050347308064
1,-0.5,0.5,1.1712,66.33123343943105
1,-0.5,0.5,1.1728,66.32196952658786
1,-0.5,0.5,1.1744,66.31271172237702
1,-0.5,0.5,1.1760000000000002,66.30346001465091
1,-0.5,0.5,1.1776,66.29421439128838
1,-0.5,0.5,1.1792,66.28497484019475
1,-0.5,0.5,1.1808,66.27574134930174
1,-0.5,0.5,1.1824000000000001,66.26651390656748
1,-0.5,0.5,1.1840000000000002,66.25729249997646
1,-0.5,0.5,1.1856,66.24807711753952
1,-0.5,0.5,1.1872,66.2388677472938
1,-0.5,0.5,1.1888,66.22966437730274
1,-0.5,0.5,1.1904000000000001,66.22046699565601
1,-0.5,0.5,1.192,66.21127559046953
1,-0.5,0.5,1.1936,66.20209014988541
1,-0.5,0.5,1.1952,66.19291066207194
1,-0.5,0.5,1.1968,66.18373711522352
1,-0.5,0.5,1.1984000000000001,66.17456949756071
1,-0.5,0.5,1.2,66.16540779733009
1,-0.5,0.5,1.2016,66.15625200280432
1,-0.5,0.5,1.2032,66.14710210228205
1,-0.5,0.5,1.2048,66.13795808408796
1,-0.5,0.5,1.2064000000000001,66.12881993657261
1,-0.5,0.5,1.208,66.11968764811255
1,-0.5,0.5,1.2096,66.11056120711017
1,-0.5,0.5,1.2112,66.10144060199373
1,-0.5,0.5,1.2128,66.09232582121729
1,-0.5,0.5,1.2144000000000001,66.08321685326074
1,-0.5,0.5,1.216,66.07411368662967
1,-0.5,0.5,1.2176,66.06501630985547
1,-0.5,0.5,1.2192,66.0559247114951
1,-0.5,0.5,1.2208,66.04683888013122
1,-0.5,0.5,1.2224000000000002,66.03775880437212
1,-0.5,0.5,1.224,66.02868447285167
1,-0.5,0.5,1.2256,66.01961587422926
1,-0.5,0.5,1.2272,66.01055299718979
1,-0.5,0.5,1.2288000000000001,66.00149583044363
1,-0.5,0.5,1.2304000000000002,65.9924443627266
1,-0.5,0.5,1.232,65.98339858279991
1,-0.5,0.5,1.2336,65.9743584794501
1,-0.5,0.5,1.2352,65.96532404148904
1,-0.5,0.5,1.2368000000000001,65.95629525775395
1,-0.5,0.5,1.2384000000000002,65.94727211710723
1,-0.5,0.5,1.24,65.93825460843651
1,-0.5,0.5,1.2416,65.92924272065459
1,-0.5,0.5,1.2432,65.9202364426994
1,-0.5,0.5,1.2448000000000001,65.91123576353398
1,-0.5,0.5,1.2464,65.9022406721464
1,-0.5,0.5,1.248,65.89325115754978
1,-0.5,0.5,1.2496,65.8842672087822
1,-0.5,0.5,1.2512,65.87528881490665
1,-0.5,0.5,1.2528000000000001,65.86631596501107
1,-0.5,0.5,1.2544,65.85734864820823
1,-0.5,0.5,1.256,65.84838685363569
1,-0.5,0.5,1.2576,65.83943057045586
1,-0.5,0.5,1.2592,65.83047978785585
1,-0.5,0.5,1.2608000000000001,65.82153449504744
1,-0.5,0.5,1.2624,65.81259468126711
1,-0.5,0.5,1.264,65.80366033577594
1,-0.5,0.5,1.2656,65.79473144785959
1,-0.5,0.5,1.2672,65.78580800682823
1,-0.5,0.5,1.2688000000000001,65.77689000201656
1,-0.5,0.5,1.2704,65.76797742278367
1,-0.5,0.5,1.272,65.75907025851315
1,-0.5,0.5,1.2736,65.75016849861287
1,-0.5,0.5,1.2752000000000001,65.74127213251504
1,-0.5,0.5,1.2768000000000002,65.73238114967623
1,-0.5,0.5,1.2784,65.72349553957712
1,-0.5,0.5,1.28,65.71461529172271
1,-0.5,0.5,1.2816,65.70574039564208
1,-0.5,0.5,1.2832000000000001,65.69687084088845
1,-0.5,0.5,1.2848000000000002,65.68800661703912
1,-0.5,0.5,1.2864,65.67914771369537
1,-0.5,0.5,1.288,65.6702941204825
1,-0.5,0.5,1.2896,65.66144582704973
1,-0.5,0.5,1.2912000000000001,65.65260282307021
1,-0.5,0.5,1.2928000000000002,65.64376509824092
1,-0.5,0.5,1.2944,65.63493264228264
1,-0.5,0.5,1.296,65.6261054449399
1,-0.5,0.5,1.2976,65.61728349598103
1,-0.5,0.5,1.2992000000000001,65.60846678519793
1,-0.5,0.5,1.3008,65.5996553024062
1,-0.5,0.5,1.3024,65.59084903744503
1,-0.5,0.5,1.304,65.58204798017711
1,-0.5,0.5,1.3056,65.57325212048869
1,-0.5,0.5,1.3072000000000001,65.56446144828942
1,-0.5,0.5,1.3088,65.55567595351239
1,-0.5,0.5,1.3104,65.54689562611406
1,-0.5,0.5,1.312,65.53812045607422
1,-0.5,0.5,1.3136,65.5293504333959
1,-0.5,0.5,1.3152000000000001,65.52058554810537
1,-0.5,0.5,1.3168,65.51182579025212
1,-0.5,0.5,1.3184,65.50307114990873
1,-0.5,0.5,1.32,65.49432161717095
1,-0.5,0.5,1.3216,65.48557718215751
1,-0.5,0.5,1.3232000000000002,65.47683783501019
1,-0.5,0.5,1.3248,65.4681035658937
1,-0.5,0.5,1.3264,65.4593743649957
1,-0.5,0.5,1.328,65.45065022252668
1,-0.5,0.5,1.3296000000000001,65.44193112872
1,-0.5,0.5,1.3312000000000002,65.43321707383176
1,-0.5,0.5,1.3328,65.42450804814082
1,-0.5,0.5,1.3344,65.4158040419487
1,-0.5,0.5,1.336,65.40710504557958
1,-0.5,0.5,1.3376000000000001,65.39841104938024
1,-0.5,0.5,1.3392000000000002,65.38972204372
1,-0.5,0.5,1.3408,65.38103801899068
1,-0.5,0.5,1.3424,65.37235896560657
1,-0.5,0.5,1.344,65.36368487400435
1,-0.5,0.5,1.3456000000000001,65.3550157346431
1,-0.5,0.5,1.3472000000000002,65.3463515380042
1,-0.5,0.5,1.3488,65.3376922745913
1,-0.5,0.5,1.3504,65.3290379349303
1,-0.5,0.5,1.352,65.32038850956924
1,-0.5,0.5,1.3536000000000001,65.31174398907832
1,-0.5,0.5,1.3552,65.30310436404984
1,-0.5,0.5,1.3568,65.29446962509816
1,-0.5,0.5,1.3584,65.28583976285955
1,-0.5,0.5,1.36,65.27721476799233
1,-0.5,0.5,1.3616000000000001,65.26859463117665
1,-0.5,0.5,1.3632,65.25997934311458
1,-0.5,0.5,1.3648,65.25136889452995
1,-0.5,0.5,1.3664,65.24276327616839
1,-0.5,0.5,1.368,65.23416247879719
1,-0.5,0.5,1.3696000000000002,65.2255664932054
1,-0.5,0.5,1.3712,65.21697531020364
1,-0.5,0.5,1.3728,65.20838892062409
1,-0.5,0.5,1.3744,65.19980731532051
1,-0.5,0.5,1.3760000000000001,65.19123048516813
1,-0.5,0.5,1.3776000000000002,65.18265842106362
1,-0.5,0.5,1.3792,65.17409111392502
1,-0.5,0.5,1.3808,65.16552855469172
1,-0.5,0.5,1.3824,65.15697073432445
1,-0.5,0.5,1.3840000000000001,65.14841764380517
1,-0.5,0.5,1.3856000000000002,65.13986927413701
1,-0.5,0.5,1.3872,65.13132561634434
1,-0.5,0.5,1.3888,65.12278666147257
1,-0.5,0.5,1.3904,65.11425240058819
1,-0.5,0.5,1.3920000000000001,65.10572282477874
1,-0.5,0.5,1.3936000000000002,65.09719792515274
1,-0.5,0.5,1.3952,65.08867769283957
1,-0.5,0.5,1.3968,65.08016211898956
1,-0.5,0.5,1.3984,65.07165119477388
1,-0.5,0.5,1.4000000000000001,65.06314491138443
1,-0.5,0.5,1.4016,65.0546432600339
1,-0.5,0.5,1.4032,65.04614623195563
1,-0.5,0.5,1.4048,65.03765381840368
1,-0.5,0.5,1.4064,65.02916601065266
1,-0.5,0.5,1.4080000000000001,65.02068279999773
1,-0.5,0.5,1.4096,65.01220417775458
1,-0.5,0.5,1.4112,65.00373013525939
1,-0.5,0.5,1.4128,64.99526066386869
1,-0.5,0.5,1.4144,64.98679575495946
1,-0.5,0.5,1.4160000000000001,64.97833539992892
1,-0.5,0.5,1.4176,64.96987959019465
1,-0.5,0.5,1.4192,64.96142831719443
1,-0.5,0.5,1.4208,64.95298157238622
1,-0.5,0.5,1.4224,64.94453934724811
1,-0.5,0.5,1.4240000000000002,64.9361016332783
1,-0.5,0.5,1.4256,64.92766842199504
1,-0.5,0.5,1.4272,64.91923970493657
1,-0.5,0.5,1.4288,64.91081547366109
1,-0.5,0.5,1.4304000000000001,64.90239571974675
1,-0.5,0.5,1.4320000000000002,64.89398043479149
1,-0.5,0.5,1.4336,64.88556961041314
1,-0.5,0.5,1.4352,64.87716323824925
1,-0.5,0.5,1.4368,64.8687613099571
1,-0.5,0.5,1.4384000000000001,64.86036381721367
1,-0.5,0.5,1.4400000000000002,64.85197075171561
1,-0.5,0.5,1.4416,64.84358210517908
1,-0.5,0.5,1.4432,64.83519786933984
1,-0.5,0.5,1.4448,64.82681803595312
1,-0.5,0.5,1.4464000000000001,64.81844259679363
1,-0.5,0.5,1.4480000000000002,64.81007154365545
1,-0.5,0.5,1.4496,64.80170486835206
1,-0.5,0.5,1.4512,64.79334256271623
1,-0.5,0.5,1.4528,64.78498461860002
1,-0.5,0.5,1.4544000000000001,64.77663102787467
1,-0.5,0.5,1.456,64.76828178243066
1,-0.5,0.5,1.4576,64.75993687417757
1,-0.5,0.5,1.4592,64.75159629504405
1,-0.5,0.5,1.4608,64.74326003697786
1,-0.5,0.5,1.4624000000000001,64.73492809194568
1,-0.5,0.5,1.464,64.72660045193321
1,-0.5,0.5,1.4656,64.718277108945
1,-0.5,0.5,1.4672,64.70995805500452
1,-0.5,0.5,1.4688,64.70164328215402
1,-0.5,0.5,1.4704000000000002,64.69333278245455
1,-0.5,0.5,1.472,64.68502654798583
1,-0.5,0.5,1.4736,64.67672457084633
1,-0.5,0.5,1.4752,64.66842684315316
1,-0.5,0.5,1.4768000000000001,64.660133357042
1,-0.5,0.5,1.4784000000000002,64.65184410466705
1,-0.5,0.5,1.48,64.64355907820108
1,-0.5,0.5,1.4816,64.63527826983525
1,-0.5,0.5,1.4832,64.62700167177923
1,-0.5,0.5,1.4848000000000001,64.61872927626095
1,-0.5,0.5,1.4864000000000002,64.61046107552679
1,-0.5,0.5,1.488,64.6021970618413
1,-0.5,0.5,1.4896,64.5939372274873
1,-0.5,0.5,1.4912,64.58568156476589
1,-0.5,0.5,1.4928000000000001,64.57743006599623
1,-0.5,0.5,1.4944000000000002,64.56918272351558
1,-0.5,0.5,1.496,64.56093952967933
1,-0.5,0.5,1.4976,64.55270047686085
1,-0.5,0.5,1.4992,64.54446555745149
1,-0.5,0.5,1.5008000000000001,64.53623476386053
1,-0.5,0.5,1.5024000000000002,64.52800808851515
1,-0.5,0.5,1.504,64.51978552386035
1,-0.5,0.5,1.5056,64.51156706235895
1,-0.5,0.5,1.5072,64.50335269649153
1,-0.5,0.5,1.5088000000000001,64.4951424187564
1,-0.5,0.5,1.5104,64.48693622166948
1,-0.5,0.5,1.512,64.47873409776437
1,-0.5,0.5,1.5136,64.47053603959226
1,-0.5,0.5,1.5152,64.46234203972185
1,-0.5,0.5,1.5168000000000001,64.45415209073933
1,-0.5,0.5,1.5184,64.44596618524838
1,-0.5,0.5,1.52,64.43778431587009
1,-0.5,0.5,1.5216,64.42960647524289
1,-0.5,0.5,1.5232,64.42143265602255
1,-0.5,0.5,1.5248000000000002,64.41326285088212
1,-0.5,0.5,1.5264,64.40509705251192
1,-0.5,0.5,1.528,64.39693525361943
1,-0.5,0.5,1.5296,64.3887774469293
1,-0.5,0.5,1.5312000000000001,64.38062362518328
1,-0.5,0.5,1.5328000000000002,64.3724737811402
1,-0.5,0.5,1.5344,64.36432790757596
1,-0.5,0.5,1.536,64.35618599728336
1,-0.5,0.5,1.5376,64.34804804307224
1,-0.5,0.5,1.5392000000000001,64.33991403776926
1,-0.5,0.5,1.5408000000000002,64.331783974218
1,-0.5,0.5,1.5424,64.3236578452788
1,-0.5,0.5,1.544,64.31553564382884
1,-0.5,0.5,1.5456,64.30741736276198
1,-0.5,0.5,1.5472000000000001,64.2993029949888
1,-0.5,0.5,1.5488000000000002,64.29119253343656
1,-0.5,0.5,1.5504,64.28308597104905
1,-0.5,0.5,1.552,64.27498330078669
1,-0.5,0.5,1.5536,64.2668845156264
1,-0.5,0.5,1.5552000000000001,64.25878960856161
1,-0.5,0.5,1.5568000000000002,64.25069857260218
1,-0.5,0.5,1.5584,64.24261140077438
1,-0.5,0.5,1.56,64.23452808612082
1,-0.5,0.5,1.5616,64.22644862170044
1,-0.5,0.5,1.5632000000000001,64.21837300058849
1,-0.5,0.5,1.5648,64.2103012158764
1,-0.5,0.5,1.5664,64.20223326067183
1,-0.5,0.5,1.568,64.19416912809861
1,-0.5,0.5,1.5696,64.18610881129668
1,-0.5,0.5,1.5712000000000002,64.17805230342202
1,-0.5,0.5,1.5728,64.16999959764671
1,-0.5,0.5,1.5744,64.16195068715876
1,-0.5,0.5,1.576,64.15390556516222
1,-0.5,0.5,1.5776000000000001,64.14586422487693
1,-0.5,0.5,1.5792000000000002,64.13782665953869
1,-0.5,0.5,1.5808,64.12979286239914
1,-0.5,0.5,1.5824,64.12176282672567
1,-0.5,0.5,1.584,64.11373654580146
1,-0.5,0.5,1.5856000000000001,64.10571401292539
1,-0.5,0.5,1.5872000000000002,64.097695221412
1,-0.5,0.5,1.5888,64.0896801645915
1,-0.5,0.5,1.5904,64.08166883580965
1,-0.5,0.5,1.592,64.07366122842781
1,-0.5,0.5,1.5936000000000001,64.06565733582282
1,-0.5,0.5,1.5952000000000002,64.05765715138703
1,-0.5,0.5,1.5968,64.04966066852819
1,-0.5,0.5,1.5984,64.04166788066948
1,-0.5,0.5,1.6,64.03367878124944
1,-0.5,0.5,1.6016000000000001,64.0256933637219
1,-0.5,0.5,1.6032000000000002,64.01771162155599
1,-0.5,0.5,1.6048,64.00973354823608
1,-0.5,0.5,1.6064,64.00175913726177
1,-0.5,0.5,1.608,63.99378838214779
1,-0.5,0.5,1.6096000000000001,63.985821276423984
1,-0.5,0.5,1.6112000000000002,63.97785781363533
1,-0.5,0.5,1.6128,63.96989798734182
1,-0.5,0.5,1.6144,63.961941791118456
1,-0.5,0.5,1.616,63.95398921855526
1,-0.5,0.5,1.6176000000000001,63.94604026325712
1,-0.5,0.5,1.6192,63.938094918843866
1,-0.5,0.5,1.6208,63.93015317895016
1,-0.5,0.5,1.6224,63.922215037225506
1,-0.5,0.5,1.624,63.914280487334196
1,-0.5,0.5,1.6256000000000002,63.90634952295522
1,-0.5,0.5,1.6272,63.89842213778231
1,-0.5,0.5,1.6288,63.890498325523886
1,-0.5,0.5,1.6304,63.882578079902956
1,-0.5,0.5,1.6320000000000001,63.87466139465714
1,-0.5,0.5,1.6336000000000002,63.866748263538625
1,-0.5,0.5,1.6352,63.8588386803141
1,-0.5,0.5,1.6368,63.85093263876474
1,-0.5,0.5,1.6384,63.84303013268618
1,-0.5,0.5,1.6400000000000001,63.83513115588843
1,-0.5,0.5,1.6416000000000002,63.827235702195914
1,-0.5,0.5,1.6432,63.81934376544736
1,-0.5,0.5,1.6448,63.811455339495794
1,-0.5,0.5,1.6464,63.80357041820851
1,-0.5,0.5,1.6480000000000001,63.79568899546703
1,-0.5,0.5,1.6496000000000002,63.78781106516705
1,-0.5,0.5,1.6512,63.77993662121842
1,-0.5,0.5,1.6528,63.77206565754511
1,-0.5,0.5,1.6544,63.764198168085166
1,-0.5,0.5,1.6560000000000001,63.75633414679067
1,-0.5,0.5,1.6576000000000002,63.74847358762772
1,-0.5,0.5,1.6592,63.74061648457638
1,-0.5,0.5,1.6608,63.73276283163063
1,-0.5,0.5,1.6624,63.72491262279837
1,-0.5,0.5,1.6640000000000001,63.71706585210135
1,-0.5,0.5,1.6656,63.70922251357515
1,-0.5,0.5,1.6672,63.70138260126913
1,-0.5,0.5,1.6688,63.69354610924643
1,-0.5,0.5,1.6704,63.68571303158387
1,-0.5,0.5,1.6720000000000002,63.67788336237199
1,-0.5,0.5,1.6736,63.670057095714974
1,-0.5,0.5,1.6752,63.662234225730586
1,-0.5,0.5,1.6768,63.65441474655021
1,-0.5,0.5,1.6784000000000001,63.64659865231874
1,-0.5,0.5,1.6800000000000002,63.63878593719459
1,-0.5,0.5,1.6816,63.63097659534966
1,-0.5,0.5,1.6832,63.623170620969276
1,-0.5,0.5,1.6848,63.615368008252155
1,-0.5,0.5,1.6864000000000001,63.607568751410405
1,-0.5,0.5,1.6880000000000002,63.59977284466946
1,-0.5,0.5,1.6896,63.59198028226805
1,-0.5,0.5,1.6912,63.58419105845817
1,-0.5,0.5,1.6928,63.57640516750506
1,-0.5,0.5,1.6944000000000001,63.56862260368712
1,-0.5,0.5,1.6960000000000002,63.56084336129595
1,-0.5,0.5,1.6976,63.553067434636276
1,-0.5,0.5,1.6992,63.545294818025894
1,-0.5,0.5,1.7008,63.53752550579568
1,-0.5,0.5,1.7024000000000001,63.52975949228953
1,-0.5,0.5,1.7040000000000002,63.52199677186433
1,-0.5,0.5,1.7056,63.514237338889934
1,-0.5,0.5,1.7072,63.506481187749124
1,-0.5,0.5,1.7088,63.49872831283755
1,-0.5,0.5,1.7104000000000001,63.49097870856373
1,-0.5,0.5,1.7120000000000002,63.48323236934905
1,-0.5,0.5,1.7136,63.47548928962762
1,-0.5,0.5,1.7152,63.467749463846346
1,-0.5,0.5,1.7168,63.46001288646485
1,-0.5,0.5,1.7184000000000001,63.45227955195547
1,-0.5,0.5,1.72,63.44454945480318
1,-0.5,0.5,1.7216,63.43682258950559
1,-0.5,0.5,1.7232,63.42909895057288
1,-0.5,0.5,1.7248,63.421378532527825
1,-0.5,0.5,1.7264000000000002,63.41366132990572
1,-0.5,0.5,1.728,63.40594733725435
1,-0.5,0.5,1.7296,63.398236549133955
1,-0.5,0.5,1.7312,63.390528960117216
1,-0.5,0.5,1.7328000000000001,63.382824564789225
1,-0.5,0.5,1.7344000000000002,63.37512335774741
1,-0.5,0.5,1.736,63.36742533360159
1,-0.5,0.5,1.7376,63.359730486973824
1,-0.5,0.5,1.7392,63.35203881249847
1,-0.5,0.5,1.7408000000000001,63.34435030482214
1,-0.5,0.5,1.7424000000000002,63.33666495860363
1,-0.5,0.5,1.744,63.3289827685139
1,-0.5,0.5,1.7456,63.32130372923608
1,-0.5,0.5,1.7472,63.31362783546541
1,-0.5,0.5,1.7488000000000001,63.30595508190921
1,-0.5,0.5,1.7504000000000002,63.29828546328683
1,-0.5,0.5,1.752,63.29061897432965
1,-0.5,0.5,1.7536,63.28295560978105
1,-0.5,0.5,1.7552,63.27529536439635
1,-0.5,0.5,1.7568000000000001,63.2676382329428
1,-0.5,0.5,1.7584000000000002,63.25998421019954
1,-0.5,0.5,1.76,63.25233329095757
1,-0.5,0.5,1.7616,63.24468547001973
1,-0.5,0.5,1.7632,63.23704074220066
1,-0.5,0.5,1.7648000000000001,63.22939910232677
1,-0.5,0.5,1.7664000000000002,63.22176054523619
1,-0.5,0.5,1.768,63.21412506577879
1,-0.5,0.5,1.7696,63.2064926588161
1,-0.5,0.5,1.7712,63.1988633192213
1,-0.5,0.5,1.7728000000000002,63.1912370418792
1,-0.5,0.5,1.7744,63.18361382168617
1,-0.5,0.5,1.776,63.175993653550165
1,-0.5,0.5,1.7776,63.16837653239067
1,-0.5,0.5,1.7792000000000001,63.16076245313863
1,-0.5,0.5,1.7808000000000002,63.1531514107365
1,-0.5,0.5,1.7824,63.14554340013815
1,-0.5,0.5,1.784,63.13793841630886
1,-0.5,0.5,1.7856,63.13033645422531
1,-0.5,0.5,1.7872000000000001,63.12273750887549
1,-0.5,0.5,1.7888000000000002,63.11514157525873
1,-0.5,0.5,1.7904,63.10754864838567
1,-0.5,0.5,1.792,63.099958723278164
1,-0.5,0.5,1.7936,63.09237179496933
1,-0.5,0.5,1.7952000000000001,63.08478785850349
1,-0.5,0.5,1.7968000000000002,63.07720690893613
1,-0.5,0.5,1.7984,63.06962894133385
1,-0.5,0.5,1.8,63.062053950774434
1,-0.5,0.5,1.8016,63.054481932346675
1,-0.5,0.5,1.8032000000000001,63.04691288115048
1,-0.5,0.5,1.8048000000000002,63.03934679229676
1,-0.5,0.5,1.8064,63.03178366090742
1,-0.5,0.5,1.808,63.024223482115346
1,-0.5,0.5,1.8096,63.01666625106437
1,-0.5,0.5,1.8112000000000001,63.00911196290923
1,-0.5,0.5,1.8128000000000002,63.001560612815545
1,-0.5,0.5,1.8144,62.9940121959598
1,-0.5,0.5,1.816,62.9864667075293
1,-0.5,0.5,1.8176,62.978924142722164
1,-0.5,0.5,1.8192000000000002,62.97138449674727
1,-0.5,0.5,1.8208000000000002,62.96384776482425
1,-0.5,0.5,1.8224,62.956313942183456
1,-0.5,0.5,1.824,62.94878302406592
1,-0.5,0.5,1.8256000000000001,62.94125500572333
1,-0.5,0.5,1.8272000000000002,62.93372988241801
1,-0.5,0.5,1.8288,62.92620764942289
1,-0.5,0.5,1.8304,62.91868830202151
1,-0.5,0.5,1.832,62.91117183550789
1,-0.5,0.5,1.8336000000000001,62.90365824518665
1,-0.5,0.5,1.8352000000000002,62.89614752637286
1,-0.5,0.5,1.8368,62.88863967439206
1,-0.5,0.5,1.8384,62.881134684580246
1,-0.5,0.5,1.84,62.87363255228382
1,-0.5,0.5,1.8416000000000001,62.86613327285958
1,-0.5,0.5,1.8432000000000002,62.85863684167467
1,-0.5,0.5,1.8448,62.85114325410657
1,-0.5,0.5,1.8464,62.84365250554309
1,-0.5,0.5,1.848,62.83616459138229
1,-0.5,0.5,1.8496000000000001,62.82867950703248
1,-0.5,0.5,1.8512000000000002,62.82119724791223
1,-0.5,0.5,1.8528,62.813717809450274
1,-0.5,0.5,1.8544,62.80624118708555
1,-0.5,0.5,1.856,62.7987673762671
1,-0.5,0.5,1.8576000000000001,62.791296372454134
1,-0.5,0.5,1.8592000000000002,62.78382817111593
1,-0.5,0.5,1.8608,62.77636276773183
1,-0.5,0.5,1.8624,62.768900157791236
1,-0.5,0.5,1.864,62.761440336793555
1,-0.5,0.5,1.8656000000000001,62.75398330024818
1,-0.5,0.5,1.8672000000000002,62.74652904367448
1,-0.5,0.5,1.8688,62.739077562601736
1,-0.5,0.5,1.8704,62.73162885256919
1,-0.5,0.5,1.872,62.724182909125915
1,-0.5,0.5,1.8736000000000002,62.71673972783087
1,-0.5,0.5,1.8752000000000002,62.70929930425286
1,-0.5,0.5,1.8768,62.70186163397048
1,-0.5,0.5,1.8784,62.694426712572124
1,-0.5,0.5,1.8800000000000001,62.686994535655934
1,-0.5,0.5,1.8816000000000002,62.67956509882979
1,-0.5,0.5,1.8832,62.67213839771128
1,-0.5,0.5,1.8848,62.66471442792768
1,-0.5,0.5,1.8864,62.657293185115904
1,-0.5,0.5,1.8880000000000001,62.64987466492253
1,-0.5,0.5,1.8896000000000002,62.64245886300372
1,-0.5,0.5,1.8912,62.63504577502523
1,-0.5,0.5,1.8928,62.62763539666239
1,-0.5,0.5,1.8944,62.620227723600024
1,-0.5,0.5,1.8960000000000001,62.61282275153248
1,-0.5,0.5,1.8976000000000002,62.605420476163616
1,-0.5,0.5,1.8992,62.598020893206716
1,-0.5,0.5,1.9008,62.590623998384515
1,-0.5,0.5,1.9024,62.58322978742917
1,-0.5,0.5,1.9040000000000001,62.57583825608219
1,-0.5,0.5,1.9056000000000002,62.568449400094494
1,-0.5,0.5,1.9072,62.56106321522631
1,-0.5,0.5,1.9088,62.55367969724717
1,-0.5,0.5,1.9104,62.5462988419359
1,-0.5,0.5,1.9120000000000001,62.53892064508062
1,-0.5,0.5,1.9136000000000002,62.531545102478674
1,-0.5,0.5,1.9152,62.52417220993661
1,-0.5,0.5,1.9168,62.516801963270176
1,-0.5,0.5,1.9184,62.50943435830431
1,-0.5,0.5,1.9200000000000002,62.50206939087308
1,-0.5,0.5,1.9216000000000002,62.49470705681968
1,-0.5,0.5,1.9232,62.4873473519964
1,-0.5,0.5,1.9248,62.479990272264615
1,-0.5,0.5,1.9264000000000001,62.47263581349473
1,-0.5,0.5,1.9280000000000002,62.46528397156622
1,-0.5,0.5,1.9296,62.45793474236753
1,-0.5,0.5,1.9312,62.450588121796095
1,-0.5,0.5,1.9328,62.44324410575832
1,-0.5,0.5,1.9344000000000001,62.43590269016952
1,-0.5,0.5,1.9360000000000002,62.428563870953965
1,-0.5,0.5,1.9376,62.42122764404479
1,-0.5,0.5,1.9392,62.413894005384
1,-0.5,0.5,1.9408,62.40656295092244
1,-0.5,0.5,1.9424000000000001,62.39923447661979
1,-0.5,0.5,1.9440000000000002,62.3919085784445
1,-0.5,0.5,1.9456,62.38458525237383
1,-0.5,0.5,1.9472,62.37726449439378
1,-0.5,0.5,1.9488,62.36994630049908
1,-0.5,0.5,1.9504000000000001,62.36263066669316
1,-0.5,0.5,1.9520000000000002,62.35531758898816
1,-0.5,0.5,1.9536,62.34800706340485
1,-0.5,0.5,1.9552,62.34069908597269
1,-0.5,0.5,1.9568,62.33339365272971
1,-0.5,0.5,1.9584000000000001,62.32609075972256
1,-0.5,0.5,1.9600000000000002,62.31879040300646
1,-0.5,0.5,1.9616,62.311492578645186
1,-0.5,0.5,1.9632,62.304197282711044
1,-0.5,0.5,1.9648,62.29690451128485
1,-0.5,0.5,1.9664000000000001,62.289614260455906
1,-0.5,0.5,1.9680000000000002,62.282326526321974
1,-0.5,0.5,1.9696,62.275041304989266
1,-0.5,0.5,1.9712,62.26775859257241
1,-0.5,0.5,1.9728,62.260478385194446
1,-0.5,0.5,1.9744000000000002,62.253200678986786
1,-0.5,0.5,1.9760000000000002,62.24592547008919
1,-0.5,0.5,1.9776,62.23865275464977
1,-0.5,0.5,1.9792,62.23138252882494
1,-0.5,0.5,1.9808000000000001,62.2241147887794
1,-0.5,0.5,1.9824000000000002,62.216849530686154
1,-0.5,0.5,1.984,62.209586750726416
1,-0.5,0.5,1.9856,62.202326445089646
1,-0.5,0.5,1.9872,62.19506860997353
1,-0.5,0.5,1.9888000000000001,62.187813241583925
1,-0.5,0.5,1.9904000000000002,62.180560336134846
1,-0.5,0.5,1.992,62.173309889848454
1,-0.5,0.5,1.9936,62.16606189895505
1,-0.5,0.5,1.9952,62.158816359693034
1,-0.5,0.5,1.9968000000000001,62.15157326830889
1,-0.5,0.5,1.9984000000000002,62.14433262105714
1,-0.5,0.5,2.0,62.13709441420038
1,-0.5,0.5,2.0016000000000003,62.12985864400921
1,-0.5,0.5,2.0032,62.12262530676224
1,-0.5,0.5,2.0048,62.115394398746055
1,-0.5,0.5,2.0064,62.108165916255196
1,-0.5,0.5,2.008,62.100939855592145
1,-0.5,0.5,2.0096000000000003,62.09371621306729
1,-0.5,0.5,2.0112,62.08649498499895
1,-0.5,0.5,2.0128,62.079276167713296
1,-0.5,0.5,2.0144,62.072059757544366
1,-0.5,0.5,2.016,62.06484575083404
1,-0.5,0.5,2.0176000000000003,62.057634143932006
1,-0.5,0.5,2.0192,62.05042493319575
1,-0.5,0.5,2.0208,62.04321811499055
1,-0.5,0.5,2.0224,62.03601368568944
1,-0.5,0.5,2.024,62.02881164167318
1,-0.5,0.5,2.0256000000000003,62.02161197933026
1,-0.5,0.5,2.0272,62.014414695056864
1,-0.5,0.5,2.0288,62.00721978525686
1,-0.5,0.5,2.0304,62.000027246341766
1,-0.5,0.5,2.032,61.992837074730744
1,-0.5,0.5,2.0336000000000003,61.98564926685061
1,-0.5,0.5,2.0352,61.97846381913572
1,-0.5,0.5,2.0368,61.97128072802806
1,-0.5,0.5,2.0384,61.96409998997718
1,-0.5,0.5,2.04,61.95692160144013
1,-0.5,0.5,2.0416000000000003,61.94974555888153
1,-0.5,0.5,2.0432,61.94257185877348
1,-0.5,0.5,2.0448,61.935400497595595
1,-0.5,0.5,2.0464,61.92823147183493
1,-0.5,0.5,2.048,61.921064777985976
1,-0.5,0.5,2.0496000000000003,61.91390041255071
1,-0.5,0.5,2.0512,61.906738372038454
1,-0.5,0.5,2.0528,61.899578652965964
1,-0.5,0.5,2.0544000000000002,61.89242125185735
1,-0.5,0.5,2.056,61.88526616524408
1,-0.5,0.5,2.0576000000000003,61.87811338966498
1,-0.5,0.5,2.0592,61.87096292166617
1,-0.5,0.5,2.0608,61.863814757801045
1,-0.5,0.5,2.0624000000000002,61.856668894630346
1,-0.5,0.5,2.064,61.84952532872202
1,-0.5,0.5,2.0656,61.84238405665126
1,-0.5,0.5,2.0672,61.83524507500052
1,-0.5,0.5,2.0688,61.82810838035943
1,-0.5,0.5,2.0704000000000002,61.82097396932482
1,-0.5,0.5,2.072,61.81384183850068
1,-0.5,0.5,2.0736,61.806711984498165
1,-0.5,0.5,2.0752,61.799584403935555
1,-0.5,0.5,2.0768,61.79245909343826
1,-0.5,0.5,2.0784000000000002,61.785336049638765
1,-0.5,0.5,2.08,61.77821526917665
1,-0.5,0.5,2.0816,61.771096748698554
1,-0.5,0.5,2.0832,61.763980484858166
1,-0.5,0.5,2.0848,61.75686647431619
1,-0.5,0.5,2.0864000000000003,61.74975471374034
1,-0.5,0.5,2.088,61.742645199805324
1,-0.5,0.5,2.0896,61.73553792919283
1,-0.5,0.5,2.0912,61.7284328985915
1,-0.5,0.5,2.0928,61.72133010469689
1,-0.5,0.5,2.0944000000000003,61.71422954421151
1,-0.5,0.5,2.096,61.70713121384478
1,-0.5,0.5,2.0976,61.70003511031295
1,-0.5,0.5,2.0992,61.6929412303392
1,-0.5,0.5,2.1008,61.68584957065352
1,-0.5,0.5,2.1024000000000003,61.67876012799275
1,-0.5,0.5,2.104,61.67167289910055
1,-0.5,0.5,2.1056,61.664587880727375
1,-0.5,0.5,2.1072,61.65750506963047
1,-0.5,0.5,2.1088,61.65042446257383
1,-0.5,0.5,2.1104000000000003,61.643346056328205
1,-0.5,0.5,2.112,61.63626984767108
1,-0.5,0.5,2.1136,61.62919583338665
1,-0.5,0.5,2.1152,61.62212401026582
1,-0.5,0.5,2.1168,61.61505437510616
1,-0.5,0.5,2.1184000000000003,61.60798692471191
1,-0.5,0.5,2.12,61.60092165589395
1,-0.5,0.5,2.1216,61.5938585654698
1,-0.5,0.5,2.1232,61.58679765026361
1,-0.5,0.5,2.1248,61.57973890710609
1,-0.5,0.5,2.1264000000000003,61.57268233283455
1,-0.5,0.5,2.128,61.56562792429287
1,-0.5,0.5,2.1296,61.55857567833148
1,-0.5,0.5,2.1312,61.55152559180733
1,-0.5,0.5,2.1328,61.54447766158387
1,-0.5,0.5,2.1344000000000003,61.53743188453109
1,-0.5,0.5,2.136,61.53038825752542
1,-0.5,0.5,2.1376,61.5233467774498
1,-0.5,0.5,2.1392,61.516307441193575
1,-0.5,0.5,2.1408,61.50927024565256
1,-0.5,0.5,2.1424000000000003,61.502235187728964
1,-0.5,0.5,2.144,61.49520226433141
1,-0.5,0.5,2.1456,61.48817147237492
1,-0.5,0.5,2.1472,61.48114280878086
1,-0.5,0.5,2.1488,61.47411627047695
1,-0.5,0.5,2.1504000000000003,61.46709185439727
1,-0.5,0.5,2.152,61.4600695574822
1,-0.5,0.5,2.1536,61.45304937667844
1,-0.5,0.5,2.1552000000000002,61.44603130893899
1,-0.5,0.5,2.1568,61.43901535122311
1,-0.5,0.5,2.1584000000000003,61.43200150049632
1,-0.5,0.5,2.16,61.42498975373039
1,-0.5,0.5,2.1616,61.417980107903304
1,-0.5,0.5,2.1632000000000002,61.41097255999929
1,-0.5,0.5,2.1648,61.40396710700873
1,-0.5,0.5,2.1664000000000003,61.39696374592824
1,-0.5,0.5,2.168,61.38996247376055
1,-0.5,0.5,2.1696,61.38296328751458
1,-0.5,0.5,2.1712000000000002,61.37596618420536
1,-0.5,0.5,2.1728,61.368971160854066
1,-0.5,0.5,2.1744,61.36197821448796
1,-0.5,0.5,2.176,61.35498734214039
1,-0.5,0.5,2.1776,61.3479985408508
1,-0.5,0.5,2.1792000000000002,61.3410118076647
1,-0.5,0.5,2.1808,61.3340271396336
1,-0.5,0.5,2.1824,61.32704453381509
1,-0.5,0.5,2.184,61.32006398727274
1,-0.5,0.5,2.1856,61.31308549707614
1,-0.5,0.5,2.1872000000000003,61.306109060300855
1,-0.5,0.5,2.1888,61.29913467402844
1,-0.5,0.5,2.1904,61.29216233534638
1,-0.5,0.5,2.192,61.28519204134812
1,-0.5,0.5,2.1936,61.27822378913301
1,-0.5,0.5,2.1952000000000003,61.27125757580633
1,-0.5,0.5,2.1968,61.26429339847926
1,-0.5,0.5,2.1984,61.25733125426885
1,-0.5,0.5,2.2,61.25037114029802
1,-0.5,0.5,2.2016,61.243413053695555
1,-0.5,0.5,2.2032000000000003,61.23645699159606
1,-0.5,0.5,2.2048,61.22950295113997
1,-0.5,0.5,2.2064,61.22255092947355
1,-0.5,0.5,2.208,61.21560092374883
1,-0.5,0.5,2.2096,61.20865293112365
1,-0.5,0.5,2.2112000000000003,61.201706948761604
1,-0.5,0.5,2.2128,61.19476297383202
1,-0.5,0.5,2.2144,61.18782100351001
1,-0.5,0.5,2.216,61.18088103497636
1,-0.5,0.5,2.2176,61.1739430654176
1,-0.5,0.5,2.2192000000000003,61.16700709202597
1,-0.5,0.5,2.2208,61.160073111999345
1,-0.5,0.5,2.2224,61.1531411225413
1,-0.5,0.5,2.224,61.146211120861054
1,-0.5,0.5,2.2256,61.13928310417348
1,-0.5,0.5,2.2272000000000003,61.13235706969906
1,-0.5,0.5,2.2288,61.12543301466391
1,-0.5,0.5,2.2304,61.11851093629972
1,-0.5,0.5,2.232,61.11159083184379
1,-0.5,0.5,2.2336,61.10467269853897
1,-0.5,0.5,2.2352000000000003,61.09775653363368
1,-0.5,0.5,2.2368,61.09084233438189
1,-0.5,0.5,2.2384,61.08393009804308
1,-0.5,0.5,2.24,61.077019821882274
1,-0.5,0.5,2.2416,61.07011150316998
1,-0.5,0.5,2.2432000000000003,61.06320513918221
1,-0.5,0.5,2.2448,61.05630072720044
1,-0.5,0.5,2.2464,61.04939826451161
1,-0.5,0.5,2.248,61.042497748408124
1,-0.5,0.5,2.2496,61.03559917618781
1,-0.5,0.5,2.2512000000000003,61.02870254515391
1,-0.5,0.5,2.2528,61.02180785261511
1,-0.5,0.5,2.2544,61.01491509588546
1,-0.5,0.5,2.2560000000000002,61.008024272284416
1,-0.5,0.5,2.2576,61.001135379136784
1,-0.5,0.5,2.2592000000000003,60.99424841377273
1,-0.5,0.5,2.2608,60.98736337352779
1,-0.5,0.5,2.2624,60.98048025574281
1,-0.5,0.5,2.2640000000000002,60.97359905776395
1,-0.5,0.5,2.2656,60.96671977694268
1,-0.5,0.5,2.2672000000000003,60.95984241063578
1,-0.5,0.5,2.2688,60.95296695620529
1,-0.5,0.5,2.2704,60.94609341101851
1,-0.5,0.5,2.2720000000000002,60.93922177244801
1,-0.5,0.5,2.2736,60.9323520378716
1,-0.5,0.5,2.2752,60.925484204672316
1,-0.5,0.5,2.2768,60.918618270238404
1,-0.5,0.5,2.2784,60.91175423196333
1,-0.5,0.5,2.2800000000000002,60.90489208724571
1,-0.5,0.5,2.2816,60.8980318334894
1,-0.5,0.5,2.2832,60.89117346810335
1,-0.5,0.5,2.2848,60.88431698850172
1,-0.5,0.5,2.2864,60.87746239210379
1,-0.5,0.5,2.2880000000000003,60.870609676333956
1,-0.5,0.5,2.2896,60.86375883862174
1,-0.5,0.5,2.2912,60.856909876401765
1,-0.5,0.5,2.2928,60.85006278711375
1,-0.5,0.5,2.2944,60.84321756820248
1,-0.5,0.5,2.2960000000000003,60.83637421711783
1,-0.5,0.5,2.2976,60.829532731314686
1,-0.5,0.5,2.2992,60.82269310825302
1,-0.5,0.5,2.3008,60.81585534539779
1,-0.5,0.5,2.3024,60.809019440219025
1,-0.5,0.5,2.3040000000000003,60.8021853901917
1,-0.5,0.5,2.3056,60.79535319279583
1,-0.5,0.5,2.3072,60.788522845516376
1,-0.5,0.5,2.3088,60.78169434584328
1,-0.5,0.5,2.3104,60.77486769127145
1,-0.5,0.5,2.3120000000000003,60.76804287930074
1,-0.5,0.5,2.3136,60.761219907435915
1,-0.5,0.5,2.3152,60.754398773186665
1,-0.5,0.5,2.3168,60.74757947406761
1,-0.5,0.5,2.3184,60.74076200759825
1,-0.5,0.5,2.3200000000000003,60.73394637130298
1,-0.5,0.5,2.3216,60.72713256271104
1,-0.5,0.5,2.3232,60.72032057935658
1,-0.5,0.5,2.3248,60.71351041877857
1,-0.5,0.5,2.3264,60.70670207852081
1,-0.5,0.5,2.3280000000000003,60.699895556131956
1,-0.5,0.5,2.3296,60.69309084916544
1,-0.5,0.5,2.3312,60.68628795517954
1,-0.5,0.5,2.3328,60.67948687173729
1,-0.5,0.5,2.3344,60.672687596406526
1,-0.5,0.5,2.3360000000000003,60.665890126759834
1,-0.5,0.5,2.3376,60.65909446037459
1,-0.5,0.5,2.3392,60.65230059483287
1,-0.5,0.5,2.3408,60.645508527721546
1,-0.5,0.5,2.3424,60.63871825663215
1,-0.5,0.5,2.3440000000000003,60.63192977916096
1,-0.5,0.5,2.3456,60.625143092908964
1,-0.5,0.5,2.3472,60.618358195481804
1,-0.5,0.5,2.3488,60.61157508448982
1,-0.5,0.5,2.3504,60.60479375754804
1,-0.5,0.5,2.3520000000000003,60.598014212276105
1,-0.5,0.5,2.3536,60.591236446298346
1,-0.5,0.5,2.3552,60.584460457243694
1,-0.5,0.5,2.3568000000000002,60.577686242745706
1,-0.5,0.5,2.3584,60.570913800442554
1,-0.5,0.5,2.3600000000000003,60.564143127977026
1,-0.5,0.5,2.3616,60.557374222996486
1,-0.5,0.5,2.3632,60.550607083152876
1,-0.5,0.5,2.3648000000000002,60.543841706102704
1,-0.5,0.5,2.3664,60.537078089507034
1,-0.5,0.5,2.3680000000000003,60.530316231031506
1,-0.5,0.5,2.3696,60.52355612834624
1,-0.5,0.5,2.3712,60.51679777912593
1,-0.5,0.5,2.3728000000000002,60.51004118104976
1,-0.5,0.5,2.3744,60.5032863318014
1,-0.5,0.5,2.3760000000000003,60.496533229069044
1,-0.5,0.5,2.3776,60.489781870545364
1,-0.5,0.5,2.3792,60.48303225392748
1,-0.5,0.5,2.3808000000000002,60.47628437691701
1,-0.5,0.5,2.3824,60.46953823721997
1,-0.5,0.5,2.384,60.46279383254686
1,-0.5,0.5,2.3856,60.456051160612574
1,-0.5,0.5,2.3872,60.44931021913646
1,-0.5,0.5,2.3888000000000003,60.442571005842225
1,-0.5,0.5,2.3904,60.43583351845803
1,-0.5,0.5,2.392,60.42909775471638
1,-0.5,0.5,2.3936,60.42236371235418
1,-0.5,0.5,2.3952,60.41563138911269
1,-0.5,0.5,2.3968000000000003,60.40890078273751
1,-0.5,0.5,2.3984,60.402171890978614
1,-0.5,0.5,2.4,60.3954447115903
1,-0.5,0.5,2.4016,60.388719242331184
1,-0.5,0.5,2.4032,60.3819954809642
1,-0.5,0.5,2.4048000000000003,60.37527342525659
1,-0.5,0.5,2.4064,60.36855307297988
1,-0.5,0.5,2.408,60.36183442190989
1,-0.5,0.5,2.4096,60.355117469826716
1,-0.5,0.5,2.4112,60.34840221451471
1,-0.5,0.5,2.4128000000000003,60.341688653762475
1,-0.5,0.5,2.4144,60.334976785362855
1,-0.5,0.5,2.416,60.32826660711295
1,-0.5,0.5,2.4176,60.32155811681407
1,-0.5,0.5,2.4192,60.31485131227172
1,-0.5,0.5,2.4208000000000003,60.308146191295634
1,-0.5,0.5,2.4224,60.301442751699724
1,-0.5,0.5,2.424,60.2947409913021
1,-0.5,0.5,2.4256,60.28804090792504
1,-0.5,0.5,2.4272,60.28134249939498
1,-0.5,0.5,2.4288000000000003,60.27464576354253
1,-0.5,0.5,2.4304,60.2679506982024
1,-0.5,0.5,2.432,60.26125730121349
1,-0.5,0.5,2.4336,60.25456557041879
1,-0.5,0.5,2.4352,60.24787550366542
1,-0.5,0.5,2.4368000000000003,60.2411870988046
1,-0.5,0.5,2.4384,60.234500353691644
1,-0.5,0.5,2.44,60.227815266185964
1,-0.5,0.5,2.4416,60.22113183415103
1,-0.5,0.5,2.4432,60.214450055454414
1,-0.5,0.5,2.4448000000000003,60.2077699279677
1,-0.5,0.5,2.4464,60.20109144956656
1,-0.5,0.5,2.448,60.19441461813068
1,-0.5,0.5,2.4496,60.187739431543775
1,-0.5,0.5,2.4512,60.1810658876936
1,-0.5,0.5,2.4528000000000003,60.17439398447192
1,-0.5,0.5,2.4544,60.16772371977447
1,-0.5,0.5,2.456,60.16105509150101
1,-0.5,0.5,2.4576000000000002,60.15438809755529
1,-0.5,0.5,2.4592,60.14772273584499
1,-0.5,0.5,2.4608000000000003,60.14105900428178
1,-0.5,0.5,2.4624,60.1343969007813
1,-0.5,0.5,2.464,60.12773642326309
1,-0.5,0.5,2.4656000000000002,60.12107756965069
1,-0.5,0.5,2.4672,60.11442033787152
1,-0.5,0.5,2.4688000000000003,60.10776472585694
1,-0.5,0.5,2.4704,60.101110731542185
1,-0.5,0.5,2.472,60.09445835286644
1,-0.5,0.5,2.4736000000000002,60.08780758777276
1,-0.5,0.5,2.4752,60.08115843420806
1,-0.5,0.5,2.4768000000000003,60.07451089012314
1,-0.5,0.5,2.4784,60.06786495347271
1,-0.5,0.5,2.48,60.06122062221525
1,-0.5,0.5,2.4816000000000003,60.05457789431317
1,-0.5,0.5,2.4832,60.04793676773266
1,-0.5,0.5,2.4848,60.04129724044375
1,-0.5,0.5,2.4864,60.0346593104203
1,-0.5,0.5,2.488,60.028022975639985
1,-0.5,0.5,2.4896000000000003,60.02138823408426
1,-0.5,0.5,2.4912,60.0147550837384
1,-0.5,0.5,2.4928,60.00812352259143
1,-0.5,0.5,2.4944,60.00149354863619
1,-0.5,0.5,2.496,59.994865159869256
1,-0.5,0.5,2.4976000000000003,59.98823835429097
1,-0.5,0.5,2.4992,59.981613129905426
1,-0.5,0.5,2.5008,59.97498948472045
1,-0.5,0.5,2.5024,59.96836741674763
1,-0.5,0.5,2.504,59.961746924002234
1,-0.5,0.5,2.5056000000000003,59.95512800450328
1,-0.5,0.5,2.5072,59.94851065627346
1,-0.5,0.5,2.5088,59.9418948773392
1,-0.5,0.5,2.5104,59.93528066573058
1,-0.5,0.5,2.512,59.92866801948137
1,-0.5,0.5,2.5136000000000003,59.92205693662904
1,-0.5,0.5,2.5152,59.915447415214686
1,-0.5,0.5,2.5168,59.90883945328307
1,-0.5,0.5,2.5184,59.90223304888262
1,-0.5,0.5,2.52,59.895628200065374
1,-0.5,0.5,2.5216000000000003,59.88902490488702
1,-0.5,0.5,2.5232,59.88242316140687
1,-0.5,0.5,2.5248,59.875822967687824
1,-0.5,0.5,2.5264,59.869224321796416
1,-0.5,0.5,2.528,59.862627221802754
1,-0.5,0.5,2.5296000000000003,59.85603166578055
1,-0.5,0.5,2.5312,59.849437651807094
1,-0.5,0.5,2.5328,59.84284517796323
1,-0.5,0.5,2.5344,59.836254242333396
1,-0.5,0.5,2.536,59.82966484300556
1,-0.5,0.5,2.5376000000000003,59.82307697807125
1,-0.5,0.5,2.5392,59.816490645625535
1,-0.5,0.5,2.5408,59.809905843767005
1,-0.5,0.5,2.5424,59.803322570597786
1,-0.5,0.5,2.544,59.796740824223505
1,-0.5,0.5,2.5456000000000003,59.79016060275332
1,-0.5,0.5,2.5472,59.78358190429985
1,-0.5,0.5,2.5488,59.77700472697925
1,-0.5,0.5,2.5504000000000002,59.770429068911106
1,-0.5,0.5,2.552,59.76385492821853
1,-0.5,0.5,2.5536000000000003,59.75728230302808
1,-0.5,0.5,2.5552,59.75071119146977
1,-0.5,0.5,2.5568,59.74414159167706
1,-0.5,0.5,2.5584000000000002,59.737573501786876
1,-0.5,0.5,2.56,59.73100691993956
1,-0.5,0.5,2.5616000000000003,59.72444184427887
1,-0.5,0.5,2.5632,59.71787827295203
1,-0.5,0.5,2.5648,59.71131620410964
1,-0.5,0.5,2.5664000000000002,59.70475563590571
1,-0.5,0.5,2.568,59.69819656649766
1,-0.5,0.5,2.5696000000000003,59.691638994046265
1,-0.5,0.5,2.5712,59.68508291671573
1,-0.5,0.5,2.5728,59.6785283326736
1,-0.5,0.5,2.5744000000000002,59.671975240090795
1,-0.5,0.5,2.576,59.665423637141586
1,-0.5,0.5,2.5776000000000003,59.65887352200362
1,-0.5,0.5,2.5792,59.65232489285786
1,-0.5,0.5,2.5808,59.64577774788863
1,-0.5,0.5,2.5824000000000003,59.639232085283545
1,-0.5,0.5,2.584,59.632687903233574
1,-0.5,0.5,2.5856000000000003,59.62614519993298
1,-0.5,0.5,2.5872,59.61960397357935
1,-0.5,0.5,2.5888,59.613064222373566
1,-0.5,0.5,2.5904000000000003,59.606525944519774
1,-0.5,0.5,2.592,59.59998913822543
1,-0.5,0.5,2.5936,59.59345380170126
1,-0.5,0.5,2.5952,59.58691993316126
1,-0.5,0.5,2.5968,59.580387530822684
1,-0.5,0.5,2.5984000000000003,59.57385659290603
1,-0.5,0.5,2.6,59.56732711763507
1,-0.5,0.5,2.6016,59.560799103236775
1,-0.5,0.5,2.6032,59.55427254794139
1,-0.5,0.5,2.6048,59.547747449982346
1,-0.5,0.5,2.6064000000000003,59.541223807596324
1,-0.5,0.5,2.608,59.534701619023195
1,-0.5,0.5,2.6096,59.52818088250605
1,-0.5,0.5,2.6112,59.52166159629115
1,-0.5,0.5,2.6128,59.515143758627964
1,-0.5,0.5,2.6144000000000003,59.50862736776912
1,-0.5,0.5,2.616,59.50211242197047
1,-0.5,0.5,2.6176,59.49559891949097
1,-0.5,0.5,2.6192,59.489086858592785
1,-0.5,0.5,2.6208,59.4825762375412
1,-0.5,0.5,2.6224000000000003,59.47606705460466
1,-0.5,0.5,2.624,59.469559308054755
1,-0.5,0.5,2.6256,59.463052996166184
1,-0.5,0.5,2.6272,59.456548117216805
1,-0.5,0.5,2.6288,59.45004466948757
1,-0.5,0.5,2.6304000000000003,59.44354265126254
1,-0.5,0.5,2.632,59.43704206082888
1,-0.5,0.5,2.6336,59.430542896476865
1,-0.5,0.5,2.6352,59.42404515649985
1,-0.5,0.5,2.6368,59.417548839194275
1,-0.5,0.5,2.6384000000000003,59.41105394285965
1,-0.5,0.5,2.64,59.404560465798575
1,-0.5,0.5,2.6416,59.39806840631669
1,-0.5,0.5,2.6432,59.39157776272269
1,-0.5,0.5,2.6448,59.38508853332833
1,-0.5,0.5,2.6464000000000003,59.3786007164484
1,-0.5,0.5,2.648,59.37211431040074
1,-0.5,0.5,2.6496,59.3656293135062
1,-0.5,0.5,2.6512000000000002,59.35914572408864
1,-0.5,0.5,2.6528,59.35266354047498
1,-0.5,0.5,2.6544000000000003,59.3461827609951
1,-0.5,0.5,2.656,59.33970338398192
1,-0.5,0.5,2.6576,59.33322540777133
1,-0.5,0.5,2.6592000000000002,59.32674883070221
1,-0.5,0.5,2.6608,59.32027365111643
1,-0.5,0.5,2.6624000000000003,59.31379986735883
1,-0.5,0.5,2.664,59.30732747777722
1,-0.5,0.5,2.6656,59.30085648072237
1,-0.5,0.5,2.6672000000000002,59.29438687454801
1,-0.5,0.5,2.6688,59.28791865761082
1,-0.5,0.5,2.6704000000000003,59.2814518282704
1,-0.5,0.5,2.672,59.27498638488932
1,-0.5,0.5,2.6736,59.26852232583304
1,-0.5,0.5,2.6752000000000002,59.26205964946998
1,-0.5,0.5,2.6768,59.25559835417147
1,-0.5,0.5,2.6784000000000003,59.249138438311704
1,-0.5,0.5,2.68,59.242679900267845
1,-0.5,0.5,2.6816,59.23622273841991
1,-0.5,0.5,2.6832000000000003,59.22976695115083
1,-0.5,0.5,2.6848,59.223312536846386
1,-0.5,0.5,2.6864000000000003,59.21685949389528
1,-0.5,0.5,2.688,59.210407820689056
1,-0.5,0.5,2.6896,59.203957515622136
1,-0.5,0.5,2.6912000000000003,59.19750857709178
1,-0.5,0.5,2.6928,59.191061003498135
1,-0.5,0.5,2.6944000000000004,59.184614793244165
1,-0.5,0.5,2.696,59.17816994473569
1,-0.5,0.5,2.6976,59.17172645638136
1,-0.5,0.5,2.6992000000000003,59.165284326592634
1,-0.5,0.5,2.7008,59.15884355378382
1,-0.5,0.5,2.7024,59.15240413637202
1,-0.5,0.5,2.704,59.145966072777156
1,-0.5,0.5,2.7056,59.13952936142195
1,-0.5,0.5,2.7072000000000003,59.13309400073193
1,-0.5,0.5,2.7088,59.12665998913539
1,-0.5,0.5,2.7104,59.12022732506343
1,-0.5,0.5,2.712,59.11379600694992
1,-0.5,0.5,2.7136,59.10736603323149
1,-0.5,0.5,2.7152000000000003,59.10093740234757
1,-0.5,0.5,2.7168,59.0945101127403
1,-0.5,0.5,2.7184,59.08808416285462
1,-0.5,0.5,2.72,59.0816595511382
1,-0.5,0.5,2.7216,59.075236276041444
1,-0.5,0.5,2.7232000000000003,59.068814336017496
1,-0.5,0.5,2.7248,59.06239372952224
1,-0.5,0.5,2.7264,59.05597445501426
1,-0.5,0.5,2.728,59.049556510954886
1,-0.5,0.5,2.7296,59.04313989580815
1,-0.5,0.5,2.7312000000000003,59.03672460804078
1,-0.5,0.5,2.7328,59.03031064612221
1,-0.5,0.5,2.7344,59.023898008524576
1,-0.5,0.5,2.736,59.017486693722695
1,-0.5,0.5,2.7376,59.01107670019405
1,-0.5,0.5,2.7392000000000003,59.004668026418834
1,-0.5,0.5,2.7408,58.998260670879894
1,-0.5,0.5,2.7424,58.99185463206275
1,-0.5,0.5,2.744,58.98544990845555
1,-0.5,0.5,2.7456,58.97904649854913
1,-0.5,0.5,2.7472000000000003,58.97264440083697
1,-0.5,0.5,2.7488,58.96624361381517
1,-0.5,0.5,2.7504,58.95984413598249
1,-0.5,0.5,2.7520000000000002,58.953445965840295
1,-0.5,0.5,2.7536,58.9470491018926
1,-0.5,0.5,2.7552000000000003,58.94065354264605
1,-0.5,0.5,2.7568,58.93425928660985
1,-0.5,0.5,2.7584,58.92786633229586
1,-0.5,0.5,2.7600000000000002,58.92147467821852
1,-0.5,0.5,2.7616,58.915084322894884
1,-0.5,0.5,2.7632000000000003,58.908695264844575
1,-0.5,0.5,2.7648,58.902307502589814
1,-0.5,0.5,2.7664,58.8959210346554
1,-0.5,0.5,2.7680000000000002,58.8895358595687
1,-0.5,0.5,2.7696,58.88315197585966
1,-0.5,0.5,2.7712000000000003,58.8767693820608
1,-0.5,0.5,2.7728,58.87038807670715
1,-0.5,0.5,2.7744,58.864008058336346
1,-0.5,0.5,2.7760000000000002,58.857629325488524
1,-0.5,0.5,2.7776,58.85125187670641
1,-0.5,0.5,2.7792000000000003,58.844875710535206
1,-0.5,0.5,2.7808,58.83850082552271
1,-0.5,0.5,2.7824,58.83212722021919
1,-0.5,0.5,2.7840000000000003,58.82575489317747
1,-0.5,0.5,2.7856,58.819383842952845
1,-0.5,0.5,2.7872000000000003,58.81301406810318
1,-0.5,0.5,2.7888,58.80664556718877
1,-0.5,0.5,2.7904,58.800278338772465
1,-0.5,0.5,2.7920000000000003,58.79391238141958
1,-0.5,0.5,2.7936,58.787547693697924
1,-0.5,0.5,2.7952000000000004,58.78118427417779
1,-0.5,0.5,2.7968,58.774822121431946
1,-0.5,0.5,2.7984,58.76846123403562
1,-0.5,0.5,2.8000000000000003,58.7621016105665
1,-0.5,0.5,2.8016,58.75574324960478
1,-0.5,0.5,2.8032,58.74938614973304
1,-0.5,0.5,2.8048,58.74303030953637
1,-0.5,0.5,2.8064,58.736675727602275
1,-0.5,0.5,2.8080000000000003,58.730322402520684
1,-0.5,0.5,2.8096,58.723970332884
1,-0.5,0.5,2.8112,58.717619517287034
1,-0.5,0.5,2.8128,58.711269954327015
1,-0.5,0.5,2.8144,58.70492164260359
1,-0.5,0.5,2.8160000000000003,58.69857458071883
1,-0.5,0.5,2.8176,58.6922287672772
1,-0.5,0.5,2.8192,58.68588420088559
1,-0.5,0.5,2.8208,58.67954088015326
1,-0.5,0.5,2.8224,58.67319880369189
1,-0.5,0.5,2.8240000000000003,58.66685797011552
1,-0.5,0.5,2.8256,58.66051837804059
1,-0.5,0.5,2.8272,58.65418002608592
1,-0.5,0.5,2.8288,58.64784291287269
1,-0.5,0.5,2.8304,58.64150703702444
1,-0.5,0.5,2.8320000000000003,58.635172397167096
1,-0.5,0.5,2.8336,58.628838991928944
1,-0.5,0.5,2.8352,58.62250681994058
1,-0.5,0.5,2.8368,58.61617587983499
1,-0.5,0.5,2.8384,58.60984617024748
1,-0.5,0.5,2.8400000000000003,58.60351768981571
1,-0.5,0.5,2.8416,58.597190437179655
1,-0.5,0.5,2.8432,58.590864410981624
1,-0.5,0.5,2.8448,58.58453960986625
1,-0.5,0.5,2.8464,58.578216032480476
1,-0.5,0.5,2.8480000000000003,58.57189367747357
1,-0.5,0.5,2.8496,58.5655725434971
1,-0.5,0.5,2.8512,58.55925262920493
1,-0.5,0.5,2.8528000000000002,58.552933933253236
1,-0.5,0.5,2.8544,58.54661645430047
1,-0.5,0.5,2.8560000000000003,58.540300191007404
1,-0.5,0.5,2.8576,58.533985142037054
1,-0.5,0.5,2.8592,58.52767130605472
1,-0.5,0.5,2.8608000000000002,58.521358681728
1,-0.5,0.5,2.8624,58.51504726772676
1,-0.5,0.5,2.8640000000000003,58.5087370627231
1,-0.5,0.5,2.8656,58.502428065391406
1,-0.5,0.5,2.8672,58.496120274408305
1,-0.5,0.5,2.8688000000000002,58.48981368845268
1,-0.5,0.5,2.8704,58.48350830620564
1,-0.5,0.5,2.8720000000000003,58.47720412635058
1,-0.5,0.5,2.8736,58.47090114757309
1,-0.5,0.5,2.8752,58.46459936856099
1,-0.5,0.5,2.8768000000000002,58.458298788004356
1,-0.5,0.5,2.8784,58.451999404595455
1,-0.5,0.5,2.8800000000000003,58.44570121702879
1,-0.5,0.5,2.8816,58.43940422400107
1,-0.5,0.5,2.8832,58.43310842421122
1,-0.5,0.5,2.8848000000000003,58.42681381636034
1,-0.5,0.5,2.8864,58.42052039915175
1,-0.5,0.5,2.8880000000000003,58.414228171290965
1,-0.5,0.5,2.8896,58.40793713148568
1,-0.5,0.5,2.8912,58.4016472784458
1,-0.5,0.5,2.8928000000000003,58.39535861088336
1,-0.5,0.5,2.8944,58.38907112751263
1,-0.5,0.5,2.8960000000000004,58.38278482704999
1,-0.5,0.5,2.8976,58.37649970821402
1,-0.5,0.5,2.8992,58.37021576972546
1,-0.5,0.5,2.9008000000000003,58.36393301030722
1,-0.5,0.5,2.9024,58.35765142868433
1,-0.5,0.5,2.9040000000000004,58.351371023583994
1,-0.5,0.5,2.9056,58.34509179373555
1,-0.5,0.5,2.9072,58.33881373787046
1,-0.5,0.5,2.9088000000000003,58.332536854722356
1,-0.5,0.5,2.9104,58.326261143026976
1,-0.5,0.5,2.912,58.31998660152218
1,-0.5,0.5,2.9136,58.313713228947954
1,-0.5,0.5,2.9152,58.30744102404641
1,-0.5,0.5,2.9168000000000003,58.301169985561785
1,-0.5,0.5,2.9184,58.29490011224038
1,-0.5,0.5,2.92,58.28863140283064
1,-0.5,0.5,2.9216,58.28236385608308
1,-0.5,0.5,2.9232,58.27609747075034
1,-0.5,0.5,2.9248000000000003,58.26983224558712
1,-0.5,0.5,2.9264,58.26356817935024
1,-0.5,0.5,2.928,58.257305270798575
1,-0.5,0.5,2.9296,58.25104351869309
1,-0.5,0.5,2.9312,58.24478292179681
1,-0.5,0.5,2.9328000000000003,58.23852347887484
1,-0.5,0.5,2.9344,58.23226518869436
1,-0.5,0.5,2.936,58.226008050024575
1,-0.5,0.5,2.9376,58.21975206163679
1,-0.5,0.5,2.9392,58.21349722230434
1,-0.5,0.5,2.9408000000000003,58.2072435308026
1,-0.5,0.5,2.9424,58.200990985909
1,-0.5,0.5,2.944,58.19473958640302
1,-0.5,0.5,2.9456,58.18848933106613
1,-0.5,0.5,2.9472,58.18224021868189
1,-0.5,0.5,2.9488000000000003,58.17599224803584
1,-0.5,0.5,2.9504,58.16974541791558
1,-0.5,0.5,2.952,58.1634997271107
1,-0.5,0.5,2.9536000000000002,58.1572551744128
1,-0.5,0.5,2.9552,58.15101175861553
1,-0.5,0.5,2.9568000000000003,58.144769478514505
1,-0.5,0.5,2.9584,58.13852833290735
1,-0.5,0.5,2.96,58.132288320593695
1,-0.5,0.5,2.9616000000000002,58.12604944037516
1,-0.5,0.5,2.9632,58.11981169105537
1,-0.5,0.5,2.9648000000000003,58.1135750714399
1,-0.5,0.5,2.9664,58.10733958033633
1,-0.5,0.5,2.968,58.10110521655423
1,-0.5,0.5,2.9696000000000002,58.0948719789051
1,-0.5,0.5,2.9712,58.08863986620246
1,-0.5,0.5,2.9728000000000003,58.08240887726175
1,-0.5,0.5,2.9744,58.076179010900404
1,-0.5,0.5,2.976,58.0699502659378
1,-0.5,0.5,2.9776000000000002,58.063722641195255
1,-0.5,0.5,2.9792,58.05749613549606
1,-0.5,0.5,2.9808000000000003,58.05127074766542
1,-0.5,0.5,2.9824,58.04504647653053
1,-0.5,0.5,2.984,58.03882332092047
1,-0.5,0.5,2.9856000000000003,58.03260127966629
1,-0.5,0.5,2.9872,58.02638035160093
1,-0.5,0.5,2.9888000000000003,58.020160535559285
1,-0.5,0.5,2.9904,58.01394183037817
1,-0.5,0.5,2.992,58.007724234896315
1,-0.5,0.5,2.9936000000000003,58.00150774795434
1,-0.5,0.5,2.9952,57.995292368394814
1,-0.5,0.5,2.9968000000000004,57.989078095062176
1,-0.5,0.5,2.9984,57.982864926802776
1,-0.5,0.5,3.0,57.97665286246488
1,-0.5,0.5,3.0016000000000003,57.97044190089863
1,-0.5,0.5,3.0032,57.964232040956055
1,-0.5,0.5,3.0048000000000004,57.95802328149108
1,-0.5,0.5,3.0064,57.95181562135951
1,-0.5,0.5,3.008,57.94560905941902
1,-0.5,0.5,3.0096000000000003,57.93940359452919
1,-0.5,0.5,3.0112,57.93319922555142
1,-0.5,0.5,3.0128,57.926995951349014
1,-0.5,0.5,3.0144,57.92079377078713
1,-0.5,0.5,3.016,57.914592682732774
1,-0.5,0.5,3.0176000000000003,57.90839268605484
1,-0.5,0.5,3.0192,57.902193779624035
1,-0.5,0.5,3.0208,57.89599596231294
1,-0.5,0.5,3.0224,57.889799232995955
1,-0.5,0.5,3.024,57.883603590549335
1,-0.5,0.5,3.0256000000000003,57.877409033851194
1,-0.5,0.5,3.0272,57.87121556178144
1,-0.5,0.5,3.0288,57.86502317322183
1,-0.5,0.5,3.0304,57.858831867055954
1,-0.5,0.5,3.032,57.85264164216921
1,-0.5,0.5,3.0336000000000003,57.84645249744881
1,-0.5,0.5,3.0352,57.840264431783794
1,-0.5,0.5,3.0368,57.83407744406502
1,-0.5,0.5,3.0384,57.82789153318511
1,-0.5,0.5,3.04,57.821706698038554
1,-0.5,0.5,3.0416000000000003,57.8155229375216
1,-0.5,0.5,3.0432,57.80934025053229
1,-0.5,0.5,3.0448,57.80315863597048
1,-0.5,0.5,3.0464,57.7969780927378
1,-0.5,0.5,3.048,57.790798619737686
1,-0.5,0.5,3.0496000000000003,57.784620215875314
1,-0.5,0.5,3.0512,57.77844288005767
1,-0.5,0.5,3.0528,57.772266611193515
1,-0.5,0.5,3.0544000000000002,57.76609140819337
1,-0.5,0.5,3.056,57.75991726996954
1,-0.5,0.5,3.0576000000000003,57.75374419543607
1,-0.5,0.5,3.0592,57.74757218350877
1,-0.5,0.5,3.0608,57.741401233105236
1,-0.5,0.5,3.0624000000000002,57.73523134314478
1,-0.5,0.5,3.064,57.729062512548495
1,-0.5,0.5,3.0656000000000003,57.72289474023919
1,-0.5,0.5,3.0672,57.716728025141435
1,-0.5,0.5,3.0688,57.710562366181534
1,-0.5,0.5,3.0704000000000002,57.704397762287535
1,-0.5,0.5,3.072,57.69823421238922
1,-0.5,0.5,3.0736000000000003,57.692071715418066
1,-0.5,0.5,3.0752,57.685910270307325
1,-0.5,0.5,3.0768,57.67974987599194
1,-0.5,0.5,3.0784000000000002,57.67359053140857
1,-0.5,0.5,3.08,57.66743223549562
1,-0.5,0.5,3.0816000000000003,57.661274987193174
1,-0.5,0.5,3.0832,57.655118785443044
1,-0.5,0.5,3.0848,57.64896362918872
1,-0.5,0.5,3.0864000000000003,57.642809517375426
1,-0.5,0.5,3.088,57.63665644895008
1,-0.5,0.5,3.0896000000000003,57.63050442286124
1,-0.5,0.5,3.0912,57.62435343805925
1,-0.5,0.5,3.0928,57.618203493496075
1,-0.5,0.5,3.0944000000000003,57.61205458812538
1,-0.5,0.5,3.096,57.60590672090252
1,-0.5,0.5,3.0976000000000004,57.5997598907845
1,-0.5,0.5,3.0992,57.59361409673003
1,-0.5,0.5,3.1008,57.58746933769949
1,-0.5,0.5,3.1024000000000003,57.58132561265491
1,-0.5,0.5,3.104,57.575182920559996
1,-0.5,0.5,3.1056000000000004,57.569041260380125
1,-0.5,0.5,3.1072,57.56290063108229
1,-0.5,0.5,3.1088,57.55676103163518
1,-0.5,0.5,3.1104000000000003,57.55062246100913
1,-0.5,0.5,3.112,57.54448491817611
1,-0.5,0.5,3.1136000000000004,57.53834840210974
1,-0.5,0.5,3.1152,57.53221291178529
1,-0.5,0.5,3.1168,57.526078446179646
1,-0.5,0.5,3.1184000000000003,57.51994500427136
1,-0.5,0.5,3.12,57.51381258504058
1,-0.5,0.5,3.1216,57.507681187469124
1,-0.5,0.5,3.1232,57.5015508105404
1,-0.5,0.5,3.1248,57.49542145323945
1,-0.5,0.5,3.1264000000000003,57.489293114552936
1,-0.5,0.5,3.128,57.483165793469134
1,-0.5,0.5,3.1296,57.477039488977944
1,-0.5,0.5,3.1312,57.47091420007086
1,-0.5,0.5,3.1328,57.46478992574098
1,-0.5,0.5,3.1344000000000003,57.45866666498302
1,-0.5,0.5,3.136,57.45254441679329
1,-0.5,0.5,3.1376,57.44642318016969
1,-0.5,0.5,3.1392,57.44030295411171
1,-0.5,0.5,3.1408,57.434183737620444
1,-0.5,0.5,3.1424000000000003,57.42806552969858
1,-0.5,0.5,3.144,57.421948329350364
1,-0.5,0.5,3.1456,57.41583213558164
1,-0.5,0.5,3.1472,57.40971694739982
1,-0.5,0.5,3.1488,57.403602763813915
1,-0.5,0.5,3.1504000000000003,57.39748958383448
1,-0.5,0.5,3.152,57.39137740647364
1,-0.5,0.5,3.1536,57.38526623074511
1,-0.5,0.5,3.1552000000000002,57.37915605566413
1,-0.5,0.5,3.1568,57.37304688024753
1,-0.5,0.5,3.1584000000000003,57.366938703513696
1,-0.5,0.5,3.16,57.36083152448255
1,-0.5,0.5,3.1616,57.35472534217557
1,-0.5,0.5,3.1632000000000002,57.348620155615784
1,-0.5,0.5,3.1648,57.34251596382778
1,-0.5,0.5,3.1664000000000003,57.336412765837636
1,-0.5,0.5,3.168,57.33031056067303
1,-0.5,0.5,3.1696,57.32420934736313
1,-0.5,0.5,3.1712000000000002,57.31810912493867
1,-0.5,0.5,3.1728,57.31200989243189
1,-0.5,0.5,3.1744000000000003,57.30591164887657
1,-0.5,0.5,3.176,57.29981439330798
1,-0.5,0.5,3.1776,57.29371812476296
1,-0.5,0.5,3.1792000000000002,57.28762284227984
1,-0.5,0.5,3.1808,57.28152854489846
1,-0.5,0.5,3.1824000000000003,57.27543523166017
1,-0.5,0.5,3.184,57.26934290160786
1,-0.5,0.5,3.1856,57.26325155378587
1,-0.5,0.5,3.1872000000000003,57.25716118724011
1,-0.5,0.5,3.1888,57.25107180101793
1,-0.5,0.5,3.1904000000000003,57.24498339416821
1,-0.5,0.5,3.192,57.23889596574131
1,-0.5,0.5,3.1936,57.232809514789075
1,-0.5,0.5,3.1952000000000003,57.226724040364864
1,-0.5,0.5,3.1968,57.2206395415235
1,-0.5,0.5,3.1984000000000004,57.214556017321286
1,-0.5,0.5,3.2,57.20847346681602
1,-0.5,0.5,3.2016,57.202391889066945
1,-0.5,0.5,3.2032000000000003,57.19631128313482
1,-0.5,0.5,3.2048,57.19023164808185
1,-0.5,0.5,3.2064000000000004,57.1841529829717
1,-0.5,0.5,3.208,57.178075286869536
1,-0.5,0.5,3.2096,57.171998558841935
1,-0.5,0.5,3.2112000000000003,57.16592279795697
1,-0.5,0.5,3.2128,57.15984800328417
1,-0.5,0.5,3.2144000000000004,57.15377417389448
1,-0.5,0.5,3.216,57.147701308860356
1,-0.5,0.5,3.2176,57.14162940725564
1,-0.5,0.5,3.2192000000000003,57.135558468155665
1,-0.5,0.5,3.2208,57.129488490637186
1,-0.5,0.5,3.2224000000000004,57.1234194737784
1,-0.5,0.5,3.224,57.117351416658934
1,-0.5,0.5,3.2256,57.11128431835987
1,-0.5,0.5,3.2272000000000003,57.105218177963714
1,-0.5,0.5,3.2288,57.09915299455437
1,-0.5,0.5,3.2304,57.0930887672172
1,-0.5,0.5,3.232,57.087025495039
1,-0.5,0.5,3.2336,57.08096317710794
1,-0.5,0.5,3.2352000000000003,57.07490181251365
1,-0.5,0.5,3.2368,57.06884140034716
1,-0.5,0.5,3.2384,57.06278193970091
1,-0.5,0.5,3.24,57.05672342966875
1,-0.5,0.5,3.2416,57.050665869345934
1,-0.5,0.5,3.2432000000000003,57.044609257829116
1,-0.5,0.5,3.2448,57.038553594216374
1,-0.5,0.5,3.2464,57.032498877607175
1,-0.5,0.5,3.248,57.026445107102354
1,-0.5,0.5,3.2496,57.02039228180418
1,-0.5,0.5,3.2512000000000003,57.01434040081627
1,-0.5,0.5,3.2528,57.00828946324366
1,-0.5,0.5,3.2544,57.00223946819278
1,-0.5,0.5,3.2560000000000002,56.99619041477142
1,-0.5,0.5,3.2576,56.99014230208875
1,-0.5,0.5,3.2592000000000003,56.984095129255316
1,-0.5,0.5,3.2608,56.978048895383054
1,-0.5,0.5,3.2624,56.97200359958525
1,-0.5,0.5,3.2640000000000002,56.965959240976595
1,-0.5,0.5,3.2656,56.9599158186731
1,-0.5,0.5,3.2672000000000003,56.95387333179219
1,-0.5,0.5,3.2688,56.947831779452606
1,-0.5,0.5,3.2704,56.94179116077448
1,-0.5,0.5,3.2720000000000002,56.935751474879275
1,-0.5,0.5,3.2736,56.929712720889825
1,-0.5,0.5,3.2752000000000003,56.92367489793032
1,-0.5,0.5,3.2768,56.91763800512628
1,-0.5,0.5,3.2784,56.91160204160457
1,-0.5,0.5,3.2800000000000002,56.90556700649342
1,-0.5,0.5,3.2816,56.899532898922395
1,-0.5,0.5,3.2832000000000003,56.893499718022376
1,-0.5,0.5,3.2848,56.88746746292561
1,-0.5,0.5,3.2864,56.88143613276566
1,-0.5,0.5,3.2880000000000003,56.87540572667741
1,-0.5,0.5,3.2896,56.869376243797106
1,-0.5,0.5,3.2912000000000003,56.86334768326229
1,-0.5,0.5,3.2928,56.85732004421183
1,-0.5,0.5,3.2944,56.85129332578592
1,-0.5,0.5,3.2960000000000003,56.84526752712607
1,-0.5,0.5,3.2976,56.83924264737512
1,-0.5,0.5,3.2992000000000004,56.8332186856772
1,-0.5,0.5,3.3008,56.82719564117777
1,-0.5,0.5,3.3024,56.821173513023574
1,-0.5,0.5,3.3040000000000003,56.81515230036269
1,-0.5,0.5,3.3056,56.809132002344484
1,-0.5,0.5,3.3072000000000004,56.80311261811962
1,-0.5,0.5,3.3088,56.79709414684007
1,-0.5,0.5,3.3104,56.79107658765909
1,-0.5,0.5,3.3120000000000003,56.785059939731234
1,-0.5,0.5,3.3136,56.779044202212354
1,-0.5,0.5,3.3152000000000004,56.77302937425958
1,-0.5,0.5,3.3168,56.76701545503135
1,-0.5,0.5,3.3184,56.76100244368734
1,-0.5,0.5,3.3200000000000003,56.75499033938855
1,-0.5,0.5,3.3216,56.74897914129725
1,-0.5,0.5,3.3232000000000004,56.742968848576986
1,-0.5,0.5,3.3248,56.73695946039254
1,-0.5,0.5,3.3264,56.73095097591003
1,-0.5,0.5,3.3280000000000003,56.72494339429679
1,-0.5,0.5,3.3296,56.71893671472146
1,-0.5,0.5,3.3312,56.71293093635391
1,-0.5,0.5,3.3328,56.70692605836528
1,-0.5,0.5,3.3344,56.700922079928
1,-0.5,0.5,3.3360000000000003,56.69491900021572
1,-0.5,0.5,3.3376,56.688916818403364
1,-0.5,0.5,3.3392,56.68291553366709
1,-0.5,0.5,3.3408,56.676915145184346
1,-0.5,0.5,3.3424,56.67091565213378
1,-0.5,0.5,3.3440000000000003,56.664917053695305
1,-0.5,0.5,3.3456,56.65891934905009
1,-0.5,0.5,3.3472,56.652922537380526
1,-0.5,0.5,3.3488,56.646926617870264
1,-0.5,0.5,3.3504,56.64093158970416
1,-0.5,0.5,3.3520000000000003,56.63493745206832
1,-0.5,0.5,3.3536,56.628944204150095
1,-0.5,0.5,3.3552,56.62295184513803
1,-0.5,0.5,3.3568000000000002,56.61696037422195
1,-0.5,0.5,3.3584,56.61096979059285
1,-0.5,0.5,3.3600000000000003,56.604980093442975
1,-0.5,0.5,3.3616,56.59899128196578
1,-0.5,0.5,3.3632,56.59300335535596
1,-0.5,0.5,3.3648000000000002,56.587016312809396
1,-0.5,0.5,3.3664,56.58103015352321
1,-0.5,0.5,3.3680000000000003,56.5750448766957
1,-0.5,0.5,3.3696,56.56906048152639
1,-0.5,0.5,3.3712,56.56307696721604
1,-0.5,0.5,3.3728000000000002,56.55709433296655
1,-0.5,0.5,3.3744,56.551112577981094
1,-0.5,0.5,3.3760000000000003,56.54513170146399
1,-0.5,0.5,3.3776,56.53915170262078
1,-0.5,0.5,3.3792,56.533172580658174
1,-0.5,0.5,3.3808000000000002,56.52719433478413
1,-0.5,0.5,3.3824,56.52121696420774
1,-0.5,0.5,3.3840000000000003,56.51524046813932
1,-0.5,0.5,3.3856,56.50926484579034
1,-0.5,0.5,3.3872,56.50329009637349
1,-0.5,0.5,3.3888000000000003,56.497316219102615
1,-0.5,0.5,3.3904,56.49134321319276
1,-0.5,0.5,3.3920000000000003,56.48537107786014
1,-0.5,0.5,3.3936,56.47939981232212
1,-0.5,0.5,3.3952,56.47342941579728
1,-0.5,0.5,3.3968000000000003,56.46745988750535
1,-0.5,0.5,3.3984,56.46149122666722
1,-0.5,0.5,3.4000000000000004,56.45552343250496
1,-0.5,0.5,3.4016,56.44955650424181
1,-0.5,0.5,3.4032,56.44359044110217
1,-0.5,0.5,3.4048000000000003,56.43762524231157
1,-0.5,0.5,3.4064,56.43166090709674
1,-0.5,0.5,3.4080000000000004,56.42569743468554
1,-0.5,0.5,3.4096,56.419734824307
1,-0.5,0.5,3.4112,56.41377307519127
1,-0.5,0.5,3.4128000000000003,56.40781218656969
1,-0.5,0.5,3.4144,56.40185215767474
1,-0.5,0.5,3.4160000000000004,56.39589298774001
1,-0.5,0.5,3.4176,56.38993467600029
1,-0.5,0.5,3.4192,56.383977221691445
1,-0.5,0.5,3.4208000000000003,56.378020624050535
1,-0.5,0.5,3.4224,56.372064882315726
1,-0.5,0.5,3.4240000000000004,56.366109995726326
1,-0.5,0.5,3.4256,56.36015596352277
1,-0.5,0.5,3.4272,56.354202784946665
1,-0.5,0.5,3.4288000000000003,56.348250459240674
1,-0.5,0.5,3.4304,56.34229898564863
1,-0.5,0.5,3.4320000000000004,56.336348363415496
1,-0.5,0.5,3.4336,56.33039859178735
1,-0.5,0.5,3.4352,56.324449670011376
1,-0.5,0.5,3.4368000000000003,56.318501597335874
1,-0.5,0.5,3.4384,56.31255437301029
1,-0.5,0.5,3.44,56.30660799628517
1,-0.5,0.5,3.4416,56.30066246641216
1,-0.5,0.5,3.4432,56.294717782644014
1,-0.5,0.5,3.4448000000000003,56.28877394423462
1,-0.5,0.5,3.4464,56.28283095043895
1,-0.5,0.5,3.448,56.27688880051308
1,-0.5,0.5,3.4496,56.27094749371418
1,-0.5,0.5,3.4512,56.26500702930056
1,-0.5,0.5,3.4528000000000003,56.25906740653159
1,-0.5,0.5,3.4544,56.25312862466775
1,-0.5,0.5,3.456,56.247190682970604
1,-0.5,0.5,3.4576000000000002,56.24125358070281
1,-0.5,0.5,3.4592,56.235317317128136
1,-0.5,0.5,3.4608000000000003,56.2293818915114
1,-0.5,0.5,3.4624,56.22344730311854
1,-0.5,0.5,3.464,56.21751355121656
1,-0.5,0.5,3.4656000000000002,56.21158063507355
1,-0.5,0.5,3.4672,56.205648553958696
1,-0.5,0.5,3.4688000000000003,56.199717307142215
1,-0.5,0.5,3.4704,56.19378689389546
1,-0.5,0.5,3.472,56.18785731349081
1,-0.5,0.5,3.4736000000000002,56.181928565201744
1,-0.5,0.5,3.4752,56.1760006483028
1,-0.5,0.5,3.4768000000000003,56.17007356206958
1,-0.5,0.5,3.4784,56.164147305778776
1,-0.5,0.5,3.48,56.15822187870812
1,-0.5,0.5,3.4816000000000003,56.152297280136395
1,-0.5,0.5,3.4832,56.14637350934348
1,-0.5,0.5,3.4848000000000003,56.14045056561029
1,-0.5,0.5,3.4864,56.1345284482188
1,-0.5,0.5,3.488,56.12860715645204
1,-0.5,0.5,3.4896000000000003,56.12268668959409
1,-0.5,0.5,3.4912,56.116767046930086
1,-0.5,0.5,3.4928000000000003,56.11084822774621
1,-0.5,0.5,3.4944,56.104930231329696
1,-0.5,0.5,3.496,56.09901305696881
1,-0.5,0.5,3.4976000000000003,56.09309670395287
1,-0.5,0.5,3.4992,56.08718117157224
1,-0.5,0.5,3.5008000000000004,56.08126645911832
1,-0.5,0.5,3.5024,56.07535256588353
1,-0.5,0.5,3.504,56.069439491161354
1,-0.5,0.5,3.5056000000000003,56.063527234246294
1,-0.5,0.5,3.5072,56.05761579443389
1,-0.5,0.5,3.5088000000000004,56.05170517102071
1,-0.5,0.5,3.5104,56.045795363304336
1,-0.5,0.5,3.512,56.039886370583396
1,-0.5,0.5,3.5136000000000003,56.03397819215754
1,-0.5,0.5,3.5152,56.028070827327426
1,-0.5,0.5,3.5168000000000004,56.02216427539475
1,-0.5,0.5,3.5184,56.01625853566222
1,-0.5,0.5,3.52,56.01035360743355
1,-0.5,0.5,3.5216000000000003,56.00444949001349
1,-0.5,0.5,3.5232,55.998546182707784
1,-0.5,0.5,3.5248000000000004,55.99264368482321
1,-0.5,0.5,3.5264,55.98674199566753
1,-0.5,0.5,3.528,55.98084111454953
1,-0.5,0.5,3.5296000000000003,55.974941040778994
1,-0.5,0.5,3.5312,55.96904177366671
1,-0.5,0.5,3.5328000000000004,55.96314331252449
1,-0.5,0.5,3.5344,55.957245656665116
1,-0.5,0.5,3.536,55.95134880540238
1,-0.5,0.5,3.5376000000000003,55.94545275805108
1,-0.5,0.5,3.5392,55.939557513927014
1,-0.5,0.5,3.5408000000000004,55.93366307234694
1,-0.5,0.5,3.5424,55.92776943262864
1,-0.5,0.5,3.544,55.92187659409087
1,-0.5,0.5,3.5456000000000003,55.91598455605338
1,-0.5,0.5,3.5472,55.91009331783692
1,-0.5,0.5,3.5488,55.904202878763186
1,-0.5,0.5,3.5504000000000002,55.898313238154905
1,-0.5,0.5,3.552,55.892424395335745
1,-0.5,0.5,3.5536000000000003,55.88653634963039
1,-0.5,0.5,3.5552,55.88064910036446
1,-0.5,0.5,3.5568,55.87476264686458
1,-0.5,0.5,3.5584000000000002,55.86887698845835
1,-0.5,0.5,3.56,55.86299212447431
1,-0.5,0.5,3.5616000000000003,55.85710805424201
1,-0.5,0.5,3.5632,55.851224777091964
1,-0.5,0.5,3.5648,55.845342292355625
1,-0.5,0.5,3.5664000000000002,55.83946059936544
1,-0.5,0.5,3.568,55.8335796974548
1,-0.5,0.5,3.5696000000000003,55.827699585958065
1,-0.5,0.5,3.5712,55.82182026421056
1,-0.5,0.5,3.5728,55.81594173154857
1,-0.5,0.5,3.5744000000000002,55.81006398730933
1,-0.5,0.5,3.576,55.804187030831024
1,-0.5,0.5,3.5776000000000003,55.798310861452805
1,-0.5,0.5,3.5792,55.79243547851477
1,-0.5,0.5,3.5808,55.78656088135796
1,-0.5,0.5,3.5824000000000003,55.78068706932438
1,-0.5,0.5,3.584,55.77481404175697
1,-0.5,0.5,3.5856000000000003,55.7689417979996
1,-0.5,0.5,3.5872,55.76307033739713
1,-0.5,0.5,3.5888,55.75719965929531
1,-0.5,0.5,3.5904000000000003,55.75132976304085
1,-0.5,0.5,3.592,55.74546064798141
1,-0.5,0.5,3.5936000000000003,55.739592313465586
1,-0.5,0.5,3.5952,55.73372475884288
1,-0.5,0.5,3.5968,55.72785798346376
1,-0.5,0.5,3.5984000000000003,55.721991986679605
1,-0.5,0.5,3.6,55.71612676784273
1,-0.5,0.5,3.6016000000000004,55.71026232630639
1,-0.5,0.5,3.6032,55.704398661424754
1,-0.5,0.5,3.6048,55.698535772552916
1,-0.5,0.5,3.6064000000000003,55.69267365904689
1,-0.5,0.5,3.608,55.68681232026363
1,-0.5,0.5,3.6096000000000004,55.680951755560976
1,-0.5,0.5,3.6112,55.67509196429774
1,-0.5,0.5,3.6128,55.669232945833606
1,-0.5,0.5,3.6144000000000003,55.66337469952918
1,-0.5,0.5,3.616,55.65751722474599
1,-0.5,0.5,3.6176000000000004,55.65166052084648
1,-0.5,0.5,3.6192,55.64580458719399
1,-0.5,0.5,3.6208,55.63994942315279
1,-0.5,0.5,3.6224000000000003,55.63409502808804
1,-0.5,0.5,3.624,55.62824140136582
1,-0.5,0.5,3.6256000000000004,55.62238854235308
1,-0.5,0.5,3.6272,55.616536450417705
1,-0.5,0.5,3.6288,55.61068512492848
1,-0.5,0.5,3.6304000000000003,55.60483456525508
1,-0.5,0.5,3.632,55.59898477076809
1,-0.5,0.5,3.6336000000000004,55.59313574083897
1,-0.5,0.5,3.6352,55.58728747484009
1,-0.5,0.5,3.6368,55.5814399721447
1,-0.5,0.5,3.6384000000000003,55.57559323212695
1,-0.5,0.5,3.64,55.569747254161875
1,-0.5,0.5,3.6416000000000004,55.563902037625425
1,-0.5,0.5,3.6432,55.5580575818944
1,-0.5,0.5,3.6448,55.5522138863465
1,-0.5,0.5,3.6464000000000003,55.546370950360306
1,-0.5,0.5,3.648,55.54052877331529
1,-0.5,0.5,3.6496,55.53468735459179
1,-0.5,0.5,3.6512000000000002,55.52884669357103
1,-0.5,0.5,3.6528,55.52300678963512
1,-0.5,0.5,3.6544000000000003,55.51716764216703
1,-0.5,0.5,3.656,55.51132925055062
1,-0.5,0.5,3.6576,55.505491614170616
1,-0.5,0.5,3.6592000000000002,55.49965473241261
1,-0.5,0.5,3.6608,55.493818604663055
1,-0.5,0.5,3.6624000000000003,55.48798323030931
1,-0.5,0.5,3.664,55.48214860873956
1,-0.5,0.5,3.6656,55.476314739342875
1,-0.5,0.5,3.6672000000000002,55.47048162150917
1,-0.5,0.5,3.6688,55.464649254629265
1,-0.5,0.5,3.6704000000000003,55.45881763809479
1,-0.5,0.5,3.672,55.45298677129828
1,-0.5,0.5,3.6736,55.44715665363309
1,-0.5,0.5,3.6752000000000002,55.44132728449343
1,-0.5,0.5,3.6768,55.43549866327441
1,-0.5,0.5,3.6784000000000003,55.42967078937195
1,-0.5,0.5,3.68,55.423843662182826
1,-0.5,0.5,3.6816,55.418017281104696
1,-0.5,0.5,3.6832000000000003,55.41219164553602
1,-0.5,0.5,3.6848,55.40636675487614
1,-0.5,0.5,3.6864000000000003,55.400542608525235
1,-0.5,0.5,3.688,55.39471920588432
1,-0.5,0.5,3.6896,55.38889654635528
1,-0.5,0.5,3.6912000000000003,55.38307462934079
1,-0.5,0.5,3.6928,55.37725345424441
1,-0.5,0.5,3.6944000000000004,55.37143302047054
1,-0.5,0.5,3.696,55.365613327424384
1,-0.5,0.5,3.6976,55.359794374512
1,-0.5,0.5,3.6992000000000003,55.353976161140274
1,-0.5,0.5,3.7008,55.34815868671694
1,-0.5,0.5,3.7024000000000004,55.34234195065055
1,-0.5,0.5,3.704,55.336525952350485
1,-0.5,0.5,3.7056,55.33071069122697
1,-0.5,0.5,3.7072000000000003,55.324896166691026
1,-0.5,0.5,3.7088,55.31908237815453
1,-0.5,0.5,3.7104000000000004,55.31326932503017
1,-0.5,0.5,3.712,55.307457006731454
1,-0.5,0.5,3.7136,55.30164542267271
1,-0.5,0.5,3.7152000000000003,55.29583457226911
1,-0.5,0.5,3.7168,55.29002445493661
1,-0.5,0.5,3.7184000000000004,55.284215070091996
1,-0.5,0.5,3.72,55.27840641715288
1,-0.5,0.5,3.7216,55.272598495537665
1,-0.5,0.5,3.7232000000000003,55.2667913046656
1,-0.5,0.5,3.7248,55.260984843956734
1,-0.5,0.5,3.7264000000000004,55.2551791128319
1,-0.5,0.5,3.728,55.24937411071275
1,-0.5,0.5,3.7296,55.243569837021774
1,-0.5,0.5,3.7312000000000003,55.23776629118223
1,-0.5,0.5,3.7328,55.23196347261821
1,-0.5,0.5,3.7344000000000004,55.22616138075458
1,-0.5,0.5,3.736,55.22036001501703
1,-0.5,0.5,3.7376,55.21455937483204
1,-0.5,0.5,3.7392000000000003,55.2087594596269
1,-0.5,0.5,3.7408,55.20296026882967
1,-0.5,0.5,3.7424000000000004,55.19716180186923
1,-0.5,0.5,3.744,55.19136405817525
1,-0.5,0.5,3.7456,55.1855670371782
1,-0.5,0.5,3.7472000000000003,55.17977073830934
1,-0.5,0.5,3.7488,55.17397516100069
1,-0.5,0.5,3.7504000000000004,55.16818030468511
1,-0.5,0.5,3.7520000000000002,55.1623861687962
1,-0.5,0.5,3.7536,55.15659275276839
1,-0.5,0.5,3.7552000000000003,55.150800056036864
1,-0.5,0.5,3.7568,55.145008078037606
1,-0.5,0.5,3.7584,55.13921681820736
1,-0.5,0.5,3.7600000000000002,55.13342627598368
1,-0.5,0.5,3.7616,55.127636450804886
1,-0.5,0.5,3.7632000000000003,55.12184734211008
1,-0.5,0.5,3.7648,55.116058949339134
1,-0.5,0.5,3.7664,55.11027127193271
1,-0.5,0.5,3.7680000000000002,55.104484309332236
1,-0.5,0.5,3.7696,55.09869806097989
1,-0.5,0.5,3.7712000000000003,55.09291252631866
1,-0.5,0.5,3.7728,55.0871277047923
1,-0.5,0.5,3.7744,55.08134359584531
1,-0.5,0.5,3.7760000000000002,55.07556019892297
1,-0.5,0.5,3.7776,55.06977751347132
1,-0.5,0.5,3.7792000000000003,55.0639955389372
1,-0.5,0.5,3.7808,55.05821427476815
1,-0.5,0.5,3.7824,55.05243372041253
1,-0.5,0.5,3.7840000000000003,55.04665387531944
1,-0.5,0.5,3.7856,55.04087473893873
1,-0.5,0.5,3.7872000000000003,55.03509631072103
1,-0.5,0.5,3.7888,55.02931859011772
1,-0.5,0.5,3.7904,55.02354157658091
1,-0.5,0.5,3.7920000000000003,55.01776526956351
1,-0.5,0.5,3.7936,55.01198966851915
1,-0.5,0.5,3.7952000000000004,55.006214772902226
1,-0.5,0.5,3.7968,55.00044058216788
1,-0.5,0.5,3.7984,54.99466709577202
1,-0.5,0.5,3.8000000000000003,54.98889431317128
1,-0.5,0.5,3.8016,54.983122233823046
1,-0.5,0.5,3.8032000000000004,54.97735085718545
1,-0.5,0.5,3.8048,54.97158018271739
1,-0.5,0.5,3.8064,54.965810209878484
1,-0.5,0.5,3.8080000000000003,54.96004093812909
1,-0.5,0.5,3.8096,54.954272366930326
1,-0.5,0.5,3.8112000000000004,54.94850449574403
1,-0.5,0.5,3.8128,54.942737324032805
1,-0.5,0.5,3.8144,54.93697085125995
1,-0.5,0.5,3.8160000000000003,54.93120507688954
1,-0.5,0.5,3.8176,54.92544000038637
1,-0.5,0.5,3.8192000000000004,54.91967562121595
1,-0.5,0.5,3.8208,54.91391193884456
1,-0.5,0.5,3.8224,54.908148952739175
1,-0.5,0.5,3.8240000000000003,54.90238666236752
1,-0.5,0.5,3.8256,54.896625067198045
1,-0.5,0.5,3.8272000000000004,54.89086416669993
1,-0.5,0.5,3.8288,54.88510396034306
1,-0.5,0.5,3.8304,54.87934444759808
1,-0.5,0.5,3.8320000000000003,54.87358562793633
1,-0.5,0.5,3.8336,54.86782750082988
1,-0.5,0.5,3.8352000000000004,54.86207006575154
1,-0.5,0.5,3.8368,54.856313322174806
1,-0.5,0.5,3.8384,54.85055726957392
1,-0.5,0.5,3.8400000000000003,54.84480190742382
1,-0.5,0.5,3.8416,54.839047235200184
1,-0.5,0.5,3.8432000000000004,54.833293252379384
1,-0.5,0.5,3.8448,54.82753995843852
1,-0.5,0.5,3.8464,54.821787352855395
1,-0.5,0.5,3.8480000000000003,54.81603543510853
1,-0.5,0.5,3.8496,54.81028420467717
1,-0.5,0.5,3.8512000000000004,54.80453366104123
1,-0.5,0.5,3.8528000000000002,54.79878380368138
1,-0.5,0.5,3.8544,54.793034632078935
1,-0.5,0.5,3.8560000000000003,54.787286145715996
1,-0.5,0.5,3.8576,54.7815383440753
1,-0.5,0.5,3.8592,54.77579122664032
1,-0.5,0.5,3.8608000000000002,54.77004479289522
1,-0.5,0.5,3.8624,54.76429904232488
1,-0.5,0.5,3.8640000000000003,54.75855397441486
1,-0.5,0.5,3.8656,54.752809588651424
1,-0.5,0.5,3.8672,54.74706588452154
1,-0.5,0.5,3.8688000000000002,54.74132286151288
1,-0.5,0.5,3.8704,54.73558051911377
1,-0.5,0.5,3.8720000000000003,54.72983885681328
1,-0.5,0.5,3.8736,54.724097874101155
1,-0.5,0.5,3.8752,54.71835757046781
1,-0.5,0.5,3.8768000000000002,54.71261794540438
1,-0.5,0.5,3.8784,54.70687899840268
1,-0.5,0.5,3.8800000000000003,54.70114072895521
1,-0.5,0.5,3.8816,54.69540313655514
1,-0.5,0.5,3.8832,54.68966622069636
1,-0.5,0.5,3.8848000000000003,54.68392998087343
1,-0.5,0.5,3.8864,54.67819441658158
1,-0.5,0.5,3.8880000000000003,54.67245952731674
1,-0.5,0.5,3.8896,54.66672531257551
1,-0.5,0.5,3.8912,54.66099177185517
1,-0.5,0.5,3.8928000000000003,54.6552589046537
1,-0.5,0.5,3.8944,54.649526710469715
1,-0.5,0.5,3.8960000000000004,54.64379518880254
1,-0.5,0.5,3.8976,54.63806433915219
1,-0.5,0.5,3.8992,54.632334161019315
1,-0.5,0.5,3.9008000000000003,54.626604653905254
1,-0.5,0.5,3.9024,54.620875817312026
1,-0.5,0.5,3.9040000000000004,54.6151476507423
1,-0.5,0.5,3.9056,54.609420153699446
1,-0.5,0.5,3.9072,54.60369332568748
1,-0.5,0.5,3.9088000000000003,54.597967166211085
1,-0.5,0.5,3.9104,54.59224167477562
1,-0.5,0.5,3.9120000000000004,54.586516850887115
1,-0.5,0.5,3.9136,54.58079269405225
1,-0.5,0.5,3.9152,54.57506920377838
1,-0.5,0.5,3.9168000000000003,54.569346379573496
1,-0.5,0.5,3.9184,54.56362422094629
1,-0.5,0.5,3.9200000000000004,54.55790272740608
1,-0.5,0.5,3.9216,54.55218189846288
1,-0.5,0.5,3.9232,54.54646173362731
1,-0.5,0.5,3.9248000000000003,54.54074223241069
1,-0.5,0.5,3.9264,54.53502339432499
1,-0.5,0.5,3.9280000000000004,54.529305218882804
1,-0.5,0.5,3.9296,54.52358770559741
1,-0.5,0.5,3.9312,54.517870853982735
1,-0.5,0.5,3.9328000000000003,54.51215466355334
1,-0.5,0.5,3.9344,54.50643913382446
1,-0.5,0.5,3.9360000000000004,54.50072426431195
1,-0.5,0.5,3.9376,54.495010054532344
1,-0.5,0.5,3.9392,54.4892965040028
1,-0.5,0.5,3.9408000000000003,54.48358361224113
1,-0.5,0.5,3.9424,54.47787137876579
1,-0.5,0.5,3.9440000000000004,54.472159803095884
1,-0.5,0.5,3.9456,54.46644888475116
1,-0.5,0.5,3.9472,54.460738623251984
1,-0.5,0.5,3.9488000000000003,54.455029018119404
1,-0.5,0.5,3.9504,54.44932006887507
1,-0.5,0.5,3.9520000000000004,54.44361177504129
1,-0.5,0.5,3.9536000000000002,54.43790413614101
1,-0.5,0.5,3.9552,54.432197151697785
1,-0.5,0.5,3.9568000000000003,54.426490821235845
1,-0.5,0.5,3.9584,54.42078514428003
1,-0.5,0.5,3.9600000000000004,54.415080120355846
1,-0.5,0.5,3.9616000000000002,54.40937574898936
1,-0.5,0.5,3.9632,54.403672029707344
1,-0.5,0.5,3.9648000000000003,54.39796896203716
1,-0.5,0.5,3.9664,54.392266545506814
1,-0.5,0.5,3.968,54.38656477964493
1,-0.5,0.5,3.9696000000000002,54.38086366398077
1,-0.5,0.5,3.9712,54.37516319804421
1,-0.5,0.5,3.9728000000000003,54.36946338136577
1,-0.5,0.5,3.9744,54.36376421347657
1,-0.5,0.5,3.976,54.358065693908365
1,-0.5,0.5,3.9776000000000002,54.35236782219353
1,-0.5,0.5,3.9792,54.34667059786507
1,-0.5,0.5,3.9808000000000003,54.3409740204566
1,-0.5,0.5,3.9824,54.335278089502346
1,-0.5,0.5,3.984,54.32958280453717
1,-0.5,0.5,3.9856000000000003,54.323888165096534
1,-0.5,0.5,3.9872,54.31819417071653
1,-0.5,0.5,3.9888000000000003,54.312500820933856
1,-0.5,0.5,3.9904,54.306808115285826
1,-0.5,0.5,3.992,54.30111605331037
1,-0.5,0.5,3.9936000000000003,54.29542463454602
1,-0.5,0.5,3.9952,54.28973385853193
1,-0.5,0.5,3.9968000000000004,54.284043724807866
1,-0.5,0.5,3.9984,54.27835423291418
1,-0.5,0.5,4.0,54.27266538239185
1,-0.5,0.5,4.0016,54.26697717278246
1,-0.5,0.5,4.0032000000000005,54.2612896036282
1,-0.5,0.5,4.0048,54.25560267447187
1,-0.5,0.5,4.0064,54.24991638485685
1,-0.5,0.5,4.008,54.24423073432715
1,-0.5,0.5,4.0096,54.23854572242737
1,-0.5,0.5,4.0112000000000005,54.232861348702706
1,-0.5,0.5,4.0128,54.227177612698966
1,-0.5,0.5,4.0144,54.221494513962554
1,-0.5,0.5,4.016,54.21581205204046
1,-0.5,0.5,4.0176,54.210130226480274
1,-0.5,0.5,4.0192000000000005,54.2044490368302
1,-0.5,0.5,4.0208,54.19876848263901
1,-0.5,0.5,4.0224,54.1930885634561
1,-0.5,0.5,4.024,54.18740927883143
1,-0.5,0.5,4.0256,54.18173062831557
1,-0.5,0.5,4.027200000000001,54.17605261145967
1,-0.5,0.5,4.0288,54.17037522781548
1,-0.5,0.5,4.0304,54.164698476935335
1,-0.5,0.5,4.032,54.15902235837217
1,-0.5,0.5,4.0336,54.15334687167949
1,-0.5,0.5,4.035200000000001,54.147672016411384
1,-0.5,0.5,4.0368,54.141997792122545
1,-0.5,0.5,4.0384,54.13632419836823
1,-0.5,0.5,4.04,54.13065123470429
1,-0.5,0.5,4.0416,54.12497890068717
1,-0.5,0.5,4.043200000000001,54.119307195873866
1,-0.5,0.5,4.0448,54.113636119822
1,-0.5,0.5,4.0464,54.10796567208972
1,-0.5,0.5,4.048,54.1022958522358
1,-0.5,0.5,4.0496,54.09662665981955
1,-0.5,0.5,4.051200000000001,54.090958094400904
1,-0.5,0.5,4.0528,54.08529015554033
1,-0.5,0.5,4.0544,54.079622842798884
1,-0.5,0.5,4.056,54.073956155738216
1,-0.5,0.5,4.0576,54.06829009392052
1,-0.5,0.5,4.059200000000001,54.06262465690858
1,-0.5,0.5,4.0608,54.05695984426574
1,-0.5,0.5,4.0624,54.05129565555593
1,-0.5,0.5,4.064,54.04563209034363
1,-0.5,0.5,4.0656,54.039969148193904
1,-0.5,0.5,4.067200000000001,54.034306828672385
1,-0.5,0.5,4.0688,54.02864513134525
1,-0.5,0.5,4.0704,54.022984055779276
1,-0.5,0.5,4.072,54.01732360154177
1,-0.5,0.5,4.0736,54.01166376820062
1,-0.5,0.5,4.075200000000001,54.00600455532429
1,-0.5,0.5,4.0768,54.00034596248179
1,-0.5,0.5,4.0784,53.99468798924268
1,-0.5,0.5,4.08,53.98903063517711
1,-0.5,0.5,4.0816,53.98337389985577
1,-0.5,0.5,4.083200000000001,53.977717782849915
1,-0.5,0.5,4.0848,53.972062283731354
1,-0.5,0.5,4.0864,53.96640740207244
1,-0.5,0.5,4.088,53.96075313744612
1,-0.5,0.5,4.0896,53.955099489425855
1,-0.5,0.5,4.091200000000001,53.94944645758567
1,-0.5,0.5,4.0928,53.94379404150017
1,-0.5,0.5,4.0944,53.93814224074448
1,-0.5,0.5,4.096,53.9324910548943
1,-0.5,0.5,4.0976,53.92684048352586
1,-0.5,0.5,4.099200000000001,53.921190526215945
1,-0.5,0.5,4.1008000000000004,53.9155411825419
1,-0.5,0.5,4.1024,53.909892452081614
1,-0.5,0.5,4.104,53.904244334413505
1,-0.5,0.5,4.1056,53.89859682911656
1,-0.5,0.5,4.107200000000001,53.89294993577031
1,-0.5,0.5,4.1088000000000005,53.88730365395482
1,-0.5,0.5,4.1104,53.88165798325069
1,-0.5,0.5,4.112,53.87601292323909
1,-0.5,0.5,4.1136,53.87036847350169
1,-0.5,0.5,4.115200000000001,53.86472463362077
1,-0.5,0.5,4.1168000000000005,53.85908140317907
1,-0.5,0.5,4.1184,53.85343878175993
1,-0.5,0.5,4.12,53.847796768947184
1,-0.5,0.5,4.1216,53.842155364325244
1,-0.5,0.5,4.1232,53.83651456747902
1,-0.5,0.5,4.1248000000000005,53.83087437799399
1,-0.5,0.5,4.1264,53.82523479545616
1,-0.5,0.5,4.128,53.81959581945204
1,-0.5,0.5,4.1296,53.81395744956872
1,-0.5,0.5,4.1312,53.808319685393776
1,-0.5,0.5,4.1328000000000005,53.80268252651536
1,-0.5,0.5,4.1344,53.797045972522135
1,-0.5,0.5,4.136,53.79141002300327
1,-0.5,0.5,4.1376,53.7857746775485
1,-0.5,0.5,4.1392,53.78013993574807
1,-0.5,0.5,4.1408000000000005,53.77450579719274
1,-0.5,0.5,4.1424,53.76887226147384
1,-0.5,0.5,4.144,53.763239328183175
1,-0.5,0.5,4.1456,53.757606996913104
1,-0.5,0.5,4.1472,53.75197526725651
1,-0.5,0.5,4.1488000000000005,53.74634413880678
1,-0.5,0.5,4.1504,53.740713611157844
1,-0.5,0.5,4.152,53.735083683904136
1,-0.5,0.5,4.1536,53.72945435664063
1,-0.5,0.5,4.1552,53.72382562896279
1,-0.5,0.5,4.1568000000000005,53.718197500466644
1,-0.5,0.5,4.1584,53.71256997074869
1,-0.5,0.5,4.16,53.706943039405985
1,-0.5,0.5,4.1616,53.70131670603607
1,-0.5,0.5,4.1632,53.69569097023701
1,-0.5,0.5,4.1648000000000005,53.6900658316074
1,-0.5,0.5,4.1664,53.68444128974634
1,-0.5,0.5,4.168,53.678817344253424
1,-0.5,0.5,4.1696,53.6731939947288
1,-0.5,0.5,4.1712,53.66757124077307
1,-0.5,0.5,4.1728000000000005,53.661949081987416
1,-0.5,0.5,4.1744,53.65632751797348
1,-0.5,0.5,4.176,53.65070654833342
1,-0.5,0.5,4.1776,53.64508617266991
1,-0.5,0.5,4.1792,53.63946639058615
1,-0.5,0.5,4.1808000000000005,53.63384720168582
1,-0.5,0.5,4.1824,53.628228605573106
1,-0.5,0.5,4.184,53.622610601852706
1,-0.5,0.5,4.1856,53.616993190129826
1,-0.5,0.5,4.1872,53.61137637001017
1,-0.5,0.5,4.1888000000000005,53.60576014109995
1,-0.5,0.5,4.1904,53.60014450300589
1,-0.5,0.5,4.192,53.59452945533519
1,-0.5,0.5,4.1936,53.588914997695575
1,-0.5,0.5,4.1952,53.58330112969524
1,-0.5,0.5,4.1968000000000005,53.577687850942915
1,-0.5,0.5,4.1984,53.572075161047785
1,-0.5,0.5,4.2,53.566463059619586
1,-0.5,0.5,4.2016,53.5608515462685
1,-0.5,0.5,4.2032,53.55524062060523
1,-0.5,0.5,4.2048000000000005,53.54963028224098
1,-0.5,0.5,4.2064,53.54402053078743
1,-0.5,0.5,4.208,53.53841136585677
1,-0.5,0.5,4.2096,53.53280278706167
1,-0.5,0.5,4.2112,53.52719479401528
1,-0.5,0.5,4.2128000000000005,53.52158738633127
1,-0.5,0.5,4.2144,53.51598056362379
1,-0.5,0.5,4.216,53.51037432550746
1,-0.5,0.5,4.2176,53.50476867159743
1,-0.5,0.5,4.2192,53.499163601509295
1,-0.5,0.5,4.2208000000000006,53.49355911485916
1,-0.5,0.5,4.2224,53.48795521126362
1,-0.5,0.5,4.224,53.48235189033973
1,-0.5,0.5,4.2256,53.476749151705064
1,-0.5,0.5,4.2272,53.47114699497765
1,-0.5,0.5,4.228800000000001,53.46554541977603
1,-0.5,0.5,4.2304,53.459944425719186
1,-0.5,0.5,4.232,53.45434401242663
1,-0.5,0.5,4.2336,53.44874417951832
1,-0.5,0.5,4.2352,53.44314492661471
1,-0.5,0.5,4.236800000000001,53.43754625333671
1,-0.5,0.5,4.2384,53.43194815930577
1,-0.5,0.5,4.24,53.42635064414375
1,-0.5,0.5,4.2416,53.42075370747302
1,-0.5,0.5,4.2432,53.415157348916416
1,-0.5,0.5,4.244800000000001,53.40956156809726
1,-0.5,0.5,4.2464,53.403966364639345
1,-0.5,0.5,4.248,53.39837173816694
1,-0.5,0.5,4.2496,53.39277768830477
1,-0.5,0.5,4.2512,53.38718421467805
1,-0.5,0.5,4.252800000000001,53.381591316912484
1,-0.5,0.5,4.2544,53.37599899463421
1,-0.5,0.5,4.256,53.370407247469856
1,-0.5,0.5,4.2576,53.36481607504653
1,-0.5,0.5,4.2592,53.359225476991774
1,-0.5,0.5,4.260800000000001,53.35363545293365
1,-0.5,0.5,4.2624,53.34804600250065
1,-0.5,0.5,4.264,53.34245712532175
1,-0.5,0.5,4.2656,53.336868821026385
1,-0.5,0.5,4.2672,53.33128108924444
1,-0.5,0.5,4.268800000000001,53.32569392960629
1,-0.5,0.5,4.2704,53.32010734174277
1,-0.5,0.5,4.272,53.314521325285156
1,-0.5,0.5,4.2736,53.308935879865224
1,-0.5,0.5,4.2752,53.30335100511518
1,-0.5,0.5,4.276800000000001,53.29776670066771
1,-0.5,0.5,4.2784,53.29218296615595
1,-0.5,0.5,4.28,53.286599801213505
1,-0.5,0.5,4.2816,53.28101720547443
1,-0.5,0.5,4.2832,53.27543517857323
1,-0.5,0.5,4.284800000000001,53.2698537201449
1,-0.5,0.5,4.2864,53.26427282982486
1,-0.5,0.5,4.288,53.258692507248995
1,-0.5,0.5,4.2896,53.25311275205365
1,-0.5,0.5,4.2912,53.24753356387564
1,-0.5,0.5,4.292800000000001,53.241954942352194
1,-0.5,0.5,4.2944,53.23637688712103
1,-0.5,0.5,4.296,53.2307993978203
1,-0.5,0.5,4.2976,53.22522247408861
1,-0.5,0.5,4.2992,53.219646115565034
1,-0.5,0.5,4.300800000000001,53.21407032188908
1,-0.5,0.5,4.3024000000000004,53.20849509270071
1,-0.5,0.5,4.304,53.20292042764033
1,-0.5,0.5,4.3056,53.1973463263488
1,-0.5,0.5,4.3072,53.19177278846743
1,-0.5,0.5,4.308800000000001,53.186199813637984
1,-0.5,0.5,4.3104000000000005,53.180627401502655
1,-0.5,0.5,4.312,53.17505555170409
1,-0.5,0.5,4.3136,53.16948426388538
1,-0.5,0.5,4.3152,53.163913537690064
1,-0.5,0.5,4.316800000000001,53.158343372762126
1,-0.5,0.5,4.3184000000000005,53.15277376874598
1,-0.5,0.5,4.32,53.1472047252865
1,-0.5,0.5,4.3216,53.14163624202899
1,-0.5,0.5,4.3232,53.13606831861919
1,-0.5,0.5,4.324800000000001,53.1305009547033
1,-0.5,0.5,4.3264000000000005,53.12493414992794
1,-0.5,0.5,4.328,53.11936790394018
1,-0.5,0.5,4.3296,53.11380221638752
1,-0.5,0.5,4.3312,53.10823708691792
1,-0.5,0.5,4.332800000000001,53.10267251517974
1,-0.5,0.5,4.3344000000000005,53.097108500821804
1,-0.5,0.5,4.336,53.091545043493355
1,-0.5,0.5,4.3376,53.08598214284409
1,-0.5,0.5,4.3392,53.080419798524126
1,-0.5,0.5,4.3408,53.074858010184016
1,-0.5,0.5,4.3424000000000005,53.06929677747475
1,-0.5,0.5,4.344,53.06373610004775
1,-0.5,0.5,4.3456,53.058175977554846
1,-0.5,0.5,4.3472,53.05261640964834
1,-0.5,0.5,4.3488,53.04705739598093
1,-0.5,0.5,4.3504000000000005,53.04149893620577
1,-0.5,0.5,4.352,53.035941029976435
1,-0.5,0.5,4.3536,53.03038367694691
1,-0.5,0.5,4.3552,53.02482687677163
1,-0.5,0.5,4.3568,53.01927062910543
1,-0.5,0.5,4.3584000000000005,53.01371493360361
1,-0.5,0.5,4.36,53.008159789921855
1,-0.5,0.5,4.3616,53.00260519771631
1,-0.5,0.5,4.3632,52.99705115664353
1,-0.5,0.5,4.3648,52.99149766636049
1,-0.5,0.5,4.3664000000000005,52.98594472652458
1,-0.5,0.5,4.368,52.98039233679362
1,-0.5,0.5,4.3696,52.97484049682588
1,-0.5,0.5,4.3712,52.96928920628
1,-0.5,0.5,4.3728,52.96373846481509
1,-0.5,0.5,4.3744000000000005,52.95818827209064
1,-0.5,0.5,4.376,52.95263862776658
1,-0.5,0.5,4.3776,52.94708953150326
1,-0.5,0.5,4.3792,52.94154098296143
1,-0.5,0.5,4.3808,52.93599298180227
1,-0.5,0.5,4.3824000000000005,52.930445527687375
1,-0.5,0.5,4.384,52.92489862027877
1,-0.5,0.5,4.3856,52.91935225923886
1,-0.5,0.5,4.3872,52.9138064442305
1,-0.5,0.5,4.3888,52.908261174916944
1,-0.5,0.5,4.3904000000000005,52.90271645096186
1,-0.5,0.5,4.392,52.89717227202934
1,-0.5,0.5,4.3936,52.89162863778385
1,-0.5,0.5,4.3952,52.886085547890325
1,-0.5,0.5,4.3968,52.880543002014065
1,-0.5,0.5,4.3984000000000005,52.875000999820806
1,-0.5,0.5,4.4,52.86945954097667
1,-0.5,0.5,4.4016,52.86391862514822
1,-0.5,0.5,4.4032,52.8583782520024
1,-0.5,0.5,4.4048,52.85283842120657
1,-0.5,0.5,4.4064000000000005,52.8472991324285
1,-0.5,0.5,4.408,52.84176038533637
1,-0.5,0.5,4.4096,52.83622217959876
1,-0.5,0.5,4.4112,52.830684514884645
1,-0.5,0.5,4.4128,52.82514739086342
1,-0.5,0.5,4.4144000000000005,52.819610807204896
1,-0.5,0.5,4.416,52.81407476357926
1,-0.5,0.5,4.4176,52.808539259657095
1,-0.5,0.5,4.4192,52.80300429510943
1,-0.5,0.5,4.4208,52.79746986960766
1,-0.5,0.5,4.4224000000000006,52.791935982823595
1,-0.5,0.5,4.424,52.78640263442945
1,-0.5,0.5,4.4256,52.78086982409783
1,-0.5,0.5,4.4272,52.77533755150172
1,-0.5,0.5,4.4288,52.76980581631454
1,-0.5,0.5,4.430400000000001,52.76427461821009
1,-0.5,0.5,4.432,52.75874395686257
1,-0.5,0.5,4.4336,52.75321383194657
1,-0.5,0.5,4.4352,52.74768424313709
1,-0.5,0.5,4.4368,52.74215519010951
1,-0.5,0.5,4.438400000000001,52.73662667253963
1,-0.5,0.5,4.44,52.731098690103615
1,-0.5,0.5,4.4416,52.72557124247803
1,-0.5,0.5,4.4432,52.720044329339856
1,-0.5,0.5,4.4448,52.71451795036644
1,-0.5,0.5,4.446400000000001,52.708992105235545
1,-0.5,0.5,4.448,52.70346679362529
1,-0.5,0.5,4.4496,52.69794201521422
1,-0.5,0.5,4.4512,52.692417769681256
1,-0.5,0.5,4.4528,52.686894056705704
1,-0.5,0.5,4.454400000000001,52.68137087596726
1,-0.5,0.5,4.456,52.67584822714602
1,-0.5,0.5,4.4576,52.67032610992246
1,-0.5,0.5,4.4592,52.664804523977445
1,-0.5,0.5,4.4608,52.65928346899223
1,-0.5,0.5,4.462400000000001,52.65376294464844
1,-0.5,0.5,4.464,52.6482429506281
1,-0.5,0.5,4.4656,52.642723486613626
1,-0.5,0.5,4.4672,52.63720455228779
1,-0.5,0.5,4.4688,52.631686147333795
1,-0.5,0.5,4.470400000000001,52.62616827143518
1,-0.5,0.5,4.472,52.6206509242759
1,-0.5,0.5,4.4736,52.61513410554027
1,-0.5,0.5,4.4752,52.609617814913
1,-0.5,0.5,4.4768,52.60410205207916
1,-0.5,0.5,4.478400000000001,52.598586816724236
1,-0.5,0.5,4.48,52.59307210853406
1,-0.5,0.5,4.4816,52.58755792719486
1,-0.5,0.5,4.4832,52.58204427239325
1,-0.5,0.5,4.4848,52.5765311438162
1,-0.5,0.5,4.486400000000001,52.57101854115107
1,-0.5,0.5,4.488,52.5655064640856
1,-0.5,0.5,4.4896,52.5599949123079
1,-0.5,0.5,4.4912,52.554483885506464
1,-0.5,0.5,4.4928,52.54897338337014
1,-0.5,0.5,4.494400000000001,52.543463405588184
1,-0.5,0.5,4.496,52.53795395185021
1,-0.5,0.5,4.4976,52.53244502184619
1,-0.5,0.5,4.4992,52.52693661526649
1,-0.5,0.5,4.5008,52.52142873180185
1,-0.5,0.5,4.502400000000001,52.51592137114335
1,-0.5,0.5,4.5040000000000004,52.51041453298248
1,-0.5,0.5,4.5056,52.504908217011085
1,-0.5,0.5,4.5072,52.499402422921385
1,-0.5,0.5,4.5088,52.49389715040596
1,-0.5,0.5,4.510400000000001,52.48839239915776
1,-0.5,0.5,4.5120000000000005,52.48288816887011
1,-0.5,0.5,4.5136,52.4773844592367
1,-0.5,0.5,4.5152,52.47188126995159
1,-0.5,0.5,4.5168,52.466378600709206
1,-0.5,0.5,4.518400000000001,52.460876451204335
1,-0.5,0.5,4.5200000000000005,52.45537482113214
1,-0.5,0.5,4.5216,52.44987371018814
1,-0.5,0.5,4.5232,52.44437311806822
1,-0.5,0.5,4.5248,52.438873044468636
1,-0.5,0.5,4.526400000000001,52.43337348908601
1,-0.5,0.5,4.5280000000000005,52.427874451617306
1,-0.5,0.5,4.5296,52.422375931759866
1,-0.5,0.5,4.5312,52.416877929211395
1,-0.5,0.5,4.5328,52.41138044366996
1,-0.5,0.5,4.534400000000001,52.405883474833985
1,-0.5,0.5,4.5360000000000005,52.400387022402256
1,-0.5,0.5,4.5376,52.39489108607392
1,-0.5,0.5,4.5392,52.38939566554847
1,-0.5,0.5,4.5408,52.383900760525776
1,-0.5,0.5,4.542400000000001,52.37840637070607
1,-0.5,0.5,4.5440000000000005,52.372912495789905
1,-0.5,0.5,4.5456,52.367419135478244
1,-0.5,0.5,4.5472,52.36192628947237
1,-0.5,0.5,4.5488,52.356433957473925
1,-0.5,0.5,4.5504,52.350942139184916
1,-0.5,0.5,4.5520000000000005,52.34545083430772
1,-0.5,0.5,4.5536,52.33996004254502
1,-0.5,0.5,4.5552,52.33446976359991
1,-0.5,0.5,4.5568,52.32897999717581
1,-0.5,0.5,4.5584,52.32349074297646
1,-0.5,0.5,4.5600000000000005,52.31800200070603
1,-0.5,0.5,4.5616,52.312513770068975
1,-0.5,0.5,4.5632,52.30702605077013
1,-0.5,0.5,4.5648,52.30153884251469
1,-0.5,0.5,4.5664,52.29605214500817
1,-0.5,0.5,4.5680000000000005,52.290565957956446
1,-0.5,0.5,4.5696,52.28508028106577
1,-0.5,0.5,4.5712,52.27959511404269
1,-0.5,0.5,4.5728,52.27411045659416
1,-0.5,0.5,4.5744,52.26862630842744
1,-0.5,0.5,4.5760000000000005,52.26314266925017
1,-0.5,0.5,4.5776,52.2576595387703
1,-0.5,0.5,4.5792,52.25217691669615
1,-0.5,0.5,4.5808,52.246694802736386
1,-0.5,0.5,4.5824,52.24121319660001
1,-0.5,0.5,4.5840000000000005,52.23573209799637
1,-0.5,0.5,4.5856,52.23025150663517
1,-0.5,0.5,4.5872,52.224771422226446
1,-0.5,0.5,4.5888,52.21929184448058
1,-0.5,0.5,4.5904,52.21381277310828
1,-0.5,0.5,4.5920000000000005,52.20833420782063
1,-0.5,0.5,4.5936,52.20285614832901
1,-0.5,0.5,4.5952,52.1973785943452
1,-0.5,0.5,4.5968,52.191901545581295
1,-0.5,0.5,4.5984,52.18642500174969
1,-0.5,0.5,4.6000000000000005,52.180948962563185
1,-0.5,0.5,4.6016,52.17547342773488
1,-0.5,0.5,4.6032,52.169998396978215
1,-0.5,0.5,4.6048,52.16452387000697
1,-0.5,0.5,4.6064,52.159049846535275
1,-0.5,0.5,4.6080000000000005,52.153576326277594
1,-0.5,0.5,4.6096,52.14810330894872
1,-0.5,0.5,4.6112,52.14263079426379
1,-0.5,0.5,4.6128,52.13715878193826
1,-0.5,0.5,4.6144,52.13168727168794
1,-0.5,0.5,4.6160000000000005,52.126216263228976
1,-0.5,0.5,4.6176,52.12074575627782
1,-0.5,0.5,4.6192,52.11527575055129
1,-0.5,0.5,4.6208,52.10980624576653
1,-0.5,0.5,4.6224,52.10433724164099
1,-0.5,0.5,4.6240000000000006,52.098868737892495
1,-0.5,0.5,4.6256,52.09340073423917
1,-0.5,0.5,4.6272,52.08793323039947
1,-0.5,0.5,4.6288,52.082466226092215
1,-0.5,0.5,4.6304,52.07699972103652
1,-0.5,0.5,4.632000000000001,52.07153371495184
1,-0.5,0.5,4.6336,52.06606820755797
1,-0.5,0.5,4.6352,52.06060319857501
1,-0.5,0.5,4.6368,52.055138687723414
1,-0.5,0.5,4.6384,52.04967467472395
1,-0.5,0.5,4.640000000000001,52.04421115929772
1,-0.5,0.5,4.6416,52.03874814116614
1,-0.5,0.5,4.6432,52.03328562005096
1,-0.5,0.5,4.6448,52.02782359567426
1,-0.5,0.5,4.6464,52.022362067758465
1,-0.5,0.5,4.648000000000001,52.016901036026276
1,-0.5,0.5,4.6496,52.01144050020074
1,-0.5,0.5,4.6512,52.005980460005254
1,-0.5,0.5,4.6528,52.000520915163506
1,-0.5,0.5,4.6544,51.995061865399514
1,-0.5,0.5,4.656000000000001,51.98960331043763
1,-0.5,0.5,4.6576,51.98414525000253
1,-0.5,0.5,4.6592,51.978687683819174
1,-0.5,0.5,4.6608,51.97323061161289
1,-0.5,0.5,4.6624,51.967774033109315
1,-0.5,0.5,4.664000000000001,51.962317948034396
1,-0.5,0.5,4.6656,51.95686235611439
1,-0.5,0.5,4.6672,51.9514072570759
1,-0.5,0.5,4.6688,51.94595265064583
1,-0.5,0.5,4.6704,51.9404985365514
1,-0.5,0.5,4.672000000000001,51.93504491452017
1,-0.5,0.5,4.6736,51.929591784279985
1,-0.5,0.5,4.6752,51.92413914555903
1,-0.5,0.5,4.6768,51.91868699808581
1,-0.5,0.5,4.6784,51.913235341589115
1,-0.5,0.5,4.680000000000001,51.907784175798085
1,-0.5,0.5,4.6816,51.90233350044216
1,-0.5,0.5,4.6832,51.896883315251095
1,-0.5,0.5,4.6848,51.89143361995497
1,-0.5,0.5,4.6864,51.88598441428415
1,-0.5,0.5,4.688000000000001,51.88053569796934
1,-0.5,0.5,4.6896,51.87508747074156
1,-0.5,0.5,4.6912,51.869639732332125
1,-0.5,0.5,4.6928,51.86419248247267
1,-0.5,0.5,4.6944,51.858745720895136
1,-0.5,0.5,4.696000000000001,51.8532994473318
1,-0.5,0.5,4.6976,51.8478536615152
1,-0.5,0.5,4.6992,51.84240836317824
1,-0.5,0.5,4.7008,51.83696355205408
1,-0.5,0.5,4.7024,51.83151922787623
1,-0.5,0.5,4.704000000000001,51.826075390378506
1,-0.5,0.5,4.7056000000000004,51.820632039295006
1,-0.5,0.5,4.7072,51.81518917436015
1,-0.5,0.5,4.7088,51.809746795308676
1,-0.5,0.5,4.7104,51.80430490187562
1,-0.5,0.5,4.712000000000001,51.79886349379631
1,-0.5,0.5,4.7136000000000005,51.793422570806406
1,-0.5,0.5,4.7152,51.78798213264185
1,-0.5,0.5,4.7168,51.78254217903891
1,-0.5,0.5,4.7184,51.777102709734145
1,-0.5,0.5,4.720000000000001,51.77166372446444
1,-0.5,0.5,4.7216000000000005,51.76622522296693
1,-0.5,0.5,4.7232,51.76078720497912
1,-0.5,0.5,4.7248,51.75534967023878
1,-0.5,0.5,4.7264,51.74991261848398
1,-0.5,0.5,4.728000000000001,51.74447604945311
1,-0.5,0.5,4.7296000000000005,51.73903996288485
1,-0.5,0.5,4.7312,51.7336043585182
1,-0.5,0.5,4.7328,51.72816923609243
1,-0.5,0.5,4.7344,51.72273459534713
1,-0.5,0.5,4.736000000000001,51.71730043602217
1,-0.5,0.5,4.7376000000000005,51.711866757857756
1,-0.5,0.5,4.7392,51.70643356059436
1,-0.5,0.5,4.7408,51.70100084397278
1,-0.5,0.5,4.7424,51.69556860773408
1,-0.5,0.5,4.744000000000001,51.69013685161966
1,-0.5,0.5,4.7456000000000005,51.684705575371176
1,-0.5,0.5,4.7472,51.6792747787306
1,-0.5,0.5,4.7488,51.67384446144021
1,-0.5,0.5,4.7504,51.66841462324257
1,-0.5,0.5,4.752000000000001,51.66298526388055
1,-0.5,0.5,4.7536000000000005,51.657556383097294
1,-0.5,0.5,4.7552,51.652127980636244
1,-0.5,0.5,4.7568,51.64670005624115
1,-0.5,0.5,4.7584,51.64127260965607
1,-0.5,0.5,4.76,51.63584564062532
1,-0.5,0.5,4.7616000000000005,51.63041914889353
1,-0.5,0.5,4.7632,51.62499313420561
1,-0.5,0.5,4.7648,51.61956759630678
1,-0.5,0.5,4.7664,51.61414253494252
1,-0.5,0.5,4.768,51.60871794985866
1,-0.5,0.5,4.7696000000000005,51.60329384080125
1,-0.5,0.5,4.7712,51.59787020751668
1,-0.5,0.5,4.7728,51.59244704975162
1,-0.5,0.5,4.7744,51.58702436725301
1,-0.5,0.5,4.776,51.58160215976809
1,-0.5,0.5,4.7776000000000005,51.57618042704441
1,-0.5,0.5,4.7792,51.57075916882979
1,-0.5,0.5,4.7808,51.56533838487231
1,-0.5,0.5,4.7824,51.559918074920404
1,-0.5,0.5,4.784,51.55449823872273
1,-0.5,0.5,4.7856000000000005,51.54907887602827
1,-0.5,0.5,4.7872,51.54365998658628
1,-0.5,0.5,4.7888,51.53824157014629
1,-0.5,0.5,4.7904,51.53282362645814
1,-0.5,0.5,4.792,51.52740615527195
1,-0.5,0.5,4.7936000000000005,51.5219891563381
1,-0.5,0.5,4.7952,51.51657262940728
1,-0.5,0.5,4.7968,51.511156574230455
1,-0.5,0.5,4.7984,51.50574099055887
1,-0.5,0.5,4.8,51.50032587814406
1,-0.5,0.5,4.8016000000000005,51.49491123673784
1,-0.5,0.5,4.8032,51.48949706609232
1,-0.5,0.5,4.8048,51.48408336595986
1,-0.5,0.5,4.8064,51.47867013609312
1,-0.5,0.5,4.808,51.47325737624505
1,-0.5,0.5,4.8096000000000005,51.46784508616888
1,-0.5,0.5,4.8112,51.4624332656181
1,-0.5,0.5,4.8128,51.457021914346505
1,-0.5,0.5,4.8144,51.45161103210813
1,-0.5,0.5,4.816,51.44620061865734
1,-0.5,0.5,4.8176000000000005,51.440790673748744
1,-0.5,0.5,4.8192,51.43538119713725
1,-0.5,0.5,4.8208,51.42997218857802
1,-0.5,0.5,4.8224,51.42456364782652
1,-0.5,0.5,4.824,51.41915557463847
1,-0.5,0.5,4.8256000000000006,51.41374796876987
1,-0.5,0.5,4.8272,51.40834082997702
1,-0.5,0.5,4.8288,51.40293415801647
1,-0.5,0.5,4.8304,51.397527952645056
1,-0.5,0.5,4.832,51.392122213619885
1,-0.5,0.5,4.833600000000001,51.38671694069834
1,-0.5,0.5,4.8352,51.381312133638076
1,-0.5,0.5,4.8368,51.37590779219703
1,-0.5,0.5,4.8384,51.370503916133416
1,-0.5,0.5,4.84,51.3651005052057
1,-0.5,0.5,4.841600000000001,51.35969755917263
1,-0.5,0.5,4.8432,51.35429507779324
1,-0.5,0.5,4.8448,51.348893060826825
1,-0.5,0.5,4.8464,51.34349150803295
1,-0.5,0.5,4.848,51.33809041917144
1,-0.5,0.5,4.849600000000001,51.33268979400241
1,-0.5,0.5,4.8512,51.32728963228626
1,-0.5,0.5,4.8528,51.32188993378363
1,-0.5,0.5,4.8544,51.31649069825542
1,-0.5,0.5,4.856,51.31109192546284
1,-0.5,0.5,4.857600000000001,51.30569361516733
1,-0.5,0.5,4.8592,51.30029576713063
1,-0.5,0.5,4.8608,51.29489838111472
1,-0.5,0.5,4.8624,51.28950145688187
1,-0.5,0.5,4.864,51.28410499419462
1,-0.5,0.5,4.865600000000001,51.278708992815744
1,-0.5,0.5,4.8672,51.27331345250831
1,-0.5,0.5,4.8688,51.267918373035656
1,-0.5,0.5,4.8704,51.26252375416137
1,-0.5,0.5,4.872,51.25712959564931
1,-0.5,0.5,4.873600000000001,51.2517358972636
1,-0.5,0.5,4.8752,51.24634265876865
1,-0.5,0.5,4.8768,51.240949879929076
1,-0.5,0.5,4.8784,51.235557560509825
1,-0.5,0.5,4.88,51.23016570027606
1,-0.5,0.5,4.881600000000001,51.22477429899323
1,-0.5,0.5,4.8832,51.21938335642706
1,-0.5,0.5,4.8848,51.213992872343496
1,-0.5,0.5,4.8864,51.208602846508775
1,-0.5,0.5,4.888,51.2032132786894
1,-0.5,0.5,4.889600000000001,51.19782416865211
1,-0.5,0.5,4.8912,51.19243551616394
1,-0.5,0.5,4.8928,51.18704732099215
1,-0.5,0.5,4.8944,51.18165958290429
1,-0.5,0.5,4.896,51.17627230166814
1,-0.5,0.5,4.897600000000001,51.17088547705177
1,-0.5,0.5,4.8992,51.16549910882349
1,-0.5,0.5,4.9008,51.160113196751865
1,-0.5,0.5,4.9024,51.15472774060575
1,-0.5,0.5,4.904,51.149342740154204
1,-0.5,0.5,4.905600000000001,51.1439581951666
1,-0.5,0.5,4.9072000000000005,51.13857410541252
1,-0.5,0.5,4.9088,51.133190470661845
1,-0.5,0.5,4.9104,51.127807290684686
1,-0.5,0.5,4.912,51.12242456525142
1,-0.5,0.5,4.913600000000001,51.11704229413268
1,-0.5,0.5,4.9152000000000005,51.11166047709934
1,-0.5,0.5,4.9168,51.10627911392255
1,-0.5,0.5,4.9184,51.1008982043737
1,-0.5,0.5,4.92,51.095517748224445
1,-0.5,0.5,4.921600000000001,51.09013774524668
1,-0.5,0.5,4.9232000000000005,51.08475819521257
1,-0.5,0.5,4.9248,51.07937909789453
1,-0.5,0.5,4.9264,51.07400045306521
1,-0.5,0.5,4.928,51.06862226049755
1,-0.5,0.5,4.929600000000001,51.06324451996469
1,-0.5,0.5,4.9312000000000005,51.057867231240074
1,-0.5,0.5,4.9328,51.05249039409737
1,-0.5,0.5,4.9344,51.04711400831049
1,-0.5,0.5,4.936,51.04173807365362
1,-0.5,0.5,4.937600000000001,51.036362589901174
1,-0.5,0.5,4.9392000000000005,51.030987556827824
1,-0.5,0.5,4.9408,51.0256129742085
1,-0.5,0.5,4.9424,51.02023884181838
1,-0.5,0.5,4.944,51.01486515943289
1,-0.5,0.5,4.945600000000001,51.0094919268277
1,-0.5,0.5,4.9472000000000005,51.004119143778716
1,-0.5,0.5,4.9488,50.998746810062116
1,-0.5,0.5,4.9504,50.99337492545432
1,-0.5,0.5,4.952,50.98800348973198
1,-0.5,0.5,4.953600000000001,50.98263250267202
1,-0.5,0.5,4.9552000000000005,50.97726196405158
1,-0.5,0.5,4.9568,50.971891873648076
1,-0.5,0.5,4.9584,50.96652223123915
1,-0.5,0.5,4.96,50.9611530366027
1,-0.5,0.5,4.961600000000001,50.95578428951686
1,-0.5,0.5,4.9632000000000005,50.95041598976002
1,-0.5,0.5,4.9648,50.945048137110795
1,-0.5,0.5,4.9664,50.93968073134807
1,-0.5,0.5,4.968,50.934313772250974
1,-0.5,0.5,4.9696,50.92894725959884
1,-0.5,0.5,4.9712000000000005,50.9235811931713
1,-0.5,0.5,4.9728,50.91821557274819
1,-0.5,0.5,4.9744,50.912850398109576
1,-0.5,0.5,4.976,50.907485669035815
1,-0.5,0.5,4.9776,50.902121385307474
1,-0.5,0.5,4.9792000000000005,50.896757546705366
1,-0.5,0.5,4.9808,50.89139415301055
1,-0.5,0.5,4.9824,50.88603120400432
1,-0.5,0.5,4.984,50.8806686994682
1,-0.5,0.5,4.9856,50.87530663918399
1,-0.5,0.5,4.9872000000000005,50.86994502293369
1,-0.5,0.5,4.9888,50.86458385049957
1,-0.5,0.5,4.9904,50.859223121664115
1,-0.5,0.5,4.992,50.853862836210055
1,-0.5,0.5,4.9936,50.848502993920356
1,-0.5,0.5,4.9952000000000005,50.843143594578244
1,-0.5,0.5,4.9968,50.83778463796717
1,-0.5,0.5,4.9984,50.83242612387081
1,-0.5,0.5,5.0,50.8270680520731
2,-0.5,-0.5,0.0,0.8385510525424084
2,-0.5,-0.5,0.0016,0.8394646718430446
2,-0.5,-0.5,0.0032,0.8403786895087143
2,-0.5,-0.5,0.0048000000000000004,0.8412931052109737
2,-0.5,-0.5,0.0064,0.8422079186212926
2,-0.5,-0.5,0.008,0.8431231294110555
2,-0.5,-0.5,0.009600000000000001,0.8440387372515619
2,-0.5,-0.5,0.0112,0.8449547418140266
2,-0.5,-0.5,0.0128,0.8458711427695803
2,-0.5,-0.5,0.014400000000000001,0.8467879397892706
2,-0.5,-0.5,0.016,0.8477051325440618
2,-0.5,-0.5,0.0176,0.8486227207048362
2,-0.5,-0.5,0.019200000000000002,0.8495407039423939
2,-0.5,-0.5,0.020800000000000003,0.850459081927454
2,-0.5,-0.5,0.0224,0.8513778543306546
2,-0.5,-0.5,0.024,0.8522970208225535
2,-0.5,-0.5,0.0256,0.8532165810736292
2,-0.5,-0.5,0.027200000000000002,0.8541365347542803
2,-0.5,-0.5,0.028800000000000003,0.8550568815348272
2,-0.5,-0.5,0.0304,0.8559776210855121
2,-0.5,-0.5,0.032,0.8568987530764998
2,-0.5,-0.5,0.033600000000000005,0.8578202771778773
2,-0.5,-0.5,0.0352,0.8587421930596559
2,-0.5,-0.5,0.0368,0.8596645003917703
2,-0.5,-0.5,0.038400000000000004,0.8605871988440793
2,-0.5,-0.5,0.04,0.8615102880863668
2,-0.5,-0.5,0.041600000000000005,0.8624337677883406
2,-0.5,-0.5,0.0432,0.8633576376196337
2,-0.5,-0.5,0.0448,0.8642818972498022
2,-0.5,-0.5,0.046400000000000004,0.8652065463483237
2,-0.5,-0.5,0.048,0.8661315845845938
2,-0.5,-0.5,0.049600000000000005,0.8670570116279205
2,-0.5,-0.5,0.0512,0.8679828271475141
2,-0.5,-0.5,0.0528,0.868909030812473
2,-0.5,-0.5,0.054400000000000004,0.8698356222917609
2,-0.5,-0.5,0.056,0.8707626012541758
2,-0.5,-0.5,0.057600000000000005,0.8716899673683023
2,-0.5,-0.5,0.0592,0.8726177203024479
2,-0.5,-0.5,0.0608,0.8735458597245545
2,-0.5,-0.5,0.062400000000000004,0.8744743853020789
2,-0.5,-0.5,0.064,0.8754032967018338
2,-0.5,-0.5,0.0656,0.8763325935897814
2,-0.5,-0.5,0.06720000000000001,0.8772622756307656
2,-0.5,-0.5,0.0688,0.8781923424881729
2,-0.5,-0.5,0.0704,0.8791227938235058
2,-0.5,-0.5,0.07200000000000001,0.8800536292958526
2,-0.5,-0.5,0.0736,0.8809848485612387
2,-0.5,-0.5,0.0752,0.8819164512718356
2,-0.5,-0.5,0.07680000000000001,0.8828484370750125
2,-0.5,-0.5,0.0784,0.8837808056122038
2,-0.5,-0.5,0.08,0.884713556517574
2,-0.5,-0.5,0.0816,0.8856466894164537
2,-0.5,-0.5,0.08320000000000001,0.8865802039235228
2,-0.5,-0.5,0.0848,0.887514099640718
2,-0.5,-0.5,0.0864,0.8884483761548393
2,-0.5,-0.5,0.08800000000000001,0.8893830330348298
2,-0.5,-0.5,0.0896,0.8903180698287079
2,-0.5,-0.5,0.0912,0.8912534860601279
2,-0.5,-0.5,0.09280000000000001,0.8921892812245475
2,-0.5,-0.5,0.0944,0.8931254547849827
2,-0.5,-0.5,0.096,0.8940620061673323
2,-0.5,-0.5,0.0976,0.894998934755255
2,-0.5,-0.5,0.09920000000000001,0.8959362398845879
2,-0.5,-0.5,0.1008,0.8968739208372917
2,-0.5,-0.5,0.1024,0.8978119768349175
2,-0.5,-0.5,0.10400000000000001,0.8987504070315887
2,-0.5,-0.5,0.1056,0.8996892105064934
2,-0.5,-0.5,0.1072,0.9006283862558917
2,-0.5,-0.5,0.10880000000000001,0.9015679331846381
2,-0.5,-0.5,0.11040000000000001,0.9025078500972266
2,-0.5,-0.5,0.112,0.9034481356883687
2,-0.5,-0.5,0.1136,0.9043887885331177
2,-0.5,-0.5,0.11520000000000001,0.905329807076552
2,-0.5,-0.5,0.1168,0.9062711896230405
2,-0.5,-0.5,0.1184,0.9072129343251056
2,-0.5,-0.5,0.12000000000000001,0.9081550391719124
2,-0.5,-0.5,0.1216,0.9090975019774075
2,-0.5,-0.5,0.1232,0.9100403203681348
2,-0.5,-0.5,0.12480000000000001,0.9109834917707614
2,-0.5,-0.5,0.1264,0.9119270133993416
2,-0.5,-0.5,0.128,0.9128708822423539
2,-0.5,-0.5,0.1296,0.913815095049547
2,-0.5,-0.5,0.1312,0.9147596483186261
2,-0.5,-0.5,0.1328,0.9157045382818201
2,-0.5,-0.5,0.13440000000000002,0.9166497608923635
2,-0.5,-0.5,0.136,0.9175953118109321
2,-0.5,-0.5,0.1376,0.9185411863920677
2,-0.5,-0.5,0.13920000000000002,0.9194873796706301
2,-0.5,-0.5,0.1408,0.9204338863483147
2,-0.5,-0.5,0.1424,0.9213807007802686
2,-0.5,-0.5,0.14400000000000002,0.9223278169618437
2,-0.5,-0.5,0.1456,0.9232752285155219
2,-0.5,-0.5,0.1472,0.9242229286780437
2,-0.5,-0.5,0.14880000000000002,0.9251709102877753
2,-0.5,-0.5,0.1504,0.9261191657723473
2,-0.5,-0.5,0.152,0.9270676871365898
2,-0.5,-0.5,0.15360000000000001,0.9280164659507992
2,-0.5,-0.5,0.1552,0.9289654933393604
2,-0.5,-0.5,0.1568,0.92991475996975
2,-0.5,-0.5,0.1584,0.9308642560419478
2,-0.5,-0.5,0.16,0.931813971278274
2,-0.5,-0.5,0.16160000000000002,0.9327638949136794
2,-0.5,-0.5,0.1632,0.9337140156865007
2,-0.5,-0.5,0.1648,0.9346643218297038
2,-0.5,-0.5,0.16640000000000002,0.9356148010626266
2,-0.5,-0.5,0.168,0.9365654405832382
2,-0.5,-0.5,0.1696,0.9375162270609241
2,-0.5,-0.5,0.17120000000000002,0.9384671466298093
2,-0.5,-0.5,0.1728,0.9394181848826271
2,-0.5,-0.5,0.1744,0.9403693268651407
2,-0.5,-0.5,0.17600000000000002,0.9413205570711235
2,-0.5,-0.5,0.1776,0.9422718594379013
2,-0.5,-0.5,0.1792,0.943223217342459
2,-0.5,-0.5,0.18080000000000002,0.9441746135981133
2,-0.5,-0.5,0.1824,0.9451260304517489
2,-0.5,-0.5,0.184,0.9460774495816198
2,-0.5,-0.5,0.18560000000000001,0.9470288520957081
2,-0.5,-0.5,0.1872,0.9479802185306409
2,-0.5,-0.5,0.1888,0.9489315288511556
2,-0.5,-0.5,0.1904,0.9498827624501094
2,-0.5,-0.5,0.192,0.9508338981490254
2,-0.5,-0.5,0.19360000000000002,0.9517849141991659
2,-0.5,-0.5,0.1952,0.9527357882831239
2,-0.5,-0.5,0.1968,0.9536864975169237
2,-0.5,-0.5,0.19840000000000002,0.954637018452618
2,-0.5,-0.5,0.2,0.9555873270813705
2,-0.5,-0.5,0.2016,0.9565373988370135
2,-0.5,-0.5,0.20320000000000002,0.9574872086000651
2,-0.5,-0.5,0.2048,0.9584367307021946
2,-0.5,-0.5,0.2064,0.9593859389311217
2,-0.5,-0.5,0.20800000000000002,0.9603348065359364
2,-0.5,-0.5,0.2096,0.9612833062328232
2,-0.5,-0.5,0.2112,0.9622314102111775
2,-0.5,-0.5,0.21280000000000002,0.9631790901400976
2,-0.5,-0.5,0.2144,0.9641263171752377
2,-0.5,-0.5,0.216,0.965073061966007
2,-0.5,-0.5,0.21760000000000002,0.9660192946630991
2,-0.5,-0.5,0.2192,0.9669649849263374
2,-0.5,-0.5,0.22080000000000002,0.9679101019328188
2,-0.5,-0.5,0.22240000000000001,0.9688546143853439
2,-0.5,-0.5,0.224,0.9697984905211154
2,-0.5,-0.5,0.22560000000000002,0.970741698120691
2,-0.5,-0.5,0.2272,0.9716842045171745
2,-0.5,-0.5,0.2288,0.9726259766056329
2,-0.5,-0.5,0.23040000000000002,0.9735669808527205
2,-0.5,-0.5,0.232,0.9745071833064993
2,-0.5,-0.5,0.2336,0.97544654960644
2,-0.5,-0.5,0.23520000000000002,0.9763850449935876
2,-0.5,-0.5,0.2368,0.9773226343208813
2,-0.5,-0.5,0.2384,0.9782592820636116
2,-0.5,-0.5,0.24000000000000002,0.9791949523300039
2,-0.5,-0.5,0.2416,0.9801296088719138
2,-0.5,-0.5,0.2432,0.9810632150956224
2,-0.5,-0.5,0.24480000000000002,0.9819957340727182
2,-0.5,-0.5,0.2464,0.9829271285510546
2,-0.5,-0.5,0.248,0.9838573609657703
2,-0.5,-0.5,0.24960000000000002,0.9847863934503616
2,-0.5,-0.5,0.25120000000000003,0.9857141878477952
2,-0.5,-0.5,0.2528,0.9866407057216513
2,-0.5,-0.5,0.2544,0.9875659083672856
2,-0.5,-0.5,0.256,0.9884897568230012
2,-0.5,-0.5,0.2576,0.989412211881219
2,-0.5,-0.5,0.2592,0.9903332340996402
2,-0.5,-0.5,0.26080000000000003,0.9912527838123891
2,-0.5,-0.5,0.2624,0.992170821141127
2,-0.5,-0.5,0.264,0.993087306006132
2,-0.5,-0.5,0.2656,0.9940021981373359
2,-0.5,-0.5,0.2672,0.9949154570853059
2,-0.5,-0.5,0.26880000000000004,0.995827042232171
2,-0.5,-0.5,0.27040000000000003,0.9967369128024807
2,-0.5,-0.5,0.272,0.9976450278739919
2,-0.5,-0.5,0.2736,0.9985513463883765
2,-0.5,-0.5,0.2752,0.9994558271618437
2,-0.5,-0.5,0.2768,1.0003584288956724
2,-0.5,-0.5,0.27840000000000004,1.001259110186647
2,-0.5,-0.5,0.28,1.0021578295373916
2,-0.5,-0.5,0.2816,1.0030545453665987
2,-0.5,-0.5,0.2832,1.0039492160191468
2,-0.5,-0.5,0.2848,1.004841799776103
2,-0.5,-0.5,0.2864,1.0057322548646068
2,-0.5,-0.5,0.28800000000000003,1.0066205394676309
2,-0.5,-0.5,0.2896,1.0075066117336167
2,-0.5,-0.5,0.2912,1.0083904297859778
2,-0.5,-0.5,0.2928,1.0092719517324742
2,-0.5,-0.5,0.2944,1.0101511356744486
2,-0.5,-0.5,0.29600000000000004,1.0110279397159274
2,-0.5,-0.5,0.29760000000000003,1.011902321972578
2,-0.5,-0.5,0.2992,1.0127742405805278
2,-0.5,-0.5,0.3008,1.0136436537050366
2,-0.5,-0.5,0.3024,1.0145105195490232
2,-0.5,-0.5,0.304,1.0153747963614461
2,-0.5,-0.5,0.30560000000000004,1.0162364424455335
2,-0.5,-0.5,0.30720000000000003,1.0170954161668653
2,-0.5,-0.5,0.3088,1.0179516759613036
2,-0.5,-0.5,0.3104,1.0188051803427707
2,-0.5,-0.5,0.312,1.019655887910876
2,-0.5,-0.5,0.3136,1.02050375735839
2,-0.5,-0.5,0.31520000000000004,1.0213487474785643
2,-0.5,-0.5,0.3168,1.022190817172299
2,-0.5,-0.5,0.3184,1.0230299254551574
2,-0.5,-0.5,0.32,1.023866031464224
2,-0.5,-0.5,0.3216,1.0246990944648142
2,-0.5,-0.5,0.32320000000000004,1.0255290738570277
2,-0.5,-0.5,0.32480000000000003,1.0263559291821496
2,-0.5,-0.5,0.3264,1.0271796201289014
2,-0.5,-0.5,0.328,1.028000106539538
2,-0.5,-0.5,0.3296,1.0288173484157965
2,-0.5,-0.5,0.3312,1.0296313059246927
2,-0.5,-0.5,0.33280000000000004,1.0304419394041708
2,-0.5,-0.5,0.33440000000000003,1.0312492093686036
2,-0.5,-0.5,0.336,1.0320530765141454
2,-0.5,-0.5,0.3376,1.0328535017239406
2,-0.5,-0.5,0.3392,1.0336504460731855
2,-0.5,-0.5,0.3408,1.0344438708340482
2,-0.5,-0.5,0.34240000000000004,1.0352337374804448
2,-0.5,-0.5,0.34400000000000003,1.0360200076926769
2,-0.5,-0.5,0.3456,1.0368026433619266
2,-0.5,-0.5,0.3472,1.0375816065946162
2,-0.5,-0.5,0.3488,1.0383568597166286
2,-0.5,-0.5,0.3504,1.0391283652773968
2,-0.5,-0.5,0.35200000000000004,1.0398960860538553
2,-0.5,-0.5,0.3536,1.0406599850542628
2,-0.5,-0.5,0.3552,1.041420025521894
2,-0.5,-0.5,0.3568,1.042176170938602
2,-0.5,-0.5,0.3584,1.042928385028255
2,-0.5,-0.5,0.36000000000000004,1.0436766317600474
2,-0.5,-0.5,0.36160000000000003,1.044420875351689
2,-0.5,-0.5,0.3632,1.0451610802724687
2,-0.5,-0.5,0.3648,1.045897211246204
2,-0.5,-0.5,0.3664,1.0466292332540672
2,-0.5,-0.5,0.368,1.0473571115372997
2,-0.5,-0.5,0.36960000000000004,1.0480808115998088
2,-0.5,-0.5,0.37120000000000003,1.0488002992106542
2,-0.5,-0.5,0.3728,1.0495155404064227
2,-0.5,-0.5,0.3744,1.0502265014934933
2,-0.5,-0.5,0.376,1.0509331490501987
2,-0.5,-0.5,0.3776,1.0516354499288758
2,-0.5,-0.5,0.37920000000000004,1.0523333712578187
2,-0.5,-0.5,0.3808,1.0530268804431273
2,-0.5,-0.5,0.3824,1.053715945170457
2,-0.5,-0.5,0.384,1.0544005334066693
2,-0.5,-0.5,0.3856,1.0550806134013877
2,-0.5,-0.5,0.38720000000000004,1.0557561536884612
2,-0.5,-0.5,0.38880000000000003,1.0564271230873301
2,-0.5,-0.5,0.3904,1.057093490704308
2,-0.5,-0.5,0.392,1.057755225933769
2,-0.5,-0.5,0.3936,1.058412298459252
2,-0.5,-0.5,0.3952,1.059064678254479
2,-0.5,-0.5,0.39680000000000004,1.0597123355842881
2,-0.5,-0.5,0.39840000000000003,1.060355241005486
2,-0.5,-0.5,0.4,1.0609933653676222
2,-0.5,-0.5,0.4016,1.0616266798136826
2,-0.5,-0.5,0.4032,1.062255155780707
2,-0.5,-0.5,0.4048,1.0628787650003328
2,-0.5,-0.5,0.40640000000000004,1.0634974794992649
2,-0.5,-0.5,0.40800000000000003,1.0641112715996732
2,-0.5,-0.5,0.4096,1.0647201139195224
2,-0.5,-0.5,0.4112,1.0653239793728315
2,-0.5,-0.5,0.4128,1.0659228411698667
2,-0.5,-0.5,0.41440000000000005,1.0665166728172717
2,-0.5,-0.5,0.41600000000000004,1.0671054481181304
2,-0.5,-0.5,0.4176,1.0676891411719713
2,-0.5,-0.5,0.4192,1.0682677263747096
2,-0.5,-0.5,0.4208,1.06884117841853
2,-0.5,-0.5,0.4224,1.0694094722917142
2,-0.5,-0.5,0.42400000000000004,1.0699725832784095
2,-0.5,-0.5,0.42560000000000003,1.0705304869583445
2,-0.5,-0.5,0.4272,1.0710831592064916
2,-0.5,-0.5,0.4288,1.0716305761926779
2,-0.5,-0.5,0.4304,1.0721727143811435
2,-0.5,-0.5,0.432,1.0727095505300555
2,-0.5,-0.5,0.43360000000000004,1.0732410616909684
2,-0.5,-0.5,0.43520000000000003,1.0737672252082435
2,-0.5,-0.5,0.4368,1.0742880187184196
2,-0.5,-0.5,0.4384,1.0748034201495404
2,-0.5,-0.5,0.44,1.0753134077204434
2,-0.5,-0.5,0.44160000000000005,1.0758179599399997
2,-0.5,-0.5,0.44320000000000004,1.0763170556063228
2,-0.5,-0.5,0.44480000000000003,1.0768106738059309
2,-0.5,-0.5,0.4464,1.0772987939128755
2,-0.5,-0.5,0.448,1.0777813955878328
2,-0.5,-0.5,0.4496,1.0782584587771598
2,-0.5,-0.5,0.45120000000000005,1.0787299637119145
2,-0.5,-0.5,0.45280000000000004,1.0791958909068446
2,-0.5,-0.5,0.4544,1.0796562211593443
2,-0.5,-0.5,0.456,1.0801109355483782
2,-0.5,-0.5,0.4576,1.0805600154333763
2,-0.5,-0.5,0.4592,1.0810034424531005
2,-0.5,-0.5,0.46080000000000004,1.0814411985244825
2,-0.5,-0.5,0.46240000000000003,1.081873265841433
2,-0.5,-0.5,0.464,1.0822996268736271
2,-0.5,-0.5,0.4656,1.082720264365265
2,-0.5,-0.5,0.4672,1.0831351613338052
2,-0.5,-0.5,0.46880000000000005,1.0835443010686772
2,-0.5,-0.5,0.47040000000000004,1.0839476671299717
2,-0.5,-0.5,0.47200000000000003,1.0843452433471057
2,-0.5,-0.5,0.4736,1.0847370138174723
2,-0.5,-0.5,0.4752,1.0851229629050665
2,-0.5,-0.5,0.4768,1.0855030752390924
2,-0.5,-0.5,0.47840000000000005,1.0858773357125535
2,-0.5,-0.5,0.48000000000000004,1.0862457294808257
2,-0.5,-0.5,0.48160000000000003,1.0866082419602106
2,-0.5,-0.5,0.4832,1.0869648588264758
2,-0.5,-0.5,0.4848,1.0873155660133789
2,-0.5,-0.5,0.4864,1.0876603497111759
2,-0.5,-0.5,0.48800000000000004,1.0879991963651179
2,-0.5,-0.5,0.48960000000000004,1.0883320926739326
2,-0.5,-0.5,0.4912,1.088659025588293
2,-0.5,-0.5,0.4928,1.0889799823092774
2,-0.5,-0.5,0.4944,1.0892949502868132
2,-0.5,-0.5,0.496,1.0896039172181147
2,-0.5,-0.5,0.49760000000000004,1.0899068710461086
2,-0.5,-0.5,0.49920000000000003,1.0902037999578493
2,-0.5,-0.5,0.5008,1.0904946923829275
2,-0.5,-0.5,0.5024000000000001,1.0907795369918687
2,-0.5,-0.5,0.504,1.0910583226945256
2,-0.5,-0.5,0.5056,1.091331038638461
2,-0.5,-0.5,0.5072,1.0915976742073257
2,-0.5,-0.5,0.5088,1.0918582190192314
2,-0.5,-0.5,0.5104000000000001,1.0921126629251148
2,-0.5,-0.5,0.512,1.0923609960070986
2,-0.5,-0.5,0.5136000000000001,1.0926032085768471
2,-0.5,-0.5,0.5152,1.0928392911739189
2,-0.5,-0.5,0.5168,1.0930692345641133
2,-0.5,-0.5,0.5184,1.0932930297378163
2,-0.5,-0.5,0.52,1.09351066790834
2,-0.5,-0.5,0.5216000000000001,1.0937221405102637
2,-0.5,-0.5,0.5232,1.09392743919777
2,-0.5,-0.5,0.5248,1.0941265558429807
2,-0.5,-0.5,0.5264,1.0943194825342892
2,-0.5,-0.5,0.528,1.0945062115746953
2,-0.5,-0.5,0.5296000000000001,1.0946867354801362
2,-0.5,-0.5,0.5312,1.0948610469778193
2,-0.5,-0.5,0.5328,1.095029139004555
2,-0.5,-0.5,0.5344,1.0951910047050881
2,-0.5,-0.5,0.536,1.0953466374304333
2,-0.5,-0.5,0.5376000000000001,1.0954960307362074
2,-0.5,-0.5,0.5392,1.0956391783809678
2,-0.5,-0.5,0.5408000000000001,1.0957760743245482
2,-0.5,-0.5,0.5424,1.0959067127264002
2,-0.5,-0.5,0.544,1.0960310879439334
2,-0.5,-0.5,0.5456,1.0961491945308615
2,-0.5,-0.5,0.5472,1.096261027235549
2,-0.5,-0.5,0.5488000000000001,1.0963665809993617
2,-0.5,-0.5,0.5504,1.09646585095502
2,-0.5,-0.5,0.552,1.0965588324249573
2,-0.5,-0.5,0.5536,1.09664552091968
2,-0.5,-0.5,0.5552,1.096725912136133
2,-0.5,-0.5,0.5568000000000001,1.0968000019560697
2,-0.5,-0.5,0.5584,1.096867786444425
2,-0.5,-0.5,0.56,1.0969292618476936
2,-0.5,-0.5,0.5616,1.0969844245923135
2,-0.5,-0.5,0.5632,1.0970332712830548
2,-0.5,-0.5,0.5648000000000001,1.0970757987014126
2,-0.5,-0.5,0.5664,1.0971120038040072
2,-0.5,-0.5,0.5680000000000001,1.097141883720986
2,-0.5,-0.5,0.5696,1.0971654357544371
2,-0.5,-0.5,0.5712,1.0971826573768029
2,-0.5,-0.5,0.5728,1.0971935462293032
2,-0.5,-0.5,0.5744,1.0971981001203643
2,-0.5,-0.5,0.5760000000000001,1.097196317024053
2,-0.5,-0.5,0.5776,1.0971881950785178
2,-0.5,-0.5,0.5792,1.0971737325844375
2,-0.5,-0.5,0.5808,1.0971529280034753
2,-0.5,-0.5,0.5824,1.0971257799567409
2,-0.5,-0.5,0.5840000000000001,1.0970922872232576
2,-0.5,-0.5,0.5856,1.0970524487384397
2,-0.5,-0.5,0.5872,1.097006263592574
2,-0.5,-0.5,0.5888,1.0969537310293114
2,-0.5,-0.5,0.5904,1.0968948504441622
2,-0.5,-0.5,0.5920000000000001,1.0968296213830038
2,-0.5,-0.5,0.5936,1.0967580435405908
2,-0.5,-0.5,0.5952000000000001,1.0966801167590774
2,-0.5,-0.5,0.5968,1.0965958410265444
2,-0.5,-0.5,0.5984,1.0965052164755356
2,-0.5,-0.5,0.6,1.096408243381601
2,-0.5,-0.5,0.6016,1.0963049221618497
2,-0.5,-0.5,0.6032000000000001,1.096195253373509
2,-0.5,-0.5,0.6048,1.096079237712493
2,-0.5,-0.5,0.6064,1.095956876011978
2,-0.5,-0.5,0.608,1.0958281692409872
2,-0.5,-0.5,0.6096,1.0956931185029852
2,-0.5,-0.5,0.6112000000000001,1.095551725034476
2,-0.5,-0.5,0.6128,1.0954039902036146
2,-0.5,-0.5,0.6144000000000001,1.0952499155088244
2,-0.5,-0.5,0.616,1.0950895025774237
2,-0.5,-0.5,0.6176,1.0949227531642598
2,-0.5,-0.5,0.6192000000000001,1.0947496691503533
2,-0.5,-0.5,0.6208,1.0945702525415504
2,-0.5,-0.5,0.6224000000000001,1.0943845054671815
2,-0.5,-0.5,0.624,1.0941924301787327
2,-0.5,-0.5,0.6256,1.0939940290485226
2,-0.5,-0.5,0.6272,1.093789304568389
2,-0.5,-0.5,0.6288,1.0935782593483847
2,-0.5,-0.5,0.6304000000000001,1.0933608961154802
2,-0.5,-0.5,0.632,1.0931372177122773
2,-0.5,-0.5,0.6336,1.092907227095731
2,-0.5,-0.5,0.6352,1.0926709273358781
2,-0.5,-0.5,0.6368,1.092428321614578
2,-0.5,-0.5,0.6384000000000001,1.0921794132242588
2,-0.5,-0.5,0.64,1.0919242055666756
2,-0.5,-0.5,0.6416000000000001,1.091662702151674
2,-0.5,-0.5,0.6432,1.0913949065959647
2,-0.5,-0.5,0.6448,1.0911208226219071
2,-0.5,-0.5,0.6464000000000001,1.0908404540562997
2,-0.5,-0.5,0.648,1.090553804829181
2,-0.5,-0.5,0.6496000000000001,1.090260878972639
2,-0.5,-0.5,0.6512,1.089961680619628
2,-0.5,-0.5,0.6528,1.0896562140027968
2,-0.5,-0.5,0.6544,1.0893444834533221
2,-0.5,-0.5,0.656,1.089026493399754
2,-0.5,-0.5,0.6576000000000001,1.0887022483668685
2,-0.5,-0.5,0.6592,1.0883717529745276
2,-0.5,-0.5,0.6608,1.0880350119365518
2,-0.5,-0.5,0.6624,1.087692030059597
2,-0.5,-0.5,0.664,1.0873428122420419
2,-0.5,-0.5,0.6656000000000001,1.0869873634728855
2,-0.5,-0.5,0.6672,1.0866256888306502
2,-0.5,-0.5,0.6688000000000001,1.086257793482296
2,-0.5,-0.5,0.6704,1.085883682682141
2,-0.5,-0.5,0.672,1.0855033617707928
2,-0.5,-0.5,0.6736000000000001,1.0851168361740873
2,-0.5,-0.5,0.6752,1.0847241114020345
2,-0.5,-0.5,0.6768000000000001,1.0843251930477757
2,-0.5,-0.5,0.6784,1.083920086786547
2,-0.5,-0.5,0.68,1.0835087983746514
2,-0.5,-0.5,0.6816,1.0830913336484398
2,-0.5,-0.5,0.6832,1.0826676985233008
2,-0.5,-0.5,0.6848000000000001,1.082237898992657
2,-0.5,-0.5,0.6864,1.0818019411269717
2,-0.5,-0.5,0.6880000000000001,1.0813598310727615
2,-0.5,-0.5,0.6896,1.0809115750516198
2,-0.5,-0.5,0.6912,1.0804571793592463
2,-0.5,-0.5,0.6928000000000001,1.0799966503644858
2,-0.5,-0.5,0.6944,1.0795299945083738
2,-0.5,-0.5,0.6960000000000001,1.0790572183031917
2,-0.5,-0.5,0.6976,1.0785783283315293
2,-0.5,-0.5,0.6992,1.0780933312453553
2,-0.5,-0.5,0.7008,1.0776022337650946
2,-0.5,-0.5,0.7024,1.0771050426787168
2,-0.5,-0.5,0.7040000000000001,1.0766017648408281
2,-0.5,-0.5,0.7056,1.0760924071717755
2,-0.5,-0.5,0.7072,1.0755769766567538
2,-0.5,-0.5,0.7088,1.075055480344926
2,-0.5,-0.5,0.7104,1.0745279253485462
2,-0.5,-0.5,0.7120000000000001,1.0739943188420944
2,-0.5,-0.5,0.7136,1.0734546680614154
2,-0.5,-0.5,0.7152000000000001,1.0729089803028673
2,-0.5,-0.5,0.7168,1.0723572629224774
2,-0.5,-0.5,0.7184,1.071799523335105
2,-0.5,-0.5,0.7200000000000001,1.0712357690136118
2,-0.5,-0.5,0.7216,1.0706660074880407
2,-0.5,-0.5,0.7232000000000001,1.070090246344799
2,-0.5,-0.5,0.7248,1.0695084932258534
2,-0.5,-0.5,0.7264,1.0689207558279281
2,-0.5,-0.5,0.728,1.068327041901713
2,-0.5,-0.5,0.7296,1.0677273592510774
2,-0.5,-0.5,0.7312000000000001,1.067121715732291
2,-0.5,-0.5,0.7328,1.0665101192532531
2,-0.5,-0.5,0.7344,1.0658925777727282
2,-0.5,-0.5,0.736,1.0652690992995875
2,-0.5,-0.5,0.7376,1.0646396918920604
2,-0.5,-0.5,0.7392000000000001,1.0640043636569885
2,-0.5,-0.5,0.7408,1.0633631227490905
2,-0.5,-0.5,0.7424000000000001,1.0627159773702324
2,-0.5,-0.5,0.744,1.0620629357687033
2,-0.5,-0.5,0.7456,1.0614040062384995
2,-0.5,-0.5,0.7472000000000001,1.060739197118616
2,-0.5,-0.5,0.7488,1.0600685167923416
2,-0.5,-0.5,0.7504000000000001,1.0593919736865638
2,-0.5,-0.5,0.752,1.0587095762710788
2,-0.5,-0.5,0.7536,1.0580213330579074
2,-0.5,-0.5,0.7552,1.0573272526006188
2,-0.5,-0.5,0.7568,1.0566273434936595
2,-0.5,-0.5,0.7584000000000001,1.0559216143716905
2,-0.5,-0.5,0.76,1.0552100739089283
2,-0.5,-0.5,0.7616,1.054492730818494
2,-0.5,-0.5,0.7632,1.0537695938517677
2,-0.5,-0.5,0.7648,1.0530406717977503
2,-0.5,-0.5,0.7664000000000001,1.0523059734824292
2,-0.5,-0.5,0.768,1.051565507768153
2,-0.5,-0.5,0.7696000000000001,1.0508192835530106
2,-0.5,-0.5,0.7712,1.0500673097702147
2,-0.5,-0.5,0.7728,1.0493095953874958
2,-0.5,-0.5,0.7744000000000001,1.0485461494064974
2,-0.5,-0.5,0.776,1.04777698086218
2,-0.5,-0.5,0.7776000000000001,1.04700209882223
2,-0.5,-0.5,0.7792,1.046221512386474
2,-0.5,-0.5,0.7808,1.0454352306862997
2,-0.5,-0.5,0.7824,1.0446432628840818
2,-0.5,-0.5,0.784,1.0438456181726146
2,-0.5,-0.5,0.7856000000000001,1.043042305774548
2,-0.5,-0.5,0.7872,1.0422333349418318
2,-0.5,-0.5,0.7888000000000001,1.0414187149551646
2,-0.5,-0.5,0.7904,1.0405984551234464
2,-0.5,-0.5,0.792,1.0397725647832397
2,-0.5,-0.5,0.7936000000000001,1.0389410532982328
2,-0.5,-0.5,0.7952,1.0381039300587125
2,-0.5,-0.5,0.7968000000000001,1.0372612044810365
2,-0.5,-0.5,0.7984,1.0364128860071173
2,-0.5,-0.5,0.8,1.0355589841039068
2,-0.5,-0.5,0.8016000000000001,1.0346995082628878
2,-0.5,-0.5,0.8032,1.0338344679995708
2,-0.5,-0.5,0.8048000000000001,1.0329638728529962
2,-0.5,-0.5,0.8064,1.0320877323852387
2,-0.5,-0.5,0.808,1.0312060561809218
2,-0.5,-0.5,0.8096,1.0303188538467327
2,-0.5,-0.5,0.8112,1.0294261350109444
2,-0.5,-0.5,0.8128000000000001,1.0285279093229427
2,-0.5,-0.5,0.8144,1.0276241864527569
2,-0.5,-0.5,0.8160000000000001,1.0267149760905967
2,-0.5,-0.5,0.8176,1.0258002879463928
2,-0.5,-0.5,0.8192,1.024880131749343
2,-0.5,-0.5,0.8208000000000001,1.0239545172474616
2,-0.5,-0.5,0.8224,1.0230234542071366
2,-0.5,-0.5,0.8240000000000001,1.0220869524126877
2,-0.5,-0.5,0.8256,1.0211450216659312
2,-0.5,-0.5,0.8272,1.0201976717857493
2,-0.5,-0.5,0.8288000000000001,1.0192449126076633
2,-0.5,-0.5,0.8304,1.0182867539834113
2,-0.5,-0.5,0.8320000000000001,1.0173232057805306
2,-0.5,-0.5,0.8336,1.0163542778819445
2,-0.5,-0.5,0.8352,1.0153799801855534
2,-0.5,-0.5,0.8368,1.0144003226038314
2,-0.5,-0.5,0.8384,1.0134153150634237
2,-0.5,-0.5,0.8400000000000001,1.0124249675047523
2,-0.5,-0.5,0.8416,1.0114292898816235
2,-0.5,-0.5,0.8432000000000001,1.0104282921608405
2,-0.5,-0.5,0.8448,1.0094219843218197
2,-0.5,-0.5,0.8464,1.0084103763562122
2,-0.5,-0.5,0.8480000000000001,1.007393478267527
2,-0.5,-0.5,0.8496,1.0063713000707608
2,-0.5,-0.5,0.8512000000000001,1.0053438517920297
2,-0.5,-0.5,0.8528,1.0043111434682082
2,-0.5,-0.5,0.8544,1.0032731851465664
2,-0.5,-0.5,0.8560000000000001,1.0022299868844171
2,-0.5,-0.5,0.8576,1.0011815587487638
2,-0.5,-0.5,0.8592000000000001,1.0001279108159515
2,-0.5,-0.5,0.8608,0.9990690531713238
2,-0.5,-0.5,0.8624,0.9980049959088828
2,-0.5,-0.5,0.864,0.9969357491309523
2,-0.5,-0.5,0.8656,0.9958613229478444
2,-0.5,-0.5,0.8672000000000001,0.9947817274775308
2,-0.5,-0.5,0.8688,0.9936969728453174
2,-0.5,-0.5,0.8704000000000001,0.9926070691835225
2,-0.5,-0.5,0.872,0.9915120266311571
2,-0.5,-0.5,0.8736,0.990411855333612
2,-0.5,-0.5,0.8752000000000001,0.9893065654423446
2,-0.5,-0.5,0.8768,0.9881961671145723
2,-0.5,-0.5,0.8784000000000001,0.9870806705129669
2,-0.5,-0.5,0.88,0.9859600858053545
2,-0.5,-0.5,0.8816,0.9848344231644179
2,-0.5,-0.5,0.8832000000000001,0.9837036927674007
2,-0.5,-0.5,0.8848,0.9825679047958179
2,-0.5,-0.5,0.8864000000000001,0.9814270694351674
2,-0.5,-0.5,0.888,0.9802811968746457
2,-0.5,-0.5,0.8896000000000001,0.9791302973068663
2,-0.5,-0.5,0.8912,0.977974380927582
2,-0.5,-0.5,0.8928,0.9768134579354097
2,-0.5,-0.5,0.8944000000000001,0.9756475385315586
2,-0.5,-0.5,0.896,0.9744766329195614
2,-0.5,-0.5,0.8976000000000001,0.9733007513050093
2,-0.5,-0.5,0.8992,0.9721199038952879
2,-0.5,-0.5,0.9008,0.97093410089932
2,-0.5,-0.5,0.9024000000000001,0.9697433525273066
2,-0.5,-0.5,0.904,0.9685476689904748
2,-0.5,-0.5,0.9056000000000001,0.9673470605008269
2,-0.5,-0.5,0.9072,0.9661415372708918
2,-0.5,-0.5,0.9088,0.9649311095134812
2,-0.5,-0.5,0.9104000000000001,0.9637157874414469
2,-0.5,-0.5,0.912,0.9624955812674421
2,-0.5,-0.5,0.9136000000000001,0.9612705012036842
2,-0.5,-0.5,0.9152,0.960040557461722
2,-0.5,-0.5,0.9168000000000001,0.9588057602522045
2,-0.5,-0.5,0.9184,0.9575661197846523
2,-0.5,-0.5,0.92,0.956321646267233
2,-0.5,-0.5,0.9216000000000001,0.9550723499065378
2,-0.5,-0.5,0.9232,0.9538182409073613
2,-0.5,-0.5,0.9248000000000001,0.9525593294724846
2,-0.5,-0.5,0.9264,0.9512956258024594
2,-0.5,-0.5,0.928,0.9500271400953966
2,-0.5,-0.5,0.9296000000000001,0.9487538825467562
2,-0.5,-0.5,0.9312,0.9474758633491394
2,-0.5,-0.5,0.9328000000000001,0.9461930926920847
2,-0.5,-0.5,0.9344,0.944905580761865
2,-0.5,-0.5,0.936,0.9436133377412881
2,-0.5,-0.5,0.9376000000000001,0.9423163738094988
2,-0.5,-0.5,0.9392,0.9410146991417844
2,-0.5,-0.5,0.9408000000000001,0.9397083239093817
2,-0.5,-0.5,0.9424,0.938397258279287
2,-0.5,-0.5,0.9440000000000001,0.9370815124140675
2,-0.5,-0.5,0.9456,0.9357610964716766
2,-0.5,-0.5,0.9472,0.93443602060527
2,-0.5,-0.5,0.9488000000000001,0.9331062949630243
2,-0.5,-0.5,0.9504,0.9317719296879591
2,-0.5,-0.5,0.9520000000000001,0.9304329349177594
2,-0.5,-0.5,0.9536,0.9290893207846015
2,-0.5,-0.5,0.9552,0.9277410974149817
2,-0.5,-0.5,0.9568000000000001,0.9263882749295446
2,-0.5,-0.5,0.9584,0.9250308634429163
2,-0.5,-0.5,0.9600000000000001,0.9236688730635386
2,-0.5,-0.5,0.9616,0.9223023138935046
2,-0.5,-0.5,0.9632000000000001,0.9209311960283976
2,-0.5,-0.5,0.9648,0.9195555295571317
2,-0.5,-0.5,0.9664,0.9181753245617934
2,-0.5,-0.5,0.9680000000000001,0.9167905911174873
2,-0.5,-0.5,0.9696,0.9154013392921815
2,-0.5,-0.5,0.9712000000000001,0.9140075791465565
2,-0.5,-0.5,0.9728,0.9126093207338561
2,-0.5,-0.5,0.9744,0.9112065740997389
2,-0.5,-0.5,0.9760000000000001,0.909799349282133
2,-0.5,-0.5,0.9776,0.9083876563110923
2,-0.5,-0.5,0.9792000000000001,0.9069715052086544
2,-0.5,-0.5,0.9808,0.9055509059887004
2,-0.5,-0.5,0.9824,0.9041258686568169
2,-0.5,-0.5,0.9840000000000001,0.9026964032101598
2,-0.5,-0.5,0.9856,0.9012625196373188
2,-0.5,-0.5,0.9872000000000001,0.8998242279181862
2,-0.5,-0.5,0.9888,0.898381538023824
2,-0.5,-0.5,0.9904000000000001,0.8969344599163361
2,-0.5,-0.5,0.992,0.8954830035487402
2,-0.5,-0.5,0.9936,0.8940271788648418
2,-0.5,-0.5,0.9952000000000001,0.8925669957991105
2,-0.5,-0.5,0.9968,0.8911024642765571
2,-0.5,-0.5,0.9984000000000001,0.889633594212614
2,-0.5,-0.5,1.0,0.8881603955130144
2,-0.5,-0.5,1.0016,0.8866828780736761
2,-0.5,-0.5,1.0032,0.8852010517805852
2,-0.5,-0.5,1.0048000000000001,0.8837149265096818
2,-0.5,-0.5,1.0064,0.882224512126748
2,-0.5,-0.5,1.008,0.880729818487296
2,-0.5,-0.5,1.0096,0.879230855436459
2,-0.5,-0.5,1.0112,0.877727632808883
2,-0.5,-0.5,1.0128000000000001,0.876220160428621
2,-0.5,-0.5,1.0144,0.8747084481090274
2,-0.5,-0.5,1.016,0.8731925056526542
2,-0.5,-0.5,1.0176,0.8716723428511503
2,-0.5,-0.5,1.0192,0.8701479694851595
2,-0.5,-0.5,1.0208000000000002,0.8686193953242232
2,-0.5,-0.5,1.0224,0.8670866301266812
2,-0.5,-0.5,1.024,0.8655496836395762
2,-0.5,-0.5,1.0256,0.8640085655985588
2,-0.5,-0.5,1.0272000000000001,0.8624632857277945
2,-0.5,-0.5,1.0288000000000002,0.8609138537398714
2,-0.5,-0.5,1.0304,0.8593602793357096
2,-0.5,-0.5,1.032,0.8578025722044712
2,-0.5,-0.5,1.0336,0.8562407420234738
2,-0.5,-0.5,1.0352000000000001,0.8546747984581026
2,-0.5,-0.5,1.0368,0.8531047511617257
2,-0.5,-0.5,1.0384,0.8515306097756097
2,-0.5,-0.5,1.04,0.8499523839288371
2,-0.5,-0.5,1.0416,0.8483700832382247
2,-0.5,-0.5,1.0432000000000001,0.8467837173082435
2,-0.5,-0.5,1.0448,0.8451932957309397
2,-0.5,-0.5,1.0464,0.8435988280858566
2,-0.5,-0.5,1.048,0.8420003239399587
2,-0.5,-0.5,1.0496,0.8403977928475554
2,-0.5,-0.5,1.0512000000000001,0.838791244350228
2,-0.5,-0.5,1.0528,0.8371806879767557
2,-0.5,-0.5,1.0544,0.8355661332430445
2,-0.5,-0.5,1.056,0.8339475896520561
2,-0.5,-0.5,1.0576,0.8323250666937384
2,-0.5,-0.5,1.0592000000000001,0.8306985738449576
2,-0.5,-0.5,1.0608,0.8290681205694302
2,-0.5,-0.5,1.0624,0.8274337163176575
2,-0.5,-0.5,1.064,0.8257953705268604
2,-0.5,-0.5,1.0656,0.824153092620915
2,-0.5,-0.5,1.0672000000000001,0.8225068920102901
2,-0.5,-0.5,1.0688,0.8208567780919858
2,-0.5,-0.5,1.0704,0.819202760249471
2,-0.5,-0.5,1.072,0.817544847852626
2,-0.5,-0.5,1.0736,0.8158830502576825
2,-0.5,-0.5,1.0752000000000002,0.8142173768071654
2,-0.5,-0.5,1.0768,0.8125478368298371
2,-0.5,-0.5,1.0784,0.8108744396406417
2,-0.5,-0.5,1.08,0.8091971945406493
2,-0.5,-0.5,1.0816000000000001,0.807516110817004
2,-0.5,-0.5,1.0832000000000002,0.8058311977428695
2,-0.5,-0.5,1.0848,0.804142464577378
2,-0.5,-0.5,1.0864,0.8024499205655793
2,-0.5,-0.5,1.088,0.8007535749383912
2,-0.5,-0.5,1.0896000000000001,0.7990534369125496
2,-0.5,-0.5,1.0912,0.7973495156905613
2,-0.5,-0.5,1.0928,0.7956418204606565
2,-0.5,-0.5,1.0944,0.7939303603967421
2,-0.5,-0.5,1.096,0.7922151446583572
2,-0.5,-0.5,1.0976000000000001,0.7904961823906278
2,-0.5,-0.5,1.0992,0.7887734827242234
2,-0.5,-0.5,1.1008,0.7870470547753144
2,-0.5,-0.5,1.1024,0.7853169076455297
2,-0.5,-0.5,1.104,0.7835830504219161
2,-0.5,-0.5,1.1056000000000001,0.781845492176898
2,-0.5,-0.5,1.1072,0.780104241968237
2,-0.5,-0.5,1.1088,0.7783593088389947
2,-0.5,-0.5,1.1104,0.7766107018174943
2,-0.5,-0.5,1.112,0.7748584299172828
2,-0.5,-0.5,1.1136000000000001,0.773102502137096
2,-0.5,-0.5,1.1152,0.7713429274608218
2,-0.5,-0.5,1.1168,0.7695797148574668
2,-0.5,-0.5,1.1184,0.7678128732811211
2,-0.5,-0.5,1.12,0.7660424116709262
2,-0.5,-0.5,1.1216000000000002,0.7642683389510417
2,-0.5,-0.5,1.1232,0.7624906640306142
2,-0.5,-0.5,1.1248,0.760709395803746
2,-0.5,-0.5,1.1264,0.7589245431494647
2,-0.5,-0.5,1.1280000000000001,0.7571361149316943
2,-0.5,-0.5,1.1296000000000002,0.755344119999226
2,-0.5,-0.5,1.1312,0.7535485671856899
2,-0.5,-0.5,1.1328,0.7517494653095274
2,-0.5,-0.5,1.1344,0.7499468231739651
2,-0.5,-0.5,1.1360000000000001,0.7481406495669884
2,-0.5,-0.5,1.1376,0.7463309532613162
2,-0.5,-0.5,1.1392,0.7445177430143753
2,-0.5,-0.5,1.1408,0.7427010275682779
2,-0.5,-0.5,1.1424,0.7408808156497964
2,-0.5,-0.5,1.1440000000000001,0.7390571159703421
2,-0.5,-0.5,1.1456,0.737229937225942
2,-0.5,-0.5,1.1472,0.7353992880972176
2,-0.5,-0.5,1.1488,0.7335651772493641
2,-0.5,-0.5,1.1504,0.7317276133321299
2,-0.5,-0.5,1.1520000000000001,0.7298866049797966
2,-0.5,-0.5,1.1536,0.7280421608111605
2,-0.5,-0.5,1.1552,0.7261942894295135
2,-0.5,-0.5,1.1568,0.7243429994226256
2,-0.5,-0.5,1.1584,0.7224882993627273
2,-0.5,-0.5,1.1600000000000001,0.7206301978064923
2,-0.5,-0.5,1.1616,0.7187687032950223
2,-0.5,-0.5,1.1632,0.7169038243538305
2,-0.5,-0.5,1.1648,0.7150355694928273
2,-0.5,-0.5,1.1664,0.713163947206304
2,-0.5,-0.5,1.1680000000000001,0.7112889659729211
2,-0.5,-0.5,1.1696,0.7094106342556931
2,-0.5,-0.5,1.1712,0.7075289605019757
2,-0.5,-0.5,1.1728,0.7056439531434542
2,-0.5,-0.5,1.1744,0.703755620596131
2,-0.5,-0.5,1.1760000000000002,0.7018639712603137
2,-0.5,-0.5,1.1776,0.6999690135206055
2,-0.5,-0.5,1.1792,0.698070755745893
2,-0.5,-0.5,1.1808,0.6961692062893376
2,-0.5,-0.5,1.1824000000000001,0.6942643734883659
2,-0.5,-0.5,1.1840000000000002,0.69235626566466
2,-0.5,-0.5,1.1856,0.6904448911241496
2,-0.5,-0.5,1.1872,0.688530258157004
2,-0.5,-0.5,1.1888,0.6866123750376242
2,-0.5,-0.5,1.1904000000000001,0.684691250024636
2,-0.5,-0.5,1.192,0.6827668913608833
2,-0.5,-0.5,1.1936,0.6808393072734221
2,-0.5,-0.5,1.1952,0.6789085059735144
2,-0.5,-0.5,1.1968,0.6769744956566229
2,-0.5,-0.5,1.1984000000000001,0.675037284502407
2,-0.5,-0.5,1.2,0.6730968806747166
2,-0.5,-0.5,1.2016,0.6711532923215897
2,-0.5,-0.5,1.2032,0.6692065275752481
2,-0.5,-0.5,1.2048,0.6672565945520942
2,-0.5,-0.5,1.2064000000000001,0.6653035013527081
2,-0.5,-0.5,1.208,0.6633472560618457
2,-0.5,-0.5,1.2096,0.6613878667484363
2,-0.5,-0.5,1.2112,0.6594253414655808
2,-0.5,-0.5,1.2128,0.6574596882505516
2,-0.5,-0.5,1.2144000000000001,0.65549091512479
2,-0.5,-0.5,1.216,0.6535190300939072
2,-0.5,-0.5,1.2176,0.6515440411476839
2,-0.5,-0.5,1.2192,0.6495659562600704
2,-0.5,-0.5,1.2208,0.6475847833891871
2,-0.5,-0.5,1.2224000000000002,0.645600530477326
2,-0.5,-0.5,1.224,0.643613205450952
2,-0.5,-0.5,1.2256,0.6416228162207044
2,-0.5,-0.5,1.2272,0.6396293706813989
2,-0.5,-0.5,1.2288000000000001,0.6376328767120308
2,-0.5,-0.5,1.2304000000000002,0.6356333421757767
2,-0.5,-0.5,1.232,0.6336307749199989
2,-0.5,-0.5,1.2336,0.631625182776247
2,-0.5,-0.5,1.2352,0.629616573560264
2,-0.5,-0.5,1.2368000000000001,0.6276049550719885
2,-0.5,-0.5,1.2384000000000002,0.6255903350955602
2,-0.5,-0.5,1.24,0.6235727213993241
2,-0.5,-0.5,1.2416,0.6215521217358357
2,-0.5,-0.5,1.2432,0.6195285438418668
2,-0.5,-0.5,1.2448000000000001,0.6175019954384104
2,-0.5,-0.5,1.2464,0.6154724842306873
2,-0.5,-0.5,1.248,0.6134400179081522
2,-0.5,-0.5,1.2496,0.6114046041444998
2,-0.5,-0.5,1.2512,0.6093662505976725
2,-0.5,-0.5,1.2528000000000001,0.6073249649098666
2,-0.5,-0.5,1.2544,0.6052807547075412
2,-0.5,-0.5,1.256,0.6032336276014236
2,-0.5,-0.5,1.2576,0.6011835911865199
2,-0.5,-0.5,1.2592,0.5991306530421213
2,-0.5,-0.5,1.2608000000000001,0.5970748207318134
2,-0.5,-0.5,1.2624,0.5950161018034849
2,-0.5,-0.5,1.264,0.5929545037893365
2,-0.5,-0.5,1.2656,0.5908900342058906
2,-0.5,-0.5,1.2672,0.5888227005540005
2,-0.5,-0.5,1.2688000000000001,0.5867525103188604
2,-0.5,-0.5,1.2704,0.5846794709700154
2,-0.5,-0.5,1.272,0.5826035899613716
2,-0.5,-0.5,1.2736,0.5805248747312072
2,-0.5,-0.5,1.2752000000000001,0.5784433327021827
2,-0.5,-0.5,1.2768000000000002,0.5763589712813525
2,-0.5,-0.5,1.2784,0.5742717978601755
2,-0.5,-0.5,1.28,0.5721818198145272
2,-0.5,-0.5,1.2816,0.5700890445047112
2,-0.5,-0.5,1.2832000000000001,0.5679934792754711
2,-0.5,-0.5,1.2848000000000002,0.5658951314560026
2,-0.5,-0.5,1.2864,0.5637940083599658
2,-0.5,-0.5,1.288,0.5616901172854987
2,-0.5,-0.5,1.2896,0.5595834655152286
2,-0.5,-0.5,1.2912000000000001,0.5574740603162863
2,-0.5,-0.5,1.2928000000000002,0.5553619089403183
2,-0.5,-0.5,1.2944,0.5532470186235013
2,-0.5,-0.5,1.296,0.5511293965865555
2,-0.5,-0.5,1.2976,0.5490090500347574
2,-0.5,-0.5,1.2992000000000001,0.5468859861579557
2,-0.5,-0.5,1.3008,0.544760212130584
2,-0.5,-0.5,1.3024,0.5426317351116757
2,-0.5,-0.5,1.304,0.540500562244879
2,-0.5,-0.5,1.3056,0.5383667006584709
2,-0.5,-0.5,1.3072000000000001,0.5362301574653732
2,-0.5,-0.5,1.3088,0.5340909397631664
2,-0.5,-0.5,1.3104,0.531949054634106
2,-0.5,-0.5,1.312,0.5298045091451379
2,-0.5,-0.5,1.3136,0.5276573103479136
2,-0.5,-0.5,1.3152000000000001,0.5255074652788064
2,-0.5,-0.5,1.3168,0.5233549809589275
2,-0.5,-0.5,1.3184,0.5211998643941418
2,-0.5,-0.5,1.32,0.5190421225750845
2,-0.5,-0.5,1.3216,0.516881762477178
2,-0.5,-0.5,1.3232000000000002,0.5147187910606473
2,-0.5,-0.5,1.3248,0.5125532152705385
2,-0.5,-0.5,1.3264,0.5103850420367345
2,-0.5,-0.5,1.328,0.5082142782739729
2,-0.5,-0.5,1.3296000000000001,0.5060409308818626
2,-0.5,-0.5,1.3312000000000002,0.5038650067449018
2,-0.5,-0.5,1.3328,0.5016865127324951
2,-0.5,-0.5,1.3344,0.49950545569897176
2,-0.5,-0.5,1.336,0.49732184248360306
2,-0.5,-0.5,1.3376000000000001,0.4951356799106206
2,-0.5,-0.5,1.3392000000000002,0.49294697478923427
2,-0.5,-0.5,1.3408,0.4907557339136506
2,-0.5,-0.5,1.3424,0.48856196406309105
2,-0.5,-0.5,1.344,0.4863656720018107
2,-0.5,-0.5,1.3456000000000001,0.4841668644791166
2,-0.5,-0.5,1.3472000000000002,0.48196554822938714
2,-0.5,-0.5,1.3488,0.4797617299720902
2,-0.5,-0.5,1.3504,0.47755541641180277
2,-0.5,-0.5,1.352,0.4753466142382299
2,-0.5,-0.5,1.3536000000000001,0.47313533012622383
2,-0.5,-0.5,1.3552,0.47092157073580365
2,-0.5,-0.5,1.3568,0.4687053427121747
2,-0.5,-0.5,1.3584,0.46648665268574796
2,-0.5,-0.5,1.36,0.46426550727216026
2,-0.5,-0.5,1.3616000000000001,0.46204191307229353
2,-0.5,-0.5,1.3632,0.4598158766722953
2,-0.5,-0.5,1.3648,0.45758740464359815
2,-0.5,-0.5,1.3664,0.4553565035429407
2,-0.5,-0.5,1.368,0.45312317991238704
2,-0.5,-0.5,1.3696000000000002,0.4508874402793475
2,-0.5,-0.5,1.3712,0.44864929115659913
2,-0.5,-0.5,1.3728,0.446408739042306
2,-0.5,-0.5,1.3744,0.4441657904200402
2,-0.5,-0.5,1.3760000000000001,0.44192045175880235
2,-0.5,-0.5,1.3776000000000002,0.43967272951304254
2,-0.5,-0.5,1.3792,0.4374226301226811
2,-0.5,-0.5,1.3808,0.43517016001312986
2,-0.5,-0.5,1.3824,0.4329153255953132
2,-0.5,-0.5,1.3840000000000001,0.430658133265689
2,-0.5,-0.5,1.3856000000000002,0.4283985894062704
2,-0.5,-0.5,1.3872,0.4261367003846466
2,-0.5,-0.5,1.3888,0.42387247255400473
2,-0.5,-0.5,1.3904,0.42160591225315125
2,-0.5,-0.5,1.3920000000000001,0.4193370258065335
2,-0.5,-0.5,1.3936000000000002,0.41706581952426136
2,-0.5,-0.5,1.3952,0.4147922997021292
2,-0.5,-0.5,1.3968,0.41251647262163754
2,-0.5,-0.5,1.3984,0.41023834455001496
2,-0.5,-0.5,1.4000000000000001,0.40795792174024026
2,-0.5,-0.5,1.4016,0.40567521043106414
2,-0.5,-0.5,1.4032,0.4033902168470319
2,-0.5,-0.5,1.4048,0.40110294719850503
2,-0.5,-0.5,1.4064,0.3988134076816839
2,-0.5,-0.5,1.4080000000000001,0.39652160447862966
2,-0.5,-0.5,1.4096,0.39422754375728697
2,-0.5,-0.5,1.4112,0.39193123167150656
2,-0.5,-0.5,1.4128,0.38963267436106724
2,-0.5,-0.5,1.4144,0.3873318779516988
2,-0.5,-0.5,1.4160000000000001,0.3850288485551048
2,-0.5,-0.5,1.4176,0.38272359226898467
2,-0.5,-0.5,1.4192,0.38041611517705715
2,-0.5,-0.5,1.4208,0.3781064233490825
2,-0.5,-0.5,1.4224,0.3757945228408858
2,-0.5,-0.5,1.4240000000000002,0.3734804196943795
2,-0.5,-0.5,1.4256,0.37116411993758675
2,-0.5,-0.5,1.4272,0.3688456295846638
2,-0.5,-0.5,1.4288,0.366524954635924
2,-0.5,-0.5,1.4304000000000001,0.3642021010778597
2,-0.5,-0.5,1.4320000000000002,0.3618770748831665
2,-0.5,-0.5,1.4336,0.35954988201076576
2,-0.5,-0.5,1.4352,0.3572205284058282
2,-0.5,-0.5,1.4368,0.3548890199997969
2,-0.5,-0.5,1.4384000000000001,0.3525553627104108
2,-0.5,-0.5,1.4400000000000002,0.35021956244172825
2,-0.5,-0.5,1.4416,0.34788162508414994
2,-0.5,-0.5,1.4432,0.34554155651444274
2,-0.5,-0.5,1.4448,0.343199362595763
2,-0.5,-0.5,1.4464000000000001,0.3408550491776802
2,-0.5,-0.5,1.4480000000000002,0.3385086220962005
2,-0.5,-0.5,1.4496,0.3361600871737901
2,-0.5,-0.5,1.4512,0.33380945021939934
2,-0.5,-0.5,1.4528,0.3314567170284858
2,-0.5,-0.5,1.4544000000000001,0.32910189338303836
2,-0.5,-0.5,1.456,0.3267449850516009
2,-0.5,-0.5,1.4576,0.324385997789296
2,-0.5,-0.5,1.4592,0.3220249373378487
2,-0.5,-0.5,1.4608,0.3196618094256105
2,-0.5,-0.5,1.4624000000000001,0.3172966197675827
2,-0.5,-0.5,1.464,0.3149293740654412
2,-0.5,-0.5,1.4656,0.31256007800755925
2,-0.5,-0.5,1.4672,0.31018873726903234
2,-0.5,-0.5,1.4688,0.30781535751170164
2,-0.5,-0.5,1.4704000000000002,0.3054399443841781
2,-0.5,-0.5,1.472,0.30306250352186653
2,-0.5,-0.5,1.4736,0.30068304054698947
2,-0.5,-0.5,1.4752,0.29830156106861133
2,-0.5,-0.5,1.4768000000000001,0.29591807068266235
2,-0.5,-0.5,1.4784000000000002,0.2935325749719629
2,-0.5,-0.5,1.48,0.2911450795062473
2,-0.5,-0.5,1.4816,0.28875558984218813
2,-0.5,-0.5,1.4832,0.28636411152342034
2,-0.5,-0.5,1.4848000000000001,0.2839706500805652
2,-0.5,-0.5,1.4864000000000002,0.2815752110312548
2,-0.5,-0.5,1.488,0.279177799880156
2,-0.5,-0.5,1.4896,0.2767784221189946
2,-0.5,-0.5,1.4912,0.27437708322657983
2,-0.5,-0.5,1.4928000000000001,0.27197378866882804
2,-0.5,-0.5,1.4944000000000002,0.2695685438987876
2,-0.5,-0.5,1.496,0.2671613543566626
2,-0.5,-0.5,1.4976,0.2647522254698374
2,-0.5,-0.5,1.4992,0.2623411626529008
2,-0.5,-0.5,1.5008000000000001,0.2599281713076704
2,-0.5,-0.5,1.5024000000000002,0.2575132568232165
2,-0.5,-0.5,1.504,0.2550964245758871
2,-0.5,-0.5,1.5056,0.25267767992933154
2,-0.5,-0.5,1.5072,0.25025702823452506
2,-0.5,-0.5,1.5088000000000001,0.2478344748297933
2,-0.5,-0.5,1.5104,0.24541002504083606
2,-0.5,-0.5,1.512,0.24298368418075234
2,-0.5,-0.5,1.5136,0.24055545755006408
2,-0.5,-0.5,1.5152,0.23812535043674085
2,-0.5,-0.5,1.5168000000000001,0.2356933681162239
2,-0.5,-0.5,1.5184,0.23325951585145077
2,-0.5,-0.5,1.52,0.23082379889287938
2,-0.5,-0.5,1.5216,0.22838622247851248
2,-0.5,-0.5,1.5232,0.225946791833922
2,-0.5,-0.5,1.5248000000000002,0.22350551217227335
2,-0.5,-0.5,1.5264,0.2210623886943498
2,-0.5,-0.5,1.528,0.21861742658857675
2,-0.5,-0.5,1.5296,0.216170631031046
2,-0.5,-0.5,1.5312000000000001,0.2137220071855403
2,-0.5,-0.5,1.5328000000000002,0.2112715602035574
2,-0.5,-0.5,1.5344,0.2088192952243346
2,-0.5,-0.5,1.536,0.20636521737487298
2,-0.5,-0.5,1.5376,0.20390933176996165
2,-0.5,-0.5,1.5392000000000001,0.20145164351220218
2,-0.5,-0.5,1.5408000000000002,0.19899215769203277
2,-0.5,-0.5,1.5424,0.19653087938775268
2,-0.5,-0.5,1.544,0.19406781366554646
2,-0.5,-0.5,1.5456,0.19160296557950818
2,-0.5,-0.5,1.5472000000000001,0.18913634017166575
2,-0.5,-0.5,1.5488000000000002,0.18666794247200524
2,-0.5,-0.5,1.5504,0.18419777749849506
2,-0.5,-0.5,1.552,0.18172585025711033
2,-0.5,-0.5,1.5536,0.17925216574185682
2,-0.5,-0.5,1.5552000000000001,0.17677672893479562
2,-0.5,-0.5,1.5568000000000002,0.17429954480606705
2,-0.5,-0.5,1.5584,0.17182061831391485
2,-0.5,-0.5,1.56,0.1693399544047106
2,-0.5,-0.5,1.5616,0.1668575580129778
2,-0.5,-0.5,1.5632000000000001,0.16437343406141594
2,-0.5,-0.5,1.5648,0.16188758746092477
2,-0.5,-0.5,1.5664,0.1594000231106285
2,-0.5,-0.5,1.568,0.15691074589789986
2,-0.5,-0.5,1.5696,0.1544197606983842
2,-0.5,-0.5,1.5712000000000002,0.1519270723760236
2,-0.5,-0.5,1.5728,0.14943268578308097
2,-0.5,-0.5,1.5744,0.1469366057601643
2,-0.5,-0.5,1.576,0.1444388371362504
2,-0.5,-0.5,1.5776000000000001,0.14193938472870923
2,-0.5,-0.5,1.5792000000000002,0.13943825334332782
2,-0.5,-0.5,1.5808,0.13693544777433425
2,-0.5,-0.5,1.5824,0.13443097280442173
2,-0.5,-0.5,1.584,0.13192483320477247
2,-0.5,-0.5,1.5856000000000001,0.1294170337350818
2,-0.5,-0.5,1.5872000000000002,0.12690757914358197
2,-0.5,-0.5,1.5888,0.12439647416706617
2,-0.5,-0.5,1.5904,0.1218837235309124
2,-0.5,-0.5,1.592,0.11936933194910734
2,-0.5,-0.5,1.5936000000000001,0.11685330412427031
2,-0.5,-0.5,1.5952000000000002,0.11433564474767698
2,-0.5,-0.5,1.5968,0.11181635849928334
2,-0.5,-0.5,1.5984,0.10929545004774949
2,-0.5,-0.5,1.6,0.10677292405046333
2,-0.5,-0.5,1.6016000000000001,0.10424878515356438
2,-0.5,-0.5,1.6032000000000002,0.10172303799196764
2,-0.5,-0.5,1.6048,0.09919568718938712
2,-0.5,-0.5,1.6064,0.09666673735835973
2,-0.5,-0.5,1.608,0.09413619310026884
2,-0.5,-0.5,1.6096000000000001,0.09160405900536804
2,-0.5,-0.5,1.6112000000000002,0.08907033965280464
2,-0.5,-0.5,1.6128,0.08653503961064346
2,-0.5,-0.5,1.6144,0.08399816343589027
2,-0.5,-0.5,1.616,0.08145971567451546
2,-0.5,-0.5,1.6176000000000001,0.07891970086147757
2,-0.5,-0.5,1.6192,0.07637812352074676
2,-0.5,-0.5,1.6208,0.07383498816532834
2,-0.5,-0.5,1.6224,0.07129029929728627
2,-0.5,-0.5,1.624,0.06874406140776657
2,-0.5,-0.5,1.6256000000000002,0.0661962789770208
2,-0.5,-0.5,1.6272,0.06364695647442933
2,-0.5,-0.5,1.6288,0.06109609835852491
2,-0.5,-0.5,1.6304,0.05854370907701582
2,-0.5,-0.5,1.6320000000000001,0.05598979306680931
2,-0.5,-0.5,1.6336000000000002,0.053434354754034886
2,-0.5,-0.5,1.6352,0.05087739855406753
2,-0.5,-0.5,1.6368,0.048318928871550974
2,-0.5,-0.5,1.6384,0.04575895010042092
2,-0.5,-0.5,1.6400000000000001,0.0431974666239282
2,-0.5,-0.5,1.6416000000000002,0.04063448281466199
2,-0.5,-0.5,1.6432,0.03807000303457289
2,-0.5,-0.5,1.6448,0.03550403163499605
2,-0.5,-0.5,1.6464,0.03293657295667424
2,-0.5,-0.5,1.6480000000000001,0.030367631329780896
2,-0.5,-0.5,1.6496000000000002,0.027797211073943177
2,-0.5,-0.5,1.6512,0.025225316498264906
2,-0.5,-0.5,1.6528,0.022651951901349575
2,-0.5,-0.5,1.6544,0.020077121571323256
2,-0.5,-0.5,1.6560000000000001,0.017500829785857517
2,-0.5,-0.5,1.6576000000000002,0.01492308081219229
2,-0.5,-0.5,1.6592,0.012343878907158722
2,-0.5,-0.5,1.6608,0.009763228317201993
2,-0.5,-0.5,1.6624,0.007181133278404099
2,-0.5,-0.5,1.6640000000000001,0.004597598016506622
2,-0.5,-0.5,1.6656,0.002012626746933427
2,-0.5,-0.5,1.6672,-0.0005737763251866051
2,-0.5,-0.5,1.6688,-0.003161607004996938
2,-0.5,-0.5,1.6704,-0.005750861107890731
2,-0.5,-0.5,1.6720000000000002,-0.00834153445948824
2,-0.5,-0.5,1.6736,-0.010933622895614255
2,-0.5,-0.5,1.6752,-0.013527122262275532
2,-0.5,-0.5,1.6768,-0.016122028415638305
2,-0.5,-0.5,1.6784000000000001,-0.0187183372220058
2,-0.5,-0.5,1.6800000000000002,-0.021316044557795788
2,-0.5,-0.5,1.6816,-0.023915146309518163
2,-0.5,-0.5,1.6832,-0.02651563837375259
2,-0.5,-0.5,1.6848,-0.029117516657126103
2,-0.5,-0.5,1.6864000000000001,-0.03172077707629082
2,-0.5,-0.5,1.6880000000000002,-0.034325415557901647
2,-0.5,-0.5,1.6896,-0.036931428038594026
2,-0.5,-0.5,1.6912,-0.039538810464961716
2,-0.5,-0.5,1.6928,-0.042147558793534594
2,-0.5,-0.5,1.6944000000000001,-0.04475766899075651
2,-0.5,-0.5,1.6960000000000002,-0.04736913703296316
2,-0.5,-0.5,1.6976,-0.04998195890636
2,-0.5,-0.5,1.6992,-0.05259613060700019
2,-0.5,-0.5,1.7008,-0.05521164814076254
2,-0.5,-0.5,1.7024000000000001,-0.057828507523329575
2,-0.5,-0.5,1.7040000000000002,-0.06044670478016554
2,-0.5,-0.5,1.7056,-0.06306623594649449
2,-0.5,-0.5,1.7072,-0.06568709706727842
2,-0.5,-0.5,1.7088,-0.06830928419719536
2,-0.5,-0.5,1.7104000000000001,-0.07093279340061762
2,-0.5,-0.5,1.7120000000000002,-0.07355762075158992
2,-0.5,-0.5,1.7136,-0.07618376233380772
2,-0.5,-0.5,1.7152,-0.0788112142405955
2,-0.5,-0.5,1.7168,-0.08143997257488501
2,-0.5,-0.5,1.7184000000000001,-0.08407003344919366
2,-0.5,-0.5,1.72,-0.08670139298560291
2,-0.5,-0.5,1.7216,-0.08933404731573669
2,-0.5,-0.5,1.7232,-0.09196799258073986
2,-0.5,-0.5,1.7248,-0.09460322493125667
2,-0.5,-0.5,1.7264000000000002,-0.09723974052740934
2,-0.5,-0.5,1.728,-0.09987753553877658
2,-0.5,-0.5,1.7296,-0.10251660614437218
2,-0.5,-0.5,1.7312,-0.10515694853262364
2,-0.5,-0.5,1.7328000000000001,-0.10779855890135091
2,-0.5,-0.5,1.7344000000000002,-0.11044143345774499
2,-0.5,-0.5,1.736,-0.1130855684183467
2,-0.5,-0.5,1.7376,-0.11573096000902551
2,-0.5,-0.5,1.7392,-0.11837760446495826
2,-0.5,-0.5,1.7408000000000001,-0.12102549803060812
2,-0.5,-0.5,1.7424000000000002,-0.12367463695970331
2,-0.5,-0.5,1.744,-0.12632501751521613
2,-0.5,-0.5,1.7456,-0.12897663596934192
2,-0.5,-0.5,1.7472,-0.131629488603478
2,-0.5,-0.5,1.7488000000000001,-0.13428357170820263
2,-0.5,-0.5,1.7504000000000002,-0.1369388815832543
2,-0.5,-0.5,1.752,-0.13959541453751054
2,-0.5,-0.5,1.7536,-0.14225316688896725
2,-0.5,-0.5,1.7552,-0.14491213496471772
2,-0.5,-0.5,1.7568000000000001,-0.14757231510093208
2,-0.5,-0.5,1.7584000000000002,-0.15023370364283622
2,-0.5,-0.5,1.76,-0.15289629694469128
2,-0.5,-0.5,1.7616,-0.15556009136977297
2,-0.5,-0.5,1.7632,-0.15822508329035073
2,-0.5,-0.5,1.7648000000000001,-0.16089126908766738
2,-0.5,-0.5,1.7664000000000002,-0.16355864515191834
2,-0.5,-0.5,1.768,-0.16622720788223116
2,-0.5,-0.5,1.7696,-0.1688969536866451
2,-0.5,-0.5,1.7712,-0.17156787898209044
2,-0.5,-0.5,1.7728000000000002,-0.17423998019436834
2,-0.5,-0.5,1.7744,-0.17691325375813022
2,-0.5,-0.5,1.776,-0.1795876961168575
2,-0.5,-0.5,1.7776,-0.1822633037228412
2,-0.5,-0.5,1.7792000000000001,-0.18494007303716187
2,-0.5,-0.5,1.7808000000000002,-0.1876180005296691
2,-0.5,-0.5,1.7824,-0.1902970826789614
2,-0.5,-0.5,1.784,-0.19297731597236603
2,-0.5,-0.5,1.7856,-0.19565869690591894
2,-0.5,-0.5,1.7872000000000001,-0.19834122198434465
2,-0.5,-0.5,1.7888000000000002,-0.20102488772103597
2,-0.5,-0.5,1.7904,-0.20370969063803432
2,-0.5,-0.5,1.792,-0.2063956272660095
2,-0.5,-0.5,1.7936,-0.20908269414423983
2,-0.5,-0.5,1.7952000000000001,-0.21177088782059228
2,-0.5,-0.5,1.7968000000000002,-0.21446020485150247
2,-0.5,-0.5,1.7984,-0.21715064180195495
2,-0.5,-0.5,1.8,-0.21984219524546333
2,-0.5,-0.5,1.8016,-0.22253486176405063
2,-0.5,-0.5,1.8032000000000001,-0.22522863794822942
2,-0.5,-0.5,1.8048000000000002,-0.2279235203969821
2,-0.5,-0.5,1.8064,-0.2306195057177415
2,-0.5,-0.5,1.808,-0.233316590526371
2,-0.5,-0.5,1.8096,-0.236014771447145
2,-0.5,-0.5,1.8112000000000001,-0.2387140451127296
2,-0.5,-0.5,1.8128000000000002,-0.24141440816416274
2,-0.5,-0.5,1.8144,-0.24411585725083512
2,-0.5,-0.5,1.816,-0.24681838903047051
2,-0.5,-0.5,1.8176,-0.24952200016910636
2,-0.5,-0.5,1.8192000000000002,-0.2522266873410747
2,-0.5,-0.5,1.8208000000000002,-0.25493244722898245
2,-0.5,-0.5,1.8224,-0.25763927652369245
2,-0.5,-0.5,1.824,-0.2603471719243042
2,-0.5,-0.5,1.8256000000000001,-0.26305613013813445
2,-0.5,-0.5,1.8272000000000002,-0.2657661478806982
2,-0.5,-0.5,1.8288,-0.26847722187568956
2,-0.5,-0.5,1.8304,-0.2711893488549626
2,-0.5,-0.5,1.832,-0.27390252555851236
2,-0.5,-0.5,1.8336000000000001,-0.27661674873445574
2,-0.5,-0.5,1.8352000000000002,-0.2793320151390126
2,-0.5,-0.5,1.8368,-0.282048321536487
2,-0.5,-0.5,1.8384,-0.28476566469924786
2,-0.5,-0.5,1.84,-0.2874840414077105
2,-0.5,-0.5,1.8416000000000001,-0.2902034484503176
2,-0.5,-0.5,1.8432000000000002,-0.2929238826235205
2,-0.5,-0.5,1.8448,-0.29564534073176035
2,-0.5,-0.5,1.8464,-0.29836781958744957
2,-0.5,-0.5,1.848,-0.30109131601095285
2,-0.5,-0.5,1.8496000000000001,-0.303815826830569
2,-0.5,-0.5,1.8512000000000002,-0.3065413488825119
2,-0.5,-0.5,1.8528,-0.3092678790108921
2,-0.5,-0.5,1.8544,-0.3119954140676983
2,-0.5,-0.5,1.856,-0.31472395091277894
2,-0.5,-0.5,1.8576000000000001,-0.3174534864138236
2,-0.5,-0.5,1.8592000000000002,-0.32018401744634456
2,-0.5,-0.5,1.8608,-0.32291554089365876
2,-0.5,-0.5,1.8624,-0.32564805364686883
2,-0.5,-0.5,1.864,-0.32838155260484536
2,-0.5,-0.5,1.8656000000000001,-0.33111603467420847
2,-0.5,-0.5,1.8672000000000002,-0.3338514967693094
2,-0.5,-0.5,1.8688,-0.3365879358122128
2,-0.5,-0.5,1.8704,-0.3393253487326777
2,-0.5,-0.5,1.872,-0.34206373246814026
2,-0.5,-0.5,1.8736000000000002,-0.34480308396369524
2,-0.5,-0.5,1.8752000000000002,-0.3475434001720782
2,-0.5,-0.5,1.8768,-0.3502846780536472
2,-0.5,-0.5,1.8784,-0.3530269145763651
2,-0.5,-0.5,1.8800000000000001,-0.3557701067157813
2,-0.5,-0.5,1.8816000000000002,-0.3585142514550143
2,-0.5,-0.5,1.8832,-0.36125934578473357
2,-0.5,-0.5,1.8848,-0.3640053867031416
2,-0.5,-0.5,1.8864,-0.36675237121595644
2,-0.5,-0.5,1.8880000000000001,-0.3695002963363936
2,-0.5,-0.5,1.8896000000000002,-0.3722491590851486
2,-0.5,-0.5,1.8912,-0.3749989564903793
2,-0.5,-0.5,1.8928,-0.3777496855876881
2,-0.5,-0.5,1.8944,-0.3805013434201045
2,-0.5,-0.5,1.8960000000000001,-0.3832539270380673
2,-0.5,-0.5,1.8976000000000002,-0.3860074334994074
2,-0.5,-0.5,1.8992,-0.3887618598693299
2,-0.5,-0.5,1.9008,-0.39151720322039696
2,-0.5,-0.5,1.9024,-0.3942734606325105
2,-0.5,-0.5,1.9040000000000001,-0.3970306291928945
2,-0.5,-0.5,1.9056000000000002,-0.3997887059960777
2,-0.5,-0.5,1.9072,-0.4025476881438764
2,-0.5,-0.5,1.9088,-0.4053075727453772
2,-0.5,-0.5,1.9104,-0.40806835691691973
2,-0.5,-0.5,1.9120000000000001,-0.4108300377820794
2,-0.5,-0.5,1.9136000000000002,-0.4135926124716503
2,-0.5,-0.5,1.9152,-0.41635607812362807
2,-0.5,-0.5,1.9168,-0.4191204318831929
2,-0.5,-0.5,1.9184,-0.42188567090269213
2,-0.5,-0.5,1.9200000000000002,-0.42465179234162365
2,-0.5,-0.5,1.9216000000000002,-0.4274187933666188
2,-0.5,-0.5,1.9232,-0.4301866711514254
2,-0.5,-0.5,1.9248,-0.4329554228768905
2,-0.5,-0.5,1.9264000000000001,-0.4357250457309444
2,-0.5,-0.5,1.9280000000000002,-0.4384955369085827
2,-0.5,-0.5,1.9296,-0.4412668936118501
2,-0.5,-0.5,1.9312,-0.44403911304982413
2,-0.5,-0.5,1.9328,-0.4468121924385974
2,-0.5,-0.5,1.9344000000000001,-0.44958612900126127
2,-0.5,-0.5,1.9360000000000002,-0.4523609199678897
2,-0.5,-0.5,1.9376,-0.4551365625755221
2,-0.5,-0.5,1.9392,-0.4579130540681467
2,-0.5,-0.5,1.9408,-0.46069039169668446
2,-0.5,-0.5,1.9424000000000001,-0.4634685727189721
2,-0.5,-0.5,1.9440000000000002,-0.4662475943997461
2,-0.5,-0.5,1.9456,-0.4690274540106257
2,-0.5,-0.5,1.9472,-0.47180814883009664
2,-0.5,-0.5,1.9488,-0.4745896761434954
2,-0.5,-0.5,1.9504000000000001,-0.47737203324299193
2,-0.5,-0.5,1.9520000000000002,-0.48015521742757405
2,-0.5,-0.5,1.9536,-0.48293922600303096
2,-0.5,-0.5,1.9552,-0.48572405628193693
2,-0.5,-0.5,1.9568,-0.48850970558363516
2,-0.5,-0.5,1.9584000000000001,-0.49129617123422153
2,-0.5,-0.5,1.9600000000000002,-0.49408345056652897
2,-0.5,-0.5,1.9616,-0.49687154092011065
2,-0.5,-0.5,1.9632,-0.4996604396412244
2,-0.5,-0.5,1.9648,-0.5024501440828165
2,-0.5,-0.5,1.9664000000000001,-0.505240651604506
2,-0.5,-0.5,1.9680000000000002,-0.5080319595725683
2,-0.5,-0.5,1.9696,-0.5108240653599194
2,-0.5,-0.5,1.9712,-0.5136169663461004
2,-0.5,-0.5,1.9728,-0.5164106599172614
2,-0.5,-0.5,1.9744000000000002,-0.5192051434661453
2,-0.5,-0.5,1.9760000000000002,-0.5220004143920728
2,-0.5,-0.5,1.9776,-0.524796470100926
2,-0.5,-0.5,1.9792,-0.5275933080051329
2,-0.5,-0.5,1.9808000000000001,-0.5303909255236523
2,-0.5,-0.5,1.9824000000000002,-0.533189320081957
2,-0.5,-0.5,1.984,-0.5359884891120192
2,-0.5,-0.5,1.9856,-0.5387884300522948
2,-0.5,-0.5,1.9872,-0.5415891403477071
2,-0.5,-0.5,1.9888000000000001,-0.5443906174496324
2,-0.5,-0.5,1.9904000000000002,-0.5471928588158838
2,-0.5,-0.5,1.992,-0.5499958619106959
2,-0.5,-0.5,1.9936,-0.5527996242047101
2,-0.5,-0.5,1.9952,-0.555604143174958
2,-0.5,-0.5,1.9968000000000001,-0.5584094163048468
2,-0.5,-0.5,1.9984000000000002,-0.5612154410841441
2,-0.5,-0.5,2.0,-0.5640222150089628
2,-0.5,-0.5,2.0016000000000003,-0.566829735581745
2,-0.5,-0.5,2.0032,-0.5696380003112478
2,-0.5,-0.5,2.0048,-0.5724470067125274
2,-0.5,-0.5,2.0064,-0.5752567523069246
2,-0.5,-0.5,2.008,-0.5780672346220495
2,-0.5,-0.5,2.0096000000000003,-0.580878451191766
2,-0.5,-0.5,2.0112,-0.5836903995561772
2,-0.5,-0.5,2.0128,-0.5865030772616111
2,-0.5,-0.5,2.0144,-0.5893164818606041
2,-0.5,-0.5,2.016,-0.5921306109118873
2,-0.5,-0.5,2.0176000000000003,-0.5949454619803711
2,-0.5,-0.5,2.0192,-0.5977610326371308
2,-0.5,-0.5,2.0208,-0.6005773204593908
2,-0.5,-0.5,2.0224,-0.6033943230305113
2,-0.5,-0.5,2.024,-0.6062120379399725
2,-0.5,-0.5,2.0256000000000003,-0.6090304627833598
2,-0.5,-0.5,2.0272,-0.6118495951623497
2,-0.5,-0.5,2.0288,-0.6146694326846949
2,-0.5,-0.5,2.0304,-0.6174899729642098
2,-0.5,-0.5,2.032,-0.6203112136207554
2,-0.5,-0.5,2.0336000000000003,-0.6231331522802257
2,-0.5,-0.5,2.0352,-0.6259557865745324
2,-0.5,-0.5,2.0368,-0.6287791141415904
2,-0.5,-0.5,2.0384,-0.6316031326253041
2,-0.5,-0.5,2.04,-0.6344278396755522
2,-0.5,-0.5,2.0416000000000003,-0.6372532329481736
2,-0.5,-0.5,2.0432,-0.640079310104953
2,-0.5,-0.5,2.0448,-0.6429060688136069
2,-0.5,-0.5,2.0464,-0.6457335067477689
2,-0.5,-0.5,2.048,-0.6485616215869755
2,-0.5,-0.5,2.0496000000000003,-0.651390411016652
2,-0.5,-0.5,2.0512,-0.6542198727280985
2,-0.5,-0.5,2.0528,-0.6570500044184752
2,-0.5,-0.5,2.0544000000000002,-0.6598808037907888
2,-0.5,-0.5,2.056,-0.6627122685538783
2,-0.5,-0.5,2.0576000000000003,-0.6655443964224005
2,-0.5,-0.5,2.0592,-0.6683771851168167
2,-0.5,-0.5,2.0608,-0.671210632363378
2,-0.5,-0.5,2.0624000000000002,-0.674044735894112
2,-0.5,-0.5,2.064,-0.6768794934468081
2,-0.5,-0.5,2.0656,-0.6797149027650045
2,-0.5,-0.5,2.0672,-0.6825509615979732
2,-0.5,-0.5,2.0688,-0.6853876677007077
2,-0.5,-0.5,2.0704000000000002,-0.6882250188339077
2,-0.5,-0.5,2.072,-0.6910630127639661
2,-0.5,-0.5,2.0736,-0.693901647262955
2,-0.5,-0.5,2.0752,-0.6967409201086121
2,-0.5,-0.5,2.0768,-0.6995808290843274
2,-0.5,-0.5,2.0784000000000002,-0.7024213719791284
2,-0.5,-0.5,2.08,-0.7052625465876682
2,-0.5,-0.5,2.0816,-0.7081043507102102
2,-0.5,-0.5,2.0832,-0.7109467821526155
2,-0.5,-0.5,2.0848,-0.7137898387263294
2,-0.5,-0.5,2.0864000000000003,-0.7166335182483674
2,-0.5,-0.5,2.088,-0.7194778185413024
2,-0.5,-0.5,2.0896,-0.7223227374332504
2,-0.5,-0.5,2.0912,-0.7251682727578582
2,-0.5,-0.5,2.0928,-0.7280144223542893
2,-0.5,-0.5,2.0944000000000003,-0.7308611840672101
2,-0.5,-0.5,2.096,-0.7337085557467781
2,-0.5,-0.5,2.0976,-0.7365565352486269
2,-0.5,-0.5,2.0992,-0.7394051204338544
2,-0.5,-0.5,2.1008,-0.7422543091690089
2,-0.5,-0.5,2.1024000000000003,-0.7451040993260755
2,-0.5,-0.5,2.104,-0.7479544887824641
2,-0.5,-0.5,2.1056,-0.7508054754209951
2,-0.5,-0.5,2.1072,-0.7536570571298873
2,-0.5,-0.5,2.1088,-0.7565092318027435
2,-0.5,-0.5,2.1104000000000003,-0.7593619973385397
2,-0.5,-0.5,2.112,-0.7622153516416096
2,-0.5,-0.5,2.1136,-0.7650692926216333
2,-0.5,-0.5,2.1152,-0.7679238181936234
2,-0.5,-0.5,2.1168,-0.7707789262779131
2,-0.5,-0.5,2.1184000000000003,-0.7736346148001422
2,-0.5,-0.5,2.12,-0.776490881691245
2,-0.5,-0.5,2.1216,-0.7793477248874375
2,-0.5,-0.5,2.1232,-0.782205142330204
2,-0.5,-0.5,2.1248,-0.7850631319662851
2,-0.5,-0.5,2.1264000000000003,-0.7879216917476641
2,-0.5,-0.5,2.128,-0.7907808196315551
2,-0.5,-0.5,2.1296,-0.7936405135803902
2,-0.5,-0.5,2.1312,-0.7965007715618063
2,-0.5,-0.5,2.1328,-0.7993615915486332
2,-0.5,-0.5,2.1344000000000003,-0.8022229715188804
2,-0.5,-0.5,2.136,-0.805084909455725
2,-0.5,-0.5,2.1376,-0.8079474033474988
2,-0.5,-0.5,2.1392,-0.8108104511876764
2,-0.5,-0.5,2.1408,-0.8136740509748618
2,-0.5,-0.5,2.1424000000000003,-0.8165382007127772
2,-0.5,-0.5,2.144,-0.8194028984102493
2,-0.5,-0.5,2.1456,-0.8222681420811978
2,-0.5,-0.5,2.1472,-0.8251339297446227
2,-0.5,-0.5,2.1488,-0.8280002594245923
2,-0.5,-0.5,2.1504000000000003,-0.8308671291502304
2,-0.5,-0.5,2.152,-0.8337345369557042
2,-0.5,-0.5,2.1536,-0.8366024808802126
2,-0.5,-0.5,2.1552000000000002,-0.839470958967973
2,-0.5,-0.5,2.1568,-0.8423399692682101
2,-0.5,-0.5,2.1584000000000003,-0.8452095098351433
2,-0.5,-0.5,2.16,-0.8480795787279746
2,-0.5,-0.5,2.1616,-0.8509501740108764
2,-0.5,-0.5,2.1632000000000002,-0.8538212937529799
2,-0.5,-0.5,2.1648,-0.8566929360283623
2,-0.5,-0.5,2.1664000000000003,-0.8595650989160355
2,-0.5,-0.5,2.168,-0.8624377804999337
2,-0.5,-0.5,2.1696,-0.8653109788689018
2,-0.5,-0.5,2.1712000000000002,-0.8681846921166831
2,-0.5,-0.5,2.1728,-0.8710589183419077
2,-0.5,-0.5,2.1744,-0.8739336556480807
2,-0.5,-0.5,2.176,-0.8768089021435697
2,-0.5,-0.5,2.1776,-0.8796846559415941
2,-0.5,-0.5,2.1792000000000002,-0.882560915160212
2,-0.5,-0.5,2.1808,-0.8854376779223095
2,-0.5,-0.5,2.1824,-0.8883149423555892
2,-0.5,-0.5,2.184,-0.8911927065925568
2,-0.5,-0.5,2.1856,-0.8940709687705115
2,-0.5,-0.5,2.1872000000000003,-0.8969497270315328
2,-0.5,-0.5,2.1888,-0.8998289795224697
2,-0.5,-0.5,2.1904,-0.9027087243949289
2,-0.5,-0.5,2.192,-0.9055889598052634
2,-0.5,-0.5,2.1936,-0.9084696839145605
2,-0.5,-0.5,2.1952000000000003,-0.9113508948886311
2,-0.5,-0.5,2.1968,-0.914232590897997
2,-0.5,-0.5,2.1984,-0.9171147701178809
2,-0.5,-0.5,2.2,-0.9199974307281936
2,-0.5,-0.5,2.2016,-0.9228805709135239
2,-0.5,-0.5,2.2032000000000003,-0.9257641888631263
2,-0.5,-0.5,2.2048,-0.9286482827709097
2,-0.5,-0.5,2.2064,-0.9315328508354266
2,-0.5,-0.5,2.208,-0.9344178912598614
2,-0.5,-0.5,2.2096,-0.9373034022520196
2,-0.5,-0.5,2.2112000000000003,-0.9401893820243156
2,-0.5,-0.5,2.2128,-0.9430758287937625
2,-0.5,-0.5,2.2144,-0.9459627407819607
2,-0.5,-0.5,2.216,-0.9488501162150864
2,-0.5,-0.5,2.2176,-0.9517379533238806
2,-0.5,-0.5,2.2192000000000003,-0.954626250343638
2,-0.5,-0.5,2.2208,-0.9575150055141961
2,-0.5,-0.5,2.2224,-0.9604042170799241
2,-0.5,-0.5,2.224,-0.9632938832897117
2,-0.5,-0.5,2.2256,-0.966184002396958
2,-0.5,-0.5,2.2272000000000003,-0.9690745726595609
2,-0.5,-0.5,2.2288,-0.971965592339906
2,-0.5,-0.5,2.2304,-0.9748570597048558
2,-0.5,-0.5,2.232,-0.9777489730257383
2,-0.5,-0.5,2.2336,-0.9806413305783368
2,-0.5,-0.5,2.2352000000000003,-0.9835341306428786
2,-0.5,-0.5,2.2368,-0.9864273715040244
2,-0.5,-0.5,2.2384,-0.9893210514508571
2,-0.5,-0.5,2.24,-0.992215168776872
2,-0.5,-0.5,2.2416,-0.9951097217799649
2,-0.5,-0.5,2.2432000000000003,-0.9980047087624223
2,-0.5,-0.5,2.2448,-1.00090012803091
2,-0.5,-0.5,2.2464,-1.0037959778964634
2,-0.5,-0.5,2.248,-1.0066922566744747
2,-0.5,-0.5,2.2496,-1.009588962684686
2,-0.5,-0.5,2.2512000000000003,-1.0124860942511746
2,-0.5,-0.5,2.2528,-1.0153836497023456
2,-0.5,-0.5,2.2544,-1.0182816273709194
2,-0.5,-0.5,2.2560000000000002,-1.0211800255939225
2,-0.5,-0.5,2.2576,-1.0240788427126761
2,-0.5,-0.5,2.2592000000000003,-1.0269780770727859
2,-0.5,-0.5,2.2608,-1.029877727024132
2,-0.5,-0.5,2.2624,-1.0327777909208578
2,-0.5,-0.5,2.2640000000000002,-1.0356782671213607
2,-0.5,-0.5,2.2656,-1.0385791539882803
2,-0.5,-0.5,2.2672000000000003,-1.0414804498884895
2,-0.5,-0.5,2.2688,-1.0443821531930833
2,-0.5,-0.5,2.2704,-1.0472842622773681
2,-0.5,-0.5,2.2720000000000002,-1.0501867755208534
2,-0.5,-0.5,2.2736,-1.053089691307239
2,-0.5,-0.5,2.2752,-1.0559930080244064
2,-0.5,-0.5,2.2768,-1.0588967240644087
2,-0.5,-0.5,2.2784,-1.0618008378234594
2,-0.5,-0.5,2.2800000000000002,-1.0647053477019228
2,-0.5,-0.5,2.2816,-1.0676102521043045
2,-0.5,-0.5,2.2832,-1.0705155494392398
2,-0.5,-0.5,2.2848,-1.0734212381194854
2,-0.5,-0.5,2.2864,-1.0763273165619085
2,-0.5,-0.5,2.2880000000000003,-1.0792337831874759
2,-0.5,-0.5,2.2896,-1.0821406364212454
2,-0.5,-0.5,2.2912,-1.0850478746923553
2,-0.5,-0.5,2.2928,-1.0879554964340148
2,-0.5,-0.5,2.2944,-1.0908635000834932
2,-0.5,-0.5,2.2960000000000003,-1.093771884082111
2,-0.5,-0.5,2.2976,-1.0966806468752288
2,-0.5,-0.5,2.2992,-1.0995897869122389
2,-0.5,-0.5,2.3008,-1.1024993026465548
2,-0.5,-0.5,2.3024,-1.1054091925356009
2,-0.5,-0.5,2.3040000000000003,-1.1083194550408033
2,-0.5,-0.5,2.3056,-1.1112300886275803
2,-0.5,-0.5,2.3072,-1.114141091765332
2,-0.5,-0.5,2.3088,-1.1170524629274308
2,-0.5,-0.5,2.3104,-1.119964200591212
2,-0.5,-0.5,2.3120000000000003,-1.1228763032379636
2,-0.5,-0.5,2.3136,-1.1257887693529172
2,-0.5,-0.5,2.3152,-1.1287015974252381
2,-0.5,-0.5,2.3168,-1.1316147859480161
2,-0.5,-0.5,2.3184,-1.1345283334182552
2,-0.5,-0.5,2.3200000000000003,-1.1374422383368639
2,-0.5,-0.5,2.3216,-1.1403564992086475
2,-0.5,-0.5,2.3232,-1.1432711145422962
2,-0.5,-0.5,2.3248,-1.1461860828503774
2,-0.5,-0.5,2.3264,-1.1491014026493251
2,-0.5,-0.5,2.3280000000000003,-1.1520170724594312
2,-0.5,-0.5,2.3296,-1.1549330908048359
2,-0.5,-0.5,2.3312,-1.1578494562135178
2,-0.5,-0.5,2.3328,-1.1607661672172853
2,-0.5,-0.5,2.3344,-1.1636832223517666
2,-0.5,-0.5,2.3360000000000003,-1.1666006201564012
2,-0.5,-0.5,2.3376,-1.1695183591744296
2,-0.5,-0.5,2.3392,-1.1724364379528842
2,-0.5,-0.5,2.3408,-1.1753548550425816
2,-0.5,-0.5,2.3424,-1.178273608998111
2,-0.5,-0.5,2.3440000000000003,-1.1811926983778265
2,-0.5,-0.5,2.3456,-1.184112121743837
2,-0.5,-0.5,2.3472,-1.1870318776619984
2,-0.5,-0.5,2.3488,-1.1899519647019028
2,-0.5,-0.5,2.3504,-1.1928723814368707
2,-0.5,-0.5,2.3520000000000003,-1.195793126443941
2,-0.5,-0.5,2.3536,-1.1987141983038632
2,-0.5,-0.5,2.3552,-1.201635595601086
2,-0.5,-0.5,2.3568000000000002,-1.204557316923751
2,-0.5,-0.5,2.3584,-1.2074793608636811
2,-0.5,-0.5,2.3600000000000003,-1.2104017260163737
2,-0.5,-0.5,2.3616,-1.2133244109809909
2,-0.5,-0.5,2.3632,-1.2162474143603499
2,-0.5,-0.5,2.3648000000000002,-1.219170734760915
2,-0.5,-0.5,2.3664,-1.2220943707927885
2,-0.5,-0.5,2.3680000000000003,-1.2250183210697008
2,-0.5,-0.5,2.3696,-1.2279425842090037
2,-0.5,-0.5,2.3712,-1.2308671588316593
2,-0.5,-0.5,2.3728000000000002,-1.2337920435622318
2,-0.5,-0.5,2.3744,-1.2367172370288806
2,-0.5,-0.5,2.3760000000000003,-1.2396427378633479
2,-0.5,-0.5,2.3776,-1.242568544700954
2,-0.5,-0.5,2.3792,-1.245494656180585
2,-0.5,-0.5,2.3808000000000002,-1.2484210709446864
2,-0.5,-0.5,2.3824,-1.2513477876392538
2,-0.5,-0.5,2.384,-1.2542748049138233
2,-0.5,-0.5,2.3856,-1.2572021214214641
2,-0.5,-0.5,2.3872,-1.26012973581877
2,-0.5,-0.5,2.3888000000000003,-1.2630576467658488
2,-0.5,-0.5,2.3904,-1.2659858529263162
2,-0.5,-0.5,2.392,-1.2689143529672857
2,-0.5,-0.5,2.3936,-1.2718431455593606
2,-0.5,-0.5,2.3952,-1.2747722293766255
2,-0.5,-0.5,2.3968000000000003,-1.277701603096637
2,-0.5,-0.5,2.3984,-1.2806312654004173
2,-0.5,-0.5,2.4,-1.2835612149724425
2,-0.5,-0.5,2.4016,-1.286491450500637
2,-0.5,-0.5,2.4032,-1.2894219706763634
2,-0.5,-0.5,2.4048000000000003,-1.2923527741944159
2,-0.5,-0.5,2.4064,-1.2952838597530092
2,-0.5,-0.5,2.408,-1.298215226053773
2,-0.5,-0.5,2.4096,-1.3011468718017414
2,-0.5,-0.5,2.4112,-1.304078795705346
2,-0.5,-0.5,2.4128000000000003,-1.3070109964764072
2,-0.5,-0.5,2.4144,-1.3099434728301254
2,-0.5,-0.5,2.416,-1.312876223485073
2,-0.5,-0.5,2.4176,-1.315809247163187
2,-0.5,-0.5,2.4192,-1.31874254258976
2,-0.5,-0.5,2.4208000000000003,-1.3216761084934316
2,-0.5,-0.5,2.4224,-1.3246099436061811
2,-0.5,-0.5,2.424,-1.3275440466633186
2,-0.5,-0.5,2.4256,-1.3304784164034775
2,-0.5,-0.5,2.4272,-1.3334130515686058
2,-0.5,-0.5,2.4288000000000003,-1.3363479509039589
2,-0.5,-0.5,2.4304,-1.3392831131580898
2,-0.5,-0.5,2.432,-1.3422185370828432
2,-0.5,-0.5,2.4336,-1.3451542214333456
2,-0.5,-0.5,2.4352,-1.348090164967999
2,-0.5,-0.5,2.4368000000000003,-1.3510263664484707
2,-0.5,-0.5,2.4384,-1.3539628246396875
2,-0.5,-0.5,2.44,-1.3568995383098263
2,-0.5,-0.5,2.4416,-1.3598365062303068
2,-0.5,-0.5,2.4432,-1.3627737271757838
2,-0.5,-0.5,2.4448000000000003,-1.365711199924138
2,-0.5,-0.5,2.4464,-1.3686489232564698
2,-0.5,-0.5,2.448,-1.3715868959570903
2,-0.5,-0.5,2.4496,-1.3745251168135135
2,-0.5,-0.5,2.4512,-1.3774635846164496
2,-0.5,-0.5,2.4528000000000003,-1.3804022981597956
2,-0.5,-0.5,2.4544,-1.3833412562406284
2,-0.5,-0.5,2.456,-1.386280457659197
2,-0.5,-0.5,2.4576000000000002,-1.3892199012189144
2,-0.5,-0.5,2.4592,-1.39215958572635
2,-0.5,-0.5,2.4608000000000003,-1.3950995099912227
2,-0.5,-0.5,2.4624,-1.3980396728263915
2,-0.5,-0.5,2.464,-1.4009800730478494
2,-0.5,-0.5,2.4656000000000002,-1.4039207094747144
2,-0.5,-0.5,2.4672,-1.4068615809292233
2,-0.5,-0.5,2.4688000000000003,-1.4098026862367228
2,-0.5,-0.5,2.4704,-1.4127440242256626
2,-0.5,-0.5,2.472,-1.4156855937275876
2,-0.5,-0.5,2.4736000000000002,-1.4186273935771303
2,-0.5,-0.5,2.4752,-1.4215694226120037
2,-0.5,-0.5,2.4768000000000003,-1.4245116796729926
2,-0.5,-0.5,2.4784,-1.4274541636039475
2,-0.5,-0.5,2.48,-1.430396873251776
2,-0.5,-0.5,2.4816000000000003,-1.433339807466436
2,-0.5,-0.5,2.4832,-1.436282965100928
2,-0.5,-0.5,2.4848,-1.4392263450112874
2,-0.5,-0.5,2.4864,-1.4421699460565776
2,-0.5,-0.5,2.488,-1.4451137670988825
2,-0.5,-0.5,2.4896000000000003,-1.4480578070032986
2,-0.5,-0.5,2.4912,-1.4510020646379278
2,-0.5,-0.5,2.4928,-1.4539465388738706
2,-0.5,-0.5,2.4944,-1.4568912285852182
2,-0.5,-0.5,2.496,-1.4598361326490452
2,-0.5,-0.5,2.4976000000000003,-1.4627812499454025
2,-0.5,-0.5,2.4992,-1.4657265793573104
2,-0.5,-0.5,2.5008,-1.46867211977075
2,-0.5,-0.5,2.5024,-1.4716178700746576
2,-0.5,-0.5,2.504,-1.4745638291609167
2,-0.5,-0.5,2.5056000000000003,-1.4775099959243503
2,-0.5,-0.5,2.5072,-1.4804563692627144
2,-0.5,-0.5,2.5088,-1.4834029480766913
2,-0.5,-0.5,2.5104,-1.4863497312698806
2,-0.5,-0.5,2.512,-1.489296717748794
2,-0.5,-0.5,2.5136000000000003,-1.492243906422847
2,-0.5,-0.5,2.5152,-1.4951912962043525
2,-0.5,-0.5,2.5168,-1.4981388860085134
2,-0.5,-0.5,2.5184,-1.5010866747534155
2,-0.5,-0.5,2.52,-1.50403466136002
2,-0.5,-0.5,2.5216000000000003,-1.5069828447521576
2,-0.5,-0.5,2.5232,-1.5099312238565203
2,-0.5,-0.5,2.5248,-1.5128797976026553
2,-0.5,-0.5,2.5264,-1.5158285649229573
2,-0.5,-0.5,2.528,-1.5187775247526618
2,-0.5,-0.5,2.5296000000000003,-1.5217266760298382
2,-0.5,-0.5,2.5312,-1.5246760176953833
2,-0.5,-0.5,2.5328,-1.5276255486930137
2,-0.5,-0.5,2.5344,-1.5305752679692588
2,-0.5,-0.5,2.536,-1.5335251744734542
2,-0.5,-0.5,2.5376000000000003,-1.536475267157735
2,-0.5,-0.5,2.5392,-1.5394255449770293
2,-0.5,-0.5,2.5408,-1.5423760068890502
2,-0.5,-0.5,2.5424,-1.5453266518542903
2,-0.5,-0.5,2.544,-1.5482774788360132
2,-0.5,-0.5,2.5456000000000003,-1.5512284868002488
2,-0.5,-0.5,2.5472,-1.554179674715785
2,-0.5,-0.5,2.5488,-1.5571310415541617
2,-0.5,-0.5,2.5504000000000002,-1.5600825862896637
2,-0.5,-0.5,2.552,-1.5630343078993132
2,-0.5,-0.5,2.5536000000000003,-1.5659862053628655
2,-0.5,-0.5,2.5552,-1.5689382776627998
2,-0.5,-0.5,2.5568,-1.5718905237843133
2,-0.5,-0.5,2.5584000000000002,-1.5748429427153154
2,-0.5,-0.5,2.56,-1.5777955334464204
2,-0.5,-0.5,2.5616000000000003,-1.5807482949709404
2,-0.5,-0.5,2.5632,-1.5837012262848795
2,-0.5,-0.5,2.5648,-1.5866543263869266
2,-0.5,-0.5,2.5664000000000002,-1.5896075942784496
2,-0.5,-0.5,2.568,-1.5925610289634873
2,-0.5,-0.5,2.5696000000000003,-1.5955146294487454
2,-0.5,-0.5,2.5712,-1.5984683947435874
2,-0.5,-0.5,2.5728,-1.6014223238600291
2,-0.5,-0.5,2.5744000000000002,-1.6043764158127327
2,-0.5,-0.5,2.576,-1.6073306696189997
2,-0.5,-0.5,2.5776000000000003,-1.6102850842987642
2,-0.5,-0.5,2.5792,-1.6132396588745868
2,-0.5,-0.5,2.5808,-1.6161943923716484
2,-0.5,-0.5,2.5824000000000003,-1.6191492838177435
2,-0.5,-0.5,2.584,-1.6221043322432738
2,-0.5,-0.5,2.5856000000000003,-1.6250595366812413
2,-0.5,-0.5,2.5872,-1.6280148961672425
2,-0.5,-0.5,2.5888,-1.6309704097394633
2,-0.5,-0.5,2.5904000000000003,-1.6339260764386696
2,-0.5,-0.5,2.592,-1.6368818953082036
2,-0.5,-0.5,2.5936,-1.639837865393977
2,-0.5,-0.5,2.5952,-1.6427939857444631
2,-0.5,-0.5,2.5968,-1.6457502554106933
2,-0.5,-0.5,2.5984000000000003,-1.6487066734462477
2,-0.5,-0.5,2.6,-1.6516632389072512
2,-0.5,-0.5,2.6016,-1.6546199508523673
2,-0.5,-0.5,2.6032,-1.6575768083427895
2,-0.5,-0.5,2.6048,-1.6605338104422376
2,-0.5,-0.5,2.6064000000000003,-1.6634909562169506
2,-0.5,-0.5,2.608,-1.6664482447356799
2,-0.5,-0.5,2.6096,-1.6694056750696848
2,-0.5,-0.5,2.6112,-1.6723632462927243
2,-0.5,-0.5,2.6128,-1.6753209574810524
2,-0.5,-0.5,2.6144000000000003,-1.6782788077134114
2,-0.5,-0.5,2.616,-1.6812367960710264
2,-0.5,-0.5,2.6176,-1.6841949216375984
2,-0.5,-0.5,2.6192,-1.6871531834992988
2,-0.5,-0.5,2.6208,-1.6901115807447629
2,-0.5,-0.5,2.6224000000000003,-1.6930701124650844
2,-0.5,-0.5,2.624,-1.6960287777538092
2,-0.5,-0.5,2.6256,-1.698987575706929
2,-0.5,-0.5,2.6272,-1.7019465054228757
2,-0.5,-0.5,2.6288,-1.7049055660025152
2,-0.5,-0.5,2.6304000000000003,-1.7078647565491418
2,-0.5,-0.5,2.632,-1.7108240761684717
2,-0.5,-0.5,2.6336,-1.7137835239686376
2,-0.5,-0.5,2.6352,-1.716743099060183
2,-0.5,-0.5,2.6368,-1.7197028005560548
2,-0.5,-0.5,2.6384000000000003,-1.7226626275715993
2,-0.5,-0.5,2.64,-1.7256225792245545
2,-0.5,-0.5,2.6416,-1.728582654635046
2,-0.5,-0.5,2.6432,-1.7315428529255805
2,-0.5,-0.5,2.6448,-1.734503173221039
2,-0.5,-0.5,2.6464000000000003,-1.7374636146486722
2,-0.5,-0.5,2.648,-1.7404241763380948
2,-0.5,-0.5,2.6496,-1.7433848574212785
2,-0.5,-0.5,2.6512000000000002,-1.7463456570325468
2,-0.5,-0.5,2.6528,-1.7493065743085694
2,-0.5,-0.5,2.6544000000000003,-1.752267608388357
2,-0.5,-0.5,2.656,-1.7552287584132544
2,-0.5,-0.5,2.6576,-1.7581900235269354
2,-0.5,-0.5,2.6592000000000002,-1.7611514028753974
2,-0.5,-0.5,2.6608,-1.7641128956069545
2,-0.5,-0.5,2.6624000000000003,-1.7670745008722335
2,-0.5,-0.5,2.664,-1.7700362178241664
2,-0.5,-0.5,2.6656,-1.7729980456179868
2,-0.5,-0.5,2.6672000000000002,-1.7759599834112223
2,-0.5,-0.5,2.6688,-1.77892203036369
2,-0.5,-0.5,2.6704000000000003,-1.7818841856374907
2,-0.5,-0.5,2.672,-1.7848464483970037
2,-0.5,-0.5,2.6736,-1.7878088178088796
2,-0.5,-0.5,2.6752000000000002,-1.7907712930420367
2,-0.5,-0.5,2.6768,-1.7937338732676549
2,-0.5,-0.5,2.6784000000000003,-1.7966965576591685
2,-0.5,-0.5,2.68,-1.7996593453922634
2,-0.5,-0.5,2.6816,-1.8026222356448698
2,-0.5,-0.5,2.6832000000000003,-1.805585227597157
2,-0.5,-0.5,2.6848,-1.8085483204315278
2,-0.5,-0.5,2.6864000000000003,-1.8115115133326134
2,-0.5,-0.5,2.688,-1.8144748054872681
2,-0.5,-0.5,2.6896,-1.8174381960845634
2,-0.5,-0.5,2.6912000000000003,-1.8204016843157822
2,-0.5,-0.5,2.6928,-1.8233652693744142
2,-0.5,-0.5,2.6944000000000004,-1.8263289504561502
2,-0.5,-0.5,2.696,-1.8292927267588763
2,-0.5,-0.5,2.6976,-1.8322565974826694
2,-0.5,-0.5,2.6992000000000003,-1.835220561829791
2,-0.5,-0.5,2.7008,-1.838184619004682
2,-0.5,-0.5,2.7024,-1.8411487682139576
2,-0.5,-0.5,2.704,-1.8441130086664017
2,-0.5,-0.5,2.7056,-1.8470773395729623
2,-0.5,-0.5,2.7072000000000003,-1.850041760146745
2,-0.5,-0.5,2.7088,-1.853006269603008
2,-0.5,-0.5,2.7104,-1.8559708671591586
2,-0.5,-0.5,2.712,-1.8589355520347444
2,-0.5,-0.5,2.7136,-1.861900323451452
2,-0.5,-0.5,2.7152000000000003,-1.8648651806330987
2,-0.5,-0.5,2.7168,-1.867830122805629
2,-0.5,-0.5,2.7184,-1.8707951491971089
2,-0.5,-0.5,2.72,-1.8737602590377196
2,-0.5,-0.5,2.7216,-1.876725451559755
2,-0.5,-0.5,2.7232000000000003,-1.8796907259976132
2,-0.5,-0.5,2.7248,-1.8826560815877937
2,-0.5,-0.5,2.7264,-1.885621517568892
2,-0.5,-0.5,2.728,-1.8885870331815933
2,-0.5,-0.5,2.7296,-1.891552627668668
2,-0.5,-0.5,2.7312000000000003,-1.8945183002749675
2,-0.5,-0.5,2.7328,-1.897484050247417
2,-0.5,-0.5,2.7344,-1.9004498768350124
2,-0.5,-0.5,2.736,-1.9034157792888142
2,-0.5,-0.5,2.7376,-1.9063817568619432
2,-0.5,-0.5,2.7392000000000003,-1.909347808809574
2,-0.5,-0.5,2.7408,-1.912313934388932
2,-0.5,-0.5,2.7424,-1.9152801328592859
2,-0.5,-0.5,2.744,-1.9182464034819453
2,-0.5,-0.5,2.7456,-1.921212745520254
2,-0.5,-0.5,2.7472000000000003,-1.924179158239585
2,-0.5,-0.5,2.7488,-1.9271456409073366
2,-0.5,-0.5,2.7504,-1.9301121927929266
2,-0.5,-0.5,2.7520000000000002,-1.9330788131677867
2,-0.5,-0.5,2.7536,-1.9360455013053606
2,-0.5,-0.5,2.7552000000000003,-1.939012256481094
2,-0.5,-0.5,2.7568,-1.9419790779724349
2,-0.5,-0.5,2.7584,-1.9449459650588248
2,-0.5,-0.5,2.7600000000000002,-1.9479129170216958
2,-0.5,-0.5,2.7616,-1.9508799331444653
2,-0.5,-0.5,2.7632000000000003,-1.9538470127125311
2,-0.5,-0.5,2.7648,-1.9568141550132667
2,-0.5,-0.5,2.7664,-1.9597813593360158
2,-0.5,-0.5,2.7680000000000002,-1.9627486249720882
2,-0.5,-0.5,2.7696,-1.9657159512147546
2,-0.5,-0.5,2.7712000000000003,-1.968683337359242
2,-0.5,-0.5,2.7728,-1.9716507827027285
2,-0.5,-0.5,2.7744,-1.974618286544339
2,-0.5,-0.5,2.7760000000000002,-1.9775858481851398
2,-0.5,-0.5,2.7776,-1.9805534669281353
2,-0.5,-0.5,2.7792000000000003,-1.9835211420782608
2,-0.5,-0.5,2.7808,-1.9864888729423797
2,-0.5,-0.5,2.7824,-1.9894566588292788
2,-0.5,-0.5,2.7840000000000003,-1.9924244990496618
2,-0.5,-0.5,2.7856,-1.9953923929161463
2,-0.5,-0.5,2.7872000000000003,-1.9983603397432594
2,-0.5,-0.5,2.7888,-2.0013283388474306
2,-0.5,-0.5,2.7904,-2.0042963895469907
2,-0.5,-0.5,2.7920000000000003,-2.0072644911621627
2,-0.5,-0.5,2.7936,-2.010232643015061
2,-0.5,-0.5,2.7952000000000004,-2.013200844429686
2,-0.5,-0.5,2.7968,-2.0161690947319166
2,-0.5,-0.5,2.7984,-2.0191373932495105
2,-0.5,-0.5,2.8000000000000003,-2.022105739312095
2,-0.5,-0.5,2.8016,-2.0250741322511647
2,-0.5,-0.5,2.8032,-2.0280425714000776
2,-0.5,-0.5,2.8048,-2.031011056094047
2,-0.5,-0.5,2.8064,-2.0339795856701417
2,-0.5,-0.5,2.8080000000000003,-2.036948159467278
2,-0.5,-0.5,2.8096,-2.0399167768262165
2,-0.5,-0.5,2.8112,-2.042885437089557
2,-0.5,-0.5,2.8128,-2.045854139601735
2,-0.5,-0.5,2.8144,-2.048822883709016
2,-0.5,-0.5,2.8160000000000003,-2.051791668759492
2,-0.5,-0.5,2.8176,-2.0547604941030757
2,-0.5,-0.5,2.8192,-2.0577293590914976
2,-0.5,-0.5,2.8208,-2.0606982630783004
2,-0.5,-0.5,2.8224,-2.063667205418835
2,-0.5,-0.5,2.8240000000000003,-2.0666361854702564
2,-0.5,-0.5,2.8256,-2.069605202591518
2,-0.5,-0.5,2.8272,-2.0725742561433687
2,-0.5,-0.5,2.8288,-2.0755433454883474
2,-0.5,-0.5,2.8304,-2.078512469990779
2,-0.5,-0.5,2.8320000000000003,-2.0814816290167717
2,-0.5,-0.5,2.8336,-2.084450821934208
2,-0.5,-0.5,2.8352,-2.087420048112746
2,-0.5,-0.5,2.8368,-2.0903893069238104
2,-0.5,-0.5,2.8384,-2.0933585977405906
2,-0.5,-0.5,2.8400000000000003,-2.096327919938038
2,-0.5,-0.5,2.8416,-2.0992972728928554
2,-0.5,-0.5,2.8432,-2.1022666559834997
2,-0.5,-0.5,2.8448,-2.105236068590174
2,-0.5,-0.5,2.8464,-2.108205510094824
2,-0.5,-0.5,2.8480000000000003,-2.111174979881135
2,-0.5,-0.5,2.8496,-2.1141444773345235
2,-0.5,-0.5,2.8512,-2.1171140018421384
2,-0.5,-0.5,2.8528000000000002,-2.1200835527928525
2,-0.5,-0.5,2.8544,-2.1230531295772606
2,-0.5,-0.5,2.8560000000000003,-2.1260227315876743
2,-0.5,-0.5,2.8576,-2.12899235821812
2,-0.5,-0.5,2.8592,-2.1319620088643285
2,-0.5,-0.5,2.8608000000000002,-2.134931682923739
2,-0.5,-0.5,2.8624,-2.1379013797954896
2,-0.5,-0.5,2.8640000000000003,-2.1408710988804134
2,-0.5,-0.5,2.8656,-2.143840839581037
2,-0.5,-0.5,2.8672,-2.1468106013015738
2,-0.5,-0.5,2.8688000000000002,-2.1497803834479208
2,-0.5,-0.5,2.8704,-2.1527501854276543
2,-0.5,-0.5,2.8720000000000003,-2.155720006650028
2,-0.5,-0.5,2.8736,-2.158689846525963
2,-0.5,-0.5,2.8752,-2.161659704468051
2,-0.5,-0.5,2.8768000000000002,-2.1646295798905437
2,-0.5,-0.5,2.8784,-2.1675994722093543
2,-0.5,-0.5,2.8800000000000003,-2.1705693808420494
2,-0.5,-0.5,2.8816,-2.1735393052078464
2,-0.5,-0.5,2.8832,-2.17650924472761
2,-0.5,-0.5,2.8848000000000003,-2.1794791988238473
2,-0.5,-0.5,2.8864,-2.1824491669207036
2,-0.5,-0.5,2.8880000000000003,-2.1854191484439585
2,-0.5,-0.5,2.8896,-2.188389142821023
2,-0.5,-0.5,2.8912,-2.191359149480934
2,-0.5,-0.5,2.8928000000000003,-2.194329167854353
2,-0.5,-0.5,2.8944,-2.1972991973735554
2,-0.5,-0.5,2.8960000000000004,-2.2002692374724355
2,-0.5,-0.5,2.8976,-2.203239287586497
2,-0.5,-0.5,2.8992,-2.206209347152848
2,-0.5,-0.5,2.9008000000000003,-2.209179415610203
2,-0.5,-0.5,2.9024,-2.212149492398873
2,-0.5,-0.5,2.9040000000000004,-2.2151195769607632
2,-0.5,-0.5,2.9056,-2.2180896687393714
2,-0.5,-0.5,2.9072,-2.2210597671797814
2,-0.5,-0.5,2.9088000000000003,-2.22402987172866
2,-0.5,-0.5,2.9104,-2.2269999818342536
2,-0.5,-0.5,2.912,-2.2299700969463836
2,-0.5,-0.5,2.9136,-2.2329402165164427
2,-0.5,-0.5,2.9152,-2.2359103399973907
2,-0.5,-0.5,2.9168000000000003,-2.2388804668437525
2,-0.5,-0.5,2.9184,-2.2418505965116102
2,-0.5,-0.5,2.92,-2.2448207284586053
2,-0.5,-0.5,2.9216,-2.247790862143929
2,-0.5,-0.5,2.9232,-2.2507609970283218
2,-0.5,-0.5,2.9248000000000003,-2.253731132574068
2,-0.5,-0.5,2.9264,-2.256701268244993
2,-0.5,-0.5,2.928,-2.259671403506459
2,-0.5,-0.5,2.9296,-2.262641537825362
2,-0.5,-0.5,2.9312,-2.2656116706701264
2,-0.5,-0.5,2.9328000000000003,-2.268581801510702
2,-0.5,-0.5,2.9344,-2.2715519298185622
2,-0.5,-0.5,2.936,-2.274522055066697
2,-0.5,-0.5,2.9376,-2.277492176729611
2,-0.5,-0.5,2.9392,-2.280462294283319
2,-0.5,-0.5,2.9408000000000003,-2.283432407205345
2,-0.5,-0.5,2.9424,-2.286402514974712
2,-0.5,-0.5,2.944,-2.289372617071946
2,-0.5,-0.5,2.9456,-2.292342712979068
2,-0.5,-0.5,2.9472,-2.2953128021795903
2,-0.5,-0.5,2.9488000000000003,-2.298282884158515
2,-0.5,-0.5,2.9504,-2.301252958402327
2,-0.5,-0.5,2.952,-2.3042230243989943
2,-0.5,-0.5,2.9536000000000002,-2.3071930816379607
2,-0.5,-0.5,2.9552,-2.3101631296101455
2,-0.5,-0.5,2.9568000000000003,-2.313133167807937
2,-0.5,-0.5,2.9584,-2.3161031957251903
2,-0.5,-0.5,2.96,-2.3190732128572242
2,-0.5,-0.5,2.9616000000000002,-2.322043218700816
2,-0.5,-0.5,2.9632,-2.3250132127541976
2,-0.5,-0.5,2.9648000000000003,-2.327983194517057
2,-0.5,-0.5,2.9664,-2.330953163490527
2,-0.5,-0.5,2.968,-2.3339231191771868
2,-0.5,-0.5,2.9696000000000002,-2.3368930610810565
2,-0.5,-0.5,2.9712,-2.339862988707596
2,-0.5,-0.5,2.9728000000000003,-2.3428329015636975
2,-0.5,-0.5,2.9744,-2.3458027991576844
2,-0.5,-0.5,2.976,-2.3487726809993084
2,-0.5,-0.5,2.9776000000000002,-2.3517425465997444
2,-0.5,-0.5,2.9792,-2.3547123954715863
2,-0.5,-0.5,2.9808000000000003,-2.357682227128848
2,-0.5,-0.5,2.9824,-2.3606520410869543
2,-0.5,-0.5,2.984,-2.36362183686274
2,-0.5,-0.5,2.9856000000000003,-2.366591613974446
2,-0.5,-0.5,2.9872,-2.369561371941718
2,-0.5,-0.5,2.9888000000000003,-2.372531110285599
2,-0.5,-0.5,2.9904,-2.3755008285285286
2,-0.5,-0.5,2.992,-2.378470526194339
2,-0.5,-0.5,2.9936000000000003,-2.381440202808252
2,-0.5,-0.5,2.9952,-2.384409857896874
2,-0.5,-0.5,2.9968000000000004,-2.387379490988195
2,-0.5,-0.5,2.9984,-2.390349101611584
2,-0.5,-0.5,3.0,-2.3933186892977827
2,-0.5,-0.5,3.0016000000000003,-2.3962882535789074
2,-0.5,-0.5,3.0032,-2.399257793988443
2,-0.5,-0.5,3.0048000000000004,-2.4022273100612384
2,-0.5,-0.5,3.0064,-2.405196801333506
2,-0.5,-0.5,3.008,-2.4081662673428155
2,-0.5,-0.5,3.0096000000000003,-2.411135707628092
2,-0.5,-0.5,3.0112,-2.414105121729613
2,-0.5,-0.5,3.0128,-2.417074509189004
2,-0.5,-0.5,3.0144,-2.4200438695492363
2,-0.5,-0.5,3.016,-2.4230132023546234
2,-0.5,-0.5,3.0176000000000003,-2.425982507150816
2,-0.5,-0.5,3.0192,-2.4289517834848007
2,-0.5,-0.5,3.0208,-2.4319210309048973
2,-0.5,-0.5,3.0224,-2.4348902489607527
2,-0.5,-0.5,3.024,-2.43785943720334
2,-0.5,-0.5,3.0256000000000003,-2.4408285951849553
2,-0.5,-0.5,3.0272,-2.443797722459211
2,-0.5,-0.5,3.0288,-2.4467668185810374
2,-0.5,-0.5,3.0304,-2.449735883106677
2,-0.5,-0.5,3.032,-2.452704915593681
2,-0.5,-0.5,3.0336000000000003,-2.4556739156009058
2,-0.5,-0.5,3.0352,-2.4586428826885127
2,-0.5,-0.5,3.0368,-2.4616118164179595
2,-0.5,-0.5,3.0384,-2.464580716352003
2,-0.5,-0.5,3.04,-2.467549582054691
2,-0.5,-0.5,3.0416000000000003,-2.4705184130913636
2,-0.5,-0.5,3.0432,-2.473487209028645
2,-0.5,-0.5,3.0448,-2.476455969434445
2,-0.5,-0.5,3.0464,-2.4794246938779523
2,-0.5,-0.5,3.048,-2.4823933819296333
2,-0.5,-0.5,3.0496000000000003,-2.4853620331612296
2,-0.5,-0.5,3.0512,-2.488330647145752
2,-0.5,-0.5,3.0528,-2.49129922345748
2,-0.5,-0.5,3.0544000000000002,-2.494267761671957
2,-0.5,-0.5,3.056,-2.4972362613659893
2,-0.5,-0.5,3.0576000000000003,-2.5002047221176396
2,-0.5,-0.5,3.0592,-2.5031731435062285
2,-0.5,-0.5,3.0608,-2.506141525112327
2,-0.5,-0.5,3.0624000000000002,-2.509109866517755
2,-0.5,-0.5,3.064,-2.512078167305579
2,-0.5,-0.5,3.0656000000000003,-2.515046427060109
2,-0.5,-0.5,3.0672,-2.518014645366894
2,-0.5,-0.5,3.0688,-2.5209828218127206
2,-0.5,-0.5,3.0704000000000002,-2.5239509559856077
2,-0.5,-0.5,3.072,-2.526919047474807
2,-0.5,-0.5,3.0736000000000003,-2.5298870958707975
2,-0.5,-0.5,3.0752,-2.53285510076528
2,-0.5,-0.5,3.0768,-2.5358230617511808
2,-0.5,-0.5,3.0784000000000002,-2.5387909784226417
2,-0.5,-0.5,3.08,-2.5417588503750226
2,-0.5,-0.5,3.0816000000000003,-2.5447266772048946
2,-0.5,-0.5,3.0832,-2.547694458510038
2,-0.5,-0.5,3.0848,-2.550662193889441
2,-0.5,-0.5,3.0864000000000003,-2.553629882943295
2,-0.5,-0.5,3.088,-2.556597525272991
2,-0.5,-0.5,3.0896000000000003,-2.5595651204811185
2,-0.5,-0.5,3.0912,-2.5625326681714626
2,-0.5,-0.5,3.0928,-2.565500167948998
2,-0.5,-0.5,3.0944000000000003,-2.56846761941989
2,-0.5,-0.5,3.096,-2.57143502219149
2,-0.5,-0.5,3.0976000000000004,-2.5744023758723307
2,-0.5,-0.5,3.0992,-2.577369680072126
2,-0.5,-0.5,3.1008,-2.5803369344017666
2,-0.5,-0.5,3.1024000000000003,-2.583304138473317
2,-0.5,-0.5,3.104,-2.5862712919000144
2,-0.5,-0.5,3.1056000000000004,-2.589238394296262
2,-0.5,-0.5,3.1072,-2.592205445277631
2,-0.5,-0.5,3.1088,-2.595172444460854
2,-0.5,-0.5,3.1104000000000003,-2.5981393914638238
2,-0.5,-0.5,3.112,-2.6011062859055887
2,-0.5,-0.5,3.1136000000000004,-2.6040731274063535
2,-0.5,-0.5,3.1152,-2.607039915587472
2,-0.5,-0.5,3.1168,-2.6100066500714463
2,-0.5,-0.5,3.1184000000000003,-2.612973330481927
2,-0.5,-0.5,3.12,-2.615939956443703
2,-0.5,-0.5,3.1216,-2.6189065275827055
2,-0.5,-0.5,3.1232,-2.6218730435260036
2,-0.5,-0.5,3.1248,-2.624839503901798
2,-0.5,-0.5,3.1264000000000003,-2.6278059083394236
2,-0.5,-0.5,3.128,-2.630772256469341
2,-0.5,-0.5,3.1296,-2.6337385479231386
2,-0.5,-0.5,3.1312,-2.6367047823335263
2,-0.5,-0.5,3.1328,-2.6396709593343366
2,-0.5,-0.5,3.1344000000000003,-2.6426370785605173
2,-0.5,-0.5,3.136,-2.6456031396481317
2,-0.5,-0.5,3.1376,-2.6485691422343547
2,-0.5,-0.5,3.1392,-2.6515350859574705
2,-0.5,-0.5,3.1408,-2.65450097045687
2,-0.5,-0.5,3.1424000000000003,-2.6574667953730473
2,-0.5,-0.5,3.144,-2.6604325603475987
2,-0.5,-0.5,3.1456,-2.663398265023217
2,-0.5,-0.5,3.1472,-2.666363909043692
2,-0.5,-0.5,3.1488,-2.6693294920539046
2,-0.5,-0.5,3.1504000000000003,-2.6722950136998276
2,-0.5,-0.5,3.152,-2.67526047362852
2,-0.5,-0.5,3.1536,-2.678225871488127
2,-0.5,-0.5,3.1552000000000002,-2.681191206927873
2,-0.5,-0.5,3.1568,-2.6841564795980655
2,-0.5,-0.5,3.1584000000000003,-2.687121689150085
2,-0.5,-0.5,3.16,-2.6900868352363885
2,-0.5,-0.5,3.1616,-2.693051917510503
2,-0.5,-0.5,3.1632000000000002,-2.6960169356270254
2,-0.5,-0.5,3.1648,-2.6989818892416175
2,-0.5,-0.5,3.1664000000000003,-2.7019467780110054
2,-0.5,-0.5,3.168,-2.704911601592974
2,-0.5,-0.5,3.1696,-2.70787635964637
2,-0.5,-0.5,3.1712000000000002,-2.7108410518310926
2,-0.5,-0.5,3.1728,-2.713805677808094
2,-0.5,-0.5,3.1744000000000003,-2.716770237239378
2,-0.5,-0.5,3.176,-2.7197347297879957
2,-0.5,-0.5,3.1776,-2.722699155118043
2,-0.5,-0.5,3.1792000000000002,-2.7256635128946582
2,-0.5,-0.5,3.1808,-2.7286278027840205
2,-0.5,-0.5,3.1824000000000003,-2.731592024453345
2,-0.5,-0.5,3.184,-2.734556177570883
2,-0.5,-0.5,3.1856,-2.737520261805916
2,-0.5,-0.5,3.1872000000000003,-2.7404842768287576
2,-0.5,-0.5,3.1888,-2.7434482223107466
2,-0.5,-0.5,3.1904000000000003,-2.7464120979242477
2,-0.5,-0.5,3.192,-2.7493759033426457
2,-0.5,-0.5,3.1936,-2.752339638240347
2,-0.5,-0.5,3.1952000000000003,-2.7553033022927735
2,-0.5,-0.5,3.1968,-2.7582668951763627
2,-0.5,-0.5,3.1984000000000004,-2.7612304165685635
2,-0.5,-0.5,3.2,-2.764193866147834
2,-0.5,-0.5,3.2016,-2.767157243593639
2,-0.5,-0.5,3.2032000000000003,-2.770120548586448
2,-0.5,-0.5,3.2048,-2.7730837808077324
2,-0.5,-0.5,3.2064000000000004,-2.7760469399399628
2,-0.5,-0.5,3.208,-2.779010025666607
2,-0.5,-0.5,3.2096,-2.7819730376721274
2,-0.5,-0.5,3.2112000000000003,-2.7849359756419783
2,-0.5,-0.5,3.2128,-2.7878988392626023
2,-0.5,-0.5,3.2144000000000004,-2.7908616282214314
2,-0.5,-0.5,3.216,-2.79382434220688
2,-0.5,-0.5,3.2176,-2.7967869809083465
2,-0.5,-0.5,3.2192000000000003,-2.7997495440162075
2,-0.5,-0.5,3.2208,-2.8027120312218186
2,-0.5,-0.5,3.2224000000000004,-2.8056744422175086
2,-0.5,-0.5,3.224,-2.8086367766965794
2,-0.5,-0.5,3.2256,-2.8115990343533035
2,-0.5,-0.5,3.2272000000000003,-2.8145612148829207
2,-0.5,-0.5,3.2288,-2.8175233179816352
2,-0.5,-0.5,3.2304,-2.8204853433466157
2,-0.5,-0.5,3.232,-2.8234472906759893
2,-0.5,-0.5,3.2336,-2.826409159668843
2,-0.5,-0.5,3.2352000000000003,-2.8293709500252193
2,-0.5,-0.5,3.2368,-2.8323326614461126
2,-0.5,-0.5,3.2384,-2.8352942936334693
2,-0.5,-0.5,3.24,-2.8382558462901843
2,-0.5,-0.5,3.2416,-2.8412173191200987
2,-0.5,-0.5,3.2432000000000003,-2.844178711827998
2,-0.5,-0.5,3.2448,-2.8471400241196076
2,-0.5,-0.5,3.2464,-2.850101255701594
2,-0.5,-0.5,3.248,-2.8530624062815595
2,-0.5,-0.5,3.2496,-2.856023475568041
2,-0.5,-0.5,3.2512000000000003,-2.8589844632705077
2,-0.5,-0.5,3.2528,-2.861945369099359
2,-0.5,-0.5,3.2544,-2.864906192765921
2,-0.5,-0.5,3.2560000000000002,-2.8678669339824463
2,-0.5,-0.5,3.2576,-2.8708275924621094
2,-0.5,-0.5,3.2592000000000003,-2.8737881679190065
2,-0.5,-0.5,3.2608,-2.8767486600681513
2,-0.5,-0.5,3.2624,-2.8797090686254743
2,-0.5,-0.5,3.2640000000000002,-2.8826693933078196
2,-0.5,-0.5,3.2656,-2.8856296338329415
2,-0.5,-0.5,3.2672000000000003,-2.8885897899195054
2,-0.5,-0.5,3.2688,-2.891549861287084
2,-0.5,-0.5,3.2704,-2.8945098476561526
2,-0.5,-0.5,3.2720000000000002,-2.897469748748091
2,-0.5,-0.5,3.2736,-2.900429564285179
2,-0.5,-0.5,3.2752000000000003,-2.9033892939905934
2,-0.5,-0.5,3.2768,-2.9063489375884077
2,-0.5,-0.5,3.2784,-2.909308494803588
2,-0.5,-0.5,3.2800000000000002,-2.912267965361994
2,-0.5,-0.5,3.2816,-2.915227348990371
2,-0.5,-0.5,3.2832000000000003,-2.918186645416355
2,-0.5,-0.5,3.2848,-2.921145854368464
2,-0.5,-0.5,3.2864,-2.9241049755760993
2,-0.5,-0.5,3.2880000000000003,-2.927064008769543
2,-0.5,-0.5,3.2896,-2.9300229536799542
2,-0.5,-0.5,3.2912000000000003,-2.93298181003937
2,-0.5,-0.5,3.2928,-2.935940577580699
2,-0.5,-0.5,3.2944,-2.9388992560377223
2,-0.5,-0.5,3.2960000000000003,-2.9418578451450905
2,-0.5,-0.5,3.2976,-2.9448163446383213
2,-0.5,-0.5,3.2992000000000004,-2.947774754253798
2,-0.5,-0.5,3.3008,-2.950733073728766
2,-0.5,-0.5,3.3024,-2.953691302801331
2,-0.5,-0.5,3.3040000000000003,-2.95664944121046
2,-0.5,-0.5,3.3056,-2.959607488695973
2,-0.5,-0.5,3.3072000000000004,-2.962565444998546
2,-0.5,-0.5,3.3088,-2.9655233098597087
2,-0.5,-0.5,3.3104,-2.968481083021839
2,-0.5,-0.5,3.3120000000000003,-2.971438764228162
2,-0.5,-0.5,3.3136,-2.974396353222751
2,-0.5,-0.5,3.3152000000000004,-2.9773538497505214
2,-0.5,-0.5,3.3168,-2.9803112535572316
2,-0.5,-0.5,3.3184,-2.983268564389478
2,-0.5,-0.5,3.3200000000000003,-2.9862257819946953
2,-0.5,-0.5,3.3216,-2.9891829061211546
2,-0.5,-0.5,3.3232000000000004,-2.992139936517958
2,-0.5,-0.5,3.3248,-2.995096872935041
2,-0.5,-0.5,3.3264,-2.9980537151231665
2,-0.5,-0.5,3.3280000000000003,-3.001010462833926
2,-0.5,-0.5,3.3296,-3.0039671158197345
2,-0.5,-0.5,3.3312,-3.0069236738338323
2,-0.5,-0.5,3.3328,-3.009880136630277
2,-0.5,-0.5,3.3344,-3.012836503963949
2,-0.5,-0.5,3.3360000000000003,-3.0157927755905427
2,-0.5,-0.5,3.3376,-3.0187489512665686
2,-0.5,-0.5,3.3392,-3.02170503074935
2,-0.5,-0.5,3.3408,-3.0246610137970196
2,-0.5,-0.5,3.3424,-3.0276169001685203
2,-0.5,-0.5,3.3440000000000003,-3.0305726896236007
2,-0.5,-0.5,3.3456,-3.0335283819228147
2,-0.5,-0.5,3.3472,-3.03648397682752
2,-0.5,-0.5,3.3488,-3.0394394740998707
2,-0.5,-0.5,3.3504,-3.0423948735028246
2,-0.5,-0.5,3.3520000000000003,-3.0453501748001335
2,-0.5,-0.5,3.3536,-3.0483053777563436
2,-0.5,-0.5,3.3552,-3.051260482136795
2,-0.5,-0.5,3.3568000000000002,-3.054215487707618
2,-0.5,-0.5,3.3584,-3.0571703942357322
2,-0.5,-0.5,3.3600000000000003,-3.060125201488843
2,-0.5,-0.5,3.3616,-3.063079909235441
2,-0.5,-0.5,3.3632,-3.066034517244799
2,-0.5,-0.5,3.3648000000000002,-3.0689890252869723
2,-0.5,-0.5,3.3664,-3.0719434331327937
2,-0.5,-0.5,3.3680000000000003,-3.0748977405538738
2,-0.5,-0.5,3.3696,-3.077851947322597
2,-0.5,-0.5,3.3712,-3.080806053212122
2,-0.5,-0.5,3.3728000000000002,-3.083760057996379
2,-0.5,-0.5,3.3744,-3.0867139614500663
2,-0.5,-0.5,3.3760000000000003,-3.08966776334865
2,-0.5,-0.5,3.3776,-3.092621463468361
2,-0.5,-0.5,3.3792,-3.095575061586195
2,-0.5,-0.5,3.3808000000000002,-3.098528557479908
2,-0.5,-0.5,3.3824,-3.101481950928017
2,-0.5,-0.5,3.3840000000000003,-3.104435241709795
2,-0.5,-0.5,3.3856,-3.107388429605272
2,-0.5,-0.5,3.3872,-3.1103415143952327
2,-0.5,-0.5,3.3888000000000003,-3.113294495861212
2,-0.5,-0.5,3.3904,-3.1162473737854968
2,-0.5,-0.5,3.3920000000000003,-3.1192001479511213
2,-0.5,-0.5,3.3936,-3.122152818141866
2,-0.5,-0.5,3.3952,-3.125105384142257
2,-0.5,-0.5,3.3968000000000003,-3.1280578457375623
2,-0.5,-0.5,3.3984,-3.131010202713791
2,-0.5,-0.5,3.4000000000000004,-3.133962454857691
2,-0.5,-0.5,3.4016,-3.1369146019567484
2,-0.5,-0.5,3.4032,-3.1398666437991833
2,-0.5,-0.5,3.4048000000000003,-3.14281858017395
2,-0.5,-0.5,3.4064,-3.1457704108707345
2,-0.5,-0.5,3.4080000000000004,-3.1487221356799515
2,-0.5,-0.5,3.4096,-3.1516737543927458
2,-0.5,-0.5,3.4112,-3.154625266800987
2,-0.5,-0.5,3.4128000000000003,-3.1575766726972683
2,-0.5,-0.5,3.4144,-3.160527971874907
2,-0.5,-0.5,3.4160000000000004,-3.1634791641279403
2,-0.5,-0.5,3.4176,-3.1664302492511243
2,-0.5,-0.5,3.4192,-3.1693812270399313
2,-0.5,-0.5,3.4208000000000003,-3.1723320972905515
2,-0.5,-0.5,3.4224,-3.1752828597998874
2,-0.5,-0.5,3.4240000000000004,-3.1782335143655516
2,-0.5,-0.5,3.4256,-3.181184060785868
2,-0.5,-0.5,3.4272,-3.184134498859869
2,-0.5,-0.5,3.4288000000000003,-3.1870848283872935
2,-0.5,-0.5,3.4304,-3.1900350491685847
2,-0.5,-0.5,3.4320000000000004,-3.192985161004887
2,-0.5,-0.5,3.4336,-3.1959351636980484
2,-0.5,-0.5,3.4352,-3.1988850570506155
2,-0.5,-0.5,3.4368000000000003,-3.2018348408658306
2,-0.5,-0.5,3.4384,-3.2047845149476353
2,-0.5,-0.5,3.44,-3.2077340791006623
2,-0.5,-0.5,3.4416,-3.210683533130238
2,-0.5,-0.5,3.4432,-3.213632876842379
2,-0.5,-0.5,3.4448000000000003,-3.2165821100437912
2,-0.5,-0.5,3.4464,-3.2195312325418666
2,-0.5,-0.5,3.448,-3.2224802441446845
2,-0.5,-0.5,3.4496,-3.225429144661005
2,-0.5,-0.5,3.4512,-3.2283779339002736
2,-0.5,-0.5,3.4528000000000003,-3.231326611672613
2,-0.5,-0.5,3.4544,-3.234275177788827
2,-0.5,-0.5,3.456,-3.2372236320603944
2,-0.5,-0.5,3.4576000000000002,-3.2401719742994697
2,-0.5,-0.5,3.4592,-3.243120204318881
2,-0.5,-0.5,3.4608000000000003,-3.2460683219321287
2,-0.5,-0.5,3.4624,-3.249016326953382
2,-0.5,-0.5,3.464,-3.251964219197479
2,-0.5,-0.5,3.4656000000000002,-3.2549119984799253
2,-0.5,-0.5,3.4672,-3.2578596646168907
2,-0.5,-0.5,3.4688000000000003,-3.260807217425209
2,-0.5,-0.5,3.4704,-3.2637546567223747
2,-0.5,-0.5,3.472,-3.266701982326543
2,-0.5,-0.5,3.4736000000000002,-3.2696491940565275
2,-0.5,-0.5,3.4752,-3.272596291731799
2,-0.5,-0.5,3.4768000000000003,-3.275543275172481
2,-0.5,-0.5,3.4784,-3.2784901441993535
2,-0.5,-0.5,3.48,-3.2814368986338467
2,-0.5,-0.5,3.4816000000000003,-3.284383538298041
2,-0.5,-0.5,3.4832,-3.2873300630146662
2,-0.5,-0.5,3.4848000000000003,-3.2902764726070974
2,-0.5,-0.5,3.4864,-3.293222766899356
2,-0.5,-0.5,3.488,-3.2961689457161065
2,-0.5,-0.5,3.4896000000000003,-3.299115008882656
2,-0.5,-0.5,3.4912,-3.302060956224952
2,-0.5,-0.5,3.4928000000000003,-3.3050067875695794
2,-0.5,-0.5,3.4944,-3.3079525027437624
2,-0.5,-0.5,3.496,-3.3108981015753587
2,-0.5,-0.5,3.4976000000000003,-3.3138435838928615
2,-0.5,-0.5,3.4992,-3.316788949525395
2,-0.5,-0.5,3.5008000000000004,-3.3197341983027164
2,-0.5,-0.5,3.5024,-3.3226793300552093
2,-0.5,-0.5,3.504,-3.3256243446138867
2,-0.5,-0.5,3.5056000000000003,-3.3285692418103863
2,-0.5,-0.5,3.5072,-3.331514021476972
2,-0.5,-0.5,3.5088000000000004,-3.3344586834465284
2,-0.5,-0.5,3.5104,-3.337403227552563
2,-0.5,-0.5,3.512,-3.3403476536292023
2,-0.5,-0.5,3.5136000000000003,-3.343291961511192
2,-0.5,-0.5,3.5152,-3.3462361510338927
2,-0.5,-0.5,3.5168000000000004,-3.349180222033282
2,-0.5,-0.5,3.5184,-3.3521241743459487
2,-0.5,-0.5,3.52,-3.355068007809095
2,-0.5,-0.5,3.5216000000000003,-3.358011722260534
2,-0.5,-0.5,3.5232,-3.3609553175386857
2,-0.5,-0.5,3.5248000000000004,-3.3638987934825795
2,-0.5,-0.5,3.5264,-3.3668421499318497
2,-0.5,-0.5,3.528,-3.3697853867267344
2,-0.5,-0.5,3.5296000000000003,-3.372728503708076
2,-0.5,-0.5,3.5312,-3.375671500717316
2,-0.5,-0.5,3.5328000000000004,-3.3786143775964965
2,-0.5,-0.5,3.5344,-3.381557134188259
2,-0.5,-0.5,3.536,-3.3844997703358395
2,-0.5,-0.5,3.5376000000000003,-3.3874422858830706
2,-0.5,-0.5,3.5392,-3.3903846806743783
2,-0.5,-0.5,3.5408000000000004,-3.3933269545547806
2,-0.5,-0.5,3.5424,-3.3962691073698865
2,-0.5,-0.5,3.544,-3.399211138965893
2,-0.5,-0.5,3.5456000000000003,-3.402153049189587
2,-0.5,-0.5,3.5472,-3.405094837888339
2,-0.5,-0.5,3.5488,-3.4080365049101062
2,-0.5,-0.5,3.5504000000000002,-3.4109780501034286
2,-0.5,-0.5,3.552,-3.4139194733174274
2,-0.5,-0.5,3.5536000000000003,-3.4168607744018042
2,-0.5,-0.5,3.5552,-3.4198019532068398
2,-0.5,-0.5,3.5568,-3.4227430095833924
2,-0.5,-0.5,3.5584000000000002,-3.425683943382896
2,-0.5,-0.5,3.56,-3.4286247544573585
2,-0.5,-0.5,3.5616000000000003,-3.4315654426593607
2,-0.5,-0.5,3.5632,-3.4345060078420566
2,-0.5,-0.5,3.5648,-3.4374464498591677
2,-0.5,-0.5,3.5664000000000002,-3.4403867685649874
2,-0.5,-0.5,3.568,-3.443326963814374
2,-0.5,-0.5,3.5696000000000003,-3.4462670354627516
2,-0.5,-0.5,3.5712,-3.4492069833661088
2,-0.5,-0.5,3.5728,-3.4521468073809984
2,-0.5,-0.5,3.5744000000000002,-3.4550865073645336
2,-0.5,-0.5,3.576,-3.458026083174387
2,-0.5,-0.5,3.5776000000000003,-3.4609655346687918
2,-0.5,-0.5,3.5792,-3.4639048617065367
2,-0.5,-0.5,3.5808,-3.466844064146967
2,-0.5,-0.5,3.5824000000000003,-3.4697831418499816
2,-0.5,-0.5,3.584,-3.4727220946760338
2,-0.5,-0.5,3.5856000000000003,-3.4756609224861275
2,-0.5,-0.5,3.5872,-3.478599625141817
2,-0.5,-0.5,3.5888,-3.481538202505205
2,-0.5,-0.5,3.5904000000000003,-3.4844766544389425
2,-0.5,-0.5,3.592,-3.4874149808062263
2,-0.5,-0.5,3.5936000000000003,-3.490353181470798
2,-0.5,-0.5,3.5952,-3.4932912562969416
2,-0.5,-0.5,3.5968,-3.496229205149483
2,-0.5,-0.5,3.5984000000000003,-3.4991670278937907
2,-0.5,-0.5,3.6,-3.5021047243957693
2,-0.5,-0.5,3.6016000000000004,-3.505042294521863
2,-0.5,-0.5,3.6032,-3.507979738139052
2,-0.5,-0.5,3.6048,-3.510917055114852
2,-0.5,-0.5,3.6064000000000003,-3.5138542453173107
2,-0.5,-0.5,3.608,-3.5167913086150113
2,-0.5,-0.5,3.6096000000000004,-3.519728244877065
2,-0.5,-0.5,3.6112,-3.522665053973114
2,-0.5,-0.5,3.6128,-3.5256017357733285
2,-0.5,-0.5,3.6144000000000003,-3.528538290148405
2,-0.5,-0.5,3.616,-3.531474716969568
2,-0.5,-0.5,3.6176000000000004,-3.5344110161085625
2,-0.5,-0.5,3.6192,-3.5373471874376596
2,-0.5,-0.5,3.6208,-3.5402832308296506
2,-0.5,-0.5,3.6224000000000003,-3.5432191461578473
2,-0.5,-0.5,3.624,-3.546154933296081
2,-0.5,-0.5,3.6256000000000004,-3.549090592118699
2,-0.5,-0.5,3.6272,-3.552026122500567
2,-0.5,-0.5,3.6288,-3.554961524317065
2,-0.5,-0.5,3.6304000000000003,-3.557896797444085
2,-0.5,-0.5,3.632,-3.5608319417580336
2,-0.5,-0.5,3.6336000000000004,-3.563766957135829
2,-0.5,-0.5,3.6352,-3.566701843454897
2,-0.5,-0.5,3.6368,-3.569636600593172
2,-0.5,-0.5,3.6384000000000003,-3.5725712284290974
2,-0.5,-0.5,3.64,-3.57550572684162
2,-0.5,-0.5,3.6416000000000004,-3.5784400957101945
2,-0.5,-0.5,3.6432,-3.5813743349147775
2,-0.5,-0.5,3.6448,-3.5843084443358255
2,-0.5,-0.5,3.6464000000000003,-3.5872424238542986
2,-0.5,-0.5,3.648,-3.590176273351655
2,-0.5,-0.5,3.6496,-3.593109992709852
2,-0.5,-0.5,3.6512000000000002,-3.5960435818113425
2,-0.5,-0.5,3.6528,-3.5989770405390766
2,-0.5,-0.5,3.6544000000000003,-3.601910368776498
2,-0.5,-0.5,3.656,-3.604843566407543
2,-0.5,-0.5,3.6576,-3.607776633316641
2,-0.5,-0.5,3.6592000000000002,-3.6107095693887117
2,-0.5,-0.5,3.6608,-3.613642374509164
2,-0.5,-0.5,3.6624000000000003,-3.616575048563895
2,-0.5,-0.5,3.664,-3.619507591439288
2,-0.5,-0.5,3.6656,-3.622440003022213
2,-0.5,-0.5,3.6672000000000002,-3.6253722832000235
2,-0.5,-0.5,3.6688,-3.628304431860558
2,-0.5,-0.5,3.6704000000000003,-3.6312364488921345
2,-0.5,-0.5,3.672,-3.6341683341835536
2,-0.5,-0.5,3.6736,-3.6371000876240935
2,-0.5,-0.5,3.6752000000000002,-3.6400317091035133
2,-0.5,-0.5,3.6768,-3.6429631985120463
2,-0.5,-0.5,3.6784000000000003,-3.645894555740404
2,-0.5,-0.5,3.68,-3.6488257806797715
2,-0.5,-0.5,3.6816,-3.6517568732218066
2,-0.5,-0.5,3.6832000000000003,-3.6546878332586403
2,-0.5,-0.5,3.6848,-3.6576186606828736
2,-0.5,-0.5,3.6864000000000003,-3.6605493553875785
2,-0.5,-0.5,3.688,-3.6634799172662955
2,-0.5,-0.5,3.6896,-3.666410346213031
2,-0.5,-0.5,3.6912000000000003,-3.669340642122259
2,-0.5,-0.5,3.6928,-3.6722708048889183
2,-0.5,-0.5,3.6944000000000004,-3.67520083440841
2,-0.5,-0.5,3.696,-3.6781307305766004
2,-0.5,-0.5,3.6976,-3.681060493289815
2,-0.5,-0.5,3.6992000000000003,-3.6839901224448406
2,-0.5,-0.5,3.7008,-3.6869196179389228
2,-0.5,-0.5,3.7024000000000004,-3.6898489796697644
2,-0.5,-0.5,3.704,-3.692778207535527
2,-0.5,-0.5,3.7056,-3.695707301434825
2,-0.5,-0.5,3.7072000000000003,-3.6986362612667296
2,-0.5,-0.5,3.7088,-3.701565086930764
2,-0.5,-0.5,3.7104000000000004,-3.704493778326903
2,-0.5,-0.5,3.712,-3.7074223353555738
2,-0.5,-0.5,3.7136,-3.7103507579176513
2,-0.5,-0.5,3.7152000000000003,-3.713279045914461
2,-0.5,-0.5,3.7168,-3.716207199247775
2,-0.5,-0.5,3.7184000000000004,-3.719135217819811
2,-0.5,-0.5,3.72,-3.722063101533233
2,-0.5,-0.5,3.7216,-3.724990850291148
2,-0.5,-0.5,3.7232000000000003,-3.7279184639971064
2,-0.5,-0.5,3.7248,-3.730845942555101
2,-0.5,-0.5,3.7264000000000004,-3.733773285869563
2,-0.5,-0.5,3.728,-3.736700493845366
2,-0.5,-0.5,3.7296,-3.7396275663878193
2,-0.5,-0.5,3.7312000000000003,-3.742554503402671
2,-0.5,-0.5,3.7328,-3.7454813047961046
2,-0.5,-0.5,3.7344000000000004,-3.7484079704747395
2,-0.5,-0.5,3.736,-3.7513345003456275
2,-0.5,-0.5,3.7376,-3.7542608943162534
2,-0.5,-0.5,3.7392000000000003,-3.757187152294535
2,-0.5,-0.5,3.7408,-3.7601132741888184
2,-0.5,-0.5,3.7424000000000004,-3.763039259907882
2,-0.5,-0.5,3.744,-3.7659651093609297
2,-0.5,-0.5,3.7456,-3.768890822457594
2,-0.5,-0.5,3.7472000000000003,-3.7718163991079328
2,-0.5,-0.5,3.7488,-3.77474183922243
2,-0.5,-0.5,3.7504000000000004,-3.7776671427119926
2,-0.5,-0.5,3.7520000000000002,-3.780592309487951
2,-0.5,-0.5,3.7536,-3.7835173394620565
2,-0.5,-0.5,3.7552000000000003,-3.7864422325464817
2,-0.5,-0.5,3.7568,-3.789366988653818
2,-0.5,-0.5,3.7584,-3.7922916076970763
2,-0.5,-0.5,3.7600000000000002,-3.7952160895896845
2,-0.5,-0.5,3.7616,-3.798140434245486
2,-0.5,-0.5,3.7632000000000003,-3.801064641578741
2,-0.5,-0.5,3.7648,-3.8039887115041227
2,-0.5,-0.5,3.7664,-3.806912643936718
2,-0.5,-0.5,3.7680000000000002,-3.8098364387920243
2,-0.5,-0.5,3.7696,-3.8127600959859524
2,-0.5,-0.5,3.7712000000000003,-3.815683615434823
2,-0.5,-0.5,3.7728,-3.818606997055362
2,-0.5,-0.5,3.7744,-3.8215302407647083
2,-0.5,-0.5,3.7760000000000002,-3.824453346480403
2,-0.5,-0.5,3.7776,-3.827376314120395
2,-0.5,-0.5,3.7792000000000003,-3.8302991436030385
2,-0.5,-0.5,3.7808,-3.8332218348470897
2,-0.5,-0.5,3.7824,-3.8361443877717094
2,-0.5,-0.5,3.7840000000000003,-3.8390668022964576
2,-0.5,-0.5,3.7856,-3.841989078341297
2,-0.5,-0.5,3.7872000000000003,-3.844911215826587
2,-0.5,-0.5,3.7888,-3.847833214673088
2,-0.5,-0.5,3.7904,-3.8507550748019566
2,-0.5,-0.5,3.7920000000000003,-3.853676796134747
2,-0.5,-0.5,3.7936,-3.856598378593407
2,-0.5,-0.5,3.7952000000000004,-3.8595198221002796
2,-0.5,-0.5,3.7968,-3.862441126578101
2,-0.5,-0.5,3.7984,-3.86536229195
2,-0.5,-0.5,3.8000000000000003,-3.868283318139496
2,-0.5,-0.5,3.8016,-3.871204205070499
2,-0.5,-0.5,3.8032000000000004,-3.8741249526673087
2,-0.5,-0.5,3.8048,-3.877045560854612
2,-0.5,-0.5,3.8064,-3.8799660295574845
2,-0.5,-0.5,3.8080000000000003,-3.8828863587013864
2,-0.5,-0.5,3.8096,-3.885806548212165
2,-0.5,-0.5,3.8112000000000004,-3.8887265980160497
2,-0.5,-0.5,3.8128,-3.8916465080396545
2,-0.5,-0.5,3.8144,-3.8945662782099757
2,-0.5,-0.5,3.8160000000000003,-3.8974859084543905
2,-0.5,-0.5,3.8176,-3.9004053987006553
2,-0.5,-0.5,3.8192000000000004,-3.903324748876907
2,-0.5,-0.5,3.8208,-3.9062439589116624
2,-0.5,-0.5,3.8224,-3.909163028733812
2,-0.5,-0.5,3.8240000000000003,-3.912081958272626
2,-0.5,-0.5,3.8256,-3.915000747457747
2,-0.5,-0.5,3.8272000000000004,-3.917919396219194
2,-0.5,-0.5,3.8288,-3.9208379044873594
2,-0.5,-0.5,3.8304,-3.923756272193007
2,-0.5,-0.5,3.8320000000000003,-3.9266744992672717
2,-0.5,-0.5,3.8336,-3.9295925856416614
2,-0.5,-0.5,3.8352000000000004,-3.9325105312480506
2,-0.5,-0.5,3.8368,-3.935428336018684
2,-0.5,-0.5,3.8384,-3.9383459998861743
2,-0.5,-0.5,3.8400000000000003,-3.9412635227834993
2,-0.5,-0.5,3.8416,-3.9441809046440044
2,-0.5,-0.5,3.8432000000000004,-3.947098145401398
2,-0.5,-0.5,3.8448,-3.950015244989753
2,-0.5,-0.5,3.8464,-3.9529322033435057
2,-0.5,-0.5,3.8480000000000003,-3.9558490203974537
2,-0.5,-0.5,3.8496,-3.9587656960867563
2,-0.5,-0.5,3.8512000000000004,-3.9616822303469323
2,-0.5,-0.5,3.8528000000000002,-3.964598623113859
2,-0.5,-0.5,3.8544,-3.9675148743237725
2,-0.5,-0.5,3.8560000000000003,-3.9704309839132663
2,-0.5,-0.5,3.8576,-3.9733469518192908
2,-0.5,-0.5,3.8592,-3.9762627779791497
2,-0.5,-0.5,3.8608000000000002,-3.9791784623305038
2,-0.5,-0.5,3.8624,-3.9820940048113656
2,-0.5,-0.5,3.8640000000000003,-3.9850094053601004
2,-0.5,-0.5,3.8656,-3.987924663915426
2,-0.5,-0.5,3.8672,-3.9908397804164113
2,-0.5,-0.5,3.8688000000000002,-3.993754754802473
2,-0.5,-0.5,3.8704,-3.996669587013378
2,-0.5,-0.5,3.8720000000000003,-3.9995842769892413
2,-0.5,-0.5,3.8736,-4.002498824670527
2,-0.5,-0.5,3.8752,-4.00541322999804
2,-0.5,-0.5,3.8768000000000002,-4.008327492912937
2,-0.5,-0.5,3.8784,-4.011241613356713
2,-0.5,-0.5,3.8800000000000003,-4.014155591271212
2,-0.5,-0.5,3.8816,-4.017069426598616
2,-0.5,-0.5,3.8832,-4.019983119281454
2,-0.5,-0.5,3.8848000000000003,-4.0228966692625905
2,-0.5,-0.5,3.8864,-4.0258100764852305
2,-0.5,-0.5,3.8880000000000003,-4.028723340892923
2,-0.5,-0.5,3.8896,-4.0316364624295495
2,-0.5,-0.5,3.8912,-4.034549441039333
2,-0.5,-0.5,3.8928000000000003,-4.0374622766668296
2,-0.5,-0.5,3.8944,-4.040374969256933
2,-0.5,-0.5,3.8960000000000004,-4.04328751875487
2,-0.5,-0.5,3.8976,-4.046199925106202
2,-0.5,-0.5,3.8992,-4.0491121882568235
2,-0.5,-0.5,3.9008000000000003,-4.052024308152961
2,-0.5,-0.5,3.9024,-4.054936284741172
2,-0.5,-0.5,3.9040000000000004,-4.0578481179683425
2,-0.5,-0.5,3.9056,-4.060759807781691
2,-0.5,-0.5,3.9072,-4.063671354128764
2,-0.5,-0.5,3.9088000000000003,-4.066582756957434
2,-0.5,-0.5,3.9104,-4.0694940162159
2,-0.5,-0.5,3.9120000000000004,-4.072405131852689
2,-0.5,-0.5,3.9136,-4.075316103816652
2,-0.5,-0.5,3.9152,-4.078226932056965
2,-0.5,-0.5,3.9168000000000003,-4.081137616523126
2,-0.5,-0.5,3.9184,-4.084048157164957
2,-0.5,-0.5,3.9200000000000004,-4.086958553932599
2,-0.5,-0.5,3.9216,-4.0898688067765185
2,-0.5,-0.5,3.9232,-4.092778915647498
2,-0.5,-0.5,3.9248000000000003,-4.095688880496643
2,-0.5,-0.5,3.9264,-4.098598701275371
2,-0.5,-0.5,3.9280000000000004,-4.101508377935423
2,-0.5,-0.5,3.9296,-4.104417910428856
2,-0.5,-0.5,3.9312,-4.107327298708039
2,-0.5,-0.5,3.9328000000000003,-4.1102365427256595
2,-0.5,-0.5,3.9344,-4.113145642434718
2,-0.5,-0.5,3.9360000000000004,-4.116054597788527
2,-0.5,-0.5,3.9376,-4.118963408740715
2,-0.5,-0.5,3.9392,-4.12187207524522
2,-0.5,-0.5,3.9408000000000003,-4.124780597256289
2,-0.5,-0.5,3.9424,-4.127688974728485
2,-0.5,-0.5,3.9440000000000004,-4.130597207616671
2,-0.5,-0.5,3.9456,-4.133505295876028
2,-0.5,-0.5,3.9472,-4.136413239462039
2,-0.5,-0.5,3.9488000000000003,-4.139321038330493
2,-0.5,-0.5,3.9504,-4.14222869243749
2,-0.5,-0.5,3.9520000000000004,-4.145136201739431
2,-0.5,-0.5,3.9536000000000002,-4.148043566193023
2,-0.5,-0.5,3.9552,-4.150950785755274
2,-0.5,-0.5,3.9568000000000003,-4.1538578603835
2,-0.5,-0.5,3.9584,-4.156764790035314
2,-0.5,-0.5,3.9600000000000004,-4.159671574668634
2,-0.5,-0.5,3.9616000000000002,-4.162578214241676
2,-0.5,-0.5,3.9632,-4.165484708712953
2,-0.5,-0.5,3.9648000000000003,-4.1683910580412835
2,-0.5,-0.5,3.9664,-4.17129726218578
2,-0.5,-0.5,3.968,-4.17420332110585
2,-0.5,-0.5,3.9696000000000002,-4.1771092347612
2,-0.5,-0.5,3.9712,-4.180015003111835
2,-0.5,-0.5,3.9728000000000003,-4.182920626118051
2,-0.5,-0.5,3.9744,-4.185826103740437
2,-0.5,-0.5,3.976,-4.18873143593988
2,-0.5,-0.5,3.9776000000000002,-4.191636622677555
2,-0.5,-0.5,3.9792,-4.194541663914931
2,-0.5,-0.5,3.9808000000000003,-4.197446559613767
2,-0.5,-0.5,3.9824,-4.200351309736114
2,-0.5,-0.5,3.984,-4.203255914244309
2,-0.5,-0.5,3.9856000000000003,-4.206160373100983
2,-0.5,-0.5,3.9872,-4.209064686269047
2,-0.5,-0.5,3.9888000000000003,-4.211968853711709
2,-0.5,-0.5,3.9904,-4.214872875392455
2,-0.5,-0.5,3.992,-4.217776751275061
2,-0.5,-0.5,3.9936000000000003,-4.220680481323585
2,-0.5,-0.5,3.9952,-4.223584065502372
2,-0.5,-0.5,3.9968000000000004,-4.226487503776051
2,-0.5,-0.5,3.9984,-4.229390796109527
2,-0.5,-0.5,4.0,-4.2322939424679955
2,-0.5,-0.5,4.0016,-4.235196942816927
2,-0.5,-0.5,4.0032000000000005,-4.238099797122075
2,-0.5,-0.5,4.0048,-4.2410025053494715
2,-0.5,-0.5,4.0064,-4.243905067465429
2,-0.5,-0.5,4.008,-4.246807483436537
2,-0.5,-0.5,4.0096,-4.24970975322966
2,-0.5,-0.5,4.0112000000000005,-4.252611876811943
2,-0.5,-0.5,4.0128,-4.255513854150806
2,-0.5,-0.5,4.0144,-4.258415685213941
2,-0.5,-0.5,4.016,-4.26131736996932
2,-0.5,-0.5,4.0176,-4.2642189083851845
2,-0.5,-0.5,4.0192000000000005,-4.267120300430048
2,-0.5,-0.5,4.0208,-4.270021546072701
2,-0.5,-0.5,4.0224,-4.2729226452822
2,-0.5,-0.5,4.024,-4.275823598027876
2,-0.5,-0.5,4.0256,-4.27872440427933
2,-0.5,-0.5,4.027200000000001,-4.281625064006432
2,-0.5,-0.5,4.0288,-4.284525577179317
2,-0.5,-0.5,4.0304,-4.287425943768395
2,-0.5,-0.5,4.032,-4.290326163744335
2,-0.5,-0.5,4.0336,-4.293226237078078
2,-0.5,-0.5,4.035200000000001,-4.296126163740829
2,-0.5,-0.5,4.0368,-4.299025943704059
2,-0.5,-0.5,4.0384,-4.301925576939503
2,-0.5,-0.5,4.04,-4.304825063419159
2,-0.5,-0.5,4.0416,-4.307724403115288
2,-0.5,-0.5,4.043200000000001,-4.310623596000414
2,-0.5,-0.5,4.0448,-4.31352264204732
2,-0.5,-0.5,4.0464,-4.316421541229053
2,-0.5,-0.5,4.048,-4.319320293518919
2,-0.5,-0.5,4.0496,-4.322218898890484
2,-0.5,-0.5,4.051200000000001,-4.32511735731757
2,-0.5,-0.5,4.0528,-4.328015668774261
2,-0.5,-0.5,4.0544,-4.330913833234895
2,-0.5,-0.5,4.056,-4.333811850674068
2,-0.5,-0.5,4.0576,-4.336709721066632
2,-0.5,-0.5,4.059200000000001,-4.3396074443876955
2,-0.5,-0.5,4.0608,-4.342505020612619
2,-0.5,-0.5,4.0624,-4.34540244971702
2,-0.5,-0.5,4.064,-4.3482997316767635
2,-0.5,-0.5,4.0656,-4.3511968664679745
2,-0.5,-0.5,4.067200000000001,-4.354093854067025
2,-0.5,-0.5,4.0688,-4.35699069445054
2,-0.5,-0.5,4.0704,-4.3598873875953945
2,-0.5,-0.5,4.072,-4.3627839334787115
2,-0.5,-0.5,4.0736,-4.365680332077866
2,-0.5,-0.5,4.075200000000001,-4.368576583370482
2,-0.5,-0.5,4.0768,-4.371472687334427
2,-0.5,-0.5,4.0784,-4.374368643947821
2,-0.5,-0.5,4.08,-4.377264453189025
2,-0.5,-0.5,4.0816,-4.380160115036651
2,-0.5,-0.5,4.083200000000001,-4.383055629469554
2,-0.5,-0.5,4.0848,-4.385950996466833
2,-0.5,-0.5,4.0864,-4.38884621600783
2,-0.5,-0.5,4.088,-4.391741288072133
2,-0.5,-0.5,4.0896,-4.394636212639569
2,-0.5,-0.5,4.091200000000001,-4.3975309896902095
2,-0.5,-0.5,4.0928,-4.400425619204369
2,-0.5,-0.5,4.0944,-4.4033201011625955
2,-0.5,-0.5,4.096,-4.406214435545684
2,-0.5,-0.5,4.0976,-4.409108622334666
2,-0.5,-0.5,4.099200000000001,-4.41200266151081
2,-0.5,-0.5,4.1008000000000004,-4.414896553055628
2,-0.5,-0.5,4.1024,-4.417790296950862
2,-0.5,-0.5,4.104,-4.420683893178495
2,-0.5,-0.5,4.1056,-4.423577341720746
2,-0.5,-0.5,4.107200000000001,-4.426470642560069
2,-0.5,-0.5,4.1088000000000005,-4.429363795679152
2,-0.5,-0.5,4.1104,-4.432256801060916
2,-0.5,-0.5,4.112,-4.43514965868852
2,-0.5,-0.5,4.1136,-4.43804236854535
2,-0.5,-0.5,4.115200000000001,-4.440934930615031
2,-0.5,-0.5,4.1168000000000005,-4.443827344881413
2,-0.5,-0.5,4.1184,-4.44671961132858
2,-0.5,-0.5,4.12,-4.4496117299408455
2,-0.5,-0.5,4.1216,-4.452503700702754
2,-0.5,-0.5,4.1232,-4.455395523599077
2,-0.5,-0.5,4.1248000000000005,-4.458287198614817
2,-0.5,-0.5,4.1264,-4.461178725735205
2,-0.5,-0.5,4.128,-4.464070104945694
2,-0.5,-0.5,4.1296,-4.46696133623197
2,-0.5,-0.5,4.1312,-4.469852419579941
2,-0.5,-0.5,4.1328000000000005,-4.47274335497574
2,-0.5,-0.5,4.1344,-4.4756341424057275
2,-0.5,-0.5,4.136,-4.478524781856487
2,-0.5,-0.5,4.1376,-4.481415273314823
2,-0.5,-0.5,4.1392,-4.484305616767768
2,-0.5,-0.5,4.1408000000000005,-4.487195812202573
2,-0.5,-0.5,4.1424,-4.490085859606711
2,-0.5,-0.5,4.144,-4.492975758967879
2,-0.5,-0.5,4.1456,-4.495865510273991
2,-0.5,-0.5,4.1472,-4.498755113513184
2,-0.5,-0.5,4.1488000000000005,-4.501644568673809
2,-0.5,-0.5,4.1504,-4.504533875744443
2,-0.5,-0.5,4.152,-4.507423034713875
2,-0.5,-0.5,4.1536,-4.510312045571115
2,-0.5,-0.5,4.1552,-4.513200908305389
2,-0.5,-0.5,4.1568000000000005,-4.516089622906138
2,-0.5,-0.5,4.1584,-4.518978189363021
2,-0.5,-0.5,4.16,-4.521866607665911
2,-0.5,-0.5,4.1616,-4.524754877804896
2,-0.5,-0.5,4.1632,-4.527642999770277
2,-0.5,-0.5,4.1648000000000005,-4.53053097355257
2,-0.5,-0.5,4.1664,-4.533418799142501
2,-0.5,-0.5,4.168,-4.536306476531012
2,-0.5,-0.5,4.1696,-4.539194005709253
2,-0.5,-0.5,4.1712,-4.542081386668587
2,-0.5,-0.5,4.1728000000000005,-4.5449686194005885
2,-0.5,-0.5,4.1744,-4.547855703897039
2,-0.5,-0.5,4.176,-4.55074264014993
2,-0.5,-0.5,4.1776,-4.5536294281514635
2,-0.5,-0.5,4.1792,-4.556516067894051
2,-0.5,-0.5,4.1808000000000005,-4.559402559370305
2,-0.5,-0.5,4.1824,-4.562288902573053
2,-0.5,-0.5,4.184,-4.565175097495325
2,-0.5,-0.5,4.1856,-4.568061144130355
2,-0.5,-0.5,4.1872,-4.570947042471586
2,-0.5,-0.5,4.1888000000000005,-4.573832792512663
2,-0.5,-0.5,4.1904,-4.576718394247439
2,-0.5,-0.5,4.192,-4.579603847669966
2,-0.5,-0.5,4.1936,-4.582489152774501
2,-0.5,-0.5,4.1952,-4.585374309555505
2,-0.5,-0.5,4.1968000000000005,-4.588259318007639
2,-0.5,-0.5,4.1984,-4.5911441781257665
2,-0.5,-0.5,4.2,-4.5940288899049495
2,-0.5,-0.5,4.2016,-4.596913453340453
2,-0.5,-0.5,4.2032,-4.599797868427743
2,-0.5,-0.5,4.2048000000000005,-4.602682135162479
2,-0.5,-0.5,4.2064,-4.605566253540525
2,-0.5,-0.5,4.208,-4.6084502235579405
2,-0.5,-0.5,4.2096,-4.611334045210984
2,-0.5,-0.5,4.2112,-4.614217718496106
2,-0.5,-0.5,4.2128000000000005,-4.617101243409959
2,-0.5,-0.5,4.2144,-4.61998461994939
2,-0.5,-0.5,4.216,-4.622867848111441
2,-0.5,-0.5,4.2176,-4.625750927893348
2,-0.5,-0.5,4.2192,-4.628633859292543
2,-0.5,-0.5,4.2208000000000006,-4.631516642306648
2,-0.5,-0.5,4.2224,-4.634399276933484
2,-0.5,-0.5,4.224,-4.637281763171061
2,-0.5,-0.5,4.2256,-4.6401641010175805
2,-0.5,-0.5,4.2272,-4.643046290471437
2,-0.5,-0.5,4.228800000000001,-4.645928331531215
2,-0.5,-0.5,4.2304,-4.648810224195693
2,-0.5,-0.5,4.232,-4.651691968463835
2,-0.5,-0.5,4.2336,-4.654573564334795
2,-0.5,-0.5,4.2352,-4.657455011807919
2,-0.5,-0.5,4.236800000000001,-4.660336310882739
2,-0.5,-0.5,4.2384,-4.663217461558975
2,-0.5,-0.5,4.24,-4.666098463836537
2,-0.5,-0.5,4.2416,-4.668979317715517
2,-0.5,-0.5,4.2432,-4.671860023196198
2,-0.5,-0.5,4.244800000000001,-4.674740580279045
2,-0.5,-0.5,4.2464,-4.677620988964711
2,-0.5,-0.5,4.248,-4.680501249254034
2,-0.5,-0.5,4.2496,-4.683381361148032
2,-0.5,-0.5,4.2512,-4.686261324647914
2,-0.5,-0.5,4.252800000000001,-4.6891411397550655
2,-0.5,-0.5,4.2544,-4.692020806471058
2,-0.5,-0.5,4.256,-4.694900324797643
2,-0.5,-0.5,4.2576,-4.697779694736756
2,-0.5,-0.5,4.2592,-4.7006589162905135
2,-0.5,-0.5,4.260800000000001,-4.7035379894612115
2,-0.5,-0.5,4.2624,-4.706416914251327
2,-0.5,-0.5,4.264,-4.709295690663516
2,-0.5,-0.5,4.2656,-4.7121743187006135
2,-0.5,-0.5,4.2672,-4.715052798365636
2,-0.5,-0.5,4.268800000000001,-4.717931129661772
2,-0.5,-0.5,4.2704,-4.720809312592395
2,-0.5,-0.5,4.272,-4.723687347161049
2,-0.5,-0.5,4.2736,-4.72656523337146
2,-0.5,-0.5,4.2752,-4.729442971227527
2,-0.5,-0.5,4.276800000000001,-4.732320560733326
2,-0.5,-0.5,4.2784,-4.7351980018931075
2,-0.5,-0.5,4.28,-4.738075294711298
2,-0.5,-0.5,4.2816,-4.740952439192494
2,-0.5,-0.5,4.2832,-4.743829435341472
2,-0.5,-0.5,4.284800000000001,-4.746706283163178
2,-0.5,-0.5,4.2864,-4.749582982662731
2,-0.5,-0.5,4.288,-4.752459533845421
2,-0.5,-0.5,4.2896,-4.755335936716714
2,-0.5,-0.5,4.2912,-4.758212191282242
2,-0.5,-0.5,4.292800000000001,-4.76108829754781
2,-0.5,-0.5,4.2944,-4.763964255519396
2,-0.5,-0.5,4.296,-4.766840065203144
2,-0.5,-0.5,4.2976,-4.7697157266053685
2,-0.5,-0.5,4.2992,-4.772591239732554
2,-0.5,-0.5,4.300800000000001,-4.775466604591352
2,-0.5,-0.5,4.3024000000000004,-4.778341821188582
2,-0.5,-0.5,4.304,-4.781216889531232
2,-0.5,-0.5,4.3056,-4.784091809626456
2,-0.5,-0.5,4.3072,-4.7869665814815745
2,-0.5,-0.5,4.308800000000001,-4.789841205104074
2,-0.5,-0.5,4.3104000000000005,-4.7927156805016065
2,-0.5,-0.5,4.312,-4.795590007681991
2,-0.5,-0.5,4.3136,-4.7984641866532085
2,-0.5,-0.5,4.3152,-4.801338217423405
2,-0.5,-0.5,4.316800000000001,-4.804212100000889
2,-0.5,-0.5,4.3184000000000005,-4.807085834394136
2,-0.5,-0.5,4.32,-4.809959420611779
2,-0.5,-0.5,4.3216,-4.8128328586626195
2,-0.5,-0.5,4.3232,-4.815706148555615
2,-0.5,-0.5,4.324800000000001,-4.818579290299887
2,-0.5,-0.5,4.3264000000000005,-4.8214522839047165
2,-0.5,-0.5,4.328,-4.824325129379548
2,-0.5,-0.5,4.3296,-4.8271978267339835
2,-0.5,-0.5,4.3312,-4.830070375977784
2,-0.5,-0.5,4.332800000000001,-4.832942777120871
2,-0.5,-0.5,4.3344000000000005,-4.835815030173324
2,-0.5,-0.5,4.336,-4.83868713514538
2,-0.5,-0.5,4.3376,-4.8415590920474365
2,-0.5,-0.5,4.3392,-4.844430900890046
2,-0.5,-0.5,4.3408,-4.847302561683916
2,-0.5,-0.5,4.3424000000000005,-4.8501740744399156
2,-0.5,-0.5,4.344,-4.8530454391690645
2,-0.5,-0.5,4.3456,-4.85591665588254
2,-0.5,-0.5,4.3472,-4.858787724591675
2,-0.5,-0.5,4.3488,-4.861658645307957
2,-0.5,-0.5,4.3504000000000005,-4.864529418043026
2,-0.5,-0.5,4.352,-4.867400042808679
2,-0.5,-0.5,4.3536,-4.870270519616862
2,-0.5,-0.5,4.3552,-4.873140848479677
2,-0.5,-0.5,4.3568,-4.8760110294093755
2,-0.5,-0.5,4.3584000000000005,-4.878881062418365
2,-0.5,-0.5,4.36,-4.881750947519201
2,-0.5,-0.5,4.3616,-4.884620684724592
2,-0.5,-0.5,4.3632,-4.887490274047394
2,-0.5,-0.5,4.3648,-4.890359715500618
2,-0.5,-0.5,4.3664000000000005,-4.893229009097421
2,-0.5,-0.5,4.368,-4.896098154851112
2,-0.5,-0.5,4.3696,-4.898967152775146
2,-0.5,-0.5,4.3712,-4.901836002883129
2,-0.5,-0.5,4.3728,-4.904704705188815
2,-0.5,-0.5,4.3744000000000005,-4.907573259706102
2,-0.5,-0.5,4.376,-4.9104416664490405
2,-0.5,-0.5,4.3776,-4.913309925431824
2,-0.5,-0.5,4.3792,-4.9161780366687955
2,-0.5,-0.5,4.3808,-4.919046000174437
2,-0.5,-0.5,4.3824000000000005,-4.921913815963387
2,-0.5,-0.5,4.384,-4.924781484050418
2,-0.5,-0.5,4.3856,-4.927649004450455
2,-0.5,-0.5,4.3872,-4.930516377178563
2,-0.5,-0.5,4.3888,-4.933383602249953
2,-0.5,-0.5,4.3904000000000005,-4.93625067967998
2,-0.5,-0.5,4.392,-4.939117609484137
2,-0.5,-0.5,4.3936,-4.9419843916780675
2,-0.5,-0.5,4.3952,-4.944851026277549
2,-0.5,-0.5,4.3968,-4.947717513298507
2,-0.5,-0.5,4.3984000000000005,-4.950583852757004
2,-0.5,-0.5,4.4,-4.953450044669247
2,-0.5,-0.5,4.4016,-4.956316089051581
2,-0.5,-0.5,4.4032,-4.959181985920492
2,-0.5,-0.5,4.4048,-4.9620477352926065
2,-0.5,-0.5,4.4064000000000005,-4.964913337184687
2,-0.5,-0.5,4.408,-4.96777879161364
2,-0.5,-0.5,4.4096,-4.970644098596507
2,-0.5,-0.5,4.4112,-4.973509258150468
2,-0.5,-0.5,4.4128,-4.976374270292841
2,-0.5,-0.5,4.4144000000000005,-4.979239135041081
2,-0.5,-0.5,4.416,-4.982103852412781
2,-0.5,-0.5,4.4176,-4.984968422425668
2,-0.5,-0.5,4.4192,-4.987832845097609
2,-0.5,-0.5,4.4208,-4.990697120446603
2,-0.5,-0.5,4.4224000000000006,-4.993561248490786
2,-0.5,-0.5,4.424,-4.996425229248428
2,-0.5,-0.5,4.4256,-4.999289062737934
2,-0.5,-0.5,4.4272,-5.002152748977844
2,-0.5,-0.5,4.4288,-5.005016287986829
2,-0.5,-0.5,4.430400000000001,-5.007879679783698
2,-0.5,-0.5,4.432,-5.010742924387386
2,-0.5,-0.5,4.4336,-5.013606021816967
2,-0.5,-0.5,4.4352,-5.016468972091643
2,-0.5,-0.5,4.4368,-5.019331775230753
2,-0.5,-0.5,4.438400000000001,-5.02219443125376
2,-0.5,-0.5,4.44,-5.025056940180262
2,-0.5,-0.5,4.4416,-5.027919302029988
2,-0.5,-0.5,4.4432,-5.030781516822798
2,-0.5,-0.5,4.4448,-5.0336435845786776
2,-0.5,-0.5,4.446400000000001,-5.036505505317745
2,-0.5,-0.5,4.448,-5.039367279060247
2,-0.5,-0.5,4.4496,-5.042228905826559
2,-0.5,-0.5,4.4512,-5.0450903856371845
2,-0.5,-0.5,4.4528,-5.047951718512757
2,-0.5,-0.5,4.454400000000001,-5.050812904474033
2,-0.5,-0.5,4.456,-5.0536739435419
2,-0.5,-0.5,4.4576,-5.056534835737369
2,-0.5,-0.5,4.4592,-5.059395581081582
2,-0.5,-0.5,4.4608,-5.0622561795958045
2,-0.5,-0.5,4.462400000000001,-5.065116631301425
2,-0.5,-0.5,4.464,-5.067976936219961
2,-0.5,-0.5,4.4656,-5.070837094373053
2,-0.5,-0.5,4.4672,-5.073697105782468
2,-0.5,-0.5,4.4688,-5.0765569704700955
2,-0.5,-0.5,4.470400000000001,-5.0794166884579495
2,-0.5,-0.5,4.472,-5.082276259768166
2,-0.5,-0.5,4.4736,-5.0851356844230065
2,-0.5,-0.5,4.4752,-5.087994962444853
2,-0.5,-0.5,4.4768,-5.09085409385621
2,-0.5,-0.5,4.478400000000001,-5.0937130786797065
2,-0.5,-0.5,4.48,-5.09657191693809
2,-0.5,-0.5,4.4816,-5.099430608654229
2,-0.5,-0.5,4.4832,-5.102289153851116
2,-0.5,-0.5,4.4848,-5.105147552551862
2,-0.5,-0.5,4.486400000000001,-5.108005804779698
2,-0.5,-0.5,4.488,-5.110863910557978
2,-0.5,-0.5,4.4896,-5.113721869910168
2,-0.5,-0.5,4.4912,-5.116579682859861
2,-0.5,-0.5,4.4928,-5.119437349430763
2,-0.5,-0.5,4.494400000000001,-5.122294869646703
2,-0.5,-0.5,4.496,-5.125152243531627
2,-0.5,-0.5,4.4976,-5.128009471109594
2,-0.5,-0.5,4.4992,-5.130866552404784
2,-0.5,-0.5,4.5008,-5.133723487441495
2,-0.5,-0.5,4.502400000000001,-5.13658027624414
2,-0.5,-0.5,4.5040000000000004,-5.13943691883725
2,-0.5,-0.5,4.5056,-5.142293415245467
2,-0.5,-0.5,4.5072,-5.145149765493554
2,-0.5,-0.5,4.5088,-5.148005969606386
2,-0.5,-0.5,4.510400000000001,-5.150862027608955
2,-0.5,-0.5,4.5120000000000005,-5.153717939526367
2,-0.5,-0.5,4.5136,-5.156573705383839
2,-0.5,-0.5,4.5152,-5.159429325206705
2,-0.5,-0.5,4.5168,-5.162284799020414
2,-0.5,-0.5,4.518400000000001,-5.165140126850523
2,-0.5,-0.5,4.5200000000000005,-5.167995308722707
2,-0.5,-0.5,4.5216,-5.170850344662752
2,-0.5,-0.5,4.5232,-5.173705234696553
2,-0.5,-0.5,4.5248,-5.1765599788501175
2,-0.5,-0.5,4.526400000000001,-5.1794145771495685
2,-0.5,-0.5,4.5280000000000005,-5.1822690296211364
2,-0.5,-0.5,4.5296,-5.1851233362911655
2,-0.5,-0.5,4.5312,-5.187977497186106
2,-0.5,-0.5,4.5328,-5.190831512332521
2,-0.5,-0.5,4.534400000000001,-5.193685381757082
2,-0.5,-0.5,4.5360000000000005,-5.196539105486572
2,-0.5,-0.5,4.5376,-5.199392683547881
2,-0.5,-0.5,4.5392,-5.202246115968008
2,-0.5,-0.5,4.5408,-5.205099402774064
2,-0.5,-0.5,4.542400000000001,-5.207952543993262
2,-0.5,-0.5,4.5440000000000005,-5.210805539652926
2,-0.5,-0.5,4.5456,-5.213658389780487
2,-0.5,-0.5,4.5472,-5.216511094403485
2,-0.5,-0.5,4.5488,-5.219363653549562
2,-0.5,-0.5,4.5504,-5.222216067246473
2,-0.5,-0.5,4.5520000000000005,-5.225068335522072
2,-0.5,-0.5,4.5536,-5.227920458404323
2,-0.5,-0.5,4.5552,-5.230772435921295
2,-0.5,-0.5,4.5568,-5.233624268101162
2,-0.5,-0.5,4.5584,-5.236475954972204
2,-0.5,-0.5,4.5600000000000005,-5.2393274965628
2,-0.5,-0.5,4.5616,-5.242178892901442
2,-0.5,-0.5,4.5632,-5.2450301440167175
2,-0.5,-0.5,4.5648,-5.247881249937322
2,-0.5,-0.5,4.5664,-5.250732210692052
2,-0.5,-0.5,4.5680000000000005,-5.25358302630981
2,-0.5,-0.5,4.5696,-5.256433696819599
2,-0.5,-0.5,4.5712,-5.259284222250523
2,-0.5,-0.5,4.5728,-5.2621346026317894
2,-0.5,-0.5,4.5744,-5.264984837992708
2,-0.5,-0.5,4.5760000000000005,-5.267834928362689
2,-0.5,-0.5,4.5776,-5.270684873771243
2,-0.5,-0.5,4.5792,-5.273534674247982
2,-0.5,-0.5,4.5808,-5.2763843298226165
2,-0.5,-0.5,4.5824,-5.279233840524961
2,-0.5,-0.5,4.5840000000000005,-5.282083206384927
2,-0.5,-0.5,4.5856,-5.284932427432525
2,-0.5,-0.5,4.5872,-5.287781503697866
2,-0.5,-0.5,4.5888,-5.290630435211159
2,-0.5,-0.5,4.5904,-5.293479222002711
2,-0.5,-0.5,4.5920000000000005,-5.296327864102929
2,-0.5,-0.5,4.5936,-5.299176361542318
2,-0.5,-0.5,4.5952,-5.302024714351476
2,-0.5,-0.5,4.5968,-5.304872922561104
2,-0.5,-0.5,4.5984,-5.307720986201997
2,-0.5,-0.5,4.6000000000000005,-5.310568905305048
2,-0.5,-0.5,4.6016,-5.313416679901244
2,-0.5,-0.5,4.6032,-5.31626431002167
2,-0.5,-0.5,4.6048,-5.319111795697507
2,-0.5,-0.5,4.6064,-5.321959136960032
2,-0.5,-0.5,4.6080000000000005,-5.324806333840615
2,-0.5,-0.5,4.6096,-5.327653386370721
2,-0.5,-0.5,4.6112,-5.3305002945819115
2,-0.5,-0.5,4.6128,-5.333347058505842
2,-0.5,-0.5,4.6144,-5.33619367817426
2,-0.5,-0.5,4.6160000000000005,-5.339040153619007
2,-0.5,-0.5,4.6176,-5.341886484872021
2,-0.5,-0.5,4.6192,-5.344732671965329
2,-0.5,-0.5,4.6208,-5.347578714931053
2,-0.5,-0.5,4.6224,-5.350424613801407
2,-0.5,-0.5,4.6240000000000006,-5.3532703686086975
2,-0.5,-0.5,4.6256,-5.356115979385324
2,-0.5,-0.5,4.6272,-5.358961446163774
2,-0.5,-0.5,4.6288,-5.3618067689766296
2,-0.5,-0.5,4.6304,-5.364651947856563
2,-0.5,-0.5,4.632000000000001,-5.367496982836338
2,-0.5,-0.5,4.6336,-5.370341873948806
2,-0.5,-0.5,4.6352,-5.37318662122691
2,-0.5,-0.5,4.6368,-5.376031224703687
2,-0.5,-0.5,4.6384,-5.378875684412259
2,-0.5,-0.5,4.640000000000001,-5.381720000385836
2,-0.5,-0.5,4.6416,-5.384564172657721
2,-0.5,-0.5,4.6432,-5.387408201261303
2,-0.5,-0.5,4.6448,-5.390252086230064
2,-0.5,-0.5,4.6464,-5.393095827597568
2,-0.5,-0.5,4.648000000000001,-5.395939425397469
2,-0.5,-0.5,4.6496,-5.398782879663511
2,-0.5,-0.5,4.6512,-5.401626190429522
2,-0.5,-0.5,4.6528,-5.404469357729419
2,-0.5,-0.5,4.6544,-5.407312381597206
2,-0.5,-0.5,4.656000000000001,-5.410155262066975
2,-0.5,-0.5,4.6576,-5.412997999172899
2,-0.5,-0.5,4.6592,-5.41584059294924
2,-0.5,-0.5,4.6608,-5.418683043430348
2,-0.5,-0.5,4.6624,-5.421525350650655
2,-0.5,-0.5,4.664000000000001,-5.424367514644681
2,-0.5,-0.5,4.6656,-5.427209535447026
2,-0.5,-0.5,4.6672,-5.430051413092379
2,-0.5,-0.5,4.6688,-5.432893147615513
2,-0.5,-0.5,4.6704,-5.435734739051283
2,-0.5,-0.5,4.672000000000001,-5.438576187434629
2,-0.5,-0.5,4.6736,-5.441417492800574
2,-0.5,-0.5,4.6752,-5.444258655184226
2,-0.5,-0.5,4.6768,-5.447099674620771
2,-0.5,-0.5,4.6784,-5.449940551145484
2,-0.5,-0.5,4.680000000000001,-5.452781284793719
2,-0.5,-0.5,4.6816,-5.455621875600912
2,-0.5,-0.5,4.6832,-5.458462323602581
2,-0.5,-0.5,4.6848,-5.461302628834328
2,-0.5,-0.5,4.6864,-5.464142791331832
2,-0.5,-0.5,4.688000000000001,-5.466982811130858
2,-0.5,-0.5,4.6896,-5.469822688267247
2,-0.5,-0.5,4.6912,-5.472662422776925
2,-0.5,-0.5,4.6928,-5.475502014695895
2,-0.5,-0.5,4.6944,-5.47834146406024
2,-0.5,-0.5,4.696000000000001,-5.481180770906126
2,-0.5,-0.5,4.6976,-5.484019935269795
2,-0.5,-0.5,4.6992,-5.48685895718757
2,-0.5,-0.5,4.7008,-5.489697836695852
2,-0.5,-0.5,4.7024,-5.492536573831122
2,-0.5,-0.5,4.704000000000001,-5.495375168629939
2,-0.5,-0.5,4.7056000000000004,-5.498213621128938
2,-0.5,-0.5,4.7072,-5.501051931364837
2,-0.5,-0.5,4.7088,-5.503890099374425
2,-0.5,-0.5,4.7104,-5.506728125194576
2,-0.5,-0.5,4.712000000000001,-5.509566008862234
2,-0.5,-0.5,4.7136000000000005,-5.512403750414424
2,-0.5,-0.5,4.7152,-5.515241349888247
2,-0.5,-0.5,4.7168,-5.5180788073208795
2,-0.5,-0.5,4.7184,-5.5209161227495755
2,-0.5,-0.5,4.720000000000001,-5.523753296211664
2,-0.5,-0.5,4.7216000000000005,-5.52659032774455
2,-0.5,-0.5,4.7232,-5.529427217385713
2,-0.5,-0.5,4.7248,-5.53226396517271
2,-0.5,-0.5,4.7264,-5.535100571143169
2,-0.5,-0.5,4.728000000000001,-5.537937035334797
2,-0.5,-0.5,4.7296000000000005,-5.540773357785373
2,-0.5,-0.5,4.7312,-5.543609538532748
2,-0.5,-0.5,4.7328,-5.546445577614852
2,-0.5,-0.5,4.7344,-5.5492814750696855
2,-0.5,-0.5,4.736000000000001,-5.552117230935324
2,-0.5,-0.5,4.7376000000000005,-5.554952845249914
2,-0.5,-0.5,4.7392,-5.557788318051675
2,-0.5,-0.5,4.7408,-5.560623649378901
2,-0.5,-0.5,4.7424,-5.563458839269959
2,-0.5,-0.5,4.744000000000001,-5.566293887763285
2,-0.5,-0.5,4.7456000000000005,-5.569128794897391
2,-0.5,-0.5,4.7472,-5.571963560710855
2,-0.5,-0.5,4.7488,-5.574798185242334
2,-0.5,-0.5,4.7504,-5.5776326685305495
2,-0.5,-0.5,4.752000000000001,-5.580467010614296
2,-0.5,-0.5,4.7536000000000005,-5.583301211532441
2,-0.5,-0.5,4.7552,-5.586135271323921
2,-0.5,-0.5,4.7568,-5.5889691900277425
2,-0.5,-0.5,4.7584,-5.591802967682981
2,-0.5,-0.5,4.76,-5.594636604328785
2,-0.5,-0.5,4.7616000000000005,-5.59747010000437
2,-0.5,-0.5,4.7632,-5.600303454749019
2,-0.5,-0.5,4.7648,-5.603136668602089
2,-0.5,-0.5,4.7664,-5.605969741603002
2,-0.5,-0.5,4.768,-5.608802673791251
2,-0.5,-0.5,4.7696000000000005,-5.611635465206397
2,-0.5,-0.5,4.7712,-5.614468115888064
2,-0.5,-0.5,4.7728,-5.617300625875953
2,-0.5,-0.5,4.7744,-5.620132995209826
2,-0.5,-0.5,4.776,-5.622965223929513
2,-0.5,-0.5,4.7776000000000005,-5.625797312074915
2,-0.5,-0.5,4.7792,-5.628629259685997
2,-0.5,-0.5,4.7808,-5.6314610668027925
2,-0.5,-0.5,4.7824,-5.634292733465397
2,-0.5,-0.5,4.784,-5.637124259713979
2,-0.5,-0.5,4.7856000000000005,-5.639955645588769
2,-0.5,-0.5,4.7872,-5.642786891130063
2,-0.5,-0.5,4.7888,-5.645617996378225
2,-0.5,-0.5,4.7904,-5.648448961373682
2,-0.5,-0.5,4.792,-5.651279786156929
2,-0.5,-0.5,4.7936000000000005,-5.654110470768521
2,-0.5,-0.5,4.7952,-5.656941015249084
2,-0.5,-0.5,4.7968,-5.659771419639305
2,-0.5,-0.5,4.7984,-5.662601683979934
2,-0.5,-0.5,4.8,-5.665431808311786
2,-0.5,-0.5,4.8016000000000005,-5.668261792675744
2,-0.5,-0.5,4.8032,-5.671091637112749
2,-0.5,-0.5,4.8048,-5.673921341663807
2,-0.5,-0.5,4.8064,-5.676750906369988
2,-0.5,-0.5,4.808,-5.679580331272427
2,-0.5,-0.5,4.8096000000000005,-5.682409616412316
2,-0.5,-0.5,4.8112,-5.685238761830913
2,-0.5,-0.5,4.8128,-5.688067767569541
2,-0.5,-0.5,4.8144,-5.690896633669578
2,-0.5,-0.5,4.816,-5.693725360172471
2,-0.5,-0.5,4.8176000000000005,-5.696553947119723
2,-0.5,-0.5,4.8192,-5.699382394552903
2,-0.5,-0.5,4.8208,-5.702210702513638
2,-0.5,-0.5,4.8224,-5.7050388710436195
2,-0.5,-0.5,4.824,-5.7078669001845945
2,-0.5,-0.5,4.8256000000000006,-5.710694789978374
2,-0.5,-0.5,4.8272,-5.71352254046683
2,-0.5,-0.5,4.8288,-5.716350151691891
2,-0.5,-0.5,4.8304,-5.71917762369555
2,-0.5,-0.5,4.832,-5.722004956519856
2,-0.5,-0.5,4.833600000000001,-5.724832150206921
2,-0.5,-0.5,4.8352,-5.72765920479891
2,-0.5,-0.5,4.8368,-5.730486120338056
2,-0.5,-0.5,4.8384,-5.733312896866643
2,-0.5,-0.5,4.84,-5.736139534427017
2,-0.5,-0.5,4.841600000000001,-5.738966033061584
2,-0.5,-0.5,4.8432,-5.741792392812804
2,-0.5,-0.5,4.8448,-5.7446186137232
2,-0.5,-0.5,4.8464,-5.747444695835347
2,-0.5,-0.5,4.848,-5.750270639191883
2,-0.5,-0.5,4.849600000000001,-5.7530964438355
2,-0.5,-0.5,4.8512,-5.7559221098089495
2,-0.5,-0.5,4.8528,-5.758747637155038
2,-0.5,-0.5,4.8544,-5.761573025916628
2,-0.5,-0.5,4.856,-5.764398276136642
2,-0.5,-0.5,4.857600000000001,-5.767223387858058
2,-0.5,-0.5,4.8592,-5.770048361123908
2,-0.5,-0.5,4.8608,-5.772873195977279
2,-0.5,-0.5,4.8624,-5.775697892461319
2,-0.5,-0.5,4.864,-5.778522450619226
2,-0.5,-0.5,4.865600000000001,-5.781346870494256
2,-0.5,-0.5,4.8672,-5.784171152129723
2,-0.5,-0.5,4.8688,-5.786995295568989
2,-0.5,-0.5,4.8704,-5.789819300855476
2,-0.5,-0.5,4.872,-5.792643168032659
2,-0.5,-0.5,4.873600000000001,-5.795466897144068
2,-0.5,-0.5,4.8752,-5.7982904882332855
2,-0.5,-0.5,4.8768,-5.80111394134395
2,-0.5,-0.5,4.8784,-5.8039372565197525
2,-0.5,-0.5,4.88,-5.8067604338044365
2,-0.5,-0.5,4.881600000000001,-5.809583473241802
2,-0.5,-0.5,4.8832,-5.812406374875699
2,-0.5,-0.5,4.8848,-5.815229138750033
2,-0.5,-0.5,4.8864,-5.818051764908762
2,-0.5,-0.5,4.888,-5.820874253395893
2,-0.5,-0.5,4.889600000000001,-5.823696604255489
2,-0.5,-0.5,4.8912,-5.8265188175316664
2,-0.5,-0.5,4.8928,-5.829340893268588
2,-0.5,-0.5,4.8944,-5.832162831510474
2,-0.5,-0.5,4.896,-5.834984632301593
2,-0.5,-0.5,4.897600000000001,-5.837806295686265
2,-0.5,-0.5,4.8992,-5.840627821708866
2,-0.5,-0.5,4.9008,-5.843449210413816
2,-0.5,-0.5,4.9024,-5.846270461845589
2,-0.5,-0.5,4.904,-5.849091576048713
2,-0.5,-0.5,4.905600000000001,-5.851912553067761
2,-0.5,-0.5,4.9072000000000005,-5.854733392947357
2,-0.5,-0.5,4.9088,-5.85755409573218
2,-0.5,-0.5,4.9104,-5.8603746614669525
2,-0.5,-0.5,4.912,-5.863195090196452
2,-0.5,-0.5,4.913600000000001,-5.866015381965502
2,-0.5,-0.5,4.9152000000000005,-5.868835536818976
2,-0.5,-0.5,4.9168,-5.871655554801799
2,-0.5,-0.5,4.9184,-5.87447543595894
2,-0.5,-0.5,4.92,-5.877295180335425
2,-0.5,-0.5,4.921600000000001,-5.8801147879763205
2,-0.5,-0.5,4.9232000000000005,-5.882934258926744
2,-0.5,-0.5,4.9248,-5.885753593231863
2,-0.5,-0.5,4.9264,-5.888572790936889
2,-0.5,-0.5,4.928,-5.8913918520870885
2,-0.5,-0.5,4.929600000000001,-5.8942107767277685
2,-0.5,-0.5,4.9312000000000005,-5.897029564904288
2,-0.5,-0.5,4.9328,-5.899848216662049
2,-0.5,-0.5,4.9344,-5.902666732046503
2,-0.5,-0.5,4.936,-5.905485111103152
2,-0.5,-0.5,4.937600000000001,-5.90830335387754
2,-0.5,-0.5,4.9392000000000005,-5.9111214604152575
2,-0.5,-0.5,4.9408,-5.913939430761944
2,-0.5,-0.5,4.9424,-5.916757264963285
2,-0.5,-0.5,4.944,-5.919574963065009
2,-0.5,-0.5,4.945600000000001,-5.922392525112896
2,-0.5,-0.5,4.9472000000000005,-5.925209951152764
2,-0.5,-0.5,4.9488,-5.928027241230484
2,-0.5,-0.5,4.9504,-5.9308443953919685
2,-0.5,-0.5,4.952,-5.933661413683175
2,-0.5,-0.5,4.953600000000001,-5.9364782961501055
2,-0.5,-0.5,4.9552000000000005,-5.939295042838812
2,-0.5,-0.5,4.9568,-5.942111653795385
2,-0.5,-0.5,4.9584,-5.9449281290659615
2,-0.5,-0.5,4.96,-5.9477444686967225
2,-0.5,-0.5,4.961600000000001,-5.9505606727338956
2,-0.5,-0.5,4.9632000000000005,-5.953376741223749
2,-0.5,-0.5,4.9648,-5.956192674212596
2,-0.5,-0.5,4.9664,-5.9590084717467935
2,-0.5,-0.5,4.968,-5.961824133872742
2,-0.5,-0.5,4.9696,-5.964639660636885
2,-0.5,-0.5,4.9712000000000005,-5.96745505208571
2,-0.5,-0.5,4.9728,-5.970270308265746
2,-0.5,-0.5,4.9744,-5.9730854292235644
2,-0.5,-0.5,4.976,-5.975900415005781
2,-0.5,-0.5,4.9776,-5.978715265659055
2,-0.5,-0.5,4.9792000000000005,-5.981529981230083
2,-0.5,-0.5,4.9808,-5.984344561765608
2,-0.5,-0.5,4.9824,-5.987159007312414
2,-0.5,-0.5,4.984,-5.989973317917325
2,-0.5,-0.5,4.9856,-5.992787493627208
2,-0.5,-0.5,4.9872000000000005,-5.995601534488973
2,-0.5,-0.5,4.9888,-5.998415440549566
2,-0.5,-0.5,4.9904,-6.001229211855982
2,-0.5,-0.5,4.992,-6.004042848455249
2,-0.5,-0.5,4.9936,-6.0068563503944405
2,-0.5,-0.5,4.9952000000000005,-6.0096697177206675
2,-0.5,-0.5,4.9968,-6.012482950481086
2,-0.5,-0.5,4.9984,-6.015296048722887
2,-0.5,-0.5,5.0,-6.018109012493305
3,0.0,0.0,0.0,24.50605392455259
3,0.0,0.0,0.0016,24.508918284348365
3,0.0,0.0,0.0032,24.511779299825534
3,0.0,0.0,0.0048000000000000004,24.51463697349442
3,0.0,0.0,0.0064,24.517491307863764
3,0.0,0.0,0.008,24.52034230544082
3,0.0,0.0,0.009600000000000001,24.523189968731742
3,0.0,0.0,0.0112,24.52603430024409
3,0.0,0.0,0.0128,24.52887530249657
3,0.0,0.0,0.014400000000000001,24.531712978046837
3,0.0,0.0,0.016,24.534547329555174
3,0.0,0.0,0.0176,24.537378359907823
3,0.0,0.0,0.019200000000000002,24.540206072426763
3,0.0,0.0,0.020800000000000003,24.543030471191422
3,0.0,0.0,0.0224,24.545851561492164
3,0.0,0.0,0.024,24.548669350426255
3,0.0,0.0,0.0256,24.55148384763585
3,0.0,0.0,0.027200000000000002,24.55429506617604
3,0.0,0.0,0.028800000000000003,24.55710302349048
3,0.0,0.0,0.0304,24.55990774246395
3,0.0,0.0,0.032,24.56270925251543
3,0.0,0.0,0.033600000000000005,24.565507590692977
3,0.0,0.0,0.0352,24.568302802731594
3,0.0,0.0,0.0368,24.571094944038006
3,0.0,0.0,0.038400000000000004,24.57388408057074
3,0.0,0.0,0.04,24.57667028958949
3,0.0,0.0,0.041600000000000005,24.57945366025436
3,0.0,0.0,0.0432,24.58223429406193
3,0.0,0.0,0.0448,24.585012305111864
3,0.0,0.0,0.046400000000000004,24.58778782020322
3,0.0,0.0,0.048,24.590560978765183
3,0.0,0.0,0.049600000000000005,24.593331932630885
3,0.0,0.0,0.0512,24.596100845666566
3,0.0,0.0,0.0528,24.59886789327065
3,0.0,0.0,0.054400000000000004,24.60163326175905
3,0.0,0.0,0.056,24.60439714765388
3,0.0,0.0,0.057600000000000005,24.6071597568929
3,0.0,0.0,0.0592,24.60992130397694
3,0.0,0.0,0.0608,24.612682011071602
3,0.0,0.0,0.062400000000000004,24.615442107078696
3,0.0,0.0,0.064,24.6182018266915
3,0.0,0.0,0.0656,24.620961409446576
3,0.0,0.0,0.06720000000000001,24.623721098783406
3,0.0,0.0,0.0688,24.626481141121612
3,0.0,0.0,0.0704,24.629241784964023
3,0.0,0.0,0.07200000000000001,24.632003280032528
3,0.0,0.0,0.0736,24.63476587644225
3,0.0,0.0,0.0752,24.63752982391839
3,0.0,0.0,0.07680000000000001,24.640295371059047
3,0.0,0.0,0.0784,24.643062764646157
3,0.0,0.0,0.08,24.645832249006045
3,0.0,0.0,0.0816,24.648604065420113
3,0.0,0.0,0.08320000000000001,24.651378451585714
3,0.0,0.0,0.0848,24.654155641126554
3,0.0,0.0,0.0864,24.656935863151613
3,0.0,0.0,0.08800000000000001,24.659719341861173
3,0.0,0.0,0.0896,24.662506296198227
3,0.0,0.0,0.0912,24.665296939543303
3,0.0,0.0,0.09280000000000001,24.668091479450656
3,0.0,0.0,0.0944,24.670890117423543
3,0.0,0.0,0.096,24.67369304872628
3,0.0,0.0,0.0976,24.6765004622308
3,0.0,0.0,0.09920000000000001,24.679312540295303
3,0.0,0.0,0.1008,24.682129458672716
3,0.0,0.0,0.1024,24.684951386446713
3,0.0,0.0,0.10400000000000001,24.687778485993036
3,0.0,0.0,0.1056,24.69061091296403
3,0.0,0.0,0.1072,24.693448816294293
3,0.0,0.0,0.10880000000000001,24.696292338225536
3,0.0,0.0,0.11040000000000001,24.69914161434876
3,0.0,0.0,0.112,24.701996773662014
3,0.0,0.0,0.1136,24.704857938642064
3,0.0,0.0,0.11520000000000001,24.707725225328414
3,0.0,0.0,0.1168,24.710598743418263
3,0.0,0.0,0.1184,24.71347859637102
3,0.0,0.0,0.12000000000000001,24.716364881521095
3,0.0,0.0,0.1216,24.719257690197896
3,0.0,0.0,0.1232,24.72215710785184
3,0.0,0.0,0.12480000000000001,24.72506321418547
3,0.0,0.0,0.1264,24.727976083288784
3,0.0,0.0,0.128,24.730895783777857
3,0.0,0.0,0.1296,24.73382237893613
3,0.0,0.0,0.1312,24.73675592685754
3,0.0,0.0,0.1328,24.739696480591014
3,0.0,0.0,0.13440000000000002,24.74264408828561
3,0.0,0.0,0.136,24.745598793335937
3,0.0,0.0,0.1376,24.748560634527315
3,0.0,0.0,0.13920000000000002,24.751529646180273
3,0.0,0.0,0.1408,24.754505858294102
3,0.0,0.0,0.1424,24.757489296689
3,0.0,0.0,0.14400000000000002,24.76047998314668
3,0.0,0.0,0.1456,24.763477935549073
3,0.0,0.0,0.1472,24.766483168015004
3,0.0,0.0,0.14880000000000002,24.769495691034564
3,0.0,0.0,0.1504,24.772515511601096
3,0.0,0.0,0.152,24.775542633340613
3,0.0,0.0,0.15360000000000001,24.778577056638554
3,0.0,0.0,0.1552,24.781618778763804
3,0.0,0.0,0.1568,24.784667793989836
3,0.0,0.0,0.1584,24.787724093713038
3,0.0,0.0,0.16,24.790787666568015
3,0.0,0.0,0.16160000000000002,24.793858498540022
3,0.0,0.0,0.1632,24.79693657307437
3,0.0,0.0,0.1648,24.80002187118287
3,0.0,0.0,0.16640000000000002,24.803114371547284
3,0.0,0.0,0.168,24.80621405061984
3,0.0,0.0,0.1696,24.809320882720787
3,0.0,0.0,0.17120000000000002,24.81243484013301
3,0.0,0.0,0.1728,24.815555893193814
3,0.0,0.0,0.1744,24.818684010383798
3,0.0,0.0,0.17600000000000002,24.821819158412996
3,0.0,0.0,0.1776,24.824961302304175
3,0.0,0.0,0.1792,24.828110405473527
3,0.0,0.0,0.18080000000000002,24.8312664298086
3,0.0,0.0,0.1824,24.8344293357437
3,0.0,0.0,0.184,24.837599082332716
3,0.0,0.0,0.18560000000000001,24.840775627319466
3,0.0,0.0,0.1872,24.84395892720561
3,0.0,0.0,0.1888,24.847148937316195
3,0.0,0.0,0.1904,24.85034561186288
3,0.0,0.0,0.192,24.853548904004942
3,0.0,0.0,0.19360000000000002,24.856758765908033
3,0.0,0.0,0.1952,24.85997514880089
3,0.0,0.0,0.1968,24.86319800302989
3,0.0,0.0,0.19840000000000002,24.86642727811168
3,0.0,0.0,0.2,24.86966292278377
3,0.0,0.0,0.2016,24.872904885053323
3,0.0,0.0,0.20320000000000002,24.87615311224403
3,0.0,0.0,0.2048,24.87940755104126
3,0.0,0.0,0.2064,24.882668147535462
3,0.0,0.0,0.20800000000000002,24.885934847263915
3,0.0,0.0,0.2096,24.889207595250856
3,0.0,0.0,0.2112,24.892486336046037
3,0.0,0.0,0.21280000000000002,24.895771013761788
3,0.0,0.0,0.2144,24.899061572108607
3,0.0,0.0,0.216,24.90235795442935
3,0.0,0.0,0.21760000000000002,24.905660103732032
3,0.0,0.0,0.2192,24.908967962721356
3,0.0,0.0,0.22080000000000002,24.91228147382891
3,0.0,0.0,0.22240000000000001,24.91560057924219
3,0.0,0.0,0.224,24.918925220932405
3,0.0,0.0,0.22560000000000002,24.92225534068114
3,0.0,0.0,0.2272,24.925590880105933
3,0.0,0.0,0.2288,24.928931780684763
3,0.0,0.0,0.23040000000000002,24.932277983779535
3,0.0,0.0,0.232,24.935629430658558
3,0.0,0.0,0.2336,24.93898606251806
3,0.0,0.0,0.23520000000000002,24.942347820502818
3,0.0,0.0,0.2368,24.94571464572587
3,0.0,0.0,0.2384,24.949086479287388
3,0.0,0.0,0.24000000000000002,24.9524632622927
3,0.0,0.0,0.2416,24.95584493586957
3,0.0,0.0,0.2432,24.959231441184677
3,0.0,0.0,0.24480000000000002,24.962622719459365
3,0.0,0.0,0.2464,24.966018711984685
3,0.0,0.0,0.248,24.969419360135774
3,0.0,0.0,0.24960000000000002,24.97282460538555
3,0.0,0.0,0.25120000000000003,24.976234389317796
3,0.0,0.0,0.2528,24.979648653639625
3,0.0,0.0,0.2544,24.983067340193376
3,0.0,0.0,0.256,24.986490390967923
3,0.0,0.0,0.2576,24.989917748109477
3,0.0,0.0,0.2592,24.99334935393183
3,0.0,0.0,0.26080000000000003,24.996785150926122
3,0.0,0.0,0.2624,25.00022508177013
3,0.0,0.0,0.264,25.00366908933708
3,0.0,0.0,0.2656,25.007117116704027
3,0.0,0.0,0.2672,25.01056910715978
3,0.0,0.0,0.26880000000000004,25.01402500421247
3,0.0,0.0,0.27040000000000003,25.01748475159666
3,0.0,0.0,0.272,25.02094829328011
3,0.0,0.0,0.2736,25.024415573470204
3,0.0,0.0,0.2752,25.027886536619945
3,0.0,0.0,0.2768,25.031361127433687
3,0.0,0.0,0.27840000000000004,25.03483929087253
3,0.0,0.0,0.28,25.03832097215935
3,0.0,0.0,0.2816,25.04180611678363
3,0.0,0.0,0.2832,25.045294670505907
3,0.0,0.0,0.2848,25.048786579361995
3,0.0,0.0,0.2864,25.052281789666928
3,0.0,0.0,0.28800000000000003,25.055780248018653
3,0.0,0.0,0.2896,25.059281901301485
3,0.0,0.0,0.2912,25.062786696689322
3,0.0,0.0,0.2928,25.066294581648616
3,0.0,0.0,0.2944,25.069805503941183
3,0.0,0.0,0.29600000000000004,25.073319411626738
3,0.0,0.0,0.29760000000000003,25.07683625306527
3,0.0,0.0,0.2992,25.080355976919247
3,0.0,0.0,0.3008,25.08387853215558
3,0.0,0.0,0.3024,25.08740386804746
3,0.0,0.0,0.304,25.090931934176012
3,0.0,0.0,0.30560000000000004,25.094462680431775
3,0.0,0.0,0.30720000000000003,25.09799605701607
3,0.0,0.0,0.3088,25.10153201444214
3,0.0,0.0,0.3104,25.10507050353625
3,0.0,0.0,0.312,25.108611475438575
3,0.0,0.0,0.3136,25.11215488160398
3,0.0,0.0,0.31520000000000004,25.115700673802678
3,0.0,0.0,0.3168,25.11924880412078
3,0.0,0.0,0.3184,25.122799224960726
3,0.0,0.0,0.32,25.12635188904157
3,0.0,0.0,0.3216,25.12990674939921
3,0.0,0.0,0.32320000000000004,25.133463759386505
3,0.0,0.0,0.32480000000000003,25.137022872673278
3,0.0,0.0,0.3264,25.14058404324624
3,0.0,0.0,0.328,25.144147225408833
3,0.0,0.0,0.3296,25.147712373780973
3,0.0,0.0,0.3312,25.15127944329873
3,0.0,0.0,0.33280000000000004,25.154848389213925
3,0.0,0.0,0.33440000000000003,25.158419167093644
3,0.0,0.0,0.336,25.161991732819704
3,0.0,0.0,0.3376,25.16556604258803
3,0.0,0.0,0.3392,25.169142052907976
3,0.0,0.0,0.3408,25.172719720601606
3,0.0,0.0,0.34240000000000004,25.176299002802885
3,0.0,0.0,0.34400000000000003,25.179879856956838
3,0.0,0.0,0.3456,25.18346224081864
3,0.0,0.0,0.3472,25.18704611245268
3,0.0,0.0,0.3488,25.190631430231555
3,0.0,0.0,0.3504,25.194218152835028
3,0.0,0.0,0.35200000000000004,25.197806239248948
3,0.0,0.0,0.3536,25.201395648764112
3,0.0,0.0,0.3552,25.204986340975125
3,0.0,0.0,0.3568,25.208578275779175
3,0.0,0.0,0.3584,25.212171413374815
3,0.0,0.0,0.36000000000000004,25.215765714260694
3,0.0,0.0,0.36160000000000003,25.21936113923425
3,0.0,0.0,0.3632,25.222957649390395
3,0.0,0.0,0.3648,25.226555206120157
3,0.0,0.0,0.3664,25.230153771109286
3,0.0,0.0,0.368,25.233753306336876
3,0.0,0.0,0.36960000000000004,25.237353774073917
3,0.0,0.0,0.37120000000000003,25.24095513688185
3,0.0,0.0,0.3728,25.244557357611118
3,0.0,0.0,0.3744,25.248160399399623
3,0.0,0.0,0.376,25.251764225671288
3,0.0,0.0,0.3776,25.255368800134494
3,0.0,0.0,0.37920000000000004,25.25897408678055
3,0.0,0.0,0.3808,25.262580049882143
3,0.0,0.0,0.3824,25.266186653991774
3,0.0,0.0,0.384,25.269793863940176
3,0.0,0.0,0.3856,25.27340164483473
3,0.0,0.0,0.38720000000000004,25.277009962057864
3,0.0,0.0,0.38880000000000003,25.28061878126545
3,0.0,0.0,0.3904,25.28422806838517
3,0.0,0.0,0.392,25.287837789614912
3,0.0,0.0,0.3936,25.29144791142113
3,0.0,0.0,0.3952,25.29505840053721
3,0.0,0.0,0.39680000000000004,25.298669223961813
3,0.0,0.0,0.39840000000000003,25.302280348957243
3,0.0,0.0,0.4,25.305891743047788
3,0.0,0.0,0.4016,25.30950337401807
3,0.0,0.0,0.4032,25.31311520991138
3,0.0,0.0,0.4048,25.316727219028028
3,0.0,0.0,0.40640000000000004,25.32033936992365
3,0.0,0.0,0.40800000000000003,25.3239516314076
3,0.0,0.0,0.4096,25.32756397254123
3,0.0,0.0,0.4112,25.33117636263627
3,0.0,0.0,0.4128,25.33478877125312
3,0.0,0.0,0.41440000000000005,25.338401168199244
3,0.0,0.0,0.41600000000000004,25.342013523527456
3,0.0,0.0,0.4176,25.345625807534287
3,0.0,0.0,0.4192,25.349237990758322
3,0.0,0.0,0.4208,25.352850043978542
3,0.0,0.0,0.4224,25.356461938212675
3,0.0,0.0,0.42400000000000004,25.360073644715552
3,0.0,0.0,0.42560000000000003,25.363685134977448
3,0.0,0.0,0.4272,25.367296380722443
3,0.0,0.0,0.4288,25.370907353906805
3,0.0,0.0,0.4304,25.374518026717325
3,0.0,0.0,0.432,25.378128371569712
3,0.0,0.0,0.43360000000000004,25.381738361106958
3,0.0,0.0,0.43520000000000003,25.385347968197717
3,0.0,0.0,0.4368,25.3889571659347
3,0.0,0.0,0.4384,25.392565927633072
3,0.0,0.0,0.44,25.39617422682883
3,0.0,0.0,0.44160000000000005,25.399782037277227
3,0.0,0.0,0.44320000000000004,25.40338933295118
3,0.0,0.0,0.44480000000000003,25.40699608803967
3,0.0,0.0,0.4464,25.410602276946197
3,0.0,0.0,0.448,25.414207874287175
3,0.0,0.0,0.4496,25.417812854890396
3,0.0,0.0,0.45120000000000005,25.42141719379347
3,0.0,0.0,0.45280000000000004,25.425020866242257
3,0.0,0.0,0.4544,25.42862384768935
3,0.0,0.0,0.456,25.43222611379254
3,0.0,0.0,0.4576,25.43582764041328
3,0.0,0.0,0.4592,25.439428403615153
3,0.0,0.0,0.46080000000000004,25.443028379662408
3,0.0,0.0,0.46240000000000003,25.4466275450184
3,0.0,0.0,0.464,25.45022587634416
3,0.0,0.0,0.4656,25.453823350496837
3,0.0,0.0,0.4672,25.457419944528272
3,0.0,0.0,0.46880000000000005,25.461015635683523
3,0.0,0.0,0.47040000000000004,25.46461040139938
3,0.0,0.0,0.47200000000000003,25.46820421930293
3,0.0,0.0,0.4736,25.4717970672101
3,0.0,0.0,0.4752,25.475388923124243
3,0.0,0.0,0.4768,25.478979765234683
3,0.0,0.0,0.47840000000000005,25.482569571915313
3,0.0,0.0,0.48000000000000004,25.486158321723188
3,0.0,0.0,0.48160000000000003,25.4897459933971
3,0.0,0.0,0.4832,25.49333256585621
3,0.0,0.0,0.4848,25.496918018198652
3,0.0,0.0,0.4864,25.50050232970016
3,0.0,0.0,0.48800000000000004,25.5040854798127
3,0.0,0.0,0.48960000000000004,25.507667448163108
3,0.0,0.0,0.4912,25.511248214551745
3,0.0,0.0,0.4928,25.51482775895117
3,0.0,0.0,0.4944,25.518406061504773
3,0.0,0.0,0.496,25.521983102525493
3,0.0,0.0,0.49760000000000004,25.52555886249446
3,0.0,0.0,0.49920000000000003,25.529133322059735
3,0.0,0.0,0.5008,25.532706462034987
3,0.0,0.0,0.5024000000000001,25.536278263398206
3,0.0,0.0,0.504,25.539848707290428
3,0.0,0.0,0.5056,25.543417775014472
3,0.0,0.0,0.5072,25.546985448033666
3,0.0,0.0,0.5088,25.5505517079706
3,0.0,0.0,0.5104000000000001,25.554116536605882
3,0.0,0.0,0.512,25.55767991587691
3,0.0,0.0,0.5136000000000001,25.561241827876636
3,0.0,0.0,0.5152,25.564802254852346
3,0.0,0.0,0.5168,25.568361179204462
3,0.0,0.0,0.5184,25.57191858348533
3,0.0,0.0,0.52,25.57547445039804
3,0.0,0.0,0.5216000000000001,25.579028762795236
3,0.0,0.0,0.5232,25.582581503677936
3,0.0,0.0,0.5248,25.58613265619438
3,0.0,0.0,0.5264,25.58968220363886
3,0.0,0.0,0.528,25.59323012945058
3,0.0,0.0,0.5296000000000001,25.5967764172125
3,0.0,0.0,0.5312,25.60032105065023
3,0.0,0.0,0.5328,25.603864013630886
3,0.0,0.0,0.5344,25.607405290161974
3,0.0,0.0,0.536,25.610944864390294
3,0.0,0.0,0.5376000000000001,25.614482720600837
3,0.0,0.0,0.5392,25.618018843215687
3,0.0,0.0,0.5408000000000001,25.621553216792943
3,0.0,0.0,0.5424,25.625085826025657
3,0.0,0.0,0.544,25.62861665574075
3,0.0,0.0,0.5456,25.632145690897968
3,0.0,0.0,0.5472,25.635672916588817
3,0.0,0.0,0.5488000000000001,25.63919831803553
3,0.0,0.0,0.5504,25.642721880590038
3,0.0,0.0,0.552,25.646243589732936
3,0.0,0.0,0.5536,25.64976343107246
3,0.0,0.0,0.5552,25.653281390343494
3,0.0,0.0,0.5568000000000001,25.656797453406554
3,0.0,0.0,0.5584,25.66031160624679
3,0.0,0.0,0.56,25.66382383497301
3,0.0,0.0,0.5616,25.66733412581669
3,0.0,0.0,0.5632,25.67084246513101
3,0.0,0.0,0.5648000000000001,25.674348839389896
3,0.0,0.0,0.5664,25.677853235187037
3,0.0,0.0,0.5680000000000001,25.681355639234965
3,0.0,0.0,0.5696,25.684856038364085
3,0.0,0.0,0.5712,25.688354419521783
3,0.0,0.0,0.5728,25.691850769771438
3,0.0,0.0,0.5744,25.695345076291563
3,0.0,0.0,0.5760000000000001,25.69883732637485
3,0.0,0.0,0.5776,25.70232750742728
3,0.0,0.0,0.5792,25.70581560696723
3,0.0,0.0,0.5808,25.709301612624575
3,0.0,0.0,0.5824,25.712785512139796
3,0.0,0.0,0.5840000000000001,25.716267293363106
3,0.0,0.0,0.5856,25.719746944253608
3,0.0,0.0,0.5872,25.723224452878387
3,0.0,0.0,0.5888,25.726699807411677
3,0.0,0.0,0.5904,25.73017299613401
3,0.0,0.0,0.5920000000000001,25.733644007431373
3,0.0,0.0,0.5936,25.737112829794377
3,0.0,0.0,0.5952000000000001,25.74057945181741
3,0.0,0.0,0.5968,25.74404386219782
3,0.0,0.0,0.5984,25.747506049735115
3,0.0,0.0,0.6,25.750966003330134
3,0.0,0.0,0.6016,25.75442371198426
3,0.0,0.0,0.6032000000000001,25.757879164798602
3,0.0,0.0,0.6048,25.761332350973216
3,0.0,0.0,0.6064,25.764783259806325
3,0.0,0.0,0.608,25.76823188069354
3,0.0,0.0,0.6096,25.771678203127088
3,0.0,0.0,0.6112000000000001,25.77512221669503
3,0.0,0.0,0.6128,25.778563911080518
3,0.0,0.0,0.6144000000000001,25.782003276061058
3,0.0,0.0,0.616,25.78544030150772
3,0.0,0.0,0.6176,25.788874977384424
3,0.0,0.0,0.6192000000000001,25.792307293747214
3,0.0,0.0,0.6208,25.795737240743513
3,0.0,0.0,0.6224000000000001,25.799164808611394
3,0.0,0.0,0.624,25.802589987678875
3,0.0,0.0,0.6256,25.80601276836321
3,0.0,0.0,0.6272,25.809433141170167
3,0.0,0.0,0.6288,25.812851096693343
3,0.0,0.0,0.6304000000000001,25.816266625613466
3,0.0,0.0,0.632,25.819679718697703
3,0.0,0.0,0.6336,25.823090366798965
3,0.0,0.0,0.6352,25.826498560855264
3,0.0,0.0,0.6368,25.82990429188899
3,0.0,0.0,0.6384000000000001,25.833307551006303
3,0.0,0.0,0.64,25.836708329396423
3,0.0,0.0,0.6416000000000001,25.840106618330985
3,0.0,0.0,0.6432,25.843502409163417
3,0.0,0.0,0.6448,25.84689569332825
3,0.0,0.0,0.6464000000000001,25.85028646234051
3,0.0,0.0,0.648,25.853674707795076
3,0.0,0.0,0.6496000000000001,25.857060421366043
3,0.0,0.0,0.6512,25.860443594806096
3,0.0,0.0,0.6528,25.863824219945904
3,0.0,0.0,0.6544,25.867202288693488
3,0.0,0.0,0.656,25.87057779303363
3,0.0,0.0,0.6576000000000001,25.873950725027246
3,0.0,0.0,0.6592,25.877321076810812
3,0.0,0.0,0.6608,25.880688840595738
3,0.0,0.0,0.6624,25.88405400866781
3,0.0,0.0,0.664,25.88741657338658
3,0.0,0.0,0.6656000000000001,25.890776527184794
3,0.0,0.0,0.6672,25.89413386256783
3,0.0,0.0,0.6688000000000001,25.897488572113108
3,0.0,0.0,0.6704,25.900840648469515
3,0.0,0.0,0.672,25.90419008435687
3,0.0,0.0,0.6736000000000001,25.90753687256536
3,0.0,0.0,0.6752,25.910881005954966
3,0.0,0.0,0.6768000000000001,25.914222477454942
3,0.0,0.0,0.6784,25.91756128006325
3,0.0,0.0,0.68,25.920897406846034
3,0.0,0.0,0.6816,25.924230850937075
3,0.0,0.0,0.6832,25.92756160553727
3,0.0,0.0,0.6848000000000001,25.9308896639141
3,0.0,0.0,0.6864,25.93421501940111
3,0.0,0.0,0.6880000000000001,25.937537665397386
3,0.0,0.0,0.6896,25.940857595367046
3,0.0,0.0,0.6912,25.944174802838727
3,0.0,0.0,0.6928000000000001,25.94748928140509
3,0.0,0.0,0.6944,25.950801024722306
3,0.0,0.0,0.6960000000000001,25.954110026509557
3,0.0,0.0,0.6976,25.957416280548564
3,0.0,0.0,0.6992,25.960719780683068
3,0.0,0.0,0.7008,25.964020520818366
3,0.0,0.0,0.7024,25.967318494920825
3,0.0,0.0,0.7040000000000001,25.9706136970174
3,0.0,0.0,0.7056,25.97390612119516
3,0.0,0.0,0.7072,25.977195761600836
3,0.0,0.0,0.7088,25.980482612440326
3,0.0,0.0,0.7104,25.98376666797826
3,0.0,0.0,0.7120000000000001,25.987047922537517
3,0.0,0.0,0.7136,25.990326370498792
3,0.0,0.0,0.7152000000000001,25.99360200630013
3,0.0,0.0,0.7168,25.99687482443649
3,0.0,0.0,0.7184,26.00014481945929
3,0.0,0.0,0.7200000000000001,26.00341198597598
3,0.0,0.0,0.7216,26.006676318649596
3,0.0,0.0,0.7232000000000001,26.009937812198327
3,0.0,0.0,0.7248,26.013196461395086
3,0.0,0.0,0.7264,26.016452261067094
3,0.0,0.0,0.728,26.01970520609544
3,0.0,0.0,0.7296,26.02295529141468
3,0.0,0.0,0.7312000000000001,26.0262025120124
3,0.0,0.0,0.7328,26.029446862928832
3,0.0,0.0,0.7344,26.032688339256413
3,0.0,0.0,0.736,26.035926936139404
3,0.0,0.0,0.7376,26.03916264877348
3,0.0,0.0,0.7392000000000001,26.042395472405328
3,0.0,0.0,0.7408,26.045625402332245
3,0.0,0.0,0.7424000000000001,26.048852433901764
3,0.0,0.0,0.744,26.05207656251125
3,0.0,0.0,0.7456,26.0552977836075
3,0.0,0.0,0.7472000000000001,26.058516092686403
3,0.0,0.0,0.7488,26.06173148529251
3,0.0,0.0,0.7504000000000001,26.064943957018688
3,0.0,0.0,0.752,26.068153503505737
3,0.0,0.0,0.7536,26.07136012044202
3,0.0,0.0,0.7552,26.074563803563095
3,0.0,0.0,0.7568,26.07776454865134
3,0.0,0.0,0.7584000000000001,26.080962351535607
3,0.0,0.0,0.76,26.08415720809085
3,0.0,0.0,0.7616,26.087349114237778
3,0.0,0.0,0.7632,26.09053806594249
3,0.0,0.0,0.7648,26.093724059216132
3,0.0,0.0,0.7664000000000001,26.096907090114552
3,0.0,0.0,0.768,26.100087154737942
3,0.0,0.0,0.7696000000000001,26.10326424923051
3,0.0,0.0,0.7712,26.106438369780133
3,0.0,0.0,0.7728,26.109609512618018
3,0.0,0.0,0.7744000000000001,26.11277767401837
3,0.0,0.0,0.776,26.115942850298076
3,0.0,0.0,0.7776000000000001,26.11910503781633
3,0.0,0.0,0.7792,26.12226423297437
3,0.0,0.0,0.7808,26.125420432215105
3,0.0,0.0,0.7824,26.12857363202281
3,0.0,0.0,0.784,26.131723828922812
3,0.0,0.0,0.7856000000000001,26.134871019481174
3,0.0,0.0,0.7872,26.138015200304366
3,0.0,0.0,0.7888000000000001,26.141156368038974
3,0.0,0.0,0.7904,26.144294519371392
3,0.0,0.0,0.792,26.147429651027483
3,0.0,0.0,0.7936000000000001,26.150561759772316
3,0.0,0.0,0.7952,26.15369084240985
3,0.0,0.0,0.7968000000000001,26.156816895782622
3,0.0,0.0,0.7984,26.159939916771474
3,0.0,0.0,0.8,26.163059902295235
3,0.0,0.0,0.8016000000000001,26.166176849310446
3,0.0,0.0,0.8032,26.169290754811065
3,0.0,0.0,0.8048000000000001,26.172401615828175
3,0.0,0.0,0.8064,26.17550942942972
3,0.0,0.0,0.808,26.178614192720186
3,0.0,0.0,0.8096,26.18171590284036
3,0.0,0.0,0.8112,26.184814556967023
3,0.0,0.0,0.8128000000000001,26.18791015231268
3,0.0,0.0,0.8144,26.1910026861253
3,0.0,0.0,0.8160000000000001,26.194092155688036
3,0.0,0.0,0.8176,26.197178558318942
3,0.0,0.0,0.8192,26.200261891370733
3,0.0,0.0,0.8208000000000001,26.203342152230494
3,0.0,0.0,0.8224,26.206419338319435
3,0.0,0.0,0.8240000000000001,26.209493447092616
3,0.0,0.0,0.8256,26.212564476038697
3,0.0,0.0,0.8272,26.215632422679686
3,0.0,0.0,0.8288000000000001,26.21869728457067
3,0.0,0.0,0.8304,26.22175905929957
3,0.0,0.0,0.8320000000000001,26.224817744486884
3,0.0,0.0,0.8336,26.227873337785464
3,0.0,0.0,0.8352,26.230925836880225
3,0.0,0.0,0.8368,26.233975239487926
3,0.0,0.0,0.8384,26.23702154335694
3,0.0,0.0,0.8400000000000001,26.240064746266984
3,0.0,0.0,0.8416,26.243104846028896
3,0.0,0.0,0.8432000000000001,26.2461418404844
3,0.0,0.0,0.8448,26.24917572750585
3,0.0,0.0,0.8464,26.252206504996035
3,0.0,0.0,0.8480000000000001,26.255234170887896
3,0.0,0.0,0.8496,26.25825872314434
3,0.0,0.0,0.8512000000000001,26.261280159757998
3,0.0,0.0,0.8528,26.264298478750984
3,0.0,0.0,0.8544,26.267313678174688
3,0.0,0.0,0.8560000000000001,26.270325756109546
3,0.0,0.0,0.8576,26.273334710664823
3,0.0,0.0,0.8592000000000001,26.276340539978385
3,0.0,0.0,0.8608,26.27934324221649
3,0.0,0.0,0.8624,26.282342815573568
3,0.0,0.0,0.864,26.285339258272007
3,0.0,0.0,0.8656,26.288332568561934
3,0.0,0.0,0.8672000000000001,26.291322744721025
3,0.0,0.0,0.8688,26.294309785054274
3,0.0,0.0,0.8704000000000001,26.297293687893788
3,0.0,0.0,0.872,26.300274451598593
3,0.0,0.0,0.8736,26.303252074554408
3,0.0,0.0,0.8752000000000001,26.30622655517347
3,0.0,0.0,0.8768,26.30919789189432
3,0.0,0.0,0.8784000000000001,26.31216608318159
3,0.0,0.0,0.88,26.315131127525827
3,0.0,0.0,0.8816,26.31809302344327
3,0.0,0.0,0.8832000000000001,26.32105176947569
3,0.0,0.0,0.8848,26.324007364190166
3,0.0,0.0,0.8864000000000001,26.326959806178902
3,0.0,0.0,0.888,26.32990909405904
3,0.0,0.0,0.8896000000000001,26.33285522647248
3,0.0,0.0,0.8912,26.33579820208566
3,0.0,0.0,0.8928,26.338738019589403
3,0.0,0.0,0.8944000000000001,26.341674677698723
3,0.0,0.0,0.896,26.344608175152633
3,0.0,0.0,0.8976000000000001,26.34753851071397
3,0.0,0.0,0.8992,26.350465683169208
3,0.0,0.0,0.9008,26.353389691328296
3,0.0,0.0,0.9024000000000001,26.35631053402445
3,0.0,0.0,0.904,26.359228210114008
3,0.0,0.0,0.9056000000000001,26.362142718476242
3,0.0,0.0,0.9072,26.36505405801317
3,0.0,0.0,0.9088,26.36796222764941
3,0.0,0.0,0.9104000000000001,26.37086722633199
3,0.0,0.0,0.912,26.373769053030184
3,0.0,0.0,0.9136000000000001,26.376667706735347
3,0.0,0.0,0.9152,26.379563186460746
3,0.0,0.0,0.9168000000000001,26.382455491241387
3,0.0,0.0,0.9184,26.385344620133857
3,0.0,0.0,0.92,26.388230572216163
3,0.0,0.0,0.9216000000000001,26.39111334658756
3,0.0,0.0,0.9232,26.393992942368403
3,0.0,0.0,0.9248000000000001,26.396869358699977
3,0.0,0.0,0.9264,26.399742594744353
3,0.0,0.0,0.928,26.4026126496842
3,0.0,0.0,0.9296000000000001,26.405479522722672
3,0.0,0.0,0.9312,26.408343213083217
3,0.0,0.0,0.9328000000000001,26.411203720009432
3,0.0,0.0,0.9344,26.414061042764928
3,0.0,0.0,0.936,26.416915180633165
3,0.0,0.0,0.9376000000000001,26.419766132917296
3,0.0,0.0,0.9392,26.422613898940025
3,0.0,0.0,0.9408000000000001,26.425458478043463
3,0.0,0.0,0.9424,26.42829986958898
3,0.0,0.0,0.9440000000000001,26.431138072957047
3,0.0,0.0,0.9456,26.43397308754711
3,0.0,0.0,0.9472,26.436804912777436
3,0.0,0.0,0.9488000000000001,26.439633548084977
3,0.0,0.0,0.9504,26.442458992925214
3,0.0,0.0,0.9520000000000001,26.44528124677203
3,0.0,0.0,0.9536,26.448100309117574
3,0.0,0.0,0.9552,26.450916179472106
3,0.0,0.0,0.9568000000000001,26.45372885736388
3,0.0,0.0,0.9584,26.456538342338995
3,0.0,0.0,0.9600000000000001,26.45934463396127
3,0.0,0.0,0.9616,26.462147731812095
3,0.0,0.0,0.9632000000000001,26.464947635490315
3,0.0,0.0,0.9648,26.467744344612075
3,0.0,0.0,0.9664,26.470537858810726
3,0.0,0.0,0.9680000000000001,26.473328177736658
3,0.0,0.0,0.9696,26.4761153010572
3,0.0,0.0,0.9712000000000001,26.47889922845646
3,0.0,0.0,0.9728,26.481679959635226
3,0.0,0.0,0.9744,26.484457494310828
3,0.0,0.0,0.9760000000000001,26.48723183221702
3,0.0,0.0,0.9776,26.49000297310385
3,0.0,0.0,0.9792000000000001,26.492770916737527
3,0.0,0.0,0.9808,26.49553566290033
3,0.0,0.0,0.9824,26.498297211390444
3,0.0,0.0,0.9840000000000001,26.501055562021875
3,0.0,0.0,0.9856,26.503810714624315
3,0.0,0.0,0.9872000000000001,26.506562669043028
3,0.0,0.0,0.9888,26.509311425138716
3,0.0,0.0,0.9904000000000001,26.51205698278743
3,0.0,0.0,0.992,26.514799341880437
3,0.0,0.0,0.9936,26.517538502324097
3,0.0,0.0,0.9952000000000001,26.520274464039776
3,0.0,0.0,0.9968,26.52300722696371
3,0.0,0.0,0.9984000000000001,26.52573679104689
3,0.0,0.0,1.0,26.528463156254958
3,0.0,0.0,1.0016,26.531186322568107
3,0.0,0.0,1.0032,26.533906289980962
3,0.0,0.0,1.0048000000000001,26.536623058502453
3,0.0,0.0,1.0064,26.539336628155734
3,0.0,0.0,1.008,26.542046998978066
3,0.0,0.0,1.0096,26.544754171020703
3,0.0,0.0,1.0112,26.547458144348795
3,0.0,0.0,1.0128000000000001,26.550158919041273
3,0.0,0.0,1.0144,26.55285649519075
3,0.0,0.0,1.016,26.555550872903428
3,0.0,0.0,1.0176,26.558242052298983
3,0.0,0.0,1.0192,26.560930033510456
3,0.0,0.0,1.0208000000000002,26.56361481668415
3,0.0,0.0,1.0224,26.56629640197957
3,0.0,0.0,1.024,26.568974789569275
3,0.0,0.0,1.0256,26.5716499796388
3,0.0,0.0,1.0272000000000001,26.574321972386542
3,0.0,0.0,1.0288000000000002,26.576990768023688
3,0.0,0.0,1.0304,26.579656366774106
3,0.0,0.0,1.032,26.582318768874238
3,0.0,0.0,1.0336,26.584977974573018
3,0.0,0.0,1.0352000000000001,26.58763398413177
3,0.0,0.0,1.0368,26.590286797824128
3,0.0,0.0,1.0384,26.592936415935913
3,0.0,0.0,1.04,26.59558283876507
3,0.0,0.0,1.0416,26.598226066621557
3,0.0,0.0,1.0432000000000001,26.600866099827275
3,0.0,0.0,1.0448,26.603502938715945
3,0.0,0.0,1.0464,26.606136583633056
3,0.0,0.0,1.048,26.608767034935735
3,0.0,0.0,1.0496,26.6113942929927
3,0.0,0.0,1.0512000000000001,26.614018358184133
3,0.0,0.0,1.0528,26.616639230901615
3,0.0,0.0,1.0544,26.619256911548046
3,0.0,0.0,1.056,26.621871400537536
3,0.0,0.0,1.0576,26.624482698295328
3,0.0,0.0,1.0592000000000001,26.627090805257726
3,0.0,0.0,1.0608,26.629695721872004
3,0.0,0.0,1.0624,26.632297448596308
3,0.0,0.0,1.064,26.634895985899593
3,0.0,0.0,1.0656,26.637491334261522
3,0.0,0.0,1.0672000000000001,26.64008349417241
3,0.0,0.0,1.0688,26.642672466133106
3,0.0,0.0,1.0704,26.645258250654955
3,0.0,0.0,1.072,26.64784084825968
3,0.0,0.0,1.0736,26.65042025947933
3,0.0,0.0,1.0752000000000002,26.65299648485618
3,0.0,0.0,1.0768,26.655569524942667
3,0.0,0.0,1.0784,26.65813938030131
3,0.0,0.0,1.08,26.66070605150463
3,0.0,0.0,1.0816000000000001,26.663269539135065
3,0.0,0.0,1.0832000000000002,26.665829843784923
3,0.0,0.0,1.0848,26.668386966056268
3,0.0,0.0,1.0864,26.670940906560876
3,0.0,0.0,1.088,26.673491665920135
3,0.0,0.0,1.0896000000000001,26.676039244764997
3,0.0,0.0,1.0912,26.678583643735887
3,0.0,0.0,1.0928,26.681124863482633
3,0.0,0.0,1.0944,26.68366290466441
3,0.0,0.0,1.096,26.68619776794963
3,0.0,0.0,1.0976000000000001,26.688729454015913
3,0.0,0.0,1.0992,26.691257963549994
3,0.0,0.0,1.1008,26.693783297247663
3,0.0,0.0,1.1024,26.696305455813683
3,0.0,0.0,1.104,26.698824439961726
3,0.0,0.0,1.1056000000000001,26.701340250414315
3,0.0,0.0,1.1072,26.703852887902734
3,0.0,0.0,1.1088,26.706362353166984
3,0.0,0.0,1.1104,26.7088686469557
3,0.0,0.0,1.112,26.711371770026087
3,0.0,0.0,1.1136000000000001,26.713871723143868
3,0.0,0.0,1.1152,26.7163685070832
3,0.0,0.0,1.1168,26.718862122626604
3,0.0,0.0,1.1184,26.721352570564925
3,0.0,0.0,1.12,26.723839851697242
3,0.0,0.0,1.1216000000000002,26.726323966830837
3,0.0,0.0,1.1232,26.72880491678109
3,0.0,0.0,1.1248,26.73128270237145
3,0.0,0.0,1.1264,26.733757324433338
3,0.0,0.0,1.1280000000000001,26.73622878380614
3,0.0,0.0,1.1296000000000002,26.73869708133709
3,0.0,0.0,1.1312,26.74116221788123
3,0.0,0.0,1.1328,26.743624194301354
3,0.0,0.0,1.1344,26.746083011467952
3,0.0,0.0,1.1360000000000001,26.748538670259126
3,0.0,0.0,1.1376,26.750991171560564
3,0.0,0.0,1.1392,26.75344051626545
3,0.0,0.0,1.1408,26.75588670527442
3,0.0,0.0,1.1424,26.75832973949551
3,0.0,0.0,1.1440000000000001,26.760769619844094
3,0.0,0.0,1.1456,26.76320634724281
3,0.0,0.0,1.1472,26.765639922621524
3,0.0,0.0,1.1488,26.76807034691727
3,0.0,0.0,1.1504,26.77049762107419
3,0.0,0.0,1.1520000000000001,26.77292174604347
3,0.0,0.0,1.1536,26.775342722783304
3,0.0,0.0,1.1552,26.777760552258826
3,0.0,0.0,1.1568,26.78017523544205
3,0.0,0.0,1.1584,26.782586773311845
3,0.0,0.0,1.1600000000000001,26.78499516685383
3,0.0,0.0,1.1616,26.787400417060372
3,0.0,0.0,1.1632,26.78980252493052
3,0.0,0.0,1.1648,26.79220149146992
3,0.0,0.0,1.1664,26.794597317690805
3,0.0,0.0,1.1680000000000001,26.796990004611917
3,0.0,0.0,1.1696,26.799379553258465
3,0.0,0.0,1.1712,26.801765964662078
3,0.0,0.0,1.1728,26.804149239860756
3,0.0,0.0,1.1744,26.806529379898787
3,0.0,0.0,1.1760000000000002,26.808906385826752
3,0.0,0.0,1.1776,26.811280258701434
3,0.0,0.0,1.1792,26.813650999585775
3,0.0,0.0,1.1808,26.816018609548845
3,0.0,0.0,1.1824000000000001,26.81838308966577
3,0.0,0.0,1.1840000000000002,26.820744441017705
3,0.0,0.0,1.1856,26.823102664691774
3,0.0,0.0,1.1872,26.825457761781024
3,0.0,0.0,1.1888,26.827809733384374
3,0.0,0.0,1.1904000000000001,26.83015858060659
3,0.0,0.0,1.192,26.832504304558192
3,0.0,0.0,1.1936,26.83484690635546
3,0.0,0.0,1.1952,26.837186387120358
3,0.0,0.0,1.1968,26.839522747980503
3,0.0,0.0,1.1984000000000001,26.841855990069096
3,0.0,0.0,1.2,26.844186114524906
3,0.0,0.0,1.2016,26.846513122492215
3,0.0,0.0,1.2032,26.84883701512076
3,0.0,0.0,1.2048,26.85115779356571
3,0.0,0.0,1.2064000000000001,26.85347545898761
3,0.0,0.0,1.208,26.85579001255234
3,0.0,0.0,1.2096,26.85810145543107
3,0.0,0.0,1.2112,26.86040978880022
3,0.0,0.0,1.2128,26.862715013841427
3,0.0,0.0,1.2144000000000001,26.865017131741485
3,0.0,0.0,1.216,26.867316143692307
3,0.0,0.0,1.2176,26.869612050890893
3,0.0,0.0,1.2192,26.871904854539284
3,0.0,0.0,1.2208,26.87419455584453
3,0.0,0.0,1.2224000000000002,26.87648115601862
3,0.0,0.0,1.224,26.87876465627847
3,0.0,0.0,1.2256,26.881045057845874
3,0.0,0.0,1.2272,26.883322361947474
3,0.0,0.0,1.2288000000000001,26.885596569814695
3,0.0,0.0,1.2304000000000002,26.887867682683737
3,0.0,0.0,1.232,26.89013570179551
3,0.0,0.0,1.2336,26.89240062839561
3,0.0,0.0,1.2352,26.89466246373427
3,0.0,0.0,1.2368000000000001,26.896921209066345
3,0.0,0.0,1.2384000000000002,26.89917686565124
3,0.0,0.0,1.24,26.9014294347529
3,0.0,0.0,1.2416,26.903678917639755
3,0.0,0.0,1.2432,26.9059253155847
3,0.0,0.0,1.2448000000000001,26.90816862986504
3,0.0,0.0,1.2464,26.91040886176247
3,0.0,0.0,1.248,26.91264601256302
3,0.0,0.0,1.2496,26.914880083557037
3,0.0,0.0,1.2512,26.917111076039138
3,0.0,0.0,1.2528000000000001,26.919338991308184
3,0.0,0.0,1.2544,26.921563830667235
3,0.0,0.0,1.256,26.92378559542352
3,0.0,0.0,1.2576,26.926004286888396
3,0.0,0.0,1.2592,26.928219906377326
3,0.0,0.0,1.2608000000000001,26.93043245520983
3,0.0,0.0,1.2624,26.93264193470946
3,0.0,0.0,1.264,26.934848346203765
3,0.0,0.0,1.2656,26.93705169102426
3,0.0,0.0,1.2672,26.93925197050638
3,0.0,0.0,1.2688000000000001,26.941449185989466
3,0.0,0.0,1.2704,26.943643338816713
3,0.0,0.0,1.272,26.945834430335154
3,0.0,0.0,1.2736,26.948022461895615
3,0.0,0.0,1.2752000000000001,26.950207434852686
3,0.0,0.0,1.2768000000000002,26.952389350564694
3,0.0,0.0,1.2784,26.954568210393667
3,0.0,0.0,1.28,26.956744015705304
3,0.0,0.0,1.2816,26.95891676786894
3,0.0,0.0,1.2832000000000001,26.961086468257516
3,0.0,0.0,1.2848000000000002,26.96325311824756
3,0.0,0.0,1.2864,26.96541671921914
3,0.0,0.0,1.288,26.96757727255583
3,0.0,0.0,1.2896,26.969734779644696
3,0.0,0.0,1.2912000000000001,26.97188924187627
3,0.0,0.0,1.2928000000000002,26.97404066064449
3,0.0,0.0,1.2944,26.976189037346707
3,0.0,0.0,1.296,26.97833437338363
3,0.0,0.0,1.2976,26.9804766701593
3,0.0,0.0,1.2992000000000001,26.98261592908108
3,0.0,0.0,1.3008,26.9847521515596
3,0.0,0.0,1.3024,26.986885339008747
3,0.0,0.0,1.304,26.98901549284562
3,0.0,0.0,1.3056,26.99114261449052
3,0.0,0.0,1.3072000000000001,26.993266705366924
3,0.0,0.0,1.3088,26.99538776690143
3,0.0,0.0,1.3104,26.997505800523747
3,0.0,0.0,1.312,26.99962080766668
3,0.0,0.0,1.3136,27.00173278976608
3,0.0,0.0,1.3152000000000001,27.00384174826083
3,0.0,0.0,1.3168,27.005947684592808
3,0.0,0.0,1.3184,27.008050600206868
3,0.0,0.0,1.32,27.01015049655083
3,0.0,0.0,1.3216,27.012247375075408
3,0.0,0.0,1.3232000000000002,27.01434123723424
3,0.0,0.0,1.3248,27.01643208448381
3,0.0,0.0,1.3264,27.018519918283456
3,0.0,0.0,1.328,27.02060474009534
3,0.0,0.0,1.3296000000000001,27.02268655138441
3,0.0,0.0,1.3312000000000002,27.024765353618385
3,0.0,0.0,1.3328,27.026841148267724
3,0.0,0.0,1.3344,27.0289139368056
3,0.0,0.0,1.336,27.030983720707894
3,0.0,0.0,1.3376000000000001,27.033050501453136
3,0.0,0.0,1.3392000000000002,27.03511428052252
3,0.0,0.0,1.3408,27.037175059399846
3,0.0,0.0,1.3424,27.039232839571515
3,0.0,0.0,1.344,27.0412876225265
3,0.0,0.0,1.3456000000000001,27.043339409756317
3,0.0,0.0,1.3472000000000002,27.045388202755014
3,0.0,0.0,1.3488,27.047434003019138
3,0.0,0.0,1.3504,27.049476812047708
3,0.0,0.0,1.352,27.051516631342203
3,0.0,0.0,1.3536000000000001,27.05355346240654
3,0.0,0.0,1.3552,27.05558730674704
3,0.0,0.0,1.3568,27.05761816587241
3,0.0,0.0,1.3584,27.05964604129371
3,0.0,0.0,1.36,27.061670934524365
3,0.0,0.0,1.3616000000000001,27.063692847080105
3,0.0,0.0,1.3632,27.065711780478964
3,0.0,0.0,1.3648,27.067727736241242
3,0.0,0.0,1.3664,27.069740715889502
3,0.0,0.0,1.368,27.071750720948547
3,0.0,0.0,1.3696000000000002,27.073757752945376
3,0.0,0.0,1.3712,27.07576181340918
3,0.0,0.0,1.3728,27.077762903871324
3,0.0,0.0,1.3744,27.079761025865324
3,0.0,0.0,1.3760000000000001,27.081756180926817
3,0.0,0.0,1.3776000000000002,27.08374837059355
3,0.0,0.0,1.3792,27.08573759640536
3,0.0,0.0,1.3808,27.08772385990414
3,0.0,0.0,1.3824,27.089707162633836
3,0.0,0.0,1.3840000000000001,27.091687506140413
3,0.0,0.0,1.3856000000000002,27.093664891971848
3,0.0,0.0,1.3872,27.0956393216781
3,0.0,0.0,1.3888,27.0976107968111
3,0.0,0.0,1.3904,27.099579318924718
3,0.0,0.0,1.3920000000000001,27.10154488957475
3,0.0,0.0,1.3936000000000002,27.103507510318906
3,0.0,0.0,1.3952,27.10546718271678
3,0.0,0.0,1.3968,27.10742390832983
3,0.0,0.0,1.3984,27.109377688721384
3,0.0,0.0,1.4000000000000001,27.11132852545658
3,0.0,0.0,1.4016,27.113276420102387
3,0.0,0.0,1.4032,27.115221374227552
3,0.0,0.0,1.4048,27.117163389402613
3,0.0,0.0,1.4064,27.119102467199856
3,0.0,0.0,1.4080000000000001,27.121038609193313
3,0.0,0.0,1.4096,27.12297181695873
3,0.0,0.0,1.4112,27.12490209207357
3,0.0,0.0,1.4128,27.126829436116964
3,0.0,0.0,1.4144,27.12875385066973
3,0.0,0.0,1.4160000000000001,27.13067533731434
3,0.0,0.0,1.4176,27.132593897634877
3,0.0,0.0,1.4192,27.13450953321706
3,0.0,0.0,1.4208,27.1364222456482
3,0.0,0.0,1.4224,27.13833203651718
3,0.0,0.0,1.4240000000000002,27.140238907414474
3,0.0,0.0,1.4256,27.142142859932083
3,0.0,0.0,1.4272,27.14404389566355
3,0.0,0.0,1.4288,27.145942016203932
3,0.0,0.0,1.4304000000000001,27.14783722314978
3,0.0,0.0,1.4320000000000002,27.149729518099132
3,0.0,0.0,1.4336,27.151618902651492
3,0.0,0.0,1.4352,27.15350537840781
3,0.0,0.0,1.4368,27.155388946970483
3,0.0,0.0,1.4384000000000001,27.157269609943313
3,0.0,0.0,1.4400000000000002,27.159147368931507
3,0.0,0.0,1.4416,27.161022225541657
3,0.0,0.0,1.4432,27.162894181381738
3,0.0,0.0,1.4448,27.164763238061067
3,0.0,0.0,1.4464000000000001,27.166629397190313
3,0.0,0.0,1.4480000000000002,27.16849266038146
3,0.0,0.0,1.4496,27.170353029247806
3,0.0,0.0,1.4512,27.172210505403942
3,0.0,0.0,1.4528,27.174065090465746
3,0.0,0.0,1.4544000000000001,27.175916786050355
3,0.0,0.0,1.456,27.177765593776158
3,0.0,0.0,1.4576,27.17961151526278
3,0.0,0.0,1.4592,27.181454552131065
3,0.0,0.0,1.4608,27.18329470600307
3,0.0,0.0,1.4624000000000001,27.185131978502035
3,0.0,0.0,1.464,27.18696637125238
3,0.0,0.0,1.4656,27.18879788587971
3,0.0,0.0,1.4672,27.190626524010742
3,0.0,0.0,1.4688,27.192452287273365
3,0.0,0.0,1.4704000000000002,27.19427517729656
3,0.0,0.0,1.472,27.19609519571044
3,0.0,0.0,1.4736,27.197912344146204
3,0.0,0.0,1.4752,27.19972662423613
3,0.0,0.0,1.4768000000000001,27.20153803761357
3,0.0,0.0,1.4784000000000002,27.203346585912918
3,0.0,0.0,1.48,27.205152270769624
3,0.0,0.0,1.4816,27.206955093820152
3,0.0,0.0,1.4832,27.208755056701992
3,0.0,0.0,1.4848000000000001,27.210552161053627
3,0.0,0.0,1.4864000000000002,27.21234640851454
3,0.0,0.0,1.488,27.21413780072518
3,0.0,0.0,1.4896,27.215926339326955
3,0.0,0.0,1.4912,27.217712025962236
3,0.0,0.0,1.4928000000000001,27.219494862274328
3,0.0,0.0,1.4944000000000002,27.22127484990745
3,0.0,0.0,1.496,27.223051990506747
3,0.0,0.0,1.4976,27.22482628571826
3,0.0,0.0,1.4992,27.22659773718892
3,0.0,0.0,1.5008000000000001,27.22836634656653
3,0.0,0.0,1.5024000000000002,27.230132115499767
3,0.0,0.0,1.504,27.231895045638147
3,0.0,0.0,1.5056,27.233655138632034
3,0.0,0.0,1.5072,27.235412396132613
3,0.0,0.0,1.5088000000000001,27.237166819791895
3,0.0,0.0,1.5104,27.238918411262688
3,0.0,0.0,1.512,27.240667172198602
3,0.0,0.0,1.5136,27.242413104254023
3,0.0,0.0,1.5152,27.2441562090841
3,0.0,0.0,1.5168000000000001,27.24589648834475
3,0.0,0.0,1.5184,27.247633943692644
3,0.0,0.0,1.52,27.249368576785173
3,0.0,0.0,1.5216,27.25110038928047
3,0.0,0.0,1.5232,27.252829382837366
3,0.0,0.0,1.5248000000000002,27.25455555911541
3,0.0,0.0,1.5264,27.25627891977483
3,0.0,0.0,1.528,27.25799946647654
3,0.0,0.0,1.5296,27.259717200882136
3,0.0,0.0,1.5312000000000001,27.261432124653854
3,0.0,0.0,1.5328000000000002,27.2631442394546
3,0.0,0.0,1.5344,27.264853546947908
3,0.0,0.0,1.536,27.26656004879794
3,0.0,0.0,1.5376,27.26826374666947
3,0.0,0.0,1.5392000000000001,27.269964642227894
3,0.0,0.0,1.5408000000000002,27.271662737139195
3,0.0,0.0,1.5424,27.27335803306995
3,0.0,0.0,1.544,27.27505053168731
3,0.0,0.0,1.5456,27.276740234658998
3,0.0,0.0,1.5472000000000001,27.278427143653282
3,0.0,0.0,1.5488000000000002,27.280111260338987
3,0.0,0.0,1.5504,27.281792586385478
3,0.0,0.0,1.552,27.283471123462633
3,0.0,0.0,1.5536,27.285146873240862
3,0.0,0.0,1.5552000000000001,27.286819837391082
3,0.0,0.0,1.5568000000000002,27.288490017584706
3,0.0,0.0,1.5584,27.29015741549363
3,0.0,0.0,1.56,27.291822032790243
3,0.0,0.0,1.5616,27.293483871147394
3,0.0,0.0,1.5632000000000001,27.295142932238395
3,0.0,0.0,1.5648,27.296799217737007
3,0.0,0.0,1.5664,27.298452729317443
3,0.0,0.0,1.568,27.300103468654342
3,0.0,0.0,1.5696,27.30175143742277
3,0.0,0.0,1.5712000000000002,27.303396637298203
3,0.0,0.0,1.5728,27.305039069956536
3,0.0,0.0,1.5744,27.30667873707405
3,0.0,0.0,1.576,27.308315640327418
3,0.0,0.0,1.5776000000000001,27.309949781393698
3,0.0,0.0,1.5792000000000002,27.311581161950308
3,0.0,0.0,1.5808,27.31320978367504
3,0.0,0.0,1.5824,27.314835648246035
3,0.0,0.0,1.584,27.316458757341778
3,0.0,0.0,1.5856000000000001,27.318079112641097
3,0.0,0.0,1.5872000000000002,27.319696715823145
3,0.0,0.0,1.5888,27.3213115685674
3,0.0,0.0,1.5904,27.32292367255363
3,0.0,0.0,1.592,27.324533029461943
3,0.0,0.0,1.5936000000000001,27.326139640972713
3,0.0,0.0,1.5952000000000002,27.32774350876662
3,0.0,0.0,1.5968,27.329344634524617
3,0.0,0.0,1.5984,27.33094301992792
3,0.0,0.0,1.6,27.332538666658017
3,0.0,0.0,1.6016000000000001,27.334131576396658
3,0.0,0.0,1.6032000000000002,27.335721750825822
3,0.0,0.0,1.6048,27.33730919162775
3,0.0,0.0,1.6064,27.338893900484898
3,0.0,0.0,1.608,27.340475879079953
3,0.0,0.0,1.6096000000000001,27.342055129095822
3,0.0,0.0,1.6112000000000002,27.343631652215617
3,0.0,0.0,1.6128,27.345205450122652
3,0.0,0.0,1.6144,27.346776524500438
3,0.0,0.0,1.616,27.348344877032673
3,0.0,0.0,1.6176000000000001,27.349910509403227
3,0.0,0.0,1.6192,27.35147342329615
3,0.0,0.0,1.6208,27.353033620395653
3,0.0,0.0,1.6224,27.35459110238611
3,0.0,0.0,1.624,27.356145870952037
3,0.0,0.0,1.6256000000000002,27.357697927778098
3,0.0,0.0,1.6272,27.359247274549094
3,0.0,0.0,1.6288,27.360793912949955
3,0.0,0.0,1.6304,27.362337844665742
3,0.0,0.0,1.6320000000000001,27.363879071381604
3,0.0,0.0,1.6336000000000002,27.365417594782823
3,0.0,0.0,1.6352,27.366953416554782
3,0.0,0.0,1.6368,27.368486538382946
3,0.0,0.0,1.6384,27.370016961952878
3,0.0,0.0,1.6400000000000001,27.371544688950213
3,0.0,0.0,1.6416000000000002,27.373069721060673
3,0.0,0.0,1.6432,27.374592059970034
3,0.0,0.0,1.6448,27.376111707364146
3,0.0,0.0,1.6464,27.37762866492891
3,0.0,0.0,1.6480000000000001,27.379142934350273
3,0.0,0.0,1.6496000000000002,27.38065451731423
3,0.0,0.0,1.6512,27.3821634155068
3,0.0,0.0,1.6528,27.38366963061403
3,0.0,0.0,1.6544,27.385173164322016
3,0.0,0.0,1.6560000000000001,27.38667401831684
3,0.0,0.0,1.6576000000000002,27.38817219428461
3,0.0,0.0,1.6592,27.389667693911438
3,0.0,0.0,1.6608,27.39116051888344
3,0.0,0.0,1.6624,27.3926506708867
3,0.0,0.0,1.6640000000000001,27.39413815160732
3,0.0,0.0,1.6656,27.395622962731352
3,0.0,0.0,1.6672,27.397105105944842
3,0.0,0.0,1.6688,27.398584582933797
3,0.0,0.0,1.6704,27.400061395384192
3,0.0,0.0,1.6720000000000002,27.401535544981954
3,0.0,0.0,1.6736,27.403007033412955
3,0.0,0.0,1.6752,27.404475862363025
3,0.0,0.0,1.6768,27.405942033517924
3,0.0,0.0,1.6784000000000001,27.407405548563347
3,0.0,0.0,1.6800000000000002,27.408866409184917
3,0.0,0.0,1.6816,27.410324617068174
3,0.0,0.0,1.6832,27.411780173898585
3,0.0,0.0,1.6848,27.41323308136153
3,0.0,0.0,1.6864000000000001,27.41468334114228
3,0.0,0.0,1.6880000000000002,27.416130954926018
3,0.0,0.0,1.6896,27.417575924397816
3,0.0,0.0,1.6912,27.419018251242637
3,0.0,0.0,1.6928,27.42045793714533
3,0.0,0.0,1.6944000000000001,27.421894983790615
3,0.0,0.0,1.6960000000000002,27.423329392863106
3,0.0,0.0,1.6976,27.424761166047254
3,0.0,0.0,1.6992,27.426190305027404
3,0.0,0.0,1.7008,27.42761681148774
3,0.0,0.0,1.7024000000000001,27.429040687112302
3,0.0,0.0,1.7040000000000002,27.43046193358498
3,0.0,0.0,1.7056,27.431880552589508
3,0.0,0.0,1.7072,27.43329654580945
3,0.0,0.0,1.7088,27.43470991492822
3,0.0,0.0,1.7104000000000001,27.436120661629033
3,0.0,0.0,1.7120000000000002,27.437528787594953
3,0.0,0.0,1.7136,27.438934294508844
3,0.0,0.0,1.7152,27.440337184053398
3,0.0,0.0,1.7168,27.441737457911103
3,0.0,0.0,1.7184000000000001,27.443135117764246
3,0.0,0.0,1.72,27.44453016529493
3,0.0,0.0,1.7216,27.445922602185046
3,0.0,0.0,1.7232,27.447312430116263
3,0.0,0.0,1.7248,27.448699650770045
3,0.0,0.0,1.7264000000000002,27.450084265827634
3,0.0,0.0,1.728,27.451466276970052
3,0.0,0.0,1.7296,27.45284568587808
3,0.0,0.0,1.7312,27.454222494232283
3,0.0,0.0,1.7328000000000001,27.455596703712963
3,0.0,0.0,1.7344000000000002,27.456968316000207
3,0.0,0.0,1.736,27.458337332773837
3,0.0,0.0,1.7376,27.459703755713424
3,0.0,0.0,1.7392,27.46106758649829
3,0.0,0.0,1.7408000000000001,27.4624288268075
3,0.0,0.0,1.7424000000000002,27.463787478319844
3,0.0,0.0,1.744,27.465143542713847
3,0.0,0.0,1.7456,27.466497021667767
3,0.0,0.0,1.7472,27.467847916859576
3,0.0,0.0,1.7488000000000001,27.469196229966965
3,0.0,0.0,1.7504000000000002,27.47054196266735
3,0.0,0.0,1.752,27.471885116637846
3,0.0,0.0,1.7536,27.47322569355528
3,0.0,0.0,1.7552,27.474563695096183
3,0.0,0.0,1.7568000000000001,27.475899122936777
3,0.0,0.0,1.7584000000000002,27.477231978752982
3,0.0,0.0,1.76,27.47856226422041
3,0.0,0.0,1.7616,27.47988998101435
3,0.0,0.0,1.7632,27.48121513080978
3,0.0,0.0,1.7648000000000001,27.48253771528137
3,0.0,0.0,1.7664000000000002,27.48385773610344
3,0.0,0.0,1.768,27.485175194949992
3,0.0,0.0,1.7696,27.48649009349469
3,0.0,0.0,1.7712,27.487802433410874
3,0.0,0.0,1.7728000000000002,27.48911221637153
3,0.0,0.0,1.7744,27.490419444049305
3,0.0,0.0,1.776,27.49172411811649
3,0.0,0.0,1.7776,27.493026240245033
3,0.0,0.0,1.7792000000000001,27.494325812106524
3,0.0,0.0,1.7808000000000002,27.49562283537219
3,0.0,0.0,1.7824,27.496917311712895
3,0.0,0.0,1.784,27.49820924279915
3,0.0,0.0,1.7856,27.499498630301076
3,0.0,0.0,1.7872000000000001,27.50078547588843
3,0.0,0.0,1.7888000000000002,27.502069781230595
3,0.0,0.0,1.7904,27.503351547996562
3,0.0,0.0,1.792,27.504630777854953
3,0.0,0.0,1.7936,27.505907472473986
3,0.0,0.0,1.7952000000000001,27.5071816335215
3,0.0,0.0,1.7968000000000002,27.50845326266494
3,0.0,0.0,1.7984,27.509722361571338
3,0.0,0.0,1.8,27.51098893190735
3,0.0,0.0,1.8016,27.5122529753392
3,0.0,0.0,1.8032000000000001,27.513514493532725
3,0.0,0.0,1.8048000000000002,27.51477348815334
3,0.0,0.0,1.8064,27.516029960866053
3,0.0,0.0,1.808,27.517283913335447
3,0.0,0.0,1.8096,27.518535347225686
3,0.0,0.0,1.8112000000000001,27.519784264200513
3,0.0,0.0,1.8128000000000002,27.52103066592324
3,0.0,0.0,1.8144,27.52227455405676
3,0.0,0.0,1.816,27.52351593026351
3,0.0,0.0,1.8176,27.524754796205514
3,0.0,0.0,1.8192000000000002,27.525991153544336
3,0.0,0.0,1.8208000000000002,27.52722500394112
3,0.0,0.0,1.8224,27.52845634905654
3,0.0,0.0,1.824,27.529685190550843
3,0.0,0.0,1.8256000000000001,27.53091153008381
3,0.0,0.0,1.8272000000000002,27.53213536931477
3,0.0,0.0,1.8288,27.5333567099026
3,0.0,0.0,1.8304,27.534575553505704
3,0.0,0.0,1.832,27.535791901782037
3,0.0,0.0,1.8336000000000001,27.537005756389085
3,0.0,0.0,1.8352000000000002,27.53821711898385
3,0.0,0.0,1.8368,27.539425991222885
3,0.0,0.0,1.8384,27.540632374762247
3,0.0,0.0,1.84,27.541836271257534
3,0.0,0.0,1.8416000000000001,27.54303768236384
3,0.0,0.0,1.8432000000000002,27.544236609735798
3,0.0,0.0,1.8448,27.54543305502755
3,0.0,0.0,1.8464,27.54662701989274
3,0.0,0.0,1.848,27.547818505984523
3,0.0,0.0,1.8496000000000001,27.549007514955566
3,0.0,0.0,1.8512000000000002,27.55019404845804
3,0.0,0.0,1.8528,27.551378108143606
3,0.0,0.0,1.8544,27.552559695663433
3,0.0,0.0,1.856,27.55373881266818
3,0.0,0.0,1.8576000000000001,27.554915460808
3,0.0,0.0,1.8592000000000002,27.556089641732534
3,0.0,0.0,1.8608,27.557261357090923
3,0.0,0.0,1.8624,27.558430608531772
3,0.0,0.0,1.864,27.55959739770318
3,0.0,0.0,1.8656000000000001,27.56076172625272
3,0.0,0.0,1.8672000000000002,27.56192359582746
3,0.0,0.0,1.8688,27.56308300807392
3,0.0,0.0,1.8704,27.56423996463811
3,0.0,0.0,1.872,27.565394467165493
3,0.0,0.0,1.8736000000000002,27.56654651730102
3,0.0,0.0,1.8752000000000002,27.567696116689092
3,0.0,0.0,1.8768,27.568843266973573
3,0.0,0.0,1.8784,27.569987969797793
3,0.0,0.0,1.8800000000000001,27.57113022680455
3,0.0,0.0,1.8816000000000002,27.572270039636074
3,0.0,0.0,1.8832,27.573407409934067
3,0.0,0.0,1.8848,27.574542339339672
3,0.0,0.0,1.8864,27.575674829493494
3,0.0,0.0,1.8880000000000001,27.57680488203557
3,0.0,0.0,1.8896000000000002,27.577932498605385
3,0.0,0.0,1.8912,27.57905768084187
3,0.0,0.0,1.8928,27.580180430383397
3,0.0,0.0,1.8944,27.58130074886777
3,0.0,0.0,1.8960000000000001,27.582418637932236
3,0.0,0.0,1.8976000000000002,27.58353409921347
3,0.0,0.0,1.8992,27.584647134347573
3,0.0,0.0,1.9008,27.58575774497009
3,0.0,0.0,1.9024,27.586865932715973
3,0.0,0.0,1.9040000000000001,27.587971699219626
3,0.0,0.0,1.9056000000000002,27.58907504611485
3,0.0,0.0,1.9072,27.590175975034875
3,0.0,0.0,1.9088,27.591274487612356
3,0.0,0.0,1.9104,27.592370585479355
3,0.0,0.0,1.9120000000000001,27.593464270267358
3,0.0,0.0,1.9136000000000002,27.594555543607253
3,0.0,0.0,1.9152,27.59564440712935
3,0.0,0.0,1.9168,27.596730862463353
3,0.0,0.0,1.9184,27.59781491123839
3,0.0,0.0,1.9200000000000002,27.598896555082984
3,0.0,0.0,1.9216000000000002,27.599975795625056
3,0.0,0.0,1.9232,27.601052634491936
3,0.0,0.0,1.9248,27.60212707331035
3,0.0,0.0,1.9264000000000001,27.60319911370642
3,0.0,0.0,1.9280000000000002,27.604268757305665
3,0.0,0.0,1.9296,27.60533600573299
3,0.0,0.0,1.9312,27.60640086061271
3,0.0,0.0,1.9328,27.607463323568506
3,0.0,0.0,1.9344000000000001,27.60852339622346
3,0.0,0.0,1.9360000000000002,27.609581080200037
3,0.0,0.0,1.9376,27.610636377120084
3,0.0,0.0,1.9392,27.61168928860483
3,0.0,0.0,1.9408,27.612739816274892
3,0.0,0.0,1.9424000000000001,27.613787961750255
3,0.0,0.0,1.9440000000000002,27.614833726650282
3,0.0,0.0,1.9456,27.615877112593726
3,0.0,0.0,1.9472,27.61691812119869
3,0.0,0.0,1.9488,27.617956754082666
3,0.0,0.0,1.9504000000000001,27.618993012862514
3,0.0,0.0,1.9520000000000002,27.620026899154453
3,0.0,0.0,1.9536,27.621058414574073
3,0.0,0.0,1.9552,27.62208756073633
3,0.0,0.0,1.9568,27.62311433925555
3,0.0,0.0,1.9584000000000001,27.62413875174541
3,0.0,0.0,1.9600000000000002,27.625160799818946
3,0.0,0.0,1.9616,27.626180485088565
3,0.0,0.0,1.9632,27.62719780916602
3,0.0,0.0,1.9648,27.628212773662423
3,0.0,0.0,1.9664000000000001,27.629225380188235
3,0.0,0.0,1.9680000000000002,27.630235630353276
3,0.0,0.0,1.9696,27.631243525766713
3,0.0,0.0,1.9712,27.63224906803706
3,0.0,0.0,1.9728,27.63325225877218
3,0.0,0.0,1.9744000000000002,27.634253099579283
3,0.0,0.0,1.9760000000000002,27.635251592064925
3,0.0,0.0,1.9776,27.636247737834996
3,0.0,0.0,1.9792,27.63724153849474
3,0.0,0.0,1.9808000000000001,27.63823299564873
3,0.0,0.0,1.9824000000000002,27.639222110900878
3,0.0,0.0,1.984,27.64020888585445
3,0.0,0.0,1.9856,27.64119332211202
3,0.0,0.0,1.9872,27.642175421275514
3,0.0,0.0,1.9888000000000001,27.64315518494619
3,0.0,0.0,1.9904000000000002,27.64413261472463
3,0.0,0.0,1.992,27.64510771221075
3,0.0,0.0,1.9936,27.646080479003793
3,0.0,0.0,1.9952,27.647050916702337
3,0.0,0.0,1.9968000000000001,27.648019026904276
3,0.0,0.0,1.9984000000000002,27.648984811206823
3,0.0,0.0,2.0,27.64994827120653
3,0.0,0.0,2.0016000000000003,27.65090940849926
3,0.0,0.0,2.0032,27.651868224680197
3,0.0,0.0,2.0048,27.652824721343844
3,0.0,0.0,2.0064,27.653778900084028
3,0.0,0.0,2.008,27.654730762493884
3,0.0,0.0,2.0096000000000003,27.65568031016587
3,0.0,0.0,2.0112,27.65662754469175
3,0.0,0.0,2.0128,27.657572467662604
3,0.0,0.0,2.0144,27.658515080668824
3,0.0,0.0,2.016,27.65945538530011
3,0.0,0.0,2.0176000000000003,27.660393383145475
3,0.0,0.0,2.0192,27.66132907579323
3,0.0,0.0,2.0208,27.662262464831002
3,0.0,0.0,2.0224,27.663193551845715
3,0.0,0.0,2.024,27.664122338423613
3,0.0,0.0,2.0256000000000003,27.665048826150223
3,0.0,0.0,2.0272,27.665973016610383
3,0.0,0.0,2.0288,27.66689491138823
3,0.0,0.0,2.0304,27.667814512067196
3,0.0,0.0,2.032,27.668731820230025
3,0.0,0.0,2.0336000000000003,27.66964683745874
3,0.0,0.0,2.0352,27.670559565334667
3,0.0,0.0,2.0368,27.671470005438433
3,0.0,0.0,2.0384,27.67237815934995
3,0.0,0.0,2.04,27.67328402864843
3,0.0,0.0,2.0416000000000003,27.67418761491236
3,0.0,0.0,2.0432,27.675088919719535
3,0.0,0.0,2.0448,27.675987944647037
3,0.0,0.0,2.0464,27.67688469127122
3,0.0,0.0,2.048,27.677779161167745
3,0.0,0.0,2.0496000000000003,27.67867135591155
3,0.0,0.0,2.0512,27.679561277076857
3,0.0,0.0,2.0528,27.68044892623717
3,0.0,0.0,2.0544000000000002,27.68133430496528
3,0.0,0.0,2.056,27.682217414833257
3,0.0,0.0,2.0576000000000003,27.683098257412457
3,0.0,0.0,2.0592,27.683976834273512
3,0.0,0.0,2.0608,27.68485314698633
3,0.0,0.0,2.0624000000000002,27.6857271971201
3,0.0,0.0,2.064,27.686598986243286
3,0.0,0.0,2.0656,27.687468515923626
3,0.0,0.0,2.0672,27.68833578772814
3,0.0,0.0,2.0688,27.689200803223105
3,0.0,0.0,2.0704000000000002,27.690063563974093
3,0.0,0.0,2.072,27.69092407154594
3,0.0,0.0,2.0736,27.691782327502743
3,0.0,0.0,2.0752,27.692638333407878
3,0.0,0.0,2.0768,27.69349209082399
3,0.0,0.0,2.0784000000000002,27.694343601312994
3,0.0,0.0,2.08,27.695192866436063
3,0.0,0.0,2.0816,27.696039887753642
3,0.0,0.0,2.0832,27.696884666825447
3,0.0,0.0,2.0848,27.69772720521045
3,0.0,0.0,2.0864000000000003,27.69856750446689
3,0.0,0.0,2.088,27.69940556615227
3,0.0,0.0,2.0896,27.70024139182335
3,0.0,0.0,2.0912,27.701074983036158
3,0.0,0.0,2.0928,27.701906341345975
3,0.0,0.0,2.0944000000000003,27.70273546830735
3,0.0,0.0,2.096,27.70356236547408
3,0.0,0.0,2.0976,27.704387034399232
3,0.0,0.0,2.0992,27.70520947663512
3,0.0,0.0,2.1008,27.706029693733317
3,0.0,0.0,2.1024000000000003,27.70684768724465
3,0.0,0.0,2.104,27.70766345871921
3,0.0,0.0,2.1056,27.708477009706325
3,0.0,0.0,2.1072,27.709288341754586
3,0.0,0.0,2.1088,27.71009745641184
3,0.0,0.0,2.1104000000000003,27.71090435522518
3,0.0,0.0,2.112,27.711709039740946
3,0.0,0.0,2.1136,27.712511511504733
3,0.0,0.0,2.1152,27.71331177206138
3,0.0,0.0,2.1168,27.71410982295498
3,0.0,0.0,2.1184000000000003,27.71490566572887
3,0.0,0.0,2.12,27.715699301925643
3,0.0,0.0,2.1216,27.716490733087117
3,0.0,0.0,2.1232,27.717279960754382
3,0.0,0.0,2.1248,27.71806698646775
3,0.0,0.0,2.1264000000000003,27.718851811766783
3,0.0,0.0,2.128,27.719634438190294
3,0.0,0.0,2.1296,27.72041486727634
3,0.0,0.0,2.1312,27.721193100562203
3,0.0,0.0,2.1328,27.721969139584424
3,0.0,0.0,2.1344000000000003,27.722742985878774
3,0.0,0.0,2.136,27.723514640980266
3,0.0,0.0,2.1376,27.724284106423156
3,0.0,0.0,2.1392,27.72505138374093
3,0.0,0.0,2.1408,27.72581647446632
3,0.0,0.0,2.1424000000000003,27.72657938013129
3,0.0,0.0,2.144,27.727340102267046
3,0.0,0.0,2.1456,27.728098642404028
3,0.0,0.0,2.1472,27.728855002071903
3,0.0,0.0,2.1488,27.729609182799585
3,0.0,0.0,2.1504000000000003,27.73036118611521
3,0.0,0.0,2.152,27.73111101354616
3,0.0,0.0,2.1536,27.73185866661904
3,0.0,0.0,2.1552000000000002,27.73260414685969
3,0.0,0.0,2.1568,27.733347455793183
3,0.0,0.0,2.1584000000000003,27.73408859494382
3,0.0,0.0,2.16,27.73482756583514
3,0.0,0.0,2.1616,27.735564369989895
3,0.0,0.0,2.1632000000000002,27.736299008930082
3,0.0,0.0,2.1648,27.737031484176924
3,0.0,0.0,2.1664000000000003,27.737761797250865
3,0.0,0.0,2.168,27.73848994967158
3,0.0,0.0,2.1696,27.739215942957976
3,0.0,0.0,2.1712000000000002,27.739939778628184
3,0.0,0.0,2.1728,27.74066145819955
3,0.0,0.0,2.1744,27.741380983188662
3,0.0,0.0,2.176,27.742098355111324
3,0.0,0.0,2.1776,27.742813575482558
3,0.0,0.0,2.1792000000000002,27.743526645816623
3,0.0,0.0,2.1808,27.744237567626996
3,0.0,0.0,2.1824,27.744946342426367
3,0.0,0.0,2.184,27.74565297172666
3,0.0,0.0,2.1856,27.74635745703902
3,0.0,0.0,2.1872000000000003,27.747059799873814
3,0.0,0.0,2.1888,27.747760001740616
3,0.0,0.0,2.1904,27.748458064148227
3,0.0,0.0,2.192,27.749153988604682
3,0.0,0.0,2.1936,27.749847776617212
3,0.0,0.0,2.1952000000000003,27.750539429692285
3,0.0,0.0,2.1968,27.75122894933558
3,0.0,0.0,2.1984,27.751916337051988
3,0.0,0.0,2.2,27.752601594345624
3,0.0,0.0,2.2016,27.75328472271982
3,0.0,0.0,2.2032000000000003,27.753965723677123
3,0.0,0.0,2.2048,27.7546445987193
3,0.0,0.0,2.2064,27.755321349347323
3,0.0,0.0,2.208,27.75599597706139
3,0.0,0.0,2.2096,27.756668483360905
3,0.0,0.0,2.2112000000000003,27.757338869744487
3,0.0,0.0,2.2128,27.75800713770998
3,0.0,0.0,2.2144,27.758673288754427
3,0.0,0.0,2.216,27.759337324374087
3,0.0,0.0,2.2176,27.75999924606444
3,0.0,0.0,2.2192000000000003,27.760659055320165
3,0.0,0.0,2.2208,27.761316753635164
3,0.0,0.0,2.2224,27.76197234250254
3,0.0,0.0,2.224,27.762625823414613
3,0.0,0.0,2.2256,27.763277197862916
3,0.0,0.0,2.2272000000000003,27.76392646733819
3,0.0,0.0,2.2288,27.76457363333038
3,0.0,0.0,2.2304,27.765218697328645
3,0.0,0.0,2.232,27.765861660821354
3,0.0,0.0,2.2336,27.76650252529608
3,0.0,0.0,2.2352000000000003,27.76714129223961
3,0.0,0.0,2.2368,27.767777963137934
3,0.0,0.0,2.2384,27.768412539476248
3,0.0,0.0,2.24,27.769045022738958
3,0.0,0.0,2.2416,27.769675414409683
3,0.0,0.0,2.2432000000000003,27.770303715971234
3,0.0,0.0,2.2448,27.770929928905645
3,0.0,0.0,2.2464,27.771554054694136
3,0.0,0.0,2.248,27.77217609481714
3,0.0,0.0,2.2496,27.7727960507543
3,0.0,0.0,2.2512000000000003,27.773413923984474
3,0.0,0.0,2.2528,27.774029715985698
3,0.0,0.0,2.2544,27.77464342823523
3,0.0,0.0,2.2560000000000002,27.775255062209517
3,0.0,0.0,2.2576,27.775864619384233
3,0.0,0.0,2.2592000000000003,27.776472101234237
3,0.0,0.0,2.2608,27.77707750923359
3,0.0,0.0,2.2624,27.777680844855567
3,0.0,0.0,2.2640000000000002,27.778282109572633
3,0.0,0.0,2.2656,27.778881304856455
3,0.0,0.0,2.2672000000000003,27.77947843217792
3,0.0,0.0,2.2688,27.780073493007094
3,0.0,0.0,2.2704,27.780666488813257
3,0.0,0.0,2.2720000000000002,27.78125742106488
3,0.0,0.0,2.2736,27.78184629122964
3,0.0,0.0,2.2752,27.782433100774412
3,0.0,0.0,2.2768,27.783017851165276
3,0.0,0.0,2.2784,27.783600543867514
3,0.0,0.0,2.2800000000000002,27.784181180345588
3,0.0,0.0,2.2816,27.78475976206318
3,0.0,0.0,2.2832,27.785336290483162
3,0.0,0.0,2.2848,27.785910767067605
3,0.0,0.0,2.2864,27.786483193277775
3,0.0,0.0,2.2880000000000003,27.787053570574145
3,0.0,0.0,2.2896,27.787621900416376
3,0.0,0.0,2.2912,27.78818818426334
3,0.0,0.0,2.2928,27.788752423573083
3,0.0,0.0,2.2944,27.78931461980287
3,0.0,0.0,2.2960000000000003,27.789874774409153
3,0.0,0.0,2.2976,27.79043288884758
3,0.0,0.0,2.2992,27.790988964573
3,0.0,0.0,2.3008,27.791543003039457
3,0.0,0.0,2.3024,27.79209500570019
3,0.0,0.0,2.3040000000000003,27.792644974007633
3,0.0,0.0,2.3056,27.793192909413403
3,0.0,0.0,2.3072,27.79373881336834
3,0.0,0.0,2.3088,27.794282687322458
3,0.0,0.0,2.3104,27.794824532724974
3,0.0,0.0,2.3120000000000003,27.795364351024297
3,0.0,0.0,2.3136,27.795902143668027
3,0.0,0.0,2.3152,27.796437912102963
3,0.0,0.0,2.3168,27.796971657775096
3,0.0,0.0,2.3184,27.797503382129612
3,0.0,0.0,2.3200000000000003,27.798033086610893
3,0.0,0.0,2.3216,27.798560772662505
3,0.0,0.0,2.3232,27.799086441727223
3,0.0,0.0,2.3248,27.799610095247
3,0.0,0.0,2.3264,27.800131734662987
3,0.0,0.0,2.3280000000000003,27.800651361415536
3,0.0,0.0,2.3296,27.801168976944172
3,0.0,0.0,2.3312,27.80168458268763
3,0.0,0.0,2.3328,27.802198180083835
3,0.0,0.0,2.3344,27.8027097705699
3,0.0,0.0,2.3360000000000003,27.803219355582126
3,0.0,0.0,2.3376,27.803726936556014
3,0.0,0.0,2.3392,27.804232514926255
3,0.0,0.0,2.3408,27.804736092126728
3,0.0,0.0,2.3424,27.805237669590497
3,0.0,0.0,2.3440000000000003,27.805737248749832
3,0.0,0.0,2.3456,27.80623483103619
3,0.0,0.0,2.3472,27.806730417880207
3,0.0,0.0,2.3488,27.807224010711728
3,0.0,0.0,2.3504,27.807715610959768
3,0.0,0.0,2.3520000000000003,27.80820522005255
3,0.0,0.0,2.3536,27.808692839417475
3,0.0,0.0,2.3552,27.80917847048115
3,0.0,0.0,2.3568000000000002,27.809662114669354
3,0.0,0.0,2.3584,27.81014377340707
3,0.0,0.0,2.3600000000000003,27.81062344811846
3,0.0,0.0,2.3616,27.811101140226878
3,0.0,0.0,2.3632,27.811576851154875
3,0.0,0.0,2.3648000000000002,27.812050582324183
3,0.0,0.0,2.3664,27.812522335155727
3,0.0,0.0,2.3680000000000003,27.81299211106962
3,0.0,0.0,2.3696,27.813459911485168
3,0.0,0.0,2.3712,27.813925737820867
3,0.0,0.0,2.3728000000000002,27.81438959149439
3,0.0,0.0,2.3744,27.814851473922612
3,0.0,0.0,2.3760000000000003,27.81531138652159
3,0.0,0.0,2.3776,27.815769330706566
3,0.0,0.0,2.3792,27.816225307891983
3,0.0,0.0,2.3808000000000002,27.816679319491463
3,0.0,0.0,2.3824,27.817131366917817
3,0.0,0.0,2.384,27.817581451583045
3,0.0,0.0,2.3856,27.818029574898343
3,0.0,0.0,2.3872,27.818475738274085
3,0.0,0.0,2.3888000000000003,27.81891994311983
3,0.0,0.0,2.3904,27.81936219084434
3,0.0,0.0,2.392,27.81980248285555
3,0.0,0.0,2.3936,27.820240820560592
3,0.0,0.0,2.3952,27.820677205365783
3,0.0,0.0,2.3968000000000003,27.821111638676626
3,0.0,0.0,2.3984,27.82154412189782
3,0.0,0.0,2.4,27.82197465643323
3,0.0,0.0,2.4016,27.822403243685944
3,0.0,0.0,2.4032,27.822829885058198
3,0.0,0.0,2.4048000000000003,27.82325458195144
3,0.0,0.0,2.4064,27.8236773357663
3,0.0,0.0,2.408,27.82409814790259
3,0.0,0.0,2.4096,27.824517019759323
3,0.0,0.0,2.4112,27.824933952734686
3,0.0,0.0,2.4128000000000003,27.82534894822605
3,0.0,0.0,2.4144,27.825762007629994
3,0.0,0.0,2.416,27.826173132342255
3,0.0,0.0,2.4176,27.826582323757783
3,0.0,0.0,2.4192,27.826989583270706
3,0.0,0.0,2.4208000000000003,27.827394912274325
3,0.0,0.0,2.4224,27.82779831216115
3,0.0,0.0,2.424,27.828199784322866
3,0.0,0.0,2.4256,27.82859933015035
3,0.0,0.0,2.4272,27.82899695103366
3,0.0,0.0,2.4288000000000003,27.829392648362038
3,0.0,0.0,2.4304,27.829786423523927
3,0.0,0.0,2.432,27.83017827790694
3,0.0,0.0,2.4336,27.830568212897887
3,0.0,0.0,2.4352,27.830956229882762
3,0.0,0.0,2.4368000000000003,27.831342330246752
3,0.0,0.0,2.4384,27.83172651537422
3,0.0,0.0,2.44,27.832108786648725
3,0.0,0.0,2.4416,27.832489145453
3,0.0,0.0,2.4432,27.832867593168977
3,0.0,0.0,2.4448000000000003,27.833244131177768
3,0.0,0.0,2.4464,27.833618760859675
3,0.0,0.0,2.448,27.833991483594197
3,0.0,0.0,2.4496,27.83436230075999
3,0.0,0.0,2.4512,27.834731213734926
3,0.0,0.0,2.4528000000000003,27.835098223896047
3,0.0,0.0,2.4544,27.83546333261959
3,0.0,0.0,2.456,27.835826541280973
3,0.0,0.0,2.4576000000000002,27.83618785125481
3,0.0,0.0,2.4592,27.836547263914888
3,0.0,0.0,2.4608000000000003,27.836904780634192
3,0.0,0.0,2.4624,27.837260402784892
3,0.0,0.0,2.464,27.837614131738334
3,0.0,0.0,2.4656000000000002,27.837965968865063
3,0.0,0.0,2.4672,27.83831591553481
3,0.0,0.0,2.4688000000000003,27.838663973116482
3,0.0,0.0,2.4704,27.839010142978182
3,0.0,0.0,2.472,27.839354426487205
3,0.0,0.0,2.4736000000000002,27.839696825010016
3,0.0,0.0,2.4752,27.840037339912286
3,0.0,0.0,2.4768000000000003,27.84037597255886
3,0.0,0.0,2.4784,27.840712724313768
3,0.0,0.0,2.48,27.841047596540232
3,0.0,0.0,2.4816000000000003,27.84138059060067
3,0.0,0.0,2.4832,27.841711707856675
3,0.0,0.0,2.4848,27.842040949669027
3,0.0,0.0,2.4864,27.842368317397696
3,0.0,0.0,2.488,27.84269381240184
3,0.0,0.0,2.4896000000000003,27.843017436039812
3,0.0,0.0,2.4912,27.843339189669138
3,0.0,0.0,2.4928,27.84365907464653
3,0.0,0.0,2.4944,27.8439770923279
3,0.0,0.0,2.496,27.844293244068343
3,0.0,0.0,2.4976000000000003,27.844607531222138
3,0.0,0.0,2.4992,27.844919955142757
3,0.0,0.0,2.5008,27.845230517182852
3,0.0,0.0,2.5024,27.84553921869427
3,0.0,0.0,2.504,27.845846061028038
3,0.0,0.0,2.5056000000000003,27.846151045534373
3,0.0,0.0,2.5072,27.846454173562687
3,0.0,0.0,2.5088,27.84675544646158
3,0.0,0.0,2.5104,27.847054865578816
3,0.0,0.0,2.512,27.84735243226138
3,0.0,0.0,2.5136000000000003,27.847648147855423
3,0.0,0.0,2.5152,27.847942013706295
3,0.0,0.0,2.5168,27.848234031158526
3,0.0,0.0,2.5184,27.848524201555836
3,0.0,0.0,2.52,27.848812526241144
3,0.0,0.0,2.5216000000000003,27.84909900655654
3,0.0,0.0,2.5232,27.849383643843314
3,0.0,0.0,2.5248,27.849666439441943
3,0.0,0.0,2.5264,27.849947394692094
3,0.0,0.0,2.528,27.850226510932607
3,0.0,0.0,2.5296000000000003,27.850503789501534
3,0.0,0.0,2.5312,27.8507792317361
3,0.0,0.0,2.5328,27.85105283897273
3,0.0,0.0,2.5344,27.85132461254702
3,0.0,0.0,2.536,27.851594553793777
3,0.0,0.0,2.5376000000000003,27.851862664046983
3,0.0,0.0,2.5392,27.852128944639812
3,0.0,0.0,2.5408,27.852393396904628
3,0.0,0.0,2.5424,27.852656022172983
3,0.0,0.0,2.544,27.852916821775626
3,0.0,0.0,2.5456000000000003,27.85317579704248
3,0.0,0.0,2.5472,27.85343294930267
3,0.0,0.0,2.5488,27.853688279884516
3,0.0,0.0,2.5504000000000002,27.85394179011551
3,0.0,0.0,2.552,27.854193481322348
3,0.0,0.0,2.5536000000000003,27.854443354830906
3,0.0,0.0,2.5552,27.854691411966257
3,0.0,0.0,2.5568,27.854937654052662
3,0.0,0.0,2.5584000000000002,27.855182082413574
3,0.0,0.0,2.56,27.855424698371635
3,0.0,0.0,2.5616000000000003,27.855665503248677
3,0.0,0.0,2.5632,27.855904498365724
3,0.0,0.0,2.5648,27.856141685042992
3,0.0,0.0,2.5664000000000002,27.85637706459988
3,0.0,0.0,2.568,27.856610638354987
3,0.0,0.0,2.5696000000000003,27.8568424076261
3,0.0,0.0,2.5712,27.85707237373019
3,0.0,0.0,2.5728,27.857300537983434
3,0.0,0.0,2.5744000000000002,27.85752690170119
3,0.0,0.0,2.576,27.857751466198003
3,0.0,0.0,2.5776000000000003,27.857974232787626
3,0.0,0.0,2.5792,27.85819520278299
3,0.0,0.0,2.5808,27.858414377496224
3,0.0,0.0,2.5824000000000003,27.858631758238644
3,0.0,0.0,2.584,27.85884734632076
3,0.0,0.0,2.5856000000000003,27.85906114305228
3,0.0,0.0,2.5872,27.85927314974209
3,0.0,0.0,2.5888,27.85948336769829
3,0.0,0.0,2.5904000000000003,27.85969179822815
3,0.0,0.0,2.592,27.859898442638144
3,0.0,0.0,2.5936,27.86010330223394
3,0.0,0.0,2.5952,27.8603063783204
3,0.0,0.0,2.5968,27.860507672201567
3,0.0,0.0,2.5984000000000003,27.860707185180697
3,0.0,0.0,2.6,27.860904918560216
3,0.0,0.0,2.6016,27.861100873641764
3,0.0,0.0,2.6032,27.861295051726163
3,0.0,0.0,2.6048,27.86148745411343
3,0.0,0.0,2.6064000000000003,27.86167808210278
3,0.0,0.0,2.608,27.861866936992623
3,0.0,0.0,2.6096,27.862054020080553
3,0.0,0.0,2.6112,27.862239332663368
3,0.0,0.0,2.6128,27.862422876037055
3,0.0,0.0,2.6144000000000003,27.862604651496806
3,0.0,0.0,2.616,27.862784660336995
3,0.0,0.0,2.6176,27.862962903851194
3,0.0,0.0,2.6192,27.86313938333217
3,0.0,0.0,2.6208,27.86331410007189
3,0.0,0.0,2.6224000000000003,27.863487055361507
3,0.0,0.0,2.624,27.863658250491387
3,0.0,0.0,2.6256,27.863827686751065
3,0.0,0.0,2.6272,27.863995365429297
3,0.0,0.0,2.6288,27.86416128781402
3,0.0,0.0,2.6304000000000003,27.864325455192372
3,0.0,0.0,2.632,27.864487868850688
3,0.0,0.0,2.6336,27.864648530074497
3,0.0,0.0,2.6352,27.86480744014852
3,0.0,0.0,2.6368,27.864964600356686
3,0.0,0.0,2.6384000000000003,27.865120011982118
3,0.0,0.0,2.64,27.86527367630712
3,0.0,0.0,2.6416,27.865425594613214
3,0.0,0.0,2.6432,27.86557576818111
3,0.0,0.0,2.6448,27.865724198290714
3,0.0,0.0,2.6464000000000003,27.86587088622114
3,0.0,0.0,2.648,27.866015833250675
3,0.0,0.0,2.6496,27.866159040656836
3,0.0,0.0,2.6512000000000002,27.866300509716314
3,0.0,0.0,2.6528,27.866440241705007
3,0.0,0.0,2.6544000000000003,27.866578237898015
3,0.0,0.0,2.656,27.86671449956963
3,0.0,0.0,2.6576,27.86684902799334
3,0.0,0.0,2.6592000000000002,27.866981824441844
3,0.0,0.0,2.6608,27.867112890187034
3,0.0,0.0,2.6624000000000003,27.8672422265
3,0.0,0.0,2.664,27.867369834651022
3,0.0,0.0,2.6656,27.8674957159096
3,0.0,0.0,2.6672000000000002,27.867619871544417
3,0.0,0.0,2.6688,27.867742302823366
3,0.0,0.0,2.6704000000000003,27.86786301101353
3,0.0,0.0,2.672,27.867981997381204
3,0.0,0.0,2.6736,27.868099263191873
3,0.0,0.0,2.6752000000000002,27.868214809710228
3,0.0,0.0,2.6768,27.86832863820016
3,0.0,0.0,2.6784000000000003,27.868440749924765
3,0.0,0.0,2.68,27.86855114614633
3,0.0,0.0,2.6816,27.868659828126354
3,0.0,0.0,2.6832000000000003,27.868766797125524
3,0.0,0.0,2.6848,27.86887205440375
3,0.0,0.0,2.6864000000000003,27.868975601220118
3,0.0,0.0,2.688,27.869077438832942
3,0.0,0.0,2.6896,27.869177568499712
3,0.0,0.0,2.6912000000000003,27.869275991477142
3,0.0,0.0,2.6928,27.86937270902114
3,0.0,0.0,2.6944000000000004,27.869467722386815
3,0.0,0.0,2.696,27.86956103282849
3,0.0,0.0,2.6976,27.869652641599664
3,0.0,0.0,2.6992000000000003,27.869742549953074
3,0.0,0.0,2.7008,27.86983075914063
3,0.0,0.0,2.7024,27.869917270413474
3,0.0,0.0,2.704,27.87000208502193
3,0.0,0.0,2.7056,27.870085204215535
3,0.0,0.0,2.7072000000000003,27.870166629243027
3,0.0,0.0,2.7088,27.87024636135235
3,0.0,0.0,2.7104,27.87032440179066
3,0.0,0.0,2.712,27.8704007518043
3,0.0,0.0,2.7136,27.87047541263884
3,0.0,0.0,2.7152000000000003,27.87054838553904
3,0.0,0.0,2.7168,27.87061967174887
3,0.0,0.0,2.7184,27.870689272511505
3,0.0,0.0,2.72,27.870757189069323
3,0.0,0.0,2.7216,27.87082342266391
3,0.0,0.0,2.7232000000000003,27.870887974536068
3,0.0,0.0,2.7248,27.870950845925794
3,0.0,0.0,2.7264,27.87101203807229
3,0.0,0.0,2.728,27.871071552213976
3,0.0,0.0,2.7296,27.871129389588464
3,0.0,0.0,2.7312000000000003,27.871185551432593
3,0.0,0.0,2.7328,27.87124003898239
3,0.0,0.0,2.7344,27.871292853473097
3,0.0,0.0,2.736,27.871343996139167
3,0.0,0.0,2.7376,27.87139346821426
3,0.0,0.0,2.7392000000000003,27.87144127093125
3,0.0,0.0,2.7408,27.8714874055222
3,0.0,0.0,2.7424,27.871531873218395
3,0.0,0.0,2.744,27.871574675250333
3,0.0,0.0,2.7456,27.871615812847715
3,0.0,0.0,2.7472000000000003,27.871655287239452
3,0.0,0.0,2.7488,27.871693099653672
3,0.0,0.0,2.7504,27.871729251317696
3,0.0,0.0,2.7520000000000002,27.871763743458065
3,0.0,0.0,2.7536,27.871796577300536
3,0.0,0.0,2.7552000000000003,27.871827754070072
3,0.0,0.0,2.7568,27.87185727499084
3,0.0,0.0,2.7584,27.87188514128622
3,0.0,0.0,2.7600000000000002,27.871911354178817
3,0.0,0.0,2.7616,27.871935914890425
3,0.0,0.0,2.7632000000000003,27.871958824642064
3,0.0,0.0,2.7648,27.871980084653956
3,0.0,0.0,2.7664,27.871999696145558
3,0.0,0.0,2.7680000000000002,27.87201766033551
3,0.0,0.0,2.7696,27.87203397844167
3,0.0,0.0,2.7712000000000003,27.87204865168113
3,0.0,0.0,2.7728,27.87206168127017
3,0.0,0.0,2.7744,27.872073068424303
3,0.0,0.0,2.7760000000000002,27.872082814358233
3,0.0,0.0,2.7776,27.872090920285892
3,0.0,0.0,2.7792000000000003,27.872097387420425
3,0.0,0.0,2.7808,27.872102216974195
3,0.0,0.0,2.7824,27.872105410158767
3,0.0,0.0,2.7840000000000003,27.87210696818493
3,0.0,0.0,2.7856,27.872106892262682
3,0.0,0.0,2.7872000000000003,27.872105183601235
3,0.0,0.0,2.7888,27.872101843409027
3,0.0,0.0,2.7904,27.872096872893696
3,0.0,0.0,2.7920000000000003,27.872090273262103
3,0.0,0.0,2.7936,27.872082045720326
3,0.0,0.0,2.7952000000000004,27.87207219147366
3,0.0,0.0,2.7968,27.872060711726608
3,0.0,0.0,2.7984,27.8720476076829
3,0.0,0.0,2.8000000000000003,27.872032880545476
3,0.0,0.0,2.8016,27.872016531516493
3,0.0,0.0,2.8032,27.87199856179733
3,0.0,0.0,2.8048,27.871978972588572
3,0.0,0.0,2.8064,27.871957765090038
3,0.0,0.0,2.8080000000000003,27.871934940500758
3,0.0,0.0,2.8096,27.871910500018963
3,0.0,0.0,2.8112,27.871884444842134
3,0.0,0.0,2.8128,27.87185677616694
3,0.0,0.0,2.8144,27.87182749518929
3,0.0,0.0,2.8160000000000003,27.871796603104308
3,0.0,0.0,2.8176,27.871764101106333
3,0.0,0.0,2.8192,27.871729990388914
3,0.0,0.0,2.8208,27.871694272144843
3,0.0,0.0,2.8224,27.87165694756611
3,0.0,0.0,2.8240000000000003,27.871618017843936
3,0.0,0.0,2.8256,27.871577484168768
3,0.0,0.0,2.8272,27.871535347730255
3,0.0,0.0,2.8288,27.871491609717282
3,0.0,0.0,2.8304,27.871446271317957
3,0.0,0.0,2.8320000000000003,27.871399333719598
3,0.0,0.0,2.8336,27.87135079810875
3,0.0,0.0,2.8352,27.87130066567118
3,0.0,0.0,2.8368,27.871248937591876
3,0.0,0.0,2.8384,27.87119561505505
3,0.0,0.0,2.8400000000000003,27.87114069924414
3,0.0,0.0,2.8416,27.8710841913418
3,0.0,0.0,2.8432,27.871026092529913
3,0.0,0.0,2.8448,27.87096640398958
3,0.0,0.0,2.8464,27.870905126901125
3,0.0,0.0,2.8480000000000003,27.870842262444096
3,0.0,0.0,2.8496,27.87077781179727
3,0.0,0.0,2.8512,27.870711776138656
3,0.0,0.0,2.8528000000000002,27.870644156645465
3,0.0,0.0,2.8544,27.870574954494153
3,0.0,0.0,2.8560000000000003,27.87050417086039
3,0.0,0.0,2.8576,27.870431806919072
3,0.0,0.0,2.8592,27.870357863844326
3,0.0,0.0,2.8608000000000002,27.870282342809503
3,0.0,0.0,2.8624,27.870205244987183
3,0.0,0.0,2.8640000000000003,27.870126571549164
3,0.0,0.0,2.8656,27.87004632366648
3,0.0,0.0,2.8672,27.86996450250938
3,0.0,0.0,2.8688000000000002,27.86988110924735
3,0.0,0.0,2.8704,27.869796145049097
3,0.0,0.0,2.8720000000000003,27.869709611082566
3,0.0,0.0,2.8736,27.869621508514914
3,0.0,0.0,2.8752,27.869531838512543
3,0.0,0.0,2.8768000000000002,27.869440602241074
3,0.0,0.0,2.8784,27.869347800865356
3,0.0,0.0,2.8800000000000003,27.86925343554947
3,0.0,0.0,2.8816,27.869157507456727
3,0.0,0.0,2.8832,27.86906001774966
3,0.0,0.0,2.8848000000000003,27.86896096759004
3,0.0,0.0,2.8864,27.86886035813887
3,0.0,0.0,2.8880000000000003,27.868758190556367
3,0.0,0.0,2.8896,27.868654466001995
3,0.0,0.0,2.8912,27.868549185634446
3,0.0,0.0,2.8928000000000003,27.868442350611637
3,0.0,0.0,2.8944,27.868333962090723
3,0.0,0.0,2.8960000000000004,27.86822402122808
3,0.0,0.0,2.8976,27.86811252917933
3,0.0,0.0,2.8992,27.86799948709932
3,0.0,0.0,2.9008000000000003,27.86788489614212
3,0.0,0.0,2.9024,27.867768757461047
3,0.0,0.0,2.9040000000000004,27.867651072208652
3,0.0,0.0,2.9056,27.867531841536696
3,0.0,0.0,2.9072,27.8674110665962
3,0.0,0.0,2.9088000000000003,27.86728874853741
3,0.0,0.0,2.9104,27.8671648885098
3,0.0,0.0,2.912,27.867039487662087
3,0.0,0.0,2.9136,27.86691254714221
3,0.0,0.0,2.9152,27.866784068097356
3,0.0,0.0,2.9168000000000003,27.86665405167394
3,0.0,0.0,2.9184,27.866522499017613
3,0.0,0.0,2.92,27.866389411273257
3,0.0,0.0,2.9216,27.866254789585
3,0.0,0.0,2.9232,27.8661186350962
3,0.0,0.0,2.9248000000000003,27.86598094894945
3,0.0,0.0,2.9264,27.865841732286583
3,0.0,0.0,2.928,27.86570098624867
3,0.0,0.0,2.9296,27.86555871197601
3,0.0,0.0,2.9312,27.86541491060815
3,0.0,0.0,2.9328000000000003,27.86526958328386
3,0.0,0.0,2.9344,27.865122731141177
3,0.0,0.0,2.936,27.86497435531734
3,0.0,0.0,2.9376,27.864824456948856
3,0.0,0.0,2.9392,27.86467303717145
3,0.0,0.0,2.9408000000000003,27.864520097120092
3,0.0,0.0,2.9424,27.864365637929
3,0.0,0.0,2.944,27.86420966073163
3,0.0,0.0,2.9456,27.86405216666066
3,0.0,0.0,2.9472,27.863893156848032
3,0.0,0.0,2.9488000000000003,27.863732632424913
3,0.0,0.0,2.9504,27.86357059452172
3,0.0,0.0,2.952,27.863407044268094
3,0.0,0.0,2.9536000000000002,27.86324198279294
3,0.0,0.0,2.9552,27.863075411224386
3,0.0,0.0,2.9568000000000003,27.862907330689815
3,0.0,0.0,2.9584,27.862737742315844
3,0.0,0.0,2.96,27.862566647228338
3,0.0,0.0,2.9616000000000002,27.862394046552396
3,0.0,0.0,2.9632,27.862219941412366
3,0.0,0.0,2.9648000000000003,27.86204433293184
3,0.0,0.0,2.9664,27.861867222233656
3,0.0,0.0,2.968,27.861688610439884
3,0.0,0.0,2.9696000000000002,27.86150849867185
3,0.0,0.0,2.9712,27.86132688805011
3,0.0,0.0,2.9728000000000003,27.861143779694487
3,0.0,0.0,2.9744,27.860959174724034
3,0.0,0.0,2.976,27.860773074257043
3,0.0,0.0,2.9776000000000002,27.860585479411068
3,0.0,0.0,2.9792,27.860396391302892
3,0.0,0.0,2.9808000000000003,27.860205811048555
3,0.0,0.0,2.9824,27.860013739763342
3,0.0,0.0,2.984,27.85982017856179
3,0.0,0.0,2.9856000000000003,27.85962512855766
3,0.0,0.0,2.9872,27.85942859086399
3,0.0,0.0,2.9888000000000003,27.85923056659304
3,0.0,0.0,2.9904,27.859031056856335
3,0.0,0.0,2.992,27.85883006276464
3,0.0,0.0,2.9936000000000003,27.85862758542797
3,0.0,0.0,2.9952,27.85842362595559
3,0.0,0.0,2.9968000000000004,27.85821818545601
3,0.0,0.0,2.9984,27.858011265036986
3,0.0,0.0,3.0,27.85780286580554
3,0.0,0.0,3.0016000000000003,27.857592988867925
3,0.0,0.0,3.0032,27.857381635329652
3,0.0,0.0,3.0048000000000004,27.857168806295483
3,0.0,0.0,3.0064,27.856954502869424
3,0.0,0.0,3.008,27.85673872615475
3,0.0,0.0,3.0096000000000003,27.856521477253963
3,0.0,0.0,3.0112,27.85630275726883
3,0.0,0.0,3.0128,27.856082567300366
3,0.0,0.0,3.0144,27.855860908448836
3,0.0,0.0,3.016,27.85563778181377
3,0.0,0.0,3.0176000000000003,27.855413188493927
3,0.0,0.0,3.0192,27.855187129587346
3,0.0,0.0,3.0208,27.854959606191297
3,0.0,0.0,3.0224,27.854730619402314
3,0.0,0.0,3.024,27.85450017031619
3,0.0,0.0,3.0256000000000003,27.854268260027954
3,0.0,0.0,3.0272,27.854034889631908
3,0.0,0.0,3.0288,27.853800060221598
3,0.0,0.0,3.0304,27.853563772889828
3,0.0,0.0,3.032,27.85332602872866
3,0.0,0.0,3.0336000000000003,27.8530868288294
3,0.0,0.0,3.0352,27.852846174282625
3,0.0,0.0,3.0368,27.852604066178163
3,0.0,0.0,3.0384,27.852360505605088
3,0.0,0.0,3.04,27.85211549365175
3,0.0,0.0,3.0416000000000003,27.85186903140574
3,0.0,0.0,3.0432,27.851621119953908
3,0.0,0.0,3.0448,27.85137176038237
3,0.0,0.0,3.0464,27.851120953776494
3,0.0,0.0,3.048,27.850868701220904
3,0.0,0.0,3.0496000000000003,27.85061500379949
3,0.0,0.0,3.0512,27.850359862595393
3,0.0,0.0,3.0528,27.850103278691023
3,0.0,0.0,3.0544000000000002,27.849845253168027
3,0.0,0.0,3.056,27.849585787107344
3,0.0,0.0,3.0576000000000003,27.849324881589148
3,0.0,0.0,3.0592,27.84906253769288
3,0.0,0.0,3.0608,27.84879875649725
3,0.0,0.0,3.0624000000000002,27.84853353908021
3,0.0,0.0,3.064,27.848266886518996
3,0.0,0.0,3.0656000000000003,27.847998799890085
3,0.0,0.0,3.0672,27.84772928026923
3,0.0,0.0,3.0688,27.84745832873144
3,0.0,0.0,3.0704000000000002,27.84718594635099
3,0.0,0.0,3.072,27.846912134201414
3,0.0,0.0,3.0736000000000003,27.84663689335551
3,0.0,0.0,3.0752,27.846360224885334
3,0.0,0.0,3.0768,27.846082129862214
3,0.0,0.0,3.0784000000000002,27.845802609356742
3,0.0,0.0,3.08,27.84552166443876
3,0.0,0.0,3.0816000000000003,27.845239296177397
3,0.0,0.0,3.0832,27.844955505641025
3,0.0,0.0,3.0848,27.8446702938973
3,0.0,0.0,3.0864000000000003,27.844383662013122
3,0.0,0.0,3.088,27.84409561105468
3,0.0,0.0,3.0896000000000003,27.84380614208741
3,0.0,0.0,3.0912,27.84351525617603
3,0.0,0.0,3.0928,27.843222954384505
3,0.0,0.0,3.0944000000000003,27.84292923777609
3,0.0,0.0,3.096,27.84263410741329
3,0.0,0.0,3.0976000000000004,27.842337564357884
3,0.0,0.0,3.0992,27.842039609670913
3,0.0,0.0,3.1008,27.841740244412698
3,0.0,0.0,3.1024000000000003,27.84143946964282
3,0.0,0.0,3.104,27.841137286420125
3,0.0,0.0,3.1056000000000004,27.840833695802736
3,0.0,0.0,3.1072,27.840528698848036
3,0.0,0.0,3.1088,27.840222296612694
3,0.0,0.0,3.1104000000000003,27.839914490152637
3,0.0,0.0,3.112,27.839605280523063
3,0.0,0.0,3.1136000000000004,27.839294668778436
3,0.0,0.0,3.1152,27.8389826559725
3,0.0,0.0,3.1168,27.838669243158265
3,0.0,0.0,3.1184000000000003,27.83835443138802
3,0.0,0.0,3.12,27.83803822171331
3,0.0,0.0,3.1216,27.837720615184974
3,0.0,0.0,3.1232,27.837401612853103
3,0.0,0.0,3.1248,27.837081215767068
3,0.0,0.0,3.1264000000000003,27.83675942497552
3,0.0,0.0,3.128,27.83643624152637
3,0.0,0.0,3.1296,27.83611166646682
3,0.0,0.0,3.1312,27.83578570084332
3,0.0,0.0,3.1328,27.835458345701625
3,0.0,0.0,3.1344000000000003,27.835129602086738
3,0.0,0.0,3.136,27.83479947104296
3,0.0,0.0,3.1376,27.834467953613842
3,0.0,0.0,3.1392,27.834135050842235
3,0.0,0.0,3.1408,27.833800763770252
3,0.0,0.0,3.1424000000000003,27.833465093439283
3,0.0,0.0,3.144,27.833128040890003
3,0.0,0.0,3.1456,27.83278960716235
3,0.0,0.0,3.1472,27.83244979329555
3,0.0,0.0,3.1488,27.832108600328098
3,0.0,0.0,3.1504000000000003,27.83176602929777
3,0.0,0.0,3.152,27.83142208124163
3,0.0,0.0,3.1536,27.83107675719601
3,0.0,0.0,3.1552000000000002,27.830730058196515
3,0.0,0.0,3.1568,27.830381985278045
3,0.0,0.0,3.1584000000000003,27.830032539474768
3,0.0,0.0,3.16,27.829681721820126
3,0.0,0.0,3.1616,27.82932953334686
3,0.0,0.0,3.1632000000000002,27.828975975086973
3,0.0,0.0,3.1648,27.828621048071753
3,0.0,0.0,3.1664000000000003,27.828264753331787
3,0.0,0.0,3.168,27.827907091896908
3,0.0,0.0,3.1696,27.827548064796257
3,0.0,0.0,3.1712000000000002,27.82718767305825
3,0.0,0.0,3.1728,27.826825917710593
3,0.0,0.0,3.1744000000000003,27.826462799780256
3,0.0,0.0,3.176,27.826098320293497
3,0.0,0.0,3.1776,27.825732480275875
3,0.0,0.0,3.1792000000000002,27.825365280752212
3,0.0,0.0,3.1808,27.824996722746622
3,0.0,0.0,3.1824000000000003,27.824626807282502
3,0.0,0.0,3.184,27.824255535382537
3,0.0,0.0,3.1856,27.823882908068693
3,0.0,0.0,3.1872000000000003,27.823508926362212
3,0.0,0.0,3.1888,27.823133591283636
3,0.0,0.0,3.1904000000000003,27.822756903852788
3,0.0,0.0,3.192,27.822378865088776
3,0.0,0.0,3.1936,27.821999476009985
3,0.0,0.0,3.1952000000000003,27.821618737634104
3,0.0,0.0,3.1968,27.821236650978094
3,0.0,0.0,3.1984000000000004,27.820853217058215
3,0.0,0.0,3.2,27.820468436890003
3,0.0,0.0,3.2016,27.820082311488296
3,0.0,0.0,3.2032000000000003,27.819694841867207
3,0.0,0.0,3.2048,27.81930602904014
3,0.0,0.0,3.2064000000000004,27.818915874019787
3,0.0,0.0,3.208,27.818524377818143
3,0.0,0.0,3.2096,27.818131541446473
3,0.0,0.0,3.2112000000000003,27.81773736591534
3,0.0,0.0,3.2128,27.817341852234602
3,0.0,0.0,3.2144000000000004,27.816945001413398
3,0.0,0.0,3.216,27.81654681446016
3,0.0,0.0,3.2176,27.816147292382617
3,0.0,0.0,3.2192000000000003,27.815746436187787
3,0.0,0.0,3.2208,27.815344246881974
3,0.0,0.0,3.2224000000000004,27.814940725470784
3,0.0,0.0,3.224,27.8145358729591
3,0.0,0.0,3.2256,27.814129690351116
3,0.0,0.0,3.2272000000000003,27.81372217865031
3,0.0,0.0,3.2288,27.813313338859448
3,0.0,0.0,3.2304,27.812903171980597
3,0.0,0.0,3.232,27.812491679015114
3,0.0,0.0,3.2336,27.81207886096366
3,0.0,0.0,3.2352000000000003,27.81166471882617
3,0.0,0.0,3.2368,27.81124925360189
3,0.0,0.0,3.2384,27.81083246628937
3,0.0,0.0,3.24,27.810414357886426
3,0.0,0.0,3.2416,27.809994929390193
3,0.0,0.0,3.2432000000000003,27.809574181797103
3,0.0,0.0,3.2448,27.809152116102872
3,0.0,0.0,3.2464,27.808728733302516
3,0.0,0.0,3.248,27.808304034390357
3,0.0,0.0,3.2496,27.807878020360004
3,0.0,0.0,3.2512000000000003,27.807450692204366
3,0.0,0.0,3.2528,27.80702205091566
3,0.0,0.0,3.2544,27.80659209748538
3,0.0,0.0,3.2560000000000002,27.806160832904347
3,0.0,0.0,3.2576,27.80572825816266
3,0.0,0.0,3.2592000000000003,27.805294374249723
3,0.0,0.0,3.2608,27.80485918215424
3,0.0,0.0,3.2624,27.804422682864217
3,0.0,0.0,3.2640000000000002,27.803984877366958
3,0.0,0.0,3.2656,27.803545766649073
3,0.0,0.0,3.2672000000000003,27.803105351696463
3,0.0,0.0,3.2688,27.80266363349434
3,0.0,0.0,3.2704,27.802220613027213
3,0.0,0.0,3.2720000000000002,27.801776291278895
3,0.0,0.0,3.2736,27.801330669232502
3,0.0,0.0,3.2752000000000003,27.800883747870444
3,0.0,0.0,3.2768,27.800435528174443
3,0.0,0.0,3.2784,27.799986011125522
3,0.0,0.0,3.2800000000000002,27.799535197704017
3,0.0,0.0,3.2816,27.799083088889553
3,0.0,0.0,3.2832000000000003,27.798629685661062
3,0.0,0.0,3.2848,27.79817498899679
3,0.0,0.0,3.2864,27.79771899987428
3,0.0,0.0,3.2880000000000003,27.797261719270388
3,0.0,0.0,3.2896,27.79680314816126
3,0.0,0.0,3.2912000000000003,27.79634328752236
3,0.0,0.0,3.2928,27.795882138328462
3,0.0,0.0,3.2944,27.79541970155363
3,0.0,0.0,3.2960000000000003,27.79495597817126
3,0.0,0.0,3.2976,27.794490969154033
3,0.0,0.0,3.2992000000000004,27.79402467547395
3,0.0,0.0,3.3008,27.793557098102312
3,0.0,0.0,3.3024,27.793088238009727
3,0.0,0.0,3.3040000000000003,27.792618096166127
3,0.0,0.0,3.3056,27.792146673540742
3,0.0,0.0,3.3072000000000004,27.79167397110211
3,0.0,0.0,3.3088,27.791199989818075
3,0.0,0.0,3.3104,27.790724730655803
3,0.0,0.0,3.3120000000000003,27.79024819458176
3,0.0,0.0,3.3136,27.78977038256173
3,0.0,0.0,3.3152000000000004,27.789291295560805
3,0.0,0.0,3.3168,27.788810934543385
3,0.0,0.0,3.3184,27.788329300473176
3,0.0,0.0,3.3200000000000003,27.787846394313217
3,0.0,0.0,3.3216,27.787362217025834
3,0.0,0.0,3.3232000000000004,27.78687676957269
3,0.0,0.0,3.3248,27.786390052914744
3,0.0,0.0,3.3264,27.785902068012277
3,0.0,0.0,3.3280000000000003,27.785412815824873
3,0.0,0.0,3.3296,27.784922297311436
3,0.0,0.0,3.3312,27.784430513430188
3,0.0,0.0,3.3328,27.78393746513866
3,0.0,0.0,3.3344,27.7834431533937
3,0.0,0.0,3.3360000000000003,27.782947579151475
3,0.0,0.0,3.3376,27.782450743367463
3,0.0,0.0,3.3392,27.78195264699646
3,0.0,0.0,3.3408,27.781453290992577
3,0.0,0.0,3.3424,27.780952676309234
3,0.0,0.0,3.3440000000000003,27.780450803899186
3,0.0,0.0,3.3456,27.77994767471449
3,0.0,0.0,3.3472,27.779443289706524
3,0.0,0.0,3.3488,27.778937649825988
3,0.0,0.0,3.3504,27.778430756022896
3,0.0,0.0,3.3520000000000003,27.777922609246584
3,0.0,0.0,3.3536,27.777413210445708
3,0.0,0.0,3.3552,27.776902560568235
3,0.0,0.0,3.3568000000000002,27.776390660561457
3,0.0,0.0,3.3584,27.77587751137199
3,0.0,0.0,3.3600000000000003,27.775363113945758
3,0.0,0.0,3.3616,27.77484746922802
3,0.0,0.0,3.3632,27.77433057816335
3,0.0,0.0,3.3648000000000002,27.773812441695643
3,0.0,0.0,3.3664,27.77329306076811
3,0.0,0.0,3.3680000000000003,27.772772436323294
3,0.0,0.0,3.3696,27.772250569303054
3,0.0,0.0,3.3712,27.771727460648574
3,0.0,0.0,3.3728000000000002,27.77120311130036
3,0.0,0.0,3.3744,27.770677522198238
3,0.0,0.0,3.3760000000000003,27.770150694281362
3,0.0,0.0,3.3776,27.769622628488214
3,0.0,0.0,3.3792,27.769093325756586
3,0.0,0.0,3.3808000000000002,27.768562787023612
3,0.0,0.0,3.3824,27.76803101322574
3,0.0,0.0,3.3840000000000003,27.767498005298744
3,0.0,0.0,3.3856,27.766963764177728
3,0.0,0.0,3.3872,27.766428290797112
3,0.0,0.0,3.3888000000000003,27.765891586090657
3,0.0,0.0,3.3904,27.765353650991447
3,0.0,0.0,3.3920000000000003,27.76481448643188
3,0.0,0.0,3.3936,27.764274093343698
3,0.0,0.0,3.3952,27.763732472657953
3,0.0,0.0,3.3968000000000003,27.763189625305046
3,0.0,0.0,3.3984,27.762645552214693
3,0.0,0.0,3.4000000000000004,27.762100254315936
3,0.0,0.0,3.4016,27.761553732537152
3,0.0,0.0,3.4032,27.761005987806048
3,0.0,0.0,3.4048000000000003,27.760457021049664
3,0.0,0.0,3.4064,27.759906833194357
3,0.0,0.0,3.4080000000000004,27.759355425165825
3,0.0,0.0,3.4096,27.758802797889096
3,0.0,0.0,3.4112,27.75824895228853
3,0.0,0.0,3.4128000000000003,27.757693889287804
3,0.0,0.0,3.4144,27.757137609809945
3,0.0,0.0,3.4160000000000004,27.756580114777307
3,0.0,0.0,3.4176,27.756021405111568
3,0.0,0.0,3.4192,27.755461481733747
3,0.0,0.0,3.4208000000000003,27.754900345564195
3,0.0,0.0,3.4224,27.7543379975226
3,0.0,0.0,3.4240000000000004,27.753774438527977
3,0.0,0.0,3.4256,27.753209669498666
3,0.0,0.0,3.4272,27.752643691352365
3,0.0,0.0,3.4288000000000003,27.752076505006087
3,0.0,0.0,3.4304,27.75150811137619
3,0.0,0.0,3.4320000000000004,27.750938511378365
3,0.0,0.0,3.4336,27.750367705927644
3,0.0,0.0,3.4352,27.749795695938374
3,0.0,0.0,3.4368000000000003,27.74922248232427
3,0.0,0.0,3.4384,27.74864806599836
3,0.0,0.0,3.44,27.748072447873017
3,0.0,0.0,3.4416,27.747495628859948
3,0.0,0.0,3.4432,27.746917609870206
3,0.0,0.0,3.4448000000000003,27.74633839181417
3,0.0,0.0,3.4464,27.745757975601567
3,0.0,0.0,3.448,27.745176362141468
3,0.0,0.0,3.4496,27.74459355234227
3,0.0,0.0,3.4512,27.744009547111713
3,0.0,0.0,3.4528000000000003,27.74342434735688
3,0.0,0.0,3.4544,27.74283795398419
3,0.0,0.0,3.456,27.742250367899402
3,0.0,0.0,3.4576000000000002,27.741661590007627
3,0.0,0.0,3.4592,27.741071621213305
3,0.0,0.0,3.4608000000000003,27.740480462420223
3,0.0,0.0,3.4624,27.73988811453151
3,0.0,0.0,3.464,27.739294578449634
3,0.0,0.0,3.4656000000000002,27.738699855076405
3,0.0,0.0,3.4672,27.738103945312982
3,0.0,0.0,3.4688000000000003,27.73750685005986
3,0.0,0.0,3.4704,27.736908570216876
3,0.0,0.0,3.472,27.736309106683223
3,0.0,0.0,3.4736000000000002,27.735708460357426
3,0.0,0.0,3.4752,27.735106632137363
3,0.0,0.0,3.4768000000000003,27.73450362292025
3,0.0,0.0,3.4784,27.73389943360266
3,0.0,0.0,3.48,27.733294065080486
3,0.0,0.0,3.4816000000000003,27.732687518249
3,0.0,0.0,3.4832,27.7320797940028
3,0.0,0.0,3.4848000000000003,27.731470893235834
3,0.0,0.0,3.4864,27.730860816841396
3,0.0,0.0,3.488,27.730249565712132
3,0.0,0.0,3.4896000000000003,27.729637140740028
3,0.0,0.0,3.4912,27.729023542816428
3,0.0,0.0,3.4928000000000003,27.728408772832015
3,0.0,0.0,3.4944,27.727792831676826
3,0.0,0.0,3.496,27.727175720240247
3,0.0,0.0,3.4976000000000003,27.726557439411014
3,0.0,0.0,3.4992,27.725937990077202
3,0.0,0.0,3.5008000000000004,27.725317373126252
3,0.0,0.0,3.5024,27.72469558944495
3,0.0,0.0,3.504,27.724072639919424
3,0.0,0.0,3.5056000000000003,27.723448525435163
3,0.0,0.0,3.5072,27.722823246877002
3,0.0,0.0,3.5088000000000004,27.72219680512913
3,0.0,0.0,3.5104,27.72156920107509
3,0.0,0.0,3.512,27.72094043559778
3,0.0,0.0,3.5136000000000003,27.72031050957944
3,0.0,0.0,3.5152,27.71967942390167
3,0.0,0.0,3.5168000000000004,27.719047179445425
3,0.0,0.0,3.5184,27.718413777091005
3,0.0,0.0,3.52,27.71777921771808
3,0.0,0.0,3.5216000000000003,27.717143502205655
3,0.0,0.0,3.5232,27.71650663143211
3,0.0,0.0,3.5248000000000004,27.715868606275162
3,0.0,0.0,3.5264,27.715229427611895
3,0.0,0.0,3.528,27.714589096318743
3,0.0,0.0,3.5296000000000003,27.713947613271507
3,0.0,0.0,3.5312,27.713304979345324
3,0.0,0.0,3.5328000000000004,27.712661195414704
3,0.0,0.0,3.5344,27.71201626235351
3,0.0,0.0,3.536,27.711370181034965
3,0.0,0.0,3.5376000000000003,27.71072295233165
3,0.0,0.0,3.5392,27.710074577115495
3,0.0,0.0,3.5408000000000004,27.709425056257796
3,0.0,0.0,3.5424,27.708774390629213
3,0.0,0.0,3.544,27.708122581099754
3,0.0,0.0,3.5456000000000003,27.7074696285388
3,0.0,0.0,3.5472,27.70681553381507
3,0.0,0.0,3.5488,27.706160297796668
3,0.0,0.0,3.5504000000000002,27.70550392135105
3,0.0,0.0,3.552,27.704846405345016
3,0.0,0.0,3.5536000000000003,27.70418775064476
3,0.0,0.0,3.5552,27.703527958115806
3,0.0,0.0,3.5568,27.702867028623068
3,0.0,0.0,3.5584000000000002,27.7022049630308
3,0.0,0.0,3.56,27.701541762202623
3,0.0,0.0,3.5616000000000003,27.700877427001533
3,0.0,0.0,3.5632,27.700211958289877
3,0.0,0.0,3.5648,27.69954535692937
3,0.0,0.0,3.5664000000000002,27.698877623781094
3,0.0,0.0,3.568,27.69820875970549
3,0.0,0.0,3.5696000000000003,27.69753876556237
3,0.0,0.0,3.5712,27.6968676422109
3,0.0,0.0,3.5728,27.69619539050963
3,0.0,0.0,3.5744000000000002,27.69552201131645
3,0.0,0.0,3.576,27.694847505488646
3,0.0,0.0,3.5776000000000003,27.694171873882844
3,0.0,0.0,3.5792,27.693495117355056
3,0.0,0.0,3.5808,27.692817236760646
3,0.0,0.0,3.5824000000000003,27.692138232954356
3,0.0,0.0,3.584,27.691458106790293
3,0.0,0.0,3.5856000000000003,27.69077685912193
3,0.0,0.0,3.5872,27.690094490802114
3,0.0,0.0,3.5888,27.689411002683055
3,0.0,0.0,3.5904000000000003,27.688726395616335
3,0.0,0.0,3.592,27.688040670452903
3,0.0,0.0,3.5936000000000003,27.687353828043083
3,0.0,0.0,3.5952,27.68666586923656
3,0.0,0.0,3.5968,27.685976794882404
3,0.0,0.0,3.5984000000000003,27.685286605829045
3,0.0,0.0,3.6,27.684595302924286
3,0.0,0.0,3.6016000000000004,27.6839028870153
3,0.0,0.0,3.6032,27.683209358948634
3,0.0,0.0,3.6048,27.682514719570214
3,0.0,0.0,3.6064000000000003,27.68181896972533
3,0.0,0.0,3.608,27.681122110258652
3,0.0,0.0,3.6096000000000004,27.680424142014207
3,0.0,0.0,3.6112,27.679725065835417
3,0.0,0.0,3.6128,27.679024882565063
3,0.0,0.0,3.6144000000000003,27.678323593045306
3,0.0,0.0,3.616,27.677621198117688
3,0.0,0.0,3.6176000000000004,27.676917698623114
3,0.0,0.0,3.6192,27.676213095401874
3,0.0,0.0,3.6208,27.67550738929363
3,0.0,0.0,3.6224000000000003,27.674800581137422
3,0.0,0.0,3.624,27.674092671771657
3,0.0,0.0,3.6256000000000004,27.67338366203413
3,0.0,0.0,3.6272,27.672673552762017
3,0.0,0.0,3.6288,27.67196234479185
3,0.0,0.0,3.6304000000000003,27.67125003895956
3,0.0,0.0,3.632,27.670536636100447
3,0.0,0.0,3.6336000000000004,27.669822137049195
3,0.0,0.0,3.6352,27.669106542639863
3,0.0,0.0,3.6368,27.66838985370589
3,0.0,0.0,3.6384000000000003,27.66767207108009
3,0.0,0.0,3.64,27.666953195594665
3,0.0,0.0,3.6416000000000004,27.666233228081193
3,0.0,0.0,3.6432,27.66551216937063
3,0.0,0.0,3.6448,27.664790020293314
3,0.0,0.0,3.6464000000000003,27.66406678167897
3,0.0,0.0,3.648,27.663342454356695
3,0.0,0.0,3.6496,27.66261703915498
3,0.0,0.0,3.6512000000000002,27.661890536901694
3,0.0,0.0,3.6528,27.661162948424078
3,0.0,0.0,3.6544000000000003,27.660434274548773
3,0.0,0.0,3.656,27.659704516101787
3,0.0,0.0,3.6576,27.658973673908527
3,0.0,0.0,3.6592000000000002,27.65824174879377
3,0.0,0.0,3.6608,27.65750874158169
3,0.0,0.0,3.6624000000000003,27.656774653095837
3,0.0,0.0,3.664,27.656039484159148
3,0.0,0.0,3.6656,27.655303235593948
3,0.0,0.0,3.6672000000000002,27.654565908221937
3,0.0,0.0,3.6688,27.65382750286422
3,0.0,0.0,3.6704000000000003,27.65308802034128
3,0.0,0.0,3.672,27.652347461472974
3,0.0,0.0,3.6736,27.651605827078573
3,0.0,0.0,3.6752000000000002,27.650863117976705
3,0.0,0.0,3.6768,27.65011933498541
3,0.0,0.0,3.6784000000000003,27.649374478922102
3,0.0,0.0,3.68,27.648628550603586
3,0.0,0.0,3.6816,27.64788155084607
3,0.0,0.0,3.6832000000000003,27.647133480465122
3,0.0,0.0,3.6848,27.646384340275734
3,0.0,0.0,3.6864000000000003,27.64563413109226
3,0.0,0.0,3.688,27.64488285372846
3,0.0,0.0,3.6896,27.64413050899748
3,0.0,0.0,3.6912000000000003,27.64337709771185
3,0.0,0.0,3.6928,27.6426226206835
3,0.0,0.0,3.6944000000000004,27.641867078723756
3,0.0,0.0,3.696,27.641110472643323
3,0.0,0.0,3.6976,27.640352803252306
3,0.0,0.0,3.6992000000000003,27.639594071360204
3,0.0,0.0,3.7008,27.638834277775903
3,0.0,0.0,3.7024000000000004,27.638073423307688
3,0.0,0.0,3.704,27.637311508763236
3,0.0,0.0,3.7056,27.63654853494961
3,0.0,0.0,3.7072000000000003,27.635784502673285
3,0.0,0.0,3.7088,27.635019412740114
3,0.0,0.0,3.7104000000000004,27.63425326595535
3,0.0,0.0,3.712,27.63348606312365
3,0.0,0.0,3.7136,27.632717805049055
3,0.0,0.0,3.7152000000000003,27.63194849253501
3,0.0,0.0,3.7168,27.63117812638435
3,0.0,0.0,3.7184000000000004,27.630406707399302
3,0.0,0.0,3.72,27.629634236381513
3,0.0,0.0,3.7216,27.628860714132006
3,0.0,0.0,3.7232000000000003,27.628086141451206
3,0.0,0.0,3.7248,27.627310519138945
3,0.0,0.0,3.7264000000000004,27.626533847994438
3,0.0,0.0,3.728,27.625756128816313
3,0.0,0.0,3.7296,27.624977362402596
3,0.0,0.0,3.7312000000000003,27.624197549550704
3,0.0,0.0,3.7328,27.62341669105746
3,0.0,0.0,3.7344000000000004,27.622634787719083
3,0.0,0.0,3.736,27.621851840331196
3,0.0,0.0,3.7376,27.621067849688824
3,0.0,0.0,3.7392000000000003,27.620282816586393
3,0.0,0.0,3.7408,27.61949674181772
3,0.0,0.0,3.7424000000000004,27.618709626176045
3,0.0,0.0,3.744,27.617921470453993
3,0.0,0.0,3.7456,27.617132275443595
3,0.0,0.0,3.7472000000000003,27.616342041936292
3,0.0,0.0,3.7488,27.615550770722923
3,0.0,0.0,3.7504000000000004,27.614758462593723
3,0.0,0.0,3.7520000000000002,27.61396511833834
3,0.0,0.0,3.7536,27.613170738745833
3,0.0,0.0,3.7552000000000003,27.612375324604656
3,0.0,0.0,3.7568,27.611578876702666
3,0.0,0.0,3.7584,27.610781395827136
3,0.0,0.0,3.7600000000000002,27.60998288276473
3,0.0,0.0,3.7616,27.60918333830153
3,0.0,0.0,3.7632000000000003,27.608382763223023
3,0.0,0.0,3.7648,27.60758115831409
3,0.0,0.0,3.7664,27.606778524359047
3,0.0,0.0,3.7680000000000002,27.605974862141586
3,0.0,0.0,3.7696,27.60517017244483
3,0.0,0.0,3.7712000000000003,27.604364456051297
3,0.0,0.0,3.7728,27.603557713742916
3,0.0,0.0,3.7744,27.602749946301024
3,0.0,0.0,3.7760000000000002,27.601941154506374
3,0.0,0.0,3.7776,27.601131339139123
3,0.0,0.0,3.7792000000000003,27.600320500978835
3,0.0,0.0,3.7808,27.599508640804498
3,0.0,0.0,3.7824,27.59869575939449
3,0.0,0.0,3.7840000000000003,27.597881857526623
3,0.0,0.0,3.7856,27.597066935978095
3,0.0,0.0,3.7872000000000003,27.59625099552553
3,0.0,0.0,3.7888,27.595434036944965
3,0.0,0.0,3.7904,27.59461606101185
3,0.0,0.0,3.7920000000000003,27.593797068501036
3,0.0,0.0,3.7936,27.5929770601868
3,0.0,0.0,3.7952000000000004,27.59215603684283
3,0.0,0.0,3.7968,27.591333999242224
3,0.0,0.0,3.7984,27.590510948157487
3,0.0,0.0,3.8000000000000003,27.589686884360557
3,0.0,0.0,3.8016,27.588861808622774
3,0.0,0.0,3.8032000000000004,27.588035721714892
3,0.0,0.0,3.8048,27.587208624407083
3,0.0,0.0,3.8064,27.586380517468935
3,0.0,0.0,3.8080000000000003,27.585551401669456
3,0.0,0.0,3.8096,27.584721277777064
3,0.0,0.0,3.8112000000000004,27.583890146559593
3,0.0,0.0,3.8128,27.583058008784302
3,0.0,0.0,3.8144,27.582224865217864
3,0.0,0.0,3.8160000000000003,27.581390716626366
3,0.0,0.0,3.8176,27.580555563775317
3,0.0,0.0,3.8192000000000004,27.57971940742964
3,0.0,0.0,3.8208,27.578882248353683
3,0.0,0.0,3.8224,27.578044087311206
3,0.0,0.0,3.8240000000000003,27.577204925065402
3,0.0,0.0,3.8256,27.576364762378866
3,0.0,0.0,3.8272000000000004,27.575523600013618
3,0.0,0.0,3.8288,27.57468143873111
3,0.0,0.0,3.8304,27.573838279292207
3,0.0,0.0,3.8320000000000003,27.572994122457196
3,0.0,0.0,3.8336,27.572148968985783
3,0.0,0.0,3.8352000000000004,27.571302819637094
3,0.0,0.0,3.8368,27.570455675169683
3,0.0,0.0,3.8384,27.569607536341525
3,0.0,0.0,3.8400000000000003,27.568758403910017
3,0.0,0.0,3.8416,27.567908278631975
3,0.0,0.0,3.8432000000000004,27.56705716126365
3,0.0,0.0,3.8448,27.56620505256071
3,0.0,0.0,3.8464,27.565351953278245
3,0.0,0.0,3.8480000000000003,27.56449786417077
3,0.0,0.0,3.8496,27.563642785992233
3,0.0,0.0,3.8512000000000004,27.562786719495996
3,0.0,0.0,3.8528000000000002,27.561929665434853
3,0.0,0.0,3.8544,27.561071624561023
3,0.0,0.0,3.8560000000000003,27.560212597626148
3,0.0,0.0,3.8576,27.559352585381305
3,0.0,0.0,3.8592,27.55849158857699
3,0.0,0.0,3.8608000000000002,27.557629607963133
3,0.0,0.0,3.8624,27.55676664428908
3,0.0,0.0,3.8640000000000003,27.55590269830363
3,0.0,0.0,3.8656,27.55503777075498
3,0.0,0.0,3.8672,27.554171862390767
3,0.0,0.0,3.8688000000000002,27.553304973958067
3,0.0,0.0,3.8704,27.55243710620337
3,0.0,0.0,3.8720000000000003,27.551568259872614
3,0.0,0.0,3.8736,27.550698435711148
3,0.0,0.0,3.8752,27.54982763446376
3,0.0,0.0,3.8768000000000002,27.548955856874674
3,0.0,0.0,3.8784,27.54808310368754
3,0.0,0.0,3.8800000000000003,27.547209375645437
3,0.0,0.0,3.8816,27.546334673490875
3,0.0,0.0,3.8832,27.545458997965806
3,0.0,0.0,3.8848000000000003,27.5445823498116
3,0.0,0.0,3.8864,27.543704729769072
3,0.0,0.0,3.8880000000000003,27.54282613857847
3,0.0,0.0,3.8896,27.541946576979466
3,0.0,0.0,3.8912,27.541066045711172
3,0.0,0.0,3.8928000000000003,27.540184545512137
3,0.0,0.0,3.8944,27.539302077120333
3,0.0,0.0,3.8960000000000004,27.538418641273182
3,0.0,0.0,3.8976,27.53753423870753
3,0.0,0.0,3.8992,27.536648870159667
3,0.0,0.0,3.9008000000000003,27.53576253636531
3,0.0,0.0,3.9024,27.53487523805962
3,0.0,0.0,3.9040000000000004,27.533986975977193
3,0.0,0.0,3.9056,27.533097750852058
3,0.0,0.0,3.9072,27.532207563417682
3,0.0,0.0,3.9088000000000003,27.53131641440697
3,0.0,0.0,3.9104,27.53042430455227
3,0.0,0.0,3.9120000000000004,27.529531234585367
3,0.0,0.0,3.9136,27.528637205237477
3,0.0,0.0,3.9152,27.527742217239258
3,0.0,0.0,3.9168000000000003,27.52684627132082
3,0.0,0.0,3.9184,27.52594936821169
3,0.0,0.0,3.9200000000000004,27.52505150864085
3,0.0,0.0,3.9216,27.524152693336728
3,0.0,0.0,3.9232,27.523252923027172
3,0.0,0.0,3.9248000000000003,27.522352198439492
3,0.0,0.0,3.9264,27.521450520300423
3,0.0,0.0,3.9280000000000004,27.520547889336154
3,0.0,0.0,3.9296,27.519644306272312
3,0.0,0.0,3.9312,27.51873977183396
3,0.0,0.0,3.9328000000000003,27.517834286745618
3,0.0,0.0,3.9344,27.516927851731236
3,0.0,0.0,3.9360000000000004,27.516020467514203
3,0.0,0.0,3.9376,27.51511213481737
3,0.0,0.0,3.9392,27.514202854363027
3,0.0,0.0,3.9408000000000003,27.513292626872897
3,0.0,0.0,3.9424,27.512381453068155
3,0.0,0.0,3.9440000000000004,27.51146933366942
3,0.0,0.0,3.9456,27.51055626939676
3,0.0,0.0,3.9472,27.509642260969684
3,0.0,0.0,3.9488000000000003,27.508727309107147
3,0.0,0.0,3.9504,27.50781141452756
3,0.0,0.0,3.9520000000000004,27.506894577948767
3,0.0,0.0,3.9536000000000002,27.505976800088067
3,0.0,0.0,3.9552,27.505058081662206
3,0.0,0.0,3.9568000000000003,27.50413842338737
3,0.0,0.0,3.9584,27.503217825979213
3,0.0,0.0,3.9600000000000004,27.502296290152813
3,0.0,0.0,3.9616000000000002,27.501373816622714
3,0.0,0.0,3.9632,27.5004504061029
3,0.0,0.0,3.9648000000000003,27.49952605930681
3,0.0,0.0,3.9664,27.49860077694733
3,0.0,0.0,3.968,27.4976745597368
3,0.0,0.0,3.9696000000000002,27.496747408387
3,0.0,0.0,3.9712,27.49581932360918
3,0.0,0.0,3.9728000000000003,27.494890306114016
3,0.0,0.0,3.9744,27.493960356611655
3,0.0,0.0,3.976,27.493029475811692
3,0.0,0.0,3.9776000000000002,27.49209766442317
3,0.0,0.0,3.9792,27.491164923154592
3,0.0,0.0,3.9808000000000003,27.4902312527139
3,0.0,0.0,3.9824,27.489296653808502
3,0.0,0.0,3.984,27.488361127145257
3,0.0,0.0,3.9856000000000003,27.48742467343047
3,0.0,0.0,3.9872,27.486487293369912
3,0.0,0.0,3.9888000000000003,27.485548987668803
3,0.0,0.0,3.9904,27.484609757031816
3,0.0,0.0,3.992,27.483669602163083
3,0.0,0.0,3.9936000000000003,27.482728523766184
3,0.0,0.0,3.9952,27.48178652254417
3,0.0,0.0,3.9968000000000004,27.480843599199535
3,0.0,0.0,3.9984,27.479899754434232
3,0.0,0.0,4.0,27.478954988949674
3,0.0,0.0,4.0016,27.478009303446726
3,0.0,0.0,4.0032000000000005,27.477062698625716
3,0.0,0.0,4.0048,27.476115175186433
3,0.0,0.0,4.0064,27.475166733828118
3,0.0,0.0,4.008,27.474217375249474
3,0.0,0.0,4.0096,27.473267100148657
3,0.0,0.0,4.0112000000000005,27.472315909223287
3,0.0,0.0,4.0128,27.471363803170444
3,0.0,0.0,4.0144,27.470410782686667
3,0.0,0.0,4.016,27.469456848467956
3,0.0,0.0,4.0176,27.468502001209774
3,0.0,0.0,4.0192000000000005,27.46754624160704
3,0.0,0.0,4.0208,27.46658957035413
3,0.0,0.0,4.0224,27.4656319881449
3,0.0,0.0,4.024,27.464673495672645
3,0.0,0.0,4.0256,27.46371409363014
3,0.0,0.0,4.027200000000001,27.462753782709616
3,0.0,0.0,4.0288,27.461792563602764
3,0.0,0.0,4.0304,27.460830437000745
3,0.0,0.0,4.032,27.459867403594174
3,0.0,0.0,4.0336,27.458903464073142
3,0.0,0.0,4.035200000000001,27.457938619127194
3,0.0,0.0,4.0368,27.456972869445355
3,0.0,0.0,4.0384,27.45600621571609
3,0.0,0.0,4.04,27.45503865862735
3,0.0,0.0,4.0416,27.454070198866546
3,0.0,0.0,4.043200000000001,27.45310083712055
3,0.0,0.0,4.0448,27.452130574075714
3,0.0,0.0,4.0464,27.451159410417834
3,0.0,0.0,4.048,27.450187346832195
3,0.0,0.0,4.0496,27.44921438400354
3,0.0,0.0,4.051200000000001,27.44824052261608
3,0.0,0.0,4.0528,27.44726576335349
3,0.0,0.0,4.0544,27.446290106898918
3,0.0,0.0,4.056,27.445313553934987
3,0.0,0.0,4.0576,27.444336105143776
3,0.0,0.0,4.059200000000001,27.443357761206848
3,0.0,0.0,4.0608,27.442378522805218
3,0.0,0.0,4.0624,27.441398390619387
3,0.0,0.0,4.064,27.440417365329317
3,0.0,0.0,4.0656,27.43943544761444
3,0.0,0.0,4.067200000000001,27.43845263815367
3,0.0,0.0,4.0688,27.437468937625383
3,0.0,0.0,4.0704,27.43648434670743
3,0.0,0.0,4.072,27.43549886607713
3,0.0,0.0,4.0736,27.434512496411273
3,0.0,0.0,4.075200000000001,27.433525238386135
3,0.0,0.0,4.0768,27.432537092677453
3,0.0,0.0,4.0784,27.431548059960438
3,0.0,0.0,4.08,27.430558140909778
3,0.0,0.0,4.0816,27.42956733619963
3,0.0,0.0,4.083200000000001,27.428575646503635
3,0.0,0.0,4.0848,27.427583072494905
3,0.0,0.0,4.0864,27.426589614846026
3,0.0,0.0,4.088,27.425595274229053
3,0.0,0.0,4.0896,27.42460005131552
3,0.0,0.0,4.091200000000001,27.423603946776442
3,0.0,0.0,4.0928,27.422606961282312
3,0.0,0.0,4.0944,27.421609095503094
3,0.0,0.0,4.096,27.42061035010823
3,0.0,0.0,4.0976,27.41961072576664
3,0.0,0.0,4.099200000000001,27.418610223146718
3,0.0,0.0,4.1008000000000004,27.417608842916344
3,0.0,0.0,4.1024,27.41660658574287
3,0.0,0.0,4.104,27.415603452293126
3,0.0,0.0,4.1056,27.41459944323343
3,0.0,0.0,4.107200000000001,27.41359455922957
3,0.0,0.0,4.1088000000000005,27.41258880094681
3,0.0,0.0,4.1104,27.41158216904991
3,0.0,0.0,4.112,27.410574664203104
3,0.0,0.0,4.1136,27.409566287070096
3,0.0,0.0,4.115200000000001,27.408557038314083
3,0.0,0.0,4.1168000000000005,27.40754691859774
3,0.0,0.0,4.1184,27.406535928583214
3,0.0,0.0,4.12,27.405524068932152
3,0.0,0.0,4.1216,27.404511340305675
3,0.0,0.0,4.1232,27.40349774336438
3,0.0,0.0,4.1248000000000005,27.40248327876836
3,0.0,0.0,4.1264,27.401467947177185
3,0.0,0.0,4.128,27.400451749249896
3,0.0,0.0,4.1296,27.399434685645037
3,0.0,0.0,4.1312,27.398416757020634
3,0.0,0.0,4.1328000000000005,27.397397964034187
3,0.0,0.0,4.1344,27.39637830734269
3,0.0,0.0,4.136,27.39535778760262
3,0.0,0.0,4.1376,27.39433640546994
3,0.0,0.0,4.1392,27.3933141616001
3,0.0,0.0,4.1408000000000005,27.392291056648023
3,0.0,0.0,4.1424,27.39126709126814
3,0.0,0.0,4.144,27.390242266114356
3,0.0,0.0,4.1456,27.38921658184007
3,0.0,0.0,4.1472,27.388190039098156
3,0.0,0.0,4.1488000000000005,27.387162638540996
3,0.0,0.0,4.1504,27.386134380820444
3,0.0,0.0,4.152,27.38510526658785
3,0.0,0.0,4.1536,27.38407529649405
3,0.0,0.0,4.1552,27.38304447118937
3,0.0,0.0,4.1568000000000005,27.382012791323618
3,0.0,0.0,4.1584,27.38098025754611
3,0.0,0.0,4.16,27.379946870505645
3,0.0,0.0,4.1616,27.378912630850497
3,0.0,0.0,4.1632,27.377877539228454
3,0.0,0.0,4.1648000000000005,27.376841596286777
3,0.0,0.0,4.1664,27.37580480267223
3,0.0,0.0,4.168,27.37476715903107
3,0.0,0.0,4.1696,27.373728666009036
3,0.0,0.0,4.1712,27.372689324251365
3,0.0,0.0,4.1728000000000005,27.371649134402787
3,0.0,0.0,4.1744,27.370608097107528
3,0.0,0.0,4.176,27.369566213009303
3,0.0,0.0,4.1776,27.368523482751325
3,0.0,0.0,4.1792,27.3674799069763
3,0.0,0.0,4.1808000000000005,27.366435486326424
3,0.0,0.0,4.1824,27.365390221443388
3,0.0,0.0,4.184,27.364344112968393
3,0.0,0.0,4.1856,27.36329716154211
3,0.0,0.0,4.1872,27.362249367804733
3,0.0,0.0,4.1888000000000005,27.36120073239593
3,0.0,0.0,4.1904,27.36015125595488
3,0.0,0.0,4.192,27.359100939120246
3,0.0,0.0,4.1936,27.35804978253021
3,0.0,0.0,4.1952,27.356997786822426
3,0.0,0.0,4.1968000000000005,27.355944952634058
3,0.0,0.0,4.1984,27.354891280601766
3,0.0,0.0,4.2,27.353836771361717
3,0.0,0.0,4.2016,27.352781425549562
3,0.0,0.0,4.2032,27.35172524380046
3,0.0,0.0,4.2048000000000005,27.350668226749065
3,0.0,0.0,4.2064,27.349610375029545
3,0.0,0.0,4.208,27.348551689275553
3,0.0,0.0,4.2096,27.34749217012024
3,0.0,0.0,4.2112,27.346431818196265
3,0.0,0.0,4.2128000000000005,27.34537063413579
3,0.0,0.0,4.2144,27.34430861857048
3,0.0,0.0,4.216,27.343245772131485
3,0.0,0.0,4.2176,27.34218209544948
3,0.0,0.0,4.2192,27.34111758915463
3,0.0,0.0,4.2208000000000006,27.340052253876603
3,0.0,0.0,4.2224,27.33898609024457
3,0.0,0.0,4.224,27.337919098887212
3,0.0,0.0,4.2256,27.336851280432708
3,0.0,0.0,4.2272,27.335782635508735
3,0.0,0.0,4.228800000000001,27.334713164742485
3,0.0,0.0,4.2304,27.33364286876065
3,0.0,0.0,4.232,27.33257174818943
3,0.0,0.0,4.2336,27.331499803654527
3,0.0,0.0,4.2352,27.330427035781142
3,0.0,0.0,4.236800000000001,27.329353445194002
3,0.0,0.0,4.2384,27.32827903251732
3,0.0,0.0,4.24,27.327203798374825
3,0.0,0.0,4.2416,27.326127743389755
3,0.0,0.0,4.2432,27.325050868184846
3,0.0,0.0,4.244800000000001,27.32397317338235
3,0.0,0.0,4.2464,27.322894659604025
3,0.0,0.0,4.248,27.321815327471132
3,0.0,0.0,4.2496,27.320735177604448
3,0.0,0.0,4.2512,27.319654210624254
3,0.0,0.0,4.252800000000001,27.31857242715034
3,0.0,0.0,4.2544,27.317489827802017
3,0.0,0.0,4.256,27.316406413198088
3,0.0,0.0,4.2576,27.315322183956877
3,0.0,0.0,4.2592,27.31423714069621
3,0.0,0.0,4.260800000000001,27.313151284033438
3,0.0,0.0,4.2624,27.312064614585413
3,0.0,0.0,4.264,27.3109771329685
3,0.0,0.0,4.2656,27.30988883979857
3,0.0,0.0,4.2672,27.308799735691025
3,0.0,0.0,4.268800000000001,27.307709821260758
3,0.0,0.0,4.2704,27.30661909712218
3,0.0,0.0,4.272,27.305527563889232
3,0.0,0.0,4.2736,27.304435222175343
3,0.0,0.0,4.2752,27.303342072593466
3,0.0,0.0,4.276800000000001,27.30224811575608
3,0.0,0.0,4.2784,27.301153352275158
3,0.0,0.0,4.28,27.300057782762202
3,0.0,0.0,4.2816,27.29896140782823
3,0.0,0.0,4.2832,27.29786422808376
3,0.0,0.0,4.284800000000001,27.296766244138844
3,0.0,0.0,4.2864,27.295667456603034
3,0.0,0.0,4.288,27.294567866085412
3,0.0,0.0,4.2896,27.293467473194568
3,0.0,0.0,4.2912,27.292366278538612
3,0.0,0.0,4.292800000000001,27.291264282725173
3,0.0,0.0,4.2944,27.29016148636139
3,0.0,0.0,4.296,27.28905789005393
3,0.0,0.0,4.2976,27.28795349440897
3,0.0,0.0,4.2992,27.28684830003221
3,0.0,0.0,4.300800000000001,27.285742307528864
3,0.0,0.0,4.3024000000000004,27.284635517503673
3,0.0,0.0,4.304,27.283527930560894
3,0.0,0.0,4.3056,27.282419547304304
3,0.0,0.0,4.3072,27.2813103683372
3,0.0,0.0,4.308800000000001,27.28020039426239
3,0.0,0.0,4.3104000000000005,27.27908962568222
3,0.0,0.0,4.312,27.277978063198546
3,0.0,0.0,4.3136,27.27686570741275
3,0.0,0.0,4.3152,27.275752558925728
3,0.0,0.0,4.316800000000001,27.27463861833791
3,0.0,0.0,4.3184000000000005,27.273523886249244
3,0.0,0.0,4.32,27.272408363259192
3,0.0,0.0,4.3216,27.27129204996675
3,0.0,0.0,4.3232,27.270174946970428
3,0.0,0.0,4.324800000000001,27.26905705486827
3,0.0,0.0,4.3264000000000005,27.267938374257838
3,0.0,0.0,4.328,27.26681890573622
3,0.0,0.0,4.3296,27.265698649900024
3,0.0,0.0,4.3312,27.264577607345387
3,0.0,0.0,4.332800000000001,27.263455778667975
3,0.0,0.0,4.3344000000000005,27.262333164462966
3,0.0,0.0,4.336,27.26120976532508
3,0.0,0.0,4.3376,27.26008558184856
3,0.0,0.0,4.3392,27.258960614627167
3,0.0,0.0,4.3408,27.257834864254196
3,0.0,0.0,4.3424000000000005,27.25670833132246
3,0.0,0.0,4.344,27.255581016424316
3,0.0,0.0,4.3456,27.254452920151635
3,0.0,0.0,4.3472,27.253324043095816
3,0.0,0.0,4.3488,27.252194385847794
3,0.0,0.0,4.3504000000000005,27.25106394899803
3,0.0,0.0,4.352,27.249932733136514
3,0.0,0.0,4.3536,27.248800738852758
3,0.0,0.0,4.3552,27.24766796673582
3,0.0,0.0,4.3568,27.246534417374267
3,0.0,0.0,4.3584000000000005,27.245400091356217
3,0.0,0.0,4.36,27.244264989269308
3,0.0,0.0,4.3616,27.243129111700704
3,0.0,0.0,4.3632,27.24199245923711
3,0.0,0.0,4.3648,27.240855032464765
3,0.0,0.0,4.3664000000000005,27.239716831969425
3,0.0,0.0,4.368,27.238577858336384
3,0.0,0.0,4.3696,27.23743811215048
3,0.0,0.0,4.3712,27.236297593996067
3,0.0,0.0,4.3728,27.235156304457053
3,0.0,0.0,4.3744000000000005,27.23401424411686
3,0.0,0.0,4.376,27.232871413558446
3,0.0,0.0,4.3776,27.231727813364316
3,0.0,0.0,4.3792,27.23058344411649
3,0.0,0.0,4.3808,27.229438306396542
3,0.0,0.0,4.3824000000000005,27.228292400785573
3,0.0,0.0,4.384,27.22714572786422
3,0.0,0.0,4.3856,27.22599828821265
3,0.0,0.0,4.3872,27.224850082410576
3,0.0,0.0,4.3888,27.223701111037233
3,0.0,0.0,4.3904000000000005,27.22255137467141
3,0.0,0.0,4.392,27.221400873891422
3,0.0,0.0,4.3936,27.22024960927513
3,0.0,0.0,4.3952,27.21909758139991
3,0.0,0.0,4.3968,27.217944790842708
3,0.0,0.0,4.3984000000000005,27.21679123817999
3,0.0,0.0,4.4,27.215636923987756
3,0.0,0.0,4.4016,27.214481848841555
3,0.0,0.0,4.4032,27.21332601331647
3,0.0,0.0,4.4048,27.212169417987127
3,0.0,0.0,4.4064000000000005,27.21101206342769
3,0.0,0.0,4.408,27.209853950211865
3,0.0,0.0,4.4096,27.20869507891289
3,0.0,0.0,4.4112,27.207535450103553
3,0.0,0.0,4.4128,27.20637506435618
3,0.0,0.0,4.4144000000000005,27.20521392224264
3,0.0,0.0,4.416,27.204052024334334
3,0.0,0.0,4.4176,27.202889371202225
3,0.0,0.0,4.4192,27.201725963416802
3,0.0,0.0,4.4208,27.200561801548094
3,0.0,0.0,4.4224000000000006,27.19939688616568
3,0.0,0.0,4.424,27.19823121783869
3,0.0,0.0,4.4256,27.197064797135777
3,0.0,0.0,4.4272,27.19589762462516
3,0.0,0.0,4.4288,27.194729700874586
3,0.0,0.0,4.430400000000001,27.19356102645135
3,0.0,0.0,4.432,27.192391601922296
3,0.0,0.0,4.4336,27.19122142785381
3,0.0,0.0,4.4352,27.19005050481183
3,0.0,0.0,4.4368,27.18887883336183
3,0.0,0.0,4.438400000000001,27.187706414068835
3,0.0,0.0,4.44,27.18653324749741
3,0.0,0.0,4.4416,27.18535933421167
3,0.0,0.0,4.4432,27.184184674775288
3,0.0,0.0,4.4448,27.18300926975147
3,0.0,0.0,4.446400000000001,27.181833119702972
3,0.0,0.0,4.448,27.180656225192102
3,0.0,0.0,4.4496,27.179478586780714
3,0.0,0.0,4.4512,27.17830020503021
3,0.0,0.0,4.4528,27.17712108050154
3,0.0,0.0,4.454400000000001,27.175941213755202
3,0.0,0.0,4.456,27.17476060535125
3,0.0,0.0,4.4576,27.173579255849283
3,0.0,0.0,4.4592,27.172397165808455
3,0.0,0.0,4.4608,27.17121433578745
3,0.0,0.0,4.462400000000001,27.17003076634453
3,0.0,0.0,4.464,27.168846458037496
3,0.0,0.0,4.4656,27.16766141142369
3,0.0,0.0,4.4672,27.16647562706003
3,0.0,0.0,4.4688,27.165289105502964
3,0.0,0.0,4.470400000000001,27.164101847308498
3,0.0,0.0,4.472,27.16291385303219
3,0.0,0.0,4.4736,27.161725123229164
3,0.0,0.0,4.4752,27.160535658454073
3,0.0,0.0,4.4768,27.159345459261143
3,0.0,0.0,4.478400000000001,27.158154526204143
3,0.0,0.0,4.48,27.156962859836405
3,0.0,0.0,4.4816,27.155770460710805
3,0.0,0.0,4.4832,27.15457732937978
3,0.0,0.0,4.4848,27.15338346639532
3,0.0,0.0,4.486400000000001,27.152188872308972
3,0.0,0.0,4.488,27.150993547671835
3,0.0,0.0,4.4896,27.14979749303457
3,0.0,0.0,4.4912,27.148600708947384
3,0.0,0.0,4.4928,27.147403195960052
3,0.0,0.0,4.494400000000001,27.146204954621897
3,0.0,0.0,4.496,27.145005985481802
3,0.0,0.0,4.4976,27.14380628908821
3,0.0,0.0,4.4992,27.14260586598912
3,0.0,0.0,4.5008,27.141404716732083
3,0.0,0.0,4.502400000000001,27.140202841864216
3,0.0,0.0,4.5040000000000004,27.139000241932195
3,0.0,0.0,4.5056,27.137796917482248
3,0.0,0.0,4.5072,27.136592869060166
3,0.0,0.0,4.5088,27.135388097211305
3,0.0,0.0,4.510400000000001,27.134182602480568
3,0.0,0.0,4.5120000000000005,27.132976385412427
3,0.0,0.0,4.5136,27.13176944655091
3,0.0,0.0,4.5152,27.130561786439614
3,0.0,0.0,4.5168,27.129353405621696
3,0.0,0.0,4.518400000000001,27.128144304639857
3,0.0,0.0,4.5200000000000005,27.126934484036376
3,0.0,0.0,4.5216,27.125723944353094
3,0.0,0.0,4.5232,27.124512686131407
3,0.0,0.0,4.5248,27.123300709912275
3,0.0,0.0,4.526400000000001,27.122088016236226
3,0.0,0.0,4.5280000000000005,27.120874605643348
3,0.0,0.0,4.5296,27.119660478673296
3,0.0,0.0,4.5312,27.118445635865275
3,0.0,0.0,4.5328,27.11723007775807
3,0.0,0.0,4.534400000000001,27.116013804890024
3,0.0,0.0,4.5360000000000005,27.11479681779904
3,0.0,0.0,4.5376,27.113579117022596
3,0.0,0.0,4.5392,27.112360703097725
3,0.0,0.0,4.5408,27.11114157656104
3,0.0,0.0,4.542400000000001,27.109921737948703
3,0.0,0.0,4.5440000000000005,27.108701187796445
3,0.0,0.0,4.5456,27.107479926639574
3,0.0,0.0,4.5472,27.10625795501296
3,0.0,0.0,4.5488,27.105035273451033
3,0.0,0.0,4.5504,27.103811882487804
3,0.0,0.0,4.5520000000000005,27.102587782656837
3,0.0,0.0,4.5536,27.10136297449127
3,0.0,0.0,4.5552,27.100137458523815
3,0.0,0.0,4.5568,27.098911235286742
3,0.0,0.0,4.5584,27.0976843053119
3,0.0,0.0,4.5600000000000005,27.096456669130703
3,0.0,0.0,4.5616,27.095228327274125
3,0.0,0.0,4.5632,27.093999280272726
3,0.0,0.0,4.5648,27.092769528656625
3,0.0,0.0,4.5664,27.091539072955516
3,0.0,0.0,4.5680000000000005,27.090307913698663
3,0.0,0.0,4.5696,27.0890760514149
3,0.0,0.0,4.5712,27.087843486632636
3,0.0,0.0,4.5728,27.086610219879844
3,0.0,0.0,4.5744,27.085376251684078
3,0.0,0.0,4.5760000000000005,27.084141582572453
3,0.0,0.0,4.5776,27.082906213071666
3,0.0,0.0,4.5792,27.081670143707978
3,0.0,0.0,4.5808,27.080433375007235
3,0.0,0.0,4.5824,27.079195907494846
3,0.0,0.0,4.5840000000000005,27.0779577416958
3,0.0,0.0,4.5856,27.07671887813466
3,0.0,0.0,4.5872,27.075479317335557
3,0.0,0.0,4.5888,27.0742390598222
3,0.0,0.0,4.5904,27.07299810611787
3,0.0,0.0,4.5920000000000005,27.07175645674543
3,0.0,0.0,4.5936,27.07051411222731
3,0.0,0.0,4.5952,27.069271073085524
3,0.0,0.0,4.5968,27.068027339841656
3,0.0,0.0,4.5984,27.066782913016873
3,0.0,0.0,4.6000000000000005,27.06553779313191
3,0.0,0.0,4.6016,27.064291980707086
3,0.0,0.0,4.6032,27.06304547626229
3,0.0,0.0,4.6048,27.061798280316996
3,0.0,0.0,4.6064,27.06055039339025
3,0.0,0.0,4.6080000000000005,27.05930181600068
3,0.0,0.0,4.6096,27.058052548666492
3,0.0,0.0,4.6112,27.05680259190547
3,0.0,0.0,4.6128,27.055551946234974
3,0.0,0.0,4.6144,27.054300612171946
3,0.0,0.0,4.6160000000000005,27.05304859023291
3,0.0,0.0,4.6176,27.051795880933962
3,0.0,0.0,4.6192,27.05054248479079
3,0.0,0.0,4.6208,27.049288402318655
3,0.0,0.0,4.6224,27.048033634032393
3,0.0,0.0,4.6240000000000006,27.046778180446438
3,0.0,0.0,4.6256,27.045522042074786
3,0.0,0.0,4.6272,27.044265219431026
3,0.0,0.0,4.6288,27.04300771302833
3,0.0,0.0,4.6304,27.041749523379448
3,0.0,0.0,4.632000000000001,27.04049065099671
3,0.0,0.0,4.6336,27.039231096392037
3,0.0,0.0,4.6352,27.037970860076925
3,0.0,0.0,4.6368,27.03670994256246
3,0.0,0.0,4.6384,27.0354483443593
3,0.0,0.0,4.640000000000001,27.034186065977707
3,0.0,0.0,4.6416,27.032923107927505
3,0.0,0.0,4.6432,27.031659470718125
3,0.0,0.0,4.6448,27.03039515485856
3,0.0,0.0,4.6464,27.029130160857402
3,0.0,0.0,4.648000000000001,27.027864489222832
3,0.0,0.0,4.6496,27.026598140462607
3,0.0,0.0,4.6512,27.025331115084068
3,0.0,0.0,4.6528,27.024063413594156
3,0.0,0.0,4.6544,27.022795036499385
3,0.0,0.0,4.656000000000001,27.021525984305867
3,0.0,0.0,4.6576,27.020256257519293
3,0.0,0.0,4.6592,27.018985856644942
3,0.0,0.0,4.6608,27.017714782187685
3,0.0,0.0,4.6624,27.01644303465198
3,0.0,0.0,4.664000000000001,27.01517061454187
3,0.0,0.0,4.6656,27.013897522360992
3,0.0,0.0,4.6672,27.01262375861257
3,0.0,0.0,4.6688,27.01134932379941
3,0.0,0.0,4.6704,27.010074218423917
3,0.0,0.0,4.672000000000001,27.008798442988084
3,0.0,0.0,4.6736,27.007521997993493
3,0.0,0.0,4.6752,27.006244883941317
3,0.0,0.0,4.6768,27.004967101332316
3,0.0,0.0,4.6784,27.003688650666845
3,0.0,0.0,4.680000000000001,27.002409532444847
3,0.0,0.0,4.6816,27.001129747165866
3,0.0,0.0,4.6832,26.999849295329028
3,0.0,0.0,4.6848,26.998568177433047
3,0.0,0.0,4.6864,26.997286393976246
3,0.0,0.0,4.688000000000001,26.996003945456522
3,0.0,0.0,4.6896,26.99472083237138
3,0.0,0.0,4.6912,26.993437055217917
3,0.0,0.0,4.6928,26.992152614492813
3,0.0,0.0,4.6944,26.990867510692347
3,0.0,0.0,4.696000000000001,26.989581744312396
3,0.0,0.0,4.6976,26.988295315848426
3,0.0,0.0,4.6992,26.987008225795496
3,0.0,0.0,4.7008,26.98572047464827
3,0.0,0.0,4.7024,26.984432062901007
3,0.0,0.0,4.704000000000001,26.983142991047547
3,0.0,0.0,4.7056000000000004,26.981853259581342
3,0.0,0.0,4.7072,26.980562868995428
3,0.0,0.0,4.7088,26.979271819782447
3,0.0,0.0,4.7104,26.977980112434636
3,0.0,0.0,4.712000000000001,26.97668774744382
3,0.0,0.0,4.7136000000000005,26.975394725301427
3,0.0,0.0,4.7152,26.974101046498493
3,0.0,0.0,4.7168,26.972806711525642
3,0.0,0.0,4.7184,26.971511720873085
3,0.0,0.0,4.720000000000001,26.970216075030653
3,0.0,0.0,4.7216000000000005,26.96891977448777
3,0.0,0.0,4.7232,26.967622819733446
3,0.0,0.0,4.7248,26.966325211256308
3,0.0,0.0,4.7264,26.96502694954457
3,0.0,0.0,4.728000000000001,26.96372803508605
3,0.0,0.0,4.7296000000000005,26.962428468368163
3,0.0,0.0,4.7312,26.961128249877934
3,0.0,0.0,4.7328,26.959827380101984
3,0.0,0.0,4.7344,26.95852585952653
3,0.0,0.0,4.736000000000001,26.9572236886374
3,0.0,0.0,4.7376000000000005,26.955920867920007
3,0.0,0.0,4.7392,26.954617397859383
3,0.0,0.0,4.7408,26.95331327894016
3,0.0,0.0,4.7424,26.952008511646564
3,0.0,0.0,4.744000000000001,26.950703096462426
3,0.0,0.0,4.7456000000000005,26.949397033871186
3,0.0,0.0,4.7472,26.948090324355885
3,0.0,0.0,4.7488,26.946782968399162
3,0.0,0.0,4.7504,26.94547496648327
3,0.0,0.0,4.752000000000001,26.944166319090062
3,0.0,0.0,4.7536000000000005,26.942857026700988
3,0.0,0.0,4.7552,26.941547089797105
3,0.0,0.0,4.7568,26.94023650885909
3,0.0,0.0,4.7584,26.93892528436721
3,0.0,0.0,4.76,26.937613416801337
3,0.0,0.0,4.7616000000000005,26.93630090664096
3,0.0,0.0,4.7632,26.934987754365164
3,0.0,0.0,4.7648,26.93367396045265
3,0.0,0.0,4.7664,26.932359525381713
3,0.0,0.0,4.768,26.931044449630267
3,0.0,0.0,4.7696000000000005,26.929728733675827
3,0.0,0.0,4.7712,26.928412377995517
3,0.0,0.0,4.7728,26.92709538306607
3,0.0,0.0,4.7744,26.92577774936383
3,0.0,0.0,4.776,26.924459477364742
3,0.0,0.0,4.7776000000000005,26.92314056754436
3,0.0,0.0,4.7792,26.921821020377855
3,0.0,0.0,4.7808,26.92050083634
3,0.0,0.0,4.7824,26.919180015905184
3,0.0,0.0,4.784,26.9178585595474
3,0.0,0.0,4.7856000000000005,26.916536467740254
3,0.0,0.0,4.7872,26.91521374095696
3,0.0,0.0,4.7888,26.91389037967035
3,0.0,0.0,4.7904,26.912566384352854
3,0.0,0.0,4.792,26.911241755476528
3,0.0,0.0,4.7936000000000005,26.90991649351303
3,0.0,0.0,4.7952,26.90859059893363
3,0.0,0.0,4.7968,26.907264072209216
3,0.0,0.0,4.7984,26.90593691381028
3,0.0,0.0,4.8,26.904609124206935
3,0.0,0.0,4.8016000000000005,26.903280703868898
3,0.0,0.0,4.8032,26.901951653265513
3,0.0,0.0,4.8048,26.900621972865725
3,0.0,0.0,4.8064,26.899291663138094
3,0.0,0.0,4.808,26.897960724550803
3,0.0,0.0,4.8096000000000005,26.896629157571635
3,0.0,0.0,4.8112,26.895296962668002
3,0.0,0.0,4.8128,26.893964140306924
3,0.0,0.0,4.8144,26.892630690955038
3,0.0,0.0,4.816,26.89129661507859
3,0.0,0.0,4.8176000000000005,26.889961913143456
3,0.0,0.0,4.8192,26.88862658561511
3,0.0,0.0,4.8208,26.887290632958656
3,0.0,0.0,4.8224,26.88595405563881
3,0.0,0.0,4.824,26.884616854119905
3,0.0,0.0,4.8256000000000006,26.88327902886589
3,0.0,0.0,4.8272,26.881940580340334
3,0.0,0.0,4.8288,26.88060150900642
3,0.0,0.0,4.8304,26.879261815326952
3,0.0,0.0,4.832,26.877921499764355
3,0.0,0.0,4.833600000000001,26.87658056278066
3,0.0,0.0,4.8352,26.875239004837535
3,0.0,0.0,4.8368,26.873896826396255
3,0.0,0.0,4.8384,26.87255402791771
3,0.0,0.0,4.84,26.871210609862427
3,0.0,0.0,4.841600000000001,26.869866572690537
3,0.0,0.0,4.8432,26.868521916861795
3,0.0,0.0,4.8448,26.867176642835588
3,0.0,0.0,4.8464,26.8658307510709
3,0.0,0.0,4.848,26.86448424202636
3,0.0,0.0,4.849600000000001,26.863137116160207
3,0.0,0.0,4.8512,26.8617893739303
3,0.0,0.0,4.8528,26.86044101579412
3,0.0,0.0,4.8544,26.859092042208772
3,0.0,0.0,4.856,26.857742453630998
3,0.0,0.0,4.857600000000001,26.856392250517132
3,0.0,0.0,4.8592,26.85504143332316
3,0.0,0.0,4.8608,26.853690002504667
3,0.0,0.0,4.8624,26.852337958516884
3,0.0,0.0,4.864,26.850985301814642
3,0.0,0.0,4.865600000000001,26.849632032852423
3,0.0,0.0,4.8672,26.848278152084312
3,0.0,0.0,4.8688,26.84692365996403
3,0.0,0.0,4.8704,26.84556855694492
3,0.0,0.0,4.872,26.844212843479944
3,0.0,0.0,4.873600000000001,26.842856520021694
3,0.0,0.0,4.8752,26.841499587022387
3,0.0,0.0,4.8768,26.840142044933877
3,0.0,0.0,4.8784,26.838783894207623
3,0.0,0.0,4.88,26.837425135294726
3,0.0,0.0,4.881600000000001,26.83606576864591
3,0.0,0.0,4.8832,26.83470579471152
3,0.0,0.0,4.8848,26.83334521394154
3,0.0,0.0,4.8864,26.831984026785573
3,0.0,0.0,4.888,26.830622233692853
3,0.0,0.0,4.889600000000001,26.829259835112243
3,0.0,0.0,4.8912,26.827896831492225
3,0.0,0.0,4.8928,26.82653322328093
3,0.0,0.0,4.8944,26.82516901092609
3,0.0,0.0,4.896,26.823804194875088
3,0.0,0.0,4.897600000000001,26.82243877557493
3,0.0,0.0,4.8992,26.821072753472258
3,0.0,0.0,4.9008,26.81970612901333
3,0.0,0.0,4.9024,26.81833890264404
3,0.0,0.0,4.904,26.816971074809924
3,0.0,0.0,4.905600000000001,26.815602645956133
3,0.0,0.0,4.9072000000000005,26.814233616527456
3,0.0,0.0,4.9088,26.81286398696831
3,0.0,0.0,4.9104,26.811493757722754
3,0.0,0.0,4.912,26.810122929234463
3,0.0,0.0,4.913600000000001,26.80875150194676
3,0.0,0.0,4.9152000000000005,26.807379476302582
3,0.0,0.0,4.9168,26.80600685274452
3,0.0,0.0,4.9184,26.804633631714786
3,0.0,0.0,4.92,26.803259813655227
3,0.0,0.0,4.921600000000001,26.801885399007322
3,0.0,0.0,4.9232000000000005,26.800510388212185
3,0.0,0.0,4.9248,26.799134781710563
3,0.0,0.0,4.9264,26.797758579942844
3,0.0,0.0,4.928,26.796381783349037
3,0.0,0.0,4.929600000000001,26.795004392368796
3,0.0,0.0,4.9312000000000005,26.793626407441415
3,0.0,0.0,4.9328,26.792247829005813
3,0.0,0.0,4.9344,26.790868657500546
3,0.0,0.0,4.936,26.789488893363814
3,0.0,0.0,4.937600000000001,26.78810853703344
3,0.0,0.0,4.9392000000000005,26.7867275889469
3,0.0,0.0,4.9408,26.785346049541285
3,0.0,0.0,4.9424,26.783963919253345
3,0.0,0.0,4.944,26.782581198519456
3,0.0,0.0,4.945600000000001,26.781197887775637
3,0.0,0.0,4.9472000000000005,26.779813987457537
3,0.0,0.0,4.9488,26.778429498000445
3,0.0,0.0,4.9504,26.777044419839296
3,0.0,0.0,4.952,26.775658753408656
3,0.0,0.0,4.953600000000001,26.774272499142732
3,0.0,0.0,4.9552000000000005,26.772885657475374
3,0.0,0.0,4.9568,26.771498228840063
3,0.0,0.0,4.9584,26.77011021366993
3,0.0,0.0,4.96,26.768721612397737
3,0.0,0.0,4.961600000000001,26.767332425455887
3,0.0,0.0,4.9632000000000005,26.76594265327643
3,0.0,0.0,4.9648,26.76455229629105
3,0.0,0.0,4.9664,26.763161354931075
3,0.0,0.0,4.968,26.761769829627482
3,0.0,0.0,4.9696,26.76037772081087
3,0.0,0.0,4.9712000000000005,26.758985028911496
3,0.0,0.0,4.9728,26.757591754359257
3,0.0,0.0,4.9744,26.756197897583693
3,0.0,0.0,4.976,26.754803459013974
3,0.0,0.0,4.9776,26.753408439078928
3,0.0,0.0,4.9792000000000005,26.75201283820702
3,0.0,0.0,4.9808,26.75061665682636
3,0.0,0.0,4.9824,26.749219895364693
3,0.0,0.0,4.984,26.747822554249424
3,0.0,0.0,4.9856,26.74642463390759
3,0.0,0.0,4.9872000000000005,26.74502613476588
3,0.0,0.0,4.9888,26.743627057250617
3,0.0,0.0,4.9904,26.742227401787773
3,0.0,0.0,4.992,26.74082716880298
3,0.0,0.0,4.9936,26.739426358721495
3,0.0,0.0,4.9952000000000005,26.73802497196823
3,0.0,0.0,4.9968,26.736623008967744
3,0.0,0.0,4.9984,26.73522047014424
3,0.0,0.0,5.0,26.733817355921563
4,-0.5,0.0,0.0,24.50605392455259
4,-0.5,0.0,0.0016,24.508918284348365
4,-0.5,0.0,0.0032,24.511779299825534
4,-0.5,0.0,0.0048000000000000004,24.51463697349442
4,-0.5,0.0,0.0064,24.51749130786376
4,-0.5,0.0,0.008,24.52034230544078
4,-0.5,0.0,0.009600000000000001,24.523189968731124
4,-0.5,0.0,0.0112,24.526034300238898
4,-0.5,0.0,0.0128,24.52887530246666
4,-0.5,0.0,0.014400000000000001,24.531712977915422
4,-0.5,0.0,0.016,24.534547329084635
4,-0.5,0.0,0.0176,24.53737835847221
4,-0.5,0.0,0.019200000000000002,24.540206068574502
4,-0.5,0.0,0.020800000000000003,24.543030461886328
4,-0.5,0.0,0.0224,24.545851540900934
4,-0.5,0.0,0.024,24.548669308110043
4,-0.5,0.0,0.0256,24.551483766003813
4,-0.5,0.0,0.027200000000000002,24.554294917070848
4,-0.5,0.0,0.028800000000000003,24.557102763798223
4,-0.5,0.0,0.0304,24.559907308671445
4,-0.5,0.0,0.032,24.56270855417448
4,-0.5,0.0,0.033600000000000005,24.565506502789752
4,-0.5,0.0,0.0352,24.568301156998125
4,-0.5,0.0,0.0368,24.57109251927892
4,-0.5,0.0,0.038400000000000004,24.573880592109912
4,-0.5,0.0,0.04,24.576665377967323
4,-0.5,0.0,0.041600000000000005,24.579446879325832
4,-0.5,0.0,0.0432,24.582225098658565
4,-0.5,0.0,0.0448,24.585000038437105
4,-0.5,0.0,0.046400000000000004,24.587771701131484
4,-0.5,0.0,0.048,24.590540089210183
4,-0.5,0.0,0.049600000000000005,24.593305205140148
4,-0.5,0.0,0.0512,24.596067051386765
4,-0.5,0.0,0.0528,24.598825630413877
4,-0.5,0.0,0.054400000000000004,24.60158094468378
4,-0.5,0.0,0.056,24.604332996657213
4,-0.5,0.0,0.057600000000000005,24.607081788793373
4,-0.5,0.0,0.0592,24.609827323549904
4,-0.5,0.0,0.0608,24.61256960338289
4,-0.5,0.0,0.062400000000000004,24.615308630746867
4,-0.5,0.0,0.064,24.618044408094804
4,-0.5,0.0,0.0656,24.6207769378781
4,-0.5,0.0,0.06720000000000001,24.623506222546574
4,-0.5,0.0,0.0688,24.626232264548474
4,-0.5,0.0,0.0704,24.628955066330434
4,-0.5,0.0,0.07200000000000001,24.63167463033748
4,-0.5,0.0,0.0736,24.634390959012993
4,-0.5,0.0,0.0752,24.6371040547987
4,-0.5,0.0,0.07680000000000001,24.639813920134635
4,-0.5,0.0,0.0784,24.642520557459086
4,-0.5,0.0,0.08,24.64522396920858
4,-0.5,0.0,0.0816,24.647924157817787
4,-0.5,0.0,0.08320000000000001,24.6506211257195
4,-0.5,0.0,0.0848,24.653314875344524
4,-0.5,0.0,0.0864,24.656005409121608
4,-0.5,0.0,0.08800000000000001,24.65869272947733
4,-0.5,0.0,0.0896,24.661376838835995
4,-0.5,0.0,0.0912,24.66405773961949
4,-0.5,0.0,0.09280000000000001,24.66673543424713
4,-0.5,0.0,0.0944,24.669409925135508
4,-0.5,0.0,0.096,24.672081214698284
4,-0.5,0.0,0.0976,24.674749305346
4,-0.5,0.0,0.09920000000000001,24.677414199485828
4,-0.5,0.0,0.1008,24.680075899521317
4,-0.5,0.0,0.1024,24.682734407852138
4,-0.5,0.0,0.10400000000000001,24.685389726873744
4,-0.5,0.0,0.1056,24.688041858977076
4,-0.5,0.0,0.1072,24.690690806548183
4,-0.5,0.0,0.10880000000000001,24.69333657196786
4,-0.5,0.0,0.11040000000000001,24.695979157611212
4,-0.5,0.0,0.112,24.698618565847266
4,-0.5,0.0,0.1136,24.701254799038463
4,-0.5,0.0,0.11520000000000001,24.703887859540195
4,-0.5,0.0,0.1168,24.706517749700286
4,-0.5,0.0,0.1184,24.70914447185845
4,-0.5,0.0,0.12000000000000001,24.71176802834572
4,-0.5,0.0,0.1216,24.71438842148388
4,-0.5,0.0,0.1232,24.717005653584817
4,-0.5,0.0,0.12480000000000001,24.719619726949915
4,-0.5,0.0,0.1264,24.722230643869384
4,-0.5,0.0,0.128,24.72483840662158
4,-0.5,0.0,0.1296,24.72744301747231
4,-0.5,0.0,0.1312,24.730044478674138
4,-0.5,0.0,0.1328,24.732642792465622
4,-0.5,0.0,0.13440000000000002,24.735237961070588
4,-0.5,0.0,0.136,24.737829986697385
4,-0.5,0.0,0.1376,24.7404188715381
4,-0.5,0.0,0.13920000000000002,24.74300461776779
4,-0.5,0.0,0.1408,24.745587227543716
4,-0.5,0.0,0.1424,24.748166703004532
4,-0.5,0.0,0.14400000000000002,24.750743046269513
4,-0.5,0.0,0.1456,24.75331625943776
4,-0.5,0.0,0.1472,24.755886344587413
4,-0.5,0.0,0.14880000000000002,24.758453303774868
4,-0.5,0.0,0.1504,24.761017139033992
4,-0.5,0.0,0.152,24.763577852375352
4,-0.5,0.0,0.15360000000000001,24.766135445785455
4,-0.5,0.0,0.1552,24.76868992122598
4,-0.5,0.0,0.1568,24.771241280633056
4,-0.5,0.0,0.1584,24.77378952591652
4,-0.5,0.0,0.16,24.7763346589592
4,-0.5,0.0,0.16160000000000002,24.77887668161625
4,-0.5,0.0,0.1632,24.781415595714424
4,-0.5,0.0,0.1648,24.783951403051468
4,-0.5,0.0,0.16640000000000002,24.786484105395456
4,-0.5,0.0,0.168,24.789013704484194
4,-0.5,0.0,0.1696,24.791540202024628
4,-0.5,0.0,0.17120000000000002,24.79406359969226
4,-0.5,0.0,0.1728,24.796583899130653
4,-0.5,0.0,0.1744,24.799101101950892
4,-0.5,0.0,0.17600000000000002,24.801615209731104
4,-0.5,0.0,0.1776,24.80412622401601
4,-0.5,0.0,0.1792,24.806634146316505
4,-0.5,0.0,0.18080000000000002,24.809138978109257
4,-0.5,0.0,0.1824,24.811640720836344
4,-0.5,0.0,0.184,24.81413937590494
4,-0.5,0.0,0.18560000000000001,24.81663494468698
4,-0.5,0.0,0.1872,24.819127428518915
4,-0.5,0.0,0.1888,24.821616828701462
4,-0.5,0.0,0.1904,24.824103146499407
4,-0.5,0.0,0.192,24.82658638314142
4,-0.5,0.0,0.19360000000000002,24.829066539819905
4,-0.5,0.0,0.1952,24.83154361769092
4,-0.5,0.0,0.1968,24.83401761787406
4,-0.5,0.0,0.19840000000000002,24.836488541452436
4,-0.5,0.0,0.2,24.83895638947263
4,-0.5,0.0,0.2016,24.841421162944734
4,-0.5,0.0,0.20320000000000002,24.843882862842374
4,-0.5,0.0,0.2048,24.846341490102795
4,-0.5,0.0,0.2064,24.848797045626952
4,-0.5,0.0,0.20800000000000002,24.851249530279645
4,-0.5,0.0,0.2096,24.853698944889686
4,-0.5,0.0,0.2112,24.856145290250076
4,-0.5,0.0,0.21280000000000002,24.85858856711822
4,-0.5,0.0,0.2144,24.861028776216166
4,-0.5,0.0,0.216,24.863465918230876
4,-0.5,0.0,0.21760000000000002,24.865899993814512
4,-0.5,0.0,0.2192,24.86833100358476
4,-0.5,0.0,0.22080000000000002,24.870758948125147
4,-0.5,0.0,0.22240000000000001,24.87318382798542
4,-0.5,0.0,0.224,24.875605643681936
4,-0.5,0.0,0.22560000000000002,24.878024395698038
4,-0.5,0.0,0.2272,24.88044008448451
4,-0.5,0.0,0.2288,24.88285271046
4,-0.5,0.0,0.23040000000000002,24.88526227401149
4,-0.5,0.0,0.232,24.887668775494785
4,-0.5,0.0,0.2336,24.89007221523499
4,-0.5,0.0,0.23520000000000002,24.89247259352705
4,-0.5,0.0,0.2368,24.894869910636253
4,-0.5,0.0,0.2384,24.897264166798788
4,-0.5,0.0,0.24000000000000002,24.899655362222312
4,-0.5,0.0,0.2416,24.90204349708651
4,-0.5,0.0,0.2432,24.904428571543665
4,-0.5,0.0,0.24480000000000002,24.906810585719278
4,-0.5,0.0,0.2464,24.909189539712646
4,-0.5,0.0,0.248,24.911565433597513
4,-0.5,0.0,0.24960000000000002,24.913938267422658
4,-0.5,0.0,0.25120000000000003,24.916308041212552
4,-0.5,0.0,0.2528,24.918674754967974
4,-0.5,0.0,0.2544,24.92103840866668
4,-0.5,0.0,0.256,24.92339900226405
4,-0.5,0.0,0.2576,24.925756535693747
4,-0.5,0.0,0.2592,24.928111008868363
4,-0.5,0.0,0.26080000000000003,24.930462421680122
4,-0.5,0.0,0.2624,24.932810774001517
4,-0.5,0.0,0.264,24.935156065685998
4,-0.5,0.0,0.2656,24.937498296568652
4,-0.5,0.0,0.2672,24.93983746646688
4,-0.5,0.0,0.26880000000000004,24.942173575181066
4,-0.5,0.0,0.27040000000000003,24.94450662249527
4,-0.5,0.0,0.272,24.946836608177893
4,-0.5,0.0,0.2736,24.949163531982375
4,-0.5,0.0,0.2752,24.951487393647856
4,-0.5,0.0,0.2768,24.953808192899867
4,-0.5,0.0,0.27840000000000004,24.956125929450987
4,-0.5,0.0,0.28,24.958440603001538
4,-0.5,0.0,0.2816,24.960752213240237
4,-0.5,0.0,0.2832,24.963060759844875
4,-0.5,0.0,0.2848,24.965366242482958
4,-0.5,0.0,0.2864,24.967668660812397
4,-0.5,0.0,0.28800000000000003,24.969968014482134
4,-0.5,0.0,0.2896,24.972264303132814
4,-0.5,0.0,0.2912,24.97455752639742
4,-0.5,0.0,0.2928,24.976847683901894
4,-0.5,0.0,0.2944,24.979134775265813
4,-0.5,0.0,0.29600000000000004,24.981418800102972
4,-0.5,0.0,0.29760000000000003,24.983699758022034
4,-0.5,0.0,0.2992,24.985977648627134
4,-0.5,0.0,0.3008,24.988252471518486
4,-0.5,0.0,0.3024,24.99052422629299
4,-0.5,0.0,0.304,24.992792912544814
4,-0.5,0.0,0.30560000000000004,24.995058529866
4,-0.5,0.0,0.30720000000000003,24.99732107784702
4,-0.5,0.0,0.3088,24.999580556077365
4,-0.5,0.0,0.3104,25.0018369641461
4,-0.5,0.0,0.312,25.00409030164242
4,-0.5,0.0,0.3136,25.006340568156194
4,-0.5,0.0,0.31520000000000004,25.008587763278513
4,-0.5,0.0,0.3168,25.010831886602215
4,-0.5,0.0,0.3184,25.013072937722388
4,-0.5,0.0,0.32,25.015310916236913
4,-0.5,0.0,0.3216,25.017545821746953
4,-0.5,0.0,0.32320000000000004,25.01977765385746
4,-0.5,0.0,0.32480000000000003,25.022006412177635
4,-0.5,0.0,0.3264,25.024232096321438
4,-0.5,0.0,0.328,25.026454705908023
4,-0.5,0.0,0.3296,25.02867424056223
4,-0.5,0.0,0.3312,25.030890699915005
4,-0.5,0.0,0.33280000000000004,25.033104083603874
4,-0.5,0.0,0.33440000000000003,25.03531439127335
4,-0.5,0.0,0.336,25.03752162257536
4,-0.5,0.0,0.3376,25.039725777169668
4,-0.5,0.0,0.3392,25.04192685472427
4,-0.5,0.0,0.3408,25.044124854915808
4,-0.5,0.0,0.34240000000000004,25.046319777429925
4,-0.5,0.0,0.34400000000000003,25.04851162196167
4,-0.5,0.0,0.3456,25.050700388215866
4,-0.5,0.0,0.3472,25.052886075907452
4,-0.5,0.0,0.3488,25.055068684761846
4,-0.5,0.0,0.3504,25.05724821451528
4,-0.5,0.0,0.35200000000000004,25.05942466491514
4,-0.5,0.0,0.3536,25.0615980357203
4,-0.5,0.0,0.3552,25.06376832670141
4,-0.5,0.0,0.3568,25.065935537641224
4,-0.5,0.0,0.3584,25.068099668334884
4,-0.5,0.0,0.36000000000000004,25.070260718590234
4,-0.5,0.0,0.36160000000000003,25.07241868822808
4,-0.5,0.0,0.3632,25.07457357708246
4,-0.5,0.0,0.3648,25.076725385000923
4,-0.5,0.0,0.3664,25.07887411184478
4,-0.5,0.0,0.368,25.08101975748935
4,-0.5,0.0,0.36960000000000004,25.083162321824204
4,-0.5,0.0,0.37120000000000003,25.085301804753392
4,-0.5,0.0,0.3728,25.087438206195667
4,-0.5,0.0,0.3744,25.089571526084704
4,-0.5,0.0,0.376,25.091701764369322
4,-0.5,0.0,0.3776,25.093828921013657
4,-0.5,0.0,0.37920000000000004,25.095952995997372
4,-0.5,0.0,0.3808,25.098073989315846
4,-0.5,0.0,0.3824,25.100191900980356
4,-0.5,0.0,0.384,25.102306731018224
4,-0.5,0.0,0.3856,25.104418479473015
4,-0.5,0.0,0.38720000000000004,25.106527146404673
4,-0.5,0.0,0.38880000000000003,25.108632731889674
4,-0.5,0.0,0.3904,25.11073523602117
4,-0.5,0.0,0.392,25.112834658909147
4,-0.5,0.0,0.3936,25.114931000680514
4,-0.5,0.0,0.3952,25.11702426147927
4,-0.5,0.0,0.39680000000000004,25.119114441466582
4,-0.5,0.0,0.39840000000000003,25.121201540820945
4,-0.5,0.0,0.4,25.123285559738235
4,-0.5,0.0,0.4016,25.125366498431838
4,-0.5,0.0,0.4032,25.12744435713274
4,-0.5,0.0,0.4048,25.129519136089616
4,-0.5,0.0,0.40640000000000004,25.131590835568897
4,-0.5,0.0,0.40800000000000003,25.13365945585486
4,-0.5,0.0,0.4096,25.135724997249703
4,-0.5,0.0,0.4112,25.13778746007358
4,-0.5,0.0,0.4128,25.139846844664707
4,-0.5,0.0,0.41440000000000005,25.141903151379367
4,-0.5,0.0,0.41600000000000004,25.14395638059201
4,-0.5,0.0,0.4176,25.14600653269524
4,-0.5,0.0,0.4192,25.148053608099907
4,-0.5,0.0,0.4208,25.15009760723511
4,-0.5,0.0,0.4224,25.152138530548243
4,-0.5,0.0,0.42400000000000004,25.154176378504996
4,-0.5,0.0,0.42560000000000003,25.156211151589407
4,-0.5,0.0,0.4272,25.158242850303857
4,-0.5,0.0,0.4288,25.16027147516909
4,-0.5,0.0,0.4304,25.162297026724215
4,-0.5,0.0,0.432,25.164319505526713
4,-0.5,0.0,0.43360000000000004,25.16633891215244
4,-0.5,0.0,0.43520000000000003,25.168355247195606
4,-0.5,0.0,0.4368,25.17036851126879
4,-0.5,0.0,0.4384,25.17237870500291
4,-0.5,0.0,0.44,25.17438582904721
4,-0.5,0.0,0.44160000000000005,25.176389884069245
4,-0.5,0.0,0.44320000000000004,25.178390870754846
4,-0.5,0.0,0.44480000000000003,25.180388789808127
4,-0.5,0.0,0.4464,25.182383641951407
4,-0.5,0.0,0.448,25.184375427925207
4,-0.5,0.0,0.4496,25.186364148488206
4,-0.5,0.0,0.45120000000000005,25.188349804417204
4,-0.5,0.0,0.45280000000000004,25.19033239650707
4,-0.5,0.0,0.4544,25.19231192557071
4,-0.5,0.0,0.456,25.19428839243901
4,-0.5,0.0,0.4576,25.196261797960787
4,-0.5,0.0,0.4592,25.19823214300273
4,-0.5,0.0,0.46080000000000004,25.20019942844936
4,-0.5,0.0,0.46240000000000003,25.20216365520294
4,-0.5,0.0,0.464,25.204124824183452
4,-0.5,0.0,0.4656,25.206082936328496
4,-0.5,0.0,0.4672,25.20803799259325
4,-0.5,0.0,0.46880000000000005,25.209989993950387
4,-0.5,0.0,0.47040000000000004,25.211938941390017
4,-0.5,0.0,0.47200000000000003,25.21388483591959
4,-0.5,0.0,0.4736,25.21582767856385
4,-0.5,0.0,0.4752,25.21776747036475
4,-0.5,0.0,0.4768,25.219704212381345
4,-0.5,0.0,0.47840000000000005,25.22163790568975
4,-0.5,0.0,0.48000000000000004,25.223568551383043
4,-0.5,0.0,0.48160000000000003,25.225496150571168
4,-0.5,0.0,0.4832,25.227420704380865
4,-0.5,0.0,0.4848,25.22934221395557
4,-0.5,0.0,0.4864,25.231260680455335
4,-0.5,0.0,0.48800000000000004,25.233176105056735
4,-0.5,0.0,0.48960000000000004,25.23508848895277
4,-0.5,0.0,0.4912,25.23699783335278
4,-0.5,0.0,0.4928,25.238904139482337
4,-0.5,0.0,0.4944,25.24080740858317
4,-0.5,0.0,0.496,25.242707641913032
4,-0.5,0.0,0.49760000000000004,25.24460484074564
4,-0.5,0.0,0.49920000000000003,25.24649900637056
4,-0.5,0.0,0.5008,25.248390140093083
4,-0.5,0.0,0.5024000000000001,25.250278243234156
4,-0.5,0.0,0.504,25.25216331713027
4,-0.5,0.0,0.5056,25.254045363133333
4,-0.5,0.0,0.5072,25.255924382610598
4,-0.5,0.0,0.5088,25.257800376944537
4,-0.5,0.0,0.5104000000000001,25.259673347532736
4,-0.5,0.0,0.512,25.261543295787792
4,-0.5,0.0,0.5136000000000001,25.263410223137193
4,-0.5,0.0,0.5152,25.265274131023233
4,-0.5,0.0,0.5168,25.267135020902877
4,-0.5,0.0,0.5184,25.268992894247667
4,-0.5,0.0,0.52,25.270847752543588
4,-0.5,0.0,0.5216000000000001,25.272699597290995
4,-0.5,0.0,0.5232,25.274548430004455
4,-0.5,0.0,0.5248,25.276394252212672
4,-0.5,0.0,0.5264,25.278237065458352
4,-0.5,0.0,0.528,25.280076871298103
4,-0.5,0.0,0.5296000000000001,25.281913671302306
4,-0.5,0.0,0.5312,25.28374746705502
4,-0.5,0.0,0.5328,25.285578260153844
4,-0.5,0.0,0.5344,25.287406052209818
4,-0.5,0.0,0.536,25.2892308448473
4,-0.5,0.0,0.5376000000000001,25.291052639703867
4,-0.5,0.0,0.5392,25.292871438430176
4,-0.5,0.0,0.5408000000000001,25.294687242689864
4,-0.5,0.0,0.5424,25.29650005415942
4,-0.5,0.0,0.544,25.298309874528076
4,-0.5,0.0,0.5456,25.3001167054977
4,-0.5,0.0,0.5472,25.30192054878266
4,-0.5,0.0,0.5488000000000001,25.303721406109716
4,-0.5,0.0,0.5504,25.30551927921791
4,-0.5,0.0,0.552,25.307314169858447
4,-0.5,0.0,0.5536,25.30910607979457
4,-0.5,0.0,0.5552,25.310895010801453
4,-0.5,0.0,0.5568000000000001,25.312680964666075
4,-0.5,0.0,0.5584,25.314463943187118
4,-0.5,0.0,0.56,25.316243948174836
4,-0.5,0.0,0.5616,25.318020981450953
4,-0.5,0.0,0.5632,25.319795044848544
4,-0.5,0.0,0.5648000000000001,25.321566140211896
4,-0.5,0.0,0.5664,25.323334269396423
4,-0.5,0.0,0.5680000000000001,25.32509943426854
4,-0.5,0.0,0.5696,25.326861636705555
4,-0.5,0.0,0.5712,25.32862087859553
4,-0.5,0.0,0.5728,25.330377161837188
4,-0.5,0.0,0.5744,25.3321304883398
4,-0.5,0.0,0.5760000000000001,25.33388086002306
4,-0.5,0.0,0.5776,25.33562827881698
4,-0.5,0.0,0.5792,25.337372746661764
4,-0.5,0.0,0.5808,25.339114265507703
4,-0.5,0.0,0.5824,25.340852837315058
4,-0.5,0.0,0.5840000000000001,25.342588464053975
4,-0.5,0.0,0.5856,25.34432114770432
4,-0.5,0.0,0.5872,25.34605089025561
4,-0.5,0.0,0.5888,25.347777693706895
4,-0.5,0.0,0.5904,25.34950156006662
4,-0.5,0.0,0.5920000000000001,25.35122249135255
4,-0.5,0.0,0.5936,25.35294048959165
4,-0.5,0.0,0.5952000000000001,25.35465555681995
4,-0.5,0.0,0.5968,25.35636769508247
4,-0.5,0.0,0.5984,25.358076906433087
4,-0.5,0.0,0.6,25.35978319293445
4,-0.5,0.0,0.6016,25.36148655665785
4,-0.5,0.0,0.6032000000000001,25.36318699968312
4,-0.5,0.0,0.6048,25.364884524098525
4,-0.5,0.0,0.6064,25.366579132000663
4,-0.5,0.0,0.608,25.368270825494356
4,-0.5,0.0,0.6096,25.369959606692554
4,-0.5,0.0,0.6112000000000001,25.3716454777162
4,-0.5,0.0,0.6128,25.373328440694166
4,-0.5,0.0,0.6144000000000001,25.37500849776312
4,-0.5,0.0,0.616,25.37668565106742
4,-0.5,0.0,0.6176,25.37835990275904
4,-0.5,0.0,0.6192000000000001,25.380031254997448
4,-0.5,0.0,0.6208,25.381699709949494
4,-0.5,0.0,0.6224000000000001,25.38336526978934
4,-0.5,0.0,0.624,25.38502793669833
4,-0.5,0.0,0.6256,25.38668771286489
4,-0.5,0.0,0.6272,25.388344600484473
4,-0.5,0.0,0.6288,25.389998601759387
4,-0.5,0.0,0.6304000000000001,25.391649718898766
4,-0.5,0.0,0.632,25.393297954118424
4,-0.5,0.0,0.6336,25.394943309640794
4,-0.5,0.0,0.6352,25.396585787694793
4,-0.5,0.0,0.6368,25.398225390515762
4,-0.5,0.0,0.6384000000000001,25.399862120345354
4,-0.5,0.0,0.64,25.401495979431438
4,-0.5,0.0,0.6416000000000001,25.403126970028005
4,-0.5,0.0,0.6432,25.40475509439509
4,-0.5,0.0,0.6448,25.40638035479865
4,-0.5,0.0,0.6464000000000001,25.408002753510498
4,-0.5,0.0,0.648,25.409622292808194
4,-0.5,0.0,0.6496000000000001,25.411238974974967
4,-0.5,0.0,0.6512,25.41285280229962
4,-0.5,0.0,0.6528,25.41446377707644
4,-0.5,0.0,0.6544,25.416071901605093
4,-0.5,0.0,0.656,25.41767717819057
4,-0.5,0.0,0.6576000000000001,25.41927960914306
4,-0.5,0.0,0.6592,25.42087919677791
4,-0.5,0.0,0.6608,25.42247594341547
4,-0.5,0.0,0.6624,25.424069851381073
4,-0.5,0.0,0.664,25.42566092300492
4,-0.5,0.0,0.6656000000000001,25.427249160621997
4,-0.5,0.0,0.6672,25.428834566571993
4,-0.5,0.0,0.6688000000000001,25.430417143199204
4,-0.5,0.0,0.6704,25.431996892852467
4,-0.5,0.0,0.672,25.433573817885083
4,-0.5,0.0,0.6736000000000001,25.43514792065471
4,-0.5,0.0,0.6752,25.436719203523307
4,-0.5,0.0,0.6768000000000001,25.438287668857026
4,-0.5,0.0,0.6784,25.43985331902616
4,-0.5,0.0,0.68,25.441416156405054
4,-0.5,0.0,0.6816,25.442976183372014
4,-0.5,0.0,0.6832,25.444533402309247
4,-0.5,0.0,0.6848000000000001,25.446087815602773
4,-0.5,0.0,0.6864,25.44763942564235
4,-0.5,0.0,0.6880000000000001,25.4491882348214
4,-0.5,0.0,0.6896,25.450734245536925
4,-0.5,0.0,0.6912,25.45227746018945
4,-0.5,0.0,0.6928000000000001,25.453817881182925
4,-0.5,0.0,0.6944,25.45535551092467
4,-0.5,0.0,0.6960000000000001,25.4568903518253
4,-0.5,0.0,0.6976,25.45842240629864
4,-0.5,0.0,0.6992,25.45995167676166
4,-0.5,0.0,0.7008,25.461478165634407
4,-0.5,0.0,0.7024,25.463001875339934
4,-0.5,0.0,0.7040000000000001,25.464522808304224
4,-0.5,0.0,0.7056,25.46604096695612
4,-0.5,0.0,0.7072,25.467556353727264
4,-0.5,0.0,0.7088,25.469068971052025
4,-0.5,0.0,0.7104,25.470578821367436
4,-0.5,0.0,0.7120000000000001,25.4720859071131
4,-0.5,0.0,0.7136,25.47359023073117
4,-0.5,0.0,0.7152000000000001,25.475091794666234
4,-0.5,0.0,0.7168,25.47659060136529
4,-0.5,0.0,0.7184,25.47808665327766
4,-0.5,0.0,0.7200000000000001,25.479579952854927
4,-0.5,0.0,0.7216,25.481070502550867
4,-0.5,0.0,0.7232000000000001,25.482558304821403
4,-0.5,0.0,0.7248,25.48404336212453
4,-0.5,0.0,0.7264,25.485525676920254
4,-0.5,0.0,0.728,25.487005251670524
4,-0.5,0.0,0.7296,25.488482088839188
4,-0.5,0.0,0.7312000000000001,25.48995619089192
4,-0.5,0.0,0.7328,25.491427560296163
4,-0.5,0.0,0.7344,25.492896199521066
4,-0.5,0.0,0.736,25.494362111037432
4,-0.5,0.0,0.7376,25.495825297317662
4,-0.5,0.0,0.7392000000000001,25.49728576083568
4,-0.5,0.0,0.7408,25.498743504066898
4,-0.5,0.0,0.7424000000000001,25.50019852948815
4,-0.5,0.0,0.744,25.50165083957763
4,-0.5,0.0,0.7456,25.503100436814837
4,-0.5,0.0,0.7472000000000001,25.504547323680544
4,-0.5,0.0,0.7488,25.505991502656705
4,-0.5,0.0,0.7504000000000001,25.50743297622643
4,-0.5,0.0,0.752,25.508871746873915
4,-0.5,0.0,0.7536,25.51030781708441
4,-0.5,0.0,0.7552,25.51174118934414
4,-0.5,0.0,0.7568,25.513171866140265
4,-0.5,0.0,0.7584000000000001,25.514599849960838
4,-0.5,0.0,0.76,25.516025143294748
4,-0.5,0.0,0.7616,25.517447748631657
4,-0.5,0.0,0.7632,25.518867668461965
4,-0.5,0.0,0.7648,25.52028490527676
4,-0.5,0.0,0.7664000000000001,25.521699461567756
4,-0.5,0.0,0.768,25.52311133982727
4,-0.5,0.0,0.7696000000000001,25.52452054254814
4,-0.5,0.0,0.7712,25.525927072223702
4,-0.5,0.0,0.7728,25.52733093134775
4,-0.5,0.0,0.7744000000000001,25.528732122414453
4,-0.5,0.0,0.776,25.530130647918348
4,-0.5,0.0,0.7776000000000001,25.53152651035428
4,-0.5,0.0,0.7792,25.53291971221734
4,-0.5,0.0,0.7808,25.534310256002854
4,-0.5,0.0,0.7824,25.53569814420631
4,-0.5,0.0,0.784,25.537083379323334
4,-0.5,0.0,0.7856000000000001,25.538465963849628
4,-0.5,0.0,0.7872,25.539845900280948
4,-0.5,0.0,0.7888000000000001,25.54122319111304
4,-0.5,0.0,0.7904,25.54259783884162
4,-0.5,0.0,0.792,25.543969845962305
4,-0.5,0.0,0.7936000000000001,25.545339214970614
4,-0.5,0.0,0.7952,25.54670594836189
4,-0.5,0.0,0.7968000000000001,25.54807004863126
4,-0.5,0.0,0.7984,25.54943151827363
4,-0.5,0.0,0.8,25.5507903597836
4,-0.5,0.0,0.8016000000000001,25.552146575655463
4,-0.5,0.0,0.8032,25.553500168383156
4,-0.5,0.0,0.8048000000000001,25.554851140460208
4,-0.5,0.0,0.8064,25.556199494379715
4,-0.5,0.0,0.808,25.5575452326343
4,-0.5,0.0,0.8096,25.55888835771608
4,-0.5,0.0,0.8112,25.560228872116614
4,-0.5,0.0,0.8128000000000001,25.561566778326906
4,-0.5,0.0,0.8144,25.56290207883731
4,-0.5,0.0,0.8160000000000001,25.564234776137553
4,-0.5,0.0,0.8176,25.56556487271666
4,-0.5,0.0,0.8192,25.566892371062938
4,-0.5,0.0,0.8208000000000001,25.568217273663944
4,-0.5,0.0,0.8224,25.56953958300643
4,-0.5,0.0,0.8240000000000001,25.570859301576352
4,-0.5,0.0,0.8256,25.572176431858786
4,-0.5,0.0,0.8272,25.57349097633793
4,-0.5,0.0,0.8288000000000001,25.57480293749706
4,-0.5,0.0,0.8304,25.57611231781851
4,-0.5,0.0,0.8320000000000001,25.577419119783617
4,-0.5,0.0,0.8336,25.578723345872707
4,-0.5,0.0,0.8352,25.580024998565072
4,-0.5,0.0,0.8368,25.581324080338916
4,-0.5,0.0,0.8384,25.582620593671344
4,-0.5,0.0,0.8400000000000001,25.583914541038325
4,-0.5,0.0,0.8416,25.58520592491467
4,-0.5,0.0,0.8432000000000001,25.58649474777399
4,-0.5,0.0,0.8448,25.58778101208868
4,-0.5,0.0,0.8464,25.58906472032988
4,-0.5,0.0,0.8480000000000001,25.590345874967454
4,-0.5,0.0,0.8496,25.591624478469978
4,-0.5,0.0,0.8512000000000001,25.592900533304665
4,-0.5,0.0,0.8528,25.594174041937396
4,-0.5,0.0,0.8544,25.595445006832655
4,-0.5,0.0,0.8560000000000001,25.596713430453516
4,-0.5,0.0,0.8576,25.59797931526161
4,-0.5,0.0,0.8592000000000001,25.59924266371712
4,-0.5,0.0,0.8608,25.600503478278725
4,-0.5,0.0,0.8624,25.6017617614036
4,-0.5,0.0,0.864,25.60301751554738
4,-0.5,0.0,0.8656,25.604270743164133
4,-0.5,0.0,0.8672000000000001,25.60552144670635
4,-0.5,0.0,0.8688,25.60676962862491
4,-0.5,0.0,0.8704000000000001,25.608015291369057
4,-0.5,0.0,0.872,25.609258437386366
4,-0.5,0.0,0.8736,25.610499069122746
4,-0.5,0.0,0.8752000000000001,25.611737189022406
4,-0.5,0.0,0.8768,25.612972799527835
4,-0.5,0.0,0.8784000000000001,25.614205903079757
4,-0.5,0.0,0.88,25.61543650211714
4,-0.5,0.0,0.8816,25.616664599077165
4,-0.5,0.0,0.8832000000000001,25.61789019639519
4,-0.5,0.0,0.8848,25.619113296504764
4,-0.5,0.0,0.8864000000000001,25.62033390183757
4,-0.5,0.0,0.888,25.621552014823415
4,-0.5,0.0,0.8896000000000001,25.622767637890224
4,-0.5,0.0,0.8912,25.623980773464
4,-0.5,0.0,0.8928,25.625191423968822
4,-0.5,0.0,0.8944000000000001,25.626399591826818
4,-0.5,0.0,0.896,25.627605279458137
4,-0.5,0.0,0.8976000000000001,25.628808489280953
4,-0.5,0.0,0.8992,25.63000922371143
4,-0.5,0.0,0.9008,25.631207485163703
4,-0.5,0.0,0.9024000000000001,25.632403276049864
4,-0.5,0.0,0.904,25.633596598779953
4,-0.5,0.0,0.9056000000000001,25.63478745576191
4,-0.5,0.0,0.9072,25.6359758494016
4,-0.5,0.0,0.9088,25.637161782102776
4,-0.5,0.0,0.9104000000000001,25.63834525626705
4,-0.5,0.0,0.912,25.639526274293896
4,-0.5,0.0,0.9136000000000001,25.64070483858062
4,-0.5,0.0,0.9152,25.64188095152236
4,-0.5,0.0,0.9168000000000001,25.64305461551205
4,-0.5,0.0,0.9184,25.644225832940425
4,-0.5,0.0,0.92,25.645394606195982
4,-0.5,0.0,0.9216000000000001,25.646560937664987
4,-0.5,0.0,0.9232,25.647724829731448
4,-0.5,0.0,0.9248000000000001,25.64888628477711
4,-0.5,0.0,0.9264,25.65004530518142
4,-0.5,0.0,0.928,25.651201893321545
4,-0.5,0.0,0.9296000000000001,25.652356051572326
4,-0.5,0.0,0.9312,25.65350778230628
4,-0.5,0.0,0.9328000000000001,25.654657087893593
4,-0.5,0.0,0.9344,25.65580397070208
4,-0.5,0.0,0.936,25.656948433097217
4,-0.5,0.0,0.9376000000000001,25.658090477442077
4,-0.5,0.0,0.9392,25.659230106097343
4,-0.5,0.0,0.9408000000000001,25.6603673214213
4,-0.5,0.0,0.9424,25.661502125769825
4,-0.5,0.0,0.9440000000000001,25.66263452149634
4,-0.5,0.0,0.9456,25.663764510951854
4,-0.5,0.0,0.9472,25.664892096484902
4,-0.5,0.0,0.9488000000000001,25.666017280441555
4,-0.5,0.0,0.9504,25.667140065165427
4,-0.5,0.0,0.9520000000000001,25.668260452997625
4,-0.5,0.0,0.9536,25.66937844627677
4,-0.5,0.0,0.9552,25.67049404733896
4,-0.5,0.0,0.9568000000000001,25.671607258517774
4,-0.5,0.0,0.9584,25.672718082144275
4,-0.5,0.0,0.9600000000000001,25.673826520546974
4,-0.5,0.0,0.9616,25.674932576051827
4,-0.5,0.0,0.9632000000000001,25.67603625098224
4,-0.5,0.0,0.9648,25.677137547659036
4,-0.5,0.0,0.9664,25.67823646840047
4,-0.5,0.0,0.9680000000000001,25.67933301552219
4,-0.5,0.0,0.9696,25.680427191337262
4,-0.5,0.0,0.9712000000000001,25.681518998156132
4,-0.5,0.0,0.9728,25.68260843828663
4,-0.5,0.0,0.9744,25.683695514033953
4,-0.5,0.0,0.9760000000000001,25.684780227700678
4,-0.5,0.0,0.9776,25.685862581586726
4,-0.5,0.0,0.9792000000000001,25.686942577989377
4,-0.5,0.0,0.9808,25.688020219203228
4,-0.5,0.0,0.9824,25.689095507520236
4,-0.5,0.0,0.9840000000000001,25.69016844522966
4,-0.5,0.0,0.9856,25.691239034618086
4,-0.5,0.0,0.9872000000000001,25.692307277969398
4,-0.5,0.0,0.9888,25.693373177564794
4,-0.5,0.0,0.9904000000000001,25.69443673568276
4,-0.5,0.0,0.992,25.695497954599062
4,-0.5,0.0,0.9936,25.69655683658675
4,-0.5,0.0,0.9952000000000001,25.697613383916153
4,-0.5,0.0,0.9968,25.698667598854858
4,-0.5,0.0,0.9984000000000001,25.699719483667714
4,-0.5,0.0,1.0,25.700769040616816
4,-0.5,0.0,1.0016,25.701816271961516
4,-0.5,0.0,1.0032,25.70286117995839
4,-0.5,0.0,1.0048000000000001,25.70390376686127
4,-0.5,0.0,1.0064,25.7049440349212
4,-0.5,0.0,1.008,25.70598198638646
4,-0.5,0.0,1.0096,25.707017623502527
4,-0.5,0.0,1.0112,25.708050948512103
4,-0.5,0.0,1.0128000000000001,25.709081963655095
4,-0.5,0.0,1.0144,25.710110671168607
4,-0.5,0.0,1.016,25.711137073286935
4,-0.5,0.0,1.0176,25.712161172241583
4,-0.5,0.0,1.0192,25.71318297026122
4,-0.5,0.0,1.0208000000000002,25.714202469571703
4,-0.5,0.0,1.0224,25.71521967239606
4,-0.5,0.0,1.024,25.716234580954502
4,-0.5,0.0,1.0256,25.717247197464403
4,-0.5,0.0,1.0272000000000001,25.718257524140295
4,-0.5,0.0,1.0288000000000002,25.719265563193865
4,-0.5,0.0,1.0304,25.720271316833966
4,-0.5,0.0,1.032,25.72127478726659
4,-0.5,0.0,1.0336,25.72227597669489
4,-0.5,0.0,1.0352000000000001,25.723274887319143
4,-0.5,0.0,1.0368,25.724271521336778
4,-0.5,0.0,1.0384,25.725265880942356
4,-0.5,0.0,1.04,25.72625796832757
4,-0.5,0.0,1.0416,25.727247785681243
4,-0.5,0.0,1.0432000000000001,25.728235335189318
4,-0.5,0.0,1.0448,25.729220619034873
4,-0.5,0.0,1.0464,25.730203639398088
4,-0.5,0.0,1.048,25.731184398456268
4,-0.5,0.0,1.0496,25.732162898383837
4,-0.5,0.0,1.0512000000000001,25.73313914135232
4,-0.5,0.0,1.0528,25.734113129530364
4,-0.5,0.0,1.0544,25.735084865083703
4,-0.5,0.0,1.056,25.736054350175184
4,-0.5,0.0,1.0576,25.737021586964758
4,-0.5,0.0,1.0592000000000001,25.73798657760947
4,-0.5,0.0,1.0608,25.73894932426346
4,-0.5,0.0,1.0624,25.739909829077963
4,-0.5,0.0,1.064,25.74086809420131
4,-0.5,0.0,1.0656,25.74182412177892
4,-0.5,0.0,1.0672000000000001,25.7427779139533
4,-0.5,0.0,1.0688,25.743729472864047
4,-0.5,0.0,1.0704,25.744678800647836
4,-0.5,0.0,1.072,25.74562589943843
4,-0.5,0.0,1.0736,25.74657077136668
4,-0.5,0.0,1.0752000000000002,25.747513418560505
4,-0.5,0.0,1.0768,25.74845384314491
4,-0.5,0.0,1.0784,25.74939204724199
4,-0.5,0.0,1.08,25.7503280329709
4,-0.5,0.0,1.0816000000000001,25.751261802447868
4,-0.5,0.0,1.0832000000000002,25.752193357786215
4,-0.5,0.0,1.0848,25.753122701096324
4,-0.5,0.0,1.0864,25.754049834485652
4,-0.5,0.0,1.088,25.754974760058733
4,-0.5,0.0,1.0896000000000001,25.755897479917163
4,-0.5,0.0,1.0912,25.75681799615962
4,-0.5,0.0,1.0928,25.75773631088185
4,-0.5,0.0,1.0944,25.758652426176663
4,-0.5,0.0,1.096,25.75956634413395
4,-0.5,0.0,1.0976000000000001,25.760478066840655
4,-0.5,0.0,1.0992,25.761387596380807
4,-0.5,0.0,1.1008,25.76229493483549
4,-0.5,0.0,1.1024,25.763200084282875
4,-0.5,0.0,1.104,25.764103046798184
4,-0.5,0.0,1.1056000000000001,25.76500382445371
4,-0.5,0.0,1.1072,25.76590241931882
4,-0.5,0.0,1.1088,25.76679883345996
4,-0.5,0.0,1.1104,25.76769306894062
4,-0.5,0.0,1.112,25.76858512782138
4,-0.5,0.0,1.1136000000000001,25.76947501215988
4,-0.5,0.0,1.1152,25.77036272401083
4,-0.5,0.0,1.1168,25.771248265426014
4,-0.5,0.0,1.1184,25.77213163845429
4,-0.5,0.0,1.12,25.773012845141576
4,-0.5,0.0,1.1216000000000002,25.773891887530876
4,-0.5,0.0,1.1232,25.774768767662255
4,-0.5,0.0,1.1248,25.775643487572864
4,-0.5,0.0,1.1264,25.776516049296912
4,-0.5,0.0,1.1280000000000001,25.777386454865695
4,-0.5,0.0,1.1296000000000002,25.77825470630758
4,-0.5,0.0,1.1312,25.77912080564802
4,-0.5,0.0,1.1328,25.77998475490953
4,-0.5,0.0,1.1344,25.78084655611172
4,-0.5,0.0,1.1360000000000001,25.781706211271267
4,-0.5,0.0,1.1376,25.782563722401942
4,-0.5,0.0,1.1392,25.783419091514585
4,-0.5,0.0,1.1408,25.78427232061713
4,-0.5,0.0,1.1424,25.785123411714597
4,-0.5,0.0,1.1440000000000001,25.78597236680908
4,-0.5,0.0,1.1456,25.786819187899777
4,-0.5,0.0,1.1472,25.787663876982965
4,-0.5,0.0,1.1488,25.788506436052014
4,-0.5,0.0,1.1504,25.78934686709739
4,-0.5,0.0,1.1520000000000001,25.79018517210664
4,-0.5,0.0,1.1536,25.791021353064423
4,-0.5,0.0,1.1552,25.791855411952497
4,-0.5,0.0,1.1568,25.792687350749695
4,-0.5,0.0,1.1584,25.793517171431983
4,-0.5,0.0,1.1600000000000001,25.794344875972406
4,-0.5,0.0,1.1616,25.79517046634112
4,-0.5,0.0,1.1632,25.795993944505387
4,-0.5,0.0,1.1648,25.796815312429587
4,-0.5,0.0,1.1664,25.7976345720752
4,-0.5,0.0,1.1680000000000001,25.79845172540082
4,-0.5,0.0,1.1696,25.799266774362152
4,-0.5,0.0,1.1712,25.800079720912027
4,-0.5,0.0,1.1728,25.800890567000387
4,-0.5,0.0,1.1744,25.8016993145743
4,-0.5,0.0,1.1760000000000002,25.80250596557795
4,-0.5,0.0,1.1776,25.80331052195266
4,-0.5,0.0,1.1792,25.804112985636866
4,-0.5,0.0,1.1808,25.804913358566147
4,-0.5,0.0,1.1824000000000001,25.8057116426732
4,-0.5,0.0,1.1840000000000002,25.806507839887868
4,-0.5,0.0,1.1856,25.80730195213712
4,-0.5,0.0,1.1872,25.808093981345085
4,-0.5,0.0,1.1888,25.808883929433016
4,-0.5,0.0,1.1904000000000001,25.809671798319318
4,-0.5,0.0,1.192,25.810457589919533
4,-0.5,0.0,1.1936,25.81124130614638
4,-0.5,0.0,1.1952,25.812022948909696
4,-0.5,0.0,1.1968,25.812802520116495
4,-0.5,0.0,1.1984000000000001,25.81358002167094
4,-0.5,0.0,1.2,25.814355455474363
4,-0.5,0.0,1.2016,25.81512882342525
4,-0.5,0.0,1.2032,25.815900127419265
4,-0.5,0.0,1.2048,25.816669369349228
4,-0.5,0.0,1.2064000000000001,25.817436551105143
4,-0.5,0.0,1.208,25.818201674574173
4,-0.5,0.0,1.2096,25.818964741640677
4,-0.5,0.0,1.2112,25.819725754186184
4,-0.5,0.0,1.2128,25.820484714089407
4,-0.5,0.0,1.2144000000000001,25.82124162322625
4,-0.5,0.0,1.216,25.821996483469796
4,-0.5,0.0,1.2176,25.82274929669034
4,-0.5,0.0,1.2192,25.82350006475535
4,-0.5,0.0,1.2208,25.824248789529513
4,-0.5,0.0,1.2224000000000002,25.824995472874697
4,-0.5,0.0,1.224,25.82574011665
4,-0.5,0.0,1.2256,25.82648272271171
4,-0.5,0.0,1.2272,25.827223292913324
4,-0.5,0.0,1.2288000000000001,25.827961829105572
4,-0.5,0.0,1.2304000000000002,25.82869833313638
4,-0.5,0.0,1.232,25.82943280685091
4,-0.5,0.0,1.2336,25.830165252091543
4,-0.5,0.0,1.2352,25.830895670697892
4,-0.5,0.0,1.2368000000000001,25.831624064506794
4,-0.5,0.0,1.2384000000000002,25.83235043535232
4,-0.5,0.0,1.24,25.833074785065783
4,-0.5,0.0,1.2416,25.833797115475743
4,-0.5,0.0,1.2432,25.834517428407988
4,-0.5,0.0,1.2448000000000001,25.83523572568558
4,-0.5,0.0,1.2464,25.8359520091288
4,-0.5,0.0,1.248,25.836666280555203
4,-0.5,0.0,1.2496,25.837378541779604
4,-0.5,0.0,1.2512,25.838088794614066
4,-0.5,0.0,1.2528000000000001,25.838797040867924
4,-0.5,0.0,1.2544,25.839503282347792
4,-0.5,0.0,1.256,25.84020752085755
4,-0.5,0.0,1.2576,25.840909758198343
4,-0.5,0.0,1.2592,25.841609996168607
4,-0.5,0.0,1.2608000000000001,25.842308236564058
4,-0.5,0.0,1.2624,25.843004481177694
4,-0.5,0.0,1.264,25.84369873179981
4,-0.5,0.0,1.2656,25.844390990218002
4,-0.5,0.0,1.2672,25.845081258217146
4,-0.5,0.0,1.2688000000000001,25.845769537579425
4,-0.5,0.0,1.2704,25.846455830084334
4,-0.5,0.0,1.272,25.84714013750867
4,-0.5,0.0,1.2736,25.84782246162655
4,-0.5,0.0,1.2752000000000001,25.848502804209396
4,-0.5,0.0,1.2768000000000002,25.849181167025964
4,-0.5,0.0,1.2784,25.849857551842316
4,-0.5,0.0,1.28,25.850531960421854
4,-0.5,0.0,1.2816,25.851204394525308
4,-0.5,0.0,1.2832000000000001,25.851874855910744
4,-0.5,0.0,1.2848000000000002,25.85254334633357
4,-0.5,0.0,1.2864,25.853209867546525
4,-0.5,0.0,1.288,25.853874421299707
4,-0.5,0.0,1.2896,25.854537009340557
4,-0.5,0.0,1.2912000000000001,25.855197633413876
4,-0.5,0.0,1.2928000000000002,25.855856295261816
4,-0.5,0.0,1.2944,25.8565129966239
4,-0.5,0.0,1.296,25.857167739237006
4,-0.5,0.0,1.2976,25.857820524835397
4,-0.5,0.0,1.2992000000000001,25.85847135515069
4,-0.5,0.0,1.3008,25.8591202319119
4,-0.5,0.0,1.3024,25.8597671568454
4,-0.5,0.0,1.304,25.860412131674973
4,-0.5,0.0,1.3056,25.861055158121776
4,-0.5,0.0,1.3072000000000001,25.86169623790437
4,-0.5,0.0,1.3088,25.8623353727387
4,-0.5,0.0,1.3104,25.86297256433813
4,-0.5,0.0,1.312,25.863607814413403
4,-0.5,0.0,1.3136,25.8642411246727
4,-0.5,0.0,1.3152000000000001,25.8648724968216
4,-0.5,0.0,1.3168,25.865501932563106
4,-0.5,0.0,1.3184,25.866129433597635
4,-0.5,0.0,1.32,25.866755001623034
4,-0.5,0.0,1.3216,25.86737863833458
4,-0.5,0.0,1.3232000000000002,25.868000345424978
4,-0.5,0.0,1.3248,25.868620124584375
4,-0.5,0.0,1.3264,25.869237977500365
4,-0.5,0.0,1.328,25.869853905857987
4,-0.5,0.0,1.3296000000000001,25.870467911339716
4,-0.5,0.0,1.3312000000000002,25.871079995625493
4,-0.5,0.0,1.3328,25.871690160392717
4,-0.5,0.0,1.3344,25.872298407316244
4,-0.5,0.0,1.336,25.872904738068403
4,-0.5,0.0,1.3376000000000001,25.873509154318977
4,-0.5,0.0,1.3392000000000002,25.874111657735252
4,-0.5,0.0,1.3408,25.874712249981965
4,-0.5,0.0,1.3424,25.875310932721344
4,-0.5,0.0,1.344,25.875907707613116
4,-0.5,0.0,1.3456000000000001,25.876502576314483
4,-0.5,0.0,1.3472000000000002,25.877095540480145
4,-0.5,0.0,1.3488,25.87768660176231
4,-0.5,0.0,1.3504,25.878275761810677
4,-0.5,0.0,1.352,25.878863022272462
4,-0.5,0.0,1.3536000000000001,25.879448384792397
4,-0.5,0.0,1.3552,25.88003185101271
4,-0.5,0.0,1.3568,25.880613422573173
4,-0.5,0.0,1.3584,25.88119310111106
4,-0.5,0.0,1.36,25.881770888261187
4,-0.5,0.0,1.3616000000000001,25.882346785655894
4,-0.5,0.0,1.3632,25.88292079492507
4,-0.5,0.0,1.3648,25.883492917696135
4,-0.5,0.0,1.3664,25.884063155594053
4,-0.5,0.0,1.368,25.884631510241338
4,-0.5,0.0,1.3696000000000002,25.88519798325806
4,-0.5,0.0,1.3712,25.885762576261847
4,-0.5,0.0,1.3728,25.886325290867887
4,-0.5,0.0,1.3744,25.886886128688936
4,-0.5,0.0,1.3760000000000001,25.88744509133532
4,-0.5,0.0,1.3776000000000002,25.888002180414933
4,-0.5,0.0,1.3792,25.888557397533248
4,-0.5,0.0,1.3808,25.889110744293323
4,-0.5,0.0,1.3824,25.889662222295815
4,-0.5,0.0,1.3840000000000001,25.89021183313895
4,-0.5,0.0,1.3856000000000002,25.89075957841856
4,-0.5,0.0,1.3872,25.89130545972808
4,-0.5,0.0,1.3888,25.891849478658543
4,-0.5,0.0,1.3904,25.892391636798592
4,-0.5,0.0,1.3920000000000001,25.89293193573448
4,-0.5,0.0,1.3936000000000002,25.893470377050082
4,-0.5,0.0,1.3952,25.89400696232688
4,-0.5,0.0,1.3968,25.894541693144
4,-0.5,0.0,1.3984,25.895074571078176
4,-0.5,0.0,1.4000000000000001,25.895605597703785
4,-0.5,0.0,1.4016,25.89613477459285
4,-0.5,0.0,1.4032,25.896662103315016
4,-0.5,0.0,1.4048,25.89718758543759
4,-0.5,0.0,1.4064,25.897711222525523
4,-0.5,0.0,1.4080000000000001,25.898233016141415
4,-0.5,0.0,1.4096,25.89875296784553
4,-0.5,0.0,1.4112,25.8992710791958
4,-0.5,0.0,1.4128,25.89978735174781
4,-0.5,0.0,1.4144,25.90030178705482
4,-0.5,0.0,1.4160000000000001,25.900814386667765
4,-0.5,0.0,1.4176,25.90132515213527
4,-0.5,0.0,1.4192,25.90183408500363
4,-0.5,0.0,1.4208,25.902341186816837
4,-0.5,0.0,1.4224,25.902846459116557
4,-0.5,0.0,1.4240000000000002,25.903349903442173
4,-0.5,0.0,1.4256,25.903851521330758
4,-0.5,0.0,1.4272,25.904351314317097
4,-0.5,0.0,1.4288,25.904849283933668
4,-0.5,0.0,1.4304000000000001,25.905345431710675
4,-0.5,0.0,1.4320000000000002,25.905839759176033
4,-0.5,0.0,1.4336,25.90633226785538
4,-0.5,0.0,1.4352,25.90682295927208
4,-0.5,0.0,1.4368,25.907311834947226
4,-0.5,0.0,1.4384000000000001,25.907798896399644
4,-0.5,0.0,1.4400000000000002,25.908284145145895
4,-0.5,0.0,1.4416,25.908767582700282
4,-0.5,0.0,1.4432,25.909249210574856
4,-0.5,0.0,1.4448,25.909729030279426
4,-0.5,0.0,1.4464000000000001,25.910207043321538
4,-0.5,0.0,1.4480000000000002,25.910683251206514
4,-0.5,0.0,1.4496,25.91115765543742
4,-0.5,0.0,1.4512,25.911630257515114
4,-0.5,0.0,1.4528,25.9121010589382
4,-0.5,0.0,1.4544000000000001,25.91257006120307
4,-0.5,0.0,1.456,25.913037265803894
4,-0.5,0.0,1.4576,25.913502674232625
4,-0.5,0.0,1.4592,25.913966287978994
4,-0.5,0.0,1.4608,25.91442810853054
4,-0.5,0.0,1.4624000000000001,25.91488813737259
4,-0.5,0.0,1.464,25.91534637598827
4,-0.5,0.0,1.4656,25.915802825858513
4,-0.5,0.0,1.4672,25.916257488462048
4,-0.5,0.0,1.4688,25.916710365275442
4,-0.5,0.0,1.4704000000000002,25.91716145777305
4,-0.5,0.0,1.472,25.917610767427064
4,-0.5,0.0,1.4736,25.918058295707496
4,-0.5,0.0,1.4752,25.918504044082194
4,-0.5,0.0,1.4768000000000001,25.918948014016824
4,-0.5,0.0,1.4784000000000002,25.9193902069749
4,-0.5,0.0,1.48,25.919830624417777
4,-0.5,0.0,1.4816,25.920269267804645
4,-0.5,0.0,1.4832,25.920706138592557
4,-0.5,0.0,1.4848000000000001,25.921141238236412
4,-0.5,0.0,1.4864000000000002,25.92157456818896
4,-0.5,0.0,1.488,25.922006129900822
4,-0.5,0.0,1.4896,25.92243592482049
4,-0.5,0.0,1.4912,25.92286395439431
4,-0.5,0.0,1.4928000000000001,25.923290220066498
4,-0.5,0.0,1.4944000000000002,25.92371472327918
4,-0.5,0.0,1.496,25.92413746547233
4,-0.5,0.0,1.4976,25.92455844808382
4,-0.5,0.0,1.4992,25.92497767254941
4,-0.5,0.0,1.5008000000000001,25.925395140302758
4,-0.5,0.0,1.5024000000000002,25.925810852775413
4,-0.5,0.0,1.504,25.92622481139684
4,-0.5,0.0,1.5056,25.92663701759438
4,-0.5,0.0,1.5072,25.927047472793326
4,-0.5,0.0,1.5088000000000001,25.92745617841685
4,-0.5,0.0,1.5104,25.927863135886053
4,-0.5,0.0,1.512,25.928268346619962
4,-0.5,0.0,1.5136,25.928671812035525
4,-0.5,0.0,1.5152,25.92907353354763
4,-0.5,0.0,1.5168000000000001,25.929473512569075
4,-0.5,0.0,1.5184,25.929871750510625
4,-0.5,0.0,1.52,25.930268248780973
4,-0.5,0.0,1.5216,25.93066300878675
4,-0.5,0.0,1.5232,25.931056031932545
4,-0.5,0.0,1.5248000000000002,25.931447319620904
4,-0.5,0.0,1.5264,25.931836873252326
4,-0.5,0.0,1.528,25.932224694225276
4,-0.5,0.0,1.5296,25.93261078393618
4,-0.5,0.0,1.5312000000000001,25.932995143779433
4,-0.5,0.0,1.5328000000000002,25.933377775147402
4,-0.5,0.0,1.5344,25.933758679430444
4,-0.5,0.0,1.536,25.934137858016875
4,-0.5,0.0,1.5376,25.93451531229302
4,-0.5,0.0,1.5392000000000001,25.934891043643177
4,-0.5,0.0,1.5408000000000002,25.93526505344964
4,-0.5,0.0,1.5424,25.935637343092704
4,-0.5,0.0,1.544,25.93600791395067
4,-0.5,0.0,1.5456,25.936376767399835
4,-0.5,0.0,1.5472000000000001,25.936743904814495
4,-0.5,0.0,1.5488000000000002,25.93710932756698
4,-0.5,0.0,1.5504,25.937473037027612
4,-0.5,0.0,1.552,25.937835034564767
4,-0.5,0.0,1.5536,25.938195321544814
4,-0.5,0.0,1.5552000000000001,25.93855389933216
4,-0.5,0.0,1.5568000000000002,25.938910769289244
4,-0.5,0.0,1.5584,25.939265932776554
4,-0.5,0.0,1.56,25.93961939115259
4,-0.5,0.0,1.5616,25.939971145773917
4,-0.5,0.0,1.5632000000000001,25.940321197995143
4,-0.5,0.0,1.5648,25.940669549168916
4,-0.5,0.0,1.5664,25.941016200645954
4,-0.5,0.0,1.568,25.941361153775023
4,-0.5,0.0,1.5696,25.941704409902957
4,-0.5,0.0,1.5712000000000002,25.942045970374654
4,-0.5,0.0,1.5728,25.94238583653308
4,-0.5,0.0,1.5744,25.94272400971928
4,-0.5,0.0,1.576,25.943060491272373
4,-0.5,0.0,1.5776000000000001,25.94339528252956
4,-0.5,0.0,1.5792000000000002,25.943728384826123
4,-0.5,0.0,1.5808,25.944059799495435
4,-0.5,0.0,1.5824,25.944389527868967
4,-0.5,0.0,1.584,25.94471757127628
4,-0.5,0.0,1.5856000000000001,25.945043931045035
4,-0.5,0.0,1.5872000000000002,25.945368608501006
4,-0.5,0.0,1.5888,25.945691604968065
4,-0.5,0.0,1.5904,25.946012921768194
4,-0.5,0.0,1.592,25.946332560221496
4,-0.5,0.0,1.5936000000000001,25.94665052164619
4,-0.5,0.0,1.5952000000000002,25.94696680735862
4,-0.5,0.0,1.5968,25.947281418673253
4,-0.5,0.0,1.5984,25.94759435690268
4,-0.5,0.0,1.6,25.94790562335764
4,-0.5,0.0,1.6016000000000001,25.948215219347002
4,-0.5,0.0,1.6032000000000002,25.948523146177767
4,-0.5,0.0,1.6048,25.9488294051551
4,-0.5,0.0,1.6064,25.949133997582283
4,-0.5,0.0,1.608,25.94943692476079
4,-0.5,0.0,1.6096000000000001,25.94973818799022
4,-0.5,0.0,1.6112000000000002,25.950037788568338
4,-0.5,0.0,1.6128,25.950335727791078
4,-0.5,0.0,1.6144,25.95063200695254
4,-0.5,0.0,1.616,25.950926627344984
4,-0.5,0.0,1.6176000000000001,25.951219590258855
4,-0.5,0.0,1.6192,25.951510896982768
4,-0.5,0.0,1.6208,25.951800548803522
4,-0.5,0.0,1.6224,25.9520885470061
4,-0.5,0.0,1.624,25.952374892873667
4,-0.5,0.0,1.6256000000000002,25.952659587687595
4,-0.5,0.0,1.6272,25.952942632727428
4,-0.5,0.0,1.6288,25.95322402927093
4,-0.5,0.0,1.6304,25.95350377859406
4,-0.5,0.0,1.6320000000000001,25.953781881970972
4,-0.5,0.0,1.6336000000000002,25.95405834067405
4,-0.5,0.0,1.6352,25.95433315597387
4,-0.5,0.0,1.6368,25.954606329139242
4,-0.5,0.0,1.6384,25.95487786143719
4,-0.5,0.0,1.6400000000000001,25.955147754132952
4,-0.5,0.0,1.6416000000000002,25.955416008490005
4,-0.5,0.0,1.6432,25.95568262577005
4,-0.5,0.0,1.6448,25.95594760723302
4,-0.5,0.0,1.6464,25.9562109541371
4,-0.5,0.0,1.6480000000000001,25.956472667738698
4,-0.5,0.0,1.6496000000000002,25.956732749292474
4,-0.5,0.0,1.6512,25.956991200051338
4,-0.5,0.0,1.6528,25.95724802126645
4,-0.5,0.0,1.6544,25.957503214187227
4,-0.5,0.0,1.6560000000000001,25.95775678006133
4,-0.5,0.0,1.6576000000000002,25.9580087201347
4,-0.5,0.0,1.6592,25.95825903565154
4,-0.5,0.0,1.6608,25.958507727854318
4,-0.5,0.0,1.6624,25.95875479798377
4,-0.5,0.0,1.6640000000000001,25.959000247278915
4,-0.5,0.0,1.6656,25.959244076977047
4,-0.5,0.0,1.6672,25.95948628831374
4,-0.5,0.0,1.6688,25.95972688252286
4,-0.5,0.0,1.6704,25.959965860836565
4,-0.5,0.0,1.6720000000000002,25.960203224485287
4,-0.5,0.0,1.6736,25.960438974697773
4,-0.5,0.0,1.6752,25.960673112701063
4,-0.5,0.0,1.6768,25.960905639720497
4,-0.5,0.0,1.6784000000000001,25.961136556979728
4,-0.5,0.0,1.6800000000000002,25.961365865700714
4,-0.5,0.0,1.6816,25.96159356710372
4,-0.5,0.0,1.6832,25.961819662407336
4,-0.5,0.0,1.6848,25.962044152828465
4,-0.5,0.0,1.6864000000000001,25.96226703958234
4,-0.5,0.0,1.6880000000000002,25.962488323882518
4,-0.5,0.0,1.6896,25.96270800694088
4,-0.5,0.0,1.6912,25.962926089967638
4,-0.5,0.0,1.6928,25.96314257417135
4,-0.5,0.0,1.6944000000000001,25.963357460758914
4,-0.5,0.0,1.6960000000000002,25.96357075093556
4,-0.5,0.0,1.6976,25.96378244590486
4,-0.5,0.0,1.6992,25.963992546868763
4,-0.5,0.0,1.7008,25.964201055027537
4,-0.5,0.0,1.7024000000000001,25.964407971579828
4,-0.5,0.0,1.7040000000000002,25.964613297722632
4,-0.5,0.0,1.7056,25.964817034651304
4,-0.5,0.0,1.7072,25.965019183559573
4,-0.5,0.0,1.7088,25.96521974563953
4,-0.5,0.0,1.7104000000000001,25.965418722081644
4,-0.5,0.0,1.7120000000000002,25.965616114074752
4,-0.5,0.0,1.7136,25.965811922806072
4,-0.5,0.0,1.7152,25.966006149461208
4,-0.5,0.0,1.7168,25.966198795224145
4,-0.5,0.0,1.7184000000000001,25.966389861277257
4,-0.5,0.0,1.72,25.966579348801307
4,-0.5,0.0,1.7216,25.966767258975455
4,-0.5,0.0,1.7232,25.96695359297726
4,-0.5,0.0,1.7248,25.967138351982676
4,-0.5,0.0,1.7264000000000002,25.967321537166065
4,-0.5,0.0,1.728,25.967503149700196
4,-0.5,0.0,1.7296,25.967683190756247
4,-0.5,0.0,1.7312,25.96786166150381
4,-0.5,0.0,1.7328000000000001,25.96803856311089
4,-0.5,0.0,1.7344000000000002,25.968213896743922
4,-0.5,0.0,1.736,25.968387663567754
4,-0.5,0.0,1.7376,25.96855986474566
4,-0.5,0.0,1.7392,25.968730501439346
4,-0.5,0.0,1.7408000000000001,25.96889957480895
4,-0.5,0.0,1.7424000000000002,25.969067086013048
4,-0.5,0.0,1.744,25.96923303620865
4,-0.5,0.0,1.7456,25.969397426551204
4,-0.5,0.0,1.7472,25.96956025819461
4,-0.5,0.0,1.7488000000000001,25.96972153229121
4,-0.5,0.0,1.7504000000000002,25.9698812499918
4,-0.5,0.0,1.752,25.970039412445633
4,-0.5,0.0,1.7536,25.970196020800408
4,-0.5,0.0,1.7552,25.970351076202295
4,-0.5,0.0,1.7568000000000001,25.970504579795925
4,-0.5,0.0,1.7584000000000002,25.97065653272438
4,-0.5,0.0,1.76,25.970806936129236
4,-0.5,0.0,1.7616,25.97095579115052
4,-0.5,0.0,1.7632,25.971103098926744
4,-0.5,0.0,1.7648000000000001,25.971248860594887
4,-0.5,0.0,1.7664000000000002,25.971393077290433
4,-0.5,0.0,1.768,25.97153575014732
4,-0.5,0.0,1.7696,25.971676880298
4,-0.5,0.0,1.7712,25.971816468873385
4,-0.5,0.0,1.7728000000000002,25.971954517002914
4,-0.5,0.0,1.7744,25.972091025814496
4,-0.5,0.0,1.776,25.972225996434553
4,-0.5,0.0,1.7776,25.97235942998799
4,-0.5,0.0,1.7792000000000001,25.972491327598245
4,-0.5,0.0,1.7808000000000002,25.97262169038724
4,-0.5,0.0,1.7824,25.972750519475422
4,-0.5,0.0,1.784,25.972877815981743
4,-0.5,0.0,1.7856,25.973003581023676
4,-0.5,0.0,1.7872000000000001,25.973127815717206
4,-0.5,0.0,1.7888000000000002,25.973250521176855
4,-0.5,0.0,1.7904,25.973371698515653
4,-0.5,0.0,1.792,25.97349134884517
4,-0.5,0.0,1.7936,25.9736094732755
4,-0.5,0.0,1.7952000000000001,25.97372607291528
4,-0.5,0.0,1.7968000000000002,25.973841148871674
4,-0.5,0.0,1.7984,25.97395470225039
4,-0.5,0.0,1.8,25.974066734155677
4,-0.5,0.0,1.8016,25.974177245690328
4,-0.5,0.0,1.8032000000000001,25.974286237955695
4,-0.5,0.0,1.8048000000000002,25.97439371205167
4,-0.5,0.0,1.8064,25.974499669076696
4,-0.5,0.0,1.808,25.974604110127782
4,-0.5,0.0,1.8096,25.974707036300497
4,-0.5,0.0,1.8112000000000001,25.97480844868896
4,-0.5,0.0,1.8128000000000002,25.974908348385874
4,-0.5,0.0,1.8144,25.97500673648249
4,-0.5,0.0,1.816,25.975103614068647
4,-0.5,0.0,1.8176,25.975198982232747
4,-0.5,0.0,1.8192000000000002,25.975292842061776
4,-0.5,0.0,1.8208000000000002,25.97538519464129
4,-0.5,0.0,1.8224,25.975476041055437
4,-0.5,0.0,1.824,25.97556538238694
4,-0.5,0.0,1.8256000000000001,25.975653219717117
4,-0.5,0.0,1.8272000000000002,25.975739554125873
4,-0.5,0.0,1.8288,25.975824386691706
4,-0.5,0.0,1.8304,25.97590771849172
4,-0.5,0.0,1.832,25.9759895506016
4,-0.5,0.0,1.8336000000000001,25.976069884095644
4,-0.5,0.0,1.8352000000000002,25.976148720046748
4,-0.5,0.0,1.8368,25.97622605952642
4,-0.5,0.0,1.8384,25.97630190360478
4,-0.5,0.0,1.84,25.97637625335055
4,-0.5,0.0,1.8416000000000001,25.976449109831076
4,-0.5,0.0,1.8432000000000002,25.97652047411232
4,-0.5,0.0,1.8448,25.976590347258853
4,-0.5,0.0,1.8464,25.976658730333885
4,-0.5,0.0,1.848,25.97672562439925
4,-0.5,0.0,1.8496000000000001,25.9767910305154
4,-0.5,0.0,1.8512000000000002,25.97685494974143
4,-0.5,0.0,1.8528,25.97691738313506
4,-0.5,0.0,1.8544,25.976978331752647
4,-0.5,0.0,1.856,25.977037796649196
4,-0.5,0.0,1.8576000000000001,25.97709577887834
4,-0.5,0.0,1.8592000000000002,25.977152279492373
4,-0.5,0.0,1.8608,25.977207299542215
4,-0.5,0.0,1.8624,25.977260840077456
4,-0.5,0.0,1.864,25.977312902146323
4,-0.5,0.0,1.8656000000000001,25.977363486795713
4,-0.5,0.0,1.8672000000000002,25.97741259507117
4,-0.5,0.0,1.8688,25.9774602280169
4,-0.5,0.0,1.8704,25.97750638667577
4,-0.5,0.0,1.872,25.977551072089316
4,-0.5,0.0,1.8736000000000002,25.977594285297737
4,-0.5,0.0,1.8752000000000002,25.977636027339912
4,-0.5,0.0,1.8768,25.977676299253385
4,-0.5,0.0,1.8784,25.977715102074377
4,-0.5,0.0,1.8800000000000001,25.97775243683779
4,-0.5,0.0,1.8816000000000002,25.977788304577203
4,-0.5,0.0,1.8832,25.97782270632488
4,-0.5,0.0,1.8848,25.97785564311177
4,-0.5,0.0,1.8864,25.97788711596752
4,-0.5,0.0,1.8880000000000001,25.97791712592045
4,-0.5,0.0,1.8896000000000002,25.97794567399759
4,-0.5,0.0,1.8912,25.977972761224656
4,-0.5,0.0,1.8928,25.97799838862607
4,-0.5,0.0,1.8944,25.978022557224943
4,-0.5,0.0,1.8960000000000001,25.978045268043108
4,-0.5,0.0,1.8976000000000002,25.978066522101084
4,-0.5,0.0,1.8992,25.978086320418118
4,-0.5,0.0,1.9008,25.978104664012157
4,-0.5,0.0,1.9024,25.978121553899857
4,-0.5,0.0,1.9040000000000001,25.978136991096605
4,-0.5,0.0,1.9056000000000002,25.978150976616497
4,-0.5,0.0,1.9072,25.97816351147235
4,-0.5,0.0,1.9088,25.9781745966757
4,-0.5,0.0,1.9104,25.97818423323682
4,-0.5,0.0,1.9120000000000001,25.978192422164703
4,-0.5,0.0,1.9136000000000002,25.978199164467078
4,-0.5,0.0,1.9152,25.978204461150412
4,-0.5,0.0,1.9168,25.978208313219895
4,-0.5,0.0,1.9184,25.97821072167946
4,-0.5,0.0,1.9200000000000002,25.978211687531786
4,-0.5,0.0,1.9216000000000002,25.978211211778294
4,-0.5,0.0,1.9232,25.97820929541914
4,-0.5,0.0,1.9248,25.978205939453243
4,-0.5,0.0,1.9264000000000001,25.978201144878263
4,-0.5,0.0,1.9280000000000002,25.978194912690615
4,-0.5,0.0,1.9296,25.978187243885472
4,-0.5,0.0,1.9312,25.97817813945675
4,-0.5,0.0,1.9328,25.978167600397157
4,-0.5,0.0,1.9344000000000001,25.978155627698122
4,-0.5,0.0,1.9360000000000002,25.978142222349867
4,-0.5,0.0,1.9376,25.97812738534138
4,-0.5,0.0,1.9392,25.978111117660404
4,-0.5,0.0,1.9408,25.97809342029347
4,-0.5,0.0,1.9424000000000001,25.978074294225863
4,-0.5,0.0,1.9440000000000002,25.97805374044167
4,-0.5,0.0,1.9456,25.97803175992373
4,-0.5,0.0,1.9472,25.97800835365368
4,-0.5,0.0,1.9488,25.97798352261194
4,-0.5,0.0,1.9504000000000001,25.977957267777704
4,-0.5,0.0,1.9520000000000002,25.977929590128976
4,-0.5,0.0,1.9536,25.97790049064253
4,-0.5,0.0,1.9552,25.977869970293938
4,-0.5,0.0,1.9568,25.977838030057573
4,-0.5,0.0,1.9584000000000001,25.9778046709066
4,-0.5,0.0,1.9600000000000002,25.97776989381298
4,-0.5,0.0,1.9616,25.977733699747482
4,-0.5,0.0,1.9632,25.977696089679682
4,-0.5,0.0,1.9648,25.97765706457796
4,-0.5,0.0,1.9664000000000001,25.977616625409503
4,-0.5,0.0,1.9680000000000002,25.977574773140304
4,-0.5,0.0,1.9696,25.977531508735176
4,-0.5,0.0,1.9712,25.977486833157744
4,-0.5,0.0,1.9728,25.977440747370462
4,-0.5,0.0,1.9744000000000002,25.977393252334586
4,-0.5,0.0,1.9760000000000002,25.97734434901021
4,-0.5,0.0,1.9776,25.97729403835624
4,-0.5,0.0,1.9792,25.977242321330422
4,-0.5,0.0,1.9808000000000001,25.977189198889313
4,-0.5,0.0,1.9824000000000002,25.977134671988324
4,-0.5,0.0,1.984,25.977078741581682
4,-0.5,0.0,1.9856,25.977021408622456
4,-0.5,0.0,1.9872,25.976962674062552
4,-0.5,0.0,1.9888000000000001,25.976902538852716
4,-0.5,0.0,1.9904000000000002,25.976841003942535
4,-0.5,0.0,1.992,25.976778070280446
4,-0.5,0.0,1.9936,25.97671373881373
4,-0.5,0.0,1.9952,25.976648010488503
4,-0.5,0.0,1.9968000000000001,25.97658088624976
4,-0.5,0.0,1.9984000000000002,25.976512367041327
4,-0.5,0.0,2.0,25.976442453805895
4,-0.5,0.0,2.0016000000000003,25.976371147485
4,-0.5,0.0,2.0032,25.976298449019062
4,-0.5,0.0,2.0048,25.976224359347338
4,-0.5,0.0,2.0064,25.976148879407962
4,-0.5,0.0,2.008,25.976072010137933
4,-0.5,0.0,2.0096000000000003,25.975993752473123
4,-0.5,0.0,2.0112,25.975914107348256
4,-0.5,0.0,2.0128,25.975833075696947
4,-0.5,0.0,2.0144,25.97575065845168
4,-0.5,0.0,2.016,25.975666856543818
4,-0.5,0.0,2.0176000000000003,25.97558167090359
4,-0.5,0.0,2.0192,25.975495102460126
4,-0.5,0.0,2.0208,25.97540715214143
4,-0.5,0.0,2.0224,25.975317820874384
4,-0.5,0.0,2.024,25.975227109584765
4,-0.5,0.0,2.0256000000000003,25.975135019197246
4,-0.5,0.0,2.0272,25.975041550635375
4,-0.5,0.0,2.0288,25.97494670482161
4,-0.5,0.0,2.0304,25.97485048267729
4,-0.5,0.0,2.032,25.974752885122665
4,-0.5,0.0,2.0336000000000003,25.974653913076875
4,-0.5,0.0,2.0352,25.97455356745797
4,-0.5,0.0,2.0368,25.974451849182895
4,-0.5,0.0,2.0384,25.97434875916751
4,-0.5,0.0,2.04,25.974244298326578
4,-0.5,0.0,2.0416000000000003,25.974138467573773
4,-0.5,0.0,2.0432,25.974031267821676
4,-0.5,0.0,2.0448,25.973922699981788
4,-0.5,0.0,2.0464,25.973812764964535
4,-0.5,0.0,2.048,25.973701463679244
4,-0.5,0.0,2.0496000000000003,25.97358879703417
4,-0.5,0.0,2.0512,25.973474765936494
4,-0.5,0.0,2.0528,25.973359371292307
4,-0.5,0.0,2.0544000000000002,25.973242614006647
4,-0.5,0.0,2.056,25.973124494983466
4,-0.5,0.0,2.0576000000000003,25.973005015125654
4,-0.5,0.0,2.0592,25.97288417533503
4,-0.5,0.0,2.0608,25.97276197651234
4,-0.5,0.0,2.0624000000000002,25.97263841955728
4,-0.5,0.0,2.064,25.972513505368475
4,-0.5,0.0,2.0656,25.972387234843488
4,-0.5,0.0,2.0672,25.972259608878833
4,-0.5,0.0,2.0688,25.972130628369968
4,-0.5,0.0,2.0704000000000002,25.972000294211284
4,-0.5,0.0,2.072,25.971868607296134
4,-0.5,0.0,2.0736,25.971735568516824
4,-0.5,0.0,2.0752,25.971601178764594
4,-0.5,0.0,2.0768,25.97146543892965
4,-0.5,0.0,2.0784000000000002,25.971328349901146
4,-0.5,0.0,2.08,25.97118991256721
4,-0.5,0.0,2.0816,25.971050127814912
4,-0.5,0.0,2.0832,25.970908996530298
4,-0.5,0.0,2.0848,25.970766519598367
4,-0.5,0.0,2.0864000000000003,25.97062269790309
4,-0.5,0.0,2.088,25.9704775323274
4,-0.5,0.0,2.0896,25.970331023753204
4,-0.5,0.0,2.0912,25.97018317306138
4,-0.5,0.0,2.0928,25.97003398113177
4,-0.5,0.0,2.0944000000000003,25.969883448843202
4,-0.5,0.0,2.096,25.969731577073482
4,-0.5,0.0,2.0976,25.96957836669939
4,-0.5,0.0,2.0992,25.969423818596677
4,-0.5,0.0,2.1008,25.9692679336401
4,-0.5,0.0,2.1024000000000003,25.96911071270338
4,-0.5,0.0,2.104,25.968952156659228
4,-0.5,0.0,2.1056,25.968792266379356
4,-0.5,0.0,2.1072,25.96863104273445
4,-0.5,0.0,2.1088,25.968468486594197
4,-0.5,0.0,2.1104000000000003,25.968304598827274
4,-0.5,0.0,2.112,25.968139380301356
4,-0.5,0.0,2.1136,25.96797283188311
4,-0.5,0.0,2.1152,25.96780495443821
4,-0.5,0.0,2.1168,25.967635748831334
4,-0.5,0.0,2.1184000000000003,25.96746521592615
4,-0.5,0.0,2.12,25.967293356585344
4,-0.5,0.0,2.1216,25.967120171670597
4,-0.5,0.0,2.1232,25.966945662042605
4,-0.5,0.0,2.1248,25.966769828561073
4,-0.5,0.0,2.1264000000000003,25.96659267208472
4,-0.5,0.0,2.128,25.966414193471277
4,-0.5,0.0,2.1296,25.96623439357749
4,-0.5,0.0,2.1312,25.966053273259128
4,-0.5,0.0,2.1328,25.965870833370964
4,-0.5,0.0,2.1344000000000003,25.96568707476681
4,-0.5,0.0,2.136,25.965501998299498
4,-0.5,0.0,2.1376,25.96531560482088
4,-0.5,0.0,2.1392,25.96512789518183
4,-0.5,0.0,2.1408,25.964938870232253
4,-0.5,0.0,2.1424000000000003,25.964748530821094
4,-0.5,0.0,2.144,25.964556877796316
4,-0.5,0.0,2.1456,25.964363912004927
4,-0.5,0.0,2.1472,25.964169634292965
4,-0.5,0.0,2.1488,25.963974045505502
4,-0.5,0.0,2.1504000000000003,25.96377714648665
4,-0.5,0.0,2.152,25.96357893807957
4,-0.5,0.0,2.1536,25.963379421126454
4,-0.5,0.0,2.1552000000000002,25.96317859646854
4,-0.5,0.0,2.1568,25.962976464946124
4,-0.5,0.0,2.1584000000000003,25.962773027398534
4,-0.5,0.0,2.16,25.962568284664158
4,-0.5,0.0,2.1616,25.96236223758042
4,-0.5,0.0,2.1632000000000002,25.96215488698382
4,-0.5,0.0,2.1648,25.96194623370989
4,-0.5,0.0,2.1664000000000003,25.96173627859324
4,-0.5,0.0,2.168,25.96152502246752
4,-0.5,0.0,2.1696,25.961312466165435
4,-0.5,0.0,2.1712000000000002,25.96109861051877
4,-0.5,0.0,2.1728,25.960883456358367
4,-0.5,0.0,2.1744,25.96066700451413
4,-0.5,0.0,2.176,25.96044925581503
4,-0.5,0.0,2.1776,25.9602302110891
4,-0.5,0.0,2.1792000000000002,25.960009871163457
4,-0.5,0.0,2.1808,25.95978823686427
4,-0.5,0.0,2.1824,25.9595653090168
4,-0.5,0.0,2.184,25.95934108844537
4,-0.5,0.0,2.1856,25.95911557597339
4,-0.5,0.0,2.1872000000000003,25.95888877242334
4,-0.5,0.0,2.1888,25.95866067861677
4,-0.5,0.0,2.1904,25.958431295374343
4,-0.5,0.0,2.192,25.958200623515772
4,-0.5,0.0,2.1936,25.957968663859873
4,-0.5,0.0,2.1952000000000003,25.957735417224544
4,-0.5,0.0,2.1968,25.95750088442677
4,-0.5,0.0,2.1984,25.957265066282623
4,-0.5,0.0,2.2,25.957027963607278
4,-0.5,0.0,2.2016,25.956789577214977
4,-0.5,0.0,2.2032000000000003,25.95654990791909
4,-0.5,0.0,2.2048,25.956308956532066
4,-0.5,0.0,2.2064,25.956066723865447
4,-0.5,0.0,2.208,25.955823210729882
4,-0.5,0.0,2.2096,25.955578417935122
4,-0.5,0.0,2.2112000000000003,25.955332346290014
4,-0.5,0.0,2.2128,25.955084996602515
4,-0.5,0.0,2.2144,25.954836369679683
4,-0.5,0.0,2.216,25.95458646632769
4,-0.5,0.0,2.2176,25.954335287351814
4,-0.5,0.0,2.2192000000000003,25.95408283355644
4,-0.5,0.0,2.2208,25.95382910574507
4,-0.5,0.0,2.2224,25.953574104720314
4,-0.5,0.0,2.224,25.953317831283908
4,-0.5,0.0,2.2256,25.9530602862367
4,-0.5,0.0,2.2272000000000003,25.952801470378645
4,-0.5,0.0,2.2288,25.95254138450884
4,-0.5,0.0,2.2304,25.95228002942548
4,-0.5,0.0,2.232,25.952017405925904
4,-0.5,0.0,2.2336,25.951753514806565
4,-0.5,0.0,2.2352000000000003,25.951488356863045
4,-0.5,0.0,2.2368,25.951221932890046
4,-0.5,0.0,2.2384,25.950954243681412
4,-0.5,0.0,2.24,25.950685290030115
4,-0.5,0.0,2.2416,25.950415072728248
4,-0.5,0.0,2.2432000000000003,25.950143592567056
4,-0.5,0.0,2.2448,25.949870850336907
4,-0.5,0.0,2.2464,25.949596846827312
4,-0.5,0.0,2.248,25.94932158282692
4,-0.5,0.0,2.2496,25.949045059123513
4,-0.5,0.0,2.2512000000000003,25.94876727650402
4,-0.5,0.0,2.2528,25.94848823575452
4,-0.5,0.0,2.2544,25.948207937660232
4,-0.5,0.0,2.2560000000000002,25.947926383005512
4,-0.5,0.0,2.2576,25.94764357257388
4,-0.5,0.0,2.2592000000000003,25.94735950714799
4,-0.5,0.0,2.2608,25.94707418750965
4,-0.5,0.0,2.2624,25.946787614439838
4,-0.5,0.0,2.2640000000000002,25.946499788718665
4,-0.5,0.0,2.2656,25.946210711125403
4,-0.5,0.0,2.2672000000000003,25.945920382438484
4,-0.5,0.0,2.2688,25.945628803435493
4,-0.5,0.0,2.2704,25.94533597489318
4,-0.5,0.0,2.2720000000000002,25.945041897587455
4,-0.5,0.0,2.2736,25.944746572293386
4,-0.5,0.0,2.2752,25.944449999785217
4,-0.5,0.0,2.2768,25.944152180836348
4,-0.5,0.0,2.2784,25.943853116219337
4,-0.5,0.0,2.2800000000000002,25.943552806705934
4,-0.5,0.0,2.2816,25.943251253067043
4,-0.5,0.0,2.2832,25.942948456072735
4,-0.5,0.0,2.2848,25.94264441649227
4,-0.5,0.0,2.2864,25.942339135094077
4,-0.5,0.0,2.2880000000000003,25.94203261264575
4,-0.5,0.0,2.2896,25.94172484991408
4,-0.5,0.0,2.2912,25.941415847665013
4,-0.5,0.0,2.2928,25.941105606663694
4,-0.5,0.0,2.2944,25.940794127674437
4,-0.5,0.0,2.2960000000000003,25.940481411460752
4,-0.5,0.0,2.2976,25.94016745878532
4,-0.5,0.0,2.2992,25.939852270410018
4,-0.5,0.0,2.3008,25.93953584709591
4,-0.5,0.0,2.3024,25.939218189603242
4,-0.5,0.0,2.3040000000000003,25.938899298691453
4,-0.5,0.0,2.3056,25.938579175119177
4,-0.5,0.0,2.3072,25.938257819644228
4,-0.5,0.0,2.3088,25.937935233023637
4,-0.5,0.0,2.3104,25.937611416013613
4,-0.5,0.0,2.3120000000000003,25.937286369369563
4,-0.5,0.0,2.3136,25.936960093846103
4,-0.5,0.0,2.3152,25.936632590197043
4,-0.5,0.0,2.3168,25.93630385917539
4,-0.5,0.0,2.3184,25.935973901533362
4,-0.5,0.0,2.3200000000000003,25.935642718022375
4,-0.5,0.0,2.3216,25.935310309393053
4,-0.5,0.0,2.3232,25.934976676395223
4,-0.5,0.0,2.3248,25.93464181977793
4,-0.5,0.0,2.3264,25.934305740289417
4,-0.5,0.0,2.3280000000000003,25.933968438677148
4,-0.5,0.0,2.3296,25.93362991568779
4,-0.5,0.0,2.3312,25.93329017206723
4,-0.5,0.0,2.3328,25.932949208560572
4,-0.5,0.0,2.3344,25.932607025912123
4,-0.5,0.0,2.3360000000000003,25.93226362486543
4,-0.5,0.0,2.3376,25.931919006163245
4,-0.5,0.0,2.3392,25.931573170547537
4,-0.5,0.0,2.3408,25.931226118759504
4,-0.5,0.0,2.3424,25.930877851539567
4,-0.5,0.0,2.3440000000000003,25.930528369627368
4,-0.5,0.0,2.3456,25.93017767376178
4,-0.5,0.0,2.3472,25.9298257646809
4,-0.5,0.0,2.3488,25.929472643122047
4,-0.5,0.0,2.3504,25.929118309821785
4,-0.5,0.0,2.3520000000000003,25.92876276551589
4,-0.5,0.0,2.3536,25.928406010939394
4,-0.5,0.0,2.3552,25.92804804682654
4,-0.5,0.0,2.3568000000000002,25.927688873910824
4,-0.5,0.0,2.3584,25.927328492924964
4,-0.5,0.0,2.3600000000000003,25.926966904600928
4,-0.5,0.0,2.3616,25.926604109669913
4,-0.5,0.0,2.3632,25.926240108862366
4,-0.5,0.0,2.3648000000000002,25.92587490290796
4,-0.5,0.0,2.3664,25.925508492535627
4,-0.5,0.0,2.3680000000000003,25.925140878473545
4,-0.5,0.0,2.3696,25.92477206144912
4,-0.5,0.0,2.3712,25.92440204218902
4,-0.5,0.0,2.3728000000000002,25.92403082141916
4,-0.5,0.0,2.3744,25.923658399864692
4,-0.5,0.0,2.3760000000000003,25.923284778250036
4,-0.5,0.0,2.3776,25.92290995729885
4,-0.5,0.0,2.3792,25.92253393773405
4,-0.5,0.0,2.3808000000000002,25.922156720277805
4,-0.5,0.0,2.3824,25.92177830565155
4,-0.5,0.0,2.384,25.92139869457597
4,-0.5,0.0,2.3856,25.921017887771
4,-0.5,0.0,2.3872,25.920635885955843
4,-0.5,0.0,2.3888000000000003,25.92025268984897
4,-0.5,0.0,2.3904,25.919868300168098
4,-0.5,0.0,2.392,25.919482717630217
4,-0.5,0.0,2.3936,25.919095942951582
4,-0.5,0.0,2.3952,25.91870797684771
4,-0.5,0.0,2.3968000000000003,25.918318820033384
4,-0.5,0.0,2.3984,25.917928473222666
4,-0.5,0.0,2.4,25.917536937128872
4,-0.5,0.0,2.4016,25.91714421246461
4,-0.5,0.0,2.4032,25.916750299941736
4,-0.5,0.0,2.4048000000000003,25.91635520027139
4,-0.5,0.0,2.4064,25.915958914163994
4,-0.5,0.0,2.408,25.915561442329235
4,-0.5,0.0,2.4096,25.915162785476078
4,-0.5,0.0,2.4112,25.914762944312773
4,-0.5,0.0,2.4128000000000003,25.914361919546845
4,-0.5,0.0,2.4144,25.913959711885102
4,-0.5,0.0,2.416,25.913556322033624
4,-0.5,0.0,2.4176,25.913151750697793
4,-0.5,0.0,2.4192,25.912745998582253
4,-0.5,0.0,2.4208000000000003,25.912339066390945
4,-0.5,0.0,2.4224,25.91193095482711
4,-0.5,0.0,2.424,25.911521664593252
4,-0.5,0.0,2.4256,25.911111196391182
4,-0.5,0.0,2.4272,25.91069955092199
4,-0.5,0.0,2.4288000000000003,25.910286728886064
4,-0.5,0.0,2.4304,25.909872730983086
4,-0.5,0.0,2.432,25.909457557912024
4,-0.5,0.0,2.4336,25.909041210371143
4,-0.5,0.0,2.4352,25.90862368905802
4,-0.5,0.0,2.4368000000000003,25.908204994669507
4,-0.5,0.0,2.4384,25.907785127901764
4,-0.5,0.0,2.44,25.90736408945025
4,-0.5,0.0,2.4416,25.906941880009736
4,-0.5,0.0,2.4432,25.906518500274274
4,-0.5,0.0,2.4448000000000003,25.906093950937237
4,-0.5,0.0,2.4464,25.905668232691294
4,-0.5,0.0,2.448,25.90524134622842
4,-0.5,0.0,2.4496,25.904813292239897
4,-0.5,0.0,2.4512,25.904384071416317
4,-0.5,0.0,2.4528000000000003,25.903953684447586
4,-0.5,0.0,2.4544,25.903522132022914
4,-0.5,0.0,2.456,25.903089414830813
4,-0.5,0.0,2.4576000000000002,25.902655533559123
4,-0.5,0.0,2.4592,25.90222048889499
4,-0.5,0.0,2.4608000000000003,25.901784281524883
4,-0.5,0.0,2.4624,25.90134691213457
4,-0.5,0.0,2.464,25.900908381409163
4,-0.5,0.0,2.4656000000000002,25.900468690033065
4,-0.5,0.0,2.4672,25.900027838690015
4,-0.5,0.0,2.4688000000000003,25.89958582806306
4,-0.5,0.0,2.4704,25.899142658834577
4,-0.5,0.0,2.472,25.898698331686273
4,-0.5,0.0,2.4736000000000002,25.898252847299158
4,-0.5,0.0,2.4752,25.897806206353593
4,-0.5,0.0,2.4768000000000003,25.897358409529243
4,-0.5,0.0,2.4784,25.896909457505114
4,-0.5,0.0,2.48,25.896459350959525
4,-0.5,0.0,2.4816000000000003,25.89600809057014
4,-0.5,0.0,2.4832,25.895555677013956
4,-0.5,0.0,2.4848,25.895102110967283
4,-0.5,0.0,2.4864,25.894647393105785
4,-0.5,0.0,2.488,25.894191524104436
4,-0.5,0.0,2.4896000000000003,25.893734504637568
4,-0.5,0.0,2.4912,25.893276335378836
4,-0.5,0.0,2.4928,25.892817017001235
4,-0.5,0.0,2.4944,25.892356550177105
4,-0.5,0.0,2.496,25.891894935578115
4,-0.5,0.0,2.4976000000000003,25.891432173875273
4,-0.5,0.0,2.4992,25.890968265738948
4,-0.5,0.0,2.5008,25.890503211838826
4,-0.5,0.0,2.5024,25.89003701284396
4,-0.5,0.0,2.504,25.88956966942272
4,-0.5,0.0,2.5056000000000003,25.889101182242847
4,-0.5,0.0,2.5072,25.888631551971425
4,-0.5,0.0,2.5088,25.888160779274877
4,-0.5,0.0,2.5104,25.887688864818976
4,-0.5,0.0,2.512,25.887215809268856
4,-0.5,0.0,2.5136000000000003,25.88674161328899
4,-0.5,0.0,2.5152,25.8862662775432
4,-0.5,0.0,2.5168,25.88578980269468
4,-0.5,0.0,2.5184,25.88531218940597
4,-0.5,0.0,2.52,25.884833438338955
4,-0.5,0.0,2.5216000000000003,25.884353550154884
4,-0.5,0.0,2.5232,25.883872525514366
4,-0.5,0.0,2.5248,25.883390365077368
4,-0.5,0.0,2.5264,25.882907069503215
4,-0.5,0.0,2.528,25.88242263945059
4,-0.5,0.0,2.5296000000000003,25.88193707557754
4,-0.5,0.0,2.5312,25.881450378541476
4,-0.5,0.0,2.5328,25.88096254899918
4,-0.5,0.0,2.5344,25.88047358760678
4,-0.5,0.0,2.536,25.879983495019783
4,-0.5,0.0,2.5376000000000003,25.879492271893067
4,-0.5,0.0,2.5392,25.87899991888087
4,-0.5,0.0,2.5408,25.878506436636798
4,-0.5,0.0,2.5424,25.87801182581383
4,-0.5,0.0,2.544,25.87751608706431
4,-0.5,0.0,2.5456000000000003,25.877019221039966
4,-0.5,0.0,2.5472,25.876521228391894
4,-0.5,0.0,2.5488,25.87602210977056
4,-0.5,0.0,2.5504000000000002,25.875521865825803
4,-0.5,0.0,2.552,25.875020497206847
4,-0.5,0.0,2.5536000000000003,25.874518004562294
4,-0.5,0.0,2.5552,25.874014388540107
4,-0.5,0.0,2.5568,25.873509649787653
4,-0.5,0.0,2.5584000000000002,25.873003788951657
4,-0.5,0.0,2.56,25.87249680667823
4,-0.5,0.0,2.5616000000000003,25.871988703612885
4,-0.5,0.0,2.5632,25.871479480400488
4,-0.5,0.0,2.5648,25.87096913768531
4,-0.5,0.0,2.5664000000000002,25.870457676111002
4,-0.5,0.0,2.568,25.869945096320595
4,-0.5,0.0,2.5696000000000003,25.869431398956515
4,-0.5,0.0,2.5712,25.868916584660568
4,-0.5,0.0,2.5728,25.86840065407396
4,-0.5,0.0,2.5744000000000002,25.867883607837275
4,-0.5,0.0,2.576,25.867365446590497
4,-0.5,0.0,2.5776000000000003,25.866846170972998
4,-0.5,0.0,2.5792,25.866325781623544
4,-0.5,0.0,2.5808,25.8658042791803
4,-0.5,0.0,2.5824000000000003,25.86528166428081
4,-0.5,0.0,2.584,25.864757937562032
4,-0.5,0.0,2.5856000000000003,25.864233099660304
4,-0.5,0.0,2.5872,25.863707151211383
4,-0.5,0.0,2.5888,25.863180092850406
4,-0.5,0.0,2.5904000000000003,25.862651925211914
4,-0.5,0.0,2.592,25.862122648929855
4,-0.5,0.0,2.5936,25.861592264637576
4,-0.5,0.0,2.5952,25.861060772967825
4,-0.5,0.0,2.5968,25.860528174552748
4,-0.5,0.0,2.5984000000000003,25.859994470023906
4,-0.5,0.0,2.6,25.859459660012256
4,-0.5,0.0,2.6016,25.85892374514817
4,-0.5,0.0,2.6032,25.85838672606143
4,-0.5,0.0,2.6048,25.857848603381214
4,-0.5,0.0,2.6064000000000003,25.85730937773611
4,-0.5,0.0,2.608,25.856769049754128
4,-0.5,0.0,2.6096,25.85622762006268
4,-0.5,0.0,2.6112,25.85568508928859
4,-0.5,0.0,2.6128,25.8551414580581
4,-0.5,0.0,2.6144000000000003,25.85459672699686
4,-0.5,0.0,2.616,25.854050896729944
4,-0.5,0.0,2.6176,25.853503967881828
4,-0.5,0.0,2.6192,25.852955941076424
4,-0.5,0.0,2.6208,25.852406816937037
4,-0.5,0.0,2.6224000000000003,25.85185659608641
4,-0.5,0.0,2.624,25.851305279146693
4,-0.5,0.0,2.6256,25.850752866739473
4,-0.5,0.0,2.6272,25.850199359485735
4,-0.5,0.0,2.6288,25.84964475800591
4,-0.5,0.0,2.6304000000000003,25.84908906291983
4,-0.5,0.0,2.632,25.84853227484677
4,-0.5,0.0,2.6336,25.847974394405423
4,-0.5,0.0,2.6352,25.8474154222139
4,-0.5,0.0,2.6368,25.846855358889744
4,-0.5,0.0,2.6384000000000003,25.846294205049936
4,-0.5,0.0,2.64,25.84573196131087
4,-0.5,0.0,2.6416,25.84516862828838
4,-0.5,0.0,2.6432,25.844604206597722
4,-0.5,0.0,2.6448,25.844038696853588
4,-0.5,0.0,2.6464000000000003,25.8434720996701
4,-0.5,0.0,2.648,25.842904415660822
4,-0.5,0.0,2.6496,25.842335645438737
4,-0.5,0.0,2.6512000000000002,25.84176578961627
4,-0.5,0.0,2.6528,25.84119484880529
4,-0.5,0.0,2.6544000000000003,25.84062282361709
4,-0.5,0.0,2.656,25.8400497146624
4,-0.5,0.0,2.6576,25.839475522551396
4,-0.5,0.0,2.6592000000000002,25.838900247893697
4,-0.5,0.0,2.6608,25.838323891298348
4,-0.5,0.0,2.6624000000000003,25.837746453373846
4,-0.5,0.0,2.664,25.83716793472812
4,-0.5,0.0,2.6656,25.836588335968553
4,-0.5,0.0,2.6672000000000002,25.83600765770197
4,-0.5,0.0,2.6688,25.83542590053463
4,-0.5,0.0,2.6704000000000003,25.834843065072246
4,-0.5,0.0,2.672,25.83425915191998
4,-0.5,0.0,2.6736,25.83367416168243
4,-0.5,0.0,2.6752000000000002,25.833088094963653
4,-0.5,0.0,2.6768,25.83250095236715
4,-0.5,0.0,2.6784000000000003,25.831912734495862
4,-0.5,0.0,2.68,25.8313234419522
4,-0.5,0.0,2.6816,25.830733075338014
4,-0.5,0.0,2.6832000000000003,25.83014163525461
4,-0.5,0.0,2.6848,25.82954912230274
4,-0.5,0.0,2.6864000000000003,25.828955537082624
4,-0.5,0.0,2.688,25.828360880193916
4,-0.5,0.0,2.6896,25.82776515223575
4,-0.5,0.0,2.6912000000000003,25.82716835380669
4,-0.5,0.0,2.6928,25.82657048550478
4,-0.5,0.0,2.6944000000000004,25.82597154792752
4,-0.5,0.0,2.696,25.82537154167185
4,-0.5,0.0,2.6976,25.824770467334186
4,-0.5,0.0,2.6992000000000003,25.824168325510392
4,-0.5,0.0,2.7008,25.82356511679582
4,-0.5,0.0,2.7024,25.82296084178525
4,-0.5,0.0,2.704,25.822355501072952
4,-0.5,0.0,2.7056,25.821749095252635
4,-0.5,0.0,2.7072000000000003,25.821141624917495
4,-0.5,0.0,2.7088,25.820533090660188
4,-0.5,0.0,2.7104,25.819923493072828
4,-0.5,0.0,2.712,25.819312832747006
4,-0.5,0.0,2.7136,25.81870111027377
4,-0.5,0.0,2.7152000000000003,25.81808832624365
4,-0.5,0.0,2.7168,25.81747448124664
4,-0.5,0.0,2.7184,25.8168595758722
4,-0.5,0.0,2.72,25.81624361070926
4,-0.5,0.0,2.7216,25.815626586346234
4,-0.5,0.0,2.7232000000000003,25.815008503370994
4,-0.5,0.0,2.7248,25.814389362370903
4,-0.5,0.0,2.7264,25.81376916393278
4,-0.5,0.0,2.728,25.813147908642936
4,-0.5,0.0,2.7296,25.81252559708714
4,-0.5,0.0,2.7312000000000003,25.811902229850656
4,-0.5,0.0,2.7328,25.811277807518213
4,-0.5,0.0,2.7344,25.81065233067403
4,-0.5,0.0,2.736,25.810025799901794
4,-0.5,0.0,2.7376,25.80939821578467
4,-0.5,0.0,2.7392000000000003,25.808769578905316
4,-0.5,0.0,2.7408,25.808139889845865
4,-0.5,0.0,2.7424,25.807509149187933
4,-0.5,0.0,2.744,25.806877357512626
4,-0.5,0.0,2.7456,25.806244515400522
4,-0.5,0.0,2.7472000000000003,25.805610623431686
4,-0.5,0.0,2.7488,25.804975682185677
4,-0.5,0.0,2.7504,25.80433969224153
4,-0.5,0.0,2.7520000000000002,25.80370265417778
4,-0.5,0.0,2.7536,25.80306456857243
4,-0.5,0.0,2.7552000000000003,25.802425436002995
4,-0.5,0.0,2.7568,25.801785257046465
4,-0.5,0.0,2.7584,25.80114403227932
4,-0.5,0.0,2.7600000000000002,25.800501762277538
4,-0.5,0.0,2.7616,25.79985844761659
4,-0.5,0.0,2.7632000000000003,25.799214088871427
4,-0.5,0.0,2.7648,25.798568686616505
4,-0.5,0.0,2.7664,25.797922241425766
4,-0.5,0.0,2.7680000000000002,25.797274753872653
4,-0.5,0.0,2.7696,25.796626224530108
4,-0.5,0.0,2.7712000000000003,25.79597665397056
4,-0.5,0.0,2.7728,25.795326042765932
4,-0.5,0.0,2.7744,25.79467439148766
4,-0.5,0.0,2.7760000000000002,25.79402170070667
4,-0.5,0.0,2.7776,25.793367970993383
4,-0.5,0.0,2.7792000000000003,25.792713202917728
4,-0.5,0.0,2.7808,25.792057397049128
4,-0.5,0.0,2.7824,25.791400553956517
4,-0.5,0.0,2.7840000000000003,25.79074267420832
4,-0.5,0.0,2.7856,25.790083758372482
4,-0.5,0.0,2.7872000000000003,25.78942380701643
4,-0.5,0.0,2.7888,25.78876282070711
4,-0.5,0.0,2.7904,25.78810080001097
4,-0.5,0.0,2.7920000000000003,25.78743774549396
4,-0.5,0.0,2.7936,25.786773657721543
4,-0.5,0.0,2.7952000000000004,25.786108537258688
4,-0.5,0.0,2.7968,25.785442384669874
4,-0.5,0.0,2.7984,25.784775200519082
4,-0.5,0.0,2.8000000000000003,25.784106985369807
4,-0.5,0.0,2.8016,25.78343773978505
4,-0.5,0.0,2.8032,25.782767464327343
4,-0.5,0.0,2.8048,25.782096159558698
4,-0.5,0.0,2.8064,25.781423826040662
4,-0.5,0.0,2.8080000000000003,25.78075046433429
4,-0.5,0.0,2.8096,25.780076075000153
4,-0.5,0.0,2.8112,25.779400658598338
4,-0.5,0.0,2.8128,25.778724215688438
4,-0.5,0.0,2.8144,25.778046746829567
4,-0.5,0.0,2.8160000000000003,25.77736825258036
4,-0.5,0.0,2.8176,25.77668873349897
4,-0.5,0.0,2.8192,25.776008190143067
4,-0.5,0.0,2.8208,25.77532662306983
4,-0.5,0.0,2.8224,25.774644032835976
4,-0.5,0.0,2.8240000000000003,25.773960419997724
4,-0.5,0.0,2.8256,25.77327578511083
4,-0.5,0.0,2.8272,25.772590128730563
4,-0.5,0.0,2.8288,25.771903451411717
4,-0.5,0.0,2.8304,25.77121575370861
4,-0.5,0.0,2.8320000000000003,25.770527036175082
4,-0.5,0.0,2.8336,25.769837299364497
4,-0.5,0.0,2.8352,25.769146543829756
4,-0.5,0.0,2.8368,25.768454770123267
4,-0.5,0.0,2.8384,25.76776197879698
4,-0.5,0.0,2.8400000000000003,25.767068170402368
4,-0.5,0.0,2.8416,25.76637334549043
4,-0.5,0.0,2.8432,25.76567750461169
4,-0.5,0.0,2.8448,25.764980648316214
4,-0.5,0.0,2.8464,25.76428277715359
4,-0.5,0.0,2.8480000000000003,25.76358389167294
4,-0.5,0.0,2.8496,25.762883992422914
4,-0.5,0.0,2.8512,25.7621830799517
4,-0.5,0.0,2.8528000000000002,25.76148115480701
4,-0.5,0.0,2.8544,25.7607782175361
4,-0.5,0.0,2.8560000000000003,25.760074268685752
4,-0.5,0.0,2.8576,25.75936930880229
4,-0.5,0.0,2.8592,25.75866333843157
4,-0.5,0.0,2.8608000000000002,25.75795635811899
4,-0.5,0.0,2.8624,25.75724836840947
4,-0.5,0.0,2.8640000000000003,25.756539369847488
4,-0.5,0.0,2.8656,25.75582936297705
4,-0.5,0.0,2.8672,25.7551183483417
4,-0.5,0.0,2.8688000000000002,25.754406326484524
4,-0.5,0.0,2.8704,25.753693297948146
4,-0.5,0.0,2.8720000000000003,25.752979263274735
4,-0.5,0.0,2.8736,25.752264223006005
4,-0.5,0.0,2.8752,25.751548177683198
4,-0.5,0.0,2.8768000000000002,25.75083112784712
4,-0.5,0.0,2.8784,25.750113074038104
4,-0.5,0.0,2.8800000000000003,25.749394016796032
4,-0.5,0.0,2.8816,25.748673956660337
4,-0.5,0.0,2.8832,25.747952894169998
4,-0.5,0.0,2.8848000000000003,25.747230829863526
4,-0.5,0.0,2.8864,25.746507764278995
4,-0.5,0.0,2.8880000000000003,25.745783697954025
4,-0.5,0.0,2.8896,25.74505863142577
4,-0.5,0.0,2.8912,25.744332565230945
4,-0.5,0.0,2.8928000000000003,25.743605499905822
4,-0.5,0.0,2.8944,25.74287743598621
4,-0.5,0.0,2.8960000000000004,25.74214837400747
4,-0.5,0.0,2.8976,25.741418314504525
4,-0.5,0.0,2.8992,25.74068725801184
4,-0.5,0.0,2.9008000000000003,25.739955205063435
4,-0.5,0.0,2.9024,25.739222156192888
4,-0.5,0.0,2.9040000000000004,25.73848811193333
4,-0.5,0.0,2.9056,25.737753072817444
4,-0.5,0.0,2.9072,25.73701703937747
4,-0.5,0.0,2.9088000000000003,25.736280012145205
4,-0.5,0.0,2.9104,25.735541991652003
4,-0.5,0.0,2.912,25.734802978428768
4,-0.5,0.0,2.9136,25.734062973005972
4,-0.5,0.0,2.9152,25.733321975913647
4,-0.5,0.0,2.9168000000000003,25.73257998768138
4,-0.5,0.0,2.9184,25.731837008838315
4,-0.5,0.0,2.92,25.73109303991315
4,-0.5,0.0,2.9216,25.730348081434173
4,-0.5,0.0,2.9232,25.7296021339292
4,-0.5,0.0,2.9248000000000003,25.728855197925625
4,-0.5,0.0,2.9264,25.728107273950407
4,-0.5,0.0,2.928,25.727358362530065
4,-0.5,0.0,2.9296,25.72660846419069
4,-0.5,0.0,2.9312,25.725857579457916
4,-0.5,0.0,2.9328000000000003,25.725105708856972
4,-0.5,0.0,2.9344,25.724352852912634
4,-0.5,0.0,2.936,25.72359901214925
4,-0.5,0.0,2.9376,25.72284418709074
4,-0.5,0.0,2.9392,25.722088378260576
4,-0.5,0.0,2.9408000000000003,25.72133158618181
4,-0.5,0.0,2.9424,25.72057381137708
4,-0.5,0.0,2.944,25.71981505436856
4,-0.5,0.0,2.9456,25.719055315678023
4,-0.5,0.0,2.9472,25.718294595826794
4,-0.5,0.0,2.9488000000000003,25.717532895335783
4,-0.5,0.0,2.9504,25.716770214725464
4,-0.5,0.0,2.952,25.716006554515886
4,-0.5,0.0,2.9536000000000002,25.715241915226677
4,-0.5,0.0,2.9552,25.714476297377033
4,-0.5,0.0,2.9568000000000003,25.713709701485715
4,-0.5,0.0,2.9584,25.712942128071084
4,-0.5,0.0,2.96,25.712173577651058
4,-0.5,0.0,2.9616000000000002,25.711404050743145
4,-0.5,0.0,2.9632,25.71063354786441
4,-0.5,0.0,2.9648000000000003,25.709862069531518
4,-0.5,0.0,2.9664,25.70908961626069
4,-0.5,0.0,2.968,25.70831618856775
4,-0.5,0.0,2.9696000000000002,25.707541786968083
4,-0.5,0.0,2.9712,25.706766411976663
4,-0.5,0.0,2.9728000000000003,25.705990064108043
4,-0.5,0.0,2.9744,25.705212743876352
4,-0.5,0.0,2.976,25.70443445179531
4,-0.5,0.0,2.9776000000000002,25.703655188378214
4,-0.5,0.0,2.9792,25.702874954137947
4,-0.5,0.0,2.9808000000000003,25.702093749586968
4,-0.5,0.0,2.9824,25.701311575237334
4,-0.5,0.0,2.984,25.700528431600667
4,-0.5,0.0,2.9856000000000003,25.69974431918819
4,-0.5,0.0,2.9872,25.698959238510714
4,-0.5,0.0,2.9888000000000003,25.698173190078627
4,-0.5,0.0,2.9904,25.697386174401906
4,-0.5,0.0,2.992,25.696598191990116
4,-0.5,0.0,2.9936000000000003,25.69580924335241
4,-0.5,0.0,2.9952,25.69501932899753
4,-0.5,0.0,2.9968000000000004,25.69422844943382
4,-0.5,0.0,2.9984,25.693436605169186
4,-0.5,0.0,3.0,25.692643796711145
4,-0.5,0.0,3.0016000000000003,25.69185002456681
4,-0.5,0.0,3.0032,25.69105528924287
4,-0.5,0.0,3.0048000000000004,25.690259591245614
4,-0.5,0.0,3.0064,25.68946293108091
4,-0.5,0.0,3.008,25.688665309254255
4,-0.5,0.0,3.0096000000000003,25.687866726270702
4,-0.5,0.0,3.0112,25.687067182634916
4,-0.5,0.0,3.0128,25.686266678851155
4,-0.5,0.0,3.0144,25.685465215423264
4,-0.5,0.0,3.016,25.684662792854706
4,-0.5,0.0,3.0176000000000003,25.683859411648513
4,-0.5,0.0,3.0192,25.683055072307337
4,-0.5,0.0,3.0208,25.68224977533342
4,-0.5,0.0,3.0224,25.681443521228587
4,-0.5,0.0,3.024,25.680636310494293
4,-0.5,0.0,3.0256000000000003,25.679828143631568
4,-0.5,0.0,3.0272,25.67901902114105
4,-0.5,0.0,3.0288,25.67820894352297
4,-0.5,0.0,3.0304,25.677397911277172
4,-0.5,0.0,3.032,25.6765859249031
4,-0.5,0.0,3.0336000000000003,25.675772984899794
4,-0.5,0.0,3.0352,25.6749590917659
4,-0.5,0.0,3.0368,25.674144245999663
4,-0.5,0.0,3.0384,25.67332844809895
4,-0.5,0.0,3.04,25.6725116985612
4,-0.5,0.0,3.0416000000000003,25.67169399788348
4,-0.5,0.0,3.0432,25.67087534656247
4,-0.5,0.0,3.0448,25.67005574509443
4,-0.5,0.0,3.0464,25.66923519397524
4,-0.5,0.0,3.048,25.668413693700398
4,-0.5,0.0,3.0496000000000003,25.66759124476499
4,-0.5,0.0,3.0512,25.666767847663714
4,-0.5,0.0,3.0528,25.665943502890887
4,-0.5,0.0,3.0544000000000002,25.66511821094043
4,-0.5,0.0,3.056,25.66429197230588
4,-0.5,0.0,3.0576000000000003,25.66346478748037
4,-0.5,0.0,3.0592,25.66263665695665
4,-0.5,0.0,3.0608,25.661807581227087
4,-0.5,0.0,3.0624000000000002,25.660977560783657
4,-0.5,0.0,3.064,25.660146596117944
4,-0.5,0.0,3.0656000000000003,25.659314687721146
4,-0.5,0.0,3.0672,25.658481836084082
4,-0.5,0.0,3.0688,25.657648041697172
4,-0.5,0.0,3.0704000000000002,25.656813305050466
4,-0.5,0.0,3.072,25.655977626633614
4,-0.5,0.0,3.0736000000000003,25.655141006935892
4,-0.5,0.0,3.0752,25.65430344644619
4,-0.5,0.0,3.0768,25.65346494565301
4,-0.5,0.0,3.0784000000000002,25.65262550504447
4,-0.5,0.0,3.08,25.651785125108315
4,-0.5,0.0,3.0816000000000003,25.650943806331902
4,-0.5,0.0,3.0832,25.650101549202212
4,-0.5,0.0,3.0848,25.64925835420583
4,-0.5,0.0,3.0864000000000003,25.64841422182898
4,-0.5,0.0,3.088,25.647569152557484
4,-0.5,0.0,3.0896000000000003,25.64672314687681
4,-0.5,0.0,3.0912,25.64587620527203
4,-0.5,0.0,3.0928,25.64502832822785
4,-0.5,0.0,3.0944000000000003,25.644179516228583
4,-0.5,0.0,3.096,25.64332976975817
4,-0.5,0.0,3.0976000000000004,25.64247908930019
4,-0.5,0.0,3.0992,25.641627475337817
4,-0.5,0.0,3.1008,25.640774928353878
4,-0.5,0.0,3.1024000000000003,25.63992144883081
4,-0.5,0.0,3.104,25.639067037250673
4,-0.5,0.0,3.1056000000000004,25.638211694095162
4,-0.5,0.0,3.1072,25.637355419845587
4,-0.5,0.0,3.1088,25.6364982149829
4,-0.5,0.0,3.1104000000000003,25.635640079987663
4,-0.5,0.0,3.112,25.63478101534008
4,-0.5,0.0,3.1136000000000004,25.63392102151997
4,-0.5,0.0,3.1152,25.6330600990068
4,-0.5,0.0,3.1168,25.632198248279643
4,-0.5,0.0,3.1184000000000003,25.63133546981722
4,-0.5,0.0,3.12,25.630471764097862
4,-0.5,0.0,3.1216,25.629607131599556
4,-0.5,0.0,3.1232,25.628741572799903
4,-0.5,0.0,3.1248,25.627875088176143
4,-0.5,0.0,3.1264000000000003,25.62700767820514
4,-0.5,0.0,3.128,25.6261393433634
4,-0.5,0.0,3.1296,25.62527008412706
4,-0.5,0.0,3.1312,25.624399900971884
4,-0.5,0.0,3.1328,25.623528794373275
4,-0.5,0.0,3.1344000000000003,25.622656764806273
4,-0.5,0.0,3.136,25.621783812745548
4,-0.5,0.0,3.1376,25.62090993866541
4,-0.5,0.0,3.1392,25.620035143039804
4,-0.5,0.0,3.1408,25.6191594263423
4,-0.5,0.0,3.1424000000000003,25.618282789046127
4,-0.5,0.0,3.144,25.617405231624133
4,-0.5,0.0,3.1456,25.61652675454881
4,-0.5,0.0,3.1472,25.615647358292293
4,-0.5,0.0,3.1488,25.614767043326346
4,-0.5,0.0,3.1504000000000003,25.613885810122383
4,-0.5,0.0,3.152,25.613003659151452
4,-0.5,0.0,3.1536,25.61212059088424
4,-0.5,0.0,3.1552000000000002,25.611236605791074
4,-0.5,0.0,3.1568,25.610351704341927
4,-0.5,0.0,3.1584000000000003,25.609465887006415
4,-0.5,0.0,3.16,25.60857915425379
4,-0.5,0.0,3.1616,25.607691506552953
4,-0.5,0.0,3.1632000000000002,25.606802944372436
4,-0.5,0.0,3.1648,25.605913468180436
4,-0.5,0.0,3.1664000000000003,25.605023078444766
4,-0.5,0.0,3.168,25.604131775632908
4,-0.5,0.0,3.1696,25.603239560211968
4,-0.5,0.0,3.1712000000000002,25.602346432648723
4,-0.5,0.0,3.1728,25.601452393409577
4,-0.5,0.0,3.1744000000000003,25.600557442960582
4,-0.5,0.0,3.176,25.599661581767442
4,-0.5,0.0,3.1776,25.598764810295503
4,-0.5,0.0,3.1792000000000002,25.597867129009764
4,-0.5,0.0,3.1808,25.596968538374867
4,-0.5,0.0,3.1824000000000003,25.596069038855106
4,-0.5,0.0,3.184,25.595168630914426
4,-0.5,0.0,3.1856,25.59426731501642
4,-0.5,0.0,3.1872000000000003,25.59336509162432
4,-0.5,0.0,3.1888,25.592461961201035
4,-0.5,0.0,3.1904000000000003,25.59155792420909
4,-0.5,0.0,3.192,25.590652981110694
4,-0.5,0.0,3.1936,25.589747132367684
4,-0.5,0.0,3.1952000000000003,25.58884037844156
4,-0.5,0.0,3.1968,25.58793271979347
4,-0.5,0.0,3.1984000000000004,25.587024156884233
4,-0.5,0.0,3.2,25.58611469017429
4,-0.5,0.0,3.2016,25.585204320123758
4,-0.5,0.0,3.2032000000000003,25.584293047192407
4,-0.5,0.0,3.2048,25.583380871839655
4,-0.5,0.0,3.2064000000000004,25.582467794524575
4,-0.5,0.0,3.208,25.581553815705906
4,-0.5,0.0,3.2096,25.580638935842032
4,-0.5,0.0,3.2112000000000003,25.579723155390997
4,-0.5,0.0,3.2128,25.578806474810506
4,-0.5,0.0,3.2144000000000004,25.577888894557915
4,-0.5,0.0,3.216,25.576970415090248
4,-0.5,0.0,3.2176,25.576051036864175
4,-0.5,0.0,3.2192000000000003,25.575130760336034
4,-0.5,0.0,3.2208,25.57420958596182
4,-0.5,0.0,3.2224000000000004,25.573287514197183
4,-0.5,0.0,3.224,25.572364545497443
4,-0.5,0.0,3.2256,25.571440680317565
4,-0.5,0.0,3.2272000000000003,25.570515919112193
4,-0.5,0.0,3.2288,25.569590262335623
4,-0.5,0.0,3.2304,25.56866371044181
4,-0.5,0.0,3.232,25.567736263884385
4,-0.5,0.0,3.2336,25.566807923116617
4,-0.5,0.0,3.2352000000000003,25.565878688591464
4,-0.5,0.0,3.2368,25.564948560761533
4,-0.5,0.0,3.2384,25.5640175400791
4,-0.5,0.0,3.24,25.563085626996102
4,-0.5,0.0,3.2416,25.562152821964148
4,-0.5,0.0,3.2432000000000003,25.5612191254345
4,-0.5,0.0,3.2448,25.5602845378581
4,-0.5,0.0,3.2464,25.559349059685548
4,-0.5,0.0,3.248,25.55841269136711
4,-0.5,0.0,3.2496,25.55747543335272
4,-0.5,0.0,3.2512000000000003,25.556537286091984
4,-0.5,0.0,3.2528,25.55559825003417
4,-0.5,0.0,3.2544,25.55465832562821
4,-0.5,0.0,3.2560000000000002,25.553717513322724
4,-0.5,0.0,3.2576,25.552775813565976
4,-0.5,0.0,3.2592000000000003,25.55183322680592
4,-0.5,0.0,3.2608,25.550889753490164
4,-0.5,0.0,3.2624,25.549945394066004
4,-0.5,0.0,3.2640000000000002,25.549000148980383
4,-0.5,0.0,3.2656,25.548054018679935
4,-0.5,0.0,3.2672000000000003,25.54710700361096
4,-0.5,0.0,3.2688,25.546159104219434
4,-0.5,0.0,3.2704,25.54521032095099
4,-0.5,0.0,3.2720000000000002,25.544260654250948
4,-0.5,0.0,3.2736,25.543310104564302
4,-0.5,0.0,3.2752000000000003,25.542358672335713
4,-0.5,0.0,3.2768,25.541406358009514
4,-0.5,0.0,3.2784,25.54045316202972
4,-0.5,0.0,3.2800000000000002,25.539499084840017
4,-0.5,0.0,3.2816,25.538544126883764
4,-0.5,0.0,3.2832000000000003,25.537588288604006
4,-0.5,0.0,3.2848,25.536631570443454
4,-0.5,0.0,3.2864,25.53567397284449
4,-0.5,0.0,3.2880000000000003,25.53471549624918
4,-0.5,0.0,3.2896,25.533756141099282
4,-0.5,0.0,3.2912000000000003,25.532795907836206
4,-0.5,0.0,3.2928,25.531834796901055
4,-0.5,0.0,3.2944,25.530872808734607
4,-0.5,0.0,3.2960000000000003,25.529909943777316
4,-0.5,0.0,3.2976,25.52894620246932
4,-0.5,0.0,3.2992000000000004,25.527981585250437
4,-0.5,0.0,3.3008,25.52701609256016
4,-0.5,0.0,3.3024,25.526049724837666
4,-0.5,0.0,3.3040000000000003,25.52508248252181
4,-0.5,0.0,3.3056,25.52411436605113
4,-0.5,0.0,3.3072000000000004,25.523145375863848
4,-0.5,0.0,3.3088,25.522175512397872
4,-0.5,0.0,3.3104,25.521204776090777
4,-0.5,0.0,3.3120000000000003,25.520233167379832
4,-0.5,0.0,3.3136,25.519260686701987
4,-0.5,0.0,3.3152000000000004,25.518287334493877
4,-0.5,0.0,3.3168,25.517313111191818
4,-0.5,0.0,3.3184,25.516338017231817
4,-0.5,0.0,3.3200000000000003,25.515362053049557
4,-0.5,0.0,3.3216,25.514385219080413
4,-0.5,0.0,3.3232000000000004,25.513407515759436
4,-0.5,0.0,3.3248,25.51242894352138
4,-0.5,0.0,3.3264,25.511449502800662
4,-0.5,0.0,3.3280000000000003,25.510469194031405
4,-0.5,0.0,3.3296,25.509488017647417
4,-0.5,0.0,3.3312,25.50850597408218
4,-0.5,0.0,3.3328,25.507523063768875
4,-0.5,0.0,3.3344,25.50653928714037
4,-0.5,0.0,3.3360000000000003,25.50555464462922
4,-0.5,0.0,3.3376,25.504569136667673
4,-0.5,0.0,3.3392,25.503582763687657
4,-0.5,0.0,3.3408,25.502595526120803
4,-0.5,0.0,3.3424,25.50160742439842
4,-0.5,0.0,3.3440000000000003,25.5006184589515
4,-0.5,0.0,3.3456,25.49962863021076
4,-0.5,0.0,3.3472,25.49863793860657
4,-0.5,0.0,3.3488,25.497646384569016
4,-0.5,0.0,3.3504,25.496653968527863
4,-0.5,0.0,3.3520000000000003,25.495660690912572
4,-0.5,0.0,3.3536,25.494666552152303
4,-0.5,0.0,3.3552,25.4936715526759
4,-0.5,0.0,3.3568000000000002,25.492675692911902
4,-0.5,0.0,3.3584,25.491678973288543
4,-0.5,0.0,3.3600000000000003,25.49068139423376
4,-0.5,0.0,3.3616,25.489682956175173
4,-0.5,0.0,3.3632,25.4886836595401
4,-0.5,0.0,3.3648000000000002,25.487683504755548
4,-0.5,0.0,3.3664,25.486682492248242
4,-0.5,0.0,3.3680000000000003,25.485680622444576
4,-0.5,0.0,3.3696,25.484677895770655
4,-0.5,0.0,3.3712,25.48367431265228
4,-0.5,0.0,3.3728000000000002,25.48266987351494
4,-0.5,0.0,3.3744,25.481664578783835
4,-0.5,0.0,3.3760000000000003,25.48065842888386
4,-0.5,0.0,3.3776,25.4796514242396
4,-0.5,0.0,3.3792,25.478643565275334
4,-0.5,0.0,3.3808000000000002,25.477634852415065
4,-0.5,0.0,3.3824,25.476625286082466
4,-0.5,0.0,3.3840000000000003,25.47561486670093
4,-0.5,0.0,3.3856,25.474603594693537
4,-0.5,0.0,3.3872,25.473591470483086
4,-0.5,0.0,3.3888000000000003,25.47257849449205
4,-0.5,0.0,3.3904,25.471564667142623
4,-0.5,0.0,3.3920000000000003,25.4705499888567
4,-0.5,0.0,3.3936,25.46953446005587
4,-0.5,0.0,3.3952,25.468518081161417
4,-0.5,0.0,3.3968000000000003,25.46750085259435
4,-0.5,0.0,3.3984,25.466482774775358
4,-0.5,0.0,3.4000000000000004,25.46546384812485
4,-0.5,0.0,3.4016,25.464444073062925
4,-0.5,0.0,3.4032,25.463423450009405
4,-0.5,0.0,3.4048000000000003,25.462401979383788
4,-0.5,0.0,3.4064,25.461379661605314
4,-0.5,0.0,3.4080000000000004,25.46035649709289
4,-0.5,0.0,3.4096,25.459332486265144
4,-0.5,0.0,3.4112,25.458307629540418
4,-0.5,0.0,3.4128000000000003,25.45728192733675
4,-0.5,0.0,3.4144,25.45625538007189
4,-0.5,0.0,3.4160000000000004,25.455227988163287
4,-0.5,0.0,3.4176,25.454199752028103
4,-0.5,0.0,3.4192,25.45317067208321
4,-0.5,0.0,3.4208000000000003,25.45214074874518
4,-0.5,0.0,3.4224,25.4511099824303
4,-0.5,0.0,3.4240000000000004,25.45007837355456
4,-0.5,0.0,3.4256,25.449045922533667
4,-0.5,0.0,3.4272,25.448012629783026
4,-0.5,0.0,3.4288000000000003,25.446978495717758
4,-0.5,0.0,3.4304,25.445943520752692
4,-0.5,0.0,3.4320000000000004,25.444907705302374
4,-0.5,0.0,3.4336,25.44387104978105
4,-0.5,0.0,3.4352,25.44283355460268
4,-0.5,0.0,3.4368000000000003,25.441795220180936
4,-0.5,0.0,3.4384,25.440756046929206
4,-0.5,0.0,3.44,25.439716035260584
4,-0.5,0.0,3.4416,25.438675185587876
4,-0.5,0.0,3.4432,25.437633498323613
4,-0.5,0.0,3.4448000000000003,25.436590973880016
4,-0.5,0.0,3.4464,25.435547612669037
4,-0.5,0.0,3.448,25.434503415102338
4,-0.5,0.0,3.4496,25.433458381591286
4,-0.5,0.0,3.4512,25.432412512546975
4,-0.5,0.0,3.4528000000000003,25.431365808380207
4,-0.5,0.0,3.4544,25.430318269501495
4,-0.5,0.0,3.456,25.42926989632108
4,-0.5,0.0,3.4576000000000002,25.428220689248906
4,-0.5,0.0,3.4592,25.42717064869464
4,-0.5,0.0,3.4608000000000003,25.42611977506766
4,-0.5,0.0,3.4624,25.425068068777065
4,-0.5,0.0,3.464,25.424015530231667
4,-0.5,0.0,3.4656000000000002,25.42296215984
4,-0.5,0.0,3.4672,25.421907958010312
4,-0.5,0.0,3.4688000000000003,25.420852925150562
4,-0.5,0.0,3.4704,25.419797061668444
4,-0.5,0.0,3.472,25.418740367971353
4,-0.5,0.0,3.4736000000000002,25.417682844466416
4,-0.5,0.0,3.4752,25.41662449156047
4,-0.5,0.0,3.4768000000000003,25.415565309660078
4,-0.5,0.0,3.4784,25.41450529917152
4,-0.5,0.0,3.48,25.4134444605008
4,-0.5,0.0,3.4816000000000003,25.412382794053634
4,-0.5,0.0,3.4832,25.411320300235463
4,-0.5,0.0,3.4848000000000003,25.410256979451454
4,-0.5,0.0,3.4864,25.40919283210649
4,-0.5,0.0,3.488,25.408127858605173
4,-0.5,0.0,3.4896000000000003,25.407062059351837
4,-0.5,0.0,3.4912,25.405995434750523
4,-0.5,0.0,3.4928000000000003,25.404927985205003
4,-0.5,0.0,3.4944,25.40385971111878
4,-0.5,0.0,3.496,25.40279061289507
4,-0.5,0.0,3.4976000000000003,25.401720690936823
4,-0.5,0.0,3.4992,25.400649945646695
4,-0.5,0.0,3.5008000000000004,25.399578377427076
4,-0.5,0.0,3.5024,25.398505986680085
4,-0.5,0.0,3.504,25.39743277380757
4,-0.5,0.0,3.5056000000000003,25.39635873921108
4,-0.5,0.0,3.5072,25.39528388329192
4,-0.5,0.0,3.5088000000000004,25.394208206451104
4,-0.5,0.0,3.5104,25.393131709089367
4,-0.5,0.0,3.512,25.392054391607186
4,-0.5,0.0,3.5136000000000003,25.39097625440475
4,-0.5,0.0,3.5152,25.38989729788199
4,-0.5,0.0,3.5168000000000004,25.388817522438554
4,-0.5,0.0,3.5184,25.387736928473817
4,-0.5,0.0,3.52,25.386655516386888
4,-0.5,0.0,3.5216000000000003,25.385573286576594
4,-0.5,0.0,3.5232,25.384490239441508
4,-0.5,0.0,3.5248000000000004,25.383406375379916
4,-0.5,0.0,3.5264,25.38232169478984
4,-0.5,0.0,3.528,25.381236198069033
4,-0.5,0.0,3.5296000000000003,25.380149885614976
4,-0.5,0.0,3.5312,25.379062757824876
4,-0.5,0.0,3.5328000000000004,25.377974815095673
4,-0.5,0.0,3.5344,25.376886057824038
4,-0.5,0.0,3.536,25.37579648640638
4,-0.5,0.0,3.5376000000000003,25.37470610123883
4,-0.5,0.0,3.5392,25.373614902717254
4,-0.5,0.0,3.5408000000000004,25.37252289123725
4,-0.5,0.0,3.5424,25.371430067194147
4,-0.5,0.0,3.544,25.370336430983006
4,-0.5,0.0,3.5456000000000003,25.369241982998624
4,-0.5,0.0,3.5472,25.368146723635526
4,-0.5,0.0,3.5488,25.36705065328798
4,-0.5,0.0,3.5504000000000002,25.36595377234998
4,-0.5,0.0,3.552,25.36485608121525
4,-0.5,0.0,3.5536000000000003,25.363757580277262
4,-0.5,0.0,3.5552,25.36265826992921
4,-0.5,0.0,3.5568,25.361558150564033
4,-0.5,0.0,3.5584000000000002,25.360457222574393
4,-0.5,0.0,3.56,25.359355486352698
4,-0.5,0.0,3.5616000000000003,25.358252942291088
4,-0.5,0.0,3.5632,25.357149590781432
4,-0.5,0.0,3.5648,25.356045432215357
4,-0.5,0.0,3.5664000000000002,25.354940466984203
4,-0.5,0.0,3.568,25.35383469547906
4,-0.5,0.0,3.5696000000000003,25.35272811809075
4,-0.5,0.0,3.5712,25.35162073520983
4,-0.5,0.0,3.5728,25.35051254722661
4,-0.5,0.0,3.5744000000000002,25.349403554531115
4,-0.5,0.0,3.576,25.34829375751313
4,-0.5,0.0,3.5776000000000003,25.347183156562163
4,-0.5,0.0,3.5792,25.346071752067477
4,-0.5,0.0,3.5808,25.34495954441806
4,-0.5,0.0,3.5824000000000003,25.34384653400264
4,-0.5,0.0,3.584,25.342732721209696
4,-0.5,0.0,3.5856000000000003,25.341618106427436
4,-0.5,0.0,3.5872,25.340502690043813
4,-0.5,0.0,3.5888,25.339386472446524
4,-0.5,0.0,3.5904000000000003,25.338269454023
4,-0.5,0.0,3.592,25.337151635160417
4,-0.5,0.0,3.5936000000000003,25.3360330162457
4,-0.5,0.0,3.5952,25.3349135976655
4,-0.5,0.0,3.5968,25.333793379806227
4,-0.5,0.0,3.5984000000000003,25.33267236305402
4,-0.5,0.0,3.6,25.331550547794762
4,-0.5,0.0,3.6016000000000004,25.330427934414093
4,-0.5,0.0,3.6032,25.329304523297385
4,-0.5,0.0,3.6048,25.328180314829748
4,-0.5,0.0,3.6064000000000003,25.327055309396044
4,-0.5,0.0,3.608,25.325929507380884
4,-0.5,0.0,3.6096000000000004,25.32480290916861
4,-0.5,0.0,3.6112,25.32367551514332
4,-0.5,0.0,3.6128,25.322547325688856
4,-0.5,0.0,3.6144000000000003,25.321418341188803
4,-0.5,0.0,3.616,25.320288562026484
4,-0.5,0.0,3.6176000000000004,25.31915798858498
4,-0.5,0.0,3.6192,25.318026621247114
4,-0.5,0.0,3.6208,25.316894460395446
4,-0.5,0.0,3.6224000000000003,25.3157615064123
4,-0.5,0.0,3.624,25.314627759679734
4,-0.5,0.0,3.6256000000000004,25.31349322057956
4,-0.5,0.0,3.6272,25.31235788949333
4,-0.5,0.0,3.6288,25.31122176680235
4,-0.5,0.0,3.6304000000000003,25.310084852887673
4,-0.5,0.0,3.632,25.308947148130102
4,-0.5,0.0,3.6336000000000004,25.307808652910182
4,-0.5,0.0,3.6352,25.30666936760821
4,-0.5,0.0,3.6368,25.30552929260424
4,-0.5,0.0,3.6384000000000003,25.304388428278063
4,-0.5,0.0,3.64,25.303246775009224
4,-0.5,0.0,3.6416000000000004,25.30210433317702
4,-0.5,0.0,3.6432,25.300961103160503
4,-0.5,0.0,3.6448,25.299817085338464
4,-0.5,0.0,3.6464000000000003,25.298672280089455
4,-0.5,0.0,3.648,25.297526687791773
4,-0.5,0.0,3.6496,25.296380308823462
4,-0.5,0.0,3.6512000000000002,25.295233143562328
4,-0.5,0.0,3.6528,25.294085192385925
4,-0.5,0.0,3.6544000000000003,25.292936455671555
4,-0.5,0.0,3.656,25.29178693379628
4,-0.5,0.0,3.6576,25.29063662713691
4,-0.5,0.0,3.6592000000000002,25.289485536070003
4,-0.5,0.0,3.6608,25.28833366097188
4,-0.5,0.0,3.6624000000000003,25.287181002218603
4,-0.5,0.0,3.664,25.286027560186003
4,-0.5,0.0,3.6656,25.28487333524966
4,-0.5,0.0,3.6672000000000002,25.283718327784893
4,-0.5,0.0,3.6688,25.2825625381668
4,-0.5,0.0,3.6704000000000003,25.281405966770215
4,-0.5,0.0,3.672,25.280248613969736
4,-0.5,0.0,3.6736,25.27909048013971
4,-0.5,0.0,3.6752000000000002,25.27793156565425
4,-0.5,0.0,3.6768,25.27677187088721
4,-0.5,0.0,3.6784000000000003,25.27561139621221
4,-0.5,0.0,3.68,25.274450142002628
4,-0.5,0.0,3.6816,25.273288108631597
4,-0.5,0.0,3.6832000000000003,25.27212529647199
4,-0.5,0.0,3.6848,25.27096170589647
4,-0.5,0.0,3.6864000000000003,25.269797337277428
4,-0.5,0.0,3.688,25.268632190987024
4,-0.5,0.0,3.6896,25.26746626739718
4,-0.5,0.0,3.6912000000000003,25.266299566879567
4,-0.5,0.0,3.6928,25.265132089805626
4,-0.5,0.0,3.6944000000000004,25.263963836546544
4,-0.5,0.0,3.696,25.26279480747327
4,-0.5,0.0,3.6976,25.261625002956517
4,-0.5,0.0,3.6992000000000003,25.260454423366753
4,-0.5,0.0,3.7008,25.259283069074208
4,-0.5,0.0,3.7024000000000004,25.25811094044887
4,-0.5,0.0,3.704,25.25693803786049
4,-0.5,0.0,3.7056,25.25576436167858
4,-0.5,0.0,3.7072000000000003,25.254589912272408
4,-0.5,0.0,3.7088,25.253414690011002
4,-0.5,0.0,3.7104000000000004,25.252238695263156
4,-0.5,0.0,3.712,25.251061928397423
4,-0.5,0.0,3.7136,25.249884389782125
4,-0.5,0.0,3.7152000000000003,25.248706079785332
4,-0.5,0.0,3.7168,25.247526998774887
4,-0.5,0.0,3.7184000000000004,25.246347147118385
4,-0.5,0.0,3.72,25.24516652518319
4,-0.5,0.0,3.7216,25.24398513333644
4,-0.5,0.0,3.7232000000000003,25.242802971945018
4,-0.5,0.0,3.7248,25.241620041375576
4,-0.5,0.0,3.7264000000000004,25.24043634199453
4,-0.5,0.0,3.728,25.239251874168072
4,-0.5,0.0,3.7296,25.23806663826214
4,-0.5,0.0,3.7312000000000003,25.23688063464244
4,-0.5,0.0,3.7328,25.23569386367445
4,-0.5,0.0,3.7344000000000004,25.234506325723405
4,-0.5,0.0,3.736,25.23331802115431
4,-0.5,0.0,3.7376,25.232128950331937
4,-0.5,0.0,3.7392000000000003,25.230939113620824
4,-0.5,0.0,3.7408,25.229748511385264
4,-0.5,0.0,3.7424000000000004,25.22855714398933
4,-0.5,0.0,3.744,25.227365011796856
4,-0.5,0.0,3.7456,25.226172115171433
4,-0.5,0.0,3.7472000000000003,25.22497845447643
4,-0.5,0.0,3.7488,25.223784030074988
4,-0.5,0.0,3.7504000000000004,25.222588842329998
4,-0.5,0.0,3.7520000000000002,25.221392891604136
4,-0.5,0.0,3.7536,25.22019617825983
4,-0.5,0.0,3.7552000000000003,25.21899870265929
4,-0.5,0.0,3.7568,25.21780046516449
4,-0.5,0.0,3.7584,25.216601466137167
4,-0.5,0.0,3.7600000000000002,25.21540170593883
4,-0.5,0.0,3.7616,25.21420118493076
4,-0.5,0.0,3.7632000000000003,25.212999903474
4,-0.5,0.0,3.7648,25.211797861929366
4,-0.5,0.0,3.7664,25.21059506065745
4,-0.5,0.0,3.7680000000000002,25.209391500018604
4,-0.5,0.0,3.7696,25.20818718037296
4,-0.5,0.0,3.7712000000000003,25.206982102080406
4,-0.5,0.0,3.7728,25.205776265500617
4,-0.5,0.0,3.7744,25.20456967099303
4,-0.5,0.0,3.7760000000000002,25.203362318916852
4,-0.5,0.0,3.7776,25.202154209631065
4,-0.5,0.0,3.7792000000000003,25.200945343494425
4,-0.5,0.0,3.7808,25.199735720865444
4,-0.5,0.0,3.7824,25.19852534210243
4,-0.5,0.0,3.7840000000000003,25.197314207563448
4,-0.5,0.0,3.7856,25.19610231760634
4,-0.5,0.0,3.7872000000000003,25.194889672588715
4,-0.5,0.0,3.7888,25.193676272867968
4,-0.5,0.0,3.7904,25.192462118801245
4,-0.5,0.0,3.7920000000000003,25.191247210745487
4,-0.5,0.0,3.7936,25.1900315490574
4,-0.5,0.0,3.7952000000000004,25.188815134093467
4,-0.5,0.0,3.7968,25.187597966209935
4,-0.5,0.0,3.7984,25.18638004576284
4,-0.5,0.0,3.8000000000000003,25.18516137310798
4,-0.5,0.0,3.8016,25.183941948600935
4,-0.5,0.0,3.8032000000000004,25.18272177259706
4,-0.5,0.0,3.8048,25.181500845451474
4,-0.5,0.0,3.8064,25.180279167519092
4,-0.5,0.0,3.8080000000000003,25.179056739154593
4,-0.5,0.0,3.8096,25.177833560712426
4,-0.5,0.0,3.8112000000000004,25.176609632546825
4,-0.5,0.0,3.8128,25.1753849550118
4,-0.5,0.0,3.8144,25.174159528461136
4,-0.5,0.0,3.8160000000000003,25.17293335324839
4,-0.5,0.0,3.8176,25.171706429726896
4,-0.5,0.0,3.8192000000000004,25.17047875824978
4,-0.5,0.0,3.8208,25.16925033916992
4,-0.5,0.0,3.8224,25.168021172840003
4,-0.5,0.0,3.8240000000000003,25.166791259612477
4,-0.5,0.0,3.8256,25.16556059983956
4,-0.5,0.0,3.8272000000000004,25.164329193873257
4,-0.5,0.0,3.8288,25.163097042065353
4,-0.5,0.0,3.8304,25.161864144767414
4,-0.5,0.0,3.8320000000000003,25.16063050233078
4,-0.5,0.0,3.8336,25.159396115106567
4,-0.5,0.0,3.8352000000000004,25.15816098344568
4,-0.5,0.0,3.8368,25.1569251076988
4,-0.5,0.0,3.8384,25.155688488216384
4,-0.5,0.0,3.8400000000000003,25.154451125348675
4,-0.5,0.0,3.8416,25.153213019445694
4,-0.5,0.0,3.8432000000000004,25.151974170857233
4,-0.5,0.0,3.8448,25.150734579932884
4,-0.5,0.0,3.8464,25.14949424702201
4,-0.5,0.0,3.8480000000000003,25.148253172473748
4,-0.5,0.0,3.8496,25.14701135663702
4,-0.5,0.0,3.8512000000000004,25.145768799860544
4,-0.5,0.0,3.8528000000000002,25.144525502492804
4,-0.5,0.0,3.8544,25.143281464882072
4,-0.5,0.0,3.8560000000000003,25.1420366873764
4,-0.5,0.0,3.8576,25.140791170323627
4,-0.5,0.0,3.8592,25.13954491407137
4,-0.5,0.0,3.8608000000000002,25.13829791896703
4,-0.5,0.0,3.8624,25.13705018535779
4,-0.5,0.0,3.8640000000000003,25.13580171359062
4,-0.5,0.0,3.8656,25.134552504012273
4,-0.5,0.0,3.8672,25.133302556969284
4,-0.5,0.0,3.8688000000000002,25.132051872807978
4,-0.5,0.0,3.8704,25.130800451874446
4,-0.5,0.0,3.8720000000000003,25.12954829451459
4,-0.5,0.0,3.8736,25.12829540107407
4,-0.5,0.0,3.8752,25.12704177189835
4,-0.5,0.0,3.8768000000000002,25.12578740733268
4,-0.5,0.0,3.8784,25.124532307722077
4,-0.5,0.0,3.8800000000000003,25.123276473411362
4,-0.5,0.0,3.8816,25.122019904745134
4,-0.5,0.0,3.8832,25.12076260206777
4,-0.5,0.0,3.8848000000000003,25.119504565723457
4,-0.5,0.0,3.8864,25.118245796056144
4,-0.5,0.0,3.8880000000000003,25.116986293409575
4,-0.5,0.0,3.8896,25.11572605812728
4,-0.5,0.0,3.8912,25.114465090552585
4,-0.5,0.0,3.8928000000000003,25.113203391028588
4,-0.5,0.0,3.8944,25.11194095989818
4,-0.5,0.0,3.8960000000000004,25.110677797504056
4,-0.5,0.0,3.8976,25.109413904188667
4,-0.5,0.0,3.8992,25.10814928029428
4,-0.5,0.0,3.9008000000000003,25.106883926162936
4,-0.5,0.0,3.9024,25.10561784213647
4,-0.5,0.0,3.9040000000000004,25.1043510285565
4,-0.5,0.0,3.9056,25.10308348576444
4,-0.5,0.0,3.9072,25.10181521410149
4,-0.5,0.0,3.9088000000000003,25.100546213908633
4,-0.5,0.0,3.9104,25.099276485526655
4,-0.5,0.0,3.9120000000000004,25.09800602929612
4,-0.5,0.0,3.9136,25.096734845557386
4,-0.5,0.0,3.9152,25.095462934650605
4,-0.5,0.0,3.9168000000000003,25.09419029691571
4,-0.5,0.0,3.9184,25.092916932692432
4,-0.5,0.0,3.9200000000000004,25.09164284232029
4,-0.5,0.0,3.9216,25.0903680261386
4,-0.5,0.0,3.9232,25.089092484486454
4,-0.5,0.0,3.9248000000000003,25.087816217702752
4,-0.5,0.0,3.9264,25.08653922612617
4,-0.5,0.0,3.9280000000000004,25.085261510095187
4,-0.5,0.0,3.9296,25.083983069948072
4,-0.5,0.0,3.9312,25.082703906022886
4,-0.5,0.0,3.9328000000000003,25.08142401865748
4,-0.5,0.0,3.9344,25.080143408189496
4,-0.5,0.0,3.9360000000000004,25.078862074956376
4,-0.5,0.0,3.9376,25.077580019295347
4,-0.5,0.0,3.9392,25.07629724154344
4,-0.5,0.0,3.9408000000000003,25.075013742037463
4,-0.5,0.0,3.9424,25.073729521114025
4,-0.5,0.0,3.9440000000000004,25.072444579109536
4,-0.5,0.0,3.9456,25.071158916360186
4,-0.5,0.0,3.9472,25.069872533201977
4,-0.5,0.0,3.9488000000000003,25.068585429970685
4,-0.5,0.0,3.9504,25.067297607001898
4,-0.5,0.0,3.9520000000000004,25.06600906463099
4,-0.5,0.0,3.9536000000000002,25.064719803193128
4,-0.5,0.0,3.9552,25.063429823023277
4,-0.5,0.0,3.9568000000000003,25.062139124456202
4,-0.5,0.0,3.9584,25.060847707826454
4,-0.5,0.0,3.9600000000000004,25.059555573468387
4,-0.5,0.0,3.9616000000000002,25.058262721716144
4,-0.5,0.0,3.9632,25.056969152903676
4,-0.5,0.0,3.9648000000000003,25.05567486736472
4,-0.5,0.0,3.9664,25.054379865432807
4,-0.5,0.0,3.968,25.053084147441275
4,-0.5,0.0,3.9696000000000002,25.051787713723254
4,-0.5,0.0,3.9712,25.050490564611664
4,-0.5,0.0,3.9728000000000003,25.04919270043924
4,-0.5,0.0,3.9744,25.047894121538494
4,-0.5,0.0,3.976,25.04659482824174
4,-0.5,0.0,3.9776000000000002,25.045294820881107
4,-0.5,0.0,3.9792,25.043994099788506
4,-0.5,0.0,3.9808000000000003,25.04269266529564
4,-0.5,0.0,3.9824,25.04139051773403
4,-0.5,0.0,3.984,25.040087657434984
4,-0.5,0.0,3.9856000000000003,25.038784084729606
4,-0.5,0.0,3.9872,25.03747979994881
4,-0.5,0.0,3.9888000000000003,25.036174803423293
4,-0.5,0.0,3.9904,25.03486909548357
4,-0.5,0.0,3.992,25.033562676459944
4,-0.5,0.0,3.9936000000000003,25.032255546682514
4,-0.5,0.0,3.9952,25.030947706481186
4,-0.5,0.0,3.9968000000000004,25.02963915618567
4,-0.5,0.0,3.9984,25.028329896125463
4,-0.5,0.0,4.0,25.027019926629876
4,-0.5,0.0,4.0016,25.025709248028015
4,-0.5,0.0,4.0032000000000005,25.024397860648786
4,-0.5,0.0,4.0048,25.023085764820895
4,-0.5,0.0,4.0064,25.021772960872855
4,-0.5,0.0,4.008,25.020459449132975
4,-0.5,0.0,4.0096,25.019145229929354
4,-0.5,0.0,4.0112000000000005,25.01783030358992
4,-0.5,0.0,4.0128,25.01651467044239
4,-0.5,0.0,4.0144,25.015198330814272
4,-0.5,0.0,4.016,25.01388128503289
4,-0.5,0.0,4.0176,25.012563533425368
4,-0.5,0.0,4.0192000000000005,25.011245076318627
4,-0.5,0.0,4.0208,25.0099259140394
4,-0.5,0.0,4.0224,25.008606046914213
4,-0.5,0.0,4.024,25.007285475269406
4,-0.5,0.0,4.0256,25.00596419943111
4,-0.5,0.0,4.027200000000001,25.004642219725266
4,-0.5,0.0,4.0288,25.003319536477626
4,-0.5,0.0,4.0304,25.001996150013728
4,-0.5,0.0,4.032,25.000672060658935
4,-0.5,0.0,4.0336,24.9993472687384
4,-0.5,0.0,4.035200000000001,24.99802177457708
4,-0.5,0.0,4.0368,24.996695578499747
4,-0.5,0.0,4.0384,24.99536868083097
4,-0.5,0.0,4.04,24.994041081895126
4,-0.5,0.0,4.0416,24.992712782016394
4,-0.5,0.0,4.043200000000001,24.991383781518767
4,-0.5,0.0,4.0448,24.99005408072603
4,-0.5,0.0,4.0464,24.988723679961787
4,-0.5,0.0,4.048,24.987392579549436
4,-0.5,0.0,4.0496,24.98606077981219
4,-0.5,0.0,4.051200000000001,24.984728281073068
4,-0.5,0.0,4.0528,24.983395083654887
4,-0.5,0.0,4.0544,24.982061187880284
4,-0.5,0.0,4.056,24.980726594071683
4,-0.5,0.0,4.0576,24.979391302551335
4,-0.5,0.0,4.059200000000001,24.9780553136413
4,-0.5,0.0,4.0608,24.97671862766342
4,-0.5,0.0,4.0624,24.975381244939364
4,-0.5,0.0,4.064,24.974043165790608
4,-0.5,0.0,4.0656,24.972704390538432
4,-0.5,0.0,4.067200000000001,24.971364919503927
4,-0.5,0.0,4.0688,24.970024753007987
4,-0.5,0.0,4.0704,24.968683891371324
4,-0.5,0.0,4.072,24.96734233491444
4,-0.5,0.0,4.0736,24.966000083957667
4,-0.5,0.0,4.075200000000001,24.96465713882113
4,-0.5,0.0,4.0768,24.963313499824782
4,-0.5,0.0,4.0784,24.96196916728836
4,-0.5,0.0,4.08,24.96062414153143
4,-0.5,0.0,4.0816,24.95927842287336
4,-0.5,0.0,4.083200000000001,24.957932011633332
4,-0.5,0.0,4.0848,24.95658490813033
4,-0.5,0.0,4.0864,24.95523711268316
4,-0.5,0.0,4.088,24.953888625610425
4,-0.5,0.0,4.0896,24.952539447230546
4,-0.5,0.0,4.091200000000001,24.951189577861754
4,-0.5,0.0,4.0928,24.949839017822093
4,-0.5,0.0,4.0944,24.948487767429416
4,-0.5,0.0,4.096,24.947135827001382
4,-0.5,0.0,4.0976,24.945783196855466
4,-0.5,0.0,4.099200000000001,24.944429877308956
4,-0.5,0.0,4.1008000000000004,24.943075868678953
4,-0.5,0.0,4.1024,24.941721171282367
4,-0.5,0.0,4.104,24.94036578543592
4,-0.5,0.0,4.1056,24.939009711456137
4,-0.5,0.0,4.107200000000001,24.93765294965937
4,-0.5,0.0,4.1088000000000005,24.936295500361787
4,-0.5,0.0,4.1104,24.934937363879346
4,-0.5,0.0,4.112,24.933578540527844
4,-0.5,0.0,4.1136,24.932219030622875
4,-0.5,0.0,4.115200000000001,24.930858834479846
4,-0.5,0.0,4.1168000000000005,24.929497952413985
4,-0.5,0.0,4.1184,24.928136384740327
4,-0.5,0.0,4.12,24.926774131773726
4,-0.5,0.0,4.1216,24.92541119382885
4,-0.5,0.0,4.1232,24.92404757122017
4,-0.5,0.0,4.1248000000000005,24.92268326426199
4,-0.5,0.0,4.1264,24.921318273268408
4,-0.5,0.0,4.128,24.91995259855336
4,-0.5,0.0,4.1296,24.91858624043057
4,-0.5,0.0,4.1312,24.917219199213598
4,-0.5,0.0,4.1328000000000005,24.915851475215806
4,-0.5,0.0,4.1344,24.914483068750382
4,-0.5,0.0,4.136,24.913113980130326
4,-0.5,0.0,4.1376,24.911744209668445
4,-0.5,0.0,4.1392,24.910373757677366
4,-0.5,0.0,4.1408000000000005,24.90900262446954
4,-0.5,0.0,4.1424,24.90763081035723
4,-0.5,0.0,4.144,24.906258315652504
4,-0.5,0.0,4.1456,24.904885140667268
4,-0.5,0.0,4.1472,24.90351128571322
4,-0.5,0.0,4.1488000000000005,24.902136751101896
4,-0.5,0.0,4.1504,24.900761537144636
4,-0.5,0.0,4.152,24.899385644152602
4,-0.5,0.0,4.1536,24.898009072436764
4,-0.5,0.0,4.1552,24.89663182230793
4,-0.5,0.0,4.1568000000000005,24.895253894076703
4,-0.5,0.0,4.1584,24.89387528805352
4,-0.5,0.0,4.16,24.892496004548626
4,-0.5,0.0,4.1616,24.89111604387209
4,-0.5,0.0,4.1632,24.88973540633379
4,-0.5,0.0,4.1648000000000005,24.888354092243432
4,-0.5,0.0,4.1664,24.88697210191054
4,-0.5,0.0,4.168,24.885589435644455
4,-0.5,0.0,4.1696,24.88420609375433
4,-0.5,0.0,4.1712,24.88282207654914
4,-0.5,0.0,4.1728000000000005,24.881437384337687
4,-0.5,0.0,4.1744,24.88005201742859
4,-0.5,0.0,4.176,24.87866597613028
4,-0.5,0.0,4.1776,24.877279260751006
4,-0.5,0.0,4.1792,24.87589187159885
4,-0.5,0.0,4.1808000000000005,24.874503808981707
4,-0.5,0.0,4.1824,24.873115073207288
4,-0.5,0.0,4.184,24.871725664583128
4,-0.5,0.0,4.1856,24.870335583416587
4,-0.5,0.0,4.1872,24.868944830014833
4,-0.5,0.0,4.1888000000000005,24.86755340468487
4,-0.5,0.0,4.1904,24.86616130773351
4,-0.5,0.0,4.192,24.86476853946739
4,-0.5,0.0,4.1936,24.86337510019298
4,-0.5,0.0,4.1952,24.861980990216548
4,-0.5,0.0,4.1968000000000005,24.860586209844197
4,-0.5,0.0,4.1984,24.859190759381864
4,-0.5,0.0,4.2,24.857794639135278
4,-0.5,0.0,4.2016,24.85639784941002
4,-0.5,0.0,4.2032,24.855000390511467
4,-0.5,0.0,4.2048000000000005,24.853602262744843
4,-0.5,0.0,4.2064,24.852203466415173
4,-0.5,0.0,4.208,24.850804001827317
4,-0.5,0.0,4.2096,24.849403869285954
4,-0.5,0.0,4.2112,24.848003069095586
4,-0.5,0.0,4.2128000000000005,24.846601601560547
4,-0.5,0.0,4.2144,24.845199466984976
4,-0.5,0.0,4.216,24.843796665672848
4,-0.5,0.0,4.2176,24.842393197927958
4,-0.5,0.0,4.2192,24.840989064053918
4,-0.5,0.0,4.2208000000000006,24.839584264354187
4,-0.5,0.0,4.2224,24.838178799132024
4,-0.5,0.0,4.224,24.83677266869051
4,-0.5,0.0,4.2256,24.835365873332574
4,-0.5,0.0,4.2272,24.833958413360946
4,-0.5,0.0,4.228800000000001,24.832550289078192
4,-0.5,0.0,4.2304,24.831141500786707
4,-0.5,0.0,4.232,24.829732048788703
4,-0.5,0.0,4.2336,24.82832193338621
4,-0.5,0.0,4.2352,24.826911154881103
4,-0.5,0.0,4.236800000000001,24.82549971357506
4,-0.5,0.0,4.2384,24.824087609769606
4,-0.5,0.0,4.24,24.822674843766073
4,-0.5,0.0,4.2416,24.82126141586564
4,-0.5,0.0,4.2432,24.81984732636928
4,-0.5,0.0,4.244800000000001,24.818432575577823
4,-0.5,0.0,4.2464,24.817017163791913
4,-0.5,0.0,4.248,24.81560109131202
4,-0.5,0.0,4.2496,24.814184358438432
4,-0.5,0.0,4.2512,24.812766965471283
4,-0.5,0.0,4.252800000000001,24.81134891271052
4,-0.5,0.0,4.2544,24.80993020045592
4,-0.5,0.0,4.256,24.808510829007087
4,-0.5,0.0,4.2576,24.807090798663452
4,-0.5,0.0,4.2592,24.805670109724275
4,-0.5,0.0,4.260800000000001,24.804248762488644
4,-0.5,0.0,4.2624,24.802826757255474
4,-0.5,0.0,4.264,24.801404094323505
4,-0.5,0.0,4.2656,24.799980773991308
4,-0.5,0.0,4.2672,24.798556796557275
4,-0.5,0.0,4.268800000000001,24.797132162319645
4,-0.5,0.0,4.2704,24.795706871576467
4,-0.5,0.0,4.272,24.79428092462562
4,-0.5,0.0,4.2736,24.79285432176482
4,-0.5,0.0,4.2752,24.791427063291614
4,-0.5,0.0,4.276800000000001,24.789999149503366
4,-0.5,0.0,4.2784,24.78857058069727
4,-0.5,0.0,4.28,24.78714135717036
4,-0.5,0.0,4.2816,24.785711479219497
4,-0.5,0.0,4.2832,24.784280947141365
4,-0.5,0.0,4.284800000000001,24.782849761232484
4,-0.5,0.0,4.2864,24.7814179217892
4,-0.5,0.0,4.288,24.77998542910769
4,-0.5,0.0,4.2896,24.778552283483958
4,-0.5,0.0,4.2912,24.777118485213848
4,-0.5,0.0,4.292800000000001,24.77568403459302
4,-0.5,0.0,4.2944,24.77424893191698
4,-0.5,0.0,4.296,24.77281317748105
4,-0.5,0.0,4.2976,24.771376771580403
4,-0.5,0.0,4.2992,24.769939714510027
4,-0.5,0.0,4.300800000000001,24.768502006564734
4,-0.5,0.0,4.3024000000000004,24.767063648039187
4,-0.5,0.0,4.304,24.765624639227866
4,-0.5,0.0,4.3056,24.764184980425092
4,-0.5,0.0,4.3072,24.762744671925013
4,-0.5,0.0,4.308800000000001,24.761303714021608
4,-0.5,0.0,4.3104000000000005,24.75986210700869
4,-0.5,0.0,4.312,24.7584198511799
4,-0.5,0.0,4.3136,24.756976946828722
4,-0.5,0.0,4.3152,24.755533394248463
4,-0.5,0.0,4.316800000000001,24.754089193732266
4,-0.5,0.0,4.3184000000000005,24.752644345573103
4,-0.5,0.0,4.32,24.75119885006378
4,-0.5,0.0,4.3216,24.749752707496942
4,-0.5,0.0,4.3232,24.748305918165062
4,-0.5,0.0,4.324800000000001,24.746858482360448
4,-0.5,0.0,4.3264000000000005,24.745410400375235
4,-0.5,0.0,4.328,24.7439616725014
4,-0.5,0.0,4.3296,24.74251229903075
4,-0.5,0.0,4.3312,24.74106228025493
4,-0.5,0.0,4.332800000000001,24.739611616465414
4,-0.5,0.0,4.3344000000000005,24.73816030795351
4,-0.5,0.0,4.336,24.73670835501036
4,-0.5,0.0,4.3376,24.735255757926947
4,-0.5,0.0,4.3392,24.733802516994082
4,-0.5,0.0,4.3408,24.73234863250241
4,-0.5,0.0,4.3424000000000005,24.730894104742415
4,-0.5,0.0,4.344,24.729438934004413
4,-0.5,0.0,4.3456,24.727983120578564
4,-0.5,0.0,4.3472,24.726526664754843
4,-0.5,0.0,4.3488,24.725069566823084
4,-0.5,0.0,4.3504000000000005,24.72361182707294
4,-0.5,0.0,4.352,24.722153445793904
4,-0.5,0.0,4.3536,24.720694423275308
4,-0.5,0.0,4.3552,24.719234759806316
4,-0.5,0.0,4.3568,24.71777445567593
4,-0.5,0.0,4.3584000000000005,24.71631351117299
4,-0.5,0.0,4.36,24.714851926586167
4,-0.5,0.0,4.3616,24.713389702203976
4,-0.5,0.0,4.3632,24.711926838314756
4,-0.5,0.0,4.3648,24.710463335206697
4,-0.5,0.0,4.3664000000000005,24.70899919316782
4,-0.5,0.0,4.368,24.70753441248598
4,-0.5,0.0,4.3696,24.706068993448877
4,-0.5,0.0,4.3712,24.704602936344035
4,-0.5,0.0,4.3728,24.70313624145883
4,-0.5,0.0,4.3744000000000005,24.701668909080464
4,-0.5,0.0,4.376,24.700200939495982
4,-0.5,0.0,4.3776,24.698732332992275
4,-0.5,0.0,4.3792,24.697263089856055
4,-0.5,0.0,4.3808,24.695793210373882
4,-0.5,0.0,4.3824000000000005,24.694322694832156
4,-0.5,0.0,4.384,24.6928515435171
4,-0.5,0.0,4.3856,24.6913797567148
4,-0.5,0.0,4.3872,24.68990733471117
4,-0.5,0.0,4.3888,24.688434277791945
4,-0.5,0.0,4.3904000000000005,24.686960586242726
4,-0.5,0.0,4.392,24.68548626034894
4,-0.5,0.0,4.3936,24.684011300395856
4,-0.5,0.0,4.3952,24.682535706668578
4,-0.5,0.0,4.3968,24.681059479452053
4,-0.5,0.0,4.3984000000000005,24.679582619031063
4,-0.5,0.0,4.4,24.67810512569024
4,-0.5,0.0,4.4016,24.676626999714045
4,-0.5,0.0,4.4032,24.675148241386786
4,-0.5,0.0,4.4048,24.673668850992602
4,-0.5,0.0,4.4064000000000005,24.672188828815486
4,-0.5,0.0,4.408,24.670708175139254
4,-0.5,0.0,4.4096,24.669226890247582
4,-0.5,0.0,4.4112,24.667744974423968
4,-0.5,0.0,4.4128,24.666262427951764
4,-0.5,0.0,4.4144000000000005,24.66477925111415
4,-0.5,0.0,4.416,24.663295444194166
4,-0.5,0.0,4.4176,24.66181100747468
4,-0.5,0.0,4.4192,24.660325941238398
4,-0.5,0.0,4.4208,24.658840245767873
4,-0.5,0.0,4.4224000000000006,24.657353921345504
4,-0.5,0.0,4.424,24.655866968253516
4,-0.5,0.0,4.4256,24.654379386773993
4,-0.5,0.0,4.4272,24.652891177188863
4,-0.5,0.0,4.4288,24.651402339779874
4,-0.5,0.0,4.430400000000001,24.649912874828633
4,-0.5,0.0,4.432,24.648422782616585
4,-0.5,0.0,4.4336,24.646932063425012
4,-0.5,0.0,4.4352,24.645440717535052
4,-0.5,0.0,4.4368,24.64394874522768
4,-0.5,0.0,4.438400000000001,24.6424561467837
4,-0.5,0.0,4.44,24.64096292248378
4,-0.5,0.0,4.4416,24.63946907260842
4,-0.5,0.0,4.4432,24.63797459743796
4,-0.5,0.0,4.4448,24.636479497252598
4,-0.5,0.0,4.446400000000001,24.63498377233235
4,-0.5,0.0,4.448,24.6334874229571
4,-0.5,0.0,4.4496,24.631990449406562
4,-0.5,0.0,4.4512,24.630492851960298
4,-0.5,0.0,4.4528,24.628994630897715
4,-0.5,0.0,4.454400000000001,24.627495786498066
4,-0.5,0.0,4.456,24.62599631904044
4,-0.5,0.0,4.4576,24.62449622880377
4,-0.5,0.0,4.4592,24.622995516066855
4,-0.5,0.0,4.4608,24.62149418110831
4,-0.5,0.0,4.462400000000001,24.61999222420661
4,-0.5,0.0,4.464,24.618489645640064
4,-0.5,0.0,4.4656,24.61698644568684
4,-0.5,0.0,4.4672,24.615482624624942
4,-0.5,0.0,4.4688,24.613978182732225
4,-0.5,0.0,4.470400000000001,24.61247312028638
4,-0.5,0.0,4.472,24.610967437564955
4,-0.5,0.0,4.4736,24.60946113484533
4,-0.5,0.0,4.4752,24.607954212404742
4,-0.5,0.0,4.4768,24.606446670520263
4,-0.5,0.0,4.478400000000001,24.604938509468827
4,-0.5,0.0,4.48,24.603429729527203
4,-0.5,0.0,4.4816,24.601920330972003
4,-0.5,0.0,4.4832,24.600410314079692
4,-0.5,0.0,4.4848,24.598899679126582
4,-0.5,0.0,4.486400000000001,24.59738842638882
4,-0.5,0.0,4.488,24.595876556142418
4,-0.5,0.0,4.4896,24.594364068663218
4,-0.5,0.0,4.4912,24.59285096422692
4,-0.5,0.0,4.4928,24.591337243109066
4,-0.5,0.0,4.494400000000001,24.58982290558504
4,-0.5,0.0,4.496,24.588307951930087
4,-0.5,0.0,4.4976,24.586792382419286
4,-0.5,0.0,4.4992,24.58527619732757
4,-0.5,0.0,4.5008,24.583759396929718
4,-0.5,0.0,4.502400000000001,24.582241981500356
4,-0.5,0.0,4.5040000000000004,24.580723951313963
4,-0.5,0.0,4.5056,24.57920530664486
4,-0.5,0.0,4.5072,24.577686047767216
4,-0.5,0.0,4.5088,24.576166174955045
4,-0.5,0.0,4.510400000000001,24.574645688482217
4,-0.5,0.0,4.5120000000000005,24.573124588622456
4,-0.5,0.0,4.5136,24.571602875649315
4,-0.5,0.0,4.5152,24.570080549836213
4,-0.5,0.0,4.5168,24.56855761145641
4,-0.5,0.0,4.518400000000001,24.567034060783012
4,-0.5,0.0,4.5200000000000005,24.565509898088983
4,-0.5,0.0,4.5216,24.563985123647132
4,-0.5,0.0,4.5232,24.562459737730116
4,-0.5,0.0,4.5248,24.560933740610434
4,-0.5,0.0,4.526400000000001,24.559407132560455
4,-0.5,0.0,4.5280000000000005,24.557879913852375
4,-0.5,0.0,4.5296,24.556352084758256
4,-0.5,0.0,4.5312,24.55482364555
4,-0.5,0.0,4.5328,24.553294596499367
4,-0.5,0.0,4.534400000000001,24.551764937877955
4,-0.5,0.0,4.5360000000000005,24.55023466995722
4,-0.5,0.0,4.5376,24.548703793008478
4,-0.5,0.0,4.5392,24.547172307302876
4,-0.5,0.0,4.5408,24.545640213111426
4,-0.5,0.0,4.542400000000001,24.544107510704983
4,-0.5,0.0,4.5440000000000005,24.542574200354252
4,-0.5,0.0,4.5456,24.5410402823298
4,-0.5,0.0,4.5472,24.53950575690203
4,-0.5,0.0,4.5488,24.537970624341202
4,-0.5,0.0,4.5504,24.53643488491744
4,-0.5,0.0,4.5520000000000005,24.534898538900705
4,-0.5,0.0,4.5536,24.533361586560805
4,-0.5,0.0,4.5552,24.531824028167406
4,-0.5,0.0,4.5568,24.530285863990034
4,-0.5,0.0,4.5584,24.528747094298055
4,-0.5,0.0,4.5600000000000005,24.52720771936069
4,-0.5,0.0,4.5616,24.525667739447016
4,-0.5,0.0,4.5632,24.524127154825962
4,-0.5,0.0,4.5648,24.522585965766297
4,-0.5,0.0,4.5664,24.521044172536662
4,-0.5,0.0,4.5680000000000005,24.519501775405537
4,-0.5,0.0,4.5696,24.517958774641258
4,-0.5,0.0,4.5712,24.516415170512015
4,-0.5,0.0,4.5728,24.51487096328585
4,-0.5,0.0,4.5744,24.51332615323066
4,-0.5,0.0,4.5760000000000005,24.51178074061419
4,-0.5,0.0,4.5776,24.51023472570404
4,-0.5,0.0,4.5792,24.508688108767668
4,-0.5,0.0,4.5808,24.507140890072375
4,-0.5,0.0,4.5824,24.50559306988532
4,-0.5,0.0,4.5840000000000005,24.50404464847353
4,-0.5,0.0,4.5856,24.502495626103865
4,-0.5,0.0,4.5872,24.500946003043047
4,-0.5,0.0,4.5888,24.499395779557656
4,-0.5,0.0,4.5904,24.497844955914125
4,-0.5,0.0,4.5920000000000005,24.496293532378733
4,-0.5,0.0,4.5936,24.49474150921762
4,-0.5,0.0,4.5952,24.493188886696778
4,-0.5,0.0,4.5968,24.491635665082065
4,-0.5,0.0,4.5984,24.490081844639167
4,-0.5,0.0,4.6000000000000005,24.488527425633656
4,-0.5,0.0,4.6016,24.486972408330935
4,-0.5,0.0,4.6032,24.48541679299628
4,-0.5,0.0,4.6048,24.4838605798948
4,-0.5,0.0,4.6064,24.48230376929148
4,-0.5,0.0,4.6080000000000005,24.480746361451157
4,-0.5,0.0,4.6096,24.479188356638513
4,-0.5,0.0,4.6112,24.47762975511809
4,-0.5,0.0,4.6128,24.476070557154298
4,-0.5,0.0,4.6144,24.474510763011384
4,-0.5,0.0,4.6160000000000005,24.472950372953463
4,-0.5,0.0,4.6176,24.471389387244486
4,-0.5,0.0,4.6192,24.469827806148295
4,-0.5,0.0,4.6208,24.468265629928563
4,-0.5,0.0,4.6224,24.46670285884883
4,-0.5,0.0,4.6240000000000006,24.46513949317248
4,-0.5,0.0,4.6256,24.46357553316276
4,-0.5,0.0,4.6272,24.462010979082788
4,-0.5,0.0,4.6288,24.460445831195518
4,-0.5,0.0,4.6304,24.458880089763767
4,-0.5,0.0,4.632000000000001,24.457313755050208
4,-0.5,0.0,4.6336,24.45574682731738
4,-0.5,0.0,4.6352,24.454179306827672
4,-0.5,0.0,4.6368,24.452611193843335
4,-0.5,0.0,4.6384,24.451042488626467
4,-0.5,0.0,4.640000000000001,24.449473191439026
4,-0.5,0.0,4.6416,24.44790330254284
4,-0.5,0.0,4.6432,24.446332822199583
4,-0.5,0.0,4.6448,24.44476175067079
4,-0.5,0.0,4.6464,24.443190088217854
4,-0.5,0.0,4.648000000000001,24.441617835102026
4,-0.5,0.0,4.6496,24.440044991584422
4,-0.5,0.0,4.6512,24.438471557926
4,-0.5,0.0,4.6528,24.436897534387594
4,-0.5,0.0,4.6544,24.43532292122989
4,-0.5,0.0,4.656000000000001,24.433747718713416
4,-0.5,0.0,4.6576,24.432171927098587
4,-0.5,0.0,4.6592,24.43059554664566
4,-0.5,0.0,4.6608,24.42901857761476
4,-0.5,0.0,4.6624,24.427441020265857
4,-0.5,0.0,4.664000000000001,24.425862874858787
4,-0.5,0.0,4.6656,24.424284141653253
4,-0.5,0.0,4.6672,24.422704820908805
4,-0.5,0.0,4.6688,24.421124912884867
4,-0.5,0.0,4.6704,24.419544417840708
4,-0.5,0.0,4.672000000000001,24.417963336035466
4,-0.5,0.0,4.6736,24.416381667728135
4,-0.5,0.0,4.6752,24.414799413177573
4,-0.5,0.0,4.6768,24.41321657264249
4,-0.5,0.0,4.6784,24.411633146381455
4,-0.5,0.0,4.680000000000001,24.41004913465291
4,-0.5,0.0,4.6816,24.40846453771515
4,-0.5,0.0,4.6832,24.406879355826327
4,-0.5,0.0,4.6848,24.40529358924445
4,-0.5,0.0,4.6864,24.40370723822741
4,-0.5,0.0,4.688000000000001,24.402120303032934
4,-0.5,0.0,4.6896,24.400532783918624
4,-0.5,0.0,4.6912,24.398944681141934
4,-0.5,0.0,4.6928,24.397355994960186
4,-0.5,0.0,4.6944,24.39576672563056
4,-0.5,0.0,4.696000000000001,24.394176873410103
4,-0.5,0.0,4.6976,24.392586438555714
4,-0.5,0.0,4.6992,24.39099542132416
4,-0.5,0.0,4.7008,24.389403821972067
4,-0.5,0.0,4.7024,24.38781164075592
4,-0.5,0.0,4.704000000000001,24.386218877932073
4,-0.5,0.0,4.7056000000000004,24.38462553375673
4,-0.5,0.0,4.7072,24.38303160848597
4,-0.5,0.0,4.7088,24.38143710237573
4,-0.5,0.0,4.7104,24.37984201568181
4,-0.5,0.0,4.712000000000001,24.37824634865986
4,-0.5,0.0,4.7136000000000005,24.376650101565406
4,-0.5,0.0,4.7152,24.375053274653837
4,-0.5,0.0,4.7168,24.3734558681804
4,-0.5,0.0,4.7184,24.371857882400196
4,-0.5,0.0,4.720000000000001,24.37025931756821
4,-0.5,0.0,4.7216000000000005,24.36866017393927
4,-0.5,0.0,4.7232,24.367060451768072
4,-0.5,0.0,4.7248,24.365460151309186
4,-0.5,0.0,4.7264,24.36385927281703
4,-0.5,0.0,4.728000000000001,24.362257816545895
4,-0.5,0.0,4.7296000000000005,24.360655782749934
4,-0.5,0.0,4.7312,24.35905317168316
4,-0.5,0.0,4.7328,24.357449983599448
4,-0.5,0.0,4.7344,24.355846218752543
4,-0.5,0.0,4.736000000000001,24.354241877396053
4,-0.5,0.0,4.7376000000000005,24.352636959783442
4,-0.5,0.0,4.7392,24.351031466168052
4,-0.5,0.0,4.7408,24.349425396803078
4,-0.5,0.0,4.7424,24.347818751941578
4,-0.5,0.0,4.744000000000001,24.34621153183648
4,-0.5,0.0,4.7456000000000005,24.344603736740577
4,-0.5,0.0,4.7472,24.34299536690652
4,-0.5,0.0,4.7488,24.341386422586833
4,-0.5,0.0,4.7504,24.339776904033897
4,-0.5,0.0,4.752000000000001,24.338166811499963
4,-0.5,0.0,4.7536000000000005,24.336556145237143
4,-0.5,0.0,4.7552,24.334944905497423
4,-0.5,0.0,4.7568,24.333333092532637
4,-0.5,0.0,4.7584,24.331720706594503
4,-0.5,0.0,4.76,24.33010774793459
4,-0.5,0.0,4.7616000000000005,24.32849421680434
4,-0.5,0.0,4.7632,24.326880113455058
4,-0.5,0.0,4.7648,24.32526543813792
4,-0.5,0.0,4.7664,24.323650191103955
4,-0.5,0.0,4.768,24.322034372604065
4,-0.5,0.0,4.7696000000000005,24.320417982889023
4,-0.5,0.0,4.7712,24.318801022209463
4,-0.5,0.0,4.7728,24.317183490815886
4,-0.5,0.0,4.7744,24.315565388958653
4,-0.5,0.0,4.776,24.313946716888005
4,-0.5,0.0,4.7776000000000005,24.312327474854037
4,-0.5,0.0,4.7792,24.310707663106708
4,-0.5,0.0,4.7808,24.309087281895867
4,-0.5,0.0,4.7824,24.307466331471193
4,-0.5,0.0,4.784,24.305844812082267
4,-0.5,0.0,4.7856000000000005,24.304222723978516
4,-0.5,0.0,4.7872,24.302600067409234
4,-0.5,0.0,4.7888,24.30097684262359
4,-0.5,0.0,4.7904,24.299353049870625
4,-0.5,0.0,4.792,24.297728689399236
4,-0.5,0.0,4.7936000000000005,24.296103761458188
4,-0.5,0.0,4.7952,24.294478266296117
4,-0.5,0.0,4.7968,24.29285220416153
4,-0.5,0.0,4.7984,24.291225575302793
4,-0.5,0.0,4.8,24.289598379968147
4,-0.5,0.0,4.8016000000000005,24.2879706184057
4,-0.5,0.0,4.8032,24.286342290863423
4,-0.5,0.0,4.8048,24.284713397589158
4,-0.5,0.0,4.8064,24.28308393883062
4,-0.5,0.0,4.808,24.28145391483538
4,-0.5,0.0,4.8096000000000005,24.27982332585089
4,-0.5,0.0,4.8112,24.278192172124466
4,-0.5,0.0,4.8128,24.276560453903294
4,-0.5,0.0,4.8144,24.274928171434414
4,-0.5,0.0,4.816,24.273295324964757
4,-0.5,0.0,4.8176000000000005,24.27166191474111
4,-0.5,0.0,4.8192,24.270027941010134
4,-0.5,0.0,4.8208,24.268393404018354
4,-0.5,0.0,4.8224,24.26675830401217
4,-0.5,0.0,4.824,24.265122641237845
4,-0.5,0.0,4.8256000000000006,24.263486415941514
4,-0.5,0.0,4.8272,24.261849628369184
4,-0.5,0.0,4.8288,24.260212278766723
4,-0.5,0.0,4.8304,24.25857436737988
4,-0.5,0.0,4.832,24.25693589445427
4,-0.5,0.0,4.833600000000001,24.255296860235365
4,-0.5,0.0,4.8352,24.253657264968528
4,-0.5,0.0,4.8368,24.252017108898976
4,-0.5,0.0,4.8384,24.2503763922718
4,-0.5,0.0,4.84,24.248735115331968
4,-0.5,0.0,4.841600000000001,24.247093278324314
4,-0.5,0.0,4.8432,24.245450881493532
4,-0.5,0.0,4.8448,24.243807925084205
4,-0.5,0.0,4.8464,24.242164409340774
4,-0.5,0.0,4.848,24.240520334507554
4,-0.5,0.0,4.849600000000001,24.23887570082872
4,-0.5,0.0,4.8512,24.237230508548343
4,-0.5,0.0,4.8528,24.235584757910342
4,-0.5,0.0,4.8544,24.23393844915851
4,-0.5,0.0,4.856,24.23229158253653
4,-0.5,0.0,4.857600000000001,24.230644158287923
4,-0.5,0.0,4.8592,24.228996176656114
4,-0.5,0.0,4.8608,24.227347637884378
4,-0.5,0.0,4.8624,24.225698542215873
4,-0.5,0.0,4.864,24.224048889893627
4,-0.5,0.0,4.865600000000001,24.22239868116053
4,-0.5,0.0,4.8672,24.220747916259356
4,-0.5,0.0,4.8688,24.219096595432738
4,-0.5,0.0,4.8704,24.217444718923197
4,-0.5,0.0,4.872,24.21579228697311
4,-0.5,0.0,4.873600000000001,24.214139299824737
4,-0.5,0.0,4.8752,24.212485757720202
4,-0.5,0.0,4.8768,24.210831660901512
4,-0.5,0.0,4.8784,24.20917700961053
4,-0.5,0.0,4.88,24.207521804089012
4,-0.5,0.0,4.881600000000001,24.205866044578574
4,-0.5,0.0,4.8832,24.2042097313207
4,-0.5,0.0,4.8848,24.202552864556758
4,-0.5,0.0,4.8864,24.200895444527976
4,-0.5,0.0,4.888,24.19923747147547
4,-0.5,0.0,4.889600000000001,24.197578945640224
4,-0.5,0.0,4.8912,24.19591986726309
4,-0.5,0.0,4.8928,24.19426023658479
4,-0.5,0.0,4.8944,24.19260005384593
4,-0.5,0.0,4.896,24.19093931928699
4,-0.5,0.0,4.897600000000001,24.189278033148305
4,-0.5,0.0,4.8992,24.1876161956701
4,-0.5,0.0,4.9008,24.185953807092474
4,-0.5,0.0,4.9024,24.184290867655392
4,-0.5,0.0,4.904,24.182627377598703
4,-0.5,0.0,4.905600000000001,24.180963337162115
4,-0.5,0.0,4.9072000000000005,24.179298746585225
4,-0.5,0.0,4.9088,24.177633606107488
4,-0.5,0.0,4.9104,24.175967915968247
4,-0.5,0.0,4.912,24.174301676406717
4,-0.5,0.0,4.913600000000001,24.17263488766198
4,-0.5,0.0,4.9152000000000005,24.170967549973
4,-0.5,0.0,4.9168,24.169299663578613
4,-0.5,0.0,4.9184,24.167631228717525
4,-0.5,0.0,4.92,24.165962245628325
4,-0.5,0.0,4.921600000000001,24.16429271454947
4,-0.5,0.0,4.9232000000000005,24.162622635719295
4,-0.5,0.0,4.9248,24.16095200937601
4,-0.5,0.0,4.9264,24.1592808357577
4,-0.5,0.0,4.928,24.157609115102325
4,-0.5,0.0,4.929600000000001,24.155936847647713
4,-0.5,0.0,4.9312000000000005,24.15426403363158
4,-0.5,0.0,4.9328,24.152590673291513
4,-0.5,0.0,4.9344,24.150916766864967
4,-0.5,0.0,4.936,24.149242314589277
4,-0.5,0.0,4.937600000000001,24.147567316701664
4,-0.5,0.0,4.9392000000000005,24.14589177343921
4,-0.5,0.0,4.9408,24.144215685038883
4,-0.5,0.0,4.9424,24.142539051737515
4,-0.5,0.0,4.944,24.140861873771822
4,-0.5,0.0,4.945600000000001,24.139184151378398
4,-0.5,0.0,4.9472000000000005,24.13750588479371
4,-0.5,0.0,4.9488,24.1358270742541
4,-0.5,0.0,4.9504,24.134147719995784
4,-0.5,0.0,4.952,24.132467822254867
4,-0.5,0.0,4.953600000000001,24.130787381267318
4,-0.5,0.0,4.9552000000000005,24.12910639726899
4,-0.5,0.0,4.9568,24.12742487049561
4,-0.5,0.0,4.9584,24.12574280118277
4,-0.5,0.0,4.96,24.12406018956596
4,-0.5,0.0,4.961600000000001,24.122377035880533
4,-0.5,0.0,4.9632000000000005,24.120693340361726
4,-0.5,0.0,4.9648,24.119009103244643
4,-0.5,0.0,4.9664,24.11732432476428
4,-0.5,0.0,4.968,24.115639005155494
4,-0.5,0.0,4.9696,24.113953144653035
4,-0.5,0.0,4.9712000000000005,24.112266743491524
4,-0.5,0.0,4.9728,24.110579801905452
4,-0.5,0.0,4.9744,24.108892320129193
4,-0.5,0.0,4.976,24.10720429839701
4,-0.5,0.0,4.9776,24.105515736943026
4,-0.5,0.0,4.9792000000000005,24.103826636001255
4,-0.5,0.0,4.9808,24.10213699580558
4,-0.5,0.0,4.9824,24.10044681658976
4,-0.5,0.0,4.984,24.09875609858745
4,-0.5,0.0,4.9856,24.097064842032157
4,-0.5,0.0,4.9872000000000005,24.095373047157295
4,-0.5,0.0,4.9888,24.093680714196132
4,-0.5,0.0,4.9904,24.091987843381826
4,-0.5,0.0,4.992,24.090294434947413
4,-0.5,0.0,4.9936,24.08860048912581
4,-0.5,0.0,4.9952000000000005,24.086906006149803
4,-0.5,0.0,4.9968,24.085210986252065
4,-0.5,0.0,4.9984,24.083515429665145
4,-0.5,0.0,5.0,24.08181933662147
