sensor_id,x,y,time,temperature
0,-1.0,-1.0,2.5,0.0
0,-1.0,-0.98,2.5,0.0
0,-1.0,-0.96,2.5,0.0
0,-1.0,-0.94,2.5,0.0
0,-1.0,-0.92,2.5,0.0
0,-1.0,-0.9,2.5,0.0
0,-1.0,-0.88,2.5,0.0
0,-1.0,-0.86,2.5,0.0
0,-1.0,-0.84,2.5,0.0
0,-1.0,-0.8200000000000001,2.5,0.0
0,-1.0,-0.8,2.5,0.0
0,-1.0,-0.78,2.5,0.0
0,-1.0,-0.76,2.5,0.0
0,-1.0,-0.74,2.5,0.0
0,-1.0,-0.72,2.5,0.0
0,-1.0,-0.7,2.5,0.0
0,-1.0,-0.6799999999999999,2.5,0.0
0,-1.0,-0.6599999999999999,2.5,0.0
0,-1.0,-0.64,2.5,0.0
0,-1.0,-0.62,2.5,0.0
0,-1.0,-0.6,2.5,0.0
0,-1.0,-0.5800000000000001,2.5,0.0
0,-1.0,-0.56,2.5,0.0
0,-1.0,-0.54,2.5,0.0
0,-1.0,-0.52,2.5,0.0
0,-1.0,-0.5,2.5,0.0
0,-1.0,-0.48,2.5,0.0
0,-1.0,-0.45999999999999996,2.5,0.0
0,-1.0,-0.43999999999999995,2.5,0.0
0,-1.0,-0.42000000000000004,2.5,0.0
0,-1.0,-0.4,2.5,0.0
0,-1.0,-0.38,2.5,0.0
0,-1.0,-0.36,2.5,0.0
0,-1.0,-0.33999999999999997,2.5,0.0
0,-1.0,-0.31999999999999995,2.5,0.0
0,-1.0,-0.29999999999999993,2.5,0.0
0,-1.0,-0.28,2.5,0.0
0,-1.0,-0.26,2.5,0.0
0,-1.0,-0.24,2.5,0.0
0,-1.0,-0.21999999999999997,2.5,0.0
0,-1.0,-0.19999999999999996,2.5,0.0
0,-1.0,-0.17999999999999994,2.5,0.0
0,-1.0,-0.16000000000000003,2.5,0.0
0,-1.0,-0.14,2.5,0.0
0,-1.0,-0.12,2.5,0.0
0,-1.0,-0.09999999999999998,2.5,0.0
0,-1.0,-0.07999999999999996,2.5,0.0
0,-1.0,-0.05999999999999994,2.5,0.0
0,-1.0,-0.040000000000000036,2.5,0.0
0,-1.0,-0.020000000000000018,2.5,0.0
0,-1.0,0.0,2.5,0.0
0,-1.0,0.020000000000000018,2.5,0.0
0,-1.0,0.040000000000000036,2.5,0.0
0,-1.0,0.06000000000000005,2.5,0.0
0,-1.0,0.08000000000000007,2.5,0.0
0,-1.0,0.10000000000000009,2.5,0.0
0,-1.0,0.1200000000000001,2.5,0.0
0,-1.0,0.14000000000000012,2.5,0.0
0,-1.0,0.15999999999999992,2.5,0.0
0,-1.0,0.17999999999999994,2.5,0.0
0,-1.0,0.19999999999999996,2.5,0.0
0,-1.0,0.21999999999999997,2.5,0.0
0,-1.0,0.24,2.5,0.0
0,-1.0,0.26,2.5,0.0
0,-1.0,0.28,2.5,0.0
0,-1.0,0.30000000000000004,2.5,0.0
0,-1.0,0.32000000000000006,2.5,0.0
0,-1.0,0.3400000000000001,2.5,0.0
0,-1.0,0.3600000000000001,2.5,0.0
0,-1.0,0.3800000000000001,2.5,0.0
0,-1.0,0.40000000000000013,2.5,0.0
0,-1.0,0.41999999999999993,2.5,0.0
0,-1.0,0.43999999999999995,2.5,0.0
0,-1.0,0.45999999999999996,2.5,0.0
0,-1.0,0.48,2.5,0.0
0,-1.0,0.5,2.5,0.0
0,-1.0,0.52,2.5,0.0
0,-1.0,0.54,2.5,0.0
0,-1.0,0.56,2.5,0.0
0,-1.0,0.5800000000000001,2.5,0.0
0,-1.0,0.6000000000000001,2.5,0.0
0,-1.0,0.6200000000000001,2.5,0.0
0,-1.0,0.6400000000000001,2.5,0.0
0,-1.0,0.6600000000000001,2.5,0.0
0,-1.0,0.6799999999999999,2.5,0.0
0,-1.0,0.7,2.5,0.0
0,-1.0,0.72,2.5,0.0
0,-1.0,0.74,2.5,0.0
0,-1.0,0.76,2.5,0.0
0,-1.0,0.78,2.5,0.0
0,-1.0,0.8,2.5,0.0
0,-1.0,0.8200000000000001,2.5,0.0
0,-1.0,0.8400000000000001,2.5,0.0
0,-1.0,0.8600000000000001,2.5,0.0
0,-1.0,0.8800000000000001,2.5,0.0
0,-1.0,0.9000000000000001,2.5,0.0
0,-1.0,0.9199999999999999,2.5,0.0
0,-1.0,0.94,2.5,0.0
0,-1.0,0.96,2.5,0.0
0,-1.0,0.98,2.5,0.0
0,-1.0,1.0,2.5,0.0
0,-0.98,-1.0,2.5,0.0
0,-0.98,-0.98,2.5,2.8241897107199433e-05
0,-0.98,-0.96,2.5,5.7426282508264e-05
0,-0.98,-0.94,2.5,8.849361151021441e-05
0,-0.98,-0.92,2.5,0.00012237961673322893
0,-0.98,-0.9,2.5,0.00016001134941845784
0,-0.98,-0.88,2.5,0.00020230142651245215
0,-0.98,-0.86,2.5,0.00025014008429193654
0,-0.98,-0.84,2.5,0.0003043847986894231
0,-0.98,-0.8200000000000001,2.5,0.0003658474178511893
0,-0.98,-0.8,2.5,0.00043527895456439887
0,-0.98,-0.78,2.5,0.0005133523941669525
0,-0.98,-0.76,2.5,0.0006006440752650525
0,-0.98,-0.74,2.5,0.0006976143831470464
0,-0.98,-0.72,2.5,0.0008045886462774536
0,-0.98,-0.7,2.5,0.0009217392325808767
0,-0.98,-0.6799999999999999,2.5,0.0010490698940473374
0,-0.98,-0.6599999999999999,2.5,0.0011864033978990936
0,-0.98,-0.64,2.5,0.001333373406137371
0,-0.98,-0.62,2.5,0.0014894214229860417
0,-0.98,-0.6,2.5,0.0016537994264689934
0,-0.98,-0.5800000000000001,2.5,0.001825578545667884
0,-0.98,-0.56,2.5,0.0020036638529522836
0,-0.98,-0.54,2.5,0.0021868150279745154
0,-0.98,-0.52,2.5,0.0023736723371027882
0,-0.98,-0.5,2.5,0.0025627870787153406
0,-0.98,-0.48,2.5,0.002752655391144991
0,-0.98,-0.45999999999999996,2.5,0.002941754123457316
0,-0.98,-0.43999999999999995,2.5,0.0031285773432868386
0,-0.98,-0.42000000000000004,2.5,0.0033116720093231975
0,-0.98,-0.4,2.5,0.0034896713717387897
0,-0.98,-0.38,2.5,0.0036613247789762057
0,-0.98,-0.36,2.5,0.003825522755337751
0,-0.98,-0.33999999999999997,2.5,0.003981316457365027
0,-0.98,-0.31999999999999995,2.5,0.0041279309010363065
0,-0.98,-0.29999999999999993,2.5,0.0042647716571494595
0,-0.98,-0.28,2.5,0.004391425019165387
0,-0.98,-0.26,2.5,0.004507651937598197
0,-0.98,-0.24,2.5,0.004613376271593273
0,-0.98,-0.21999999999999997,2.5,0.004708668119108126
0,-0.98,-0.19999999999999996,2.5,0.004793723143945716
0,-0.98,-0.17999999999999994,2.5,0.00486883891728331
0,-0.98,-0.16000000000000003,2.5,0.004934389334286539
0,-0.98,-0.14,2.5,0.004990798157827747
0,-0.98,-0.12,2.5,0.005038512689227702
0,-0.98,-0.09999999999999998,2.5,0.005077978480264712
0,-0.98,-0.07999999999999996,2.5,0.005109615892192178
0,-0.98,-0.05999999999999994,2.5,0.005133799186573729
0,-0.98,-0.040000000000000036,2.5,0.005150838708444567
0,-0.98,-0.020000000000000018,2.5,0.005160966601606006
0,-0.98,0.0,2.5,0.005164326383177123
0,-0.98,0.020000000000000018,2.5,0.005160966601606006
0,-0.98,0.040000000000000036,2.5,0.005150838708444567
0,-0.98,0.06000000000000005,2.5,0.005133799186573729
0,-0.98,0.08000000000000007,2.5,0.005109615892192178
0,-0.98,0.10000000000000009,2.5,0.005077978480264712
0,-0.98,0.1200000000000001,2.5,0.005038512689227702
0,-0.98,0.14000000000000012,2.5,0.004990798157827747
0,-0.98,0.15999999999999992,2.5,0.004934389334286539
0,-0.98,0.17999999999999994,2.5,0.00486883891728331
0,-0.98,0.19999999999999996,2.5,0.004793723143945716
0,-0.98,0.21999999999999997,2.5,0.004708668119108126
0,-0.98,0.24,2.5,0.004613376271593273
0,-0.98,0.26,2.5,0.004507651937598197
0,-0.98,0.28,2.5,0.004391425019165387
0,-0.98,0.30000000000000004,2.5,0.0042647716571494595
0,-0.98,0.32000000000000006,2.5,0.0041279309010363065
0,-0.98,0.3400000000000001,2.5,0.003981316457365026
0,-0.98,0.3600000000000001,2.5,0.003825522755337751
0,-0.98,0.3800000000000001,2.5,0.0036613247789762057
0,-0.98,0.40000000000000013,2.5,0.0034896713717387897
0,-0.98,0.41999999999999993,2.5,0.0033116720093231975
0,-0.98,0.43999999999999995,2.5,0.0031285773432868386
0,-0.98,0.45999999999999996,2.5,0.002941754123457316
0,-0.98,0.48,2.5,0.002752655391144991
0,-0.98,0.5,2.5,0.0025627870787153406
0,-0.98,0.52,2.5,0.0023736723371027882
0,-0.98,0.54,2.5,0.0021868150279745154
0,-0.98,0.56,2.5,0.0020036638529522836
0,-0.98,0.5800000000000001,2.5,0.001825578545667884
0,-0.98,0.6000000000000001,2.5,0.0016537994264689932
0,-0.98,0.6200000000000001,2.5,0.0014894214229860415
0,-0.98,0.6400000000000001,2.5,0.0013333734061373706
0,-0.98,0.6600000000000001,2.5,0.0011864033978990934
0,-0.98,0.6799999999999999,2.5,0.0010490698940473372
0,-0.98,0.7,2.5,0.0009217392325808766
0,-0.98,0.72,2.5,0.0008045886462774535
0,-0.98,0.74,2.5,0.0006976143831470464
0,-0.98,0.76,2.5,0.0006006440752650525
0,-0.98,0.78,2.5,0.0005133523941669525
0,-0.98,0.8,2.5,0.0004352789545643989
0,-0.98,0.8200000000000001,2.5,0.0003658474178511893
0,-0.98,0.8400000000000001,2.5,0.0003043847986894231
0,-0.98,0.8600000000000001,2.5,0.00025014008429193654
0,-0.98,0.8800000000000001,2.5,0.00020230142651245215
0,-0.98,0.9000000000000001,2.5,0.00016001134941845784
0,-0.98,0.9199999999999999,2.5,0.00012237961673322893
0,-0.98,0.94,2.5,8.849361151021441e-05
0,-0.98,0.96,2.5,5.7426282508264e-05
0,-0.98,0.98,2.5,2.8241897107199433e-05
0,-0.98,1.0,2.5,0.0
0,-0.96,-1.0,2.5,0.0
0,-0.96,-0.98,2.5,5.7426282508264e-05
0,-0.96,-0.96,2.5,0.00011676897778293486
0,-0.96,-0.94,2.5,0.00017994036448130632
0,-0.96,-0.92,2.5,0.00024884311773306424
0,-0.96,-0.9,2.5,0.00032536225945248965
0,-0.96,-0.88,2.5,0.0004113534604188312
0,-0.96,-0.86,2.5,0.0005086268823520568
0,-0.96,-0.84,2.5,0.0006189260723178277
0,-0.96,-0.8200000000000001,2.5,0.0007439017987161735
0,-0.96,-0.8,2.5,0.00088508112905483
0,-0.96,-0.78,2.5,0.0010438324725929767
0,-0.96,-0.76,2.5,0.0012213277210857828
0,-0.96,-0.74,2.5,0.0014185029920703823
0,-0.96,-0.72,2.5,0.001636019785138559
0,-0.96,-0.7,2.5,0.0018742285778343539
0,-0.96,-0.6799999999999999,2.5,0.0021331369931833683
0,-0.96,-0.6599999999999999,2.5,0.0024123846499322548
0,-0.96,-0.64,2.5,0.0027112266511847157
0,-0.96,-0.62,2.5,0.0030285273777733595
0,-0.96,-0.6,2.5,0.0033627658393704796
0,-0.96,-0.5800000000000001,2.5,0.0037120533184721366
0,-0.96,-0.56,2.5,0.004074163448140857
0,-0.96,-0.54,2.5,0.00444657422897894
0,-0.96,-0.52,2.5,0.004826520854132796
0,-0.96,-0.5,2.5,0.005211057614855275
0,-0.96,-0.48,2.5,0.005597126643434668
0,-0.96,-0.45999999999999996,2.5,0.005981630850535699
0,-0.96,-0.43999999999999995,2.5,0.006361508157882966
0,-0.96,-0.42000000000000004,2.5,0.006733804032398347
0,-0.96,-0.4,2.5,0.007095739400492561
0,-0.96,-0.38,2.5,0.00744477125530035
0,-0.96,-0.36,2.5,0.0077786436478952115
0,-0.96,-0.33999999999999997,2.5,0.008095427248726045
0,-0.96,-0.31999999999999995,2.5,0.008393546243062535
0,-0.96,-0.29999999999999993,2.5,0.008671791945091012
0,-0.96,-0.28,2.5,0.008929323139344955
0,-0.96,-0.26,2.5,0.009165653747435528
0,-0.96,-0.24,2.5,0.009380628939708787
0,-0.96,-0.21999999999999997,2.5,0.009574391240030187
0,-0.96,-0.19999999999999996,2.5,0.009747338490795949
0,-0.96,-0.17999999999999994,2.5,0.009900075747373761
0,-0.96,-0.16000000000000003,2.5,0.010033363258503082
0,-0.96,-0.14,2.5,0.010148062671762409
0,-0.96,-0.12,2.5,0.01024508349727801
0,-0.96,-0.09999999999999998,2.5,0.010325331688645887
0,-0.96,-0.07999999999999996,2.5,0.010389661979418839
0,-0.96,-0.05999999999999994,2.5,0.01043883536761745
0,-0.96,-0.040000000000000036,2.5,0.010473482887980043
0,-0.96,-0.020000000000000018,2.5,0.010494076566239576
0,-0.96,0.0,2.5,0.010500908220591344
0,-0.96,0.020000000000000018,2.5,0.010494076566239576
0,-0.96,0.040000000000000036,2.5,0.010473482887980043
0,-0.96,0.06000000000000005,2.5,0.01043883536761745
0,-0.96,0.08000000000000007,2.5,0.010389661979418839
0,-0.96,0.10000000000000009,2.5,0.010325331688645887
0,-0.96,0.1200000000000001,2.5,0.01024508349727801
0,-0.96,0.14000000000000012,2.5,0.010148062671762409
0,-0.96,0.15999999999999992,2.5,0.010033363258503082
0,-0.96,0.17999999999999994,2.5,0.009900075747373761
0,-0.96,0.19999999999999996,2.5,0.009747338490795949
0,-0.96,0.21999999999999997,2.5,0.009574391240030187
0,-0.96,0.24,2.5,0.009380628939708787
0,-0.96,0.26,2.5,0.009165653747435528
0,-0.96,0.28,2.5,0.008929323139344955
0,-0.96,0.30000000000000004,2.5,0.008671791945091012
0,-0.96,0.32000000000000006,2.5,0.008393546243062535
0,-0.96,0.3400000000000001,2.5,0.008095427248726044
0,-0.96,0.3600000000000001,2.5,0.007778643647895211
0,-0.96,0.3800000000000001,2.5,0.00744477125530035
0,-0.96,0.40000000000000013,2.5,0.007095739400492561
0,-0.96,0.41999999999999993,2.5,0.006733804032398347
0,-0.96,0.43999999999999995,2.5,0.006361508157882966
0,-0.96,0.45999999999999996,2.5,0.005981630850535699
0,-0.96,0.48,2.5,0.005597126643434668
0,-0.96,0.5,2.5,0.005211057614855275
0,-0.96,0.52,2.5,0.004826520854132796
0,-0.96,0.54,2.5,0.00444657422897894
0,-0.96,0.56,2.5,0.004074163448140857
0,-0.96,0.5800000000000001,2.5,0.003712053318472136
0,-0.96,0.6000000000000001,2.5,0.003362765839370479
0,-0.96,0.6200000000000001,2.5,0.0030285273777733595
0,-0.96,0.6400000000000001,2.5,0.0027112266511847153
0,-0.96,0.6600000000000001,2.5,0.0024123846499322543
0,-0.96,0.6799999999999999,2.5,0.002133136993183368
0,-0.96,0.7,2.5,0.0018742285778343536
0,-0.96,0.72,2.5,0.0016360197851385588
0,-0.96,0.74,2.5,0.0014185029920703823
0,-0.96,0.76,2.5,0.0012213277210857828
0,-0.96,0.78,2.5,0.0010438324725929767
0,-0.96,0.8,2.5,0.00088508112905483
0,-0.96,0.8200000000000001,2.5,0.0007439017987161735
0,-0.96,0.8400000000000001,2.5,0.0006189260723178277
0,-0.96,0.8600000000000001,2.5,0.0005086268823520568
0,-0.96,0.8800000000000001,2.5,0.0004113534604188312
0,-0.96,0.9000000000000001,2.5,0.00032536225945248965
0,-0.96,0.9199999999999999,2.5,0.0002488431177330643
0,-0.96,0.94,2.5,0.00017994036448130634
0,-0.96,0.96,2.5,0.00011676897778293488
0,-0.96,0.98,2.5,5.7426282508264e-05
0,-0.96,1.0,2.5,0.0
0,-0.94,-1.0,2.5,0.0
0,-0.94,-0.98,2.5,8.849361151021441e-05
0,-0.94,-0.96,2.5,0.00017994036448130632
0,-0.94,-0.94,2.5,0.0002772870290131677
0,-0.94,-0.92,2.5,0.00038346557485980775
0,-0.94,-0.9,2.5,0.0005013807664206585
0,-0.94,-0.88,2.5,0.0006338921360522484
0,-0.94,-0.86,2.5,0.0007837890848195896
0,-0.94,-0.84,2.5,0.0009537583592377168
0,-0.94,-0.8200000000000001,2.5,0.0011463437333677742
0,-0.94,-0.8,2.5,0.0013638983588769445
0,-0.94,-0.78,2.5,0.0016085308973115462
0,-0.94,-0.76,2.5,0.0018820471808394677
0,-0.94,-0.74,2.5,0.002185889719727982
0,-0.94,-0.72,2.5,0.0025210778463536313
0,-0.94,-0.7,2.5,0.0028881516186761986
0,-0.94,-0.6799999999999999,2.5,0.0032871227684696976
0,-0.94,-0.6599999999999999,2.5,0.0037174359473485423
0,-0.94,-0.64,2.5,0.004177943284171854
0,-0.94,-0.62,2.5,0.004666894821538495
0,-0.94,-0.6,2.5,0.005181946762156229
0,-0.94,-0.5800000000000001,2.5,0.005720188657862762
0,-0.94,-0.56,2.5,0.006278189758374599
0,-0.94,-0.54,2.5,0.006852063757707768
0,-0.94,-0.52,2.5,0.007437550195144553
0,-0.94,-0.5,2.5,0.008030109848802026
0,-0.94,-0.48,2.5,0.008625030665170652
0,-0.94,-0.45999999999999996,2.5,0.009217540151982534
0,-0.94,-0.43999999999999995,2.5,0.009802919767112752
0,-0.94,-0.42000000000000004,2.5,0.010376616690107636
0,-0.94,-0.4,2.5,0.01093434847478728
0,-0.94,-0.38,2.5,0.011472196442085011
0,-0.94,-0.36,2.5,0.01198668425513849
0,-0.94,-0.33999999999999997,2.5,0.01247483888172699
0,-0.94,-0.31999999999999995,2.5,0.012934232039107369
0,-0.94,-0.29999999999999993,2.5,0.01336300117299905
0,-0.94,-0.28,2.5,0.01375984998407928
0,-0.94,-0.26,2.5,0.014124029423397504
0,-0.94,-0.24,2.5,0.014455300881969665
0,-0.94,-0.21999999999999997,2.5,0.01475388396022458
0,-0.94,-0.19999999999999996,2.5,0.015020391694385881
0,-0.94,-0.17999999999999994,2.5,0.015255756428309508
0,-0.94,-0.16000000000000003,2.5,0.015461149653872767
0,-0.94,-0.14,2.5,0.015637899116172607
0,-0.94,-0.12,2.5,0.015787406316562676
0,-0.94,-0.09999999999999998,2.5,0.015911067278130245
0,-0.94,-0.07999999999999996,2.5,0.016010199098256933
0,-0.94,-0.05999999999999994,2.5,0.016085974434003013
0,-0.94,-0.040000000000000036,2.5,0.016139365676591945
0,-0.94,-0.020000000000000018,2.5,0.016171100193080493
0,-0.94,0.0,2.5,0.01618162766022696
0,-0.94,0.020000000000000018,2.5,0.016171100193080493
0,-0.94,0.040000000000000036,2.5,0.016139365676591945
0,-0.94,0.06000000000000005,2.5,0.016085974434003013
0,-0.94,0.08000000000000007,2.5,0.016010199098256933
0,-0.94,0.10000000000000009,2.5,0.015911067278130245
0,-0.94,0.1200000000000001,2.5,0.015787406316562676
0,-0.94,0.14000000000000012,2.5,0.015637899116172607
0,-0.94,0.15999999999999992,2.5,0.015461149653872767
0,-0.94,0.17999999999999994,2.5,0.015255756428309508
0,-0.94,0.19999999999999996,2.5,0.015020391694385881
0,-0.94,0.21999999999999997,2.5,0.01475388396022458
0,-0.94,0.24,2.5,0.014455300881969665
0,-0.94,0.26,2.5,0.014124029423397504
0,-0.94,0.28,2.5,0.01375984998407928
0,-0.94,0.30000000000000004,2.5,0.01336300117299905
0,-0.94,0.32000000000000006,2.5,0.012934232039107369
0,-0.94,0.3400000000000001,2.5,0.012474838881726989
0,-0.94,0.3600000000000001,2.5,0.011986684255138488
0,-0.94,0.3800000000000001,2.5,0.01147219644208501
0,-0.94,0.40000000000000013,2.5,0.01093434847478728
0,-0.94,0.41999999999999993,2.5,0.010376616690107636
0,-0.94,0.43999999999999995,2.5,0.009802919767112752
0,-0.94,0.45999999999999996,2.5,0.009217540151982534
0,-0.94,0.48,2.5,0.008625030665170652
0,-0.94,0.5,2.5,0.008030109848802026
0,-0.94,0.52,2.5,0.007437550195144553
0,-0.94,0.54,2.5,0.006852063757707768
0,-0.94,0.56,2.5,0.006278189758374598
0,-0.94,0.5800000000000001,2.5,0.005720188657862761
0,-0.94,0.6000000000000001,2.5,0.0051819467621562285
0,-0.94,0.6200000000000001,2.5,0.004666894821538494
0,-0.94,0.6400000000000001,2.5,0.004177943284171854
0,-0.94,0.6600000000000001,2.5,0.003717435947348542
0,-0.94,0.6799999999999999,2.5,0.0032871227684696976
0,-0.94,0.7,2.5,0.002888151618676198
0,-0.94,0.72,2.5,0.002521077846353631
0,-0.94,0.74,2.5,0.0021858897197279815
0,-0.94,0.76,2.5,0.0018820471808394677
0,-0.94,0.78,2.5,0.0016085308973115462
0,-0.94,0.8,2.5,0.0013638983588769445
0,-0.94,0.8200000000000001,2.5,0.0011463437333677742
0,-0.94,0.8400000000000001,2.5,0.0009537583592377168
0,-0.94,0.8600000000000001,2.5,0.0007837890848195896
0,-0.94,0.8800000000000001,2.5,0.0006338921360522484
0,-0.94,0.9000000000000001,2.5,0.0005013807664206585
0,-0.94,0.9199999999999999,2.5,0.0003834655748598078
0,-0.94,0.94,2.5,0.00027728702901316777
0,-0.94,0.96,2.5,0.00017994036448130634
0,-0.94,0.98,2.5,8.849361151021442e-05
0,-0.94,1.0,2.5,0.0
0,-0.92,-1.0,2.5,0.0
0,-0.92,-0.98,2.5,0.00012237961673322893
0,-0.92,-0.96,2.5,0.00024884311773306424
0,-0.92,-0.94,2.5,0.00038346557485980775
0,-0.92,-0.92,2.5,0.0005303015897800871
0,-0.92,-0.9,2.5,0.0006933681379456752
0,-0.92,-0.88,2.5,0.000876619638654308
0,-0.92,-0.86,2.5,0.0010839135214290483
0,-0.92,-0.84,2.5,0.0013189652495975686
0,-0.92,-0.8200000000000001,2.5,0.0015852925651375107
0,-0.92,-0.8,2.5,0.0018861495945418738
0,-0.92,-0.78,2.5,0.002224452356581765
0,-0.92,-0.76,2.5,0.0026026980868150027
0,-0.92,-0.74,2.5,0.003022881584690446
0,-0.92,-0.72,2.5,0.003486412441148878
0,-0.92,-0.7,2.5,0.003994037465289661
0,-0.92,-0.6799999999999999,2.5,0.004545772853183727
0,-0.92,-0.6599999999999999,2.5,0.005140850597299382
0,-0.92,-0.64,2.5,0.005777683303866266
0,-0.92,-0.62,2.5,0.006453850968921187
0,-0.92,-0.6,2.5,0.007166112382994052
0,-0.92,-0.5800000000000001,2.5,0.007910442730863837
0,-0.92,-0.56,2.5,0.00868209768653279
0,-0.92,-0.54,2.5,0.00947570294957295
0,-0.92,-0.52,2.5,0.010285366812327076
0,-0.92,-0.5,2.5,0.011104812076859668
0,-0.92,-0.48,2.5,0.011927522541622377
0,-0.92,-0.45999999999999996,2.5,0.012746898425952268
0,-0.92,-0.43999999999999995,2.5,0.01355641455477259
0,-0.92,-0.42000000000000004,2.5,0.014349774923817676
0,-0.92,-0.4,2.5,0.015121057420379074
0,-0.92,-0.38,2.5,0.015864842973382882
0,-0.92,-0.36,2.5,0.016576324212602037
0,-0.92,-0.33999999999999997,2.5,0.01725138977202965
0,-0.92,-0.31999999999999995,2.5,0.0178866816031161
0,-0.92,-0.29999999999999993,2.5,0.018479623986542282
0,-0.92,-0.28,2.5,0.01902842426096796
0,-0.92,-0.26,2.5,0.019532046542893484
0,-0.92,-0.24,2.5,0.019990160823389252
0,-0.92,-0.21999999999999997,2.5,0.02040307074070955
0,-0.92,-0.19999999999999996,2.5,0.02077162400737011
0,-0.92,-0.17999999999999994,2.5,0.02109710990095593
0,-0.92,-0.16000000000000003,2.5,0.021381148414041283
0,-0.92,-0.14,2.5,0.02162557562150724
0,-0.92,-0.12,2.5,0.0218323295978368
0,-0.92,-0.09999999999999998,2.5,0.02200334084578304
0,-0.92,-0.07999999999999996,2.5,0.02214043072770347
0,-0.92,-0.05999999999999994,2.5,0.022245220866889064
0,-0.92,-0.040000000000000036,2.5,0.02231905594764454
0,-0.92,-0.020000000000000018,2.5,0.022362941819887395
0,-0.92,0.0,2.5,0.022377500325773673
0,-0.92,0.020000000000000018,2.5,0.022362941819887395
0,-0.92,0.040000000000000036,2.5,0.02231905594764454
0,-0.92,0.06000000000000005,2.5,0.022245220866889064
0,-0.92,0.08000000000000007,2.5,0.02214043072770347
0,-0.92,0.10000000000000009,2.5,0.02200334084578304
0,-0.92,0.1200000000000001,2.5,0.0218323295978368
0,-0.92,0.14000000000000012,2.5,0.02162557562150724
0,-0.92,0.15999999999999992,2.5,0.021381148414041283
0,-0.92,0.17999999999999994,2.5,0.02109710990095593
0,-0.92,0.19999999999999996,2.5,0.02077162400737011
0,-0.92,0.21999999999999997,2.5,0.02040307074070955
0,-0.92,0.24,2.5,0.019990160823389252
0,-0.92,0.26,2.5,0.019532046542893484
0,-0.92,0.28,2.5,0.01902842426096796
0,-0.92,0.30000000000000004,2.5,0.018479623986542282
0,-0.92,0.32000000000000006,2.5,0.0178866816031161
0,-0.92,0.3400000000000001,2.5,0.01725138977202965
0,-0.92,0.3600000000000001,2.5,0.016576324212602033
0,-0.92,0.3800000000000001,2.5,0.01586484297338288
0,-0.92,0.40000000000000013,2.5,0.015121057420379074
0,-0.92,0.41999999999999993,2.5,0.014349774923817676
0,-0.92,0.43999999999999995,2.5,0.01355641455477259
0,-0.92,0.45999999999999996,2.5,0.01274689842595227
0,-0.92,0.48,2.5,0.011927522541622377
0,-0.92,0.5,2.5,0.011104812076859668
0,-0.92,0.52,2.5,0.010285366812327076
0,-0.92,0.54,2.5,0.00947570294957295
0,-0.92,0.56,2.5,0.008682097686532789
0,-0.92,0.5800000000000001,2.5,0.007910442730863835
0,-0.92,0.6000000000000001,2.5,0.007166112382994051
0,-0.92,0.6200000000000001,2.5,0.006453850968921186
0,-0.92,0.6400000000000001,2.5,0.005777683303866265
0,-0.92,0.6600000000000001,2.5,0.005140850597299382
0,-0.92,0.6799999999999999,2.5,0.004545772853183727
0,-0.92,0.7,2.5,0.003994037465289661
0,-0.92,0.72,2.5,0.003486412441148878
0,-0.92,0.74,2.5,0.003022881584690446
0,-0.92,0.76,2.5,0.0026026980868150027
0,-0.92,0.78,2.5,0.002224452356581765
0,-0.92,0.8,2.5,0.0018861495945418738
0,-0.92,0.8200000000000001,2.5,0.0015852925651375104
0,-0.92,0.8400000000000001,2.5,0.0013189652495975686
0,-0.92,0.8600000000000001,2.5,0.0010839135214290483
0,-0.92,0.8800000000000001,2.5,0.0008766196386543079
0,-0.92,0.9000000000000001,2.5,0.000693368137945675
0,-0.92,0.9199999999999999,2.5,0.0005303015897800871
0,-0.92,0.94,2.5,0.0003834655748598078
0,-0.92,0.96,2.5,0.0002488431177330643
0,-0.92,0.98,2.5,0.00012237961673322895
0,-0.92,1.0,2.5,0.0
0,-0.9,-1.0,2.5,0.0
0,-0.9,-0.98,2.5,0.00016001134941845784
0,-0.9,-0.96,2.5,0.00032536225945248965
0,-0.9,-0.94,2.5,0.0005013807664206585
0,-0.9,-0.92,2.5,0.0006933681379456752
0,-0.9,-0.9,2.5,0.0009065764400710303
0,-0.9,-0.88,2.5,0.0011461759406351146
0,-0.9,-0.86,2.5,0.0014172100874018355
0,-0.9,-0.84,2.5,0.0017245367024198925
0,-0.9,-0.8200000000000001,2.5,0.0020727550841926254
0,-0.9,-0.8,2.5,0.0024661198541400136
0,-0.9,-0.78,2.5,0.0029084435619860212
0,-0.9,-0.76,2.5,0.00340299120735259
0,-0.9,-0.74,2.5,0.00395237086900889
0,-0.9,-0.72,2.5,0.004558425485720674
0,-0.9,-0.7,2.5,0.0052221314349195766
0,-0.9,-0.6799999999999999,2.5,0.005943509848927913
0,-0.9,-0.6599999999999999,2.5,0.006721556550128562
0,-0.9,-0.64,2.5,0.007554196053512492
0,-0.9,-0.62,2.5,0.008438264278889968
0,-0.9,-0.6,2.5,0.009369523463482052
0,-0.9,-0.5800000000000001,2.5,0.0103427113228247
0,-0.9,-0.56,2.5,0.011351624852349605
0,-0.9,-0.54,2.5,0.012389237391764823
0,-0.9,-0.52,2.5,0.013447845800618356
0,-0.9,-0.5,2.5,0.014519242932240578
0,-0.9,-0.48,2.5,0.01559490915649952
0,-0.9,-0.45999999999999996,2.5,0.01666621556808591
0,-0.9,-0.43999999999999995,2.5,0.01772463080352366
0,-0.9,-0.42000000000000004,2.5,0.018761923125939797
0,-0.9,-0.4,2.5,0.019770349638851412
0,-0.9,-0.38,2.5,0.02074282514238193
0,-0.9,-0.36,2.5,0.02167306419908592
0,-0.9,-0.33999999999999997,2.5,0.022555691356177333
0,-0.9,-0.31999999999999995,2.5,0.02338631607996374
0,-0.9,-0.29999999999999993,2.5,0.024161570687966937
0,-0.9,-0.28,2.5,0.024879111302778045
0,-0.9,-0.26,2.5,0.025537583493431396
0,-0.9,-0.24,2.5,0.026136555723444466
0,-0.9,-0.21999999999999997,2.5,0.026676424918708606
0,-0.9,-0.19999999999999996,2.5,0.027158299356912625
0,-0.9,-0.17999999999999994,2.5,0.027583864643296395
0,-0.9,-0.16000000000000003,2.5,0.02795523878088999
0,-0.9,-0.14,2.5,0.028274822294919264
0,-0.9,-0.12,2.5,0.028545149075990237
0,-0.9,-0.09999999999999998,2.5,0.028768743121388766
0,-0.9,-0.07999999999999996,2.5,0.028947985739222724
0,-0.9,-0.05999999999999994,2.5,0.02908499709509598
0,-0.9,-0.040000000000000036,2.5,0.029181535276860706
0,-0.9,-0.020000000000000018,2.5,0.029238915369214625
0,-0.9,0.0,2.5,0.029257950391531527
0,-0.9,0.020000000000000018,2.5,0.029238915369214625
0,-0.9,0.040000000000000036,2.5,0.029181535276860706
0,-0.9,0.06000000000000005,2.5,0.02908499709509598
0,-0.9,0.08000000000000007,2.5,0.028947985739222724
0,-0.9,0.10000000000000009,2.5,0.028768743121388766
0,-0.9,0.1200000000000001,2.5,0.028545149075990237
0,-0.9,0.14000000000000012,2.5,0.028274822294919264
0,-0.9,0.15999999999999992,2.5,0.02795523878088999
0,-0.9,0.17999999999999994,2.5,0.027583864643296395
0,-0.9,0.19999999999999996,2.5,0.027158299356912625
0,-0.9,0.21999999999999997,2.5,0.026676424918708606
0,-0.9,0.24,2.5,0.026136555723444466
0,-0.9,0.26,2.5,0.025537583493431396
0,-0.9,0.28,2.5,0.024879111302778045
0,-0.9,0.30000000000000004,2.5,0.024161570687966937
0,-0.9,0.32000000000000006,2.5,0.02338631607996374
0,-0.9,0.3400000000000001,2.5,0.022555691356177333
0,-0.9,0.3600000000000001,2.5,0.021673064199085917
0,-0.9,0.3800000000000001,2.5,0.020742825142381925
0,-0.9,0.40000000000000013,2.5,0.019770349638851412
0,-0.9,0.41999999999999993,2.5,0.018761923125939797
0,-0.9,0.43999999999999995,2.5,0.01772463080352366
0,-0.9,0.45999999999999996,2.5,0.01666621556808591
0,-0.9,0.48,2.5,0.01559490915649952
0,-0.9,0.5,2.5,0.014519242932240578
0,-0.9,0.52,2.5,0.013447845800618356
0,-0.9,0.54,2.5,0.012389237391764823
0,-0.9,0.56,2.5,0.011351624852349605
0,-0.9,0.5800000000000001,2.5,0.010342711322824698
0,-0.9,0.6000000000000001,2.5,0.00936952346348205
0,-0.9,0.6200000000000001,2.5,0.008438264278889968
0,-0.9,0.6400000000000001,2.5,0.007554196053512491
0,-0.9,0.6600000000000001,2.5,0.006721556550128561
0,-0.9,0.6799999999999999,2.5,0.005943509848927912
0,-0.9,0.7,2.5,0.005222131434919576
0,-0.9,0.72,2.5,0.004558425485720674
0,-0.9,0.74,2.5,0.003952370869008891
0,-0.9,0.76,2.5,0.00340299120735259
0,-0.9,0.78,2.5,0.0029084435619860212
0,-0.9,0.8,2.5,0.0024661198541400136
0,-0.9,0.8200000000000001,2.5,0.0020727550841926254
0,-0.9,0.8400000000000001,2.5,0.0017245367024198925
0,-0.9,0.8600000000000001,2.5,0.0014172100874018355
0,-0.9,0.8800000000000001,2.5,0.0011461759406351146
0,-0.9,0.9000000000000001,2.5,0.0009065764400710303
0,-0.9,0.9199999999999999,2.5,0.0006933681379456752
0,-0.9,0.94,2.5,0.0005013807664206587
0,-0.9,0.96,2.5,0.0003253622594524897
0,-0.9,0.98,2.5,0.00016001134941845787
0,-0.9,1.0,2.5,0.0
0,-0.88,-1.0,2.5,0.0
0,-0.88,-0.98,2.5,0.00020230142651245215
0,-0.88,-0.96,2.5,0.0004113534604188312
0,-0.88,-0.94,2.5,0.0006338921360522484
0,-0.88,-0.92,2.5,0.000876619638654308
0,-0.88,-0.9,2.5,0.0011461759406351146
0,-0.88,-0.88,2.5,0.0014490975888062597
0,-0.88,-0.86,2.5,0.0017917607836188927
0,-0.88,-0.84,2.5,0.002180307032998722
0,-0.88,-0.8200000000000001,2.5,0.002620550990939903
0,-0.88,-0.8,2.5,0.0031178715384214076
0,-0.88,-0.78,2.5,0.0036770886536438246
0,-0.88,-0.76,2.5,0.004302330063129447
0,-0.88,-0.74,2.5,0.004996892972624714
0,-0.88,-0.72,2.5,0.005763107254464085
0,-0.88,-0.7,2.5,0.006602207229437567
0,-0.88,-0.6799999999999999,2.5,0.007514219552247249
0,-0.88,-0.6599999999999999,2.5,0.008497874635853546
0,-0.88,-0.64,2.5,0.00955054850264052
0,-0.88,-0.62,2.5,0.01066824093117214
0,-0.88,-0.6,2.5,0.011845594311470576
0,-0.88,-0.5800000000000001,2.5,0.013075955797756248
0,-0.88,-0.56,2.5,0.01435148325460001
0,-0.88,-0.54,2.5,0.015663293254483335
0,-0.88,-0.52,2.5,0.017001647142388582
0,-0.88,-0.5,2.5,0.01835616908296046
0,-0.88,-0.48,2.5,0.019716088189419903
0,-0.88,-0.45999999999999996,2.5,0.021070495425447155
0,-0.88,-0.43999999999999995,2.5,0.022408605069214292
0,-0.88,-0.42000000000000004,2.5,0.023720010194792973
0,-0.88,-0.4,2.5,0.024994921881811873
0,-0.88,-0.38,2.5,0.026224382688692413
0,-0.88,-0.36,2.5,0.027400446256963765
0,-0.88,-0.33999999999999997,2.5,0.028516316658272166
0,-0.88,-0.31999999999999995,2.5,0.029566443129814733
0,-0.88,-0.29999999999999993,2.5,0.03054656803059892
0,-0.88,-0.28,2.5,0.03145372804884521
0,-0.88,-0.26,2.5,0.03228621076635788
0,-0.88,-0.24,2.5,0.033043470523061655
0,-0.88,-0.21999999999999997,2.5,0.03372600903443981
0,-0.88,-0.19999999999999996,2.5,0.03433522733788823
0,-0.88,-0.17999999999999994,2.5,0.034873256355930554
0,-0.88,-0.16000000000000003,2.5,0.0353427736719343
0,-0.88,-0.14,2.5,0.03574681405272279
0,-0.88,-0.12,2.5,0.03608858087948353
0,-0.88,-0.09999999999999998,2.5,0.03637126503490975
0,-0.88,-0.07999999999999996,2.5,0.0365978770175363
0,-0.88,-0.05999999999999994,2.5,0.03677109718820653
0,-0.88,-0.040000000000000036,2.5,0.0368931481634193
0,-0.88,-0.020000000000000018,2.5,0.036965692505849045
0,-0.88,0.0,2.5,0.03698975805526099
0,-0.88,0.020000000000000018,2.5,0.036965692505849045
0,-0.88,0.040000000000000036,2.5,0.0368931481634193
0,-0.88,0.06000000000000005,2.5,0.03677109718820653
0,-0.88,0.08000000000000007,2.5,0.0365978770175363
0,-0.88,0.10000000000000009,2.5,0.03637126503490975
0,-0.88,0.1200000000000001,2.5,0.03608858087948353
0,-0.88,0.14000000000000012,2.5,0.03574681405272279
0,-0.88,0.15999999999999992,2.5,0.0353427736719343
0,-0.88,0.17999999999999994,2.5,0.034873256355930554
0,-0.88,0.19999999999999996,2.5,0.03433522733788823
0,-0.88,0.21999999999999997,2.5,0.03372600903443981
0,-0.88,0.24,2.5,0.033043470523061655
0,-0.88,0.26,2.5,0.03228621076635788
0,-0.88,0.28,2.5,0.03145372804884521
0,-0.88,0.30000000000000004,2.5,0.03054656803059892
0,-0.88,0.32000000000000006,2.5,0.029566443129814733
0,-0.88,0.3400000000000001,2.5,0.028516316658272166
0,-0.88,0.3600000000000001,2.5,0.027400446256963765
0,-0.88,0.3800000000000001,2.5,0.026224382688692413
0,-0.88,0.40000000000000013,2.5,0.024994921881811873
0,-0.88,0.41999999999999993,2.5,0.023720010194792973
0,-0.88,0.43999999999999995,2.5,0.022408605069214292
0,-0.88,0.45999999999999996,2.5,0.021070495425447155
0,-0.88,0.48,2.5,0.019716088189419903
0,-0.88,0.5,2.5,0.01835616908296046
0,-0.88,0.52,2.5,0.017001647142388582
0,-0.88,0.54,2.5,0.015663293254483335
0,-0.88,0.56,2.5,0.01435148325460001
0,-0.88,0.5800000000000001,2.5,0.013075955797756248
0,-0.88,0.6000000000000001,2.5,0.011845594311470574
0,-0.88,0.6200000000000001,2.5,0.010668240931172138
0,-0.88,0.6400000000000001,2.5,0.009550548502640518
0,-0.88,0.6600000000000001,2.5,0.008497874635853544
0,-0.88,0.6799999999999999,2.5,0.007514219552247248
0,-0.88,0.7,2.5,0.006602207229437566
0,-0.88,0.72,2.5,0.005763107254464085
0,-0.88,0.74,2.5,0.004996892972624714
0,-0.88,0.76,2.5,0.004302330063129446
0,-0.88,0.78,2.5,0.003677088653643824
0,-0.88,0.8,2.5,0.003117871538421407
0,-0.88,0.8200000000000001,2.5,0.002620550990939903
0,-0.88,0.8400000000000001,2.5,0.002180307032998722
0,-0.88,0.8600000000000001,2.5,0.0017917607836188925
0,-0.88,0.8800000000000001,2.5,0.0014490975888062597
0,-0.88,0.9000000000000001,2.5,0.0011461759406351146
0,-0.88,0.9199999999999999,2.5,0.0008766196386543079
0,-0.88,0.94,2.5,0.0006338921360522484
0,-0.88,0.96,2.5,0.00041135346041883125
0,-0.88,0.98,2.5,0.00020230142651245215
0,-0.88,1.0,2.5,0.0
0,-0.86,-1.0,2.5,0.0
0,-0.86,-0.98,2.5,0.00025014008429193654
0,-0.86,-0.96,2.5,0.0005086268823520568
0,-0.86,-0.94,2.5,0.0007837890848195896
0,-0.86,-0.92,2.5,0.0010839135214290483
0,-0.86,-0.9,2.5,0.0014172100874018355
0,-0.86,-0.88,2.5,0.0017917607836188927
0,-0.86,-0.86,2.5,0.0022154493358532523
0,-0.86,-0.84,2.5,0.0026958692697627
0,-0.86,-0.8200000000000001,2.5,0.003240209959742972
0,-0.86,-0.8,2.5,0.0038551219592956724
0,-0.86,-0.78,2.5,0.004546564762081528
0,-0.86,-0.76,2.5,0.005319641928837627
0,-0.86,-0.74,2.5,0.006178430131769043
0,-0.86,-0.72,2.5,0.007125810000481268
0,-0.86,-0.7,2.5,0.008163307594855927
0,-0.86,-0.6799999999999999,2.5,0.00929095578899432
0,-0.86,-0.6599999999999999,2.5,0.010507184759095909
0,-0.86,-0.64,2.5,0.011808750091348325
0,-0.86,-0.62,2.5,0.013190705765810221
0,-0.86,-0.6,2.5,0.014646427472271357
0,-0.86,-0.5800000000000001,2.5,0.016167689458909167
0,-0.86,-0.56,2.5,0.017744795526819842
0,-0.86,-0.54,2.5,0.01936676201653422
0,-0.86,-0.52,2.5,0.021021547860203986
0,-0.86,-0.5,2.5,0.0226963241766491
0,-0.86,-0.48,2.5,0.02437777364075299
0,-0.86,-0.45999999999999996,2.5,0.02605240811791784
0,-0.86,-0.43999999999999995,2.5,0.027706891939035885
0,-0.86,-0.42000000000000004,2.5,0.029328357778537543
0,-0.86,-0.4,2.5,0.0309047024141526
0,-0.86,-0.38,2.5,0.03242485066635172
0,-0.86,-0.36,2.5,0.03387897746249938
0,-0.86,-0.33999999999999997,2.5,0.035258680127128475
0,-0.86,-0.31999999999999995,2.5,0.03655709551468181
0,-0.86,-0.29999999999999993,2.5,0.0377689593046232
0,-0.86,-0.28,2.5,0.03889060749628941
0,-0.86,-0.26,2.5,0.03991992270698846
0,-0.86,-0.24,2.5,0.04085623014856854
0,-0.86,-0.21999999999999997,2.5,0.04170015002408219
0,-0.86,-0.19999999999999996,2.5,0.04245341447501396
0,-0.86,-0.17999999999999994,2.5,0.043118658089807714
0,-0.86,-0.16000000000000003,2.5,0.043699191364908255
0,-0.86,-0.14,2.5,0.04419876643386007
0,-0.86,-0.12,2.5,0.04462134391888712
0,-0.86,-0.09999999999999998,2.5,0.044970869000937934
0,-0.86,-0.07999999999999996,2.5,0.04525106384356495
0,-0.86,-0.05999999999999994,2.5,0.04546524243528063
0,-0.86,-0.040000000000000036,2.5,0.045616152814414106
0,-0.86,-0.020000000000000018,2.5,0.045705850571673354
0,-0.86,0.0,2.5,0.04573560652773399
0,-0.86,0.020000000000000018,2.5,0.045705850571673354
0,-0.86,0.040000000000000036,2.5,0.045616152814414106
0,-0.86,0.06000000000000005,2.5,0.04546524243528063
0,-0.86,0.08000000000000007,2.5,0.04525106384356495
0,-0.86,0.10000000000000009,2.5,0.044970869000937934
0,-0.86,0.1200000000000001,2.5,0.04462134391888712
0,-0.86,0.14000000000000012,2.5,0.04419876643386007
0,-0.86,0.15999999999999992,2.5,0.043699191364908255
0,-0.86,0.17999999999999994,2.5,0.043118658089807714
0,-0.86,0.19999999999999996,2.5,0.04245341447501396
0,-0.86,0.21999999999999997,2.5,0.04170015002408219
0,-0.86,0.24,2.5,0.04085623014856854
0,-0.86,0.26,2.5,0.03991992270698846
0,-0.86,0.28,2.5,0.03889060749628941
0,-0.86,0.30000000000000004,2.5,0.0377689593046232
0,-0.86,0.32000000000000006,2.5,0.03655709551468181
0,-0.86,0.3400000000000001,2.5,0.035258680127128475
0,-0.86,0.3600000000000001,2.5,0.03387897746249938
0,-0.86,0.3800000000000001,2.5,0.03242485066635172
0,-0.86,0.40000000000000013,2.5,0.0309047024141526
0,-0.86,0.41999999999999993,2.5,0.029328357778537543
0,-0.86,0.43999999999999995,2.5,0.027706891939035885
0,-0.86,0.45999999999999996,2.5,0.02605240811791784
0,-0.86,0.48,2.5,0.024377773640752987
0,-0.86,0.5,2.5,0.022696324176649095
0,-0.86,0.52,2.5,0.021021547860203986
0,-0.86,0.54,2.5,0.01936676201653422
0,-0.86,0.56,2.5,0.017744795526819842
0,-0.86,0.5800000000000001,2.5,0.016167689458909167
0,-0.86,0.6000000000000001,2.5,0.014646427472271357
0,-0.86,0.6200000000000001,2.5,0.01319070576581022
0,-0.86,0.6400000000000001,2.5,0.011808750091348323
0,-0.86,0.6600000000000001,2.5,0.010507184759095907
0,-0.86,0.6799999999999999,2.5,0.00929095578899432
0,-0.86,0.7,2.5,0.008163307594855927
0,-0.86,0.72,2.5,0.007125810000481268
0,-0.86,0.74,2.5,0.006178430131769043
0,-0.86,0.76,2.5,0.005319641928837627
0,-0.86,0.78,2.5,0.004546564762081528
0,-0.86,0.8,2.5,0.0038551219592956724
0,-0.86,0.8200000000000001,2.5,0.003240209959742972
0,-0.86,0.8400000000000001,2.5,0.0026958692697627
0,-0.86,0.8600000000000001,2.5,0.0022154493358532523
0,-0.86,0.8800000000000001,2.5,0.0017917607836188925
0,-0.86,0.9000000000000001,2.5,0.0014172100874018355
0,-0.86,0.9199999999999999,2.5,0.0010839135214290483
0,-0.86,0.94,2.5,0.0007837890848195896
0,-0.86,0.96,2.5,0.0005086268823520568
0,-0.86,0.98,2.5,0.00025014008429193654
0,-0.86,1.0,2.5,0.0
0,-0.84,-1.0,2.5,0.0
0,-0.84,-0.98,2.5,0.0003043847986894231
0,-0.84,-0.96,2.5,0.0006189260723178277
0,-0.84,-0.94,2.5,0.0009537583592377168
0,-0.84,-0.92,2.5,0.0013189652495975686
0,-0.84,-0.9,2.5,0.0017245367024198925
0,-0.84,-0.88,2.5,0.002180307032998722
0,-0.84,-0.86,2.5,0.0026958692697627
0,-0.84,-0.84,2.5,0.0032804632971399467
0,-0.84,-0.8200000000000001,2.5,0.003942837198179436
0,-0.84,-0.8,2.5,0.004691083388165508
0,-0.84,-0.78,2.5,0.005532453371162534
0,-0.84,-0.76,2.5,0.0064731571245768725
0,-0.84,-0.74,2.5,0.007518155083628309
0,-0.84,-0.72,2.5,0.008670952318886446
0,-0.84,-0.7,2.5,0.00993340564538097
0,-0.84,-0.6799999999999999,2.5,0.011305554959914782
0,-0.84,-0.6599999999999999,2.5,0.012785489992130184
0,-0.84,-0.64,2.5,0.014369262831345066
0,-0.84,-0.62,2.5,0.01605085505790154
0,-0.84,-0.6,2.5,0.017822206117569385
0,-0.84,-0.5800000000000001,2.5,0.019673306833522555
0,-0.84,-0.56,2.5,0.021592358801725334
0,-0.84,-0.54,2.5,0.023565997048815474
0,-0.84,-0.52,2.5,0.025579569958189354
0,-0.84,-0.5,2.5,0.027617467310682188
0,-0.84,-0.48,2.5,0.02966348455375426
0,-0.84,-0.45999999999999996,2.5,0.031701209294992136
0,-0.84,-0.43999999999999995,2.5,0.03371441465873569
0,-0.84,-0.42000000000000004,2.5,0.035687443642245666
0,-0.84,-0.4,2.5,0.03760556899241087
0,-0.84,-0.38,2.5,0.03945531436426866
0,-0.84,-0.36,2.5,0.04122472452668834
0,-0.84,-0.33999999999999997,2.5,0.04290357500435801
0,-0.84,-0.31999999999999995,2.5,0.04448351460528898
0,-0.84,-0.29999999999999993,2.5,0.04595813757264144
0,-0.84,-0.28,2.5,0.047322985406199586
0,-0.84,-0.26,2.5,0.04857548152122499
0,-0.84,-0.24,2.5,0.049714804676595156
0,-0.84,-0.21999999999999997,2.5,0.05074170937514673
0,-0.84,-0.19999999999999996,2.5,0.05165830312909486
0,-0.84,-0.17999999999999994,2.5,0.05246779155453939
0,-0.84,-0.16000000000000003,2.5,0.05317420272208687
0,-0.84,-0.14,2.5,0.05378210209860628
0,-0.84,-0.12,2.5,0.05429630885411903
0,-0.84,-0.09999999999999998,2.5,0.05472162338502782
0,-0.84,-0.07999999999999996,2.5,0.05506257473607522
0,-0.84,-0.05999999999999994,2.5,0.055323195300613685
0,-0.84,-0.040000000000000036,2.5,0.05550682883956735
0,-0.84,-0.020000000000000018,2.5,0.0556159765589372
0,-0.84,0.0,2.5,0.05565218477146649
0,-0.84,0.020000000000000018,2.5,0.0556159765589372
0,-0.84,0.040000000000000036,2.5,0.05550682883956735
0,-0.84,0.06000000000000005,2.5,0.055323195300613685
0,-0.84,0.08000000000000007,2.5,0.05506257473607522
0,-0.84,0.10000000000000009,2.5,0.05472162338502782
0,-0.84,0.1200000000000001,2.5,0.05429630885411903
0,-0.84,0.14000000000000012,2.5,0.05378210209860628
0,-0.84,0.15999999999999992,2.5,0.05317420272208687
0,-0.84,0.17999999999999994,2.5,0.05246779155453939
0,-0.84,0.19999999999999996,2.5,0.05165830312909486
0,-0.84,0.21999999999999997,2.5,0.05074170937514673
0,-0.84,0.24,2.5,0.049714804676595156
0,-0.84,0.26,2.5,0.04857548152122499
0,-0.84,0.28,2.5,0.047322985406199586
0,-0.84,0.30000000000000004,2.5,0.04595813757264144
0,-0.84,0.32000000000000006,2.5,0.04448351460528898
0,-0.84,0.3400000000000001,2.5,0.04290357500435801
0,-0.84,0.3600000000000001,2.5,0.04122472452668834
0,-0.84,0.3800000000000001,2.5,0.03945531436426866
0,-0.84,0.40000000000000013,2.5,0.037605568992410875
0,-0.84,0.41999999999999993,2.5,0.035687443642245666
0,-0.84,0.43999999999999995,2.5,0.03371441465873569
0,-0.84,0.45999999999999996,2.5,0.031701209294992136
0,-0.84,0.48,2.5,0.02966348455375426
0,-0.84,0.5,2.5,0.027617467310682188
0,-0.84,0.52,2.5,0.025579569958189354
0,-0.84,0.54,2.5,0.023565997048815474
0,-0.84,0.56,2.5,0.021592358801725334
0,-0.84,0.5800000000000001,2.5,0.019673306833522555
0,-0.84,0.6000000000000001,2.5,0.017822206117569385
0,-0.84,0.6200000000000001,2.5,0.01605085505790154
0,-0.84,0.6400000000000001,2.5,0.014369262831345065
0,-0.84,0.6600000000000001,2.5,0.012785489992130182
0,-0.84,0.6799999999999999,2.5,0.011305554959914782
0,-0.84,0.7,2.5,0.00993340564538097
0,-0.84,0.72,2.5,0.008670952318886446
0,-0.84,0.74,2.5,0.007518155083628309
0,-0.84,0.76,2.5,0.0064731571245768725
0,-0.84,0.78,2.5,0.005532453371162534
0,-0.84,0.8,2.5,0.004691083388165508
0,-0.84,0.8200000000000001,2.5,0.003942837198179436
0,-0.84,0.8400000000000001,2.5,0.0032804632971399467
0,-0.84,0.8600000000000001,2.5,0.0026958692697627
0,-0.84,0.8800000000000001,2.5,0.002180307032998722
0,-0.84,0.9000000000000001,2.5,0.0017245367024198925
0,-0.84,0.9199999999999999,2.5,0.0013189652495975686
0,-0.84,0.94,2.5,0.0009537583592377168
0,-0.84,0.96,2.5,0.0006189260723178277
0,-0.84,0.98,2.5,0.0003043847986894231
0,-0.84,1.0,2.5,0.0
0,-0.8200000000000001,-1.0,2.5,0.0
0,-0.8200000000000001,-0.98,2.5,0.0003658474178511893
0,-0.8200000000000001,-0.96,2.5,0.0007439017987161735
0,-0.8200000000000001,-0.94,2.5,0.0011463437333677742
0,-0.8200000000000001,-0.92,2.5,0.0015852925651375107
0,-0.8200000000000001,-0.9,2.5,0.0020727550841926254
0,-0.8200000000000001,-0.88,2.5,0.002620550990939903
0,-0.8200000000000001,-0.86,2.5,0.003240209959742972
0,-0.8200000000000001,-0.84,2.5,0.003942837198179436
0,-0.8200000000000001,-0.8200000000000001,2.5,0.004738946797408654
0,-0.8200000000000001,-0.8,2.5,0.005638264786205525
0,-0.8200000000000001,-0.78,2.5,0.006649506494168748
0,-0.8200000000000001,-0.76,2.5,0.007780135441369314
0,-0.8200000000000001,-0.74,2.5,0.009036113335457344
0,-0.8200000000000001,-0.72,2.5,0.010421652705702554
0,-0.8200000000000001,-0.7,2.5,0.011938985079926903
0,-0.8200000000000001,-0.6799999999999999,2.5,0.01358815828100885
0,-0.8200000000000001,-0.6599999999999999,2.5,0.015366876286092119
0,-0.8200000000000001,-0.64,2.5,0.017270394101836513
0,-0.8200000000000001,-0.62,2.5,0.019291478266269427
0,-0.8200000000000001,-0.6,2.5,0.021420440955512664
0,-0.8200000000000001,-0.5800000000000001,2.5,0.02364525237578333
0,-0.8200000000000001,-0.56,2.5,0.025951732336872698
0,-0.8200000000000001,-0.54,2.5,0.028323817857043427
0,-0.8200000000000001,-0.52,2.5,0.030743899595057748
0,-0.8200000000000001,-0.5,2.5,0.03319321610810365
0,-0.8200000000000001,-0.48,2.5,0.035652291650419644
0,-0.8200000000000001,-0.45999999999999996,2.5,0.038101400681830676
0,-0.8200000000000001,-0.43999999999999995,2.5,0.04052104062453341
0,-0.8200000000000001,-0.42000000000000004,2.5,0.042892393802674456
0,-0.8200000000000001,-0.4,2.5,0.045197759961463746
0,-0.8200000000000001,-0.38,2.5,0.04742094225315232
0,-0.8200000000000001,-0.36,2.5,0.049547571985747364
0,-0.8200000000000001,-0.33999999999999997,2.5,0.05156536058367197
0,-0.8200000000000001,-0.31999999999999995,2.5,0.05346427088725617
0,-0.8200000000000001,-0.29999999999999993,2.5,0.05523660387147015
0,-0.8200000000000001,-0.28,2.5,0.05687700083820115
0,-0.8200000000000001,-0.26,2.5,0.05838236488899545
0,-0.8200000000000001,-0.24,2.5,0.05975170880729923
0,-0.8200000000000001,-0.21999999999999997,2.5,0.06098593920865914
0,-0.8200000000000001,-0.19999999999999996,2.5,0.06208758884844534
0,-0.8200000000000001,-0.17999999999999994,2.5,0.0630605102640643
0,-0.8200000000000001,-0.16000000000000003,2.5,0.06390954448517852
0,-0.8200000000000001,-0.14,2.5,0.06464017843494431
0,-0.8200000000000001,-0.12,2.5,0.06525820397110174
0,-0.8200000000000001,-0.09999999999999998,2.5,0.0657693904067612
0,-0.8200000000000001,-0.07999999999999996,2.5,0.0661791809460516
0,-0.8200000000000001,-0.05999999999999994,2.5,0.066492421904054
0,-0.8200000000000001,-0.040000000000000036,2.5,0.06671313197094195
0,-0.8200000000000001,-0.020000000000000018,2.5,0.0668443172172003
0,-0.8200000000000001,0.0,2.5,0.06688783607743432
0,-0.8200000000000001,0.020000000000000018,2.5,0.0668443172172003
0,-0.8200000000000001,0.040000000000000036,2.5,0.06671313197094195
0,-0.8200000000000001,0.06000000000000005,2.5,0.066492421904054
0,-0.8200000000000001,0.08000000000000007,2.5,0.0661791809460516
0,-0.8200000000000001,0.10000000000000009,2.5,0.0657693904067612
0,-0.8200000000000001,0.1200000000000001,2.5,0.06525820397110174
0,-0.8200000000000001,0.14000000000000012,2.5,0.06464017843494431
0,-0.8200000000000001,0.15999999999999992,2.5,0.06390954448517852
0,-0.8200000000000001,0.17999999999999994,2.5,0.0630605102640643
0,-0.8200000000000001,0.19999999999999996,2.5,0.06208758884844534
0,-0.8200000000000001,0.21999999999999997,2.5,0.06098593920865914
0,-0.8200000000000001,0.24,2.5,0.05975170880729923
0,-0.8200000000000001,0.26,2.5,0.05838236488899545
0,-0.8200000000000001,0.28,2.5,0.05687700083820115
0,-0.8200000000000001,0.30000000000000004,2.5,0.05523660387147015
0,-0.8200000000000001,0.32000000000000006,2.5,0.05346427088725617
0,-0.8200000000000001,0.3400000000000001,2.5,0.05156536058367197
0,-0.8200000000000001,0.3600000000000001,2.5,0.04954757198574737
0,-0.8200000000000001,0.3800000000000001,2.5,0.04742094225315232
0,-0.8200000000000001,0.40000000000000013,2.5,0.045197759961463746
0,-0.8200000000000001,0.41999999999999993,2.5,0.042892393802674456
0,-0.8200000000000001,0.43999999999999995,2.5,0.04052104062453341
0,-0.8200000000000001,0.45999999999999996,2.5,0.038101400681830676
0,-0.8200000000000001,0.48,2.5,0.035652291650419644
0,-0.8200000000000001,0.5,2.5,0.03319321610810365
0,-0.8200000000000001,0.52,2.5,0.030743899595057748
0,-0.8200000000000001,0.54,2.5,0.028323817857043427
0,-0.8200000000000001,0.56,2.5,0.025951732336872698
0,-0.8200000000000001,0.5800000000000001,2.5,0.02364525237578333
0,-0.8200000000000001,0.6000000000000001,2.5,0.021420440955512664
0,-0.8200000000000001,0.6200000000000001,2.5,0.019291478266269427
0,-0.8200000000000001,0.6400000000000001,2.5,0.017270394101836513
0,-0.8200000000000001,0.6600000000000001,2.5,0.015366876286092119
0,-0.8200000000000001,0.6799999999999999,2.5,0.01358815828100885
0,-0.8200000000000001,0.7,2.5,0.011938985079926903
0,-0.8200000000000001,0.72,2.5,0.010421652705702554
0,-0.8200000000000001,0.74,2.5,0.009036113335457344
0,-0.8200000000000001,0.76,2.5,0.007780135441369315
0,-0.8200000000000001,0.78,2.5,0.006649506494168749
0,-0.8200000000000001,0.8,2.5,0.005638264786205525
0,-0.8200000000000001,0.8200000000000001,2.5,0.004738946797408654
0,-0.8200000000000001,0.8400000000000001,2.5,0.003942837198179436
0,-0.8200000000000001,0.8600000000000001,2.5,0.003240209959742972
0,-0.8200000000000001,0.8800000000000001,2.5,0.002620550990939903
0,-0.8200000000000001,0.9000000000000001,2.5,0.0020727550841926254
0,-0.8200000000000001,0.9199999999999999,2.5,0.0015852925651375104
0,-0.8200000000000001,0.94,2.5,0.0011463437333677742
0,-0.8200000000000001,0.96,2.5,0.0007439017987161735
0,-0.8200000000000001,0.98,2.5,0.0003658474178511893
0,-0.8200000000000001,1.0,2.5,0.0
0,-0.8,-1.0,2.5,0.0
0,-0.8,-0.98,2.5,0.00043527895456439887
0,-0.8,-0.96,2.5,0.00088508112905483
0,-0.8,-0.94,2.5,0.0013638983588769445
0,-0.8,-0.92,2.5,0.0018861495945418738
0,-0.8,-0.9,2.5,0.0024661198541400136
0,-0.8,-0.88,2.5,0.0031178715384214076
0,-0.8,-0.86,2.5,0.0038551219592956724
0,-0.8,-0.84,2.5,0.004691083388165508
0,-0.8,-0.8200000000000001,2.5,0.005638264786205525
0,-0.8,-0.8,2.5,0.0067082374921233826
0,-0.8,-0.78,2.5,0.007911370346733419
0,-0.8,-0.76,2.5,0.009256542840854283
0,-0.8,-0.74,2.5,0.01075084768515855
0,-0.8,-0.72,2.5,0.01239929651863141
0,-0.8,-0.7,2.5,0.014204544109839935
0,-0.8,-0.6799999999999999,2.5,0.016166647203110923
0,-0.8,-0.6599999999999999,2.5,0.018282874002778723
0,-0.8,-0.64,2.5,0.020547579111057698
0,-0.8,-0.62,2.5,0.02295215654270648
0,-0.8,-0.6,2.5,0.02548508030800779
0,-0.8,-0.5800000000000001,2.5,0.028132038132107632
0,-0.8,-0.56,2.5,0.03087615937672294
0,-0.8,-0.54,2.5,0.03369833341642408
0,-0.8,-0.52,2.5,0.03657760989843019
0,-0.8,-0.5,2.5,0.03949166779768116
0,-0.8,-0.48,2.5,0.042417336272062685
0,-0.8,-0.45999999999999996,2.5,0.045331147294213815
0,-0.8,-0.43999999999999995,2.5,0.048209898096119946
0,-0.8,-0.42000000000000004,2.5,0.05103120074436517
0,-0.8,-0.4,2.5,0.0537739967137849
0,-0.8,-0.38,2.5,0.05641901610057942
0,-0.8,-0.36,2.5,0.05894916398135202
0,-0.8,-0.33999999999999997,2.5,0.06134982017600704
0,-0.8,-0.31999999999999995,2.5,0.06360904304772728
0,-0.8,-0.29999999999999993,2.5,0.0657176726767155
0,-0.8,-0.28,2.5,0.06766933347209488
0,-0.8,-0.26,2.5,0.06946034075084373
0,-0.8,-0.24,2.5,0.07108951976497452
0,-0.8,-0.21999999999999997,2.5,0.07255794890540038
0,-0.8,-0.19999999999999996,2.5,0.07386864122739875
0,-0.8,-0.17999999999999994,2.5,0.07502617997428133
0,-0.8,-0.16000000000000003,2.5,0.07603632443809726
0,-0.8,-0.14,2.5,0.07690560236482133
0,-0.8,-0.12,2.5,0.07764090430949828
0,-0.8,-0.09999999999999998,2.5,0.0782490940275263
0,-0.8,-0.07999999999999996,2.5,0.07873664731717271
0,-0.8,-0.05999999999999994,2.5,0.07910932986568493
0,-0.8,-0.040000000000000036,2.5,0.0793719227365386
0,-0.8,-0.020000000000000018,2.5,0.07952800227578027
0,-0.8,0.0,2.5,0.07957977947916968
0,-0.8,0.020000000000000018,2.5,0.07952800227578027
0,-0.8,0.040000000000000036,2.5,0.0793719227365386
0,-0.8,0.06000000000000005,2.5,0.07910932986568493
0,-0.8,0.08000000000000007,2.5,0.07873664731717271
0,-0.8,0.10000000000000009,2.5,0.0782490940275263
0,-0.8,0.1200000000000001,2.5,0.07764090430949828
0,-0.8,0.14000000000000012,2.5,0.07690560236482133
0,-0.8,0.15999999999999992,2.5,0.07603632443809726
0,-0.8,0.17999999999999994,2.5,0.07502617997428133
0,-0.8,0.19999999999999996,2.5,0.07386864122739875
0,-0.8,0.21999999999999997,2.5,0.07255794890540038
0,-0.8,0.24,2.5,0.07108951976497452
0,-0.8,0.26,2.5,0.06946034075084373
0,-0.8,0.28,2.5,0.06766933347209488
0,-0.8,0.30000000000000004,2.5,0.0657176726767155
0,-0.8,0.32000000000000006,2.5,0.06360904304772728
0,-0.8,0.3400000000000001,2.5,0.06134982017600704
0,-0.8,0.3600000000000001,2.5,0.058949163981352026
0,-0.8,0.3800000000000001,2.5,0.05641901610057942
0,-0.8,0.40000000000000013,2.5,0.0537739967137849
0,-0.8,0.41999999999999993,2.5,0.05103120074436517
0,-0.8,0.43999999999999995,2.5,0.048209898096119946
0,-0.8,0.45999999999999996,2.5,0.045331147294213815
0,-0.8,0.48,2.5,0.042417336272062685
0,-0.8,0.5,2.5,0.03949166779768116
0,-0.8,0.52,2.5,0.03657760989843019
0,-0.8,0.54,2.5,0.03369833341642408
0,-0.8,0.56,2.5,0.03087615937672294
0,-0.8,0.5800000000000001,2.5,0.028132038132107632
0,-0.8,0.6000000000000001,2.5,0.02548508030800779
0,-0.8,0.6200000000000001,2.5,0.02295215654270648
0,-0.8,0.6400000000000001,2.5,0.020547579111057698
0,-0.8,0.6600000000000001,2.5,0.018282874002778723
0,-0.8,0.6799999999999999,2.5,0.016166647203110923
0,-0.8,0.7,2.5,0.014204544109839935
0,-0.8,0.72,2.5,0.01239929651863141
0,-0.8,0.74,2.5,0.010750847685158552
0,-0.8,0.76,2.5,0.009256542840854285
0,-0.8,0.78,2.5,0.00791137034673342
0,-0.8,0.8,2.5,0.006708237492123383
0,-0.8,0.8200000000000001,2.5,0.005638264786205525
0,-0.8,0.8400000000000001,2.5,0.004691083388165508
0,-0.8,0.8600000000000001,2.5,0.0038551219592956724
0,-0.8,0.8800000000000001,2.5,0.003117871538421407
0,-0.8,0.9000000000000001,2.5,0.002466119854140013
0,-0.8,0.9199999999999999,2.5,0.0018861495945418736
0,-0.8,0.94,2.5,0.0013638983588769445
0,-0.8,0.96,2.5,0.00088508112905483
0,-0.8,0.98,2.5,0.0004352789545643989
0,-0.8,1.0,2.5,0.0
0,-0.78,-1.0,2.5,0.0
0,-0.78,-0.98,2.5,0.0005133523941669525
0,-0.78,-0.96,2.5,0.0010438324725929767
0,-0.78,-0.94,2.5,0.0016085308973115462
0,-0.78,-0.92,2.5,0.002224452356581765
0,-0.78,-0.9,2.5,0.0029084435619860212
0,-0.78,-0.88,2.5,0.0036770886536438246
0,-0.78,-0.86,2.5,0.004546564762081528
0,-0.78,-0.84,2.5,0.005532453371162534
0,-0.78,-0.8200000000000001,2.5,0.006649506494168748
0,-0.78,-0.8,2.5,0.007911370346733419
0,-0.78,-0.78,2.5,0.00933027297849067
0,-0.78,-0.76,2.5,0.01091668598952375
0,-0.78,-0.74,2.5,0.012678973773930725
0,-0.78,-0.72,2.5,0.0146230464663809
0,-0.78,-0.7,2.5,0.01675203469859749
0,-0.78,-0.6799999999999999,2.5,0.019066005213578402
0,-0.78,-0.6599999999999999,2.5,0.02156173619787052
0,-0.78,-0.64,2.5,0.024232569803425495
0,-0.78,-0.62,2.5,0.027068356745080832
0,-0.78,-0.6,2.5,0.030055504166596327
0,-0.78,-0.5800000000000001,2.5,0.033177133341285324
0,-0.78,-0.56,2.5,0.036413348464130066
0,-0.78,-0.54,2.5,0.03974161211547523
0,-0.78,-0.52,2.5,0.0431372172884483
0,-0.78,-0.5,2.5,0.04657384054528532
0,-0.78,-0.48,2.5,0.050024156260468966
0,-0.78,-0.45999999999999996,2.5,0.05346048833723389
0,-0.78,-0.43999999999999995,2.5,0.0568554734959451
0,-0.78,-0.42000000000000004,2.5,0.06018270938575015
0,-0.78,-0.4,2.5,0.0634173614193383
0,-0.78,-0.38,2.5,0.06653670432185518
0,-0.78,-0.36,2.5,0.06952057776409128
0,-0.78,-0.33999999999999997,2.5,0.0723517398740546
0,-0.78,-0.31999999999999995,2.5,0.07501610758067898
0,-0.78,-0.29999999999999993,2.5,0.07750287829008895
0,-0.78,-0.28,2.5,0.07980453297011847
0,-0.78,-0.26,2.5,0.08191672598366007
0,-0.78,-0.24,2.5,0.08383807167235677
0,-0.78,-0.21999999999999997,2.5,0.08556984152160738
0,-0.78,-0.19999999999999996,2.5,0.0871155885876167
0,-0.78,-0.17999999999999994,2.5,0.08848071767362752
0,-0.78,-0.16000000000000003,2.5,0.08967202052351196
0,-0.78,-0.14,2.5,0.0906971951460828
0,-0.78,-0.12,2.5,0.09156436743782331
0,-0.78,-0.09999999999999998,2.5,0.09228163171600956
0,-0.78,-0.07999999999999996,2.5,0.0928566248035771
0,-0.78,-0.05999999999999994,2.5,0.0932961461104331
0,-0.78,-0.040000000000000036,2.5,0.093605833897805
0,-0.78,-0.020000000000000018,2.5,0.09378990571920941
0,-0.78,0.0,2.5,0.09385096898403031
0,-0.78,0.020000000000000018,2.5,0.09378990571920941
0,-0.78,0.040000000000000036,2.5,0.093605833897805
0,-0.78,0.06000000000000005,2.5,0.0932961461104331
0,-0.78,0.08000000000000007,2.5,0.0928566248035771
0,-0.78,0.10000000000000009,2.5,0.09228163171600956
0,-0.78,0.1200000000000001,2.5,0.09156436743782331
0,-0.78,0.14000000000000012,2.5,0.0906971951460828
0,-0.78,0.15999999999999992,2.5,0.08967202052351196
0,-0.78,0.17999999999999994,2.5,0.08848071767362752
0,-0.78,0.19999999999999996,2.5,0.0871155885876167
0,-0.78,0.21999999999999997,2.5,0.08556984152160738
0,-0.78,0.24,2.5,0.08383807167235677
0,-0.78,0.26,2.5,0.08191672598366007
0,-0.78,0.28,2.5,0.07980453297011848
0,-0.78,0.30000000000000004,2.5,0.07750287829008895
0,-0.78,0.32000000000000006,2.5,0.07501610758067898
0,-0.78,0.3400000000000001,2.5,0.0723517398740546
0,-0.78,0.3600000000000001,2.5,0.06952057776409129
0,-0.78,0.3800000000000001,2.5,0.06653670432185518
0,-0.78,0.40000000000000013,2.5,0.0634173614193383
0,-0.78,0.41999999999999993,2.5,0.06018270938575015
0,-0.78,0.43999999999999995,2.5,0.0568554734959451
0,-0.78,0.45999999999999996,2.5,0.05346048833723389
0,-0.78,0.48,2.5,0.050024156260468966
0,-0.78,0.5,2.5,0.04657384054528532
0,-0.78,0.52,2.5,0.0431372172884483
0,-0.78,0.54,2.5,0.03974161211547523
0,-0.78,0.56,2.5,0.036413348464130066
0,-0.78,0.5800000000000001,2.5,0.033177133341285324
0,-0.78,0.6000000000000001,2.5,0.030055504166596327
0,-0.78,0.6200000000000001,2.5,0.027068356745080832
0,-0.78,0.6400000000000001,2.5,0.024232569803425495
0,-0.78,0.6600000000000001,2.5,0.02156173619787052
0,-0.78,0.6799999999999999,2.5,0.019066005213578402
0,-0.78,0.7,2.5,0.01675203469859749
0,-0.78,0.72,2.5,0.0146230464663809
0,-0.78,0.74,2.5,0.012678973773930725
0,-0.78,0.76,2.5,0.010916685989523752
0,-0.78,0.78,2.5,0.009330272978490671
0,-0.78,0.8,2.5,0.00791137034673342
0,-0.78,0.8200000000000001,2.5,0.006649506494168749
0,-0.78,0.8400000000000001,2.5,0.005532453371162534
0,-0.78,0.8600000000000001,2.5,0.004546564762081528
0,-0.78,0.8800000000000001,2.5,0.003677088653643824
0,-0.78,0.9000000000000001,2.5,0.0029084435619860212
0,-0.78,0.9199999999999999,2.5,0.002224452356581765
0,-0.78,0.94,2.5,0.0016085308973115462
0,-0.78,0.96,2.5,0.0010438324725929767
0,-0.78,0.98,2.5,0.0005133523941669525
0,-0.78,1.0,2.5,0.0
0,-0.76,-1.0,2.5,0.0
0,-0.76,-0.98,2.5,0.0006006440752650525
0,-0.76,-0.96,2.5,0.0012213277210857828
0,-0.76,-0.94,2.5,0.0018820471808394677
0,-0.76,-0.92,2.5,0.0026026980868150027
0,-0.76,-0.9,2.5,0.00340299120735259
0,-0.76,-0.88,2.5,0.004302330063129447
0,-0.76,-0.86,2.5,0.005319641928837627
0,-0.76,-0.84,2.5,0.0064731571245768725
0,-0.76,-0.8200000000000001,2.5,0.007780135441369314
0,-0.76,-0.8,2.5,0.009256542840854283
0,-0.76,-0.78,2.5,0.01091668598952375
0,-0.76,-0.76,2.5,0.012772816474827864
0,-0.76,-0.74,2.5,0.014834720430307532
0,-0.76,-0.72,2.5,0.01710931249500652
0,-0.76,-0.7,2.5,0.019600255291613654
0,-0.76,-0.6799999999999999,2.5,0.022307626708498847
0,-0.76,-0.6599999999999999,2.5,0.02522765705136785
0,-0.76,-0.64,2.5,0.028352556505366305
0,-0.76,-0.62,2.5,0.031670450323494956
0,-0.76,-0.6,2.5,0.0351654348363648
0,-0.76,-0.5800000000000001,2.5,0.038817761965027606
0,-0.76,-0.56,2.5,0.0426041537071274
0,-0.76,-0.54,2.5,0.04649824142501849
0,-0.76,-0.52,2.5,0.05047111810986177
0,-0.76,-0.5,2.5,0.05449198556341265
0,-0.76,-0.48,2.5,0.05852887304893269
0,-0.76,-0.45999999999999996,2.5,0.06254939978435242
0,-0.76,-0.43999999999999995,2.5,0.0665215509739092
0,-0.76,-0.42000000000000004,2.5,0.07041443608340833
0,-0.76,-0.4,2.5,0.07419899882288401
0,-0.76,-0.38,2.5,0.077848650747044
0,-0.76,-0.36,2.5,0.08133980433721792
0,-0.76,-0.33999999999999997,2.5,0.0846522866043777
0,-0.76,-0.31999999999999995,2.5,0.08776962028932897
0,-0.76,-0.29999999999999993,2.5,0.0906791662255238
0,-0.76,-0.28,2.5,0.09337212695278183
0,-0.76,-0.26,2.5,0.09584341782991934
0,-0.76,-0.24,2.5,0.09809141734743337
0,-0.76,-0.21999999999999997,2.5,0.10011761282176818
0,-0.76,-0.19999999999999996,2.5,0.10192616098689183
0,-0.76,-0.17999999999999994,2.5,0.10352338511244077
0,-0.76,-0.16000000000000003,2.5,0.10491723119160122
0,-0.76,-0.14,2.5,0.10611670556088558
0,-0.76,-0.12,2.5,0.10713131520769022
0,-0.76,-0.09999999999999998,2.5,0.10797053020147845
0,-0.76,-0.07999999999999996,2.5,0.10864328537894885
0,-0.76,-0.05999999999999994,2.5,0.10915753584358973
0,-0.76,-0.040000000000000036,2.5,0.10951987819811601
0,-0.76,-0.020000000000000018,2.5,0.1097352468625121
0,-0.76,0.0,2.5,0.10980669243472051
0,-0.76,0.020000000000000018,2.5,0.1097352468625121
0,-0.76,0.040000000000000036,2.5,0.10951987819811601
0,-0.76,0.06000000000000005,2.5,0.10915753584358973
0,-0.76,0.08000000000000007,2.5,0.10864328537894885
0,-0.76,0.10000000000000009,2.5,0.10797053020147845
0,-0.76,0.1200000000000001,2.5,0.10713131520769022
0,-0.76,0.14000000000000012,2.5,0.10611670556088558
0,-0.76,0.15999999999999992,2.5,0.10491723119160122
0,-0.76,0.17999999999999994,2.5,0.10352338511244077
0,-0.76,0.19999999999999996,2.5,0.10192616098689183
0,-0.76,0.21999999999999997,2.5,0.10011761282176818
0,-0.76,0.24,2.5,0.09809141734743337
0,-0.76,0.26,2.5,0.09584341782991934
0,-0.76,0.28,2.5,0.09337212695278183
0,-0.76,0.30000000000000004,2.5,0.0906791662255238
0,-0.76,0.32000000000000006,2.5,0.08776962028932897
0,-0.76,0.3400000000000001,2.5,0.0846522866043777
0,-0.76,0.3600000000000001,2.5,0.08133980433721792
0,-0.76,0.3800000000000001,2.5,0.077848650747044
0,-0.76,0.40000000000000013,2.5,0.07419899882288401
0,-0.76,0.41999999999999993,2.5,0.07041443608340833
0,-0.76,0.43999999999999995,2.5,0.0665215509739092
0,-0.76,0.45999999999999996,2.5,0.06254939978435242
0,-0.76,0.48,2.5,0.05852887304893269
0,-0.76,0.5,2.5,0.05449198556341265
0,-0.76,0.52,2.5,0.05047111810986177
0,-0.76,0.54,2.5,0.04649824142501849
0,-0.76,0.56,2.5,0.0426041537071274
0,-0.76,0.5800000000000001,2.5,0.038817761965027606
0,-0.76,0.6000000000000001,2.5,0.0351654348363648
0,-0.76,0.6200000000000001,2.5,0.031670450323494956
0,-0.76,0.6400000000000001,2.5,0.028352556505366305
0,-0.76,0.6600000000000001,2.5,0.02522765705136785
0,-0.76,0.6799999999999999,2.5,0.022307626708498847
0,-0.76,0.7,2.5,0.019600255291613654
0,-0.76,0.72,2.5,0.01710931249500652
0,-0.76,0.74,2.5,0.014834720430307532
0,-0.76,0.76,2.5,0.012772816474827866
0,-0.76,0.78,2.5,0.010916685989523753
0,-0.76,0.8,2.5,0.009256542840854285
0,-0.76,0.8200000000000001,2.5,0.007780135441369315
0,-0.76,0.8400000000000001,2.5,0.0064731571245768725
0,-0.76,0.8600000000000001,2.5,0.005319641928837627
0,-0.76,0.8800000000000001,2.5,0.004302330063129447
0,-0.76,0.9000000000000001,2.5,0.00340299120735259
0,-0.76,0.9199999999999999,2.5,0.0026026980868150027
0,-0.76,0.94,2.5,0.0018820471808394677
0,-0.76,0.96,2.5,0.0012213277210857826
0,-0.76,0.98,2.5,0.0006006440752650525
0,-0.76,1.0,2.5,0.0
0,-0.74,-1.0,2.5,0.0
0,-0.74,-0.98,2.5,0.0006976143831470464
0,-0.74,-0.96,2.5,0.0014185029920703823
0,-0.74,-0.94,2.5,0.002185889719727982
0,-0.74,-0.92,2.5,0.003022881584690446
0,-0.74,-0.9,2.5,0.00395237086900889
0,-0.74,-0.88,2.5,0.004996892972624714
0,-0.74,-0.86,2.5,0.006178430131769043
0,-0.74,-0.84,2.5,0.007518155083628309
0,-0.74,-0.8200000000000001,2.5,0.009036113335457344
0,-0.74,-0.8,2.5,0.01075084768515855
0,-0.74,-0.78,2.5,0.012678973773930725
0,-0.74,-0.76,2.5,0.014834720430307532
0,-0.74,-0.74,2.5,0.017229453070760754
0,-0.74,-0.72,2.5,0.019871202136139743
0,-0.74,-0.7,2.5,0.022764221166897653
0,-0.74,-0.6799999999999999,2.5,0.02590860039830077
0,-0.74,-0.6599999999999999,2.5,0.02929996150188499
0,-0.74,-0.64,2.5,0.032929257212250984
0,-0.74,-0.62,2.5,0.03678269606513398
0,-0.74,-0.6,2.5,0.04084180745457712
0,-0.74,-0.5800000000000001,2.5,0.04508365593020869
0,-0.74,-0.56,2.5,0.049481206441819824
0,-0.74,-0.54,2.5,0.05400383452514123
0,-0.74,-0.52,2.5,0.058617967694298875
0,-0.74,-0.5,2.5,0.06328783706850044
0,-0.74,-0.48,2.5,0.06797631200046832
0,-0.74,-0.45999999999999996,2.5,0.07264578562163557
0,-0.74,-0.43999999999999995,2.5,0.07725907611028325
0,-0.74,-0.42000000000000004,2.5,0.08178030733780155
0,-0.74,-0.4,2.5,0.08617573342928733
0,-0.74,-0.38,2.5,0.09041447461606114
0,-0.74,-0.36,2.5,0.09446913634890995
0,-0.74,-0.33999999999999997,2.5,0.09831628965185765
0,-0.74,-0.31999999999999995,2.5,0.10193679770683764
0,-0.74,-0.29999999999999993,2.5,0.10531598119611044
0,-0.74,-0.28,2.5,0.10844362250465422
0,-0.74,-0.26,2.5,0.11131381603844342
0,-0.74,-0.24,2.5,0.11392467824767176
0,-0.74,-0.21999999999999997,2.5,0.11627793614740928
0,-0.74,-0.19999999999999996,2.5,0.11837841700050997
0,-0.74,-0.17999999999999994,2.5,0.12023346428229197
0,-0.74,-0.16000000000000003,2.5,0.12185230610802976
0,-0.74,-0.14,2.5,0.12324540209421729
0,-0.74,-0.12,2.5,0.12442379333990036
0,-0.74,-0.09999999999999998,2.5,0.1253984781007469
0,-0.74,-0.07999999999999996,2.5,0.12617983305109054
0,-0.74,-0.05999999999999994,2.5,0.1267770970445563
0,-0.74,-0.040000000000000036,2.5,0.12719793121565806
0,-0.74,-0.020000000000000018,2.5,0.1274480662849094
0,-0.74,0.0,2.5,0.12753104514763652
0,-0.74,0.020000000000000018,2.5,0.1274480662849094
0,-0.74,0.040000000000000036,2.5,0.12719793121565806
0,-0.74,0.06000000000000005,2.5,0.1267770970445563
0,-0.74,0.08000000000000007,2.5,0.12617983305109054
0,-0.74,0.10000000000000009,2.5,0.1253984781007469
0,-0.74,0.1200000000000001,2.5,0.12442379333990036
0,-0.74,0.14000000000000012,2.5,0.12324540209421729
0,-0.74,0.15999999999999992,2.5,0.12185230610802976
0,-0.74,0.17999999999999994,2.5,0.12023346428229197
0,-0.74,0.19999999999999996,2.5,0.11837841700050997
0,-0.74,0.21999999999999997,2.5,0.11627793614740928
0,-0.74,0.24,2.5,0.11392467824767176
0,-0.74,0.26,2.5,0.11131381603844342
0,-0.74,0.28,2.5,0.10844362250465422
0,-0.74,0.30000000000000004,2.5,0.10531598119611044
0,-0.74,0.32000000000000006,2.5,0.10193679770683764
0,-0.74,0.3400000000000001,2.5,0.09831628965185765
0,-0.74,0.3600000000000001,2.5,0.09446913634890995
0,-0.74,0.3800000000000001,2.5,0.09041447461606114
0,-0.74,0.40000000000000013,2.5,0.08617573342928733
0,-0.74,0.41999999999999993,2.5,0.08178030733780155
0,-0.74,0.43999999999999995,2.5,0.07725907611028325
0,-0.74,0.45999999999999996,2.5,0.07264578562163557
0,-0.74,0.48,2.5,0.06797631200046832
0,-0.74,0.5,2.5,0.06328783706850044
0,-0.74,0.52,2.5,0.058617967694298875
0,-0.74,0.54,2.5,0.05400383452514123
0,-0.74,0.56,2.5,0.049481206441819824
0,-0.74,0.5800000000000001,2.5,0.04508365593020869
0,-0.74,0.6000000000000001,2.5,0.04084180745457712
0,-0.74,0.6200000000000001,2.5,0.03678269606513398
0,-0.74,0.6400000000000001,2.5,0.032929257212250984
0,-0.74,0.6600000000000001,2.5,0.02929996150188499
0,-0.74,0.6799999999999999,2.5,0.02590860039830077
0,-0.74,0.7,2.5,0.022764221166897653
0,-0.74,0.72,2.5,0.019871202136139743
0,-0.74,0.74,2.5,0.017229453070760754
0,-0.74,0.76,2.5,0.014834720430307534
0,-0.74,0.78,2.5,0.012678973773930726
0,-0.74,0.8,2.5,0.010750847685158552
0,-0.74,0.8200000000000001,2.5,0.009036113335457344
0,-0.74,0.8400000000000001,2.5,0.007518155083628309
0,-0.74,0.8600000000000001,2.5,0.006178430131769043
0,-0.74,0.8800000000000001,2.5,0.004996892972624714
0,-0.74,0.9000000000000001,2.5,0.00395237086900889
0,-0.74,0.9199999999999999,2.5,0.0030228815846904456
0,-0.74,0.94,2.5,0.0021858897197279815
0,-0.74,0.96,2.5,0.0014185029920703823
0,-0.74,0.98,2.5,0.0006976143831470464
0,-0.74,1.0,2.5,0.0
0,-0.72,-1.0,2.5,0.0
0,-0.72,-0.98,2.5,0.0008045886462774536
0,-0.72,-0.96,2.5,0.001636019785138559
0,-0.72,-0.94,2.5,0.0025210778463536313
0,-0.72,-0.92,2.5,0.003486412441148878
0,-0.72,-0.9,2.5,0.004558425485720674
0,-0.72,-0.88,2.5,0.005763107254464085
0,-0.72,-0.86,2.5,0.007125810000481268
0,-0.72,-0.84,2.5,0.008670952318886446
0,-0.72,-0.8200000000000001,2.5,0.010421652705702554
0,-0.72,-0.8,2.5,0.01239929651863141
0,-0.72,-0.78,2.5,0.0146230464663809
0,-0.72,-0.76,2.5,0.01710931249500652
0,-0.72,-0.74,2.5,0.019871202136139743
0,-0.72,-0.72,2.5,0.02291797666525885
0,-0.72,-0.7,2.5,0.02625454144388134
0,-0.72,-0.6799999999999999,2.5,0.029881000293625667
0,-0.72,-0.6599999999999999,2.5,0.03379230345599204
0,-0.72,-0.64,2.5,0.037978016515210745
0,-0.72,-0.62,2.5,0.042422233609827394
0,-0.72,-0.6,2.5,0.04710365247142418
0,-0.72,-0.5800000000000001,2.5,0.05199582157845385
0,-0.72,-0.56,2.5,0.05706756139371834
0,-0.72,-0.54,2.5,0.06228355275854695
0,-0.72,-0.52,2.5,0.0676050766038334
0,-0.72,-0.5,2.5,0.0729908807908699
0,-0.72,-0.48,2.5,0.07839814267546616
0,-0.72,-0.45999999999999996,2.5,0.08378349039265184
0,-0.72,-0.43999999999999995,2.5,0.08910404227395971
0,-0.72,-0.42000000000000004,2.5,0.09431842248188936
0,-0.72,-0.4,2.5,0.09938771196219523
0,-0.72,-0.38,2.5,0.1042762970914717
0,-0.72,-0.36,2.5,0.10895258369236892
0,-0.72,-0.33999999999999997,2.5,0.11338955102100882
0,-0.72,-0.31999999999999995,2.5,0.11756512841618966
0,-0.72,-0.29999999999999993,2.5,0.12146238599149993
0,-0.72,-0.28,2.5,0.12506953948790028
0,-0.72,-0.26,2.5,0.1283797776544682
0,-0.72,-0.24,2.5,0.1313909278288609
0,-0.72,-0.21999999999999997,2.5,0.1341049813900911
0,-0.72,-0.19999999999999996,2.5,0.13652750522215584
0,-0.72,-0.17999999999999994,2.5,0.13866696815812649
0,-0.72,-0.16000000000000003,2.5,0.14053401259867734
0,-0.72,-0.14,2.5,0.14214070125689524
0,-0.72,-0.12,2.5,0.14349976749979618
0,-0.72,-0.09999999999999998,2.5,0.14462389531950828
0,-0.72,-0.07999999999999996,2.5,0.14552505187935993
0,-0.72,-0.05999999999999994,2.5,0.14621389213807912
0,-0.72,-0.040000000000000036,2.5,0.14669925151682411
0,-0.72,-0.020000000000000018,2.5,0.14698773913714552
0,-0.72,0.0,2.5,0.14708344094908668
0,-0.72,0.020000000000000018,2.5,0.14698773913714552
0,-0.72,0.040000000000000036,2.5,0.14669925151682411
0,-0.72,0.06000000000000005,2.5,0.14621389213807912
0,-0.72,0.08000000000000007,2.5,0.14552505187935993
0,-0.72,0.10000000000000009,2.5,0.14462389531950828
0,-0.72,0.1200000000000001,2.5,0.14349976749979618
0,-0.72,0.14000000000000012,2.5,0.14214070125689524
0,-0.72,0.15999999999999992,2.5,0.14053401259867734
0,-0.72,0.17999999999999994,2.5,0.13866696815812649
0,-0.72,0.19999999999999996,2.5,0.13652750522215584
0,-0.72,0.21999999999999997,2.5,0.1341049813900911
0,-0.72,0.24,2.5,0.1313909278288609
0,-0.72,0.26,2.5,0.1283797776544682
0,-0.72,0.28,2.5,0.12506953948790028
0,-0.72,0.30000000000000004,2.5,0.12146238599149993
0,-0.72,0.32000000000000006,2.5,0.11756512841618966
0,-0.72,0.3400000000000001,2.5,0.11338955102100882
0,-0.72,0.3600000000000001,2.5,0.10895258369236892
0,-0.72,0.3800000000000001,2.5,0.1042762970914717
0,-0.72,0.40000000000000013,2.5,0.09938771196219523
0,-0.72,0.41999999999999993,2.5,0.09431842248188936
0,-0.72,0.43999999999999995,2.5,0.08910404227395971
0,-0.72,0.45999999999999996,2.5,0.08378349039265184
0,-0.72,0.48,2.5,0.07839814267546616
0,-0.72,0.5,2.5,0.0729908807908699
0,-0.72,0.52,2.5,0.0676050766038334
0,-0.72,0.54,2.5,0.06228355275854695
0,-0.72,0.56,2.5,0.05706756139371834
0,-0.72,0.5800000000000001,2.5,0.05199582157845385
0,-0.72,0.6000000000000001,2.5,0.04710365247142418
0,-0.72,0.6200000000000001,2.5,0.042422233609827394
0,-0.72,0.6400000000000001,2.5,0.037978016515210745
0,-0.72,0.6600000000000001,2.5,0.03379230345599204
0,-0.72,0.6799999999999999,2.5,0.029881000293625663
0,-0.72,0.7,2.5,0.026254541443881337
0,-0.72,0.72,2.5,0.02291797666525885
0,-0.72,0.74,2.5,0.019871202136139746
0,-0.72,0.76,2.5,0.017109312495006523
0,-0.72,0.78,2.5,0.014623046466380902
0,-0.72,0.8,2.5,0.012399296518631411
0,-0.72,0.8200000000000001,2.5,0.010421652705702555
0,-0.72,0.8400000000000001,2.5,0.008670952318886446
0,-0.72,0.8600000000000001,2.5,0.007125810000481268
0,-0.72,0.8800000000000001,2.5,0.005763107254464086
0,-0.72,0.9000000000000001,2.5,0.004558425485720674
0,-0.72,0.9199999999999999,2.5,0.003486412441148878
0,-0.72,0.94,2.5,0.002521077846353631
0,-0.72,0.96,2.5,0.0016360197851385588
0,-0.72,0.98,2.5,0.0008045886462774535
0,-0.72,1.0,2.5,0.0
0,-0.7,-1.0,2.5,0.0
0,-0.7,-0.98,2.5,0.0009217392325808767
0,-0.7,-0.96,2.5,0.0018742285778343539
0,-0.7,-0.94,2.5,0.0028881516186761986
0,-0.7,-0.92,2.5,0.003994037465289661
0,-0.7,-0.9,2.5,0.0052221314349195766
0,-0.7,-0.88,2.5,0.006602207229437567
0,-0.7,-0.86,2.5,0.008163307594855927
0,-0.7,-0.84,2.5,0.00993340564538097
0,-0.7,-0.8200000000000001,2.5,0.011938985079926903
0,-0.7,-0.8,2.5,0.014204544109839935
0,-0.7,-0.78,2.5,0.01675203469859749
0,-0.7,-0.76,2.5,0.019600255291613654
0,-0.7,-0.74,2.5,0.022764221166897653
0,-0.7,-0.72,2.5,0.02625454144388134
0,-0.7,-0.7,2.5,0.03007683525370764
0,-0.7,-0.6799999999999999,2.5,0.03423122126276678
0,-0.7,-0.6599999999999999,2.5,0.0387119144042665
0,-0.7,-0.64,2.5,0.04350696117927817
0,-0.7,-0.62,2.5,0.04859814024729426
0,-0.7,-0.6,2.5,0.05396104839677389
0,-0.7,-0.5800000000000001,2.5,0.05956538368053442
0,-0.7,-0.56,2.5,0.06537542797065381
0,-0.7,-0.54,2.5,0.07135072099751805
0,-0.7,-0.52,2.5,0.07744690772768005
0,-0.7,-0.5,2.5,0.08361673137323779
0,-0.7,-0.48,2.5,0.08981113605537822
0,-0.7,-0.45999999999999996,2.5,0.0959804367341604
0,-0.7,-0.43999999999999995,2.5,0.10207550990956152
0,-0.7,-0.42000000000000004,2.5,0.10804895707823478
0,-0.7,-0.4,2.5,0.11385619409432646
0,-0.7,-0.38,2.5,0.11945642333637149
0,-0.7,-0.36,2.5,0.12481345164767171
0,-0.7,-0.33999999999999997,2.5,0.12989632495860376
0,-0.7,-0.31999999999999995,2.5,0.13467975976090077
0,-0.7,-0.29999999999999993,2.5,0.13914436156034837
0,-0.7,-0.28,2.5,0.1432766304421954
0,-0.7,-0.26,2.5,0.1470687633343982
0,-0.7,-0.24,2.5,0.1505182709206845
0,-0.7,-0.21999999999999997,2.5,0.15362743402990076
0,-0.7,-0.19999999999999996,2.5,0.15640262944411576
0,-0.7,-0.17999999999999994,2.5,0.15885355831118728
0,-0.7,-0.16000000000000003,2.5,0.1609924117502085
0,-0.7,-0.14,2.5,0.16283300796104885
0,-0.7,-0.12,2.5,0.16438993345233596
0,-0.7,-0.09999999999999998,2.5,0.16567771821015587
0,-0.7,-0.07999999999999996,2.5,0.16671007109275218
0,-0.7,-0.05999999999999994,2.5,0.16749919779358508
0,-0.7,-0.040000000000000036,2.5,0.16805521966165085
0,-0.7,-0.020000000000000018,2.5,0.16838570773115066
0,-0.7,0.0,2.5,0.16849534263659183
0,-0.7,0.020000000000000018,2.5,0.16838570773115066
0,-0.7,0.040000000000000036,2.5,0.16805521966165085
0,-0.7,0.06000000000000005,2.5,0.16749919779358508
0,-0.7,0.08000000000000007,2.5,0.16671007109275218
0,-0.7,0.10000000000000009,2.5,0.16567771821015587
0,-0.7,0.1200000000000001,2.5,0.16438993345233596
0,-0.7,0.14000000000000012,2.5,0.16283300796104885
0,-0.7,0.15999999999999992,2.5,0.1609924117502085
0,-0.7,0.17999999999999994,2.5,0.15885355831118728
0,-0.7,0.19999999999999996,2.5,0.15640262944411576
0,-0.7,0.21999999999999997,2.5,0.15362743402990076
0,-0.7,0.24,2.5,0.1505182709206845
0,-0.7,0.26,2.5,0.1470687633343982
0,-0.7,0.28,2.5,0.1432766304421954
0,-0.7,0.30000000000000004,2.5,0.13914436156034837
0,-0.7,0.32000000000000006,2.5,0.13467975976090077
0,-0.7,0.3400000000000001,2.5,0.12989632495860376
0,-0.7,0.3600000000000001,2.5,0.12481345164767171
0,-0.7,0.3800000000000001,2.5,0.11945642333637149
0,-0.7,0.40000000000000013,2.5,0.11385619409432646
0,-0.7,0.41999999999999993,2.5,0.10804895707823478
0,-0.7,0.43999999999999995,2.5,0.10207550990956152
0,-0.7,0.45999999999999996,2.5,0.0959804367341604
0,-0.7,0.48,2.5,0.08981113605537822
0,-0.7,0.5,2.5,0.08361673137323779
0,-0.7,0.52,2.5,0.07744690772768005
0,-0.7,0.54,2.5,0.07135072099751805
0,-0.7,0.56,2.5,0.06537542797065381
0,-0.7,0.5800000000000001,2.5,0.05956538368053442
0,-0.7,0.6000000000000001,2.5,0.05396104839677389
0,-0.7,0.6200000000000001,2.5,0.04859814024729426
0,-0.7,0.6400000000000001,2.5,0.04350696117927817
0,-0.7,0.6600000000000001,2.5,0.0387119144042665
0,-0.7,0.6799999999999999,2.5,0.03423122126276678
0,-0.7,0.7,2.5,0.03007683525370764
0,-0.7,0.72,2.5,0.02625454144388134
0,-0.7,0.74,2.5,0.022764221166897657
0,-0.7,0.76,2.5,0.019600255291613657
0,-0.7,0.78,2.5,0.01675203469859749
0,-0.7,0.8,2.5,0.014204544109839937
0,-0.7,0.8200000000000001,2.5,0.011938985079926905
0,-0.7,0.8400000000000001,2.5,0.009933405645380972
0,-0.7,0.8600000000000001,2.5,0.008163307594855928
0,-0.7,0.8800000000000001,2.5,0.006602207229437568
0,-0.7,0.9000000000000001,2.5,0.0052221314349195766
0,-0.7,0.9199999999999999,2.5,0.003994037465289661
0,-0.7,0.94,2.5,0.0028881516186761986
0,-0.7,0.96,2.5,0.0018742285778343539
0,-0.7,0.98,2.5,0.0009217392325808767
0,-0.7,1.0,2.5,0.0
0,-0.6799999999999999,-1.0,2.5,0.0
0,-0.6799999999999999,-0.98,2.5,0.0010490698940473374
0,-0.6799999999999999,-0.96,2.5,0.0021331369931833683
0,-0.6799999999999999,-0.94,2.5,0.0032871227684696976
0,-0.6799999999999999,-0.92,2.5,0.004545772853183727
0,-0.6799999999999999,-0.9,2.5,0.005943509848927913
0,-0.6799999999999999,-0.88,2.5,0.007514219552247249
0,-0.6799999999999999,-0.86,2.5,0.00929095578899432
0,-0.6799999999999999,-0.84,2.5,0.011305554959914782
0,-0.6799999999999999,-0.8200000000000001,2.5,0.01358815828100885
0,-0.6799999999999999,-0.8,2.5,0.016166647203110923
0,-0.6799999999999999,-0.78,2.5,0.019066005213578402
0,-0.6799999999999999,-0.76,2.5,0.022307626708498847
0,-0.6799999999999999,-0.74,2.5,0.02590860039830077
0,-0.6799999999999999,-0.72,2.5,0.029881000293625667
0,-0.6799999999999999,-0.7,2.5,0.03423122126276678
0,-0.6799999999999999,-0.6799999999999999,2.5,0.03895939807350855
0,-0.6799999999999999,-0.6599999999999999,2.5,0.04405894644856127
0,-0.6799999999999999,-0.64,2.5,0.04951626182607108
0,-0.6799999999999999,-0.62,2.5,0.05531060623433254
0,-0.6799999999999999,-0.6,2.5,0.06141420614483543
0,-0.6799999999999999,-0.5800000000000001,2.5,0.0677925747153263
0,-0.6799999999999999,-0.56,2.5,0.07440506098848726
0,-0.6799999999999999,-0.54,2.5,0.08120561701483625
0,-0.6799999999999999,-0.52,2.5,0.08814376224878409
0,-0.6799999999999999,-0.5,2.5,0.09516571368460815
0,-0.6799999999999999,-0.48,2.5,0.1022156407872044
0,-0.6799999999999999,-0.45999999999999996,2.5,0.10923699697680957
0,-0.6799999999999999,-0.43999999999999995,2.5,0.11617387475278058
0,-0.6799999999999999,-0.42000000000000004,2.5,0.12297232981099601
0,-0.6799999999999999,-0.4,2.5,0.12958162083402883
0,-0.6799999999999999,-0.38,2.5,0.13595531590516327
0,-0.6799999999999999,-0.36,2.5,0.1420522234001384
0,-0.6799999999999999,-0.33999999999999997,2.5,0.1478371142479475
0,-0.6799999999999999,-0.31999999999999995,2.5,0.15328121299236278
0,-0.6799999999999999,-0.29999999999999993,2.5,0.15836244641694858
0,-0.6799999999999999,-0.28,2.5,0.1630654498860128
0,-0.6799999999999999,-0.26,2.5,0.16738134230971727
0,-0.6799999999999999,-0.24,2.5,0.17130729016375543
0,-0.6799999999999999,-0.21999999999999997,2.5,0.1748458888177793
0,-0.6799999999999999,-0.19999999999999996,2.5,0.1780043952493017
0,-0.6799999999999999,-0.17999999999999994,2.5,0.18079384991099992
0,-0.6799999999999999,-0.16000000000000003,2.5,0.1832281271159168
0,-0.6799999999999999,-0.14,2.5,0.18532295298974658
0,-0.6799999999999999,-0.12,2.5,0.1870949281083961
0,-0.6799999999999999,-0.09999999999999998,2.5,0.18856058876155163
0,-0.6799999999999999,-0.07999999999999996,2.5,0.18973553675771093
0,-0.6799999999999999,-0.05999999999999994,2.5,0.19063366319883954
0,-0.6799999999999999,-0.040000000000000036,2.5,0.19126648703966218
0,-0.6799999999999999,-0.020000000000000018,2.5,0.19164262476614105
0,-0.6799999999999999,0.0,2.5,0.19176740334401216
0,-0.6799999999999999,0.020000000000000018,2.5,0.19164262476614105
0,-0.6799999999999999,0.040000000000000036,2.5,0.19126648703966218
0,-0.6799999999999999,0.06000000000000005,2.5,0.19063366319883954
0,-0.6799999999999999,0.08000000000000007,2.5,0.18973553675771093
0,-0.6799999999999999,0.10000000000000009,2.5,0.18856058876155163
0,-0.6799999999999999,0.1200000000000001,2.5,0.1870949281083961
0,-0.6799999999999999,0.14000000000000012,2.5,0.18532295298974658
0,-0.6799999999999999,0.15999999999999992,2.5,0.1832281271159168
0,-0.6799999999999999,0.17999999999999994,2.5,0.18079384991099992
0,-0.6799999999999999,0.19999999999999996,2.5,0.1780043952493017
0,-0.6799999999999999,0.21999999999999997,2.5,0.1748458888177793
0,-0.6799999999999999,0.24,2.5,0.17130729016375543
0,-0.6799999999999999,0.26,2.5,0.16738134230971727
0,-0.6799999999999999,0.28,2.5,0.1630654498860128
0,-0.6799999999999999,0.30000000000000004,2.5,0.15836244641694858
0,-0.6799999999999999,0.32000000000000006,2.5,0.15328121299236278
0,-0.6799999999999999,0.3400000000000001,2.5,0.1478371142479475
0,-0.6799999999999999,0.3600000000000001,2.5,0.1420522234001384
0,-0.6799999999999999,0.3800000000000001,2.5,0.13595531590516327
0,-0.6799999999999999,0.40000000000000013,2.5,0.12958162083402883
0,-0.6799999999999999,0.41999999999999993,2.5,0.122972329810996
0,-0.6799999999999999,0.43999999999999995,2.5,0.11617387475278058
0,-0.6799999999999999,0.45999999999999996,2.5,0.10923699697680957
0,-0.6799999999999999,0.48,2.5,0.1022156407872044
0,-0.6799999999999999,0.5,2.5,0.09516571368460815
0,-0.6799999999999999,0.52,2.5,0.08814376224878409
0,-0.6799999999999999,0.54,2.5,0.08120561701483625
0,-0.6799999999999999,0.56,2.5,0.07440506098848726
0,-0.6799999999999999,0.5800000000000001,2.5,0.0677925747153263
0,-0.6799999999999999,0.6000000000000001,2.5,0.06141420614483543
0,-0.6799999999999999,0.6200000000000001,2.5,0.05531060623433254
0,-0.6799999999999999,0.6400000000000001,2.5,0.04951626182607108
0,-0.6799999999999999,0.6600000000000001,2.5,0.04405894644856128
0,-0.6799999999999999,0.6799999999999999,2.5,0.03895939807350856
0,-0.6799999999999999,0.7,2.5,0.03423122126276678
0,-0.6799999999999999,0.72,2.5,0.029881000293625667
0,-0.6799999999999999,0.74,2.5,0.025908600398300775
0,-0.6799999999999999,0.76,2.5,0.02230762670849885
0,-0.6799999999999999,0.78,2.5,0.019066005213578402
0,-0.6799999999999999,0.8,2.5,0.016166647203110927
0,-0.6799999999999999,0.8200000000000001,2.5,0.013588158281008851
0,-0.6799999999999999,0.8400000000000001,2.5,0.011305554959914784
0,-0.6799999999999999,0.8600000000000001,2.5,0.009290955788994321
0,-0.6799999999999999,0.8800000000000001,2.5,0.00751421955224725
0,-0.6799999999999999,0.9000000000000001,2.5,0.005943509848927914
0,-0.6799999999999999,0.9199999999999999,2.5,0.004545772853183727
0,-0.6799999999999999,0.94,2.5,0.0032871227684696976
0,-0.6799999999999999,0.96,2.5,0.0021331369931833683
0,-0.6799999999999999,0.98,2.5,0.0010490698940473374
0,-0.6799999999999999,1.0,2.5,0.0
0,-0.6599999999999999,-1.0,2.5,0.0
0,-0.6599999999999999,-0.98,2.5,0.0011864033978990936
0,-0.6599999999999999,-0.96,2.5,0.0024123846499322548
0,-0.6599999999999999,-0.94,2.5,0.0037174359473485423
0,-0.6599999999999999,-0.92,2.5,0.005140850597299382
0,-0.6599999999999999,-0.9,2.5,0.006721556550128562
0,-0.6599999999999999,-0.88,2.5,0.008497874635853546
0,-0.6599999999999999,-0.86,2.5,0.010507184759095909
0,-0.6599999999999999,-0.84,2.5,0.012785489992130184
0,-0.6599999999999999,-0.8200000000000001,2.5,0.015366876286092119
0,-0.6599999999999999,-0.8,2.5,0.018282874002778723
0,-0.6599999999999999,-0.78,2.5,0.02156173619787052
0,-0.6599999999999999,-0.76,2.5,0.02522765705136785
0,-0.6599999999999999,-0.74,2.5,0.02929996150188499
0,-0.6599999999999999,-0.72,2.5,0.03379230345599204
0,-0.6599999999999999,-0.7,2.5,0.0387119144042665
0,-0.6599999999999999,-0.6799999999999999,2.5,0.04405894644856127
0,-0.6599999999999999,-0.6599999999999999,2.5,0.04982595331104382
0,-0.6599999999999999,-0.64,2.5,0.05599754968643166
0,-0.6599999999999999,-0.62,2.5,0.06255028332522256
0,-0.6599999999999999,-0.6,2.5,0.06945274570341335
0,-0.6599999999999999,-0.5800000000000001,2.5,0.07666593644488257
0,-0.6599999999999999,-0.56,2.5,0.08414388439734528
0,-0.6599999999999999,-0.54,2.5,0.0918345151483724
0,-0.6599999999999999,-0.52,2.5,0.09968074162793152
0,-0.6599999999999999,-0.5,2.5,0.10762174213787874
0,-0.6599999999999999,-0.48,2.5,0.1155943795054614
0,-0.6599999999999999,-0.45999999999999996,2.5,0.12353470680764411
0,-0.6599999999999999,-0.43999999999999995,2.5,0.13137949982740008
0,-0.6599999999999999,-0.42000000000000004,2.5,0.13906775444615602
0,-0.6599999999999999,-0.4,2.5,0.14654208867446386
0,-0.6599999999999999,-0.38,2.5,0.15374999385382676
0,-0.6599999999999999,-0.36,2.5,0.16064488736858076
0,-0.6599999999999999,-0.33999999999999997,2.5,0.1671869294266447
0,-0.6599999999999999,-0.31999999999999995,2.5,0.17334357838742306
0,-0.6599999999999999,-0.29999999999999993,2.5,0.17908987192884557
0,-0.6599999999999999,-0.28,2.5,0.18440843422552902
0,-0.6599999999999999,-0.26,2.5,0.1892892214732089
0,-0.6599999999999999,-0.24,2.5,0.19372902886280732
0,-0.6599999999999999,-0.21999999999999997,2.5,0.19773079095510904
0,-0.6599999999999999,-0.19999999999999996,2.5,0.20130271399157335
0,-0.6599999999999999,-0.17999999999999994,2.5,0.20445728285116618
0,-0.6599999999999999,-0.16000000000000003,2.5,0.20721018716876127
0,-0.6599999999999999,-0.14,2.5,0.20957921077427558
0,-0.6599999999999999,-0.12,2.5,0.2115831264282092
0,-0.6599999999999999,-0.09999999999999998,2.5,0.2132406342361786
0,-0.6599999999999999,-0.07999999999999996,2.5,0.21456937757315436
0,-0.6599999999999999,-0.05999999999999994,2.5,0.2155850652737118
0,-0.6599999999999999,-0.040000000000000036,2.5,0.21630072362781705
0,-0.6599999999999999,-0.020000000000000018,2.5,0.2167260966548906
0,-0.6599999999999999,0.0,2.5,0.21686720839765602
0,-0.6599999999999999,0.020000000000000018,2.5,0.2167260966548906
0,-0.6599999999999999,0.040000000000000036,2.5,0.21630072362781705
0,-0.6599999999999999,0.06000000000000005,2.5,0.2155850652737118
0,-0.6599999999999999,0.08000000000000007,2.5,0.21456937757315436
0,-0.6599999999999999,0.10000000000000009,2.5,0.2132406342361786
0,-0.6599999999999999,0.1200000000000001,2.5,0.2115831264282092
0,-0.6599999999999999,0.14000000000000012,2.5,0.2095792107742756
0,-0.6599999999999999,0.15999999999999992,2.5,0.20721018716876127
0,-0.6599999999999999,0.17999999999999994,2.5,0.20445728285116618
0,-0.6599999999999999,0.19999999999999996,2.5,0.20130271399157335
0,-0.6599999999999999,0.21999999999999997,2.5,0.19773079095510904
0,-0.6599999999999999,0.24,2.5,0.19372902886280732
0,-0.6599999999999999,0.26,2.5,0.1892892214732089
0,-0.6599999999999999,0.28,2.5,0.18440843422552902
0,-0.6599999999999999,0.30000000000000004,2.5,0.17908987192884557
0,-0.6599999999999999,0.32000000000000006,2.5,0.17334357838742306
0,-0.6599999999999999,0.3400000000000001,2.5,0.1671869294266447
0,-0.6599999999999999,0.3600000000000001,2.5,0.16064488736858076
0,-0.6599999999999999,0.3800000000000001,2.5,0.15374999385382676
0,-0.6599999999999999,0.40000000000000013,2.5,0.14654208867446386
0,-0.6599999999999999,0.41999999999999993,2.5,0.13906775444615602
0,-0.6599999999999999,0.43999999999999995,2.5,0.13137949982740008
0,-0.6599999999999999,0.45999999999999996,2.5,0.12353470680764411
0,-0.6599999999999999,0.48,2.5,0.1155943795054614
0,-0.6599999999999999,0.5,2.5,0.10762174213787874
0,-0.6599999999999999,0.52,2.5,0.09968074162793152
0,-0.6599999999999999,0.54,2.5,0.0918345151483724
0,-0.6599999999999999,0.56,2.5,0.08414388439734528
0,-0.6599999999999999,0.5800000000000001,2.5,0.07666593644488257
0,-0.6599999999999999,0.6000000000000001,2.5,0.06945274570341335
0,-0.6599999999999999,0.6200000000000001,2.5,0.06255028332522256
0,-0.6599999999999999,0.6400000000000001,2.5,0.05599754968643166
0,-0.6599999999999999,0.6600000000000001,2.5,0.04982595331104382
0,-0.6599999999999999,0.6799999999999999,2.5,0.04405894644856128
0,-0.6599999999999999,0.7,2.5,0.0387119144042665
0,-0.6599999999999999,0.72,2.5,0.03379230345599204
0,-0.6599999999999999,0.74,2.5,0.02929996150188499
0,-0.6599999999999999,0.76,2.5,0.025227657051367855
0,-0.6599999999999999,0.78,2.5,0.021561736197870524
0,-0.6599999999999999,0.8,2.5,0.018282874002778723
0,-0.6599999999999999,0.8200000000000001,2.5,0.015366876286092119
0,-0.6599999999999999,0.8400000000000001,2.5,0.012785489992130184
0,-0.6599999999999999,0.8600000000000001,2.5,0.01050718475909591
0,-0.6599999999999999,0.8800000000000001,2.5,0.008497874635853546
0,-0.6599999999999999,0.9000000000000001,2.5,0.0067215565501285626
0,-0.6599999999999999,0.9199999999999999,2.5,0.0051408505972993825
0,-0.6599999999999999,0.94,2.5,0.0037174359473485423
0,-0.6599999999999999,0.96,2.5,0.0024123846499322548
0,-0.6599999999999999,0.98,2.5,0.0011864033978990936
0,-0.6599999999999999,1.0,2.5,0.0
0,-0.64,-1.0,2.5,0.0
0,-0.64,-0.98,2.5,0.001333373406137371
0,-0.64,-0.96,2.5,0.0027112266511847157
0,-0.64,-0.94,2.5,0.004177943284171854
0,-0.64,-0.92,2.5,0.005777683303866266
0,-0.64,-0.9,2.5,0.007554196053512492
0,-0.64,-0.88,2.5,0.00955054850264052
0,-0.64,-0.86,2.5,0.011808750091348325
0,-0.64,-0.84,2.5,0.014369262831345066
0,-0.64,-0.8200000000000001,2.5,0.017270394101836513
0,-0.64,-0.8,2.5,0.020547579111057698
0,-0.64,-0.78,2.5,0.024232569803425495
0,-0.64,-0.76,2.5,0.028352556505366305
0,-0.64,-0.74,2.5,0.032929257212250984
0,-0.64,-0.72,2.5,0.037978016515210745
0,-0.64,-0.7,2.5,0.04350696117927817
0,-0.64,-0.6799999999999999,2.5,0.04951626182607108
0,-0.64,-0.6599999999999999,2.5,0.05599754968643166
0,-0.64,-0.64,2.5,0.0629335337818354
0,-0.64,-0.62,2.5,0.07029785718000059
0,-0.64,-0.6,2.5,0.07805522138127723
0,-0.64,-0.5800000000000001,2.5,0.08616179587947509
0,-0.64,-0.56,2.5,0.09456591615681793
0,-0.64,-0.54,2.5,0.10320905863447406
0,-0.64,-0.52,2.5,0.1120270663331088
0,-0.64,-0.5,2.5,0.1209515851681849
0,-0.64,-0.48,2.5,0.12991165884354833
0,-0.64,-0.45999999999999996,2.5,0.13883542103508323
0,-0.64,-0.43999999999999995,2.5,0.14765181761609827
0,-0.64,-0.42000000000000004,2.5,0.15629228947684692
0,-0.64,-0.4,2.5,0.16469234817391884
0,-0.64,-0.38,2.5,0.172792982074216
0,-0.64,-0.36,2.5,0.1805418394306841
0,-0.64,-0.33999999999999997,2.5,0.18789414631226786
0,-0.64,-0.31999999999999995,2.5,0.19481333070584905
0,-0.64,-0.29999999999999993,2.5,0.2012713385082051
0,-0.64,-0.28,2.5,0.20724864160083337
0,-0.64,-0.26,2.5,0.21273395186973704
0,-0.64,-0.24,2.5,0.2177236671338985
0,-0.64,-0.21999999999999997,2.5,0.22222108488940492
0,-0.64,-0.19999999999999996,2.5,0.22623542717620765
0,-0.64,-0.17999999999999994,2.5,0.22978072456590956
0,-0.64,-0.16000000000000003,2.5,0.2328746092984066
0,-0.64,-0.14,2.5,0.2355370671948974
0,-0.64,-0.12,2.5,0.23778919552108937
0,-0.64,-0.09999999999999998,2.5,0.23965200993659488
0,-0.64,-0.07999999999999996,2.5,0.24114533855111303
0,-0.64,-0.05999999999999994,2.5,0.24228683540532212
0,-0.64,-0.040000000000000036,2.5,0.2430911398316558
0,-0.64,-0.020000000000000018,2.5,0.24356920245590943
0,-0.64,0.0,2.5,0.24372779328343558
0,-0.64,0.020000000000000018,2.5,0.24356920245590943
0,-0.64,0.040000000000000036,2.5,0.2430911398316558
0,-0.64,0.06000000000000005,2.5,0.24228683540532212
0,-0.64,0.08000000000000007,2.5,0.24114533855111303
0,-0.64,0.10000000000000009,2.5,0.23965200993659488
0,-0.64,0.1200000000000001,2.5,0.2377891955210894
0,-0.64,0.14000000000000012,2.5,0.23553706719489742
0,-0.64,0.15999999999999992,2.5,0.23287460929840662
0,-0.64,0.17999999999999994,2.5,0.2297807245659096
0,-0.64,0.19999999999999996,2.5,0.22623542717620765
0,-0.64,0.21999999999999997,2.5,0.22222108488940492
0,-0.64,0.24,2.5,0.2177236671338985
0,-0.64,0.26,2.5,0.21273395186973704
0,-0.64,0.28,2.5,0.20724864160083337
0,-0.64,0.30000000000000004,2.5,0.2012713385082051
0,-0.64,0.32000000000000006,2.5,0.19481333070584905
0,-0.64,0.3400000000000001,2.5,0.18789414631226786
0,-0.64,0.3600000000000001,2.5,0.1805418394306841
0,-0.64,0.3800000000000001,2.5,0.172792982074216
0,-0.64,0.40000000000000013,2.5,0.16469234817391884
0,-0.64,0.41999999999999993,2.5,0.15629228947684692
0,-0.64,0.43999999999999995,2.5,0.14765181761609827
0,-0.64,0.45999999999999996,2.5,0.13883542103508323
0,-0.64,0.48,2.5,0.12991165884354833
0,-0.64,0.5,2.5,0.1209515851681849
0,-0.64,0.52,2.5,0.1120270663331088
0,-0.64,0.54,2.5,0.10320905863447406
0,-0.64,0.56,2.5,0.09456591615681795
0,-0.64,0.5800000000000001,2.5,0.0861617958794751
0,-0.64,0.6000000000000001,2.5,0.07805522138127723
0,-0.64,0.6200000000000001,2.5,0.07029785718000059
0,-0.64,0.6400000000000001,2.5,0.0629335337818354
0,-0.64,0.6600000000000001,2.5,0.05599754968643166
0,-0.64,0.6799999999999999,2.5,0.04951626182607108
0,-0.64,0.7,2.5,0.04350696117927817
0,-0.64,0.72,2.5,0.037978016515210745
0,-0.64,0.74,2.5,0.032929257212250984
0,-0.64,0.76,2.5,0.02835255650536631
0,-0.64,0.78,2.5,0.0242325698034255
0,-0.64,0.8,2.5,0.020547579111057698
0,-0.64,0.8200000000000001,2.5,0.017270394101836513
0,-0.64,0.8400000000000001,2.5,0.014369262831345066
0,-0.64,0.8600000000000001,2.5,0.011808750091348326
0,-0.64,0.8800000000000001,2.5,0.00955054850264052
0,-0.64,0.9000000000000001,2.5,0.007554196053512493
0,-0.64,0.9199999999999999,2.5,0.005777683303866267
0,-0.64,0.94,2.5,0.004177943284171855
0,-0.64,0.96,2.5,0.002711226651184716
0,-0.64,0.98,2.5,0.001333373406137371
0,-0.64,1.0,2.5,0.0
0,-0.62,-1.0,2.5,0.0
0,-0.62,-0.98,2.5,0.0014894214229860417
0,-0.62,-0.96,2.5,0.0030285273777733595
0,-0.62,-0.94,2.5,0.004666894821538495
0,-0.62,-0.92,2.5,0.006453850968921187
0,-0.62,-0.9,2.5,0.008438264278889968
0,-0.62,-0.88,2.5,0.01066824093117214
0,-0.62,-0.86,2.5,0.013190705765810221
0,-0.62,-0.84,2.5,0.01605085505790154
0,-0.62,-0.8200000000000001,2.5,0.019291478266269427
0,-0.62,-0.8,2.5,0.02295215654270648
0,-0.62,-0.78,2.5,0.027068356745080832
0,-0.62,-0.76,2.5,0.031670450323494956
0,-0.62,-0.74,2.5,0.03678269606513398
0,-0.62,-0.72,2.5,0.042422233609827394
0,-0.62,-0.7,2.5,0.04859814024729426
0,-0.62,-0.6799999999999999,2.5,0.05531060623433254
0,-0.62,-0.6599999999999999,2.5,0.06255028332522256
0,-0.62,-0.64,2.5,0.07029785718000059
0,-0.62,-0.62,2.5,0.07852388681644953
0,-0.62,-0.6,2.5,0.0871889435610302
0,-0.62,-0.5800000000000001,2.5,0.09624406853575182
0,-0.62,-0.56,2.5,0.1056315523215563
0,-0.62,-0.54,2.5,0.1152860239765044
0,-0.62,-0.52,2.5,0.12513582009265103
0,-0.62,-0.5,2.5,0.13510458912803924
0,-0.62,-0.48,2.5,0.14511307288989772
0,-0.62,-0.45999999999999996,2.5,0.15508099668881
0,-0.62,-0.43999999999999995,2.5,0.16492899304866532
0,-0.62,-0.42000000000000004,2.5,0.17458048140066998
0,-0.62,-0.4,2.5,0.18396342806993657
0,-0.62,-0.38,2.5,0.19301191692717448
0,-0.62,-0.36,2.5,0.20166747087660752
0,-0.62,-0.33999999999999997,2.5,0.209880077180022
0,-0.62,-0.31999999999999995,2.5,0.21760888457905914
0,-0.62,-0.29999999999999993,2.5,0.2248225562626497
0,-0.62,-0.28,2.5,0.2314992788945413
0,-0.62,-0.26,2.5,0.23762644318418785
0,-0.62,-0.24,2.5,0.2432000250016109
0,-0.62,-0.21999999999999997,2.5,0.2482237071433659
0,-0.62,-0.19999999999999996,2.5,0.25270779012257016
0,-0.62,-0.17999999999999994,2.5,0.2566679455963456
0,-0.62,-0.16000000000000003,2.5,0.2601238683110689
0,-0.62,-0.14,2.5,0.2630978819988732
0,-0.62,-0.12,2.5,0.2656135519183173
0,-0.62,-0.09999999999999998,2.5,0.2676943522221063
0,-0.62,-0.07999999999999996,2.5,0.2693624306210512
0,-0.62,-0.05999999999999994,2.5,0.2706375064437439
0,-0.62,-0.040000000000000036,2.5,0.27153593164282885
0,-0.62,-0.020000000000000018,2.5,0.2720699379383463
0,-0.62,0.0,2.5,0.27224708734929626
0,-0.62,0.020000000000000018,2.5,0.2720699379383463
0,-0.62,0.040000000000000036,2.5,0.27153593164282885
0,-0.62,0.06000000000000005,2.5,0.2706375064437439
0,-0.62,0.08000000000000007,2.5,0.2693624306210512
0,-0.62,0.10000000000000009,2.5,0.2676943522221063
0,-0.62,0.1200000000000001,2.5,0.26561355191831737
0,-0.62,0.14000000000000012,2.5,0.26309788199887324
0,-0.62,0.15999999999999992,2.5,0.26012386831106893
0,-0.62,0.17999999999999994,2.5,0.25666794559634565
0,-0.62,0.19999999999999996,2.5,0.25270779012257016
0,-0.62,0.21999999999999997,2.5,0.2482237071433659
0,-0.62,0.24,2.5,0.2432000250016109
0,-0.62,0.26,2.5,0.23762644318418785
0,-0.62,0.28,2.5,0.2314992788945413
0,-0.62,0.30000000000000004,2.5,0.2248225562626497
0,-0.62,0.32000000000000006,2.5,0.21760888457905914
0,-0.62,0.3400000000000001,2.5,0.209880077180022
0,-0.62,0.3600000000000001,2.5,0.20166747087660752
0,-0.62,0.3800000000000001,2.5,0.19301191692717448
0,-0.62,0.40000000000000013,2.5,0.18396342806993657
0,-0.62,0.41999999999999993,2.5,0.17458048140066998
0,-0.62,0.43999999999999995,2.5,0.16492899304866532
0,-0.62,0.45999999999999996,2.5,0.15508099668881
0,-0.62,0.48,2.5,0.14511307288989772
0,-0.62,0.5,2.5,0.13510458912803924
0,-0.62,0.52,2.5,0.12513582009265103
0,-0.62,0.54,2.5,0.11528602397650442
0,-0.62,0.56,2.5,0.10563155232155631
0,-0.62,0.5800000000000001,2.5,0.09624406853575182
0,-0.62,0.6000000000000001,2.5,0.0871889435610302
0,-0.62,0.6200000000000001,2.5,0.07852388681644953
0,-0.62,0.6400000000000001,2.5,0.07029785718000059
0,-0.62,0.6600000000000001,2.5,0.06255028332522256
0,-0.62,0.6799999999999999,2.5,0.05531060623433254
0,-0.62,0.7,2.5,0.04859814024729426
0,-0.62,0.72,2.5,0.042422233609827394
0,-0.62,0.74,2.5,0.03678269606513398
0,-0.62,0.76,2.5,0.031670450323494956
0,-0.62,0.78,2.5,0.027068356745080836
0,-0.62,0.8,2.5,0.02295215654270648
0,-0.62,0.8200000000000001,2.5,0.019291478266269427
0,-0.62,0.8400000000000001,2.5,0.01605085505790154
0,-0.62,0.8600000000000001,2.5,0.013190705765810223
0,-0.62,0.8800000000000001,2.5,0.010668240931172142
0,-0.62,0.9000000000000001,2.5,0.00843826427888997
0,-0.62,0.9199999999999999,2.5,0.006453850968921188
0,-0.62,0.94,2.5,0.004666894821538495
0,-0.62,0.96,2.5,0.00302852737777336
0,-0.62,0.98,2.5,0.001489421422986042
0,-0.62,1.0,2.5,0.0
0,-0.6,-1.0,2.5,0.0
0,-0.6,-0.98,2.5,0.0016537994264689934
0,-0.6,-0.96,2.5,0.0033627658393704796
0,-0.6,-0.94,2.5,0.005181946762156229
0,-0.6,-0.92,2.5,0.007166112382994052
0,-0.6,-0.9,2.5,0.009369523463482052
0,-0.6,-0.88,2.5,0.011845594311470576
0,-0.6,-0.86,2.5,0.014646427472271357
0,-0.6,-0.84,2.5,0.017822206117569385
0,-0.6,-0.8200000000000001,2.5,0.021420440955512664
0,-0.6,-0.8,2.5,0.02548508030800779
0,-0.6,-0.78,2.5,0.030055504166596327
0,-0.6,-0.76,2.5,0.0351654348363648
0,-0.6,-0.74,2.5,0.04084180745457712
0,-0.6,-0.72,2.5,0.04710365247142418
0,-0.6,-0.7,2.5,0.05396104839677389
0,-0.6,-0.6799999999999999,2.5,0.06141420614483543
0,-0.6,-0.6599999999999999,2.5,0.06945274570341335
0,-0.6,-0.64,2.5,0.07805522138127723
0,-0.6,-0.62,2.5,0.0871889435610302
0,-0.6,-0.6,2.5,0.0968101329926189
0,-0.6,-0.5800000000000001,2.5,0.10686442876412391
0,-0.6,-0.56,2.5,0.1172877539915807
0,-0.6,-0.54,2.5,0.1280075249912706
0,-0.6,-0.52,2.5,0.13894417138398352
0,-0.6,-0.5,2.5,0.15001291742926065
0,-0.6,-0.48,2.5,0.16112576005348767
0,-0.6,-0.45999999999999996,2.5,0.17219356753698478
0,-0.6,-0.43999999999999995,2.5,0.18312821545836655
0,-0.6,-0.42000000000000004,2.5,0.19384467376693482
0,-0.6,-0.4,2.5,0.20426296094149698
0,-0.6,-0.38,2.5,0.21430988792692326
0,-0.6,-0.36,2.5,0.22392052541923135
0,-0.6,-0.33999999999999997,2.5,0.23303934231391232
0,-0.6,-0.31999999999999995,2.5,0.24162097974492722
0,-0.6,-0.29999999999999993,2.5,0.249630643000945
0,-0.6,-0.28,2.5,0.2570441115570297
0,-0.6,-0.26,2.5,0.2638473844126602
0,-0.6,-0.24,2.5,0.2700359929355648
0,-0.6,-0.21999999999999997,2.5,0.27561402574270816
0,-0.6,-0.19999999999999996,2.5,0.2805929193276113
0,-0.6,-0.17999999999999994,2.5,0.2849900739618592
0,-0.6,-0.16000000000000003,2.5,0.2888273569159877
0,-0.6,-0.14,2.5,0.2921295545488915
0,-0.6,-0.12,2.5,0.2949228317722288
0,-0.6,-0.09999999999999998,2.5,0.2972332523888907
0,-0.6,-0.07999999999999996,2.5,0.299085407460712
0,-0.6,-0.05999999999999994,2.5,0.3005011917882487
0,-0.6,-0.040000000000000036,2.5,0.30149876131444053
0,-0.6,-0.020000000000000018,2.5,0.30209169720183393
0,-0.6,0.0,2.5,0.3022883957383827
0,-0.6,0.020000000000000018,2.5,0.30209169720183393
0,-0.6,0.040000000000000036,2.5,0.30149876131444053
0,-0.6,0.06000000000000005,2.5,0.3005011917882487
0,-0.6,0.08000000000000007,2.5,0.299085407460712
0,-0.6,0.10000000000000009,2.5,0.2972332523888907
0,-0.6,0.1200000000000001,2.5,0.2949228317722288
0,-0.6,0.14000000000000012,2.5,0.2921295545488915
0,-0.6,0.15999999999999992,2.5,0.28882735691598777
0,-0.6,0.17999999999999994,2.5,0.28499007396185927
0,-0.6,0.19999999999999996,2.5,0.2805929193276113
0,-0.6,0.21999999999999997,2.5,0.27561402574270816
0,-0.6,0.24,2.5,0.2700359929355648
0,-0.6,0.26,2.5,0.2638473844126602
0,-0.6,0.28,2.5,0.2570441115570297
0,-0.6,0.30000000000000004,2.5,0.249630643000945
0,-0.6,0.32000000000000006,2.5,0.24162097974492722
0,-0.6,0.3400000000000001,2.5,0.23303934231391232
0,-0.6,0.3600000000000001,2.5,0.22392052541923133
0,-0.6,0.3800000000000001,2.5,0.21430988792692324
0,-0.6,0.40000000000000013,2.5,0.20426296094149696
0,-0.6,0.41999999999999993,2.5,0.19384467376693482
0,-0.6,0.43999999999999995,2.5,0.18312821545836655
0,-0.6,0.45999999999999996,2.5,0.17219356753698478
0,-0.6,0.48,2.5,0.16112576005348767
0,-0.6,0.5,2.5,0.15001291742926065
0,-0.6,0.52,2.5,0.13894417138398352
0,-0.6,0.54,2.5,0.1280075249912706
0,-0.6,0.56,2.5,0.1172877539915807
0,-0.6,0.5800000000000001,2.5,0.1068644287641239
0,-0.6,0.6000000000000001,2.5,0.0968101329926189
0,-0.6,0.6200000000000001,2.5,0.0871889435610302
0,-0.6,0.6400000000000001,2.5,0.07805522138127723
0,-0.6,0.6600000000000001,2.5,0.06945274570341335
0,-0.6,0.6799999999999999,2.5,0.061414206144835434
0,-0.6,0.7,2.5,0.053961048396773896
0,-0.6,0.72,2.5,0.04710365247142419
0,-0.6,0.74,2.5,0.04084180745457712
0,-0.6,0.76,2.5,0.035165434836364806
0,-0.6,0.78,2.5,0.03005550416659633
0,-0.6,0.8,2.5,0.02548508030800779
0,-0.6,0.8200000000000001,2.5,0.021420440955512664
0,-0.6,0.8400000000000001,2.5,0.017822206117569385
0,-0.6,0.8600000000000001,2.5,0.014646427472271361
0,-0.6,0.8800000000000001,2.5,0.011845594311470578
0,-0.6,0.9000000000000001,2.5,0.009369523463482054
0,-0.6,0.9199999999999999,2.5,0.007166112382994054
0,-0.6,0.94,2.5,0.005181946762156229
0,-0.6,0.96,2.5,0.0033627658393704796
0,-0.6,0.98,2.5,0.0016537994264689937
0,-0.6,1.0,2.5,0.0
0,-0.5800000000000001,-1.0,2.5,0.0
0,-0.5800000000000001,-0.98,2.5,0.001825578545667884
0,-0.5800000000000001,-0.96,2.5,0.0037120533184721366
0,-0.5800000000000001,-0.94,2.5,0.005720188657862762
0,-0.5800000000000001,-0.92,2.5,0.007910442730863837
0,-0.5800000000000001,-0.9,2.5,0.0103427113228247
0,-0.5800000000000001,-0.88,2.5,0.013075955797756248
0,-0.5800000000000001,-0.86,2.5,0.016167689458909167
0,-0.5800000000000001,-0.84,2.5,0.019673306833522555
0,-0.5800000000000001,-0.8200000000000001,2.5,0.02364525237578333
0,-0.5800000000000001,-0.8,2.5,0.028132038132107632
0,-0.5800000000000001,-0.78,2.5,0.033177133341285324
0,-0.5800000000000001,-0.76,2.5,0.038817761965027606
0,-0.5800000000000001,-0.74,2.5,0.04508365593020869
0,-0.5800000000000001,-0.72,2.5,0.05199582157845385
0,-0.5800000000000001,-0.7,2.5,0.05956538368053442
0,-0.5800000000000001,-0.6799999999999999,2.5,0.0677925747153263
0,-0.5800000000000001,-0.6599999999999999,2.5,0.07666593644488257
0,-0.5800000000000001,-0.64,2.5,0.08616179587947509
0,-0.5800000000000001,-0.62,2.5,0.09624406853575182
0,-0.5800000000000001,-0.6,2.5,0.10686442876412391
0,-0.5800000000000001,-0.5800000000000001,2.5,0.11796287047611043
0,-0.5800000000000001,-0.56,2.5,0.12946866273258467
0,-0.5800000000000001,-0.54,2.5,0.1413016844778258
0,-0.5800000000000001,-0.52,2.5,0.15337410248893252
0,-0.5800000000000001,-0.5,2.5,0.1655923376779591
0,-0.5800000000000001,-0.48,2.5,0.17785924850989096
0,-0.5800000000000001,-0.45999999999999996,2.5,0.19007644760704556
0,-0.5800000000000001,-0.43999999999999995,2.5,0.20214665947876753
0,-0.5800000000000001,-0.42000000000000004,2.5,0.2139760243046031
0,-0.5800000000000001,-0.4,2.5,0.2254762550034896
0,-0.5800000000000001,-0.38,2.5,0.23656656225342843
0,-0.5800000000000001,-0.36,2.5,0.24717527413508683
0,-0.5800000000000001,-0.33999999999999997,2.5,0.257241092795519
0,-0.5800000000000001,-0.31999999999999995,2.5,0.2667139488656771
0,-0.5800000000000001,-0.29999999999999993,2.5,0.2755554340787206
0,-0.5800000000000001,-0.28,2.5,0.28373881235160164
0,-0.5800000000000001,-0.26,2.5,0.29124862830523457
0,-0.5800000000000001,-0.24,2.5,0.2980799487655103
0,-0.5800000000000001,-0.21999999999999997,2.5,0.3042372863997603
0,-0.5800000000000001,-0.19999999999999996,2.5,0.30973326477416735
0,-0.5800000000000001,-0.17999999999999994,2.5,0.31458709054062356
0,-0.5800000000000001,-0.16000000000000003,2.5,0.31882290124042884
0,-0.5800000000000001,-0.14,2.5,0.32246805666489137
0,-0.5800000000000001,-0.12,2.5,0.325551438354492
0,-0.5800000000000001,-0.09999999999999998,2.5,0.32810181629113655
0,-0.5800000000000001,-0.07999999999999996,2.5,0.33014633483556394
0,-0.5800000000000001,-0.05999999999999994,2.5,0.3317091621554016
0,-0.5800000000000001,-0.040000000000000036,2.5,0.33281033936340526
0,-0.5800000000000001,-0.020000000000000018,2.5,0.3334648577899847
0,-0.5800000000000001,0.0,2.5,0.3336819855346134
0,-0.5800000000000001,0.020000000000000018,2.5,0.3334648577899847
0,-0.5800000000000001,0.040000000000000036,2.5,0.33281033936340526
0,-0.5800000000000001,0.06000000000000005,2.5,0.3317091621554016
0,-0.5800000000000001,0.08000000000000007,2.5,0.33014633483556394
0,-0.5800000000000001,0.10000000000000009,2.5,0.32810181629113655
0,-0.5800000000000001,0.1200000000000001,2.5,0.325551438354492
0,-0.5800000000000001,0.14000000000000012,2.5,0.32246805666489137
0,-0.5800000000000001,0.15999999999999992,2.5,0.31882290124042884
0,-0.5800000000000001,0.17999999999999994,2.5,0.31458709054062356
0,-0.5800000000000001,0.19999999999999996,2.5,0.30973326477416735
0,-0.5800000000000001,0.21999999999999997,2.5,0.3042372863997603
0,-0.5800000000000001,0.24,2.5,0.2980799487655103
0,-0.5800000000000001,0.26,2.5,0.29124862830523457
0,-0.5800000000000001,0.28,2.5,0.28373881235160164
0,-0.5800000000000001,0.30000000000000004,2.5,0.2755554340787206
0,-0.5800000000000001,0.32000000000000006,2.5,0.2667139488656771
0,-0.5800000000000001,0.3400000000000001,2.5,0.257241092795519
0,-0.5800000000000001,0.3600000000000001,2.5,0.2471752741350868
0,-0.5800000000000001,0.3800000000000001,2.5,0.2365665622534284
0,-0.5800000000000001,0.40000000000000013,2.5,0.22547625500348958
0,-0.5800000000000001,0.41999999999999993,2.5,0.2139760243046031
0,-0.5800000000000001,0.43999999999999995,2.5,0.20214665947876753
0,-0.5800000000000001,0.45999999999999996,2.5,0.19007644760704556
0,-0.5800000000000001,0.48,2.5,0.17785924850989096
0,-0.5800000000000001,0.5,2.5,0.1655923376779591
0,-0.5800000000000001,0.52,2.5,0.15337410248893252
0,-0.5800000000000001,0.54,2.5,0.1413016844778258
0,-0.5800000000000001,0.56,2.5,0.12946866273258467
0,-0.5800000000000001,0.5800000000000001,2.5,0.11796287047611043
0,-0.5800000000000001,0.6000000000000001,2.5,0.10686442876412391
0,-0.5800000000000001,0.6200000000000001,2.5,0.09624406853575182
0,-0.5800000000000001,0.6400000000000001,2.5,0.0861617958794751
0,-0.5800000000000001,0.6600000000000001,2.5,0.07666593644488257
0,-0.5800000000000001,0.6799999999999999,2.5,0.0677925747153263
0,-0.5800000000000001,0.7,2.5,0.05956538368053443
0,-0.5800000000000001,0.72,2.5,0.05199582157845385
0,-0.5800000000000001,0.74,2.5,0.04508365593020869
0,-0.5800000000000001,0.76,2.5,0.038817761965027606
0,-0.5800000000000001,0.78,2.5,0.033177133341285324
0,-0.5800000000000001,0.8,2.5,0.028132038132107632
0,-0.5800000000000001,0.8200000000000001,2.5,0.02364525237578333
0,-0.5800000000000001,0.8400000000000001,2.5,0.019673306833522555
0,-0.5800000000000001,0.8600000000000001,2.5,0.016167689458909167
0,-0.5800000000000001,0.8800000000000001,2.5,0.01307595579775625
0,-0.5800000000000001,0.9000000000000001,2.5,0.010342711322824702
0,-0.5800000000000001,0.9199999999999999,2.5,0.007910442730863838
0,-0.5800000000000001,0.94,2.5,0.005720188657862763
0,-0.5800000000000001,0.96,2.5,0.003712053318472137
0,-0.5800000000000001,0.98,2.5,0.0018255785456678844
0,-0.5800000000000001,1.0,2.5,0.0
0,-0.56,-1.0,2.5,0.0
0,-0.56,-0.98,2.5,0.0020036638529522836
0,-0.56,-0.96,2.5,0.004074163448140857
0,-0.56,-0.94,2.5,0.006278189758374599
0,-0.56,-0.92,2.5,0.00868209768653279
0,-0.56,-0.9,2.5,0.011351624852349605
0,-0.56,-0.88,2.5,0.01435148325460001
0,-0.56,-0.86,2.5,0.017744795526819842
0,-0.56,-0.84,2.5,0.021592358801725334
0,-0.56,-0.8200000000000001,2.5,0.025951732336872698
0,-0.56,-0.8,2.5,0.03087615937672294
0,-0.56,-0.78,2.5,0.036413348464130066
0,-0.56,-0.76,2.5,0.0426041537071274
0,-0.56,-0.74,2.5,0.049481206441819824
0,-0.56,-0.72,2.5,0.05706756139371834
0,-0.56,-0.7,2.5,0.06537542797065381
0,-0.56,-0.6799999999999999,2.5,0.07440506098848726
0,-0.56,-0.6599999999999999,2.5,0.08414388439734528
0,-0.56,-0.64,2.5,0.09456591615681793
0,-0.56,-0.62,2.5,0.1056315523215563
0,-0.56,-0.6,2.5,0.1172877539915807
0,-0.56,-0.5800000000000001,2.5,0.12946866273258467
0,-0.56,-0.56,2.5,0.14209664936172822
0,-0.56,-0.54,2.5,0.1550837788510209
0,-0.56,-0.52,2.5,0.16833365191388433
0,-0.56,-0.5,2.5,0.18174356306225936
0,-0.56,-0.48,2.5,0.1952068969507761
0,-0.56,-0.45999999999999996,2.5,0.2086156708943704
0,-0.56,-0.43999999999999995,2.5,0.22186312252111395
0,-0.56,-0.42000000000000004,2.5,0.23484623821777417
0,-0.56,-0.4,2.5,0.2474681205546501
0,-0.56,-0.38,2.5,0.2596401010328068
0,-0.56,-0.36,2.5,0.27128351767675396
0,-0.56,-0.33999999999999997,2.5,0.2823310942514217
0,-0.56,-0.31999999999999995,2.5,0.29272787800781214
0,-0.56,-0.29999999999999993,2.5,0.3024317144972529
0,-0.56,-0.28,2.5,0.3114132597418714
0,-0.56,-0.26,2.5,0.3196555505864585
0,-0.56,-0.24,2.5,0.3271531722393815
0,-0.56,-0.21999999999999997,2.5,0.3339110769500175
0,-0.56,-0.19999999999999996,2.5,0.3399431188891026
0,-0.56,-0.17999999999999994,2.5,0.34527037734789023
0,-0.56,-0.16000000000000003,2.5,0.3499193434220936
0,-0.56,-0.14,2.5,0.35392004474607347
0,-0.56,-0.12,2.5,0.3573041791570548
0,-0.56,-0.09999999999999998,2.5,0.3601033221032052
0,-0.56,-0.07999999999999996,2.5,0.36234726492425545
0,-0.56,-0.05999999999999994,2.5,0.36406253256557974
0,-0.56,-0.040000000000000036,2.5,0.3652711204780847
0,-0.56,-0.020000000000000018,2.5,0.3659894819005913
0,-0.56,0.0,2.5,0.3662277887319399
0,-0.56,0.020000000000000018,2.5,0.3659894819005913
0,-0.56,0.040000000000000036,2.5,0.3652711204780847
0,-0.56,0.06000000000000005,2.5,0.36406253256557974
0,-0.56,0.08000000000000007,2.5,0.36234726492425545
0,-0.56,0.10000000000000009,2.5,0.3601033221032052
0,-0.56,0.1200000000000001,2.5,0.3573041791570548
0,-0.56,0.14000000000000012,2.5,0.35392004474607347
0,-0.56,0.15999999999999992,2.5,0.3499193434220936
0,-0.56,0.17999999999999994,2.5,0.34527037734789023
0,-0.56,0.19999999999999996,2.5,0.3399431188891026
0,-0.56,0.21999999999999997,2.5,0.3339110769500175
0,-0.56,0.24,2.5,0.3271531722393815
0,-0.56,0.26,2.5,0.3196555505864585
0,-0.56,0.28,2.5,0.3114132597418714
0,-0.56,0.30000000000000004,2.5,0.3024317144972529
0,-0.56,0.32000000000000006,2.5,0.29272787800781214
0,-0.56,0.3400000000000001,2.5,0.2823310942514217
0,-0.56,0.3600000000000001,2.5,0.2712835176767539
0,-0.56,0.3800000000000001,2.5,0.2596401010328068
0,-0.56,0.40000000000000013,2.5,0.24746812055465006
0,-0.56,0.41999999999999993,2.5,0.23484623821777417
0,-0.56,0.43999999999999995,2.5,0.22186312252111395
0,-0.56,0.45999999999999996,2.5,0.2086156708943704
0,-0.56,0.48,2.5,0.1952068969507761
0,-0.56,0.5,2.5,0.18174356306225936
0,-0.56,0.52,2.5,0.16833365191388433
0,-0.56,0.54,2.5,0.1550837788510209
0,-0.56,0.56,2.5,0.14209664936172822
0,-0.56,0.5800000000000001,2.5,0.12946866273258467
0,-0.56,0.6000000000000001,2.5,0.1172877539915807
0,-0.56,0.6200000000000001,2.5,0.10563155232155631
0,-0.56,0.6400000000000001,2.5,0.09456591615681795
0,-0.56,0.6600000000000001,2.5,0.08414388439734528
0,-0.56,0.6799999999999999,2.5,0.07440506098848726
0,-0.56,0.7,2.5,0.06537542797065381
0,-0.56,0.72,2.5,0.05706756139371834
0,-0.56,0.74,2.5,0.049481206441819824
0,-0.56,0.76,2.5,0.0426041537071274
0,-0.56,0.78,2.5,0.036413348464130066
0,-0.56,0.8,2.5,0.03087615937672294
0,-0.56,0.8200000000000001,2.5,0.025951732336872698
0,-0.56,0.8400000000000001,2.5,0.021592358801725334
0,-0.56,0.8600000000000001,2.5,0.017744795526819845
0,-0.56,0.8800000000000001,2.5,0.014351483254600013
0,-0.56,0.9000000000000001,2.5,0.011351624852349607
0,-0.56,0.9199999999999999,2.5,0.008682097686532792
0,-0.56,0.94,2.5,0.0062781897583746
0,-0.56,0.96,2.5,0.004074163448140858
0,-0.56,0.98,2.5,0.002003663852952284
0,-0.56,1.0,2.5,0.0
0,-0.54,-1.0,2.5,0.0
0,-0.54,-0.98,2.5,0.0021868150279745154
0,-0.54,-0.96,2.5,0.00444657422897894
0,-0.54,-0.94,2.5,0.006852063757707768
0,-0.54,-0.92,2.5,0.00947570294957295
0,-0.54,-0.9,2.5,0.012389237391764823
0,-0.54,-0.88,2.5,0.015663293254483335
0,-0.54,-0.86,2.5,0.01936676201653422
0,-0.54,-0.84,2.5,0.023565997048815474
0,-0.54,-0.8200000000000001,2.5,0.028323817857043427
0,-0.54,-0.8,2.5,0.03369833341642408
0,-0.54,-0.78,2.5,0.03974161211547523
0,-0.54,-0.76,2.5,0.04649824142501849
0,-0.54,-0.74,2.5,0.05400383452514123
0,-0.54,-0.72,2.5,0.06228355275854695
0,-0.54,-0.7,2.5,0.07135072099751805
0,-0.54,-0.6799999999999999,2.5,0.08120561701483625
0,-0.54,-0.6599999999999999,2.5,0.0918345151483724
0,-0.54,-0.64,2.5,0.10320905863447406
0,-0.54,-0.62,2.5,0.1152860239765044
0,-0.54,-0.6,2.5,0.1280075249912706
0,-0.54,-0.5800000000000001,2.5,0.1413016844778258
0,-0.54,-0.56,2.5,0.1550837788510209
0,-0.54,-0.54,2.5,0.1692578369155107
0,-0.54,-0.52,2.5,0.18371864974220956
0,-0.54,-0.5,2.5,0.19835412593246218
0,-0.54,-0.48,2.5,0.21304790694236234
0,-0.54,-0.45999999999999996,2.5,0.22768214193672875
0,-0.54,-0.43999999999999995,2.5,0.24214031190219956
0,-0.54,-0.42000000000000004,2.5,0.25630998914273484
0,-0.54,-0.4,2.5,0.2700854210409194
0,-0.54,-0.38,2.5,0.2833698358702747
0,-0.54,-0.36,2.5,0.29607738282793616
0,-0.54,-0.33999999999999997,2.5,0.3081346372895142
0,-0.54,-0.31999999999999995,2.5,0.3194816242523388
0,-0.54,-0.29999999999999993,2.5,0.3300723365457066
0,-0.54,-0.28,2.5,0.3398747481215721
0,-0.54,-0.26,2.5,0.34887034515329485
0,-0.54,-0.24,2.5,0.3570532175139861
0,-0.54,-0.21999999999999997,2.5,0.3644287695110439
0,-0.54,-0.19999999999999996,2.5,0.37101212088849933
0,-0.54,-0.17999999999999994,2.5,0.3768262768026218
0,-0.54,-0.16000000000000003,2.5,0.3819001488052031
0,-0.54,-0.14,2.5,0.38626650821376357
0,-0.54,-0.12,2.5,0.38995994922565275
0,-0.54,-0.09999999999999998,2.5,0.3930149325129521
0,-0.54,-0.07999999999999996,2.5,0.3954639716478383
0,-0.54,-0.05999999999999994,2.5,0.39733601535747454
0,-0.54,-0.040000000000000036,2.5,0.3986550689940627
0,-0.54,-0.020000000000000018,2.5,0.39943908926819516
0,-0.54,0.0,2.5,0.3996991775740283
0,-0.54,0.020000000000000018,2.5,0.39943908926819516
0,-0.54,0.040000000000000036,2.5,0.3986550689940627
0,-0.54,0.06000000000000005,2.5,0.39733601535747454
0,-0.54,0.08000000000000007,2.5,0.3954639716478383
0,-0.54,0.10000000000000009,2.5,0.3930149325129521
0,-0.54,0.1200000000000001,2.5,0.38995994922565275
0,-0.54,0.14000000000000012,2.5,0.38626650821376357
0,-0.54,0.15999999999999992,2.5,0.3819001488052031
0,-0.54,0.17999999999999994,2.5,0.3768262768026218
0,-0.54,0.19999999999999996,2.5,0.37101212088849933
0,-0.54,0.21999999999999997,2.5,0.3644287695110439
0,-0.54,0.24,2.5,0.3570532175139861
0,-0.54,0.26,2.5,0.34887034515329485
0,-0.54,0.28,2.5,0.3398747481215721
0,-0.54,0.30000000000000004,2.5,0.3300723365457066
0,-0.54,0.32000000000000006,2.5,0.3194816242523388
0,-0.54,0.3400000000000001,2.5,0.3081346372895142
0,-0.54,0.3600000000000001,2.5,0.2960773828279361
0,-0.54,0.3800000000000001,2.5,0.2833698358702747
0,-0.54,0.40000000000000013,2.5,0.2700854210409194
0,-0.54,0.41999999999999993,2.5,0.25630998914273484
0,-0.54,0.43999999999999995,2.5,0.24214031190219953
0,-0.54,0.45999999999999996,2.5,0.22768214193672875
0,-0.54,0.48,2.5,0.21304790694236234
0,-0.54,0.5,2.5,0.19835412593246218
0,-0.54,0.52,2.5,0.18371864974220956
0,-0.54,0.54,2.5,0.1692578369155107
0,-0.54,0.56,2.5,0.1550837788510209
0,-0.54,0.5800000000000001,2.5,0.1413016844778258
0,-0.54,0.6000000000000001,2.5,0.1280075249912706
0,-0.54,0.6200000000000001,2.5,0.1152860239765044
0,-0.54,0.6400000000000001,2.5,0.10320905863447406
0,-0.54,0.6600000000000001,2.5,0.0918345151483724
0,-0.54,0.6799999999999999,2.5,0.08120561701483625
0,-0.54,0.7,2.5,0.07135072099751805
0,-0.54,0.72,2.5,0.062283552758546946
0,-0.54,0.74,2.5,0.05400383452514123
0,-0.54,0.76,2.5,0.04649824142501849
0,-0.54,0.78,2.5,0.03974161211547523
0,-0.54,0.8,2.5,0.03369833341642408
0,-0.54,0.8200000000000001,2.5,0.028323817857043427
0,-0.54,0.8400000000000001,2.5,0.023565997048815474
0,-0.54,0.8600000000000001,2.5,0.019366762016534225
0,-0.54,0.8800000000000001,2.5,0.01566329325448334
0,-0.54,0.9000000000000001,2.5,0.012389237391764823
0,-0.54,0.9199999999999999,2.5,0.00947570294957295
0,-0.54,0.94,2.5,0.006852063757707769
0,-0.54,0.96,2.5,0.004446574228978941
0,-0.54,0.98,2.5,0.002186815027974516
0,-0.54,1.0,2.5,0.0
0,-0.52,-1.0,2.5,0.0
0,-0.52,-0.98,2.5,0.0023736723371027882
0,-0.52,-0.96,2.5,0.004826520854132796
0,-0.52,-0.94,2.5,0.007437550195144553
0,-0.52,-0.92,2.5,0.010285366812327076
0,-0.52,-0.9,2.5,0.013447845800618356
0,-0.52,-0.88,2.5,0.017001647142388582
0,-0.52,-0.86,2.5,0.021021547860203986
0,-0.52,-0.84,2.5,0.025579569958189354
0,-0.52,-0.8200000000000001,2.5,0.030743899595057748
0,-0.52,-0.8,2.5,0.03657760989843019
0,-0.52,-0.78,2.5,0.0431372172884483
0,-0.52,-0.76,2.5,0.05047111810986177
0,-0.52,-0.74,2.5,0.058617967694298875
0,-0.52,-0.72,2.5,0.0676050766038334
0,-0.52,-0.7,2.5,0.07744690772768005
0,-0.52,-0.6799999999999999,2.5,0.08814376224878409
0,-0.52,-0.6599999999999999,2.5,0.09968074162793152
0,-0.52,-0.64,2.5,0.1120270663331088
0,-0.52,-0.62,2.5,0.12513582009265103
0,-0.52,-0.6,2.5,0.13894417138398352
0,-0.52,-0.5800000000000001,2.5,0.15337410248893252
0,-0.52,-0.56,2.5,0.16833365191388433
0,-0.52,-0.54,2.5,0.18371864974220956
0,-0.52,-0.52,2.5,0.19941489920446875
0,-0.52,-0.5,2.5,0.21530073313828893
0,-0.52,-0.48,2.5,0.23124985272178064
0,-0.52,-0.45999999999999996,2.5,0.24713433936291523
0,-0.52,-0.43999999999999995,2.5,0.26282772005531047
0,-0.52,-0.42000000000000004,2.5,0.27820796259668457
0,-0.52,-0.4,2.5,0.29316028006207034
0,-0.52,-0.38,2.5,0.30757963358602164
0,-0.52,-0.36,2.5,0.32137283812076256
0,-0.52,-0.33999999999999997,2.5,0.33446019627821855
0,-0.52,-0.31999999999999995,2.5,0.34677660920430403
0,-0.52,-0.29999999999999993,2.5,0.3582721390630978
0,-0.52,-0.28,2.5,0.3689120234706838
0,-0.52,-0.26,2.5,0.37867616654715586
0,-0.52,-0.24,2.5,0.3875581527942907
0,-0.52,-0.21999999999999997,2.5,0.3955638477042521
0,-0.52,-0.19999999999999996,2.5,0.40270966217640647
0,-0.52,-0.17999999999999994,2.5,0.4090205661705111
0,-0.52,-0.16000000000000003,2.5,0.4145279406380521
0,-0.52,-0.14,2.5,0.41926735606255516
0,-0.52,-0.12,2.5,0.4232763615740459
0,-0.52,-0.09999999999999998,2.5,0.42659236141745066
0,-0.52,-0.07999999999999996,2.5,0.4292506464511793
0,-0.52,-0.05999999999999994,2.5,0.43128263820289947
0,-0.52,-0.040000000000000036,2.5,0.43271439257492195
0,-0.52,-0.020000000000000018,2.5,0.43356540015648526
0,-0.52,0.0,2.5,0.4338477106356775
0,-0.52,0.020000000000000018,2.5,0.43356540015648526
0,-0.52,0.040000000000000036,2.5,0.43271439257492195
0,-0.52,0.06000000000000005,2.5,0.43128263820289947
0,-0.52,0.08000000000000007,2.5,0.4292506464511793
0,-0.52,0.10000000000000009,2.5,0.42659236141745066
0,-0.52,0.1200000000000001,2.5,0.4232763615740459
0,-0.52,0.14000000000000012,2.5,0.41926735606255516
0,-0.52,0.15999999999999992,2.5,0.4145279406380521
0,-0.52,0.17999999999999994,2.5,0.4090205661705111
0,-0.52,0.19999999999999996,2.5,0.40270966217640647
0,-0.52,0.21999999999999997,2.5,0.3955638477042521
0,-0.52,0.24,2.5,0.3875581527942907
0,-0.52,0.26,2.5,0.37867616654715586
0,-0.52,0.28,2.5,0.3689120234706838
0,-0.52,0.30000000000000004,2.5,0.3582721390630978
0,-0.52,0.32000000000000006,2.5,0.34677660920430403
0,-0.52,0.3400000000000001,2.5,0.33446019627821855
0,-0.52,0.3600000000000001,2.5,0.32137283812076256
0,-0.52,0.3800000000000001,2.5,0.30757963358602164
0,-0.52,0.40000000000000013,2.5,0.29316028006207034
0,-0.52,0.41999999999999993,2.5,0.27820796259668457
0,-0.52,0.43999999999999995,2.5,0.26282772005531047
0,-0.52,0.45999999999999996,2.5,0.24713433936291523
0,-0.52,0.48,2.5,0.23124985272178064
0,-0.52,0.5,2.5,0.21530073313828893
0,-0.52,0.52,2.5,0.19941489920446875
0,-0.52,0.54,2.5,0.18371864974220956
0,-0.52,0.56,2.5,0.16833365191388433
0,-0.52,0.5800000000000001,2.5,0.15337410248893252
0,-0.52,0.6000000000000001,2.5,0.13894417138398352
0,-0.52,0.6200000000000001,2.5,0.12513582009265103
0,-0.52,0.6400000000000001,2.5,0.1120270663331088
0,-0.52,0.6600000000000001,2.5,0.09968074162793152
0,-0.52,0.6799999999999999,2.5,0.08814376224878409
0,-0.52,0.7,2.5,0.07744690772768005
0,-0.52,0.72,2.5,0.0676050766038334
0,-0.52,0.74,2.5,0.058617967694298875
0,-0.52,0.76,2.5,0.05047111810986177
0,-0.52,0.78,2.5,0.0431372172884483
0,-0.52,0.8,2.5,0.03657760989843019
0,-0.52,0.8200000000000001,2.5,0.030743899595057748
0,-0.52,0.8400000000000001,2.5,0.025579569958189354
0,-0.52,0.8600000000000001,2.5,0.021021547860203986
0,-0.52,0.8800000000000001,2.5,0.017001647142388582
0,-0.52,0.9000000000000001,2.5,0.013447845800618356
0,-0.52,0.9199999999999999,2.5,0.010285366812327076
0,-0.52,0.94,2.5,0.0074375501951445535
0,-0.52,0.96,2.5,0.0048265208541327966
0,-0.52,0.98,2.5,0.0023736723371027887
0,-0.52,1.0,2.5,0.0
0,-0.5,-1.0,2.5,0.0
0,-0.5,-0.98,2.5,0.0025627870787153406
0,-0.5,-0.96,2.5,0.005211057614855275
0,-0.5,-0.94,2.5,0.008030109848802026
0,-0.5,-0.92,2.5,0.011104812076859668
0,-0.5,-0.9,2.5,0.014519242932240578
0,-0.5,-0.88,2.5,0.01835616908296046
0,-0.5,-0.86,2.5,0.0226963241766491
0,-0.5,-0.84,2.5,0.027617467310682188
0,-0.5,-0.8200000000000001,2.5,0.03319321610810365
0,-0.5,-0.8,2.5,0.03949166779768116
0,-0.5,-0.78,2.5,0.04657384054528532
0,-0.5,-0.76,2.5,0.05449198556341265
0,-0.5,-0.74,2.5,0.06328783706850044
0,-0.5,-0.72,2.5,0.0729908807908699
0,-0.5,-0.7,2.5,0.08361673137323779
0,-0.5,-0.6799999999999999,2.5,0.09516571368460815
0,-0.5,-0.6599999999999999,2.5,0.10762174213787874
0,-0.5,-0.64,2.5,0.1209515851681849
0,-0.5,-0.62,2.5,0.13510458912803924
0,-0.5,-0.6,2.5,0.15001291742926065
0,-0.5,-0.5800000000000001,2.5,0.1655923376779591
0,-0.5,-0.56,2.5,0.18174356306225936
0,-0.5,-0.54,2.5,0.19835412593246218
0,-0.5,-0.52,2.5,0.21530073313828893
0,-0.5,-0.5,2.5,0.23245202611394372
0,-0.5,-0.48,2.5,0.24967164571829825
0,-0.5,-0.45999999999999996,2.5,0.26682148402185296
0,-0.5,-0.43999999999999995,2.5,0.28376499381818593
0,-0.5,-0.42000000000000004,2.5,0.3003704224116821
0,-0.5,-0.4,2.5,0.3165138394677398
0,-0.5,-0.38,2.5,0.33208183914329287
0,-0.5,-0.36,2.5,0.3469738135716106
0,-0.5,-0.33999999999999997,2.5,0.3611037168442688
0,-0.5,-0.31999999999999995,2.5,0.37440126437232707
0,-0.5,-0.29999999999999993,2.5,0.3868125401791878
0,-0.5,-0.28,2.5,0.39830001249155333
0,-0.5,-0.26,2.5,0.4088419842613016
0,-0.5,-0.24,2.5,0.41843152850562715
0,-0.5,-0.21999999999999997,2.5,0.42707497746029477
0,-0.5,-0.19999999999999996,2.5,0.43479004876177685
0,-0.5,-0.17999999999999994,2.5,0.44160370089051126
0,-0.5,-0.16000000000000003,2.5,0.44754981400902394
0,-0.5,-0.14,2.5,0.4526667915612621
0,-0.5,-0.12,2.5,0.456995173286308
0,-0.5,-0.09999999999999998,2.5,0.46057534254213217
0,-0.5,-0.07999999999999996,2.5,0.4634454010065301
0,-0.5,-0.05999999999999994,2.5,0.4656392728648869
0,-0.5,-0.040000000000000036,2.5,0.46718508932875097
0,-0.5,-0.020000000000000018,2.5,0.4681038933867893
0,-0.5,0.0,2.5,0.4684086944712326
0,-0.5,0.020000000000000018,2.5,0.4681038933867893
0,-0.5,0.040000000000000036,2.5,0.46718508932875097
0,-0.5,0.06000000000000005,2.5,0.4656392728648869
0,-0.5,0.08000000000000007,2.5,0.4634454010065301
0,-0.5,0.10000000000000009,2.5,0.46057534254213217
0,-0.5,0.1200000000000001,2.5,0.456995173286308
0,-0.5,0.14000000000000012,2.5,0.4526667915612621
0,-0.5,0.15999999999999992,2.5,0.44754981400902394
0,-0.5,0.17999999999999994,2.5,0.44160370089051126
0,-0.5,0.19999999999999996,2.5,0.43479004876177685
0,-0.5,0.21999999999999997,2.5,0.42707497746029477
0,-0.5,0.24,2.5,0.41843152850562715
0,-0.5,0.26,2.5,0.4088419842613016
0,-0.5,0.28,2.5,0.3983000124915533
0,-0.5,0.30000000000000004,2.5,0.3868125401791878
0,-0.5,0.32000000000000006,2.5,0.374401264372327
0,-0.5,0.3400000000000001,2.5,0.3611037168442688
0,-0.5,0.3600000000000001,2.5,0.3469738135716106
0,-0.5,0.3800000000000001,2.5,0.33208183914329287
0,-0.5,0.40000000000000013,2.5,0.3165138394677398
0,-0.5,0.41999999999999993,2.5,0.3003704224116821
0,-0.5,0.43999999999999995,2.5,0.28376499381818593
0,-0.5,0.45999999999999996,2.5,0.26682148402185296
0,-0.5,0.48,2.5,0.24967164571829822
0,-0.5,0.5,2.5,0.2324520261139437
0,-0.5,0.52,2.5,0.21530073313828893
0,-0.5,0.54,2.5,0.19835412593246218
0,-0.5,0.56,2.5,0.18174356306225936
0,-0.5,0.5800000000000001,2.5,0.1655923376779591
0,-0.5,0.6000000000000001,2.5,0.15001291742926065
0,-0.5,0.6200000000000001,2.5,0.13510458912803924
0,-0.5,0.6400000000000001,2.5,0.1209515851681849
0,-0.5,0.6600000000000001,2.5,0.10762174213787874
0,-0.5,0.6799999999999999,2.5,0.09516571368460815
0,-0.5,0.7,2.5,0.08361673137323779
0,-0.5,0.72,2.5,0.0729908807908699
0,-0.5,0.74,2.5,0.06328783706850044
0,-0.5,0.76,2.5,0.05449198556341265
0,-0.5,0.78,2.5,0.04657384054528532
0,-0.5,0.8,2.5,0.03949166779768116
0,-0.5,0.8200000000000001,2.5,0.03319321610810365
0,-0.5,0.8400000000000001,2.5,0.027617467310682188
0,-0.5,0.8600000000000001,2.5,0.0226963241766491
0,-0.5,0.8800000000000001,2.5,0.018356169082960463
0,-0.5,0.9000000000000001,2.5,0.014519242932240578
0,-0.5,0.9199999999999999,2.5,0.011104812076859668
0,-0.5,0.94,2.5,0.008030109848802026
0,-0.5,0.96,2.5,0.005211057614855276
0,-0.5,0.98,2.5,0.002562787078715341
0,-0.5,1.0,2.5,0.0
0,-0.48,-1.0,2.5,0.0
0,-0.48,-0.98,2.5,0.002752655391144991
0,-0.48,-0.96,2.5,0.005597126643434668
0,-0.48,-0.94,2.5,0.008625030665170652
0,-0.48,-0.92,2.5,0.011927522541622377
0,-0.48,-0.9,2.5,0.01559490915649952
0,-0.48,-0.88,2.5,0.019716088189419903
0,-0.48,-0.86,2.5,0.02437777364075299
0,-0.48,-0.84,2.5,0.02966348455375426
0,-0.48,-0.8200000000000001,2.5,0.035652291650419644
0,-0.48,-0.8,2.5,0.042417336272062685
0,-0.48,-0.78,2.5,0.050024156260468966
0,-0.48,-0.76,2.5,0.05852887304893269
0,-0.48,-0.74,2.5,0.06797631200046832
0,-0.48,-0.72,2.5,0.07839814267546616
0,-0.48,-0.7,2.5,0.08981113605537822
0,-0.48,-0.6799999999999999,2.5,0.1022156407872044
0,-0.48,-0.6599999999999999,2.5,0.1155943795054614
0,-0.48,-0.64,2.5,0.12991165884354833
0,-0.48,-0.62,2.5,0.14511307288989772
0,-0.48,-0.6,2.5,0.16112576005348767
0,-0.48,-0.5800000000000001,2.5,0.17785924850989096
0,-0.48,-0.56,2.5,0.1952068969507761
0,-0.48,-0.54,2.5,0.21304790694236234
0,-0.48,-0.52,2.5,0.23124985272178064
0,-0.48,-0.5,2.5,0.24967164571829825
0,-0.48,-0.48,2.5,0.26816682640076955
0,-0.48,-0.45999999999999996,2.5,0.2865870569175931
0,-0.48,-0.43999999999999995,2.5,0.30478567573619275
0,-0.48,-0.42000000000000004,2.5,0.3226211709501385
0,-0.48,-0.4,2.5,0.33996043239596696
0,-0.48,-0.38,2.5,0.3566816539259507
0,-0.48,-0.36,2.5,0.372676775287554
0,-0.48,-0.33999999999999997,2.5,0.38785337676367054
0,-0.48,-0.31999999999999995,2.5,0.40213596737314233
0,-0.48,-0.29999999999999993,2.5,0.41546663715080573
0,-0.48,-0.28,2.5,0.42780507390023664
0,-0.48,-0.26,2.5,0.439127973024141
0,-0.48,-0.24,2.5,0.4494278940142377
0,-0.48,-0.21999999999999997,2.5,0.4587116377052336
0,-0.48,-0.19999999999999996,2.5,0.46699823367178633
0,-0.48,-0.17999999999999994,2.5,0.474316636831774
0,-0.48,-0.16000000000000003,2.5,0.48070323650981256
0,-0.48,-0.14,2.5,0.48619928039092003
0,-0.48,-0.12,2.5,0.49084831073212276
0,-0.48,-0.09999999999999998,2.5,0.49469370186788597
0,-0.48,-0.07999999999999996,2.5,0.4977763774888975
0,-0.48,-0.05999999999999994,2.5,0.5001327744047339
0,-0.48,-0.040000000000000036,2.5,0.5017931074008968
0,-0.48,-0.020000000000000018,2.5,0.5027799780478113
0,-0.48,0.0,2.5,0.5031073593439892
0,-0.48,0.020000000000000018,2.5,0.5027799780478113
0,-0.48,0.040000000000000036,2.5,0.5017931074008968
0,-0.48,0.06000000000000005,2.5,0.5001327744047339
0,-0.48,0.08000000000000007,2.5,0.4977763774888975
0,-0.48,0.10000000000000009,2.5,0.49469370186788597
0,-0.48,0.1200000000000001,2.5,0.49084831073212276
0,-0.48,0.14000000000000012,2.5,0.48619928039092003
0,-0.48,0.15999999999999992,2.5,0.48070323650981256
0,-0.48,0.17999999999999994,2.5,0.474316636831774
0,-0.48,0.19999999999999996,2.5,0.4669982336717863
0,-0.48,0.21999999999999997,2.5,0.4587116377052336
0,-0.48,0.24,2.5,0.4494278940142377
0,-0.48,0.26,2.5,0.439127973024141
0,-0.48,0.28,2.5,0.4278050739002366
0,-0.48,0.30000000000000004,2.5,0.4154666371508056
0,-0.48,0.32000000000000006,2.5,0.4021359673731423
0,-0.48,0.3400000000000001,2.5,0.3878533767636705
0,-0.48,0.3600000000000001,2.5,0.372676775287554
0,-0.48,0.3800000000000001,2.5,0.3566816539259507
0,-0.48,0.40000000000000013,2.5,0.33996043239596696
0,-0.48,0.41999999999999993,2.5,0.3226211709501385
0,-0.48,0.43999999999999995,2.5,0.30478567573619275
0,-0.48,0.45999999999999996,2.5,0.2865870569175931
0,-0.48,0.48,2.5,0.26816682640076955
0,-0.48,0.5,2.5,0.24967164571829822
0,-0.48,0.52,2.5,0.23124985272178064
0,-0.48,0.54,2.5,0.21304790694236234
0,-0.48,0.56,2.5,0.1952068969507761
0,-0.48,0.5800000000000001,2.5,0.17785924850989096
0,-0.48,0.6000000000000001,2.5,0.16112576005348767
0,-0.48,0.6200000000000001,2.5,0.14511307288989772
0,-0.48,0.6400000000000001,2.5,0.12991165884354833
0,-0.48,0.6600000000000001,2.5,0.1155943795054614
0,-0.48,0.6799999999999999,2.5,0.1022156407872044
0,-0.48,0.7,2.5,0.08981113605537822
0,-0.48,0.72,2.5,0.07839814267546616
0,-0.48,0.74,2.5,0.06797631200046832
0,-0.48,0.76,2.5,0.05852887304893269
0,-0.48,0.78,2.5,0.05002415626046897
0,-0.48,0.8,2.5,0.042417336272062685
0,-0.48,0.8200000000000001,2.5,0.03565229165041965
0,-0.48,0.8400000000000001,2.5,0.029663484553754265
0,-0.48,0.8600000000000001,2.5,0.02437777364075299
0,-0.48,0.8800000000000001,2.5,0.019716088189419907
0,-0.48,0.9000000000000001,2.5,0.015594909156499522
0,-0.48,0.9199999999999999,2.5,0.011927522541622377
0,-0.48,0.94,2.5,0.008625030665170652
0,-0.48,0.96,2.5,0.005597126643434669
0,-0.48,0.98,2.5,0.0027526553911449915
0,-0.48,1.0,2.5,0.0
0,-0.45999999999999996,-1.0,2.5,0.0
0,-0.45999999999999996,-0.98,2.5,0.002941754123457316
0,-0.45999999999999996,-0.96,2.5,0.005981630850535699
0,-0.45999999999999996,-0.94,2.5,0.009217540151982534
0,-0.45999999999999996,-0.92,2.5,0.012746898425952268
0,-0.45999999999999996,-0.9,2.5,0.01666621556808591
0,-0.45999999999999996,-0.88,2.5,0.021070495425447155
0,-0.45999999999999996,-0.86,2.5,0.02605240811791784
0,-0.45999999999999996,-0.84,2.5,0.031701209294992136
0,-0.45999999999999996,-0.8200000000000001,2.5,0.038101400681830676
0,-0.45999999999999996,-0.8,2.5,0.045331147294213815
0,-0.45999999999999996,-0.78,2.5,0.05346048833723389
0,-0.45999999999999996,-0.76,2.5,0.06254939978435242
0,-0.45999999999999996,-0.74,2.5,0.07264578562163557
0,-0.45999999999999996,-0.72,2.5,0.08378349039265184
0,-0.45999999999999996,-0.7,2.5,0.0959804367341604
0,-0.45999999999999996,-0.6799999999999999,2.5,0.10923699697680957
0,-0.45999999999999996,-0.6599999999999999,2.5,0.12353470680764411
0,-0.45999999999999996,-0.64,2.5,0.13883542103508323
0,-0.45999999999999996,-0.62,2.5,0.15508099668881
0,-0.45999999999999996,-0.6,2.5,0.17219356753698478
0,-0.45999999999999996,-0.5800000000000001,2.5,0.19007644760704556
0,-0.45999999999999996,-0.56,2.5,0.2086156708943704
0,-0.45999999999999996,-0.54,2.5,0.22768214193672875
0,-0.45999999999999996,-0.52,2.5,0.24713433936291523
0,-0.45999999999999996,-0.5,2.5,0.26682148402185296
0,-0.45999999999999996,-0.48,2.5,0.2865870569175931
0,-0.45999999999999996,-0.45999999999999996,2.5,0.30627253172646235
0,-0.45999999999999996,-0.43999999999999995,2.5,0.325721173571452
0,-0.45999999999999996,-0.42000000000000004,2.5,0.34478175087833146
0,-0.45999999999999996,-0.4,2.5,0.3633120108504733
0,-0.45999999999999996,-0.38,2.5,0.3811817810729943
0,-0.45999999999999996,-0.36,2.5,0.39827557910460526
0,-0.45999999999999996,-0.33999999999999997,2.5,0.414494637246733
0,-0.45999999999999996,-0.31999999999999995,2.5,0.4297582792234132
0,-0.45999999999999996,-0.29999999999999993,2.5,0.44400461726621904
0,-0.45999999999999996,-0.28,2.5,0.45719057002403507
0,-0.45999999999999996,-0.26,2.5,0.4692912318667744
0,-0.45999999999999996,-0.24,2.5,0.48029865084441387
0,-0.45999999999999996,-0.21999999999999997,2.5,0.49022009449500403
0,-0.45999999999999996,-0.19999999999999996,2.5,0.49907589901870825
0,-0.45999999999999996,-0.17999999999999994,2.5,0.5068970076845979
0,-0.45999999999999996,-0.16000000000000003,2.5,0.5137223088154987
0,-0.45999999999999996,-0.14,2.5,0.5195958828157158
0,-0.45999999999999996,-0.12,2.5,0.5245642622968619
0,-0.45999999999999996,-0.09999999999999998,2.5,0.5286738004530108
0,-0.45999999999999996,-0.07999999999999996,2.5,0.5319682315551557
0,-0.45999999999999996,-0.05999999999999994,2.5,0.5344864948577487
0,-0.45999999999999996,-0.040000000000000036,2.5,0.5362608802790467
0,-0.45999999999999996,-0.020000000000000018,2.5,0.5373155416568974
0,-0.45999999999999996,0.0,2.5,0.5376654116523483
0,-0.45999999999999996,0.020000000000000018,2.5,0.5373155416568974
0,-0.45999999999999996,0.040000000000000036,2.5,0.5362608802790467
0,-0.45999999999999996,0.06000000000000005,2.5,0.5344864948577487
0,-0.45999999999999996,0.08000000000000007,2.5,0.5319682315551557
0,-0.45999999999999996,0.10000000000000009,2.5,0.5286738004530108
0,-0.45999999999999996,0.1200000000000001,2.5,0.5245642622968619
0,-0.45999999999999996,0.14000000000000012,2.5,0.5195958828157158
0,-0.45999999999999996,0.15999999999999992,2.5,0.5137223088154987
0,-0.45999999999999996,0.17999999999999994,2.5,0.5068970076845979
0,-0.45999999999999996,0.19999999999999996,2.5,0.4990758990187082
0,-0.45999999999999996,0.21999999999999997,2.5,0.4902200944950039
0,-0.45999999999999996,0.24,2.5,0.48029865084441387
0,-0.45999999999999996,0.26,2.5,0.4692912318667744
0,-0.45999999999999996,0.28,2.5,0.45719057002403507
0,-0.45999999999999996,0.30000000000000004,2.5,0.444004617266219
0,-0.45999999999999996,0.32000000000000006,2.5,0.42975827922341314
0,-0.45999999999999996,0.3400000000000001,2.5,0.41449463724673297
0,-0.45999999999999996,0.3600000000000001,2.5,0.39827557910460526
0,-0.45999999999999996,0.3800000000000001,2.5,0.3811817810729942
0,-0.45999999999999996,0.40000000000000013,2.5,0.3633120108504733
0,-0.45999999999999996,0.41999999999999993,2.5,0.34478175087833146
0,-0.45999999999999996,0.43999999999999995,2.5,0.325721173571452
0,-0.45999999999999996,0.45999999999999996,2.5,0.30627253172646235
0,-0.45999999999999996,0.48,2.5,0.2865870569175931
0,-0.45999999999999996,0.5,2.5,0.26682148402185296
0,-0.45999999999999996,0.52,2.5,0.24713433936291523
0,-0.45999999999999996,0.54,2.5,0.22768214193672875
0,-0.45999999999999996,0.56,2.5,0.2086156708943704
0,-0.45999999999999996,0.5800000000000001,2.5,0.19007644760704556
0,-0.45999999999999996,0.6000000000000001,2.5,0.17219356753698478
0,-0.45999999999999996,0.6200000000000001,2.5,0.15508099668881
0,-0.45999999999999996,0.6400000000000001,2.5,0.13883542103508323
0,-0.45999999999999996,0.6600000000000001,2.5,0.12353470680764411
0,-0.45999999999999996,0.6799999999999999,2.5,0.10923699697680957
0,-0.45999999999999996,0.7,2.5,0.0959804367341604
0,-0.45999999999999996,0.72,2.5,0.08378349039265184
0,-0.45999999999999996,0.74,2.5,0.07264578562163557
0,-0.45999999999999996,0.76,2.5,0.06254939978435242
0,-0.45999999999999996,0.78,2.5,0.05346048833723389
0,-0.45999999999999996,0.8,2.5,0.045331147294213815
0,-0.45999999999999996,0.8200000000000001,2.5,0.038101400681830676
0,-0.45999999999999996,0.8400000000000001,2.5,0.031701209294992136
0,-0.45999999999999996,0.8600000000000001,2.5,0.026052408117917845
0,-0.45999999999999996,0.8800000000000001,2.5,0.021070495425447158
0,-0.45999999999999996,0.9000000000000001,2.5,0.016666215568085913
0,-0.45999999999999996,0.9199999999999999,2.5,0.01274689842595227
0,-0.45999999999999996,0.94,2.5,0.009217540151982536
0,-0.45999999999999996,0.96,2.5,0.005981630850535701
0,-0.45999999999999996,0.98,2.5,0.0029417541234573164
0,-0.45999999999999996,1.0,2.5,0.0
0,-0.43999999999999995,-1.0,2.5,0.0
0,-0.43999999999999995,-0.98,2.5,0.0031285773432868386
0,-0.43999999999999995,-0.96,2.5,0.006361508157882966
0,-0.43999999999999995,-0.94,2.5,0.009802919767112752
0,-0.43999999999999995,-0.92,2.5,0.01355641455477259
0,-0.43999999999999995,-0.9,2.5,0.01772463080352366
0,-0.43999999999999995,-0.88,2.5,0.022408605069214292
0,-0.43999999999999995,-0.86,2.5,0.027706891939035885
0,-0.43999999999999995,-0.84,2.5,0.03371441465873569
0,-0.43999999999999995,-0.8200000000000001,2.5,0.04052104062453341
0,-0.43999999999999995,-0.8,2.5,0.048209898096119946
0,-0.43999999999999995,-0.78,2.5,0.0568554734959451
0,-0.43999999999999995,-0.76,2.5,0.0665215509739092
0,-0.43999999999999995,-0.74,2.5,0.07725907611028325
0,-0.43999999999999995,-0.72,2.5,0.08910404227395971
0,-0.43999999999999995,-0.7,2.5,0.10207550990956152
0,-0.43999999999999995,-0.6799999999999999,2.5,0.11617387475278058
0,-0.43999999999999995,-0.6599999999999999,2.5,0.13137949982740008
0,-0.43999999999999995,-0.64,2.5,0.14765181761609827
0,-0.43999999999999995,-0.62,2.5,0.16492899304866532
0,-0.43999999999999995,-0.6,2.5,0.18312821545836655
0,-0.43999999999999995,-0.5800000000000001,2.5,0.20214665947876753
0,-0.43999999999999995,-0.56,2.5,0.22186312252111395
0,-0.43999999999999995,-0.54,2.5,0.24214031190219956
0,-0.43999999999999995,-0.52,2.5,0.26282772005531047
0,-0.43999999999999995,-0.5,2.5,0.28376499381818593
0,-0.43999999999999995,-0.48,2.5,0.30478567573619275
0,-0.43999999999999995,-0.45999999999999996,2.5,0.325721173571452
0,-0.43999999999999995,-0.43999999999999995,2.5,0.34640480027572707
0,-0.43999999999999995,-0.42000000000000004,2.5,0.3666757215263043
0,-0.43999999999999995,-0.4,2.5,0.3863826518722998
0,-0.43999999999999995,-0.38,2.5,0.4053871532726157
0,-0.43999999999999995,-0.36,2.5,0.42356641038290926
0,-0.43999999999999995,-0.33999999999999997,2.5,0.4408153838883424
0,-0.43999999999999995,-0.31999999999999995,2.5,0.45704827459851516
0,-0.43999999999999995,-0.29999999999999993,2.5,0.4721992647982323
0,-0.43999999999999995,-0.28,2.5,0.48622253730023596
0,-0.43999999999999995,-0.26,2.5,0.4990916047095387
0,-0.43999999999999995,-0.24,2.5,0.5107980097960207
0,-0.43999999999999995,-0.21999999999999997,2.5,0.5213494811967976
0,-0.43999999999999995,-0.19999999999999996,2.5,0.5307676460297658
0,-0.43999999999999995,-0.17999999999999994,2.5,0.5390854120066242
0,-0.43999999999999995,-0.16000000000000003,2.5,0.5463441363967431
0,-0.43999999999999995,-0.14,2.5,0.5525906982570178
0,-0.43999999999999995,-0.12,2.5,0.5578745845899239
0,-0.43999999999999995,-0.09999999999999998,2.5,0.5622450916227665
0,-0.43999999999999995,-0.07999999999999996,2.5,0.5657487304037266
0,-0.43999999999999995,-0.05999999999999994,2.5,0.5684269125345756
0,-0.43999999999999995,-0.040000000000000036,2.5,0.5703139781079151
0,-0.43999999999999995,-0.020000000000000018,2.5,0.5714356145591711
0,-0.43999999999999995,0.0,2.5,0.5718077026695654
0,-0.43999999999999995,0.020000000000000018,2.5,0.5714356145591711
0,-0.43999999999999995,0.040000000000000036,2.5,0.5703139781079151
0,-0.43999999999999995,0.06000000000000005,2.5,0.5684269125345756
0,-0.43999999999999995,0.08000000000000007,2.5,0.5657487304037266
0,-0.43999999999999995,0.10000000000000009,2.5,0.5622450916227665
0,-0.43999999999999995,0.1200000000000001,2.5,0.5578745845899239
0,-0.43999999999999995,0.14000000000000012,2.5,0.5525906982570178
0,-0.43999999999999995,0.15999999999999992,2.5,0.5463441363967431
0,-0.43999999999999995,0.17999999999999994,2.5,0.5390854120066242
0,-0.43999999999999995,0.19999999999999996,2.5,0.5307676460297657
0,-0.43999999999999995,0.21999999999999997,2.5,0.5213494811967975
0,-0.43999999999999995,0.24,2.5,0.5107980097960207
0,-0.43999999999999995,0.26,2.5,0.4990916047095387
0,-0.43999999999999995,0.28,2.5,0.4862225373002359
0,-0.43999999999999995,0.30000000000000004,2.5,0.47219926479823227
0,-0.43999999999999995,0.32000000000000006,2.5,0.4570482745985151
0,-0.43999999999999995,0.3400000000000001,2.5,0.44081538388834235
0,-0.43999999999999995,0.3600000000000001,2.5,0.42356641038290926
0,-0.43999999999999995,0.3800000000000001,2.5,0.40538715327261565
0,-0.43999999999999995,0.40000000000000013,2.5,0.3863826518722998
0,-0.43999999999999995,0.41999999999999993,2.5,0.3666757215263043
0,-0.43999999999999995,0.43999999999999995,2.5,0.34640480027572707
0,-0.43999999999999995,0.45999999999999996,2.5,0.325721173571452
0,-0.43999999999999995,0.48,2.5,0.30478567573619275
0,-0.43999999999999995,0.5,2.5,0.2837649938181859
0,-0.43999999999999995,0.52,2.5,0.26282772005531047
0,-0.43999999999999995,0.54,2.5,0.24214031190219956
0,-0.43999999999999995,0.56,2.5,0.22186312252111395
0,-0.43999999999999995,0.5800000000000001,2.5,0.20214665947876753
0,-0.43999999999999995,0.6000000000000001,2.5,0.18312821545836655
0,-0.43999999999999995,0.6200000000000001,2.5,0.16492899304866532
0,-0.43999999999999995,0.6400000000000001,2.5,0.14765181761609827
0,-0.43999999999999995,0.6600000000000001,2.5,0.13137949982740008
0,-0.43999999999999995,0.6799999999999999,2.5,0.11617387475278058
0,-0.43999999999999995,0.7,2.5,0.10207550990956152
0,-0.43999999999999995,0.72,2.5,0.08910404227395971
0,-0.43999999999999995,0.74,2.5,0.07725907611028325
0,-0.43999999999999995,0.76,2.5,0.0665215509739092
0,-0.43999999999999995,0.78,2.5,0.0568554734959451
0,-0.43999999999999995,0.8,2.5,0.048209898096119946
0,-0.43999999999999995,0.8200000000000001,2.5,0.04052104062453341
0,-0.43999999999999995,0.8400000000000001,2.5,0.03371441465873569
0,-0.43999999999999995,0.8600000000000001,2.5,0.027706891939035888
0,-0.43999999999999995,0.8800000000000001,2.5,0.022408605069214296
0,-0.43999999999999995,0.9000000000000001,2.5,0.01772463080352366
0,-0.43999999999999995,0.9199999999999999,2.5,0.01355641455477259
0,-0.43999999999999995,0.94,2.5,0.009802919767112754
0,-0.43999999999999995,0.96,2.5,0.006361508157882967
0,-0.43999999999999995,0.98,2.5,0.003128577343286839
0,-0.43999999999999995,1.0,2.5,0.0
0,-0.42000000000000004,-1.0,2.5,0.0
0,-0.42000000000000004,-0.98,2.5,0.0033116720093231975
0,-0.42000000000000004,-0.96,2.5,0.006733804032398347
0,-0.42000000000000004,-0.94,2.5,0.010376616690107636
0,-0.42000000000000004,-0.92,2.5,0.014349774923817676
0,-0.42000000000000004,-0.9,2.5,0.018761923125939797
0,-0.42000000000000004,-0.88,2.5,0.023720010194792973
0,-0.42000000000000004,-0.86,2.5,0.029328357778537543
0,-0.42000000000000004,-0.84,2.5,0.035687443642245666
0,-0.42000000000000004,-0.8200000000000001,2.5,0.042892393802674456
0,-0.42000000000000004,-0.8,2.5,0.05103120074436517
0,-0.42000000000000004,-0.78,2.5,0.06018270938575015
0,-0.42000000000000004,-0.76,2.5,0.07041443608340833
0,-0.42000000000000004,-0.74,2.5,0.08178030733780155
0,-0.42000000000000004,-0.72,2.5,0.09431842248188936
0,-0.42000000000000004,-0.7,2.5,0.10804895707823478
0,-0.42000000000000004,-0.6799999999999999,2.5,0.12297232981099601
0,-0.42000000000000004,-0.6599999999999999,2.5,0.13906775444615602
0,-0.42000000000000004,-0.64,2.5,0.15629228947684692
0,-0.42000000000000004,-0.62,2.5,0.17458048140066998
0,-0.42000000000000004,-0.6,2.5,0.19384467376693482
0,-0.42000000000000004,-0.5800000000000001,2.5,0.2139760243046031
0,-0.42000000000000004,-0.56,2.5,0.23484623821777417
0,-0.42000000000000004,-0.54,2.5,0.25630998914273484
0,-0.42000000000000004,-0.52,2.5,0.27820796259668457
0,-0.42000000000000004,-0.5,2.5,0.3003704224116821
0,-0.42000000000000004,-0.48,2.5,0.3226211709501385
0,-0.42000000000000004,-0.45999999999999996,2.5,0.34478175087833146
0,-0.42000000000000004,-0.43999999999999995,2.5,0.3666757215263043
0,-0.42000000000000004,-0.42000000000000004,2.5,0.3881328374021153
0,-0.42000000000000004,-0.4,2.5,0.4089929606075956
0,-0.42000000000000004,-0.38,2.5,0.42910955238158016
0,-0.42000000000000004,-0.36,2.5,0.44835261077656996
0,-0.42000000000000004,-0.33999999999999997,2.5,0.4666109499903382
0,-0.42000000000000004,-0.31999999999999995,2.5,0.483793750131937
0,-0.42000000000000004,-0.29999999999999993,2.5,0.4998313419550422
0,-0.42000000000000004,-0.28,2.5,0.5146752270305907
0,-0.42000000000000004,-0.26,2.5,0.528297367770189
0,-0.42000000000000004,-0.24,2.5,0.5406888117597404
0,-0.42000000000000004,-0.21999999999999997,2.5,0.5518577395523796
0,-0.42000000000000004,-0.19999999999999996,2.5,0.5618270434455096
0,-0.42000000000000004,-0.17999999999999994,2.5,0.5706315564177478
0,-0.42000000000000004,-0.16000000000000003,2.5,0.5783150554434712
0,-0.42000000000000004,-0.14,2.5,0.5849271624117659
0,-0.42000000000000004,-0.12,2.5,0.5905202597871853
0,-0.42000000000000004,-0.09999999999999998,2.5,0.5951465281265477
0,-0.42000000000000004,-0.07999999999999996,2.5,0.5988551998667361
0,-0.42000000000000004,-0.05999999999999994,2.5,0.6016901096401599
0,-0.42000000000000004,-0.040000000000000036,2.5,0.6036876068178836
0,-0.42000000000000004,-0.020000000000000018,2.5,0.6048748818412335
0,-0.42000000000000004,0.0,2.5,0.605268744698743
0,-0.42000000000000004,0.020000000000000018,2.5,0.6048748818412335
0,-0.42000000000000004,0.040000000000000036,2.5,0.6036876068178836
0,-0.42000000000000004,0.06000000000000005,2.5,0.6016901096401599
0,-0.42000000000000004,0.08000000000000007,2.5,0.5988551998667361
0,-0.42000000000000004,0.10000000000000009,2.5,0.5951465281265477
0,-0.42000000000000004,0.1200000000000001,2.5,0.5905202597871853
0,-0.42000000000000004,0.14000000000000012,2.5,0.5849271624117659
0,-0.42000000000000004,0.15999999999999992,2.5,0.5783150554434712
0,-0.42000000000000004,0.17999999999999994,2.5,0.5706315564177478
0,-0.42000000000000004,0.19999999999999996,2.5,0.5618270434455096
0,-0.42000000000000004,0.21999999999999997,2.5,0.5518577395523795
0,-0.42000000000000004,0.24,2.5,0.5406888117597404
0,-0.42000000000000004,0.26,2.5,0.5282973677701889
0,-0.42000000000000004,0.28,2.5,0.5146752270305905
0,-0.42000000000000004,0.30000000000000004,2.5,0.49983134195504214
0,-0.42000000000000004,0.32000000000000006,2.5,0.4837937501319369
0,-0.42000000000000004,0.3400000000000001,2.5,0.46661094999033814
0,-0.42000000000000004,0.3600000000000001,2.5,0.4483526107765699
0,-0.42000000000000004,0.3800000000000001,2.5,0.4291095523815801
0,-0.42000000000000004,0.40000000000000013,2.5,0.40899296060759555
0,-0.42000000000000004,0.41999999999999993,2.5,0.3881328374021153
0,-0.42000000000000004,0.43999999999999995,2.5,0.3666757215263043
0,-0.42000000000000004,0.45999999999999996,2.5,0.34478175087833146
0,-0.42000000000000004,0.48,2.5,0.3226211709501385
0,-0.42000000000000004,0.5,2.5,0.3003704224116821
0,-0.42000000000000004,0.52,2.5,0.27820796259668457
0,-0.42000000000000004,0.54,2.5,0.25630998914273484
0,-0.42000000000000004,0.56,2.5,0.23484623821777417
0,-0.42000000000000004,0.5800000000000001,2.5,0.2139760243046031
0,-0.42000000000000004,0.6000000000000001,2.5,0.19384467376693482
0,-0.42000000000000004,0.6200000000000001,2.5,0.17458048140066998
0,-0.42000000000000004,0.6400000000000001,2.5,0.15629228947684692
0,-0.42000000000000004,0.6600000000000001,2.5,0.13906775444615602
0,-0.42000000000000004,0.6799999999999999,2.5,0.12297232981099601
0,-0.42000000000000004,0.7,2.5,0.10804895707823478
0,-0.42000000000000004,0.72,2.5,0.09431842248188936
0,-0.42000000000000004,0.74,2.5,0.08178030733780155
0,-0.42000000000000004,0.76,2.5,0.07041443608340833
0,-0.42000000000000004,0.78,2.5,0.06018270938575015
0,-0.42000000000000004,0.8,2.5,0.05103120074436517
0,-0.42000000000000004,0.8200000000000001,2.5,0.042892393802674456
0,-0.42000000000000004,0.8400000000000001,2.5,0.035687443642245666
0,-0.42000000000000004,0.8600000000000001,2.5,0.029328357778537546
0,-0.42000000000000004,0.8800000000000001,2.5,0.023720010194792977
0,-0.42000000000000004,0.9000000000000001,2.5,0.018761923125939797
0,-0.42000000000000004,0.9199999999999999,2.5,0.01434977492381768
0,-0.42000000000000004,0.94,2.5,0.010376616690107638
0,-0.42000000000000004,0.96,2.5,0.006733804032398348
0,-0.42000000000000004,0.98,2.5,0.003311672009323198
0,-0.42000000000000004,1.0,2.5,0.0
0,-0.4,-1.0,2.5,0.0
0,-0.4,-0.98,2.5,0.0034896713717387897
0,-0.4,-0.96,2.5,0.007095739400492561
0,-0.4,-0.94,2.5,0.01093434847478728
0,-0.4,-0.92,2.5,0.015121057420379074
0,-0.4,-0.9,2.5,0.019770349638851412
0,-0.4,-0.88,2.5,0.024994921881811873
0,-0.4,-0.86,2.5,0.0309047024141526
0,-0.4,-0.84,2.5,0.03760556899241087
0,-0.4,-0.8200000000000001,2.5,0.045197759961463746
0,-0.4,-0.8,2.5,0.0537739967137849
0,-0.4,-0.78,2.5,0.0634173614193383
0,-0.4,-0.76,2.5,0.07419899882288401
0,-0.4,-0.74,2.5,0.08617573342928733
0,-0.4,-0.72,2.5,0.09938771196219523
0,-0.4,-0.7,2.5,0.11385619409432646
0,-0.4,-0.6799999999999999,2.5,0.12958162083402883
0,-0.4,-0.6599999999999999,2.5,0.14654208867446386
0,-0.4,-0.64,2.5,0.16469234817391884
0,-0.4,-0.62,2.5,0.18396342806993657
0,-0.4,-0.6,2.5,0.20426296094149698
0,-0.4,-0.5800000000000001,2.5,0.2254762550034896
0,-0.4,-0.56,2.5,0.2474681205546501
0,-0.4,-0.54,2.5,0.2700854210409194
0,-0.4,-0.52,2.5,0.29316028006207034
0,-0.4,-0.5,2.5,0.3165138394677398
0,-0.4,-0.48,2.5,0.33996043239596696
0,-0.4,-0.45999999999999996,2.5,0.3633120108504733
0,-0.4,-0.43999999999999995,2.5,0.3863826518722998
0,-0.4,-0.42000000000000004,2.5,0.4089929606075956
0,-0.4,-0.4,2.5,0.43097419297711015
0,-0.4,-0.38,2.5,0.4521719348560449
0,-0.4,-0.36,2.5,0.4724491976232852
0,-0.4,-0.33999999999999997,2.5,0.49168881998691505
0,-0.4,-0.31999999999999995,2.5,0.5097951010380284
0,-0.4,-0.29999999999999993,2.5,0.5266946271596202
0,-0.4,-0.28,2.5,0.5423362932876323
0,-0.4,-0.26,2.5,0.5566905547845995
0,-0.4,-0.24,2.5,0.5697479778490531
0,-0.4,-0.21999999999999997,2.5,0.5815171824003185
0,-0.4,-0.19999999999999996,2.5,0.5920222907415876
0,-0.4,-0.17999999999999994,2.5,0.6013000075813675
0,-0.4,-0.16000000000000003,2.5,0.6093964623063332
0,-0.4,-0.14,2.5,0.6163639433545851
0,-0.4,-0.12,2.5,0.6222576481217758
0,-0.4,-0.09999999999999998,2.5,0.6271325612708776
0,-0.4,-0.07999999999999996,2.5,0.6310405609346869
0,-0.4,-0.05999999999999994,2.5,0.6340278373810811
0,-0.4,-0.040000000000000036,2.5,0.6361326933721285
0,-0.4,-0.020000000000000018,2.5,0.6373837805491145
0,-0.4,0.0,2.5,0.6377988122619647
0,-0.4,0.020000000000000018,2.5,0.6373837805491145
0,-0.4,0.040000000000000036,2.5,0.6361326933721285
0,-0.4,0.06000000000000005,2.5,0.6340278373810811
0,-0.4,0.08000000000000007,2.5,0.6310405609346869
0,-0.4,0.10000000000000009,2.5,0.6271325612708776
0,-0.4,0.1200000000000001,2.5,0.6222576481217758
0,-0.4,0.14000000000000012,2.5,0.6163639433545851
0,-0.4,0.15999999999999992,2.5,0.6093964623063332
0,-0.4,0.17999999999999994,2.5,0.6013000075813675
0,-0.4,0.19999999999999996,2.5,0.5920222907415876
0,-0.4,0.21999999999999997,2.5,0.5815171824003185
0,-0.4,0.24,2.5,0.5697479778490531
0,-0.4,0.26,2.5,0.5566905547845995
0,-0.4,0.28,2.5,0.5423362932876323
0,-0.4,0.30000000000000004,2.5,0.5266946271596201
0,-0.4,0.32000000000000006,2.5,0.5097951010380282
0,-0.4,0.3400000000000001,2.5,0.49168881998691494
0,-0.4,0.3600000000000001,2.5,0.47244919762328513
0,-0.4,0.3800000000000001,2.5,0.45217193485604484
0,-0.4,0.40000000000000013,2.5,0.4309741929771101
0,-0.4,0.41999999999999993,2.5,0.40899296060759555
0,-0.4,0.43999999999999995,2.5,0.3863826518722998
0,-0.4,0.45999999999999996,2.5,0.3633120108504733
0,-0.4,0.48,2.5,0.33996043239596696
0,-0.4,0.5,2.5,0.3165138394677398
0,-0.4,0.52,2.5,0.29316028006207034
0,-0.4,0.54,2.5,0.2700854210409194
0,-0.4,0.56,2.5,0.24746812055465006
0,-0.4,0.5800000000000001,2.5,0.22547625500348958
0,-0.4,0.6000000000000001,2.5,0.20426296094149696
0,-0.4,0.6200000000000001,2.5,0.18396342806993657
0,-0.4,0.6400000000000001,2.5,0.16469234817391884
0,-0.4,0.6600000000000001,2.5,0.14654208867446386
0,-0.4,0.6799999999999999,2.5,0.12958162083402883
0,-0.4,0.7,2.5,0.11385619409432646
0,-0.4,0.72,2.5,0.09938771196219523
0,-0.4,0.74,2.5,0.08617573342928733
0,-0.4,0.76,2.5,0.07419899882288401
0,-0.4,0.78,2.5,0.0634173614193383
0,-0.4,0.8,2.5,0.0537739967137849
0,-0.4,0.8200000000000001,2.5,0.045197759961463746
0,-0.4,0.8400000000000001,2.5,0.037605568992410875
0,-0.4,0.8600000000000001,2.5,0.030904702414152604
0,-0.4,0.8800000000000001,2.5,0.024994921881811877
0,-0.4,0.9000000000000001,2.5,0.019770349638851416
0,-0.4,0.9199999999999999,2.5,0.015121057420379077
0,-0.4,0.94,2.5,0.010934348474787282
0,-0.4,0.96,2.5,0.007095739400492562
0,-0.4,0.98,2.5,0.00348967137173879
0,-0.4,1.0,2.5,0.0
0,-0.38,-1.0,2.5,0.0
0,-0.38,-0.98,2.5,0.0036613247789762057
0,-0.38,-0.96,2.5,0.00744477125530035
0,-0.38,-0.94,2.5,0.011472196442085011
0,-0.38,-0.92,2.5,0.015864842973382882
0,-0.38,-0.9,2.5,0.02074282514238193
0,-0.38,-0.88,2.5,0.026224382688692413
0,-0.38,-0.86,2.5,0.03242485066635172
0,-0.38,-0.84,2.5,0.03945531436426866
0,-0.38,-0.8200000000000001,2.5,0.04742094225315232
0,-0.38,-0.8,2.5,0.05641901610057942
0,-0.38,-0.78,2.5,0.06653670432185518
0,-0.38,-0.76,2.5,0.077848650747044
0,-0.38,-0.74,2.5,0.09041447461606114
0,-0.38,-0.72,2.5,0.1042762970914717
0,-0.38,-0.7,2.5,0.11945642333637149
0,-0.38,-0.6799999999999999,2.5,0.13595531590516327
0,-0.38,-0.6599999999999999,2.5,0.15374999385382676
0,-0.38,-0.64,2.5,0.172792982074216
0,-0.38,-0.62,2.5,0.19301191692717448
0,-0.38,-0.6,2.5,0.21430988792692326
0,-0.38,-0.5800000000000001,2.5,0.23656656225342843
0,-0.38,-0.56,2.5,0.2596401010328068
0,-0.38,-0.54,2.5,0.2833698358702747
0,-0.38,-0.52,2.5,0.30757963358602164
0,-0.38,-0.5,2.5,0.33208183914329287
0,-0.38,-0.48,2.5,0.3566816539259507
0,-0.38,-0.45999999999999996,2.5,0.3811817810729943
0,-0.38,-0.43999999999999995,2.5,0.4053871532726157
0,-0.38,-0.42000000000000004,2.5,0.42910955238158016
0,-0.38,-0.4,2.5,0.4521719348560449
0,-0.38,-0.38,2.5,0.4744122918815217
0,-0.38,-0.36,2.5,0.4956868971687357
0,-0.38,-0.33999999999999997,2.5,0.5158728269077383
0,-0.38,-0.31999999999999995,2.5,0.5348696731412403
0,-0.38,-0.29999999999999993,2.5,0.5526004113457402
0,-0.38,-0.28,2.5,0.5690114227417629
0,-0.38,-0.26,2.5,0.5840717093767711
0,-0.38,-0.24,2.5,0.5977713732442217
0,-0.38,-0.21999999999999997,2.5,0.6101194579982652
0,-0.38,-0.19999999999999996,2.5,0.6211412721391922
0,-0.38,-0.17999999999999994,2.5,0.6308753254258237
0,-0.38,-0.16000000000000003,2.5,0.639370015845346
0,-0.38,-0.14,2.5,0.6466802033758118
0,-0.38,-0.12,2.5,0.6528638000444988
0,-0.38,-0.09999999999999998,2.5,0.6579784947042752
0,-0.38,-0.07999999999999996,2.5,0.6620787169103679
0,-0.38,-0.05999999999999994,2.5,0.6652129286271612
0,-0.38,-0.040000000000000036,2.5,0.6674213164013496
0,-0.38,-0.020000000000000018,2.5,0.6687339410059726
0,-0.38,0.0,2.5,0.6691693869619446
0,-0.38,0.020000000000000018,2.5,0.6687339410059726
0,-0.38,0.040000000000000036,2.5,0.6674213164013496
0,-0.38,0.06000000000000005,2.5,0.6652129286271612
0,-0.38,0.08000000000000007,2.5,0.6620787169103679
0,-0.38,0.10000000000000009,2.5,0.6579784947042752
0,-0.38,0.1200000000000001,2.5,0.6528638000444988
0,-0.38,0.14000000000000012,2.5,0.6466802033758118
0,-0.38,0.15999999999999992,2.5,0.639370015845346
0,-0.38,0.17999999999999994,2.5,0.6308753254258237
0,-0.38,0.19999999999999996,2.5,0.6211412721391922
0,-0.38,0.21999999999999997,2.5,0.6101194579982652
0,-0.38,0.24,2.5,0.5977713732442217
0,-0.38,0.26,2.5,0.5840717093767711
0,-0.38,0.28,2.5,0.5690114227417629
0,-0.38,0.30000000000000004,2.5,0.5526004113457401
0,-0.38,0.32000000000000006,2.5,0.5348696731412402
0,-0.38,0.3400000000000001,2.5,0.5158728269077382
0,-0.38,0.3600000000000001,2.5,0.49568689716873565
0,-0.38,0.3800000000000001,2.5,0.4744122918815216
0,-0.38,0.40000000000000013,2.5,0.4521719348560448
0,-0.38,0.41999999999999993,2.5,0.4291095523815801
0,-0.38,0.43999999999999995,2.5,0.40538715327261565
0,-0.38,0.45999999999999996,2.5,0.3811817810729942
0,-0.38,0.48,2.5,0.3566816539259507
0,-0.38,0.5,2.5,0.33208183914329287
0,-0.38,0.52,2.5,0.30757963358602164
0,-0.38,0.54,2.5,0.2833698358702747
0,-0.38,0.56,2.5,0.2596401010328068
0,-0.38,0.5800000000000001,2.5,0.23656656225342843
0,-0.38,0.6000000000000001,2.5,0.21430988792692324
0,-0.38,0.6200000000000001,2.5,0.19301191692717448
0,-0.38,0.6400000000000001,2.5,0.172792982074216
0,-0.38,0.6600000000000001,2.5,0.15374999385382676
0,-0.38,0.6799999999999999,2.5,0.13595531590516327
0,-0.38,0.7,2.5,0.11945642333637149
0,-0.38,0.72,2.5,0.1042762970914717
0,-0.38,0.74,2.5,0.09041447461606114
0,-0.38,0.76,2.5,0.077848650747044
0,-0.38,0.78,2.5,0.06653670432185518
0,-0.38,0.8,2.5,0.05641901610057943
0,-0.38,0.8200000000000001,2.5,0.04742094225315232
0,-0.38,0.8400000000000001,2.5,0.03945531436426867
0,-0.38,0.8600000000000001,2.5,0.03242485066635173
0,-0.38,0.8800000000000001,2.5,0.026224382688692417
0,-0.38,0.9000000000000001,2.5,0.020742825142381932
0,-0.38,0.9199999999999999,2.5,0.015864842973382885
0,-0.38,0.94,2.5,0.011472196442085013
0,-0.38,0.96,2.5,0.0074447712553003505
0,-0.38,0.98,2.5,0.0036613247789762057
0,-0.38,1.0,2.5,0.0
0,-0.36,-1.0,2.5,0.0
0,-0.36,-0.98,2.5,0.003825522755337751
0,-0.36,-0.96,2.5,0.0077786436478952115
0,-0.36,-0.94,2.5,0.01198668425513849
0,-0.36,-0.92,2.5,0.016576324212602037
0,-0.36,-0.9,2.5,0.02167306419908592
0,-0.36,-0.88,2.5,0.027400446256963765
0,-0.36,-0.86,2.5,0.03387897746249938
0,-0.36,-0.84,2.5,0.04122472452668834
0,-0.36,-0.8200000000000001,2.5,0.049547571985747364
0,-0.36,-0.8,2.5,0.05894916398135202
0,-0.36,-0.78,2.5,0.06952057776409128
0,-0.36,-0.76,2.5,0.08133980433721792
0,-0.36,-0.74,2.5,0.09446913634890995
0,-0.36,-0.72,2.5,0.10895258369236892
0,-0.36,-0.7,2.5,0.12481345164767171
0,-0.36,-0.6799999999999999,2.5,0.1420522234001384
0,-0.36,-0.6599999999999999,2.5,0.16064488736858076
0,-0.36,-0.64,2.5,0.1805418394306841
0,-0.36,-0.62,2.5,0.20166747087660752
0,-0.36,-0.6,2.5,0.22392052541923135
0,-0.36,-0.5800000000000001,2.5,0.24717527413508683
0,-0.36,-0.56,2.5,0.27128351767675396
0,-0.36,-0.54,2.5,0.29607738282793616
0,-0.36,-0.52,2.5,0.32137283812076256
0,-0.36,-0.5,2.5,0.3469738135716106
0,-0.36,-0.48,2.5,0.372676775287554
0,-0.36,-0.45999999999999996,2.5,0.39827557910460526
0,-0.36,-0.43999999999999995,2.5,0.42356641038290926
0,-0.36,-0.42000000000000004,2.5,0.44835261077656996
0,-0.36,-0.4,2.5,0.4724491976232852
0,-0.36,-0.38,2.5,0.4956868971687357
0,-0.36,-0.36,2.5,0.5179155379993975
0,-0.36,-0.33999999999999997,2.5,0.5390066839966504
0,-0.36,-0.31999999999999995,2.5,0.5588554245423447
0,-0.36,-0.29999999999999993,2.5,0.5773812810060078
0,-0.36,-0.28,2.5,0.5945282300582342
0,-0.36,-0.26,2.5,0.610263883559546
0,-0.36,-0.24,2.5,0.6245778994835509
0,-0.36,-0.21999999999999997,2.5,0.6374797268532261
0,-0.36,-0.19999999999999996,2.5,0.6489958088957917
0,-0.36,-0.17999999999999994,2.5,0.659166382080353
0,-0.36,-0.16000000000000003,2.5,0.6680420145268483
0,-0.36,-0.14,2.5,0.6756800261304873
0,-0.36,-0.12,2.5,0.6821409257120516
0,-0.36,-0.09999999999999998,2.5,0.6874849889265441
0,-0.36,-0.07999999999999996,2.5,0.6917690859934361
0,-0.36,-0.05999999999999994,2.5,0.6950438519571119
0,-0.36,-0.040000000000000036,2.5,0.6973512753711997
0,-0.36,-0.020000000000000018,2.5,0.6987227649677058
0,-0.36,0.0,2.5,0.6991777386193598
0,-0.36,0.020000000000000018,2.5,0.6987227649677058
0,-0.36,0.040000000000000036,2.5,0.6973512753711997
0,-0.36,0.06000000000000005,2.5,0.6950438519571119
0,-0.36,0.08000000000000007,2.5,0.6917690859934361
0,-0.36,0.10000000000000009,2.5,0.6874849889265441
0,-0.36,0.1200000000000001,2.5,0.6821409257120516
0,-0.36,0.14000000000000012,2.5,0.6756800261304873
0,-0.36,0.15999999999999992,2.5,0.6680420145268483
0,-0.36,0.17999999999999994,2.5,0.659166382080353
0,-0.36,0.19999999999999996,2.5,0.6489958088957917
0,-0.36,0.21999999999999997,2.5,0.6374797268532261
0,-0.36,0.24,2.5,0.6245778994835509
0,-0.36,0.26,2.5,0.610263883559546
0,-0.36,0.28,2.5,0.5945282300582342
0,-0.36,0.30000000000000004,2.5,0.5773812810060077
0,-0.36,0.32000000000000006,2.5,0.5588554245423446
0,-0.36,0.3400000000000001,2.5,0.5390066839966503
0,-0.36,0.3600000000000001,2.5,0.5179155379993974
0,-0.36,0.3800000000000001,2.5,0.49568689716873565
0,-0.36,0.40000000000000013,2.5,0.4724491976232851
0,-0.36,0.41999999999999993,2.5,0.4483526107765699
0,-0.36,0.43999999999999995,2.5,0.42356641038290926
0,-0.36,0.45999999999999996,2.5,0.39827557910460526
0,-0.36,0.48,2.5,0.372676775287554
0,-0.36,0.5,2.5,0.3469738135716106
0,-0.36,0.52,2.5,0.32137283812076256
0,-0.36,0.54,2.5,0.29607738282793616
0,-0.36,0.56,2.5,0.27128351767675396
0,-0.36,0.5800000000000001,2.5,0.24717527413508683
0,-0.36,0.6000000000000001,2.5,0.22392052541923133
0,-0.36,0.6200000000000001,2.5,0.20166747087660752
0,-0.36,0.6400000000000001,2.5,0.1805418394306841
0,-0.36,0.6600000000000001,2.5,0.16064488736858076
0,-0.36,0.6799999999999999,2.5,0.1420522234001384
0,-0.36,0.7,2.5,0.12481345164767171
0,-0.36,0.72,2.5,0.10895258369236892
0,-0.36,0.74,2.5,0.09446913634890995
0,-0.36,0.76,2.5,0.08133980433721792
0,-0.36,0.78,2.5,0.06952057776409129
0,-0.36,0.8,2.5,0.058949163981352026
0,-0.36,0.8200000000000001,2.5,0.04954757198574737
0,-0.36,0.8400000000000001,2.5,0.04122472452668834
0,-0.36,0.8600000000000001,2.5,0.033878977462499384
0,-0.36,0.8800000000000001,2.5,0.027400446256963768
0,-0.36,0.9000000000000001,2.5,0.021673064199085924
0,-0.36,0.9199999999999999,2.5,0.016576324212602037
0,-0.36,0.94,2.5,0.01198668425513849
0,-0.36,0.96,2.5,0.0077786436478952115
0,-0.36,0.98,2.5,0.0038255227553377516
0,-0.36,1.0,2.5,0.0
0,-0.33999999999999997,-1.0,2.5,0.0
0,-0.33999999999999997,-0.98,2.5,0.003981316457365027
0,-0.33999999999999997,-0.96,2.5,0.008095427248726045
0,-0.33999999999999997,-0.94,2.5,0.01247483888172699
0,-0.33999999999999997,-0.92,2.5,0.01725138977202965
0,-0.33999999999999997,-0.9,2.5,0.022555691356177333
0,-0.33999999999999997,-0.88,2.5,0.028516316658272166
0,-0.33999999999999997,-0.86,2.5,0.035258680127128475
0,-0.33999999999999997,-0.84,2.5,0.04290357500435801
0,-0.33999999999999997,-0.8200000000000001,2.5,0.05156536058367197
0,-0.33999999999999997,-0.8,2.5,0.06134982017600704
0,-0.33999999999999997,-0.78,2.5,0.0723517398740546
0,-0.33999999999999997,-0.76,2.5,0.0846522866043777
0,-0.33999999999999997,-0.74,2.5,0.09831628965185765
0,-0.33999999999999997,-0.72,2.5,0.11338955102100882
0,-0.33999999999999997,-0.7,2.5,0.12989632495860376
0,-0.33999999999999997,-0.6799999999999999,2.5,0.1478371142479475
0,-0.33999999999999997,-0.6599999999999999,2.5,0.1671869294266447
0,-0.33999999999999997,-0.64,2.5,0.18789414631226786
0,-0.33999999999999997,-0.62,2.5,0.209880077180022
0,-0.33999999999999997,-0.6,2.5,0.23303934231391232
0,-0.33999999999999997,-0.5800000000000001,2.5,0.257241092795519
0,-0.33999999999999997,-0.56,2.5,0.2823310942514217
0,-0.33999999999999997,-0.54,2.5,0.3081346372895142
0,-0.33999999999999997,-0.52,2.5,0.33446019627821855
0,-0.33999999999999997,-0.5,2.5,0.3611037168442688
0,-0.33999999999999997,-0.48,2.5,0.38785337676367054
0,-0.33999999999999997,-0.45999999999999996,2.5,0.414494637246733
0,-0.33999999999999997,-0.43999999999999995,2.5,0.4408153838883424
0,-0.33999999999999997,-0.42000000000000004,2.5,0.4666109499903382
0,-0.33999999999999997,-0.4,2.5,0.49168881998691505
0,-0.33999999999999997,-0.38,2.5,0.5158728269077383
0,-0.33999999999999997,-0.36,2.5,0.5390066839966504
0,-0.33999999999999997,-0.33999999999999997,2.5,0.5609567248843281
0,-0.33999999999999997,-0.31999999999999995,2.5,0.5816137666948907
0,-0.33999999999999997,-0.29999999999999993,2.5,0.6008940534482314
0,-0.33999999999999997,-0.28,2.5,0.6187392803246795
0,-0.33999999999999997,-0.26,2.5,0.6351157401597881
0,-0.33999999999999997,-0.24,2.5,0.6500126696599893
0,-0.33999999999999997,-0.21999999999999997,2.5,0.6634399025112288
0,-0.33999999999999997,-0.19999999999999996,2.5,0.6754249586437324
0,-0.33999999999999997,-0.17999999999999994,2.5,0.6860097129228494
0,-0.33999999999999997,-0.16000000000000003,2.5,0.6952467925975038
0,-0.33999999999999997,-0.14,2.5,0.7031958516468726
0,-0.33999999999999997,-0.12,2.5,0.7099198628457327
0,-0.33999999999999997,-0.09999999999999998,2.5,0.7154815563195971
0,-0.33999999999999997,-0.07999999999999996,2.5,0.7199401180942225
0,-0.33999999999999997,-0.05999999999999994,2.5,0.7233482451234666
0,-0.33999999999999997,-0.040000000000000036,2.5,0.725749635779831
0,-0.33999999999999997,-0.020000000000000018,2.5,0.7271769777941887
0,-0.33999999999999997,0.0,2.5,0.7276504797575271
0,-0.33999999999999997,0.020000000000000018,2.5,0.7271769777941887
0,-0.33999999999999997,0.040000000000000036,2.5,0.725749635779831
0,-0.33999999999999997,0.06000000000000005,2.5,0.7233482451234666
0,-0.33999999999999997,0.08000000000000007,2.5,0.7199401180942225
0,-0.33999999999999997,0.10000000000000009,2.5,0.7154815563195971
0,-0.33999999999999997,0.1200000000000001,2.5,0.7099198628457327
0,-0.33999999999999997,0.14000000000000012,2.5,0.7031958516468726
0,-0.33999999999999997,0.15999999999999992,2.5,0.6952467925975038
0,-0.33999999999999997,0.17999999999999994,2.5,0.6860097129228494
0,-0.33999999999999997,0.19999999999999996,2.5,0.6754249586437324
0,-0.33999999999999997,0.21999999999999997,2.5,0.6634399025112288
0,-0.33999999999999997,0.24,2.5,0.6500126696599893
0,-0.33999999999999997,0.26,2.5,0.6351157401597881
0,-0.33999999999999997,0.28,2.5,0.6187392803246795
0,-0.33999999999999997,0.30000000000000004,2.5,0.6008940534482313
0,-0.33999999999999997,0.32000000000000006,2.5,0.5816137666948906
0,-0.33999999999999997,0.3400000000000001,2.5,0.560956724884328
0,-0.33999999999999997,0.3600000000000001,2.5,0.5390066839966503
0,-0.33999999999999997,0.3800000000000001,2.5,0.5158728269077382
0,-0.33999999999999997,0.40000000000000013,2.5,0.49168881998691494
0,-0.33999999999999997,0.41999999999999993,2.5,0.46661094999033814
0,-0.33999999999999997,0.43999999999999995,2.5,0.44081538388834235
0,-0.33999999999999997,0.45999999999999996,2.5,0.41449463724673297
0,-0.33999999999999997,0.48,2.5,0.3878533767636705
0,-0.33999999999999997,0.5,2.5,0.3611037168442688
0,-0.33999999999999997,0.52,2.5,0.33446019627821855
0,-0.33999999999999997,0.54,2.5,0.3081346372895142
0,-0.33999999999999997,0.56,2.5,0.2823310942514217
0,-0.33999999999999997,0.5800000000000001,2.5,0.257241092795519
0,-0.33999999999999997,0.6000000000000001,2.5,0.23303934231391232
0,-0.33999999999999997,0.6200000000000001,2.5,0.209880077180022
0,-0.33999999999999997,0.6400000000000001,2.5,0.18789414631226786
0,-0.33999999999999997,0.6600000000000001,2.5,0.1671869294266447
0,-0.33999999999999997,0.6799999999999999,2.5,0.1478371142479475
0,-0.33999999999999997,0.7,2.5,0.12989632495860376
0,-0.33999999999999997,0.72,2.5,0.11338955102100882
0,-0.33999999999999997,0.74,2.5,0.09831628965185765
0,-0.33999999999999997,0.76,2.5,0.0846522866043777
0,-0.33999999999999997,0.78,2.5,0.0723517398740546
0,-0.33999999999999997,0.8,2.5,0.06134982017600704
0,-0.33999999999999997,0.8200000000000001,2.5,0.05156536058367197
0,-0.33999999999999997,0.8400000000000001,2.5,0.04290357500435801
0,-0.33999999999999997,0.8600000000000001,2.5,0.03525868012712848
0,-0.33999999999999997,0.8800000000000001,2.5,0.02851631665827217
0,-0.33999999999999997,0.9000000000000001,2.5,0.022555691356177333
0,-0.33999999999999997,0.9199999999999999,2.5,0.01725138977202965
0,-0.33999999999999997,0.94,2.5,0.012474838881726989
0,-0.33999999999999997,0.96,2.5,0.008095427248726044
0,-0.33999999999999997,0.98,2.5,0.003981316457365026
0,-0.33999999999999997,1.0,2.5,0.0
0,-0.31999999999999995,-1.0,2.5,0.0
0,-0.31999999999999995,-0.98,2.5,0.0041279309010363065
0,-0.31999999999999995,-0.96,2.5,0.008393546243062535
0,-0.31999999999999995,-0.94,2.5,0.012934232039107369
0,-0.31999999999999995,-0.92,2.5,0.0178866816031161
0,-0.31999999999999995,-0.9,2.5,0.02338631607996374
0,-0.31999999999999995,-0.88,2.5,0.029566443129814733
0,-0.31999999999999995,-0.86,2.5,0.03655709551468181
0,-0.31999999999999995,-0.84,2.5,0.04448351460528898
0,-0.31999999999999995,-0.8200000000000001,2.5,0.05346427088725617
0,-0.31999999999999995,-0.8,2.5,0.06360904304772728
0,-0.31999999999999995,-0.78,2.5,0.07501610758067898
0,-0.31999999999999995,-0.76,2.5,0.08776962028932897
0,-0.31999999999999995,-0.74,2.5,0.10193679770683764
0,-0.31999999999999995,-0.72,2.5,0.11756512841618966
0,-0.31999999999999995,-0.7,2.5,0.13467975976090077
0,-0.31999999999999995,-0.6799999999999999,2.5,0.15328121299236278
0,-0.31999999999999995,-0.6599999999999999,2.5,0.17334357838742306
0,-0.31999999999999995,-0.64,2.5,0.19481333070584905
0,-0.31999999999999995,-0.62,2.5,0.21760888457905914
0,-0.31999999999999995,-0.6,2.5,0.24162097974492722
0,-0.31999999999999995,-0.5800000000000001,2.5,0.2667139488656771
0,-0.31999999999999995,-0.56,2.5,0.29272787800781214
0,-0.31999999999999995,-0.54,2.5,0.3194816242523388
0,-0.31999999999999995,-0.52,2.5,0.34677660920430403
0,-0.31999999999999995,-0.5,2.5,0.37440126437232707
0,-0.31999999999999995,-0.48,2.5,0.40213596737314233
0,-0.31999999999999995,-0.45999999999999996,2.5,0.4297582792234132
0,-0.31999999999999995,-0.43999999999999995,2.5,0.45704827459851516
0,-0.31999999999999995,-0.42000000000000004,2.5,0.483793750131937
0,-0.31999999999999995,-0.4,2.5,0.5097951010380284
0,-0.31999999999999995,-0.38,2.5,0.5348696731412403
0,-0.31999999999999995,-0.36,2.5,0.5588554245423447
0,-0.31999999999999995,-0.33999999999999997,2.5,0.5816137666948907
0,-0.31999999999999995,-0.31999999999999995,2.5,0.6030314961190573
0,-0.31999999999999995,-0.29999999999999993,2.5,0.6230217725445311
0,-0.31999999999999995,-0.28,2.5,0.6415241440698196
0,-0.31999999999999995,-0.26,2.5,0.6585036622290262
0,-0.31999999999999995,-0.24,2.5,0.6739491673102322
0,-0.31999999999999995,-0.21999999999999997,2.5,0.6878708550439817
0,-0.31999999999999995,-0.19999999999999996,2.5,0.7002972586848683
0,-0.31999999999999995,-0.17999999999999994,2.5,0.7112717950318527
0,-0.31999999999999995,-0.16000000000000003,2.5,0.7208490292177259
0,-0.31999999999999995,-0.14,2.5,0.7290908118634136
0,-0.31999999999999995,-0.12,2.5,0.7360624346031087
0,-0.31999999999999995,-0.09999999999999998,2.5,0.7418289374932342
0,-0.31999999999999995,-0.07999999999999996,2.5,0.7464516859895343
0,-0.31999999999999995,-0.05999999999999994,2.5,0.7499853175292668
0,-0.31999999999999995,-0.040000000000000036,2.5,0.7524751396114169
0,-0.31999999999999995,-0.020000000000000018,2.5,0.7539550436440969
0,-0.31999999999999995,0.0,2.5,0.7544459823700952
0,-0.31999999999999995,0.020000000000000018,2.5,0.7539550436440969
0,-0.31999999999999995,0.040000000000000036,2.5,0.7524751396114169
0,-0.31999999999999995,0.06000000000000005,2.5,0.7499853175292668
0,-0.31999999999999995,0.08000000000000007,2.5,0.7464516859895343
0,-0.31999999999999995,0.10000000000000009,2.5,0.7418289374932342
0,-0.31999999999999995,0.1200000000000001,2.5,0.7360624346031087
0,-0.31999999999999995,0.14000000000000012,2.5,0.7290908118634136
0,-0.31999999999999995,0.15999999999999992,2.5,0.7208490292177259
0,-0.31999999999999995,0.17999999999999994,2.5,0.7112717950318527
0,-0.31999999999999995,0.19999999999999996,2.5,0.7002972586848683
0,-0.31999999999999995,0.21999999999999997,2.5,0.6878708550439817
0,-0.31999999999999995,0.24,2.5,0.6739491673102322
0,-0.31999999999999995,0.26,2.5,0.6585036622290262
0,-0.31999999999999995,0.28,2.5,0.6415241440698196
0,-0.31999999999999995,0.30000000000000004,2.5,0.623021772544531
0,-0.31999999999999995,0.32000000000000006,2.5,0.6030314961190572
0,-0.31999999999999995,0.3400000000000001,2.5,0.5816137666948906
0,-0.31999999999999995,0.3600000000000001,2.5,0.5588554245423446
0,-0.31999999999999995,0.3800000000000001,2.5,0.5348696731412402
0,-0.31999999999999995,0.40000000000000013,2.5,0.5097951010380283
0,-0.31999999999999995,0.41999999999999993,2.5,0.48379375013193693
0,-0.31999999999999995,0.43999999999999995,2.5,0.4570482745985151
0,-0.31999999999999995,0.45999999999999996,2.5,0.42975827922341314
0,-0.31999999999999995,0.48,2.5,0.4021359673731423
0,-0.31999999999999995,0.5,2.5,0.374401264372327
0,-0.31999999999999995,0.52,2.5,0.34677660920430403
0,-0.31999999999999995,0.54,2.5,0.3194816242523388
0,-0.31999999999999995,0.56,2.5,0.29272787800781214
0,-0.31999999999999995,0.5800000000000001,2.5,0.2667139488656771
0,-0.31999999999999995,0.6000000000000001,2.5,0.24162097974492722
0,-0.31999999999999995,0.6200000000000001,2.5,0.21760888457905914
0,-0.31999999999999995,0.6400000000000001,2.5,0.19481333070584905
0,-0.31999999999999995,0.6600000000000001,2.5,0.17334357838742306
0,-0.31999999999999995,0.6799999999999999,2.5,0.15328121299236278
0,-0.31999999999999995,0.7,2.5,0.13467975976090077
0,-0.31999999999999995,0.72,2.5,0.11756512841618966
0,-0.31999999999999995,0.74,2.5,0.10193679770683764
0,-0.31999999999999995,0.76,2.5,0.08776962028932897
0,-0.31999999999999995,0.78,2.5,0.07501610758067898
0,-0.31999999999999995,0.8,2.5,0.06360904304772728
0,-0.31999999999999995,0.8200000000000001,2.5,0.05346427088725617
0,-0.31999999999999995,0.8400000000000001,2.5,0.04448351460528898
0,-0.31999999999999995,0.8600000000000001,2.5,0.036557095514681816
0,-0.31999999999999995,0.8800000000000001,2.5,0.029566443129814737
0,-0.31999999999999995,0.9000000000000001,2.5,0.02338631607996374
0,-0.31999999999999995,0.9199999999999999,2.5,0.0178866816031161
0,-0.31999999999999995,0.94,2.5,0.012934232039107369
0,-0.31999999999999995,0.96,2.5,0.008393546243062535
0,-0.31999999999999995,0.98,2.5,0.0041279309010363065
0,-0.31999999999999995,1.0,2.5,0.0
0,-0.29999999999999993,-1.0,2.5,0.0
0,-0.29999999999999993,-0.98,2.5,0.0042647716571494595
0,-0.29999999999999993,-0.96,2.5,0.008671791945091012
0,-0.29999999999999993,-0.94,2.5,0.01336300117299905
0,-0.29999999999999993,-0.92,2.5,0.018479623986542282
0,-0.29999999999999993,-0.9,2.5,0.024161570687966937
0,-0.29999999999999993,-0.88,2.5,0.03054656803059892
0,-0.29999999999999993,-0.86,2.5,0.0377689593046232
0,-0.29999999999999993,-0.84,2.5,0.04595813757264144
0,-0.29999999999999993,-0.8200000000000001,2.5,0.05523660387147015
0,-0.29999999999999993,-0.8,2.5,0.0657176726767155
0,-0.29999999999999993,-0.78,2.5,0.07750287829008895
0,-0.29999999999999993,-0.76,2.5,0.0906791662255238
0,-0.29999999999999993,-0.74,2.5,0.10531598119611044
0,-0.29999999999999993,-0.72,2.5,0.12146238599149993
0,-0.29999999999999993,-0.7,2.5,0.13914436156034837
0,-0.29999999999999993,-0.6799999999999999,2.5,0.15836244641694858
0,-0.29999999999999993,-0.6599999999999999,2.5,0.17908987192884557
0,-0.29999999999999993,-0.64,2.5,0.2012713385082051
0,-0.29999999999999993,-0.62,2.5,0.2248225562626497
0,-0.29999999999999993,-0.6,2.5,0.249630643000945
0,-0.29999999999999993,-0.5800000000000001,2.5,0.2755554340787206
0,-0.29999999999999993,-0.56,2.5,0.3024317144972529
0,-0.29999999999999993,-0.54,2.5,0.3300723365457066
0,-0.29999999999999993,-0.52,2.5,0.3582721390630978
0,-0.29999999999999993,-0.5,2.5,0.3868125401791878
0,-0.29999999999999993,-0.48,2.5,0.41546663715080573
0,-0.29999999999999993,-0.45999999999999996,2.5,0.44400461726621904
0,-0.29999999999999993,-0.43999999999999995,2.5,0.4721992647982323
0,-0.29999999999999993,-0.42000000000000004,2.5,0.4998313419550422
0,-0.29999999999999993,-0.4,2.5,0.5266946271596202
0,-0.29999999999999993,-0.38,2.5,0.5526004113457402
0,-0.29999999999999993,-0.36,2.5,0.5773812810060078
0,-0.29999999999999993,-0.33999999999999997,2.5,0.6008940534482314
0,-0.29999999999999993,-0.31999999999999995,2.5,0.6230217725445311
0,-0.29999999999999993,-0.29999999999999993,2.5,0.6436747192993292
0,-0.29999999999999993,-0.28,2.5,0.6627904378430729
0,-0.29999999999999993,-0.26,2.5,0.680332821164508
0,-0.29999999999999993,-0.24,2.5,0.6962903395889538
0,-0.29999999999999993,-0.21999999999999997,2.5,0.7106735268045571
0,-0.29999999999999993,-0.19999999999999996,2.5,0.7235118619022555
0,-0.29999999999999993,-0.17999999999999994,2.5,0.7348502008992489
0,-0.29999999999999993,-0.16000000000000003,2.5,0.7447449177088936
0,-0.29999999999999993,-0.14,2.5,0.7532599132443099
0,-0.29999999999999993,-0.12,2.5,0.7604626435016901
0,-0.29999999999999993,-0.09999999999999998,2.5,0.7664203045621848
0,-0.29999999999999993,-0.07999999999999996,2.5,0.7711962960978608
0,-0.29999999999999993,-0.05999999999999994,2.5,0.7748470667348655
0,-0.29999999999999993,-0.040000000000000036,2.5,0.7774194258814691
0,-0.29999999999999993,-0.020000000000000018,2.5,0.7789483884206446
0,-0.29999999999999993,0.0,2.5,0.7794556016630891
0,-0.29999999999999993,0.020000000000000018,2.5,0.7789483884206446
0,-0.29999999999999993,0.040000000000000036,2.5,0.7774194258814691
0,-0.29999999999999993,0.06000000000000005,2.5,0.7748470667348655
0,-0.29999999999999993,0.08000000000000007,2.5,0.7711962960978608
0,-0.29999999999999993,0.10000000000000009,2.5,0.7664203045621848
0,-0.29999999999999993,0.1200000000000001,2.5,0.7604626435016901
0,-0.29999999999999993,0.14000000000000012,2.5,0.7532599132443099
0,-0.29999999999999993,0.15999999999999992,2.5,0.7447449177088936
0,-0.29999999999999993,0.17999999999999994,2.5,0.7348502008992489
0,-0.29999999999999993,0.19999999999999996,2.5,0.7235118619022555
0,-0.29999999999999993,0.21999999999999997,2.5,0.7106735268045571
0,-0.29999999999999993,0.24,2.5,0.6962903395889538
0,-0.29999999999999993,0.26,2.5,0.680332821164508
0,-0.29999999999999993,0.28,2.5,0.6627904378430729
0,-0.29999999999999993,0.30000000000000004,2.5,0.6436747192993291
0,-0.29999999999999993,0.32000000000000006,2.5,0.623021772544531
0,-0.29999999999999993,0.3400000000000001,2.5,0.6008940534482313
0,-0.29999999999999993,0.3600000000000001,2.5,0.5773812810060077
0,-0.29999999999999993,0.3800000000000001,2.5,0.5526004113457401
0,-0.29999999999999993,0.40000000000000013,2.5,0.5266946271596201
0,-0.29999999999999993,0.41999999999999993,2.5,0.49983134195504214
0,-0.29999999999999993,0.43999999999999995,2.5,0.47219926479823227
0,-0.29999999999999993,0.45999999999999996,2.5,0.444004617266219
0,-0.29999999999999993,0.48,2.5,0.4154666371508056
0,-0.29999999999999993,0.5,2.5,0.3868125401791878
0,-0.29999999999999993,0.52,2.5,0.3582721390630978
0,-0.29999999999999993,0.54,2.5,0.3300723365457066
0,-0.29999999999999993,0.56,2.5,0.3024317144972529
0,-0.29999999999999993,0.5800000000000001,2.5,0.2755554340787206
0,-0.29999999999999993,0.6000000000000001,2.5,0.249630643000945
0,-0.29999999999999993,0.6200000000000001,2.5,0.2248225562626497
0,-0.29999999999999993,0.6400000000000001,2.5,0.2012713385082051
0,-0.29999999999999993,0.6600000000000001,2.5,0.17908987192884557
0,-0.29999999999999993,0.6799999999999999,2.5,0.15836244641694858
0,-0.29999999999999993,0.7,2.5,0.13914436156034837
0,-0.29999999999999993,0.72,2.5,0.12146238599149993
0,-0.29999999999999993,0.74,2.5,0.10531598119611044
0,-0.29999999999999993,0.76,2.5,0.0906791662255238
0,-0.29999999999999993,0.78,2.5,0.07750287829008895
0,-0.29999999999999993,0.8,2.5,0.0657176726767155
0,-0.29999999999999993,0.8200000000000001,2.5,0.05523660387147015
0,-0.29999999999999993,0.8400000000000001,2.5,0.04595813757264144
0,-0.29999999999999993,0.8600000000000001,2.5,0.0377689593046232
0,-0.29999999999999993,0.8800000000000001,2.5,0.030546568030598922
0,-0.29999999999999993,0.9000000000000001,2.5,0.02416157068796694
0,-0.29999999999999993,0.9199999999999999,2.5,0.018479623986542286
0,-0.29999999999999993,0.94,2.5,0.01336300117299905
0,-0.29999999999999993,0.96,2.5,0.008671791945091012
0,-0.29999999999999993,0.98,2.5,0.0042647716571494595
0,-0.29999999999999993,1.0,2.5,0.0
0,-0.28,-1.0,2.5,0.0
0,-0.28,-0.98,2.5,0.004391425019165387
0,-0.28,-0.96,2.5,0.008929323139344955
0,-0.28,-0.94,2.5,0.01375984998407928
0,-0.28,-0.92,2.5,0.01902842426096796
0,-0.28,-0.9,2.5,0.024879111302778045
0,-0.28,-0.88,2.5,0.03145372804884521
0,-0.28,-0.86,2.5,0.03889060749628941
0,-0.28,-0.84,2.5,0.047322985406199586
0,-0.28,-0.8200000000000001,2.5,0.05687700083820115
0,-0.28,-0.8,2.5,0.06766933347209488
0,-0.28,-0.78,2.5,0.07980453297011847
0,-0.28,-0.76,2.5,0.09337212695278183
0,-0.28,-0.74,2.5,0.10844362250465422
0,-0.28,-0.72,2.5,0.12506953948790028
0,-0.28,-0.7,2.5,0.1432766304421954
0,-0.28,-0.6799999999999999,2.5,0.1630654498860128
0,-0.28,-0.6599999999999999,2.5,0.18440843422552902
0,-0.28,-0.64,2.5,0.20724864160083337
0,-0.28,-0.62,2.5,0.2314992788945413
0,-0.28,-0.6,2.5,0.2570441115570297
0,-0.28,-0.5800000000000001,2.5,0.28373881235160164
0,-0.28,-0.56,2.5,0.3114132597418714
0,-0.28,-0.54,2.5,0.3398747481215721
0,-0.28,-0.52,2.5,0.3689120234706838
0,-0.28,-0.5,2.5,0.39830001249155333
0,-0.28,-0.48,2.5,0.42780507390023664
0,-0.28,-0.45999999999999996,2.5,0.45719057002403507
0,-0.28,-0.43999999999999995,2.5,0.48622253730023596
0,-0.28,-0.42000000000000004,2.5,0.5146752270305907
0,-0.28,-0.4,2.5,0.5423362932876323
0,-0.28,-0.38,2.5,0.5690114227417629
0,-0.28,-0.36,2.5,0.5945282300582342
0,-0.28,-0.33999999999999997,2.5,0.6187392803246795
0,-0.28,-0.31999999999999995,2.5,0.6415241440698196
0,-0.28,-0.29999999999999993,2.5,0.6627904378430729
0,-0.28,-0.28,2.5,0.6824738509799633
0,-0.28,-0.26,2.5,0.7005372041821595
0,-0.28,-0.24,2.5,0.7169686253847839
0,-0.28,-0.21999999999999997,2.5,0.7317789611223765
0,-0.28,-0.19999999999999996,2.5,0.7449985659714252
0,-0.28,-0.17999999999999994,2.5,0.7566736280970252
0,-0.28,-0.16000000000000003,2.5,0.7668621956171718
0,-0.28,-0.14,2.5,0.7756300671846803
0,-0.28,-0.12,2.5,0.7830467021125382
0,-0.28,-0.09999999999999998,2.5,0.7891812920780753
0,-0.28,-0.07999999999999996,2.5,0.7940991196022621
0,-0.28,-0.05999999999999994,2.5,0.797858309726649
0,-0.28,-0.040000000000000036,2.5,0.800507062008259
0,-0.28,-0.020000000000000018,2.5,0.802081431204023
0,-0.28,0.0,2.5,0.8026037075075871
0,-0.28,0.020000000000000018,2.5,0.802081431204023
0,-0.28,0.040000000000000036,2.5,0.800507062008259
0,-0.28,0.06000000000000005,2.5,0.797858309726649
0,-0.28,0.08000000000000007,2.5,0.7940991196022621
0,-0.28,0.10000000000000009,2.5,0.7891812920780753
0,-0.28,0.1200000000000001,2.5,0.7830467021125382
0,-0.28,0.14000000000000012,2.5,0.7756300671846803
0,-0.28,0.15999999999999992,2.5,0.7668621956171718
0,-0.28,0.17999999999999994,2.5,0.7566736280970252
0,-0.28,0.19999999999999996,2.5,0.7449985659714252
0,-0.28,0.21999999999999997,2.5,0.7317789611223765
0,-0.28,0.24,2.5,0.7169686253847839
0,-0.28,0.26,2.5,0.7005372041821595
0,-0.28,0.28,2.5,0.6824738509799633
0,-0.28,0.30000000000000004,2.5,0.6627904378430729
0,-0.28,0.32000000000000006,2.5,0.6415241440698196
0,-0.28,0.3400000000000001,2.5,0.6187392803246795
0,-0.28,0.3600000000000001,2.5,0.5945282300582342
0,-0.28,0.3800000000000001,2.5,0.5690114227417629
0,-0.28,0.40000000000000013,2.5,0.5423362932876323
0,-0.28,0.41999999999999993,2.5,0.5146752270305905
0,-0.28,0.43999999999999995,2.5,0.4862225373002359
0,-0.28,0.45999999999999996,2.5,0.45719057002403507
0,-0.28,0.48,2.5,0.4278050739002366
0,-0.28,0.5,2.5,0.3983000124915533
0,-0.28,0.52,2.5,0.3689120234706838
0,-0.28,0.54,2.5,0.3398747481215721
0,-0.28,0.56,2.5,0.3114132597418714
0,-0.28,0.5800000000000001,2.5,0.28373881235160164
0,-0.28,0.6000000000000001,2.5,0.2570441115570297
0,-0.28,0.6200000000000001,2.5,0.2314992788945413
0,-0.28,0.6400000000000001,2.5,0.20724864160083337
0,-0.28,0.6600000000000001,2.5,0.18440843422552902
0,-0.28,0.6799999999999999,2.5,0.1630654498860128
0,-0.28,0.7,2.5,0.1432766304421954
0,-0.28,0.72,2.5,0.12506953948790028
0,-0.28,0.74,2.5,0.10844362250465422
0,-0.28,0.76,2.5,0.09337212695278183
0,-0.28,0.78,2.5,0.07980453297011847
0,-0.28,0.8,2.5,0.06766933347209488
0,-0.28,0.8200000000000001,2.5,0.05687700083820115
0,-0.28,0.8400000000000001,2.5,0.047322985406199586
0,-0.28,0.8600000000000001,2.5,0.03889060749628941
0,-0.28,0.8800000000000001,2.5,0.03145372804884521
0,-0.28,0.9000000000000001,2.5,0.024879111302778045
0,-0.28,0.9199999999999999,2.5,0.01902842426096796
0,-0.28,0.94,2.5,0.01375984998407928
0,-0.28,0.96,2.5,0.008929323139344955
0,-0.28,0.98,2.5,0.004391425019165387
0,-0.28,1.0,2.5,0.0
0,-0.26,-1.0,2.5,0.0
0,-0.26,-0.98,2.5,0.004507651937598197
0,-0.26,-0.96,2.5,0.009165653747435528
0,-0.26,-0.94,2.5,0.014124029423397504
0,-0.26,-0.92,2.5,0.019532046542893484
0,-0.26,-0.9,2.5,0.025537583493431396
0,-0.26,-0.88,2.5,0.03228621076635788
0,-0.26,-0.86,2.5,0.03991992270698846
0,-0.26,-0.84,2.5,0.04857548152122499
0,-0.26,-0.8200000000000001,2.5,0.05838236488899545
0,-0.26,-0.8,2.5,0.06946034075084373
0,-0.26,-0.78,2.5,0.08191672598366007
0,-0.26,-0.76,2.5,0.09584341782991934
0,-0.26,-0.74,2.5,0.11131381603844342
0,-0.26,-0.72,2.5,0.1283797776544682
0,-0.26,-0.7,2.5,0.1470687633343982
0,-0.26,-0.6799999999999999,2.5,0.16738134230971727
0,-0.26,-0.6599999999999999,2.5,0.1892892214732089
0,-0.26,-0.64,2.5,0.21273395186973704
0,-0.26,-0.62,2.5,0.23762644318418785
0,-0.26,-0.6,2.5,0.2638473844126602
0,-0.26,-0.5800000000000001,2.5,0.29124862830523457
0,-0.26,-0.56,2.5,0.3196555505864585
0,-0.26,-0.54,2.5,0.34887034515329485
0,-0.26,-0.52,2.5,0.37867616654715586
0,-0.26,-0.5,2.5,0.4088419842613016
0,-0.26,-0.48,2.5,0.439127973024141
0,-0.26,-0.45999999999999996,2.5,0.4692912318667744
0,-0.26,-0.43999999999999995,2.5,0.4990916047095387
0,-0.26,-0.42000000000000004,2.5,0.528297367770189
0,-0.26,-0.4,2.5,0.5566905547845995
0,-0.26,-0.38,2.5,0.5840717093767711
0,-0.26,-0.36,2.5,0.610263883559546
0,-0.26,-0.33999999999999997,2.5,0.6351157401597881
0,-0.26,-0.31999999999999995,2.5,0.6585036622290262
0,-0.26,-0.29999999999999993,2.5,0.680332821164508
0,-0.26,-0.28,2.5,0.7005372041821595
0,-0.26,-0.26,2.5,0.7190786479780465
0,-0.26,-0.24,2.5,0.7359449663133625
0,-0.26,-0.21999999999999997,2.5,0.7511472928632215
0,-0.26,-0.19999999999999996,2.5,0.7647167856810275
0,-0.26,-0.17999999999999994,2.5,0.7767008554887105
0,-0.26,-0.16000000000000003,2.5,0.7871590868660373
0,-0.26,-0.14,2.5,0.7961590200638943
0,-0.26,-0.12,2.5,0.8037719528785157
0,-0.26,-0.09999999999999998,2.5,0.8100689083814242
0,-0.26,-0.07999999999999996,2.5,0.8151168970150545
0,-0.26,-0.05999999999999994,2.5,0.818975582293306
0,-0.26,-0.040000000000000036,2.5,0.821694439533187
0,-0.26,-0.020000000000000018,2.5,0.8233104777987243
0,-0.26,0.0,2.5,0.82384657726616
0,-0.26,0.020000000000000018,2.5,0.8233104777987243
0,-0.26,0.040000000000000036,2.5,0.821694439533187
0,-0.26,0.06000000000000005,2.5,0.818975582293306
0,-0.26,0.08000000000000007,2.5,0.8151168970150545
0,-0.26,0.10000000000000009,2.5,0.8100689083814242
0,-0.26,0.1200000000000001,2.5,0.8037719528785157
0,-0.26,0.14000000000000012,2.5,0.7961590200638943
0,-0.26,0.15999999999999992,2.5,0.7871590868660373
0,-0.26,0.17999999999999994,2.5,0.7767008554887105
0,-0.26,0.19999999999999996,2.5,0.7647167856810275
0,-0.26,0.21999999999999997,2.5,0.7511472928632215
0,-0.26,0.24,2.5,0.7359449663133625
0,-0.26,0.26,2.5,0.7190786479780465
0,-0.26,0.28,2.5,0.7005372041821595
0,-0.26,0.30000000000000004,2.5,0.680332821164508
0,-0.26,0.32000000000000006,2.5,0.6585036622290262
0,-0.26,0.3400000000000001,2.5,0.6351157401597881
0,-0.26,0.3600000000000001,2.5,0.610263883559546
0,-0.26,0.3800000000000001,2.5,0.5840717093767711
0,-0.26,0.40000000000000013,2.5,0.5566905547845995
0,-0.26,0.41999999999999993,2.5,0.5282973677701889
0,-0.26,0.43999999999999995,2.5,0.4990916047095387
0,-0.26,0.45999999999999996,2.5,0.4692912318667744
0,-0.26,0.48,2.5,0.439127973024141
0,-0.26,0.5,2.5,0.4088419842613016
0,-0.26,0.52,2.5,0.37867616654715586
0,-0.26,0.54,2.5,0.34887034515329485
0,-0.26,0.56,2.5,0.3196555505864585
0,-0.26,0.5800000000000001,2.5,0.29124862830523457
0,-0.26,0.6000000000000001,2.5,0.2638473844126602
0,-0.26,0.6200000000000001,2.5,0.23762644318418785
0,-0.26,0.6400000000000001,2.5,0.21273395186973704
0,-0.26,0.6600000000000001,2.5,0.1892892214732089
0,-0.26,0.6799999999999999,2.5,0.1673813423097173
0,-0.26,0.7,2.5,0.14706876333439822
0,-0.26,0.72,2.5,0.12837977765446823
0,-0.26,0.74,2.5,0.11131381603844342
0,-0.26,0.76,2.5,0.09584341782991934
0,-0.26,0.78,2.5,0.08191672598366007
0,-0.26,0.8,2.5,0.06946034075084373
0,-0.26,0.8200000000000001,2.5,0.05838236488899545
0,-0.26,0.8400000000000001,2.5,0.04857548152122499
0,-0.26,0.8600000000000001,2.5,0.03991992270698846
0,-0.26,0.8800000000000001,2.5,0.03228621076635788
0,-0.26,0.9000000000000001,2.5,0.025537583493431392
0,-0.26,0.9199999999999999,2.5,0.019532046542893484
0,-0.26,0.94,2.5,0.014124029423397504
0,-0.26,0.96,2.5,0.009165653747435528
0,-0.26,0.98,2.5,0.004507651937598197
0,-0.26,1.0,2.5,0.0
0,-0.24,-1.0,2.5,0.0
0,-0.24,-0.98,2.5,0.004613376271593273
0,-0.24,-0.96,2.5,0.009380628939708787
0,-0.24,-0.94,2.5,0.014455300881969665
0,-0.24,-0.92,2.5,0.019990160823389252
0,-0.24,-0.9,2.5,0.026136555723444466
0,-0.24,-0.88,2.5,0.033043470523061655
0,-0.24,-0.86,2.5,0.04085623014856854
0,-0.24,-0.84,2.5,0.049714804676595156
0,-0.24,-0.8200000000000001,2.5,0.05975170880729923
0,-0.24,-0.8,2.5,0.07108951976497452
0,-0.24,-0.78,2.5,0.08383807167235677
0,-0.24,-0.76,2.5,0.09809141734743337
0,-0.24,-0.74,2.5,0.11392467824767176
0,-0.24,-0.72,2.5,0.1313909278288609
0,-0.24,-0.7,2.5,0.1505182709206845
0,-0.24,-0.6799999999999999,2.5,0.17130729016375543
0,-0.24,-0.6599999999999999,2.5,0.19372902886280732
0,-0.24,-0.64,2.5,0.2177236671338985
0,-0.24,-0.62,2.5,0.2432000250016109
0,-0.24,-0.6,2.5,0.2700359929355648
0,-0.24,-0.5800000000000001,2.5,0.2980799487655103
0,-0.24,-0.56,2.5,0.3271531722393815
0,-0.24,-0.54,2.5,0.3570532175139861
0,-0.24,-0.52,2.5,0.3875581527942907
0,-0.24,-0.5,2.5,0.41843152850562715
0,-0.24,-0.48,2.5,0.4494278940142377
0,-0.24,-0.45999999999999996,2.5,0.48029865084441387
0,-0.24,-0.43999999999999995,2.5,0.5107980097960207
0,-0.24,-0.42000000000000004,2.5,0.5406888117597404
0,-0.24,-0.4,2.5,0.5697479778490531
0,-0.24,-0.38,2.5,0.5977713732442217
0,-0.24,-0.36,2.5,0.6245778994835509
0,-0.24,-0.33999999999999997,2.5,0.6500126696599893
0,-0.24,-0.31999999999999995,2.5,0.6739491673102322
0,-0.24,-0.29999999999999993,2.5,0.6962903395889538
0,-0.24,-0.28,2.5,0.7169686253847839
0,-0.24,-0.26,2.5,0.7359449663133625
0,-0.24,-0.24,2.5,0.7532068903805578
0,-0.24,-0.21999999999999997,2.5,0.768765792502471
0,-0.24,-0.19999999999999996,2.5,0.782653561666994
0,-0.24,-0.17999999999999994,2.5,0.7949187207521818
0,-0.24,-0.16000000000000003,2.5,0.8056222520405768
0,-0.24,-0.14,2.5,0.8148332800886162
0,-0.24,-0.12,2.5,0.8226247751279286
0,-0.24,-0.09999999999999998,2.5,0.8290694262130557
0,-0.24,-0.07999999999999996,2.5,0.8342358156398788
0,-0.24,-0.05999999999999994,2.5,0.8381850064362699
0,-0.24,-0.040000000000000036,2.5,0.8409676344486269
0,-0.24,-0.020000000000000018,2.5,0.842621576851567
0,-0.24,0.0,2.5,0.8431702505143291
0,-0.24,0.020000000000000018,2.5,0.842621576851567
0,-0.24,0.040000000000000036,2.5,0.8409676344486269
0,-0.24,0.06000000000000005,2.5,0.8381850064362699
0,-0.24,0.08000000000000007,2.5,0.8342358156398788
0,-0.24,0.10000000000000009,2.5,0.8290694262130557
0,-0.24,0.1200000000000001,2.5,0.8226247751279286
0,-0.24,0.14000000000000012,2.5,0.8148332800886162
0,-0.24,0.15999999999999992,2.5,0.8056222520405768
0,-0.24,0.17999999999999994,2.5,0.7949187207521818
0,-0.24,0.19999999999999996,2.5,0.782653561666994
0,-0.24,0.21999999999999997,2.5,0.768765792502471
0,-0.24,0.24,2.5,0.7532068903805578
0,-0.24,0.26,2.5,0.7359449663133625
0,-0.24,0.28,2.5,0.7169686253847839
0,-0.24,0.30000000000000004,2.5,0.6962903395889538
0,-0.24,0.32000000000000006,2.5,0.6739491673102322
0,-0.24,0.3400000000000001,2.5,0.6500126696599893
0,-0.24,0.3600000000000001,2.5,0.6245778994835509
0,-0.24,0.3800000000000001,2.5,0.5977713732442217
0,-0.24,0.40000000000000013,2.5,0.5697479778490531
0,-0.24,0.41999999999999993,2.5,0.5406888117597404
0,-0.24,0.43999999999999995,2.5,0.5107980097960207
0,-0.24,0.45999999999999996,2.5,0.48029865084441387
0,-0.24,0.48,2.5,0.4494278940142377
0,-0.24,0.5,2.5,0.41843152850562715
0,-0.24,0.52,2.5,0.3875581527942907
0,-0.24,0.54,2.5,0.3570532175139861
0,-0.24,0.56,2.5,0.3271531722393815
0,-0.24,0.5800000000000001,2.5,0.2980799487655103
0,-0.24,0.6000000000000001,2.5,0.27003599293556485
0,-0.24,0.6200000000000001,2.5,0.24320002500161092
0,-0.24,0.6400000000000001,2.5,0.2177236671338985
0,-0.24,0.6600000000000001,2.5,0.19372902886280732
0,-0.24,0.6799999999999999,2.5,0.17130729016375543
0,-0.24,0.7,2.5,0.15051827092068454
0,-0.24,0.72,2.5,0.1313909278288609
0,-0.24,0.74,2.5,0.11392467824767176
0,-0.24,0.76,2.5,0.09809141734743337
0,-0.24,0.78,2.5,0.08383807167235677
0,-0.24,0.8,2.5,0.07108951976497452
0,-0.24,0.8200000000000001,2.5,0.05975170880729922
0,-0.24,0.8400000000000001,2.5,0.04971480467659515
0,-0.24,0.8600000000000001,2.5,0.04085623014856853
0,-0.24,0.8800000000000001,2.5,0.033043470523061655
0,-0.24,0.9000000000000001,2.5,0.026136555723444466
0,-0.24,0.9199999999999999,2.5,0.019990160823389252
0,-0.24,0.94,2.5,0.014455300881969666
0,-0.24,0.96,2.5,0.009380628939708787
0,-0.24,0.98,2.5,0.004613376271593273
0,-0.24,1.0,2.5,0.0
0,-0.21999999999999997,-1.0,2.5,0.0
0,-0.21999999999999997,-0.98,2.5,0.004708668119108126
0,-0.21999999999999997,-0.96,2.5,0.009574391240030187
0,-0.21999999999999997,-0.94,2.5,0.01475388396022458
0,-0.21999999999999997,-0.92,2.5,0.02040307074070955
0,-0.21999999999999997,-0.9,2.5,0.026676424918708606
0,-0.21999999999999997,-0.88,2.5,0.03372600903443981
0,-0.21999999999999997,-0.86,2.5,0.04170015002408219
0,-0.21999999999999997,-0.84,2.5,0.05074170937514673
0,-0.21999999999999997,-0.8200000000000001,2.5,0.06098593920865914
0,-0.21999999999999997,-0.8,2.5,0.07255794890540038
0,-0.21999999999999997,-0.78,2.5,0.08556984152160738
0,-0.21999999999999997,-0.76,2.5,0.10011761282176818
0,-0.21999999999999997,-0.74,2.5,0.11627793614740928
0,-0.21999999999999997,-0.72,2.5,0.1341049813900911
0,-0.21999999999999997,-0.7,2.5,0.15362743402990076
0,-0.21999999999999997,-0.6799999999999999,2.5,0.1748458888177793
0,-0.21999999999999997,-0.6599999999999999,2.5,0.19773079095510904
0,-0.21999999999999997,-0.64,2.5,0.22222108488940492
0,-0.21999999999999997,-0.62,2.5,0.2482237071433659
0,-0.21999999999999997,-0.6,2.5,0.27561402574270816
0,-0.21999999999999997,-0.5800000000000001,2.5,0.3042372863997603
0,-0.21999999999999997,-0.56,2.5,0.3339110769500175
0,-0.21999999999999997,-0.54,2.5,0.3644287695110439
0,-0.21999999999999997,-0.52,2.5,0.3955638477042521
0,-0.21999999999999997,-0.5,2.5,0.42707497746029477
0,-0.21999999999999997,-0.48,2.5,0.4587116377052336
0,-0.21999999999999997,-0.45999999999999996,2.5,0.49022009449500403
0,-0.21999999999999997,-0.43999999999999995,2.5,0.5213494811967976
0,-0.21999999999999997,-0.42000000000000004,2.5,0.5518577395523796
0,-0.21999999999999997,-0.4,2.5,0.5815171824003185
0,-0.21999999999999997,-0.38,2.5,0.6101194579982652
0,-0.21999999999999997,-0.36,2.5,0.6374797268532261
0,-0.21999999999999997,-0.33999999999999997,2.5,0.6634399025112288
0,-0.21999999999999997,-0.31999999999999995,2.5,0.6878708550439817
0,-0.21999999999999997,-0.29999999999999993,2.5,0.7106735268045571
0,-0.21999999999999997,-0.28,2.5,0.7317789611223765
0,-0.21999999999999997,-0.26,2.5,0.7511472928632215
0,-0.21999999999999997,-0.24,2.5,0.768765792502471
0,-0.21999999999999997,-0.21999999999999997,2.5,0.7846460904638141
0,-0.21999999999999997,-0.19999999999999996,2.5,0.7988207346026174
0,-0.21999999999999997,-0.17999999999999994,2.5,0.8113392502789081
0,-0.21999999999999997,-0.16000000000000003,2.5,0.8222638796338366
0,-0.21999999999999997,-0.14,2.5,0.8316651752749578
0,-0.21999999999999997,-0.12,2.5,0.8396176149180375
0,-0.21999999999999997,-0.09999999999999998,2.5,0.8461953892823568
0,-0.21999999999999997,-0.07999999999999996,2.5,0.8514684974807466
0,-0.21999999999999997,-0.05999999999999994,2.5,0.8554992640153369
0,-0.21999999999999997,-0.040000000000000036,2.5,0.8583393707932616
0,-0.21999999999999997,-0.020000000000000018,2.5,0.8600274774732534
0,-0.21999999999999997,0.0,2.5,0.8605874846803936
0,-0.21999999999999997,0.020000000000000018,2.5,0.8600274774732534
0,-0.21999999999999997,0.040000000000000036,2.5,0.8583393707932616
0,-0.21999999999999997,0.06000000000000005,2.5,0.8554992640153369
0,-0.21999999999999997,0.08000000000000007,2.5,0.8514684974807466
0,-0.21999999999999997,0.10000000000000009,2.5,0.8461953892823568
0,-0.21999999999999997,0.1200000000000001,2.5,0.8396176149180375
0,-0.21999999999999997,0.14000000000000012,2.5,0.8316651752749578
0,-0.21999999999999997,0.15999999999999992,2.5,0.8222638796338366
0,-0.21999999999999997,0.17999999999999994,2.5,0.8113392502789081
0,-0.21999999999999997,0.19999999999999996,2.5,0.7988207346026174
0,-0.21999999999999997,0.21999999999999997,2.5,0.7846460904638141
0,-0.21999999999999997,0.24,2.5,0.768765792502471
0,-0.21999999999999997,0.26,2.5,0.7511472928632215
0,-0.21999999999999997,0.28,2.5,0.7317789611223765
0,-0.21999999999999997,0.30000000000000004,2.5,0.7106735268045571
0,-0.21999999999999997,0.32000000000000006,2.5,0.6878708550439817
0,-0.21999999999999997,0.3400000000000001,2.5,0.6634399025112288
0,-0.21999999999999997,0.3600000000000001,2.5,0.6374797268532261
0,-0.21999999999999997,0.3800000000000001,2.5,0.6101194579982652
0,-0.21999999999999997,0.40000000000000013,2.5,0.5815171824003185
0,-0.21999999999999997,0.41999999999999993,2.5,0.5518577395523795
0,-0.21999999999999997,0.43999999999999995,2.5,0.5213494811967975
0,-0.21999999999999997,0.45999999999999996,2.5,0.490220094495004
0,-0.21999999999999997,0.48,2.5,0.4587116377052336
0,-0.21999999999999997,0.5,2.5,0.42707497746029477
0,-0.21999999999999997,0.52,2.5,0.39556384770425207
0,-0.21999999999999997,0.54,2.5,0.36442876951104386
0,-0.21999999999999997,0.56,2.5,0.3339110769500175
0,-0.21999999999999997,0.5800000000000001,2.5,0.3042372863997603
0,-0.21999999999999997,0.6000000000000001,2.5,0.27561402574270816
0,-0.21999999999999997,0.6200000000000001,2.5,0.2482237071433659
0,-0.21999999999999997,0.6400000000000001,2.5,0.22222108488940492
0,-0.21999999999999997,0.6600000000000001,2.5,0.19773079095510904
0,-0.21999999999999997,0.6799999999999999,2.5,0.1748458888177793
0,-0.21999999999999997,0.7,2.5,0.15362743402990078
0,-0.21999999999999997,0.72,2.5,0.13410498139009114
0,-0.21999999999999997,0.74,2.5,0.11627793614740928
0,-0.21999999999999997,0.76,2.5,0.10011761282176818
0,-0.21999999999999997,0.78,2.5,0.08556984152160738
0,-0.21999999999999997,0.8,2.5,0.07255794890540039
0,-0.21999999999999997,0.8200000000000001,2.5,0.06098593920865914
0,-0.21999999999999997,0.8400000000000001,2.5,0.05074170937514673
0,-0.21999999999999997,0.8600000000000001,2.5,0.041700150024082186
0,-0.21999999999999997,0.8800000000000001,2.5,0.03372600903443981
0,-0.21999999999999997,0.9000000000000001,2.5,0.026676424918708606
0,-0.21999999999999997,0.9199999999999999,2.5,0.02040307074070955
0,-0.21999999999999997,0.94,2.5,0.01475388396022458
0,-0.21999999999999997,0.96,2.5,0.009574391240030187
0,-0.21999999999999997,0.98,2.5,0.004708668119108126
0,-0.21999999999999997,1.0,2.5,0.0
0,-0.19999999999999996,-1.0,2.5,0.0
0,-0.19999999999999996,-0.98,2.5,0.004793723143945716
0,-0.19999999999999996,-0.96,2.5,0.009747338490795949
0,-0.19999999999999996,-0.94,2.5,0.015020391694385881
0,-0.19999999999999996,-0.92,2.5,0.02077162400737011
0,-0.19999999999999996,-0.9,2.5,0.027158299356912625
0,-0.19999999999999996,-0.88,2.5,0.03433522733788823
0,-0.19999999999999996,-0.86,2.5,0.04245341447501396
0,-0.19999999999999996,-0.84,2.5,0.05165830312909486
0,-0.19999999999999996,-0.8200000000000001,2.5,0.06208758884844534
0,-0.19999999999999996,-0.8,2.5,0.07386864122739875
0,-0.19999999999999996,-0.78,2.5,0.0871155885876167
0,-0.19999999999999996,-0.76,2.5,0.10192616098689183
0,-0.19999999999999996,-0.74,2.5,0.11837841700050997
0,-0.19999999999999996,-0.72,2.5,0.13652750522215584
0,-0.19999999999999996,-0.7,2.5,0.15640262944411576
0,-0.19999999999999996,-0.6799999999999999,2.5,0.1780043952493017
0,-0.19999999999999996,-0.6599999999999999,2.5,0.20130271399157335
0,-0.19999999999999996,-0.64,2.5,0.22623542717620765
0,-0.19999999999999996,-0.62,2.5,0.25270779012257016
0,-0.19999999999999996,-0.6,2.5,0.2805929193276113
0,-0.19999999999999996,-0.5800000000000001,2.5,0.30973326477416735
0,-0.19999999999999996,-0.56,2.5,0.3399431188891026
0,-0.19999999999999996,-0.54,2.5,0.37101212088849933
0,-0.19999999999999996,-0.52,2.5,0.40270966217640647
0,-0.19999999999999996,-0.5,2.5,0.43479004876177685
0,-0.19999999999999996,-0.48,2.5,0.46699823367178633
0,-0.19999999999999996,-0.45999999999999996,2.5,0.49907589901870825
0,-0.19999999999999996,-0.43999999999999995,2.5,0.5307676460297658
0,-0.19999999999999996,-0.42000000000000004,2.5,0.5618270434455096
0,-0.19999999999999996,-0.4,2.5,0.5920222907415876
0,-0.19999999999999996,-0.38,2.5,0.6211412721391922
0,-0.19999999999999996,-0.36,2.5,0.6489958088957917
0,-0.19999999999999996,-0.33999999999999997,2.5,0.6754249586437324
0,-0.19999999999999996,-0.31999999999999995,2.5,0.7002972586848683
0,-0.19999999999999996,-0.29999999999999993,2.5,0.7235118619022555
0,-0.19999999999999996,-0.28,2.5,0.7449985659714252
0,-0.19999999999999996,-0.26,2.5,0.7647167856810275
0,-0.19999999999999996,-0.24,2.5,0.782653561666994
0,-0.19999999999999996,-0.21999999999999997,2.5,0.7988207346026174
0,-0.19999999999999996,-0.19999999999999996,2.5,0.8132514404858942
0,-0.19999999999999996,-0.17999999999999994,2.5,0.825996099530491
0,-0.19999999999999996,-0.16000000000000003,2.5,0.8371180784650859
0,-0.19999999999999996,-0.14,2.5,0.8466892046118069
0,-0.19999999999999996,-0.12,2.5,0.8547853013003799
0,-0.19999999999999996,-0.09999999999999998,2.5,0.8614818996663587
0,-0.19999999999999996,-0.07999999999999996,2.5,0.8668502634998049
0,-0.19999999999999996,-0.05999999999999994,2.5,0.8709538433168509
0,-0.19999999999999996,-0.040000000000000036,2.5,0.8738452547558668
0,-0.19999999999999996,-0.020000000000000018,2.5,0.8755638559334676
0,-0.19999999999999996,0.0,2.5,0.8761339792827801
0,-0.19999999999999996,0.020000000000000018,2.5,0.8755638559334676
0,-0.19999999999999996,0.040000000000000036,2.5,0.8738452547558668
0,-0.19999999999999996,0.06000000000000005,2.5,0.8709538433168509
0,-0.19999999999999996,0.08000000000000007,2.5,0.8668502634998049
0,-0.19999999999999996,0.10000000000000009,2.5,0.8614818996663587
0,-0.19999999999999996,0.1200000000000001,2.5,0.8547853013003799
0,-0.19999999999999996,0.14000000000000012,2.5,0.8466892046118069
0,-0.19999999999999996,0.15999999999999992,2.5,0.8371180784650859
0,-0.19999999999999996,0.17999999999999994,2.5,0.825996099530491
0,-0.19999999999999996,0.19999999999999996,2.5,0.8132514404858942
0,-0.19999999999999996,0.21999999999999997,2.5,0.7988207346026174
0,-0.19999999999999996,0.24,2.5,0.782653561666994
0,-0.19999999999999996,0.26,2.5,0.7647167856810275
0,-0.19999999999999996,0.28,2.5,0.7449985659714252
0,-0.19999999999999996,0.30000000000000004,2.5,0.7235118619022555
0,-0.19999999999999996,0.32000000000000006,2.5,0.7002972586848683
0,-0.19999999999999996,0.3400000000000001,2.5,0.6754249586437324
0,-0.19999999999999996,0.3600000000000001,2.5,0.6489958088957917
0,-0.19999999999999996,0.3800000000000001,2.5,0.6211412721391922
0,-0.19999999999999996,0.40000000000000013,2.5,0.5920222907415876
0,-0.19999999999999996,0.41999999999999993,2.5,0.5618270434455096
0,-0.19999999999999996,0.43999999999999995,2.5,0.5307676460297657
0,-0.19999999999999996,0.45999999999999996,2.5,0.49907589901870825
0,-0.19999999999999996,0.48,2.5,0.46699823367178633
0,-0.19999999999999996,0.5,2.5,0.43479004876177685
0,-0.19999999999999996,0.52,2.5,0.4027096621764064
0,-0.19999999999999996,0.54,2.5,0.3710121208884993
0,-0.19999999999999996,0.56,2.5,0.33994311888910256
0,-0.19999999999999996,0.5800000000000001,2.5,0.30973326477416735
0,-0.19999999999999996,0.6000000000000001,2.5,0.2805929193276113
0,-0.19999999999999996,0.6200000000000001,2.5,0.25270779012257016
0,-0.19999999999999996,0.6400000000000001,2.5,0.22623542717620762
0,-0.19999999999999996,0.6600000000000001,2.5,0.20130271399157335
0,-0.19999999999999996,0.6799999999999999,2.5,0.1780043952493017
0,-0.19999999999999996,0.7,2.5,0.1564026294441158
0,-0.19999999999999996,0.72,2.5,0.13652750522215587
0,-0.19999999999999996,0.74,2.5,0.11837841700050998
0,-0.19999999999999996,0.76,2.5,0.10192616098689183
0,-0.19999999999999996,0.78,2.5,0.0871155885876167
0,-0.19999999999999996,0.8,2.5,0.07386864122739875
0,-0.19999999999999996,0.8200000000000001,2.5,0.06208758884844534
0,-0.19999999999999996,0.8400000000000001,2.5,0.05165830312909486
0,-0.19999999999999996,0.8600000000000001,2.5,0.04245341447501396
0,-0.19999999999999996,0.8800000000000001,2.5,0.03433522733788823
0,-0.19999999999999996,0.9000000000000001,2.5,0.027158299356912625
0,-0.19999999999999996,0.9199999999999999,2.5,0.02077162400737011
0,-0.19999999999999996,0.94,2.5,0.015020391694385881
0,-0.19999999999999996,0.96,2.5,0.009747338490795949
0,-0.19999999999999996,0.98,2.5,0.004793723143945716
0,-0.19999999999999996,1.0,2.5,0.0
0,-0.17999999999999994,-1.0,2.5,0.0
0,-0.17999999999999994,-0.98,2.5,0.00486883891728331
0,-0.17999999999999994,-0.96,2.5,0.009900075747373761
0,-0.17999999999999994,-0.94,2.5,0.015255756428309508
0,-0.17999999999999994,-0.92,2.5,0.02109710990095593
0,-0.17999999999999994,-0.9,2.5,0.027583864643296395
0,-0.17999999999999994,-0.88,2.5,0.034873256355930554
0,-0.17999999999999994,-0.86,2.5,0.043118658089807714
0,-0.17999999999999994,-0.84,2.5,0.05246779155453939
0,-0.17999999999999994,-0.8200000000000001,2.5,0.0630605102640643
0,-0.17999999999999994,-0.8,2.5,0.07502617997428133
0,-0.17999999999999994,-0.78,2.5,0.08848071767362752
0,-0.17999999999999994,-0.76,2.5,0.10352338511244077
0,-0.17999999999999994,-0.74,2.5,0.12023346428229197
0,-0.17999999999999994,-0.72,2.5,0.13866696815812649
0,-0.17999999999999994,-0.7,2.5,0.15885355831118728
0,-0.17999999999999994,-0.6799999999999999,2.5,0.18079384991099992
0,-0.17999999999999994,-0.6599999999999999,2.5,0.20445728285116618
0,-0.17999999999999994,-0.64,2.5,0.22978072456590956
0,-0.17999999999999994,-0.62,2.5,0.2566679455963456
0,-0.17999999999999994,-0.6,2.5,0.2849900739618592
0,-0.17999999999999994,-0.5800000000000001,2.5,0.31458709054062356
0,-0.17999999999999994,-0.56,2.5,0.34527037734789023
0,-0.17999999999999994,-0.54,2.5,0.3768262768026218
0,-0.17999999999999994,-0.52,2.5,0.4090205661705111
0,-0.17999999999999994,-0.5,2.5,0.44160370089051126
0,-0.17999999999999994,-0.48,2.5,0.474316636831774
0,-0.17999999999999994,-0.45999999999999996,2.5,0.5068970076845979
0,-0.17999999999999994,-0.43999999999999995,2.5,0.5390854120066242
0,-0.17999999999999994,-0.42000000000000004,2.5,0.5706315564177478
0,-0.17999999999999994,-0.4,2.5,0.6013000075813675
0,-0.17999999999999994,-0.38,2.5,0.6308753254258237
0,-0.17999999999999994,-0.36,2.5,0.659166382080353
0,-0.17999999999999994,-0.33999999999999997,2.5,0.6860097129228494
0,-0.17999999999999994,-0.31999999999999995,2.5,0.7112717950318527
0,-0.17999999999999994,-0.29999999999999993,2.5,0.7348502008992489
0,-0.17999999999999994,-0.28,2.5,0.7566736280970252
0,-0.17999999999999994,-0.26,2.5,0.7767008554887105
0,-0.17999999999999994,-0.24,2.5,0.7949187207521818
0,-0.17999999999999994,-0.21999999999999997,2.5,0.8113392502789081
0,-0.17999999999999994,-0.19999999999999996,2.5,0.825996099530491
0,-0.17999999999999994,-0.17999999999999994,2.5,0.8389404790626878
0,-0.17999999999999994,-0.16000000000000003,2.5,0.8502367488398067
0,-0.17999999999999994,-0.14,2.5,0.8599578620058153
0,-0.17999999999999994,-0.12,2.5,0.868180830326181
0,-0.17999999999999994,-0.09999999999999998,2.5,0.8749823687787762
0,-0.17999999999999994,-0.07999999999999996,2.5,0.8804348581020409
0,-0.17999999999999994,-0.05999999999999994,2.5,0.8846027432934096
0,-0.17999999999999994,-0.040000000000000036,2.5,0.8875394646500467
0,-0.17999999999999994,-0.020000000000000018,2.5,0.889284997156698
0,-0.17999999999999994,0.0,2.5,0.8898640546130807
0,-0.17999999999999994,0.020000000000000018,2.5,0.889284997156698
0,-0.17999999999999994,0.040000000000000036,2.5,0.8875394646500467
0,-0.17999999999999994,0.06000000000000005,2.5,0.8846027432934096
0,-0.17999999999999994,0.08000000000000007,2.5,0.8804348581020409
0,-0.17999999999999994,0.10000000000000009,2.5,0.8749823687787762
0,-0.17999999999999994,0.1200000000000001,2.5,0.868180830326181
0,-0.17999999999999994,0.14000000000000012,2.5,0.8599578620058153
0,-0.17999999999999994,0.15999999999999992,2.5,0.8502367488398067
0,-0.17999999999999994,0.17999999999999994,2.5,0.8389404790626878
0,-0.17999999999999994,0.19999999999999996,2.5,0.825996099530491
0,-0.17999999999999994,0.21999999999999997,2.5,0.8113392502789081
0,-0.17999999999999994,0.24,2.5,0.7949187207521818
0,-0.17999999999999994,0.26,2.5,0.7767008554887105
0,-0.17999999999999994,0.28,2.5,0.7566736280970252
0,-0.17999999999999994,0.30000000000000004,2.5,0.7348502008992489
0,-0.17999999999999994,0.32000000000000006,2.5,0.7112717950318527
0,-0.17999999999999994,0.3400000000000001,2.5,0.6860097129228494
0,-0.17999999999999994,0.3600000000000001,2.5,0.659166382080353
0,-0.17999999999999994,0.3800000000000001,2.5,0.6308753254258237
0,-0.17999999999999994,0.40000000000000013,2.5,0.6013000075813675
0,-0.17999999999999994,0.41999999999999993,2.5,0.5706315564177478
0,-0.17999999999999994,0.43999999999999995,2.5,0.5390854120066242
0,-0.17999999999999994,0.45999999999999996,2.5,0.5068970076845979
0,-0.17999999999999994,0.48,2.5,0.474316636831774
0,-0.17999999999999994,0.5,2.5,0.4416037008905112
0,-0.17999999999999994,0.52,2.5,0.409020566170511
0,-0.17999999999999994,0.54,2.5,0.3768262768026218
0,-0.17999999999999994,0.56,2.5,0.34527037734789023
0,-0.17999999999999994,0.5800000000000001,2.5,0.31458709054062356
0,-0.17999999999999994,0.6000000000000001,2.5,0.2849900739618592
0,-0.17999999999999994,0.6200000000000001,2.5,0.2566679455963456
0,-0.17999999999999994,0.6400000000000001,2.5,0.22978072456590956
0,-0.17999999999999994,0.6600000000000001,2.5,0.20445728285116618
0,-0.17999999999999994,0.6799999999999999,2.5,0.18079384991099992
0,-0.17999999999999994,0.7,2.5,0.15885355831118728
0,-0.17999999999999994,0.72,2.5,0.1386669681581265
0,-0.17999999999999994,0.74,2.5,0.12023346428229197
0,-0.17999999999999994,0.76,2.5,0.10352338511244077
0,-0.17999999999999994,0.78,2.5,0.08848071767362752
0,-0.17999999999999994,0.8,2.5,0.07502617997428133
0,-0.17999999999999994,0.8200000000000001,2.5,0.0630605102640643
0,-0.17999999999999994,0.8400000000000001,2.5,0.05246779155453939
0,-0.17999999999999994,0.8600000000000001,2.5,0.043118658089807714
0,-0.17999999999999994,0.8800000000000001,2.5,0.03487325635593056
0,-0.17999999999999994,0.9000000000000001,2.5,0.027583864643296395
0,-0.17999999999999994,0.9199999999999999,2.5,0.02109710990095593
0,-0.17999999999999994,0.94,2.5,0.015255756428309508
0,-0.17999999999999994,0.96,2.5,0.009900075747373761
0,-0.17999999999999994,0.98,2.5,0.00486883891728331
0,-0.17999999999999994,1.0,2.5,0.0
0,-0.16000000000000003,-1.0,2.5,0.0
0,-0.16000000000000003,-0.98,2.5,0.004934389334286539
0,-0.16000000000000003,-0.96,2.5,0.010033363258503082
0,-0.16000000000000003,-0.94,2.5,0.015461149653872767
0,-0.16000000000000003,-0.92,2.5,0.021381148414041283
0,-0.16000000000000003,-0.9,2.5,0.02795523878088999
0,-0.16000000000000003,-0.88,2.5,0.0353427736719343
0,-0.16000000000000003,-0.86,2.5,0.043699191364908255
0,-0.16000000000000003,-0.84,2.5,0.05317420272208687
0,-0.16000000000000003,-0.8200000000000001,2.5,0.06390954448517852
0,-0.16000000000000003,-0.8,2.5,0.07603632443809726
0,-0.16000000000000003,-0.78,2.5,0.08967202052351196
0,-0.16000000000000003,-0.76,2.5,0.10491723119160122
0,-0.16000000000000003,-0.74,2.5,0.12185230610802976
0,-0.16000000000000003,-0.72,2.5,0.14053401259867734
0,-0.16000000000000003,-0.7,2.5,0.1609924117502085
0,-0.16000000000000003,-0.6799999999999999,2.5,0.1832281271159168
0,-0.16000000000000003,-0.6599999999999999,2.5,0.20721018716876127
0,-0.16000000000000003,-0.64,2.5,0.2328746092984066
0,-0.16000000000000003,-0.62,2.5,0.2601238683110689
0,-0.16000000000000003,-0.6,2.5,0.2888273569159877
0,-0.16000000000000003,-0.5800000000000001,2.5,0.31882290124042884
0,-0.16000000000000003,-0.56,2.5,0.3499193434220936
0,-0.16000000000000003,-0.54,2.5,0.3819001488052031
0,-0.16000000000000003,-0.52,2.5,0.4145279406380521
0,-0.16000000000000003,-0.5,2.5,0.44754981400902394
0,-0.16000000000000003,-0.48,2.5,0.48070323650981256
0,-0.16000000000000003,-0.45999999999999996,2.5,0.5137223088154987
0,-0.16000000000000003,-0.43999999999999995,2.5,0.5463441363967431
0,-0.16000000000000003,-0.42000000000000004,2.5,0.5783150554434712
0,-0.16000000000000003,-0.4,2.5,0.6093964623063332
0,-0.16000000000000003,-0.38,2.5,0.639370015845346
0,-0.16000000000000003,-0.36,2.5,0.6680420145268483
0,-0.16000000000000003,-0.33999999999999997,2.5,0.6952467925975038
0,-0.16000000000000003,-0.31999999999999995,2.5,0.7208490292177259
0,-0.16000000000000003,-0.29999999999999993,2.5,0.7447449177088936
0,-0.16000000000000003,-0.28,2.5,0.7668621956171718
0,-0.16000000000000003,-0.26,2.5,0.7871590868660373
0,-0.16000000000000003,-0.24,2.5,0.8056222520405768
0,-0.16000000000000003,-0.21999999999999997,2.5,0.8222638796338366
0,-0.16000000000000003,-0.19999999999999996,2.5,0.8371180784650859
0,-0.16000000000000003,-0.17999999999999994,2.5,0.8502367488398067
0,-0.16000000000000003,-0.16000000000000003,2.5,0.8616851175337158
0,-0.16000000000000003,-0.14,2.5,0.8715371202068798
0,-0.16000000000000003,-0.12,2.5,0.8798708057810518
0,-0.16000000000000003,-0.09999999999999998,2.5,0.8867639223791665
0,-0.16000000000000003,-0.07999999999999996,2.5,0.8922898255043211
0,-0.16000000000000003,-0.05999999999999994,2.5,0.8965138280400207
0,-0.16000000000000003,-0.040000000000000036,2.5,0.899490089964316
0,-0.16000000000000003,-0.020000000000000018,2.5,0.9012591246032605
0,-0.16000000000000003,0.0,2.5,0.9018459785753513
0,-0.16000000000000003,0.020000000000000018,2.5,0.9012591246032605
0,-0.16000000000000003,0.040000000000000036,2.5,0.899490089964316
0,-0.16000000000000003,0.06000000000000005,2.5,0.8965138280400207
0,-0.16000000000000003,0.08000000000000007,2.5,0.8922898255043211
0,-0.16000000000000003,0.10000000000000009,2.5,0.8867639223791665
0,-0.16000000000000003,0.1200000000000001,2.5,0.8798708057810518
0,-0.16000000000000003,0.14000000000000012,2.5,0.8715371202068798
0,-0.16000000000000003,0.15999999999999992,2.5,0.8616851175337158
0,-0.16000000000000003,0.17999999999999994,2.5,0.8502367488398067
0,-0.16000000000000003,0.19999999999999996,2.5,0.8371180784650859
0,-0.16000000000000003,0.21999999999999997,2.5,0.8222638796338366
0,-0.16000000000000003,0.24,2.5,0.8056222520405768
0,-0.16000000000000003,0.26,2.5,0.7871590868660373
0,-0.16000000000000003,0.28,2.5,0.7668621956171718
0,-0.16000000000000003,0.30000000000000004,2.5,0.7447449177088936
0,-0.16000000000000003,0.32000000000000006,2.5,0.7208490292177259
0,-0.16000000000000003,0.3400000000000001,2.5,0.6952467925975038
0,-0.16000000000000003,0.3600000000000001,2.5,0.6680420145268483
0,-0.16000000000000003,0.3800000000000001,2.5,0.639370015845346
0,-0.16000000000000003,0.40000000000000013,2.5,0.6093964623063332
0,-0.16000000000000003,0.41999999999999993,2.5,0.5783150554434712
0,-0.16000000000000003,0.43999999999999995,2.5,0.5463441363967431
0,-0.16000000000000003,0.45999999999999996,2.5,0.5137223088154987
0,-0.16000000000000003,0.48,2.5,0.48070323650981256
0,-0.16000000000000003,0.5,2.5,0.44754981400902394
0,-0.16000000000000003,0.52,2.5,0.4145279406380521
0,-0.16000000000000003,0.54,2.5,0.3819001488052031
0,-0.16000000000000003,0.56,2.5,0.3499193434220936
0,-0.16000000000000003,0.5800000000000001,2.5,0.3188229012404288
0,-0.16000000000000003,0.6000000000000001,2.5,0.2888273569159877
0,-0.16000000000000003,0.6200000000000001,2.5,0.2601238683110689
0,-0.16000000000000003,0.6400000000000001,2.5,0.2328746092984066
0,-0.16000000000000003,0.6600000000000001,2.5,0.20721018716876127
0,-0.16000000000000003,0.6799999999999999,2.5,0.1832281271159168
0,-0.16000000000000003,0.7,2.5,0.1609924117502085
0,-0.16000000000000003,0.72,2.5,0.14053401259867734
0,-0.16000000000000003,0.74,2.5,0.12185230610802977
0,-0.16000000000000003,0.76,2.5,0.10491723119160122
0,-0.16000000000000003,0.78,2.5,0.08967202052351196
0,-0.16000000000000003,0.8,2.5,0.07603632443809726
0,-0.16000000000000003,0.8200000000000001,2.5,0.06390954448517852
0,-0.16000000000000003,0.8400000000000001,2.5,0.05317420272208687
0,-0.16000000000000003,0.8600000000000001,2.5,0.043699191364908255
0,-0.16000000000000003,0.8800000000000001,2.5,0.0353427736719343
0,-0.16000000000000003,0.9000000000000001,2.5,0.02795523878088999
0,-0.16000000000000003,0.9199999999999999,2.5,0.021381148414041283
0,-0.16000000000000003,0.94,2.5,0.015461149653872767
0,-0.16000000000000003,0.96,2.5,0.010033363258503082
0,-0.16000000000000003,0.98,2.5,0.004934389334286539
0,-0.16000000000000003,1.0,2.5,0.0
0,-0.14,-1.0,2.5,0.0
0,-0.14,-0.98,2.5,0.004990798157827747
0,-0.14,-0.96,2.5,0.010148062671762409
0,-0.14,-0.94,2.5,0.015637899116172607
0,-0.14,-0.92,2.5,0.02162557562150724
0,-0.14,-0.9,2.5,0.028274822294919264
0,-0.14,-0.88,2.5,0.03574681405272279
0,-0.14,-0.86,2.5,0.04419876643386007
0,-0.14,-0.84,2.5,0.05378210209860628
0,-0.14,-0.8200000000000001,2.5,0.06464017843494431
0,-0.14,-0.8,2.5,0.07690560236482133
0,-0.14,-0.78,2.5,0.0906971951460828
0,-0.14,-0.76,2.5,0.10611670556088558
0,-0.14,-0.74,2.5,0.12324540209421729
0,-0.14,-0.72,2.5,0.14214070125689524
0,-0.14,-0.7,2.5,0.16283300796104885
0,-0.14,-0.6799999999999999,2.5,0.18532295298974658
0,-0.14,-0.6599999999999999,2.5,0.20957921077427558
0,-0.14,-0.64,2.5,0.2355370671948974
0,-0.14,-0.62,2.5,0.2630978819988732
0,-0.14,-0.6,2.5,0.2921295545488915
0,-0.14,-0.5800000000000001,2.5,0.32246805666489137
0,-0.14,-0.56,2.5,0.35392004474607347
0,-0.14,-0.54,2.5,0.38626650821376357
0,-0.14,-0.52,2.5,0.41926735606255516
0,-0.14,-0.5,2.5,0.4526667915612621
0,-0.14,-0.48,2.5,0.48619928039092003
0,-0.14,-0.45999999999999996,2.5,0.5195958828157158
0,-0.14,-0.43999999999999995,2.5,0.5525906982570178
0,-0.14,-0.42000000000000004,2.5,0.5849271624117659
0,-0.14,-0.4,2.5,0.6163639433545851
0,-0.14,-0.38,2.5,0.6466802033758118
0,-0.14,-0.36,2.5,0.6756800261304873
0,-0.14,-0.33999999999999997,2.5,0.7031958516468726
0,-0.14,-0.31999999999999995,2.5,0.7290908118634136
0,-0.14,-0.29999999999999993,2.5,0.7532599132443099
0,-0.14,-0.28,2.5,0.7756300671846803
0,-0.14,-0.26,2.5,0.7961590200638943
0,-0.14,-0.24,2.5,0.8148332800886162
0,-0.14,-0.21999999999999997,2.5,0.8316651752749578
0,-0.14,-0.19999999999999996,2.5,0.8466892046118069
0,-0.14,-0.17999999999999994,2.5,0.8599578620058153
0,-0.14,-0.16000000000000003,2.5,0.8715371202068798
0,-0.14,-0.14,2.5,0.8815017604197536
0,-0.14,-0.12,2.5,0.8899307241306882
0,-0.14,-0.09999999999999998,2.5,0.8969026485729785
0,-0.14,-0.07999999999999996,2.5,0.9024917281172404
0,-0.14,-0.05999999999999994,2.5,0.9067640225354545
0,-0.14,-0.040000000000000036,2.5,0.9097743111506057
0,-0.14,-0.020000000000000018,2.5,0.911563570575657
0,-0.14,0.0,2.5,0.9121571338468768
0,-0.14,0.020000000000000018,2.5,0.911563570575657
0,-0.14,0.040000000000000036,2.5,0.9097743111506057
0,-0.14,0.06000000000000005,2.5,0.9067640225354545
0,-0.14,0.08000000000000007,2.5,0.9024917281172404
0,-0.14,0.10000000000000009,2.5,0.8969026485729785
0,-0.14,0.1200000000000001,2.5,0.8899307241306882
0,-0.14,0.14000000000000012,2.5,0.8815017604197536
0,-0.14,0.15999999999999992,2.5,0.8715371202068798
0,-0.14,0.17999999999999994,2.5,0.8599578620058153
0,-0.14,0.19999999999999996,2.5,0.8466892046118069
0,-0.14,0.21999999999999997,2.5,0.8316651752749578
0,-0.14,0.24,2.5,0.8148332800886162
0,-0.14,0.26,2.5,0.7961590200638943
0,-0.14,0.28,2.5,0.7756300671846803
0,-0.14,0.30000000000000004,2.5,0.7532599132443099
0,-0.14,0.32000000000000006,2.5,0.7290908118634136
0,-0.14,0.3400000000000001,2.5,0.7031958516468726
0,-0.14,0.3600000000000001,2.5,0.6756800261304873
0,-0.14,0.3800000000000001,2.5,0.6466802033758118
0,-0.14,0.40000000000000013,2.5,0.6163639433545851
0,-0.14,0.41999999999999993,2.5,0.5849271624117659
0,-0.14,0.43999999999999995,2.5,0.5525906982570178
0,-0.14,0.45999999999999996,2.5,0.5195958828157158
0,-0.14,0.48,2.5,0.48619928039092003
0,-0.14,0.5,2.5,0.45266679156126205
0,-0.14,0.52,2.5,0.41926735606255516
0,-0.14,0.54,2.5,0.38626650821376357
0,-0.14,0.56,2.5,0.35392004474607347
0,-0.14,0.5800000000000001,2.5,0.32246805666489137
0,-0.14,0.6000000000000001,2.5,0.2921295545488915
0,-0.14,0.6200000000000001,2.5,0.2630978819988732
0,-0.14,0.6400000000000001,2.5,0.2355370671948974
0,-0.14,0.6600000000000001,2.5,0.20957921077427558
0,-0.14,0.6799999999999999,2.5,0.18532295298974658
0,-0.14,0.7,2.5,0.16283300796104885
0,-0.14,0.72,2.5,0.14214070125689524
0,-0.14,0.74,2.5,0.12324540209421729
0,-0.14,0.76,2.5,0.10611670556088558
0,-0.14,0.78,2.5,0.0906971951460828
0,-0.14,0.8,2.5,0.07690560236482132
0,-0.14,0.8200000000000001,2.5,0.0646401784349443
0,-0.14,0.8400000000000001,2.5,0.05378210209860628
0,-0.14,0.8600000000000001,2.5,0.04419876643386007
0,-0.14,0.8800000000000001,2.5,0.03574681405272279
0,-0.14,0.9000000000000001,2.5,0.028274822294919264
0,-0.14,0.9199999999999999,2.5,0.02162557562150724
0,-0.14,0.94,2.5,0.015637899116172607
0,-0.14,0.96,2.5,0.010148062671762409
0,-0.14,0.98,2.5,0.004990798157827747
0,-0.14,1.0,2.5,0.0
0,-0.12,-1.0,2.5,0.0
0,-0.12,-0.98,2.5,0.005038512689227702
0,-0.12,-0.96,2.5,0.01024508349727801
0,-0.12,-0.94,2.5,0.015787406316562676
0,-0.12,-0.92,2.5,0.0218323295978368
0,-0.12,-0.9,2.5,0.028545149075990237
0,-0.12,-0.88,2.5,0.03608858087948353
0,-0.12,-0.86,2.5,0.04462134391888712
0,-0.12,-0.84,2.5,0.05429630885411903
0,-0.12,-0.8200000000000001,2.5,0.06525820397110174
0,-0.12,-0.8,2.5,0.07764090430949828
0,-0.12,-0.78,2.5,0.09156436743782331
0,-0.12,-0.76,2.5,0.10713131520769022
0,-0.12,-0.74,2.5,0.12442379333990036
0,-0.12,-0.72,2.5,0.14349976749979618
0,-0.12,-0.7,2.5,0.16438993345233596
0,-0.12,-0.6799999999999999,2.5,0.1870949281083961
0,-0.12,-0.6599999999999999,2.5,0.2115831264282092
0,-0.12,-0.64,2.5,0.23778919552108937
0,-0.12,-0.62,2.5,0.2656135519183173
0,-0.12,-0.6,2.5,0.2949228317722288
0,-0.12,-0.5800000000000001,2.5,0.325551438354492
0,-0.12,-0.56,2.5,0.3573041791570548
0,-0.12,-0.54,2.5,0.38995994922565275
0,-0.12,-0.52,2.5,0.4232763615740459
0,-0.12,-0.5,2.5,0.456995173286308
0,-0.12,-0.48,2.5,0.49084831073212276
0,-0.12,-0.45999999999999996,2.5,0.5245642622968619
0,-0.12,-0.43999999999999995,2.5,0.5578745845899239
0,-0.12,-0.42000000000000004,2.5,0.5905202597871853
0,-0.12,-0.4,2.5,0.6222576481217758
0,-0.12,-0.38,2.5,0.6528638000444988
0,-0.12,-0.36,2.5,0.6821409257120516
0,-0.12,-0.33999999999999997,2.5,0.7099198628457327
0,-0.12,-0.31999999999999995,2.5,0.7360624346031087
0,-0.12,-0.29999999999999993,2.5,0.7604626435016901
0,-0.12,-0.28,2.5,0.7830467021125382
0,-0.12,-0.26,2.5,0.8037719528785157
0,-0.12,-0.24,2.5,0.8226247751279286
0,-0.12,-0.21999999999999997,2.5,0.8396176149180375
0,-0.12,-0.19999999999999996,2.5,0.8547853013003799
0,-0.12,-0.17999999999999994,2.5,0.868180830326181
0,-0.12,-0.16000000000000003,2.5,0.8798708057810518
0,-0.12,-0.14,2.5,0.8899307241306882
0,-0.12,-0.12,2.5,0.8984402818946818
0,-0.12,-0.09999999999999998,2.5,0.9054788684160303
0,-0.12,-0.07999999999999996,2.5,0.9111213876728016
0,-0.12,-0.05999999999999994,2.5,0.9154345312375313
0,-0.12,-0.040000000000000036,2.5,0.9184736023428978
0,-0.12,-0.020000000000000018,2.5,0.9202799695003532
0,-0.12,0.0,2.5,0.9208792080293828
0,-0.12,0.020000000000000018,2.5,0.9202799695003532
0,-0.12,0.040000000000000036,2.5,0.9184736023428978
0,-0.12,0.06000000000000005,2.5,0.9154345312375313
0,-0.12,0.08000000000000007,2.5,0.9111213876728016
0,-0.12,0.10000000000000009,2.5,0.9054788684160303
0,-0.12,0.1200000000000001,2.5,0.8984402818946818
0,-0.12,0.14000000000000012,2.5,0.8899307241306882
0,-0.12,0.15999999999999992,2.5,0.8798708057810518
0,-0.12,0.17999999999999994,2.5,0.868180830326181
0,-0.12,0.19999999999999996,2.5,0.8547853013003799
0,-0.12,0.21999999999999997,2.5,0.8396176149180375
0,-0.12,0.24,2.5,0.8226247751279286
0,-0.12,0.26,2.5,0.8037719528785157
0,-0.12,0.28,2.5,0.7830467021125382
0,-0.12,0.30000000000000004,2.5,0.7604626435016901
0,-0.12,0.32000000000000006,2.5,0.7360624346031087
0,-0.12,0.3400000000000001,2.5,0.7099198628457327
0,-0.12,0.3600000000000001,2.5,0.6821409257120516
0,-0.12,0.3800000000000001,2.5,0.6528638000444988
0,-0.12,0.40000000000000013,2.5,0.6222576481217756
0,-0.12,0.41999999999999993,2.5,0.5905202597871853
0,-0.12,0.43999999999999995,2.5,0.5578745845899239
0,-0.12,0.45999999999999996,2.5,0.5245642622968618
0,-0.12,0.48,2.5,0.4908483107321227
0,-0.12,0.5,2.5,0.45699517328630795
0,-0.12,0.52,2.5,0.42327636157404586
0,-0.12,0.54,2.5,0.3899599492256527
0,-0.12,0.56,2.5,0.3573041791570548
0,-0.12,0.5800000000000001,2.5,0.325551438354492
0,-0.12,0.6000000000000001,2.5,0.29492283177222883
0,-0.12,0.6200000000000001,2.5,0.26561355191831737
0,-0.12,0.6400000000000001,2.5,0.2377891955210894
0,-0.12,0.6600000000000001,2.5,0.2115831264282092
0,-0.12,0.6799999999999999,2.5,0.1870949281083961
0,-0.12,0.7,2.5,0.16438993345233596
0,-0.12,0.72,2.5,0.14349976749979618
0,-0.12,0.74,2.5,0.12442379333990036
0,-0.12,0.76,2.5,0.10713131520769022
0,-0.12,0.78,2.5,0.09156436743782331
0,-0.12,0.8,2.5,0.07764090430949828
0,-0.12,0.8200000000000001,2.5,0.06525820397110173
0,-0.12,0.8400000000000001,2.5,0.05429630885411903
0,-0.12,0.8600000000000001,2.5,0.04462134391888712
0,-0.12,0.8800000000000001,2.5,0.03608858087948353
0,-0.12,0.9000000000000001,2.5,0.028545149075990237
0,-0.12,0.9199999999999999,2.5,0.0218323295978368
0,-0.12,0.94,2.5,0.015787406316562676
0,-0.12,0.96,2.5,0.01024508349727801
0,-0.12,0.98,2.5,0.005038512689227702
0,-0.12,1.0,2.5,0.0
0,-0.09999999999999998,-1.0,2.5,0.0
0,-0.09999999999999998,-0.98,2.5,0.005077978480264712
0,-0.09999999999999998,-0.96,2.5,0.010325331688645887
0,-0.09999999999999998,-0.94,2.5,0.015911067278130245
0,-0.09999999999999998,-0.92,2.5,0.02200334084578304
0,-0.09999999999999998,-0.9,2.5,0.028768743121388766
0,-0.09999999999999998,-0.88,2.5,0.03637126503490975
0,-0.09999999999999998,-0.86,2.5,0.044970869000937934
0,-0.09999999999999998,-0.84,2.5,0.05472162338502782
0,-0.09999999999999998,-0.8200000000000001,2.5,0.0657693904067612
0,-0.09999999999999998,-0.8,2.5,0.0782490940275263
0,-0.09999999999999998,-0.78,2.5,0.09228163171600956
0,-0.09999999999999998,-0.76,2.5,0.10797053020147845
0,-0.09999999999999998,-0.74,2.5,0.1253984781007469
0,-0.09999999999999998,-0.72,2.5,0.14462389531950828
0,-0.09999999999999998,-0.7,2.5,0.16567771821015587
0,-0.09999999999999998,-0.6799999999999999,2.5,0.18856058876155163
0,-0.09999999999999998,-0.6599999999999999,2.5,0.2132406342361786
0,-0.09999999999999998,-0.64,2.5,0.23965200993659488
0,-0.09999999999999998,-0.62,2.5,0.2676943522221063
0,-0.09999999999999998,-0.6,2.5,0.2972332523888907
0,-0.09999999999999998,-0.5800000000000001,2.5,0.32810181629113655
0,-0.09999999999999998,-0.56,2.5,0.3601033221032052
0,-0.09999999999999998,-0.54,2.5,0.3930149325129521
0,-0.09999999999999998,-0.52,2.5,0.42659236141745066
0,-0.09999999999999998,-0.5,2.5,0.46057534254213217
0,-0.09999999999999998,-0.48,2.5,0.49469370186788597
0,-0.09999999999999998,-0.45999999999999996,2.5,0.5286738004530108
0,-0.09999999999999998,-0.43999999999999995,2.5,0.5622450916227665
0,-0.09999999999999998,-0.42000000000000004,2.5,0.5951465281265477
0,-0.09999999999999998,-0.4,2.5,0.6271325612708776
0,-0.09999999999999998,-0.38,2.5,0.6579784947042752
0,-0.09999999999999998,-0.36,2.5,0.6874849889265441
0,-0.09999999999999998,-0.33999999999999997,2.5,0.7154815563195971
0,-0.09999999999999998,-0.31999999999999995,2.5,0.7418289374932342
0,-0.09999999999999998,-0.29999999999999993,2.5,0.7664203045621848
0,-0.09999999999999998,-0.28,2.5,0.7891812920780753
0,-0.09999999999999998,-0.26,2.5,0.8100689083814242
0,-0.09999999999999998,-0.24,2.5,0.8290694262130557
0,-0.09999999999999998,-0.21999999999999997,2.5,0.8461953892823568
0,-0.09999999999999998,-0.19999999999999996,2.5,0.8614818996663587
0,-0.09999999999999998,-0.17999999999999994,2.5,0.8749823687787762
0,-0.09999999999999998,-0.16000000000000003,2.5,0.8867639223791665
0,-0.09999999999999998,-0.14,2.5,0.8969026485729785
0,-0.09999999999999998,-0.12,2.5,0.9054788684160303
0,-0.09999999999999998,-0.09999999999999998,2.5,0.9125725933678825
0,-0.09999999999999998,-0.07999999999999996,2.5,0.9182593143660004
0,-0.09999999999999998,-0.05999999999999994,2.5,0.9226062455828973
0,-0.09999999999999998,-0.040000000000000036,2.5,0.9256691236078805
0,-0.09999999999999998,-0.020000000000000018,2.5,0.9274896411145725
0,-0.09999999999999998,0.0,2.5,0.9280935738290067
0,-0.09999999999999998,0.020000000000000018,2.5,0.9274896411145725
0,-0.09999999999999998,0.040000000000000036,2.5,0.9256691236078805
0,-0.09999999999999998,0.06000000000000005,2.5,0.9226062455828973
0,-0.09999999999999998,0.08000000000000007,2.5,0.9182593143660004
0,-0.09999999999999998,0.10000000000000009,2.5,0.9125725933678825
0,-0.09999999999999998,0.1200000000000001,2.5,0.9054788684160303
0,-0.09999999999999998,0.14000000000000012,2.5,0.8969026485729785
0,-0.09999999999999998,0.15999999999999992,2.5,0.8867639223791665
0,-0.09999999999999998,0.17999999999999994,2.5,0.8749823687787762
0,-0.09999999999999998,0.19999999999999996,2.5,0.8614818996663587
0,-0.09999999999999998,0.21999999999999997,2.5,0.8461953892823568
0,-0.09999999999999998,0.24,2.5,0.8290694262130557
0,-0.09999999999999998,0.26,2.5,0.8100689083814242
0,-0.09999999999999998,0.28,2.5,0.7891812920780753
0,-0.09999999999999998,0.30000000000000004,2.5,0.7664203045621848
0,-0.09999999999999998,0.32000000000000006,2.5,0.7418289374932342
0,-0.09999999999999998,0.3400000000000001,2.5,0.7154815563195971
0,-0.09999999999999998,0.3600000000000001,2.5,0.6874849889265441
0,-0.09999999999999998,0.3800000000000001,2.5,0.6579784947042752
0,-0.09999999999999998,0.40000000000000013,2.5,0.6271325612708776
0,-0.09999999999999998,0.41999999999999993,2.5,0.5951465281265476
0,-0.09999999999999998,0.43999999999999995,2.5,0.5622450916227665
0,-0.09999999999999998,0.45999999999999996,2.5,0.5286738004530107
0,-0.09999999999999998,0.48,2.5,0.4946937018678859
0,-0.09999999999999998,0.5,2.5,0.4605753425421321
0,-0.09999999999999998,0.52,2.5,0.4265923614174506
0,-0.09999999999999998,0.54,2.5,0.39301493251295205
0,-0.09999999999999998,0.56,2.5,0.3601033221032052
0,-0.09999999999999998,0.5800000000000001,2.5,0.32810181629113655
0,-0.09999999999999998,0.6000000000000001,2.5,0.29723325238889076
0,-0.09999999999999998,0.6200000000000001,2.5,0.26769435222210636
0,-0.09999999999999998,0.6400000000000001,2.5,0.2396520099365949
0,-0.09999999999999998,0.6600000000000001,2.5,0.21324063423617862
0,-0.09999999999999998,0.6799999999999999,2.5,0.18856058876155163
0,-0.09999999999999998,0.7,2.5,0.16567771821015587
0,-0.09999999999999998,0.72,2.5,0.14462389531950828
0,-0.09999999999999998,0.74,2.5,0.1253984781007469
0,-0.09999999999999998,0.76,2.5,0.10797053020147845
0,-0.09999999999999998,0.78,2.5,0.09228163171600955
0,-0.09999999999999998,0.8,2.5,0.0782490940275263
0,-0.09999999999999998,0.8200000000000001,2.5,0.0657693904067612
0,-0.09999999999999998,0.8400000000000001,2.5,0.05472162338502782
0,-0.09999999999999998,0.8600000000000001,2.5,0.044970869000937934
0,-0.09999999999999998,0.8800000000000001,2.5,0.03637126503490975
0,-0.09999999999999998,0.9000000000000001,2.5,0.028768743121388766
0,-0.09999999999999998,0.9199999999999999,2.5,0.02200334084578304
0,-0.09999999999999998,0.94,2.5,0.015911067278130245
0,-0.09999999999999998,0.96,2.5,0.010325331688645887
0,-0.09999999999999998,0.98,2.5,0.005077978480264712
0,-0.09999999999999998,1.0,2.5,0.0
0,-0.07999999999999996,-1.0,2.5,0.0
0,-0.07999999999999996,-0.98,2.5,0.005109615892192178
0,-0.07999999999999996,-0.96,2.5,0.010389661979418839
0,-0.07999999999999996,-0.94,2.5,0.016010199098256933
0,-0.07999999999999996,-0.92,2.5,0.02214043072770347
0,-0.07999999999999996,-0.9,2.5,0.028947985739222724
0,-0.07999999999999996,-0.88,2.5,0.0365978770175363
0,-0.07999999999999996,-0.86,2.5,0.04525106384356495
0,-0.07999999999999996,-0.84,2.5,0.05506257473607522
0,-0.07999999999999996,-0.8200000000000001,2.5,0.0661791809460516
0,-0.07999999999999996,-0.8,2.5,0.07873664731717271
0,-0.07999999999999996,-0.78,2.5,0.0928566248035771
0,-0.07999999999999996,-0.76,2.5,0.10864328537894885
0,-0.07999999999999996,-0.74,2.5,0.12617983305109054
0,-0.07999999999999996,-0.72,2.5,0.14552505187935993
0,-0.07999999999999996,-0.7,2.5,0.16671007109275218
0,-0.07999999999999996,-0.6799999999999999,2.5,0.18973553675771093
0,-0.07999999999999996,-0.6599999999999999,2.5,0.21456937757315436
0,-0.07999999999999996,-0.64,2.5,0.24114533855111303
0,-0.07999999999999996,-0.62,2.5,0.2693624306210512
0,-0.07999999999999996,-0.6,2.5,0.299085407460712
0,-0.07999999999999996,-0.5800000000000001,2.5,0.33014633483556394
0,-0.07999999999999996,-0.56,2.5,0.36234726492425545
0,-0.07999999999999996,-0.54,2.5,0.3954639716478383
0,-0.07999999999999996,-0.52,2.5,0.4292506464511793
0,-0.07999999999999996,-0.5,2.5,0.4634454010065301
0,-0.07999999999999996,-0.48,2.5,0.4977763774888975
0,-0.07999999999999996,-0.45999999999999996,2.5,0.5319682315551557
0,-0.07999999999999996,-0.43999999999999995,2.5,0.5657487304037266
0,-0.07999999999999996,-0.42000000000000004,2.5,0.5988551998667361
0,-0.07999999999999996,-0.4,2.5,0.6310405609346869
0,-0.07999999999999996,-0.38,2.5,0.6620787169103679
0,-0.07999999999999996,-0.36,2.5,0.6917690859934361
0,-0.07999999999999996,-0.33999999999999997,2.5,0.7199401180942225
0,-0.07999999999999996,-0.31999999999999995,2.5,0.7464516859895343
0,-0.07999999999999996,-0.29999999999999993,2.5,0.7711962960978608
0,-0.07999999999999996,-0.28,2.5,0.7940991196022621
0,-0.07999999999999996,-0.26,2.5,0.8151168970150545
0,-0.07999999999999996,-0.24,2.5,0.8342358156398788
0,-0.07999999999999996,-0.21999999999999997,2.5,0.8514684974807466
0,-0.07999999999999996,-0.19999999999999996,2.5,0.8668502634998049
0,-0.07999999999999996,-0.17999999999999994,2.5,0.8804348581020409
0,-0.07999999999999996,-0.16000000000000003,2.5,0.8922898255043211
0,-0.07999999999999996,-0.14,2.5,0.9024917281172404
0,-0.07999999999999996,-0.12,2.5,0.9111213876728016
0,-0.07999999999999996,-0.09999999999999998,2.5,0.9182593143660004
0,-0.07999999999999996,-0.07999999999999996,2.5,0.9239814696844447
0,-0.07999999999999996,-0.05999999999999994,2.5,0.9283554867550741
0,-0.07999999999999996,-0.040000000000000036,2.5,0.9314374495773444
0,-0.07999999999999996,-0.020000000000000018,2.5,0.9332693106966783
0,-0.07999999999999996,0.0,2.5,0.933877006499409
0,-0.07999999999999996,0.020000000000000018,2.5,0.9332693106966783
0,-0.07999999999999996,0.040000000000000036,2.5,0.9314374495773444
0,-0.07999999999999996,0.06000000000000005,2.5,0.9283554867550741
0,-0.07999999999999996,0.08000000000000007,2.5,0.9239814696844447
0,-0.07999999999999996,0.10000000000000009,2.5,0.9182593143660004
0,-0.07999999999999996,0.1200000000000001,2.5,0.9111213876728016
0,-0.07999999999999996,0.14000000000000012,2.5,0.9024917281172404
0,-0.07999999999999996,0.15999999999999992,2.5,0.8922898255043211
0,-0.07999999999999996,0.17999999999999994,2.5,0.8804348581020409
0,-0.07999999999999996,0.19999999999999996,2.5,0.8668502634998049
0,-0.07999999999999996,0.21999999999999997,2.5,0.8514684974807466
0,-0.07999999999999996,0.24,2.5,0.8342358156398788
0,-0.07999999999999996,0.26,2.5,0.8151168970150545
0,-0.07999999999999996,0.28,2.5,0.7940991196022621
0,-0.07999999999999996,0.30000000000000004,2.5,0.7711962960978608
0,-0.07999999999999996,0.32000000000000006,2.5,0.7464516859895343
0,-0.07999999999999996,0.3400000000000001,2.5,0.7199401180942225
0,-0.07999999999999996,0.3600000000000001,2.5,0.6917690859934361
0,-0.07999999999999996,0.3800000000000001,2.5,0.6620787169103679
0,-0.07999999999999996,0.40000000000000013,2.5,0.6310405609346867
0,-0.07999999999999996,0.41999999999999993,2.5,0.598855199866736
0,-0.07999999999999996,0.43999999999999995,2.5,0.5657487304037266
0,-0.07999999999999996,0.45999999999999996,2.5,0.5319682315551557
0,-0.07999999999999996,0.48,2.5,0.4977763774888975
0,-0.07999999999999996,0.5,2.5,0.46344540100653003
0,-0.07999999999999996,0.52,2.5,0.4292506464511792
0,-0.07999999999999996,0.54,2.5,0.3954639716478383
0,-0.07999999999999996,0.56,2.5,0.36234726492425545
0,-0.07999999999999996,0.5800000000000001,2.5,0.33014633483556394
0,-0.07999999999999996,0.6000000000000001,2.5,0.299085407460712
0,-0.07999999999999996,0.6200000000000001,2.5,0.2693624306210512
0,-0.07999999999999996,0.6400000000000001,2.5,0.24114533855111306
0,-0.07999999999999996,0.6600000000000001,2.5,0.2145693775731544
0,-0.07999999999999996,0.6799999999999999,2.5,0.18973553675771093
0,-0.07999999999999996,0.7,2.5,0.16671007109275218
0,-0.07999999999999996,0.72,2.5,0.14552505187935993
0,-0.07999999999999996,0.74,2.5,0.12617983305109054
0,-0.07999999999999996,0.76,2.5,0.10864328537894885
0,-0.07999999999999996,0.78,2.5,0.09285662480357709
0,-0.07999999999999996,0.8,2.5,0.07873664731717271
0,-0.07999999999999996,0.8200000000000001,2.5,0.0661791809460516
0,-0.07999999999999996,0.8400000000000001,2.5,0.055062574736075225
0,-0.07999999999999996,0.8600000000000001,2.5,0.04525106384356495
0,-0.07999999999999996,0.8800000000000001,2.5,0.0365978770175363
0,-0.07999999999999996,0.9000000000000001,2.5,0.028947985739222727
0,-0.07999999999999996,0.9199999999999999,2.5,0.02214043072770347
0,-0.07999999999999996,0.94,2.5,0.016010199098256933
0,-0.07999999999999996,0.96,2.5,0.010389661979418839
0,-0.07999999999999996,0.98,2.5,0.005109615892192179
0,-0.07999999999999996,1.0,2.5,0.0
0,-0.05999999999999994,-1.0,2.5,0.0
0,-0.05999999999999994,-0.98,2.5,0.005133799186573729
0,-0.05999999999999994,-0.96,2.5,0.01043883536761745
0,-0.05999999999999994,-0.94,2.5,0.016085974434003013
0,-0.05999999999999994,-0.92,2.5,0.022245220866889064
0,-0.05999999999999994,-0.9,2.5,0.02908499709509598
0,-0.05999999999999994,-0.88,2.5,0.03677109718820653
0,-0.05999999999999994,-0.86,2.5,0.04546524243528063
0,-0.05999999999999994,-0.84,2.5,0.055323195300613685
0,-0.05999999999999994,-0.8200000000000001,2.5,0.066492421904054
0,-0.05999999999999994,-0.8,2.5,0.07910932986568493
0,-0.05999999999999994,-0.78,2.5,0.0932961461104331
0,-0.05999999999999994,-0.76,2.5,0.10915753584358973
0,-0.05999999999999994,-0.74,2.5,0.1267770970445563
0,-0.05999999999999994,-0.72,2.5,0.14621389213807912
0,-0.05999999999999994,-0.7,2.5,0.16749919779358508
0,-0.05999999999999994,-0.6799999999999999,2.5,0.19063366319883954
0,-0.05999999999999994,-0.6599999999999999,2.5,0.2155850652737118
0,-0.05999999999999994,-0.64,2.5,0.24228683540532212
0,-0.05999999999999994,-0.62,2.5,0.2706375064437439
0,-0.05999999999999994,-0.6,2.5,0.3005011917882487
0,-0.05999999999999994,-0.5800000000000001,2.5,0.3317091621554016
0,-0.05999999999999994,-0.56,2.5,0.36406253256557974
0,-0.05999999999999994,-0.54,2.5,0.39733601535747454
0,-0.05999999999999994,-0.52,2.5,0.43128263820289947
0,-0.05999999999999994,-0.5,2.5,0.4656392728648869
0,-0.05999999999999994,-0.48,2.5,0.5001327744047339
0,-0.05999999999999994,-0.45999999999999996,2.5,0.5344864948577487
0,-0.05999999999999994,-0.43999999999999995,2.5,0.5684269125345756
0,-0.05999999999999994,-0.42000000000000004,2.5,0.6016901096401599
0,-0.05999999999999994,-0.4,2.5,0.6340278373810811
0,-0.05999999999999994,-0.38,2.5,0.6652129286271612
0,-0.05999999999999994,-0.36,2.5,0.6950438519571119
0,-0.05999999999999994,-0.33999999999999997,2.5,0.7233482451234666
0,-0.05999999999999994,-0.31999999999999995,2.5,0.7499853175292668
0,-0.05999999999999994,-0.29999999999999993,2.5,0.7748470667348655
0,-0.05999999999999994,-0.28,2.5,0.797858309726649
0,-0.05999999999999994,-0.26,2.5,0.818975582293306
0,-0.05999999999999994,-0.24,2.5,0.8381850064362699
0,-0.05999999999999994,-0.21999999999999997,2.5,0.8554992640153369
0,-0.05999999999999994,-0.19999999999999996,2.5,0.8709538433168509
0,-0.05999999999999994,-0.17999999999999994,2.5,0.8846027432934096
0,-0.05999999999999994,-0.16000000000000003,2.5,0.8965138280400207
0,-0.05999999999999994,-0.14,2.5,0.9067640225354545
0,-0.05999999999999994,-0.12,2.5,0.9154345312375313
0,-0.05999999999999994,-0.09999999999999998,2.5,0.9226062455828973
0,-0.05999999999999994,-0.07999999999999996,2.5,0.9283554867550741
0,-0.05999999999999994,-0.05999999999999994,2.5,0.9327502081360517
0,-0.05999999999999994,-0.040000000000000036,2.5,0.9358467592906451
0,-0.05999999999999994,-0.020000000000000018,2.5,0.9376872914139566
0,-0.05999999999999994,0.0,2.5,0.9382978637032888
0,-0.05999999999999994,0.020000000000000018,2.5,0.9376872914139566
0,-0.05999999999999994,0.040000000000000036,2.5,0.9358467592906451
0,-0.05999999999999994,0.06000000000000005,2.5,0.9327502081360517
0,-0.05999999999999994,0.08000000000000007,2.5,0.9283554867550741
0,-0.05999999999999994,0.10000000000000009,2.5,0.9226062455828973
0,-0.05999999999999994,0.1200000000000001,2.5,0.9154345312375313
0,-0.05999999999999994,0.14000000000000012,2.5,0.9067640225354545
0,-0.05999999999999994,0.15999999999999992,2.5,0.8965138280400207
0,-0.05999999999999994,0.17999999999999994,2.5,0.8846027432934096
0,-0.05999999999999994,0.19999999999999996,2.5,0.8709538433168509
0,-0.05999999999999994,0.21999999999999997,2.5,0.8554992640153369
0,-0.05999999999999994,0.24,2.5,0.8381850064362699
0,-0.05999999999999994,0.26,2.5,0.818975582293306
0,-0.05999999999999994,0.28,2.5,0.797858309726649
0,-0.05999999999999994,0.30000000000000004,2.5,0.7748470667348655
0,-0.05999999999999994,0.32000000000000006,2.5,0.7499853175292668
0,-0.05999999999999994,0.3400000000000001,2.5,0.7233482451234666
0,-0.05999999999999994,0.3600000000000001,2.5,0.6950438519571119
0,-0.05999999999999994,0.3800000000000001,2.5,0.6652129286271612
0,-0.05999999999999994,0.40000000000000013,2.5,0.6340278373810811
0,-0.05999999999999994,0.41999999999999993,2.5,0.6016901096401599
0,-0.05999999999999994,0.43999999999999995,2.5,0.5684269125345756
0,-0.05999999999999994,0.45999999999999996,2.5,0.5344864948577487
0,-0.05999999999999994,0.48,2.5,0.5001327744047339
0,-0.05999999999999994,0.5,2.5,0.4656392728648868
0,-0.05999999999999994,0.52,2.5,0.4312826382028994
0,-0.05999999999999994,0.54,2.5,0.39733601535747454
0,-0.05999999999999994,0.56,2.5,0.36406253256557974
0,-0.05999999999999994,0.5800000000000001,2.5,0.3317091621554016
0,-0.05999999999999994,0.6000000000000001,2.5,0.3005011917882487
0,-0.05999999999999994,0.6200000000000001,2.5,0.27063750644374385
0,-0.05999999999999994,0.6400000000000001,2.5,0.24228683540532212
0,-0.05999999999999994,0.6600000000000001,2.5,0.2155850652737118
0,-0.05999999999999994,0.6799999999999999,2.5,0.19063366319883954
0,-0.05999999999999994,0.7,2.5,0.16749919779358508
0,-0.05999999999999994,0.72,2.5,0.14621389213807912
0,-0.05999999999999994,0.74,2.5,0.1267770970445563
0,-0.05999999999999994,0.76,2.5,0.10915753584358973
0,-0.05999999999999994,0.78,2.5,0.0932961461104331
0,-0.05999999999999994,0.8,2.5,0.07910932986568493
0,-0.05999999999999994,0.8200000000000001,2.5,0.066492421904054
0,-0.05999999999999994,0.8400000000000001,2.5,0.055323195300613685
0,-0.05999999999999994,0.8600000000000001,2.5,0.04546524243528063
0,-0.05999999999999994,0.8800000000000001,2.5,0.03677109718820653
0,-0.05999999999999994,0.9000000000000001,2.5,0.02908499709509598
0,-0.05999999999999994,0.9199999999999999,2.5,0.022245220866889064
0,-0.05999999999999994,0.94,2.5,0.016085974434003013
0,-0.05999999999999994,0.96,2.5,0.01043883536761745
0,-0.05999999999999994,0.98,2.5,0.00513379918657373
0,-0.05999999999999994,1.0,2.5,0.0
0,-0.040000000000000036,-1.0,2.5,0.0
0,-0.040000000000000036,-0.98,2.5,0.005150838708444567
0,-0.040000000000000036,-0.96,2.5,0.010473482887980043
0,-0.040000000000000036,-0.94,2.5,0.016139365676591945
0,-0.040000000000000036,-0.92,2.5,0.02231905594764454
0,-0.040000000000000036,-0.9,2.5,0.029181535276860706
0,-0.040000000000000036,-0.88,2.5,0.0368931481634193
0,-0.040000000000000036,-0.86,2.5,0.045616152814414106
0,-0.040000000000000036,-0.84,2.5,0.05550682883956735
0,-0.040000000000000036,-0.8200000000000001,2.5,0.06671313197094195
0,-0.040000000000000036,-0.8,2.5,0.0793719227365386
0,-0.040000000000000036,-0.78,2.5,0.093605833897805
0,-0.040000000000000036,-0.76,2.5,0.10951987819811601
0,-0.040000000000000036,-0.74,2.5,0.12719793121565806
0,-0.040000000000000036,-0.72,2.5,0.14669925151682411
0,-0.040000000000000036,-0.7,2.5,0.16805521966165085
0,-0.040000000000000036,-0.6799999999999999,2.5,0.19126648703966218
0,-0.040000000000000036,-0.6599999999999999,2.5,0.21630072362781705
0,-0.040000000000000036,-0.64,2.5,0.2430911398316558
0,-0.040000000000000036,-0.62,2.5,0.27153593164282885
0,-0.040000000000000036,-0.6,2.5,0.30149876131444053
0,-0.040000000000000036,-0.5800000000000001,2.5,0.33281033936340526
0,-0.040000000000000036,-0.56,2.5,0.3652711204780847
0,-0.040000000000000036,-0.54,2.5,0.3986550689940627
0,-0.040000000000000036,-0.52,2.5,0.43271439257492195
0,-0.040000000000000036,-0.5,2.5,0.46718508932875097
0,-0.040000000000000036,-0.48,2.5,0.5017931074008968
0,-0.040000000000000036,-0.45999999999999996,2.5,0.5362608802790467
0,-0.040000000000000036,-0.43999999999999995,2.5,0.5703139781079151
0,-0.040000000000000036,-0.42000000000000004,2.5,0.6036876068178836
0,-0.040000000000000036,-0.4,2.5,0.6361326933721285
0,-0.040000000000000036,-0.38,2.5,0.6674213164013496
0,-0.040000000000000036,-0.36,2.5,0.6973512753711997
0,-0.040000000000000036,-0.33999999999999997,2.5,0.725749635779831
0,-0.040000000000000036,-0.31999999999999995,2.5,0.7524751396114169
0,-0.040000000000000036,-0.29999999999999993,2.5,0.7774194258814691
0,-0.040000000000000036,-0.28,2.5,0.800507062008259
0,-0.040000000000000036,-0.26,2.5,0.821694439533187
0,-0.040000000000000036,-0.24,2.5,0.8409676344486269
0,-0.040000000000000036,-0.21999999999999997,2.5,0.8583393707932616
0,-0.040000000000000036,-0.19999999999999996,2.5,0.8738452547558668
0,-0.040000000000000036,-0.17999999999999994,2.5,0.8875394646500467
0,-0.040000000000000036,-0.16000000000000003,2.5,0.899490089964316
0,-0.040000000000000036,-0.14,2.5,0.9097743111506057
0,-0.040000000000000036,-0.12,2.5,0.9184736023428978
0,-0.040000000000000036,-0.09999999999999998,2.5,0.9256691236078805
0,-0.040000000000000036,-0.07999999999999996,2.5,0.9314374495773444
0,-0.040000000000000036,-0.05999999999999994,2.5,0.9358467592906451
0,-0.040000000000000036,-0.040000000000000036,2.5,0.9389535894345402
0,-0.040000000000000036,-0.020000000000000018,2.5,0.9408002311760802
0,-0.040000000000000036,0.0,2.5,0.9414128302472482
0,-0.040000000000000036,0.020000000000000018,2.5,0.9408002311760802
0,-0.040000000000000036,0.040000000000000036,2.5,0.9389535894345402
0,-0.040000000000000036,0.06000000000000005,2.5,0.9358467592906451
0,-0.040000000000000036,0.08000000000000007,2.5,0.9314374495773444
0,-0.040000000000000036,0.10000000000000009,2.5,0.9256691236078805
0,-0.040000000000000036,0.1200000000000001,2.5,0.9184736023428978
0,-0.040000000000000036,0.14000000000000012,2.5,0.9097743111506057
0,-0.040000000000000036,0.15999999999999992,2.5,0.899490089964316
0,-0.040000000000000036,0.17999999999999994,2.5,0.8875394646500467
0,-0.040000000000000036,0.19999999999999996,2.5,0.8738452547558668
0,-0.040000000000000036,0.21999999999999997,2.5,0.8583393707932616
0,-0.040000000000000036,0.24,2.5,0.8409676344486269
0,-0.040000000000000036,0.26,2.5,0.821694439533187
0,-0.040000000000000036,0.28,2.5,0.800507062008259
0,-0.040000000000000036,0.30000000000000004,2.5,0.7774194258814691
0,-0.040000000000000036,0.32000000000000006,2.5,0.7524751396114169
0,-0.040000000000000036,0.3400000000000001,2.5,0.725749635779831
0,-0.040000000000000036,0.3600000000000001,2.5,0.6973512753711997
0,-0.040000000000000036,0.3800000000000001,2.5,0.6674213164013496
0,-0.040000000000000036,0.40000000000000013,2.5,0.6361326933721285
0,-0.040000000000000036,0.41999999999999993,2.5,0.6036876068178836
0,-0.040000000000000036,0.43999999999999995,2.5,0.5703139781079151
0,-0.040000000000000036,0.45999999999999996,2.5,0.5362608802790467
0,-0.040000000000000036,0.48,2.5,0.5017931074008968
0,-0.040000000000000036,0.5,2.5,0.4671850893287509
0,-0.040000000000000036,0.52,2.5,0.43271439257492184
0,-0.040000000000000036,0.54,2.5,0.39865506899406267
0,-0.040000000000000036,0.56,2.5,0.3652711204780847
0,-0.040000000000000036,0.5800000000000001,2.5,0.33281033936340526
0,-0.040000000000000036,0.6000000000000001,2.5,0.30149876131444053
0,-0.040000000000000036,0.6200000000000001,2.5,0.2715359316428288
0,-0.040000000000000036,0.6400000000000001,2.5,0.2430911398316558
0,-0.040000000000000036,0.6600000000000001,2.5,0.21630072362781705
0,-0.040000000000000036,0.6799999999999999,2.5,0.19126648703966218
0,-0.040000000000000036,0.7,2.5,0.16805521966165085
0,-0.040000000000000036,0.72,2.5,0.14669925151682411
0,-0.040000000000000036,0.74,2.5,0.12719793121565806
0,-0.040000000000000036,0.76,2.5,0.109519878198116
0,-0.040000000000000036,0.78,2.5,0.093605833897805
0,-0.040000000000000036,0.8,2.5,0.0793719227365386
0,-0.040000000000000036,0.8200000000000001,2.5,0.06671313197094195
0,-0.040000000000000036,0.8400000000000001,2.5,0.05550682883956735
0,-0.040000000000000036,0.8600000000000001,2.5,0.0456161528144141
0,-0.040000000000000036,0.8800000000000001,2.5,0.0368931481634193
0,-0.040000000000000036,0.9000000000000001,2.5,0.029181535276860706
0,-0.040000000000000036,0.9199999999999999,2.5,0.02231905594764454
0,-0.040000000000000036,0.94,2.5,0.016139365676591945
0,-0.040000000000000036,0.96,2.5,0.010473482887980043
0,-0.040000000000000036,0.98,2.5,0.005150838708444568
0,-0.040000000000000036,1.0,2.5,0.0
0,-0.020000000000000018,-1.0,2.5,0.0
0,-0.020000000000000018,-0.98,2.5,0.005160966601606006
0,-0.020000000000000018,-0.96,2.5,0.010494076566239576
0,-0.020000000000000018,-0.94,2.5,0.016171100193080493
0,-0.020000000000000018,-0.92,2.5,0.022362941819887395
0,-0.020000000000000018,-0.9,2.5,0.029238915369214625
0,-0.020000000000000018,-0.88,2.5,0.036965692505849045
0,-0.020000000000000018,-0.86,2.5,0.045705850571673354
0,-0.020000000000000018,-0.84,2.5,0.0556159765589372
0,-0.020000000000000018,-0.8200000000000001,2.5,0.0668443172172003
0,-0.020000000000000018,-0.8,2.5,0.07952800227578027
0,-0.020000000000000018,-0.78,2.5,0.09378990571920941
0,-0.020000000000000018,-0.76,2.5,0.1097352468625121
0,-0.020000000000000018,-0.74,2.5,0.1274480662849094
0,-0.020000000000000018,-0.72,2.5,0.14698773913714552
0,-0.020000000000000018,-0.7,2.5,0.16838570773115066
0,-0.020000000000000018,-0.6799999999999999,2.5,0.19164262476614105
0,-0.020000000000000018,-0.6599999999999999,2.5,0.2167260966548906
0,-0.020000000000000018,-0.64,2.5,0.24356920245590943
0,-0.020000000000000018,-0.62,2.5,0.2720699379383463
0,-0.020000000000000018,-0.6,2.5,0.30209169720183393
0,-0.020000000000000018,-0.5800000000000001,2.5,0.3334648577899847
0,-0.020000000000000018,-0.56,2.5,0.3659894819005913
0,-0.020000000000000018,-0.54,2.5,0.39943908926819516
0,-0.020000000000000018,-0.52,2.5,0.43356540015648526
0,-0.020000000000000018,-0.5,2.5,0.4681038933867893
0,-0.020000000000000018,-0.48,2.5,0.5027799780478113
0,-0.020000000000000018,-0.45999999999999996,2.5,0.5373155416568974
0,-0.020000000000000018,-0.43999999999999995,2.5,0.5714356145591711
0,-0.020000000000000018,-0.42000000000000004,2.5,0.6048748818412335
0,-0.020000000000000018,-0.4,2.5,0.6373837805491145
0,-0.020000000000000018,-0.38,2.5,0.6687339410059726
0,-0.020000000000000018,-0.36,2.5,0.6987227649677058
0,-0.020000000000000018,-0.33999999999999997,2.5,0.7271769777941887
0,-0.020000000000000018,-0.31999999999999995,2.5,0.7539550436440969
0,-0.020000000000000018,-0.29999999999999993,2.5,0.7789483884206446
0,-0.020000000000000018,-0.28,2.5,0.802081431204023
0,-0.020000000000000018,-0.26,2.5,0.8233104777987243
0,-0.020000000000000018,-0.24,2.5,0.842621576851567
0,-0.020000000000000018,-0.21999999999999997,2.5,0.8600274774732534
0,-0.020000000000000018,-0.19999999999999996,2.5,0.8755638559334676
0,-0.020000000000000018,-0.17999999999999994,2.5,0.889284997156698
0,-0.020000000000000018,-0.16000000000000003,2.5,0.9012591246032605
0,-0.020000000000000018,-0.14,2.5,0.911563570575657
0,-0.020000000000000018,-0.12,2.5,0.9202799695003532
0,-0.020000000000000018,-0.09999999999999998,2.5,0.9274896411145725
0,-0.020000000000000018,-0.07999999999999996,2.5,0.9332693106966783
0,-0.020000000000000018,-0.05999999999999994,2.5,0.9376872914139566
0,-0.020000000000000018,-0.040000000000000036,2.5,0.9408002311760802
0,-0.020000000000000018,-0.020000000000000018,2.5,0.9426505043476334
0,-0.020000000000000018,0.0,2.5,0.9432643080956968
0,-0.020000000000000018,0.020000000000000018,2.5,0.9426505043476334
0,-0.020000000000000018,0.040000000000000036,2.5,0.9408002311760802
0,-0.020000000000000018,0.06000000000000005,2.5,0.9376872914139566
0,-0.020000000000000018,0.08000000000000007,2.5,0.9332693106966783
0,-0.020000000000000018,0.10000000000000009,2.5,0.9274896411145725
0,-0.020000000000000018,0.1200000000000001,2.5,0.9202799695003532
0,-0.020000000000000018,0.14000000000000012,2.5,0.911563570575657
0,-0.020000000000000018,0.15999999999999992,2.5,0.9012591246032605
0,-0.020000000000000018,0.17999999999999994,2.5,0.889284997156698
0,-0.020000000000000018,0.19999999999999996,2.5,0.8755638559334676
0,-0.020000000000000018,0.21999999999999997,2.5,0.8600274774732534
0,-0.020000000000000018,0.24,2.5,0.842621576851567
0,-0.020000000000000018,0.26,2.5,0.8233104777987243
0,-0.020000000000000018,0.28,2.5,0.802081431204023
0,-0.020000000000000018,0.30000000000000004,2.5,0.7789483884206446
0,-0.020000000000000018,0.32000000000000006,2.5,0.7539550436440969
0,-0.020000000000000018,0.3400000000000001,2.5,0.7271769777941887
0,-0.020000000000000018,0.3600000000000001,2.5,0.6987227649677058
0,-0.020000000000000018,0.3800000000000001,2.5,0.6687339410059726
0,-0.020000000000000018,0.40000000000000013,2.5,0.6373837805491145
0,-0.020000000000000018,0.41999999999999993,2.5,0.6048748818412335
0,-0.020000000000000018,0.43999999999999995,2.5,0.5714356145591711
0,-0.020000000000000018,0.45999999999999996,2.5,0.5373155416568974
0,-0.020000000000000018,0.48,2.5,0.5027799780478113
0,-0.020000000000000018,0.5,2.5,0.46810389338678926
0,-0.020000000000000018,0.52,2.5,0.43356540015648515
0,-0.020000000000000018,0.54,2.5,0.3994390892681951
0,-0.020000000000000018,0.56,2.5,0.3659894819005912
0,-0.020000000000000018,0.5800000000000001,2.5,0.33346485778998464
0,-0.020000000000000018,0.6000000000000001,2.5,0.3020916972018339
0,-0.020000000000000018,0.6200000000000001,2.5,0.2720699379383462
0,-0.020000000000000018,0.6400000000000001,2.5,0.2435692024559094
0,-0.020000000000000018,0.6600000000000001,2.5,0.2167260966548906
0,-0.020000000000000018,0.6799999999999999,2.5,0.19164262476614105
0,-0.020000000000000018,0.7,2.5,0.16838570773115066
0,-0.020000000000000018,0.72,2.5,0.14698773913714552
0,-0.020000000000000018,0.74,2.5,0.12744806628490937
0,-0.020000000000000018,0.76,2.5,0.10973524686251208
0,-0.020000000000000018,0.78,2.5,0.09378990571920941
0,-0.020000000000000018,0.8,2.5,0.07952800227578027
0,-0.020000000000000018,0.8200000000000001,2.5,0.06684431721720029
0,-0.020000000000000018,0.8400000000000001,2.5,0.05561597655893719
0,-0.020000000000000018,0.8600000000000001,2.5,0.04570585057167335
0,-0.020000000000000018,0.8800000000000001,2.5,0.036965692505849045
0,-0.020000000000000018,0.9000000000000001,2.5,0.029238915369214625
0,-0.020000000000000018,0.9199999999999999,2.5,0.022362941819887395
0,-0.020000000000000018,0.94,2.5,0.016171100193080493
0,-0.020000000000000018,0.96,2.5,0.010494076566239576
0,-0.020000000000000018,0.98,2.5,0.005160966601606006
0,-0.020000000000000018,1.0,2.5,0.0
0,0.0,-1.0,2.5,0.0
0,0.0,-0.98,2.5,0.005164326383177123
0,0.0,-0.96,2.5,0.010500908220591344
0,0.0,-0.94,2.5,0.01618162766022696
0,0.0,-0.92,2.5,0.022377500325773673
0,0.0,-0.9,2.5,0.029257950391531527
0,0.0,-0.88,2.5,0.03698975805526099
0,0.0,-0.86,2.5,0.04573560652773399
0,0.0,-0.84,2.5,0.05565218477146649
0,0.0,-0.8200000000000001,2.5,0.06688783607743432
0,0.0,-0.8,2.5,0.07957977947916968
0,0.0,-0.78,2.5,0.09385096898403031
0,0.0,-0.76,2.5,0.10980669243472051
0,0.0,-0.74,2.5,0.12753104514763652
0,0.0,-0.72,2.5,0.14708344094908668
0,0.0,-0.7,2.5,0.16849534263659183
0,0.0,-0.6799999999999999,2.5,0.19176740334401216
0,0.0,-0.6599999999999999,2.5,0.21686720839765602
0,0.0,-0.64,2.5,0.24372779328343558
0,0.0,-0.62,2.5,0.27224708734929626
0,0.0,-0.6,2.5,0.3022883957383827
0,0.0,-0.5800000000000001,2.5,0.3336819855346134
0,0.0,-0.56,2.5,0.3662277887319399
0,0.0,-0.54,2.5,0.3996991775740283
0,0.0,-0.52,2.5,0.4338477106356775
0,0.0,-0.5,2.5,0.4684086944712326
0,0.0,-0.48,2.5,0.5031073593439892
0,0.0,-0.45999999999999996,2.5,0.5376654116523483
0,0.0,-0.43999999999999995,2.5,0.5718077026695654
0,0.0,-0.42000000000000004,2.5,0.605268744698743
0,0.0,-0.4,2.5,0.6377988122619647
0,0.0,-0.38,2.5,0.6691693869619446
0,0.0,-0.36,2.5,0.6991777386193598
0,0.0,-0.33999999999999997,2.5,0.7276504797575271
0,0.0,-0.31999999999999995,2.5,0.7544459823700952
0,0.0,-0.29999999999999993,2.5,0.7794556016630891
0,0.0,-0.28,2.5,0.8026037075075871
0,0.0,-0.26,2.5,0.82384657726616
0,0.0,-0.24,2.5,0.8431702505143291
0,0.0,-0.21999999999999997,2.5,0.8605874846803936
0,0.0,-0.19999999999999996,2.5,0.8761339792827801
0,0.0,-0.17999999999999994,2.5,0.8898640546130807
0,0.0,-0.16000000000000003,2.5,0.9018459785753513
0,0.0,-0.14,2.5,0.9121571338468768
0,0.0,-0.12,2.5,0.9208792080293828
0,0.0,-0.09999999999999998,2.5,0.9280935738290067
0,0.0,-0.07999999999999996,2.5,0.933877006499409
0,0.0,-0.05999999999999994,2.5,0.9382978637032888
0,0.0,-0.040000000000000036,2.5,0.9414128302472482
0,0.0,-0.020000000000000018,2.5,0.9432643080956968
0,0.0,0.0,2.5,0.9438785114787165
0,0.0,0.020000000000000018,2.5,0.9432643080956968
0,0.0,0.040000000000000036,2.5,0.9414128302472482
0,0.0,0.06000000000000005,2.5,0.9382978637032888
0,0.0,0.08000000000000007,2.5,0.933877006499409
0,0.0,0.10000000000000009,2.5,0.9280935738290067
0,0.0,0.1200000000000001,2.5,0.9208792080293828
0,0.0,0.14000000000000012,2.5,0.9121571338468768
0,0.0,0.15999999999999992,2.5,0.9018459785753513
0,0.0,0.17999999999999994,2.5,0.8898640546130807
0,0.0,0.19999999999999996,2.5,0.8761339792827801
0,0.0,0.21999999999999997,2.5,0.8605874846803936
0,0.0,0.24,2.5,0.8431702505143291
0,0.0,0.26,2.5,0.82384657726616
0,0.0,0.28,2.5,0.8026037075075871
0,0.0,0.30000000000000004,2.5,0.7794556016630891
0,0.0,0.32000000000000006,2.5,0.7544459823700952
0,0.0,0.3400000000000001,2.5,0.7276504797575271
0,0.0,0.3600000000000001,2.5,0.6991777386193598
0,0.0,0.3800000000000001,2.5,0.6691693869619446
0,0.0,0.40000000000000013,2.5,0.6377988122619647
0,0.0,0.41999999999999993,2.5,0.605268744698743
0,0.0,0.43999999999999995,2.5,0.5718077026695654
0,0.0,0.45999999999999996,2.5,0.5376654116523483
0,0.0,0.48,2.5,0.5031073593439892
0,0.0,0.5,2.5,0.46840869447123257
0,0.0,0.52,2.5,0.43384771063567745
0,0.0,0.54,2.5,0.3996991775740282
0,0.0,0.56,2.5,0.36622778873193984
0,0.0,0.5800000000000001,2.5,0.33368198553461337
0,0.0,0.6000000000000001,2.5,0.3022883957383826
0,0.0,0.6200000000000001,2.5,0.2722470873492962
0,0.0,0.6400000000000001,2.5,0.24372779328343555
0,0.0,0.6600000000000001,2.5,0.21686720839765602
0,0.0,0.6799999999999999,2.5,0.19176740334401216
0,0.0,0.7,2.5,0.16849534263659183
0,0.0,0.72,2.5,0.14708344094908668
0,0.0,0.74,2.5,0.1275310451476365
0,0.0,0.76,2.5,0.10980669243472048
0,0.0,0.78,2.5,0.0938509689840303
0,0.0,0.8,2.5,0.07957977947916968
0,0.0,0.8200000000000001,2.5,0.0668878360774343
0,0.0,0.8400000000000001,2.5,0.05565218477146649
0,0.0,0.8600000000000001,2.5,0.04573560652773399
0,0.0,0.8800000000000001,2.5,0.03698975805526099
0,0.0,0.9000000000000001,2.5,0.02925795039153153
0,0.0,0.9199999999999999,2.5,0.022377500325773673
0,0.0,0.94,2.5,0.01618162766022696
0,0.0,0.96,2.5,0.010500908220591344
0,0.0,0.98,2.5,0.005164326383177123
0,0.0,1.0,2.5,0.0
0,0.020000000000000018,-1.0,2.5,0.0
0,0.020000000000000018,-0.98,2.5,0.005160966601606006
0,0.020000000000000018,-0.96,2.5,0.010494076566239576
0,0.020000000000000018,-0.94,2.5,0.016171100193080493
0,0.020000000000000018,-0.92,2.5,0.022362941819887395
0,0.020000000000000018,-0.9,2.5,0.029238915369214625
0,0.020000000000000018,-0.88,2.5,0.036965692505849045
0,0.020000000000000018,-0.86,2.5,0.045705850571673354
0,0.020000000000000018,-0.84,2.5,0.0556159765589372
0,0.020000000000000018,-0.8200000000000001,2.5,0.0668443172172003
0,0.020000000000000018,-0.8,2.5,0.07952800227578027
0,0.020000000000000018,-0.78,2.5,0.09378990571920941
0,0.020000000000000018,-0.76,2.5,0.1097352468625121
0,0.020000000000000018,-0.74,2.5,0.1274480662849094
0,0.020000000000000018,-0.72,2.5,0.14698773913714552
0,0.020000000000000018,-0.7,2.5,0.16838570773115066
0,0.020000000000000018,-0.6799999999999999,2.5,0.19164262476614105
0,0.020000000000000018,-0.6599999999999999,2.5,0.2167260966548906
0,0.020000000000000018,-0.64,2.5,0.24356920245590943
0,0.020000000000000018,-0.62,2.5,0.2720699379383463
0,0.020000000000000018,-0.6,2.5,0.30209169720183393
0,0.020000000000000018,-0.5800000000000001,2.5,0.3334648577899847
0,0.020000000000000018,-0.56,2.5,0.3659894819005913
0,0.020000000000000018,-0.54,2.5,0.39943908926819516
0,0.020000000000000018,-0.52,2.5,0.43356540015648526
0,0.020000000000000018,-0.5,2.5,0.4681038933867893
0,0.020000000000000018,-0.48,2.5,0.5027799780478113
0,0.020000000000000018,-0.45999999999999996,2.5,0.5373155416568974
0,0.020000000000000018,-0.43999999999999995,2.5,0.5714356145591711
0,0.020000000000000018,-0.42000000000000004,2.5,0.6048748818412335
0,0.020000000000000018,-0.4,2.5,0.6373837805491145
0,0.020000000000000018,-0.38,2.5,0.6687339410059726
0,0.020000000000000018,-0.36,2.5,0.6987227649677058
0,0.020000000000000018,-0.33999999999999997,2.5,0.7271769777941887
0,0.020000000000000018,-0.31999999999999995,2.5,0.7539550436440969
0,0.020000000000000018,-0.29999999999999993,2.5,0.7789483884206446
0,0.020000000000000018,-0.28,2.5,0.802081431204023
0,0.020000000000000018,-0.26,2.5,0.8233104777987243
0,0.020000000000000018,-0.24,2.5,0.842621576851567
0,0.020000000000000018,-0.21999999999999997,2.5,0.8600274774732534
0,0.020000000000000018,-0.19999999999999996,2.5,0.8755638559334676
0,0.020000000000000018,-0.17999999999999994,2.5,0.889284997156698
0,0.020000000000000018,-0.16000000000000003,2.5,0.9012591246032605
0,0.020000000000000018,-0.14,2.5,0.911563570575657
0,0.020000000000000018,-0.12,2.5,0.9202799695003532
0,0.020000000000000018,-0.09999999999999998,2.5,0.9274896411145725
0,0.020000000000000018,-0.07999999999999996,2.5,0.9332693106966783
0,0.020000000000000018,-0.05999999999999994,2.5,0.9376872914139566
0,0.020000000000000018,-0.040000000000000036,2.5,0.9408002311760802
0,0.020000000000000018,-0.020000000000000018,2.5,0.9426505043476334
0,0.020000000000000018,0.0,2.5,0.9432643080956968
0,0.020000000000000018,0.020000000000000018,2.5,0.9426505043476334
0,0.020000000000000018,0.040000000000000036,2.5,0.9408002311760802
0,0.020000000000000018,0.06000000000000005,2.5,0.9376872914139566
0,0.020000000000000018,0.08000000000000007,2.5,0.9332693106966783
0,0.020000000000000018,0.10000000000000009,2.5,0.9274896411145725
0,0.020000000000000018,0.1200000000000001,2.5,0.9202799695003532
0,0.020000000000000018,0.14000000000000012,2.5,0.911563570575657
0,0.020000000000000018,0.15999999999999992,2.5,0.9012591246032605
0,0.020000000000000018,0.17999999999999994,2.5,0.889284997156698
0,0.020000000000000018,0.19999999999999996,2.5,0.8755638559334676
0,0.020000000000000018,0.21999999999999997,2.5,0.8600274774732534
0,0.020000000000000018,0.24,2.5,0.842621576851567
0,0.020000000000000018,0.26,2.5,0.8233104777987243
0,0.020000000000000018,0.28,2.5,0.802081431204023
0,0.020000000000000018,0.30000000000000004,2.5,0.7789483884206446
0,0.020000000000000018,0.32000000000000006,2.5,0.7539550436440969
0,0.020000000000000018,0.3400000000000001,2.5,0.7271769777941887
0,0.020000000000000018,0.3600000000000001,2.5,0.6987227649677058
0,0.020000000000000018,0.3800000000000001,2.5,0.6687339410059726
0,0.020000000000000018,0.40000000000000013,2.5,0.6373837805491145
0,0.020000000000000018,0.41999999999999993,2.5,0.6048748818412335
0,0.020000000000000018,0.43999999999999995,2.5,0.5714356145591711
0,0.020000000000000018,0.45999999999999996,2.5,0.5373155416568974
0,0.020000000000000018,0.48,2.5,0.5027799780478113
0,0.020000000000000018,0.5,2.5,0.46810389338678926
0,0.020000000000000018,0.52,2.5,0.43356540015648515
0,0.020000000000000018,0.54,2.5,0.3994390892681951
0,0.020000000000000018,0.56,2.5,0.3659894819005912
0,0.020000000000000018,0.5800000000000001,2.5,0.33346485778998464
0,0.020000000000000018,0.6000000000000001,2.5,0.3020916972018339
0,0.020000000000000018,0.6200000000000001,2.5,0.2720699379383462
0,0.020000000000000018,0.6400000000000001,2.5,0.2435692024559094
0,0.020000000000000018,0.6600000000000001,2.5,0.2167260966548906
0,0.020000000000000018,0.6799999999999999,2.5,0.19164262476614105
0,0.020000000000000018,0.7,2.5,0.16838570773115066
0,0.020000000000000018,0.72,2.5,0.14698773913714552
0,0.020000000000000018,0.74,2.5,0.12744806628490937
0,0.020000000000000018,0.76,2.5,0.10973524686251208
0,0.020000000000000018,0.78,2.5,0.09378990571920941
0,0.020000000000000018,0.8,2.5,0.07952800227578027
0,0.020000000000000018,0.8200000000000001,2.5,0.06684431721720029
0,0.020000000000000018,0.8400000000000001,2.5,0.05561597655893719
0,0.020000000000000018,0.8600000000000001,2.5,0.04570585057167335
0,0.020000000000000018,0.8800000000000001,2.5,0.036965692505849045
0,0.020000000000000018,0.9000000000000001,2.5,0.029238915369214625
0,0.020000000000000018,0.9199999999999999,2.5,0.022362941819887395
0,0.020000000000000018,0.94,2.5,0.016171100193080493
0,0.020000000000000018,0.96,2.5,0.010494076566239576
0,0.020000000000000018,0.98,2.5,0.005160966601606006
0,0.020000000000000018,1.0,2.5,0.0
0,0.040000000000000036,-1.0,2.5,0.0
0,0.040000000000000036,-0.98,2.5,0.005150838708444567
0,0.040000000000000036,-0.96,2.5,0.010473482887980043
0,0.040000000000000036,-0.94,2.5,0.016139365676591945
0,0.040000000000000036,-0.92,2.5,0.02231905594764454
0,0.040000000000000036,-0.9,2.5,0.029181535276860706
0,0.040000000000000036,-0.88,2.5,0.0368931481634193
0,0.040000000000000036,-0.86,2.5,0.045616152814414106
0,0.040000000000000036,-0.84,2.5,0.05550682883956735
0,0.040000000000000036,-0.8200000000000001,2.5,0.06671313197094195
0,0.040000000000000036,-0.8,2.5,0.0793719227365386
0,0.040000000000000036,-0.78,2.5,0.093605833897805
0,0.040000000000000036,-0.76,2.5,0.10951987819811601
0,0.040000000000000036,-0.74,2.5,0.12719793121565806
0,0.040000000000000036,-0.72,2.5,0.14669925151682411
0,0.040000000000000036,-0.7,2.5,0.16805521966165085
0,0.040000000000000036,-0.6799999999999999,2.5,0.19126648703966218
0,0.040000000000000036,-0.6599999999999999,2.5,0.21630072362781705
0,0.040000000000000036,-0.64,2.5,0.2430911398316558
0,0.040000000000000036,-0.62,2.5,0.27153593164282885
0,0.040000000000000036,-0.6,2.5,0.30149876131444053
0,0.040000000000000036,-0.5800000000000001,2.5,0.33281033936340526
0,0.040000000000000036,-0.56,2.5,0.3652711204780847
0,0.040000000000000036,-0.54,2.5,0.3986550689940627
0,0.040000000000000036,-0.52,2.5,0.43271439257492195
0,0.040000000000000036,-0.5,2.5,0.46718508932875097
0,0.040000000000000036,-0.48,2.5,0.5017931074008968
0,0.040000000000000036,-0.45999999999999996,2.5,0.5362608802790467
0,0.040000000000000036,-0.43999999999999995,2.5,0.5703139781079151
0,0.040000000000000036,-0.42000000000000004,2.5,0.6036876068178836
0,0.040000000000000036,-0.4,2.5,0.6361326933721285
0,0.040000000000000036,-0.38,2.5,0.6674213164013496
0,0.040000000000000036,-0.36,2.5,0.6973512753711997
0,0.040000000000000036,-0.33999999999999997,2.5,0.725749635779831
0,0.040000000000000036,-0.31999999999999995,2.5,0.7524751396114169
0,0.040000000000000036,-0.29999999999999993,2.5,0.7774194258814691
0,0.040000000000000036,-0.28,2.5,0.800507062008259
0,0.040000000000000036,-0.26,2.5,0.821694439533187
0,0.040000000000000036,-0.24,2.5,0.8409676344486269
0,0.040000000000000036,-0.21999999999999997,2.5,0.8583393707932616
0,0.040000000000000036,-0.19999999999999996,2.5,0.8738452547558668
0,0.040000000000000036,-0.17999999999999994,2.5,0.8875394646500467
0,0.040000000000000036,-0.16000000000000003,2.5,0.899490089964316
0,0.040000000000000036,-0.14,2.5,0.9097743111506057
0,0.040000000000000036,-0.12,2.5,0.9184736023428978
0,0.040000000000000036,-0.09999999999999998,2.5,0.9256691236078805
0,0.040000000000000036,-0.07999999999999996,2.5,0.9314374495773444
0,0.040000000000000036,-0.05999999999999994,2.5,0.9358467592906451
0,0.040000000000000036,-0.040000000000000036,2.5,0.9389535894345402
0,0.040000000000000036,-0.020000000000000018,2.5,0.9408002311760802
0,0.040000000000000036,0.0,2.5,0.9414128302472482
0,0.040000000000000036,0.020000000000000018,2.5,0.9408002311760802
0,0.040000000000000036,0.040000000000000036,2.5,0.9389535894345402
0,0.040000000000000036,0.06000000000000005,2.5,0.9358467592906451
0,0.040000000000000036,0.08000000000000007,2.5,0.9314374495773444
0,0.040000000000000036,0.10000000000000009,2.5,0.9256691236078805
0,0.040000000000000036,0.1200000000000001,2.5,0.9184736023428978
0,0.040000000000000036,0.14000000000000012,2.5,0.9097743111506057
0,0.040000000000000036,0.15999999999999992,2.5,0.899490089964316
0,0.040000000000000036,0.17999999999999994,2.5,0.8875394646500467
0,0.040000000000000036,0.19999999999999996,2.5,0.8738452547558668
0,0.040000000000000036,0.21999999999999997,2.5,0.8583393707932616
0,0.040000000000000036,0.24,2.5,0.8409676344486269
0,0.040000000000000036,0.26,2.5,0.821694439533187
0,0.040000000000000036,0.28,2.5,0.800507062008259
0,0.040000000000000036,0.30000000000000004,2.5,0.7774194258814691
0,0.040000000000000036,0.32000000000000006,2.5,0.7524751396114169
0,0.040000000000000036,0.3400000000000001,2.5,0.725749635779831
0,0.040000000000000036,0.3600000000000001,2.5,0.6973512753711997
0,0.040000000000000036,0.3800000000000001,2.5,0.6674213164013496
0,0.040000000000000036,0.40000000000000013,2.5,0.6361326933721285
0,0.040000000000000036,0.41999999999999993,2.5,0.6036876068178836
0,0.040000000000000036,0.43999999999999995,2.5,0.5703139781079151
0,0.040000000000000036,0.45999999999999996,2.5,0.5362608802790467
0,0.040000000000000036,0.48,2.5,0.5017931074008968
0,0.040000000000000036,0.5,2.5,0.4671850893287509
0,0.040000000000000036,0.52,2.5,0.43271439257492184
0,0.040000000000000036,0.54,2.5,0.39865506899406267
0,0.040000000000000036,0.56,2.5,0.3652711204780847
0,0.040000000000000036,0.5800000000000001,2.5,0.33281033936340526
0,0.040000000000000036,0.6000000000000001,2.5,0.30149876131444053
0,0.040000000000000036,0.6200000000000001,2.5,0.2715359316428288
0,0.040000000000000036,0.6400000000000001,2.5,0.2430911398316558
0,0.040000000000000036,0.6600000000000001,2.5,0.21630072362781705
0,0.040000000000000036,0.6799999999999999,2.5,0.19126648703966218
0,0.040000000000000036,0.7,2.5,0.16805521966165085
0,0.040000000000000036,0.72,2.5,0.14669925151682411
0,0.040000000000000036,0.74,2.5,0.12719793121565806
0,0.040000000000000036,0.76,2.5,0.109519878198116
0,0.040000000000000036,0.78,2.5,0.093605833897805
0,0.040000000000000036,0.8,2.5,0.0793719227365386
0,0.040000000000000036,0.8200000000000001,2.5,0.06671313197094195
0,0.040000000000000036,0.8400000000000001,2.5,0.05550682883956735
0,0.040000000000000036,0.8600000000000001,2.5,0.0456161528144141
0,0.040000000000000036,0.8800000000000001,2.5,0.0368931481634193
0,0.040000000000000036,0.9000000000000001,2.5,0.029181535276860706
0,0.040000000000000036,0.9199999999999999,2.5,0.02231905594764454
0,0.040000000000000036,0.94,2.5,0.016139365676591945
0,0.040000000000000036,0.96,2.5,0.010473482887980043
0,0.040000000000000036,0.98,2.5,0.005150838708444568
0,0.040000000000000036,1.0,2.5,0.0
0,0.06000000000000005,-1.0,2.5,0.0
0,0.06000000000000005,-0.98,2.5,0.005133799186573729
0,0.06000000000000005,-0.96,2.5,0.01043883536761745
0,0.06000000000000005,-0.94,2.5,0.016085974434003013
0,0.06000000000000005,-0.92,2.5,0.022245220866889064
0,0.06000000000000005,-0.9,2.5,0.02908499709509598
0,0.06000000000000005,-0.88,2.5,0.03677109718820653
0,0.06000000000000005,-0.86,2.5,0.04546524243528063
0,0.06000000000000005,-0.84,2.5,0.055323195300613685
0,0.06000000000000005,-0.8200000000000001,2.5,0.066492421904054
0,0.06000000000000005,-0.8,2.5,0.07910932986568493
0,0.06000000000000005,-0.78,2.5,0.0932961461104331
0,0.06000000000000005,-0.76,2.5,0.10915753584358973
0,0.06000000000000005,-0.74,2.5,0.1267770970445563
0,0.06000000000000005,-0.72,2.5,0.14621389213807912
0,0.06000000000000005,-0.7,2.5,0.16749919779358508
0,0.06000000000000005,-0.6799999999999999,2.5,0.19063366319883954
0,0.06000000000000005,-0.6599999999999999,2.5,0.2155850652737118
0,0.06000000000000005,-0.64,2.5,0.24228683540532212
0,0.06000000000000005,-0.62,2.5,0.2706375064437439
0,0.06000000000000005,-0.6,2.5,0.3005011917882487
0,0.06000000000000005,-0.5800000000000001,2.5,0.3317091621554016
0,0.06000000000000005,-0.56,2.5,0.36406253256557974
0,0.06000000000000005,-0.54,2.5,0.39733601535747454
0,0.06000000000000005,-0.52,2.5,0.43128263820289947
0,0.06000000000000005,-0.5,2.5,0.4656392728648869
0,0.06000000000000005,-0.48,2.5,0.5001327744047339
0,0.06000000000000005,-0.45999999999999996,2.5,0.5344864948577487
0,0.06000000000000005,-0.43999999999999995,2.5,0.5684269125345756
0,0.06000000000000005,-0.42000000000000004,2.5,0.6016901096401599
0,0.06000000000000005,-0.4,2.5,0.6340278373810811
0,0.06000000000000005,-0.38,2.5,0.6652129286271612
0,0.06000000000000005,-0.36,2.5,0.6950438519571119
0,0.06000000000000005,-0.33999999999999997,2.5,0.7233482451234666
0,0.06000000000000005,-0.31999999999999995,2.5,0.7499853175292668
0,0.06000000000000005,-0.29999999999999993,2.5,0.7748470667348655
0,0.06000000000000005,-0.28,2.5,0.797858309726649
0,0.06000000000000005,-0.26,2.5,0.818975582293306
0,0.06000000000000005,-0.24,2.5,0.8381850064362699
0,0.06000000000000005,-0.21999999999999997,2.5,0.8554992640153369
0,0.06000000000000005,-0.19999999999999996,2.5,0.8709538433168509
0,0.06000000000000005,-0.17999999999999994,2.5,0.8846027432934096
0,0.06000000000000005,-0.16000000000000003,2.5,0.8965138280400207
0,0.06000000000000005,-0.14,2.5,0.9067640225354545
0,0.06000000000000005,-0.12,2.5,0.9154345312375313
0,0.06000000000000005,-0.09999999999999998,2.5,0.9226062455828973
0,0.06000000000000005,-0.07999999999999996,2.5,0.9283554867550741
0,0.06000000000000005,-0.05999999999999994,2.5,0.9327502081360517
0,0.06000000000000005,-0.040000000000000036,2.5,0.9358467592906451
0,0.06000000000000005,-0.020000000000000018,2.5,0.9376872914139566
0,0.06000000000000005,0.0,2.5,0.9382978637032888
0,0.06000000000000005,0.020000000000000018,2.5,0.9376872914139566
0,0.06000000000000005,0.040000000000000036,2.5,0.9358467592906451
0,0.06000000000000005,0.06000000000000005,2.5,0.9327502081360517
0,0.06000000000000005,0.08000000000000007,2.5,0.9283554867550741
0,0.06000000000000005,0.10000000000000009,2.5,0.9226062455828973
0,0.06000000000000005,0.1200000000000001,2.5,0.9154345312375313
0,0.06000000000000005,0.14000000000000012,2.5,0.9067640225354545
0,0.06000000000000005,0.15999999999999992,2.5,0.8965138280400207
0,0.06000000000000005,0.17999999999999994,2.5,0.8846027432934096
0,0.06000000000000005,0.19999999999999996,2.5,0.8709538433168509
0,0.06000000000000005,0.21999999999999997,2.5,0.8554992640153369
0,0.06000000000000005,0.24,2.5,0.8381850064362699
0,0.06000000000000005,0.26,2.5,0.818975582293306
0,0.06000000000000005,0.28,2.5,0.797858309726649
0,0.06000000000000005,0.30000000000000004,2.5,0.7748470667348655
0,0.06000000000000005,0.32000000000000006,2.5,0.7499853175292668
0,0.06000000000000005,0.3400000000000001,2.5,0.7233482451234666
0,0.06000000000000005,0.3600000000000001,2.5,0.6950438519571119
0,0.06000000000000005,0.3800000000000001,2.5,0.6652129286271612
0,0.06000000000000005,0.40000000000000013,2.5,0.6340278373810811
0,0.06000000000000005,0.41999999999999993,2.5,0.6016901096401599
0,0.06000000000000005,0.43999999999999995,2.5,0.5684269125345756
0,0.06000000000000005,0.45999999999999996,2.5,0.5344864948577487
0,0.06000000000000005,0.48,2.5,0.5001327744047339
0,0.06000000000000005,0.5,2.5,0.4656392728648868
0,0.06000000000000005,0.52,2.5,0.4312826382028994
0,0.06000000000000005,0.54,2.5,0.39733601535747454
0,0.06000000000000005,0.56,2.5,0.36406253256557974
0,0.06000000000000005,0.5800000000000001,2.5,0.3317091621554016
0,0.06000000000000005,0.6000000000000001,2.5,0.3005011917882487
0,0.06000000000000005,0.6200000000000001,2.5,0.27063750644374385
0,0.06000000000000005,0.6400000000000001,2.5,0.24228683540532212
0,0.06000000000000005,0.6600000000000001,2.5,0.2155850652737118
0,0.06000000000000005,0.6799999999999999,2.5,0.19063366319883954
0,0.06000000000000005,0.7,2.5,0.16749919779358508
0,0.06000000000000005,0.72,2.5,0.14621389213807912
0,0.06000000000000005,0.74,2.5,0.1267770970445563
0,0.06000000000000005,0.76,2.5,0.10915753584358973
0,0.06000000000000005,0.78,2.5,0.0932961461104331
0,0.06000000000000005,0.8,2.5,0.07910932986568493
0,0.06000000000000005,0.8200000000000001,2.5,0.066492421904054
0,0.06000000000000005,0.8400000000000001,2.5,0.055323195300613685
0,0.06000000000000005,0.8600000000000001,2.5,0.04546524243528063
0,0.06000000000000005,0.8800000000000001,2.5,0.03677109718820653
0,0.06000000000000005,0.9000000000000001,2.5,0.02908499709509598
0,0.06000000000000005,0.9199999999999999,2.5,0.022245220866889064
0,0.06000000000000005,0.94,2.5,0.016085974434003013
0,0.06000000000000005,0.96,2.5,0.01043883536761745
0,0.06000000000000005,0.98,2.5,0.00513379918657373
0,0.06000000000000005,1.0,2.5,0.0
0,0.08000000000000007,-1.0,2.5,0.0
0,0.08000000000000007,-0.98,2.5,0.005109615892192178
0,0.08000000000000007,-0.96,2.5,0.010389661979418839
0,0.08000000000000007,-0.94,2.5,0.016010199098256933
0,0.08000000000000007,-0.92,2.5,0.02214043072770347
0,0.08000000000000007,-0.9,2.5,0.028947985739222724
0,0.08000000000000007,-0.88,2.5,0.0365978770175363
0,0.08000000000000007,-0.86,2.5,0.04525106384356495
0,0.08000000000000007,-0.84,2.5,0.05506257473607522
0,0.08000000000000007,-0.8200000000000001,2.5,0.0661791809460516
0,0.08000000000000007,-0.8,2.5,0.07873664731717271
0,0.08000000000000007,-0.78,2.5,0.0928566248035771
0,0.08000000000000007,-0.76,2.5,0.10864328537894885
0,0.08000000000000007,-0.74,2.5,0.12617983305109054
0,0.08000000000000007,-0.72,2.5,0.14552505187935993
0,0.08000000000000007,-0.7,2.5,0.16671007109275218
0,0.08000000000000007,-0.6799999999999999,2.5,0.18973553675771093
0,0.08000000000000007,-0.6599999999999999,2.5,0.21456937757315436
0,0.08000000000000007,-0.64,2.5,0.24114533855111303
0,0.08000000000000007,-0.62,2.5,0.2693624306210512
0,0.08000000000000007,-0.6,2.5,0.299085407460712
0,0.08000000000000007,-0.5800000000000001,2.5,0.33014633483556394
0,0.08000000000000007,-0.56,2.5,0.36234726492425545
0,0.08000000000000007,-0.54,2.5,0.3954639716478383
0,0.08000000000000007,-0.52,2.5,0.4292506464511793
0,0.08000000000000007,-0.5,2.5,0.4634454010065301
0,0.08000000000000007,-0.48,2.5,0.4977763774888975
0,0.08000000000000007,-0.45999999999999996,2.5,0.5319682315551557
0,0.08000000000000007,-0.43999999999999995,2.5,0.5657487304037266
0,0.08000000000000007,-0.42000000000000004,2.5,0.5988551998667361
0,0.08000000000000007,-0.4,2.5,0.6310405609346869
0,0.08000000000000007,-0.38,2.5,0.6620787169103679
0,0.08000000000000007,-0.36,2.5,0.6917690859934361
0,0.08000000000000007,-0.33999999999999997,2.5,0.7199401180942225
0,0.08000000000000007,-0.31999999999999995,2.5,0.7464516859895343
0,0.08000000000000007,-0.29999999999999993,2.5,0.7711962960978608
0,0.08000000000000007,-0.28,2.5,0.7940991196022621
0,0.08000000000000007,-0.26,2.5,0.8151168970150545
0,0.08000000000000007,-0.24,2.5,0.8342358156398788
0,0.08000000000000007,-0.21999999999999997,2.5,0.8514684974807466
0,0.08000000000000007,-0.19999999999999996,2.5,0.8668502634998049
0,0.08000000000000007,-0.17999999999999994,2.5,0.8804348581020409
0,0.08000000000000007,-0.16000000000000003,2.5,0.8922898255043211
0,0.08000000000000007,-0.14,2.5,0.9024917281172404
0,0.08000000000000007,-0.12,2.5,0.9111213876728016
0,0.08000000000000007,-0.09999999999999998,2.5,0.9182593143660004
0,0.08000000000000007,-0.07999999999999996,2.5,0.9239814696844447
0,0.08000000000000007,-0.05999999999999994,2.5,0.9283554867550741
0,0.08000000000000007,-0.040000000000000036,2.5,0.9314374495773444
0,0.08000000000000007,-0.020000000000000018,2.5,0.9332693106966783
0,0.08000000000000007,0.0,2.5,0.933877006499409
0,0.08000000000000007,0.020000000000000018,2.5,0.9332693106966783
0,0.08000000000000007,0.040000000000000036,2.5,0.9314374495773444
0,0.08000000000000007,0.06000000000000005,2.5,0.9283554867550741
0,0.08000000000000007,0.08000000000000007,2.5,0.9239814696844447
0,0.08000000000000007,0.10000000000000009,2.5,0.9182593143660004
0,0.08000000000000007,0.1200000000000001,2.5,0.9111213876728016
0,0.08000000000000007,0.14000000000000012,2.5,0.9024917281172404
0,0.08000000000000007,0.15999999999999992,2.5,0.8922898255043211
0,0.08000000000000007,0.17999999999999994,2.5,0.8804348581020409
0,0.08000000000000007,0.19999999999999996,2.5,0.8668502634998049
0,0.08000000000000007,0.21999999999999997,2.5,0.8514684974807466
0,0.08000000000000007,0.24,2.5,0.8342358156398788
0,0.08000000000000007,0.26,2.5,0.8151168970150545
0,0.08000000000000007,0.28,2.5,0.7940991196022621
0,0.08000000000000007,0.30000000000000004,2.5,0.7711962960978608
0,0.08000000000000007,0.32000000000000006,2.5,0.7464516859895343
0,0.08000000000000007,0.3400000000000001,2.5,0.7199401180942225
0,0.08000000000000007,0.3600000000000001,2.5,0.6917690859934361
0,0.08000000000000007,0.3800000000000001,2.5,0.6620787169103679
0,0.08000000000000007,0.40000000000000013,2.5,0.6310405609346869
0,0.08000000000000007,0.41999999999999993,2.5,0.5988551998667361
0,0.08000000000000007,0.43999999999999995,2.5,0.5657487304037266
0,0.08000000000000007,0.45999999999999996,2.5,0.5319682315551557
0,0.08000000000000007,0.48,2.5,0.4977763774888975
0,0.08000000000000007,0.5,2.5,0.46344540100653003
0,0.08000000000000007,0.52,2.5,0.4292506464511792
0,0.08000000000000007,0.54,2.5,0.3954639716478383
0,0.08000000000000007,0.56,2.5,0.36234726492425545
0,0.08000000000000007,0.5800000000000001,2.5,0.33014633483556394
0,0.08000000000000007,0.6000000000000001,2.5,0.299085407460712
0,0.08000000000000007,0.6200000000000001,2.5,0.2693624306210512
0,0.08000000000000007,0.6400000000000001,2.5,0.24114533855111306
0,0.08000000000000007,0.6600000000000001,2.5,0.2145693775731544
0,0.08000000000000007,0.6799999999999999,2.5,0.18973553675771093
0,0.08000000000000007,0.7,2.5,0.16671007109275218
0,0.08000000000000007,0.72,2.5,0.14552505187935993
0,0.08000000000000007,0.74,2.5,0.12617983305109054
0,0.08000000000000007,0.76,2.5,0.10864328537894885
0,0.08000000000000007,0.78,2.5,0.09285662480357709
0,0.08000000000000007,0.8,2.5,0.07873664731717271
0,0.08000000000000007,0.8200000000000001,2.5,0.0661791809460516
0,0.08000000000000007,0.8400000000000001,2.5,0.055062574736075225
0,0.08000000000000007,0.8600000000000001,2.5,0.04525106384356495
0,0.08000000000000007,0.8800000000000001,2.5,0.0365978770175363
0,0.08000000000000007,0.9000000000000001,2.5,0.028947985739222727
0,0.08000000000000007,0.9199999999999999,2.5,0.02214043072770347
0,0.08000000000000007,0.94,2.5,0.016010199098256933
0,0.08000000000000007,0.96,2.5,0.010389661979418839
0,0.08000000000000007,0.98,2.5,0.005109615892192179
0,0.08000000000000007,1.0,2.5,0.0
0,0.10000000000000009,-1.0,2.5,0.0
0,0.10000000000000009,-0.98,2.5,0.005077978480264712
0,0.10000000000000009,-0.96,2.5,0.010325331688645887
0,0.10000000000000009,-0.94,2.5,0.015911067278130245
0,0.10000000000000009,-0.92,2.5,0.02200334084578304
0,0.10000000000000009,-0.9,2.5,0.028768743121388766
0,0.10000000000000009,-0.88,2.5,0.03637126503490975
0,0.10000000000000009,-0.86,2.5,0.044970869000937934
0,0.10000000000000009,-0.84,2.5,0.05472162338502782
0,0.10000000000000009,-0.8200000000000001,2.5,0.0657693904067612
0,0.10000000000000009,-0.8,2.5,0.0782490940275263
0,0.10000000000000009,-0.78,2.5,0.09228163171600956
0,0.10000000000000009,-0.76,2.5,0.10797053020147845
0,0.10000000000000009,-0.74,2.5,0.1253984781007469
0,0.10000000000000009,-0.72,2.5,0.14462389531950828
0,0.10000000000000009,-0.7,2.5,0.16567771821015587
0,0.10000000000000009,-0.6799999999999999,2.5,0.18856058876155163
0,0.10000000000000009,-0.6599999999999999,2.5,0.2132406342361786
0,0.10000000000000009,-0.64,2.5,0.23965200993659488
0,0.10000000000000009,-0.62,2.5,0.2676943522221063
0,0.10000000000000009,-0.6,2.5,0.2972332523888907
0,0.10000000000000009,-0.5800000000000001,2.5,0.32810181629113655
0,0.10000000000000009,-0.56,2.5,0.3601033221032052
0,0.10000000000000009,-0.54,2.5,0.3930149325129521
0,0.10000000000000009,-0.52,2.5,0.42659236141745066
0,0.10000000000000009,-0.5,2.5,0.46057534254213217
0,0.10000000000000009,-0.48,2.5,0.49469370186788597
0,0.10000000000000009,-0.45999999999999996,2.5,0.5286738004530108
0,0.10000000000000009,-0.43999999999999995,2.5,0.5622450916227665
0,0.10000000000000009,-0.42000000000000004,2.5,0.5951465281265477
0,0.10000000000000009,-0.4,2.5,0.6271325612708776
0,0.10000000000000009,-0.38,2.5,0.6579784947042752
0,0.10000000000000009,-0.36,2.5,0.6874849889265441
0,0.10000000000000009,-0.33999999999999997,2.5,0.7154815563195971
0,0.10000000000000009,-0.31999999999999995,2.5,0.7418289374932342
0,0.10000000000000009,-0.29999999999999993,2.5,0.7664203045621848
0,0.10000000000000009,-0.28,2.5,0.7891812920780753
0,0.10000000000000009,-0.26,2.5,0.8100689083814242
0,0.10000000000000009,-0.24,2.5,0.8290694262130557
0,0.10000000000000009,-0.21999999999999997,2.5,0.8461953892823568
0,0.10000000000000009,-0.19999999999999996,2.5,0.8614818996663587
0,0.10000000000000009,-0.17999999999999994,2.5,0.8749823687787762
0,0.10000000000000009,-0.16000000000000003,2.5,0.8867639223791665
0,0.10000000000000009,-0.14,2.5,0.8969026485729785
0,0.10000000000000009,-0.12,2.5,0.9054788684160303
0,0.10000000000000009,-0.09999999999999998,2.5,0.9125725933678825
0,0.10000000000000009,-0.07999999999999996,2.5,0.9182593143660004
0,0.10000000000000009,-0.05999999999999994,2.5,0.9226062455828973
0,0.10000000000000009,-0.040000000000000036,2.5,0.9256691236078805
0,0.10000000000000009,-0.020000000000000018,2.5,0.9274896411145725
0,0.10000000000000009,0.0,2.5,0.9280935738290067
0,0.10000000000000009,0.020000000000000018,2.5,0.9274896411145725
0,0.10000000000000009,0.040000000000000036,2.5,0.9256691236078805
0,0.10000000000000009,0.06000000000000005,2.5,0.9226062455828973
0,0.10000000000000009,0.08000000000000007,2.5,0.9182593143660004
0,0.10000000000000009,0.10000000000000009,2.5,0.9125725933678825
0,0.10000000000000009,0.1200000000000001,2.5,0.9054788684160303
0,0.10000000000000009,0.14000000000000012,2.5,0.8969026485729785
0,0.10000000000000009,0.15999999999999992,2.5,0.8867639223791665
0,0.10000000000000009,0.17999999999999994,2.5,0.8749823687787762
0,0.10000000000000009,0.19999999999999996,2.5,0.8614818996663587
0,0.10000000000000009,0.21999999999999997,2.5,0.8461953892823568
0,0.10000000000000009,0.24,2.5,0.8290694262130557
0,0.10000000000000009,0.26,2.5,0.8100689083814242
0,0.10000000000000009,0.28,2.5,0.7891812920780753
0,0.10000000000000009,0.30000000000000004,2.5,0.7664203045621848
0,0.10000000000000009,0.32000000000000006,2.5,0.7418289374932342
0,0.10000000000000009,0.3400000000000001,2.5,0.7154815563195971
0,0.10000000000000009,0.3600000000000001,2.5,0.6874849889265441
0,0.10000000000000009,0.3800000000000001,2.5,0.6579784947042752
0,0.10000000000000009,0.40000000000000013,2.5,0.6271325612708776
0,0.10000000000000009,0.41999999999999993,2.5,0.5951465281265477
0,0.10000000000000009,0.43999999999999995,2.5,0.5622450916227665
0,0.10000000000000009,0.45999999999999996,2.5,0.5286738004530108
0,0.10000000000000009,0.48,2.5,0.4946937018678859
0,0.10000000000000009,0.5,2.5,0.4605753425421321
0,0.10000000000000009,0.52,2.5,0.4265923614174506
0,0.10000000000000009,0.54,2.5,0.39301493251295205
0,0.10000000000000009,0.56,2.5,0.3601033221032052
0,0.10000000000000009,0.5800000000000001,2.5,0.32810181629113655
0,0.10000000000000009,0.6000000000000001,2.5,0.29723325238889076
0,0.10000000000000009,0.6200000000000001,2.5,0.26769435222210636
0,0.10000000000000009,0.6400000000000001,2.5,0.2396520099365949
0,0.10000000000000009,0.6600000000000001,2.5,0.21324063423617862
0,0.10000000000000009,0.6799999999999999,2.5,0.18856058876155163
0,0.10000000000000009,0.7,2.5,0.16567771821015587
0,0.10000000000000009,0.72,2.5,0.14462389531950828
0,0.10000000000000009,0.74,2.5,0.1253984781007469
0,0.10000000000000009,0.76,2.5,0.10797053020147845
0,0.10000000000000009,0.78,2.5,0.09228163171600955
0,0.10000000000000009,0.8,2.5,0.0782490940275263
0,0.10000000000000009,0.8200000000000001,2.5,0.0657693904067612
0,0.10000000000000009,0.8400000000000001,2.5,0.05472162338502782
0,0.10000000000000009,0.8600000000000001,2.5,0.044970869000937934
0,0.10000000000000009,0.8800000000000001,2.5,0.03637126503490975
0,0.10000000000000009,0.9000000000000001,2.5,0.028768743121388766
0,0.10000000000000009,0.9199999999999999,2.5,0.02200334084578304
0,0.10000000000000009,0.94,2.5,0.015911067278130245
0,0.10000000000000009,0.96,2.5,0.010325331688645887
0,0.10000000000000009,0.98,2.5,0.005077978480264712
0,0.10000000000000009,1.0,2.5,0.0
0,0.1200000000000001,-1.0,2.5,0.0
0,0.1200000000000001,-0.98,2.5,0.005038512689227702
0,0.1200000000000001,-0.96,2.5,0.01024508349727801
0,0.1200000000000001,-0.94,2.5,0.015787406316562676
0,0.1200000000000001,-0.92,2.5,0.0218323295978368
0,0.1200000000000001,-0.9,2.5,0.028545149075990237
0,0.1200000000000001,-0.88,2.5,0.03608858087948353
0,0.1200000000000001,-0.86,2.5,0.04462134391888712
0,0.1200000000000001,-0.84,2.5,0.05429630885411903
0,0.1200000000000001,-0.8200000000000001,2.5,0.06525820397110174
0,0.1200000000000001,-0.8,2.5,0.07764090430949828
0,0.1200000000000001,-0.78,2.5,0.09156436743782331
0,0.1200000000000001,-0.76,2.5,0.10713131520769022
0,0.1200000000000001,-0.74,2.5,0.12442379333990036
0,0.1200000000000001,-0.72,2.5,0.14349976749979618
0,0.1200000000000001,-0.7,2.5,0.16438993345233596
0,0.1200000000000001,-0.6799999999999999,2.5,0.1870949281083961
0,0.1200000000000001,-0.6599999999999999,2.5,0.2115831264282092
0,0.1200000000000001,-0.64,2.5,0.2377891955210894
0,0.1200000000000001,-0.62,2.5,0.26561355191831737
0,0.1200000000000001,-0.6,2.5,0.2949228317722288
0,0.1200000000000001,-0.5800000000000001,2.5,0.325551438354492
0,0.1200000000000001,-0.56,2.5,0.3573041791570548
0,0.1200000000000001,-0.54,2.5,0.38995994922565275
0,0.1200000000000001,-0.52,2.5,0.4232763615740459
0,0.1200000000000001,-0.5,2.5,0.456995173286308
0,0.1200000000000001,-0.48,2.5,0.49084831073212276
0,0.1200000000000001,-0.45999999999999996,2.5,0.5245642622968619
0,0.1200000000000001,-0.43999999999999995,2.5,0.5578745845899239
0,0.1200000000000001,-0.42000000000000004,2.5,0.5905202597871853
0,0.1200000000000001,-0.4,2.5,0.6222576481217758
0,0.1200000000000001,-0.38,2.5,0.6528638000444988
0,0.1200000000000001,-0.36,2.5,0.6821409257120516
0,0.1200000000000001,-0.33999999999999997,2.5,0.7099198628457327
0,0.1200000000000001,-0.31999999999999995,2.5,0.7360624346031087
0,0.1200000000000001,-0.29999999999999993,2.5,0.7604626435016901
0,0.1200000000000001,-0.28,2.5,0.7830467021125382
0,0.1200000000000001,-0.26,2.5,0.8037719528785157
0,0.1200000000000001,-0.24,2.5,0.8226247751279286
0,0.1200000000000001,-0.21999999999999997,2.5,0.8396176149180375
0,0.1200000000000001,-0.19999999999999996,2.5,0.8547853013003799
0,0.1200000000000001,-0.17999999999999994,2.5,0.868180830326181
0,0.1200000000000001,-0.16000000000000003,2.5,0.8798708057810518
0,0.1200000000000001,-0.14,2.5,0.8899307241306882
0,0.1200000000000001,-0.12,2.5,0.8984402818946818
0,0.1200000000000001,-0.09999999999999998,2.5,0.9054788684160303
0,0.1200000000000001,-0.07999999999999996,2.5,0.9111213876728016
0,0.1200000000000001,-0.05999999999999994,2.5,0.9154345312375313
0,0.1200000000000001,-0.040000000000000036,2.5,0.9184736023428978
0,0.1200000000000001,-0.020000000000000018,2.5,0.9202799695003532
0,0.1200000000000001,0.0,2.5,0.9208792080293828
0,0.1200000000000001,0.020000000000000018,2.5,0.9202799695003532
0,0.1200000000000001,0.040000000000000036,2.5,0.9184736023428978
0,0.1200000000000001,0.06000000000000005,2.5,0.9154345312375313
0,0.1200000000000001,0.08000000000000007,2.5,0.9111213876728016
0,0.1200000000000001,0.10000000000000009,2.5,0.9054788684160303
0,0.1200000000000001,0.1200000000000001,2.5,0.8984402818946818
0,0.1200000000000001,0.14000000000000012,2.5,0.8899307241306882
0,0.1200000000000001,0.15999999999999992,2.5,0.8798708057810518
0,0.1200000000000001,0.17999999999999994,2.5,0.868180830326181
0,0.1200000000000001,0.19999999999999996,2.5,0.8547853013003799
0,0.1200000000000001,0.21999999999999997,2.5,0.8396176149180375
0,0.1200000000000001,0.24,2.5,0.8226247751279286
0,0.1200000000000001,0.26,2.5,0.8037719528785157
0,0.1200000000000001,0.28,2.5,0.7830467021125382
0,0.1200000000000001,0.30000000000000004,2.5,0.7604626435016901
0,0.1200000000000001,0.32000000000000006,2.5,0.7360624346031087
0,0.1200000000000001,0.3400000000000001,2.5,0.7099198628457327
0,0.1200000000000001,0.3600000000000001,2.5,0.6821409257120516
0,0.1200000000000001,0.3800000000000001,2.5,0.6528638000444988
0,0.1200000000000001,0.40000000000000013,2.5,0.6222576481217758
0,0.1200000000000001,0.41999999999999993,2.5,0.5905202597871853
0,0.1200000000000001,0.43999999999999995,2.5,0.5578745845899239
0,0.1200000000000001,0.45999999999999996,2.5,0.5245642622968619
0,0.1200000000000001,0.48,2.5,0.49084831073212276
0,0.1200000000000001,0.5,2.5,0.45699517328630795
0,0.1200000000000001,0.52,2.5,0.42327636157404586
0,0.1200000000000001,0.54,2.5,0.3899599492256527
0,0.1200000000000001,0.56,2.5,0.3573041791570548
0,0.1200000000000001,0.5800000000000001,2.5,0.325551438354492
0,0.1200000000000001,0.6000000000000001,2.5,0.29492283177222883
0,0.1200000000000001,0.6200000000000001,2.5,0.26561355191831737
0,0.1200000000000001,0.6400000000000001,2.5,0.2377891955210894
0,0.1200000000000001,0.6600000000000001,2.5,0.2115831264282092
0,0.1200000000000001,0.6799999999999999,2.5,0.1870949281083961
0,0.1200000000000001,0.7,2.5,0.16438993345233596
0,0.1200000000000001,0.72,2.5,0.14349976749979618
0,0.1200000000000001,0.74,2.5,0.12442379333990036
0,0.1200000000000001,0.76,2.5,0.10713131520769022
0,0.1200000000000001,0.78,2.5,0.09156436743782331
0,0.1200000000000001,0.8,2.5,0.07764090430949828
0,0.1200000000000001,0.8200000000000001,2.5,0.06525820397110173
0,0.1200000000000001,0.8400000000000001,2.5,0.05429630885411903
0,0.1200000000000001,0.8600000000000001,2.5,0.04462134391888712
0,0.1200000000000001,0.8800000000000001,2.5,0.03608858087948353
0,0.1200000000000001,0.9000000000000001,2.5,0.028545149075990237
0,0.1200000000000001,0.9199999999999999,2.5,0.0218323295978368
0,0.1200000000000001,0.94,2.5,0.015787406316562676
0,0.1200000000000001,0.96,2.5,0.01024508349727801
0,0.1200000000000001,0.98,2.5,0.005038512689227702
0,0.1200000000000001,1.0,2.5,0.0
0,0.14000000000000012,-1.0,2.5,0.0
0,0.14000000000000012,-0.98,2.5,0.004990798157827747
0,0.14000000000000012,-0.96,2.5,0.010148062671762409
0,0.14000000000000012,-0.94,2.5,0.015637899116172607
0,0.14000000000000012,-0.92,2.5,0.02162557562150724
0,0.14000000000000012,-0.9,2.5,0.028274822294919264
0,0.14000000000000012,-0.88,2.5,0.03574681405272279
0,0.14000000000000012,-0.86,2.5,0.04419876643386007
0,0.14000000000000012,-0.84,2.5,0.05378210209860628
0,0.14000000000000012,-0.8200000000000001,2.5,0.06464017843494431
0,0.14000000000000012,-0.8,2.5,0.07690560236482133
0,0.14000000000000012,-0.78,2.5,0.0906971951460828
0,0.14000000000000012,-0.76,2.5,0.10611670556088558
0,0.14000000000000012,-0.74,2.5,0.12324540209421729
0,0.14000000000000012,-0.72,2.5,0.14214070125689524
0,0.14000000000000012,-0.7,2.5,0.16283300796104885
0,0.14000000000000012,-0.6799999999999999,2.5,0.18532295298974658
0,0.14000000000000012,-0.6599999999999999,2.5,0.2095792107742756
0,0.14000000000000012,-0.64,2.5,0.23553706719489742
0,0.14000000000000012,-0.62,2.5,0.26309788199887324
0,0.14000000000000012,-0.6,2.5,0.2921295545488915
0,0.14000000000000012,-0.5800000000000001,2.5,0.32246805666489137
0,0.14000000000000012,-0.56,2.5,0.35392004474607347
0,0.14000000000000012,-0.54,2.5,0.38626650821376357
0,0.14000000000000012,-0.52,2.5,0.41926735606255516
0,0.14000000000000012,-0.5,2.5,0.4526667915612621
0,0.14000000000000012,-0.48,2.5,0.48619928039092003
0,0.14000000000000012,-0.45999999999999996,2.5,0.5195958828157158
0,0.14000000000000012,-0.43999999999999995,2.5,0.5525906982570178
0,0.14000000000000012,-0.42000000000000004,2.5,0.5849271624117659
0,0.14000000000000012,-0.4,2.5,0.6163639433545851
0,0.14000000000000012,-0.38,2.5,0.6466802033758118
0,0.14000000000000012,-0.36,2.5,0.6756800261304873
0,0.14000000000000012,-0.33999999999999997,2.5,0.7031958516468726
0,0.14000000000000012,-0.31999999999999995,2.5,0.7290908118634136
0,0.14000000000000012,-0.29999999999999993,2.5,0.7532599132443099
0,0.14000000000000012,-0.28,2.5,0.7756300671846803
0,0.14000000000000012,-0.26,2.5,0.7961590200638943
0,0.14000000000000012,-0.24,2.5,0.8148332800886162
0,0.14000000000000012,-0.21999999999999997,2.5,0.8316651752749578
0,0.14000000000000012,-0.19999999999999996,2.5,0.8466892046118069
0,0.14000000000000012,-0.17999999999999994,2.5,0.8599578620058153
0,0.14000000000000012,-0.16000000000000003,2.5,0.8715371202068798
0,0.14000000000000012,-0.14,2.5,0.8815017604197536
0,0.14000000000000012,-0.12,2.5,0.8899307241306882
0,0.14000000000000012,-0.09999999999999998,2.5,0.8969026485729785
0,0.14000000000000012,-0.07999999999999996,2.5,0.9024917281172404
0,0.14000000000000012,-0.05999999999999994,2.5,0.9067640225354545
0,0.14000000000000012,-0.040000000000000036,2.5,0.9097743111506057
0,0.14000000000000012,-0.020000000000000018,2.5,0.911563570575657
0,0.14000000000000012,0.0,2.5,0.9121571338468768
0,0.14000000000000012,0.020000000000000018,2.5,0.911563570575657
0,0.14000000000000012,0.040000000000000036,2.5,0.9097743111506057
0,0.14000000000000012,0.06000000000000005,2.5,0.9067640225354545
0,0.14000000000000012,0.08000000000000007,2.5,0.9024917281172404
0,0.14000000000000012,0.10000000000000009,2.5,0.8969026485729785
0,0.14000000000000012,0.1200000000000001,2.5,0.8899307241306882
0,0.14000000000000012,0.14000000000000012,2.5,0.8815017604197536
0,0.14000000000000012,0.15999999999999992,2.5,0.8715371202068798
0,0.14000000000000012,0.17999999999999994,2.5,0.8599578620058153
0,0.14000000000000012,0.19999999999999996,2.5,0.8466892046118069
0,0.14000000000000012,0.21999999999999997,2.5,0.8316651752749578
0,0.14000000000000012,0.24,2.5,0.8148332800886162
0,0.14000000000000012,0.26,2.5,0.7961590200638943
0,0.14000000000000012,0.28,2.5,0.7756300671846803
0,0.14000000000000012,0.30000000000000004,2.5,0.7532599132443099
0,0.14000000000000012,0.32000000000000006,2.5,0.7290908118634136
0,0.14000000000000012,0.3400000000000001,2.5,0.7031958516468726
0,0.14000000000000012,0.3600000000000001,2.5,0.6756800261304873
0,0.14000000000000012,0.3800000000000001,2.5,0.6466802033758118
0,0.14000000000000012,0.40000000000000013,2.5,0.6163639433545851
0,0.14000000000000012,0.41999999999999993,2.5,0.5849271624117659
0,0.14000000000000012,0.43999999999999995,2.5,0.5525906982570178
0,0.14000000000000012,0.45999999999999996,2.5,0.5195958828157158
0,0.14000000000000012,0.48,2.5,0.48619928039092003
0,0.14000000000000012,0.5,2.5,0.45266679156126205
0,0.14000000000000012,0.52,2.5,0.41926735606255516
0,0.14000000000000012,0.54,2.5,0.38626650821376357
0,0.14000000000000012,0.56,2.5,0.35392004474607347
0,0.14000000000000012,0.5800000000000001,2.5,0.32246805666489137
0,0.14000000000000012,0.6000000000000001,2.5,0.2921295545488915
0,0.14000000000000012,0.6200000000000001,2.5,0.2630978819988732
0,0.14000000000000012,0.6400000000000001,2.5,0.2355370671948974
0,0.14000000000000012,0.6600000000000001,2.5,0.20957921077427558
0,0.14000000000000012,0.6799999999999999,2.5,0.18532295298974658
0,0.14000000000000012,0.7,2.5,0.16283300796104885
0,0.14000000000000012,0.72,2.5,0.14214070125689524
0,0.14000000000000012,0.74,2.5,0.12324540209421729
0,0.14000000000000012,0.76,2.5,0.10611670556088558
0,0.14000000000000012,0.78,2.5,0.0906971951460828
0,0.14000000000000012,0.8,2.5,0.07690560236482132
0,0.14000000000000012,0.8200000000000001,2.5,0.0646401784349443
0,0.14000000000000012,0.8400000000000001,2.5,0.05378210209860628
0,0.14000000000000012,0.8600000000000001,2.5,0.04419876643386007
0,0.14000000000000012,0.8800000000000001,2.5,0.03574681405272279
0,0.14000000000000012,0.9000000000000001,2.5,0.028274822294919264
0,0.14000000000000012,0.9199999999999999,2.5,0.02162557562150724
0,0.14000000000000012,0.94,2.5,0.015637899116172607
0,0.14000000000000012,0.96,2.5,0.010148062671762409
0,0.14000000000000012,0.98,2.5,0.004990798157827747
0,0.14000000000000012,1.0,2.5,0.0
0,0.15999999999999992,-1.0,2.5,0.0
0,0.15999999999999992,-0.98,2.5,0.004934389334286539
0,0.15999999999999992,-0.96,2.5,0.010033363258503082
0,0.15999999999999992,-0.94,2.5,0.015461149653872767
0,0.15999999999999992,-0.92,2.5,0.021381148414041283
0,0.15999999999999992,-0.9,2.5,0.02795523878088999
0,0.15999999999999992,-0.88,2.5,0.0353427736719343
0,0.15999999999999992,-0.86,2.5,0.043699191364908255
0,0.15999999999999992,-0.84,2.5,0.05317420272208687
0,0.15999999999999992,-0.8200000000000001,2.5,0.06390954448517852
0,0.15999999999999992,-0.8,2.5,0.07603632443809726
0,0.15999999999999992,-0.78,2.5,0.08967202052351196
0,0.15999999999999992,-0.76,2.5,0.10491723119160122
0,0.15999999999999992,-0.74,2.5,0.12185230610802976
0,0.15999999999999992,-0.72,2.5,0.14053401259867734
0,0.15999999999999992,-0.7,2.5,0.1609924117502085
0,0.15999999999999992,-0.6799999999999999,2.5,0.1832281271159168
0,0.15999999999999992,-0.6599999999999999,2.5,0.20721018716876127
0,0.15999999999999992,-0.64,2.5,0.23287460929840662
0,0.15999999999999992,-0.62,2.5,0.26012386831106893
0,0.15999999999999992,-0.6,2.5,0.28882735691598777
0,0.15999999999999992,-0.5800000000000001,2.5,0.31882290124042884
0,0.15999999999999992,-0.56,2.5,0.3499193434220936
0,0.15999999999999992,-0.54,2.5,0.3819001488052031
0,0.15999999999999992,-0.52,2.5,0.4145279406380521
0,0.15999999999999992,-0.5,2.5,0.44754981400902394
0,0.15999999999999992,-0.48,2.5,0.48070323650981256
0,0.15999999999999992,-0.45999999999999996,2.5,0.5137223088154987
0,0.15999999999999992,-0.43999999999999995,2.5,0.5463441363967431
0,0.15999999999999992,-0.42000000000000004,2.5,0.5783150554434712
0,0.15999999999999992,-0.4,2.5,0.6093964623063332
0,0.15999999999999992,-0.38,2.5,0.639370015845346
0,0.15999999999999992,-0.36,2.5,0.6680420145268483
0,0.15999999999999992,-0.33999999999999997,2.5,0.6952467925975038
0,0.15999999999999992,-0.31999999999999995,2.5,0.7208490292177259
0,0.15999999999999992,-0.29999999999999993,2.5,0.7447449177088936
0,0.15999999999999992,-0.28,2.5,0.7668621956171718
0,0.15999999999999992,-0.26,2.5,0.7871590868660373
0,0.15999999999999992,-0.24,2.5,0.8056222520405768
0,0.15999999999999992,-0.21999999999999997,2.5,0.8222638796338366
0,0.15999999999999992,-0.19999999999999996,2.5,0.8371180784650859
0,0.15999999999999992,-0.17999999999999994,2.5,0.8502367488398067
0,0.15999999999999992,-0.16000000000000003,2.5,0.8616851175337158
0,0.15999999999999992,-0.14,2.5,0.8715371202068798
0,0.15999999999999992,-0.12,2.5,0.8798708057810518
0,0.15999999999999992,-0.09999999999999998,2.5,0.8867639223791665
0,0.15999999999999992,-0.07999999999999996,2.5,0.8922898255043211
0,0.15999999999999992,-0.05999999999999994,2.5,0.8965138280400207
0,0.15999999999999992,-0.040000000000000036,2.5,0.899490089964316
0,0.15999999999999992,-0.020000000000000018,2.5,0.9012591246032605
0,0.15999999999999992,0.0,2.5,0.9018459785753513
0,0.15999999999999992,0.020000000000000018,2.5,0.9012591246032605
0,0.15999999999999992,0.040000000000000036,2.5,0.899490089964316
0,0.15999999999999992,0.06000000000000005,2.5,0.8965138280400207
0,0.15999999999999992,0.08000000000000007,2.5,0.8922898255043211
0,0.15999999999999992,0.10000000000000009,2.5,0.8867639223791665
0,0.15999999999999992,0.1200000000000001,2.5,0.8798708057810518
0,0.15999999999999992,0.14000000000000012,2.5,0.8715371202068798
0,0.15999999999999992,0.15999999999999992,2.5,0.8616851175337158
0,0.15999999999999992,0.17999999999999994,2.5,0.8502367488398067
0,0.15999999999999992,0.19999999999999996,2.5,0.8371180784650859
0,0.15999999999999992,0.21999999999999997,2.5,0.8222638796338366
0,0.15999999999999992,0.24,2.5,0.8056222520405768
0,0.15999999999999992,0.26,2.5,0.7871590868660373
0,0.15999999999999992,0.28,2.5,0.7668621956171718
0,0.15999999999999992,0.30000000000000004,2.5,0.7447449177088936
0,0.15999999999999992,0.32000000000000006,2.5,0.7208490292177259
0,0.15999999999999992,0.3400000000000001,2.5,0.6952467925975038
0,0.15999999999999992,0.3600000000000001,2.5,0.6680420145268483
0,0.15999999999999992,0.3800000000000001,2.5,0.639370015845346
0,0.15999999999999992,0.40000000000000013,2.5,0.6093964623063332
0,0.15999999999999992,0.41999999999999993,2.5,0.5783150554434712
0,0.15999999999999992,0.43999999999999995,2.5,0.5463441363967431
0,0.15999999999999992,0.45999999999999996,2.5,0.5137223088154987
0,0.15999999999999992,0.48,2.5,0.48070323650981256
0,0.15999999999999992,0.5,2.5,0.44754981400902394
0,0.15999999999999992,0.52,2.5,0.4145279406380521
0,0.15999999999999992,0.54,2.5,0.3819001488052031
0,0.15999999999999992,0.56,2.5,0.3499193434220936
0,0.15999999999999992,0.5800000000000001,2.5,0.31882290124042884
0,0.15999999999999992,0.6000000000000001,2.5,0.2888273569159877
0,0.15999999999999992,0.6200000000000001,2.5,0.2601238683110689
0,0.15999999999999992,0.6400000000000001,2.5,0.23287460929840662
0,0.15999999999999992,0.6600000000000001,2.5,0.20721018716876127
0,0.15999999999999992,0.6799999999999999,2.5,0.1832281271159168
0,0.15999999999999992,0.7,2.5,0.16099241175020854
0,0.15999999999999992,0.72,2.5,0.14053401259867737
0,0.15999999999999992,0.74,2.5,0.12185230610802977
0,0.15999999999999992,0.76,2.5,0.10491723119160122
0,0.15999999999999992,0.78,2.5,0.08967202052351196
0,0.15999999999999992,0.8,2.5,0.07603632443809726
0,0.15999999999999992,0.8200000000000001,2.5,0.06390954448517852
0,0.15999999999999992,0.8400000000000001,2.5,0.05317420272208687
0,0.15999999999999992,0.8600000000000001,2.5,0.043699191364908255
0,0.15999999999999992,0.8800000000000001,2.5,0.0353427736719343
0,0.15999999999999992,0.9000000000000001,2.5,0.02795523878088999
0,0.15999999999999992,0.9199999999999999,2.5,0.021381148414041283
0,0.15999999999999992,0.94,2.5,0.015461149653872767
0,0.15999999999999992,0.96,2.5,0.010033363258503082
0,0.15999999999999992,0.98,2.5,0.004934389334286539
0,0.15999999999999992,1.0,2.5,0.0
0,0.17999999999999994,-1.0,2.5,0.0
0,0.17999999999999994,-0.98,2.5,0.00486883891728331
0,0.17999999999999994,-0.96,2.5,0.009900075747373761
0,0.17999999999999994,-0.94,2.5,0.015255756428309508
0,0.17999999999999994,-0.92,2.5,0.02109710990095593
0,0.17999999999999994,-0.9,2.5,0.027583864643296395
0,0.17999999999999994,-0.88,2.5,0.034873256355930554
0,0.17999999999999994,-0.86,2.5,0.043118658089807714
0,0.17999999999999994,-0.84,2.5,0.05246779155453939
0,0.17999999999999994,-0.8200000000000001,2.5,0.0630605102640643
0,0.17999999999999994,-0.8,2.5,0.07502617997428133
0,0.17999999999999994,-0.78,2.5,0.08848071767362752
0,0.17999999999999994,-0.76,2.5,0.10352338511244077
0,0.17999999999999994,-0.74,2.5,0.12023346428229197
0,0.17999999999999994,-0.72,2.5,0.13866696815812649
0,0.17999999999999994,-0.7,2.5,0.15885355831118728
0,0.17999999999999994,-0.6799999999999999,2.5,0.18079384991099992
0,0.17999999999999994,-0.6599999999999999,2.5,0.20445728285116618
0,0.17999999999999994,-0.64,2.5,0.2297807245659096
0,0.17999999999999994,-0.62,2.5,0.25666794559634565
0,0.17999999999999994,-0.6,2.5,0.28499007396185927
0,0.17999999999999994,-0.5800000000000001,2.5,0.31458709054062356
0,0.17999999999999994,-0.56,2.5,0.34527037734789023
0,0.17999999999999994,-0.54,2.5,0.3768262768026218
0,0.17999999999999994,-0.52,2.5,0.4090205661705111
0,0.17999999999999994,-0.5,2.5,0.44160370089051126
0,0.17999999999999994,-0.48,2.5,0.474316636831774
0,0.17999999999999994,-0.45999999999999996,2.5,0.5068970076845979
0,0.17999999999999994,-0.43999999999999995,2.5,0.5390854120066242
0,0.17999999999999994,-0.42000000000000004,2.5,0.5706315564177478
0,0.17999999999999994,-0.4,2.5,0.6013000075813675
0,0.17999999999999994,-0.38,2.5,0.6308753254258237
0,0.17999999999999994,-0.36,2.5,0.659166382080353
0,0.17999999999999994,-0.33999999999999997,2.5,0.6860097129228494
0,0.17999999999999994,-0.31999999999999995,2.5,0.7112717950318527
0,0.17999999999999994,-0.29999999999999993,2.5,0.7348502008992489
0,0.17999999999999994,-0.28,2.5,0.7566736280970252
0,0.17999999999999994,-0.26,2.5,0.7767008554887105
0,0.17999999999999994,-0.24,2.5,0.7949187207521818
0,0.17999999999999994,-0.21999999999999997,2.5,0.8113392502789081
0,0.17999999999999994,-0.19999999999999996,2.5,0.825996099530491
0,0.17999999999999994,-0.17999999999999994,2.5,0.8389404790626878
0,0.17999999999999994,-0.16000000000000003,2.5,0.8502367488398067
0,0.17999999999999994,-0.14,2.5,0.8599578620058153
0,0.17999999999999994,-0.12,2.5,0.868180830326181
0,0.17999999999999994,-0.09999999999999998,2.5,0.8749823687787762
0,0.17999999999999994,-0.07999999999999996,2.5,0.8804348581020409
0,0.17999999999999994,-0.05999999999999994,2.5,0.8846027432934096
0,0.17999999999999994,-0.040000000000000036,2.5,0.8875394646500467
0,0.17999999999999994,-0.020000000000000018,2.5,0.889284997156698
0,0.17999999999999994,0.0,2.5,0.8898640546130807
0,0.17999999999999994,0.020000000000000018,2.5,0.889284997156698
0,0.17999999999999994,0.040000000000000036,2.5,0.8875394646500467
0,0.17999999999999994,0.06000000000000005,2.5,0.8846027432934096
0,0.17999999999999994,0.08000000000000007,2.5,0.8804348581020409
0,0.17999999999999994,0.10000000000000009,2.5,0.8749823687787762
0,0.17999999999999994,0.1200000000000001,2.5,0.868180830326181
0,0.17999999999999994,0.14000000000000012,2.5,0.8599578620058153
0,0.17999999999999994,0.15999999999999992,2.5,0.8502367488398067
0,0.17999999999999994,0.17999999999999994,2.5,0.8389404790626878
0,0.17999999999999994,0.19999999999999996,2.5,0.825996099530491
0,0.17999999999999994,0.21999999999999997,2.5,0.8113392502789081
0,0.17999999999999994,0.24,2.5,0.7949187207521818
0,0.17999999999999994,0.26,2.5,0.7767008554887105
0,0.17999999999999994,0.28,2.5,0.7566736280970252
0,0.17999999999999994,0.30000000000000004,2.5,0.7348502008992489
0,0.17999999999999994,0.32000000000000006,2.5,0.7112717950318527
0,0.17999999999999994,0.3400000000000001,2.5,0.6860097129228494
0,0.17999999999999994,0.3600000000000001,2.5,0.659166382080353
0,0.17999999999999994,0.3800000000000001,2.5,0.6308753254258237
0,0.17999999999999994,0.40000000000000013,2.5,0.6013000075813675
0,0.17999999999999994,0.41999999999999993,2.5,0.5706315564177478
0,0.17999999999999994,0.43999999999999995,2.5,0.5390854120066242
0,0.17999999999999994,0.45999999999999996,2.5,0.5068970076845979
0,0.17999999999999994,0.48,2.5,0.474316636831774
0,0.17999999999999994,0.5,2.5,0.44160370089051126
0,0.17999999999999994,0.52,2.5,0.4090205661705111
0,0.17999999999999994,0.54,2.5,0.3768262768026218
0,0.17999999999999994,0.56,2.5,0.34527037734789023
0,0.17999999999999994,0.5800000000000001,2.5,0.31458709054062356
0,0.17999999999999994,0.6000000000000001,2.5,0.2849900739618592
0,0.17999999999999994,0.6200000000000001,2.5,0.25666794559634565
0,0.17999999999999994,0.6400000000000001,2.5,0.2297807245659096
0,0.17999999999999994,0.6600000000000001,2.5,0.20445728285116618
0,0.17999999999999994,0.6799999999999999,2.5,0.18079384991099992
0,0.17999999999999994,0.7,2.5,0.1588535583111873
0,0.17999999999999994,0.72,2.5,0.1386669681581265
0,0.17999999999999994,0.74,2.5,0.12023346428229197
0,0.17999999999999994,0.76,2.5,0.10352338511244077
0,0.17999999999999994,0.78,2.5,0.08848071767362752
0,0.17999999999999994,0.8,2.5,0.07502617997428133
0,0.17999999999999994,0.8200000000000001,2.5,0.0630605102640643
0,0.17999999999999994,0.8400000000000001,2.5,0.05246779155453939
0,0.17999999999999994,0.8600000000000001,2.5,0.043118658089807714
0,0.17999999999999994,0.8800000000000001,2.5,0.03487325635593056
0,0.17999999999999994,0.9000000000000001,2.5,0.027583864643296395
0,0.17999999999999994,0.9199999999999999,2.5,0.02109710990095593
0,0.17999999999999994,0.94,2.5,0.015255756428309508
0,0.17999999999999994,0.96,2.5,0.009900075747373761
0,0.17999999999999994,0.98,2.5,0.00486883891728331
0,0.17999999999999994,1.0,2.5,0.0
0,0.19999999999999996,-1.0,2.5,0.0
0,0.19999999999999996,-0.98,2.5,0.004793723143945716
0,0.19999999999999996,-0.96,2.5,0.009747338490795949
0,0.19999999999999996,-0.94,2.5,0.015020391694385881
0,0.19999999999999996,-0.92,2.5,0.02077162400737011
0,0.19999999999999996,-0.9,2.5,0.027158299356912625
0,0.19999999999999996,-0.88,2.5,0.03433522733788823
0,0.19999999999999996,-0.86,2.5,0.04245341447501396
0,0.19999999999999996,-0.84,2.5,0.05165830312909486
0,0.19999999999999996,-0.8200000000000001,2.5,0.06208758884844534
0,0.19999999999999996,-0.8,2.5,0.07386864122739875
0,0.19999999999999996,-0.78,2.5,0.0871155885876167
0,0.19999999999999996,-0.76,2.5,0.10192616098689183
0,0.19999999999999996,-0.74,2.5,0.11837841700050997
0,0.19999999999999996,-0.72,2.5,0.13652750522215584
0,0.19999999999999996,-0.7,2.5,0.15640262944411576
0,0.19999999999999996,-0.6799999999999999,2.5,0.1780043952493017
0,0.19999999999999996,-0.6599999999999999,2.5,0.20130271399157335
0,0.19999999999999996,-0.64,2.5,0.22623542717620765
0,0.19999999999999996,-0.62,2.5,0.25270779012257016
0,0.19999999999999996,-0.6,2.5,0.2805929193276113
0,0.19999999999999996,-0.5800000000000001,2.5,0.30973326477416735
0,0.19999999999999996,-0.56,2.5,0.3399431188891026
0,0.19999999999999996,-0.54,2.5,0.37101212088849933
0,0.19999999999999996,-0.52,2.5,0.40270966217640647
0,0.19999999999999996,-0.5,2.5,0.43479004876177685
0,0.19999999999999996,-0.48,2.5,0.4669982336717863
0,0.19999999999999996,-0.45999999999999996,2.5,0.4990758990187082
0,0.19999999999999996,-0.43999999999999995,2.5,0.5307676460297657
0,0.19999999999999996,-0.42000000000000004,2.5,0.5618270434455096
0,0.19999999999999996,-0.4,2.5,0.5920222907415876
0,0.19999999999999996,-0.38,2.5,0.6211412721391922
0,0.19999999999999996,-0.36,2.5,0.6489958088957917
0,0.19999999999999996,-0.33999999999999997,2.5,0.6754249586437324
0,0.19999999999999996,-0.31999999999999995,2.5,0.7002972586848683
0,0.19999999999999996,-0.29999999999999993,2.5,0.7235118619022555
0,0.19999999999999996,-0.28,2.5,0.7449985659714252
0,0.19999999999999996,-0.26,2.5,0.7647167856810275
0,0.19999999999999996,-0.24,2.5,0.782653561666994
0,0.19999999999999996,-0.21999999999999997,2.5,0.7988207346026174
0,0.19999999999999996,-0.19999999999999996,2.5,0.8132514404858942
0,0.19999999999999996,-0.17999999999999994,2.5,0.825996099530491
0,0.19999999999999996,-0.16000000000000003,2.5,0.8371180784650859
0,0.19999999999999996,-0.14,2.5,0.8466892046118069
0,0.19999999999999996,-0.12,2.5,0.8547853013003799
0,0.19999999999999996,-0.09999999999999998,2.5,0.8614818996663587
0,0.19999999999999996,-0.07999999999999996,2.5,0.8668502634998049
0,0.19999999999999996,-0.05999999999999994,2.5,0.8709538433168509
0,0.19999999999999996,-0.040000000000000036,2.5,0.8738452547558668
0,0.19999999999999996,-0.020000000000000018,2.5,0.8755638559334676
0,0.19999999999999996,0.0,2.5,0.8761339792827801
0,0.19999999999999996,0.020000000000000018,2.5,0.8755638559334676
0,0.19999999999999996,0.040000000000000036,2.5,0.8738452547558668
0,0.19999999999999996,0.06000000000000005,2.5,0.8709538433168509
0,0.19999999999999996,0.08000000000000007,2.5,0.8668502634998049
0,0.19999999999999996,0.10000000000000009,2.5,0.8614818996663587
0,0.19999999999999996,0.1200000000000001,2.5,0.8547853013003799
0,0.19999999999999996,0.14000000000000012,2.5,0.8466892046118069
0,0.19999999999999996,0.15999999999999992,2.5,0.8371180784650859
0,0.19999999999999996,0.17999999999999994,2.5,0.825996099530491
0,0.19999999999999996,0.19999999999999996,2.5,0.8132514404858942
0,0.19999999999999996,0.21999999999999997,2.5,0.7988207346026174
0,0.19999999999999996,0.24,2.5,0.782653561666994
0,0.19999999999999996,0.26,2.5,0.7647167856810275
0,0.19999999999999996,0.28,2.5,0.7449985659714252
0,0.19999999999999996,0.30000000000000004,2.5,0.7235118619022555
0,0.19999999999999996,0.32000000000000006,2.5,0.7002972586848683
0,0.19999999999999996,0.3400000000000001,2.5,0.6754249586437324
0,0.19999999999999996,0.3600000000000001,2.5,0.6489958088957917
0,0.19999999999999996,0.3800000000000001,2.5,0.6211412721391922
0,0.19999999999999996,0.40000000000000013,2.5,0.5920222907415876
0,0.19999999999999996,0.41999999999999993,2.5,0.5618270434455096
0,0.19999999999999996,0.43999999999999995,2.5,0.5307676460297657
0,0.19999999999999996,0.45999999999999996,2.5,0.4990758990187082
0,0.19999999999999996,0.48,2.5,0.46699823367178633
0,0.19999999999999996,0.5,2.5,0.43479004876177685
0,0.19999999999999996,0.52,2.5,0.40270966217640647
0,0.19999999999999996,0.54,2.5,0.37101212088849933
0,0.19999999999999996,0.56,2.5,0.3399431188891026
0,0.19999999999999996,0.5800000000000001,2.5,0.30973326477416735
0,0.19999999999999996,0.6000000000000001,2.5,0.2805929193276113
0,0.19999999999999996,0.6200000000000001,2.5,0.25270779012257016
0,0.19999999999999996,0.6400000000000001,2.5,0.22623542717620765
0,0.19999999999999996,0.6600000000000001,2.5,0.20130271399157335
0,0.19999999999999996,0.6799999999999999,2.5,0.1780043952493017
0,0.19999999999999996,0.7,2.5,0.1564026294441158
0,0.19999999999999996,0.72,2.5,0.13652750522215587
0,0.19999999999999996,0.74,2.5,0.11837841700050998
0,0.19999999999999996,0.76,2.5,0.10192616098689183
0,0.19999999999999996,0.78,2.5,0.0871155885876167
0,0.19999999999999996,0.8,2.5,0.07386864122739875
0,0.19999999999999996,0.8200000000000001,2.5,0.06208758884844534
0,0.19999999999999996,0.8400000000000001,2.5,0.05165830312909486
0,0.19999999999999996,0.8600000000000001,2.5,0.04245341447501396
0,0.19999999999999996,0.8800000000000001,2.5,0.03433522733788823
0,0.19999999999999996,0.9000000000000001,2.5,0.027158299356912625
0,0.19999999999999996,0.9199999999999999,2.5,0.02077162400737011
0,0.19999999999999996,0.94,2.5,0.015020391694385881
0,0.19999999999999996,0.96,2.5,0.009747338490795949
0,0.19999999999999996,0.98,2.5,0.004793723143945716
0,0.19999999999999996,1.0,2.5,0.0
0,0.21999999999999997,-1.0,2.5,0.0
0,0.21999999999999997,-0.98,2.5,0.004708668119108126
0,0.21999999999999997,-0.96,2.5,0.009574391240030187
0,0.21999999999999997,-0.94,2.5,0.01475388396022458
0,0.21999999999999997,-0.92,2.5,0.02040307074070955
0,0.21999999999999997,-0.9,2.5,0.026676424918708606
0,0.21999999999999997,-0.88,2.5,0.03372600903443981
0,0.21999999999999997,-0.86,2.5,0.04170015002408219
0,0.21999999999999997,-0.84,2.5,0.05074170937514673
0,0.21999999999999997,-0.8200000000000001,2.5,0.06098593920865914
0,0.21999999999999997,-0.8,2.5,0.07255794890540038
0,0.21999999999999997,-0.78,2.5,0.08556984152160738
0,0.21999999999999997,-0.76,2.5,0.10011761282176818
0,0.21999999999999997,-0.74,2.5,0.11627793614740928
0,0.21999999999999997,-0.72,2.5,0.1341049813900911
0,0.21999999999999997,-0.7,2.5,0.15362743402990076
0,0.21999999999999997,-0.6799999999999999,2.5,0.1748458888177793
0,0.21999999999999997,-0.6599999999999999,2.5,0.19773079095510904
0,0.21999999999999997,-0.64,2.5,0.22222108488940492
0,0.21999999999999997,-0.62,2.5,0.2482237071433659
0,0.21999999999999997,-0.6,2.5,0.27561402574270816
0,0.21999999999999997,-0.5800000000000001,2.5,0.3042372863997603
0,0.21999999999999997,-0.56,2.5,0.3339110769500175
0,0.21999999999999997,-0.54,2.5,0.3644287695110439
0,0.21999999999999997,-0.52,2.5,0.3955638477042521
0,0.21999999999999997,-0.5,2.5,0.42707497746029477
0,0.21999999999999997,-0.48,2.5,0.4587116377052336
0,0.21999999999999997,-0.45999999999999996,2.5,0.4902200944950039
0,0.21999999999999997,-0.43999999999999995,2.5,0.5213494811967975
0,0.21999999999999997,-0.42000000000000004,2.5,0.5518577395523795
0,0.21999999999999997,-0.4,2.5,0.5815171824003185
0,0.21999999999999997,-0.38,2.5,0.6101194579982652
0,0.21999999999999997,-0.36,2.5,0.6374797268532261
0,0.21999999999999997,-0.33999999999999997,2.5,0.6634399025112288
0,0.21999999999999997,-0.31999999999999995,2.5,0.6878708550439817
0,0.21999999999999997,-0.29999999999999993,2.5,0.7106735268045571
0,0.21999999999999997,-0.28,2.5,0.7317789611223765
0,0.21999999999999997,-0.26,2.5,0.7511472928632215
0,0.21999999999999997,-0.24,2.5,0.768765792502471
0,0.21999999999999997,-0.21999999999999997,2.5,0.7846460904638141
0,0.21999999999999997,-0.19999999999999996,2.5,0.7988207346026174
0,0.21999999999999997,-0.17999999999999994,2.5,0.8113392502789081
0,0.21999999999999997,-0.16000000000000003,2.5,0.8222638796338366
0,0.21999999999999997,-0.14,2.5,0.8316651752749578
0,0.21999999999999997,-0.12,2.5,0.8396176149180375
0,0.21999999999999997,-0.09999999999999998,2.5,0.8461953892823568
0,0.21999999999999997,-0.07999999999999996,2.5,0.8514684974807466
0,0.21999999999999997,-0.05999999999999994,2.5,0.8554992640153369
0,0.21999999999999997,-0.040000000000000036,2.5,0.8583393707932616
0,0.21999999999999997,-0.020000000000000018,2.5,0.8600274774732534
0,0.21999999999999997,0.0,2.5,0.8605874846803936
0,0.21999999999999997,0.020000000000000018,2.5,0.8600274774732534
0,0.21999999999999997,0.040000000000000036,2.5,0.8583393707932616
0,0.21999999999999997,0.06000000000000005,2.5,0.8554992640153369
0,0.21999999999999997,0.08000000000000007,2.5,0.8514684974807466
0,0.21999999999999997,0.10000000000000009,2.5,0.8461953892823568
0,0.21999999999999997,0.1200000000000001,2.5,0.8396176149180375
0,0.21999999999999997,0.14000000000000012,2.5,0.8316651752749578
0,0.21999999999999997,0.15999999999999992,2.5,0.8222638796338366
0,0.21999999999999997,0.17999999999999994,2.5,0.8113392502789081
0,0.21999999999999997,0.19999999999999996,2.5,0.7988207346026174
0,0.21999999999999997,0.21999999999999997,2.5,0.7846460904638141
0,0.21999999999999997,0.24,2.5,0.768765792502471
0,0.21999999999999997,0.26,2.5,0.7511472928632215
0,0.21999999999999997,0.28,2.5,0.7317789611223765
0,0.21999999999999997,0.30000000000000004,2.5,0.7106735268045571
0,0.21999999999999997,0.32000000000000006,2.5,0.6878708550439817
0,0.21999999999999997,0.3400000000000001,2.5,0.6634399025112288
0,0.21999999999999997,0.3600000000000001,2.5,0.6374797268532261
0,0.21999999999999997,0.3800000000000001,2.5,0.6101194579982652
0,0.21999999999999997,0.40000000000000013,2.5,0.5815171824003185
0,0.21999999999999997,0.41999999999999993,2.5,0.5518577395523795
0,0.21999999999999997,0.43999999999999995,2.5,0.5213494811967975
0,0.21999999999999997,0.45999999999999996,2.5,0.490220094495004
0,0.21999999999999997,0.48,2.5,0.4587116377052336
0,0.21999999999999997,0.5,2.5,0.42707497746029477
0,0.21999999999999997,0.52,2.5,0.3955638477042521
0,0.21999999999999997,0.54,2.5,0.3644287695110439
0,0.21999999999999997,0.56,2.5,0.3339110769500175
0,0.21999999999999997,0.5800000000000001,2.5,0.3042372863997603
0,0.21999999999999997,0.6000000000000001,2.5,0.27561402574270816
0,0.21999999999999997,0.6200000000000001,2.5,0.2482237071433659
0,0.21999999999999997,0.6400000000000001,2.5,0.22222108488940492
0,0.21999999999999997,0.6600000000000001,2.5,0.19773079095510904
0,0.21999999999999997,0.6799999999999999,2.5,0.1748458888177793
0,0.21999999999999997,0.7,2.5,0.15362743402990078
0,0.21999999999999997,0.72,2.5,0.13410498139009114
0,0.21999999999999997,0.74,2.5,0.11627793614740928
0,0.21999999999999997,0.76,2.5,0.10011761282176818
0,0.21999999999999997,0.78,2.5,0.08556984152160738
0,0.21999999999999997,0.8,2.5,0.07255794890540039
0,0.21999999999999997,0.8200000000000001,2.5,0.06098593920865914
0,0.21999999999999997,0.8400000000000001,2.5,0.05074170937514673
0,0.21999999999999997,0.8600000000000001,2.5,0.041700150024082186
0,0.21999999999999997,0.8800000000000001,2.5,0.03372600903443981
0,0.21999999999999997,0.9000000000000001,2.5,0.026676424918708606
0,0.21999999999999997,0.9199999999999999,2.5,0.02040307074070955
0,0.21999999999999997,0.94,2.5,0.01475388396022458
0,0.21999999999999997,0.96,2.5,0.009574391240030187
0,0.21999999999999997,0.98,2.5,0.004708668119108126
0,0.21999999999999997,1.0,2.5,0.0
0,0.24,-1.0,2.5,0.0
0,0.24,-0.98,2.5,0.004613376271593273
0,0.24,-0.96,2.5,0.009380628939708787
0,0.24,-0.94,2.5,0.014455300881969665
0,0.24,-0.92,2.5,0.019990160823389252
0,0.24,-0.9,2.5,0.026136555723444466
0,0.24,-0.88,2.5,0.033043470523061655
0,0.24,-0.86,2.5,0.04085623014856854
0,0.24,-0.84,2.5,0.049714804676595156
0,0.24,-0.8200000000000001,2.5,0.05975170880729923
0,0.24,-0.8,2.5,0.07108951976497452
0,0.24,-0.78,2.5,0.08383807167235677
0,0.24,-0.76,2.5,0.09809141734743337
0,0.24,-0.74,2.5,0.11392467824767176
0,0.24,-0.72,2.5,0.1313909278288609
0,0.24,-0.7,2.5,0.1505182709206845
0,0.24,-0.6799999999999999,2.5,0.17130729016375543
0,0.24,-0.6599999999999999,2.5,0.19372902886280732
0,0.24,-0.64,2.5,0.2177236671338985
0,0.24,-0.62,2.5,0.2432000250016109
0,0.24,-0.6,2.5,0.2700359929355648
0,0.24,-0.5800000000000001,2.5,0.2980799487655103
0,0.24,-0.56,2.5,0.3271531722393815
0,0.24,-0.54,2.5,0.3570532175139861
0,0.24,-0.52,2.5,0.3875581527942907
0,0.24,-0.5,2.5,0.41843152850562715
0,0.24,-0.48,2.5,0.4494278940142377
0,0.24,-0.45999999999999996,2.5,0.48029865084441387
0,0.24,-0.43999999999999995,2.5,0.5107980097960207
0,0.24,-0.42000000000000004,2.5,0.5406888117597404
0,0.24,-0.4,2.5,0.5697479778490531
0,0.24,-0.38,2.5,0.5977713732442217
0,0.24,-0.36,2.5,0.6245778994835509
0,0.24,-0.33999999999999997,2.5,0.6500126696599893
0,0.24,-0.31999999999999995,2.5,0.6739491673102322
0,0.24,-0.29999999999999993,2.5,0.6962903395889538
0,0.24,-0.28,2.5,0.7169686253847839
0,0.24,-0.26,2.5,0.7359449663133625
0,0.24,-0.24,2.5,0.7532068903805578
0,0.24,-0.21999999999999997,2.5,0.768765792502471
0,0.24,-0.19999999999999996,2.5,0.782653561666994
0,0.24,-0.17999999999999994,2.5,0.7949187207521818
0,0.24,-0.16000000000000003,2.5,0.8056222520405768
0,0.24,-0.14,2.5,0.8148332800886162
0,0.24,-0.12,2.5,0.8226247751279286
0,0.24,-0.09999999999999998,2.5,0.8290694262130557
0,0.24,-0.07999999999999996,2.5,0.8342358156398788
0,0.24,-0.05999999999999994,2.5,0.8381850064362699
0,0.24,-0.040000000000000036,2.5,0.8409676344486269
0,0.24,-0.020000000000000018,2.5,0.842621576851567
0,0.24,0.0,2.5,0.8431702505143291
0,0.24,0.020000000000000018,2.5,0.842621576851567
0,0.24,0.040000000000000036,2.5,0.8409676344486269
0,0.24,0.06000000000000005,2.5,0.8381850064362699
0,0.24,0.08000000000000007,2.5,0.8342358156398788
0,0.24,0.10000000000000009,2.5,0.8290694262130557
0,0.24,0.1200000000000001,2.5,0.8226247751279286
0,0.24,0.14000000000000012,2.5,0.8148332800886162
0,0.24,0.15999999999999992,2.5,0.8056222520405768
0,0.24,0.17999999999999994,2.5,0.7949187207521818
0,0.24,0.19999999999999996,2.5,0.782653561666994
0,0.24,0.21999999999999997,2.5,0.768765792502471
0,0.24,0.24,2.5,0.7532068903805578
0,0.24,0.26,2.5,0.7359449663133625
0,0.24,0.28,2.5,0.7169686253847839
0,0.24,0.30000000000000004,2.5,0.6962903395889538
0,0.24,0.32000000000000006,2.5,0.6739491673102322
0,0.24,0.3400000000000001,2.5,0.6500126696599893
0,0.24,0.3600000000000001,2.5,0.6245778994835509
0,0.24,0.3800000000000001,2.5,0.5977713732442217
0,0.24,0.40000000000000013,2.5,0.5697479778490531
0,0.24,0.41999999999999993,2.5,0.5406888117597404
0,0.24,0.43999999999999995,2.5,0.5107980097960207
0,0.24,0.45999999999999996,2.5,0.48029865084441387
0,0.24,0.48,2.5,0.4494278940142377
0,0.24,0.5,2.5,0.41843152850562715
0,0.24,0.52,2.5,0.3875581527942907
0,0.24,0.54,2.5,0.3570532175139861
0,0.24,0.56,2.5,0.3271531722393815
0,0.24,0.5800000000000001,2.5,0.2980799487655103
0,0.24,0.6000000000000001,2.5,0.27003599293556485
0,0.24,0.6200000000000001,2.5,0.24320002500161092
0,0.24,0.6400000000000001,2.5,0.2177236671338985
0,0.24,0.6600000000000001,2.5,0.19372902886280732
0,0.24,0.6799999999999999,2.5,0.17130729016375543
0,0.24,0.7,2.5,0.15051827092068454
0,0.24,0.72,2.5,0.1313909278288609
0,0.24,0.74,2.5,0.11392467824767176
0,0.24,0.76,2.5,0.09809141734743337
0,0.24,0.78,2.5,0.08383807167235677
0,0.24,0.8,2.5,0.07108951976497452
0,0.24,0.8200000000000001,2.5,0.05975170880729922
0,0.24,0.8400000000000001,2.5,0.04971480467659515
0,0.24,0.8600000000000001,2.5,0.04085623014856853
0,0.24,0.8800000000000001,2.5,0.033043470523061655
0,0.24,0.9000000000000001,2.5,0.026136555723444466
0,0.24,0.9199999999999999,2.5,0.019990160823389252
0,0.24,0.94,2.5,0.014455300881969666
0,0.24,0.96,2.5,0.009380628939708787
0,0.24,0.98,2.5,0.004613376271593273
0,0.24,1.0,2.5,0.0
0,0.26,-1.0,2.5,0.0
0,0.26,-0.98,2.5,0.004507651937598197
0,0.26,-0.96,2.5,0.009165653747435528
0,0.26,-0.94,2.5,0.014124029423397504
0,0.26,-0.92,2.5,0.019532046542893484
0,0.26,-0.9,2.5,0.025537583493431396
0,0.26,-0.88,2.5,0.03228621076635788
0,0.26,-0.86,2.5,0.03991992270698846
0,0.26,-0.84,2.5,0.04857548152122499
0,0.26,-0.8200000000000001,2.5,0.05838236488899545
0,0.26,-0.8,2.5,0.06946034075084373
0,0.26,-0.78,2.5,0.08191672598366007
0,0.26,-0.76,2.5,0.09584341782991934
0,0.26,-0.74,2.5,0.11131381603844342
0,0.26,-0.72,2.5,0.1283797776544682
0,0.26,-0.7,2.5,0.1470687633343982
0,0.26,-0.6799999999999999,2.5,0.16738134230971727
0,0.26,-0.6599999999999999,2.5,0.1892892214732089
0,0.26,-0.64,2.5,0.21273395186973704
0,0.26,-0.62,2.5,0.23762644318418785
0,0.26,-0.6,2.5,0.2638473844126602
0,0.26,-0.5800000000000001,2.5,0.29124862830523457
0,0.26,-0.56,2.5,0.3196555505864585
0,0.26,-0.54,2.5,0.34887034515329485
0,0.26,-0.52,2.5,0.37867616654715586
0,0.26,-0.5,2.5,0.4088419842613016
0,0.26,-0.48,2.5,0.439127973024141
0,0.26,-0.45999999999999996,2.5,0.4692912318667744
0,0.26,-0.43999999999999995,2.5,0.4990916047095387
0,0.26,-0.42000000000000004,2.5,0.5282973677701889
0,0.26,-0.4,2.5,0.5566905547845995
0,0.26,-0.38,2.5,0.5840717093767711
0,0.26,-0.36,2.5,0.610263883559546
0,0.26,-0.33999999999999997,2.5,0.6351157401597881
0,0.26,-0.31999999999999995,2.5,0.6585036622290262
0,0.26,-0.29999999999999993,2.5,0.680332821164508
0,0.26,-0.28,2.5,0.7005372041821595
0,0.26,-0.26,2.5,0.7190786479780465
0,0.26,-0.24,2.5,0.7359449663133625
0,0.26,-0.21999999999999997,2.5,0.7511472928632215
0,0.26,-0.19999999999999996,2.5,0.7647167856810275
0,0.26,-0.17999999999999994,2.5,0.7767008554887105
0,0.26,-0.16000000000000003,2.5,0.7871590868660373
0,0.26,-0.14,2.5,0.7961590200638943
0,0.26,-0.12,2.5,0.8037719528785157
0,0.26,-0.09999999999999998,2.5,0.8100689083814242
0,0.26,-0.07999999999999996,2.5,0.8151168970150545
0,0.26,-0.05999999999999994,2.5,0.818975582293306
0,0.26,-0.040000000000000036,2.5,0.821694439533187
0,0.26,-0.020000000000000018,2.5,0.8233104777987243
0,0.26,0.0,2.5,0.82384657726616
0,0.26,0.020000000000000018,2.5,0.8233104777987243
0,0.26,0.040000000000000036,2.5,0.821694439533187
0,0.26,0.06000000000000005,2.5,0.818975582293306
0,0.26,0.08000000000000007,2.5,0.8151168970150545
0,0.26,0.10000000000000009,2.5,0.8100689083814242
0,0.26,0.1200000000000001,2.5,0.8037719528785157
0,0.26,0.14000000000000012,2.5,0.7961590200638943
0,0.26,0.15999999999999992,2.5,0.7871590868660373
0,0.26,0.17999999999999994,2.5,0.7767008554887105
0,0.26,0.19999999999999996,2.5,0.7647167856810275
0,0.26,0.21999999999999997,2.5,0.7511472928632215
0,0.26,0.24,2.5,0.7359449663133625
0,0.26,0.26,2.5,0.7190786479780465
0,0.26,0.28,2.5,0.7005372041821595
0,0.26,0.30000000000000004,2.5,0.680332821164508
0,0.26,0.32000000000000006,2.5,0.6585036622290262
0,0.26,0.3400000000000001,2.5,0.6351157401597881
0,0.26,0.3600000000000001,2.5,0.610263883559546
0,0.26,0.3800000000000001,2.5,0.5840717093767711
0,0.26,0.40000000000000013,2.5,0.5566905547845995
0,0.26,0.41999999999999993,2.5,0.5282973677701889
0,0.26,0.43999999999999995,2.5,0.4990916047095387
0,0.26,0.45999999999999996,2.5,0.4692912318667744
0,0.26,0.48,2.5,0.439127973024141
0,0.26,0.5,2.5,0.4088419842613016
0,0.26,0.52,2.5,0.37867616654715586
0,0.26,0.54,2.5,0.34887034515329485
0,0.26,0.56,2.5,0.3196555505864585
0,0.26,0.5800000000000001,2.5,0.29124862830523457
0,0.26,0.6000000000000001,2.5,0.2638473844126602
0,0.26,0.6200000000000001,2.5,0.23762644318418785
0,0.26,0.6400000000000001,2.5,0.21273395186973704
0,0.26,0.6600000000000001,2.5,0.1892892214732089
0,0.26,0.6799999999999999,2.5,0.1673813423097173
0,0.26,0.7,2.5,0.14706876333439822
0,0.26,0.72,2.5,0.12837977765446823
0,0.26,0.74,2.5,0.11131381603844344
0,0.26,0.76,2.5,0.09584341782991934
0,0.26,0.78,2.5,0.08191672598366007
0,0.26,0.8,2.5,0.06946034075084373
0,0.26,0.8200000000000001,2.5,0.05838236488899545
0,0.26,0.8400000000000001,2.5,0.04857548152122499
0,0.26,0.8600000000000001,2.5,0.03991992270698846
0,0.26,0.8800000000000001,2.5,0.03228621076635788
0,0.26,0.9000000000000001,2.5,0.025537583493431392
0,0.26,0.9199999999999999,2.5,0.019532046542893484
0,0.26,0.94,2.5,0.014124029423397504
0,0.26,0.96,2.5,0.009165653747435528
0,0.26,0.98,2.5,0.004507651937598197
0,0.26,1.0,2.5,0.0
0,0.28,-1.0,2.5,0.0
0,0.28,-0.98,2.5,0.004391425019165387
0,0.28,-0.96,2.5,0.008929323139344955
0,0.28,-0.94,2.5,0.01375984998407928
0,0.28,-0.92,2.5,0.01902842426096796
0,0.28,-0.9,2.5,0.024879111302778045
0,0.28,-0.88,2.5,0.03145372804884521
0,0.28,-0.86,2.5,0.03889060749628941
0,0.28,-0.84,2.5,0.047322985406199586
0,0.28,-0.8200000000000001,2.5,0.05687700083820115
0,0.28,-0.8,2.5,0.06766933347209488
0,0.28,-0.78,2.5,0.07980453297011848
0,0.28,-0.76,2.5,0.09337212695278183
0,0.28,-0.74,2.5,0.10844362250465422
0,0.28,-0.72,2.5,0.12506953948790028
0,0.28,-0.7,2.5,0.1432766304421954
0,0.28,-0.6799999999999999,2.5,0.1630654498860128
0,0.28,-0.6599999999999999,2.5,0.18440843422552902
0,0.28,-0.64,2.5,0.20724864160083337
0,0.28,-0.62,2.5,0.2314992788945413
0,0.28,-0.6,2.5,0.2570441115570297
0,0.28,-0.5800000000000001,2.5,0.28373881235160164
0,0.28,-0.56,2.5,0.3114132597418714
0,0.28,-0.54,2.5,0.3398747481215721
0,0.28,-0.52,2.5,0.3689120234706838
0,0.28,-0.5,2.5,0.3983000124915533
0,0.28,-0.48,2.5,0.4278050739002366
0,0.28,-0.45999999999999996,2.5,0.45719057002403507
0,0.28,-0.43999999999999995,2.5,0.4862225373002359
0,0.28,-0.42000000000000004,2.5,0.5146752270305905
0,0.28,-0.4,2.5,0.5423362932876323
0,0.28,-0.38,2.5,0.5690114227417629
0,0.28,-0.36,2.5,0.5945282300582342
0,0.28,-0.33999999999999997,2.5,0.6187392803246795
0,0.28,-0.31999999999999995,2.5,0.6415241440698196
0,0.28,-0.29999999999999993,2.5,0.6627904378430729
0,0.28,-0.28,2.5,0.6824738509799633
0,0.28,-0.26,2.5,0.7005372041821595
0,0.28,-0.24,2.5,0.7169686253847839
0,0.28,-0.21999999999999997,2.5,0.7317789611223765
0,0.28,-0.19999999999999996,2.5,0.7449985659714252
0,0.28,-0.17999999999999994,2.5,0.7566736280970252
0,0.28,-0.16000000000000003,2.5,0.7668621956171718
0,0.28,-0.14,2.5,0.7756300671846803
0,0.28,-0.12,2.5,0.7830467021125382
0,0.28,-0.09999999999999998,2.5,0.7891812920780753
0,0.28,-0.07999999999999996,2.5,0.7940991196022621
0,0.28,-0.05999999999999994,2.5,0.797858309726649
0,0.28,-0.040000000000000036,2.5,0.800507062008259
0,0.28,-0.020000000000000018,2.5,0.802081431204023
0,0.28,0.0,2.5,0.8026037075075871
0,0.28,0.020000000000000018,2.5,0.802081431204023
0,0.28,0.040000000000000036,2.5,0.800507062008259
0,0.28,0.06000000000000005,2.5,0.797858309726649
0,0.28,0.08000000000000007,2.5,0.7940991196022621
0,0.28,0.10000000000000009,2.5,0.7891812920780753
0,0.28,0.1200000000000001,2.5,0.7830467021125382
0,0.28,0.14000000000000012,2.5,0.7756300671846803
0,0.28,0.15999999999999992,2.5,0.7668621956171718
0,0.28,0.17999999999999994,2.5,0.7566736280970252
0,0.28,0.19999999999999996,2.5,0.7449985659714252
0,0.28,0.21999999999999997,2.5,0.7317789611223765
0,0.28,0.24,2.5,0.7169686253847839
0,0.28,0.26,2.5,0.7005372041821595
0,0.28,0.28,2.5,0.6824738509799633
0,0.28,0.30000000000000004,2.5,0.6627904378430729
0,0.28,0.32000000000000006,2.5,0.6415241440698196
0,0.28,0.3400000000000001,2.5,0.6187392803246795
0,0.28,0.3600000000000001,2.5,0.5945282300582342
0,0.28,0.3800000000000001,2.5,0.5690114227417629
0,0.28,0.40000000000000013,2.5,0.5423362932876323
0,0.28,0.41999999999999993,2.5,0.5146752270305905
0,0.28,0.43999999999999995,2.5,0.4862225373002359
0,0.28,0.45999999999999996,2.5,0.45719057002403507
0,0.28,0.48,2.5,0.4278050739002366
0,0.28,0.5,2.5,0.3983000124915533
0,0.28,0.52,2.5,0.3689120234706838
0,0.28,0.54,2.5,0.3398747481215721
0,0.28,0.56,2.5,0.3114132597418714
0,0.28,0.5800000000000001,2.5,0.28373881235160164
0,0.28,0.6000000000000001,2.5,0.2570441115570297
0,0.28,0.6200000000000001,2.5,0.2314992788945413
0,0.28,0.6400000000000001,2.5,0.20724864160083337
0,0.28,0.6600000000000001,2.5,0.18440843422552902
0,0.28,0.6799999999999999,2.5,0.1630654498860128
0,0.28,0.7,2.5,0.1432766304421954
0,0.28,0.72,2.5,0.12506953948790028
0,0.28,0.74,2.5,0.10844362250465422
0,0.28,0.76,2.5,0.09337212695278183
0,0.28,0.78,2.5,0.07980453297011847
0,0.28,0.8,2.5,0.06766933347209488
0,0.28,0.8200000000000001,2.5,0.05687700083820115
0,0.28,0.8400000000000001,2.5,0.047322985406199586
0,0.28,0.8600000000000001,2.5,0.03889060749628941
0,0.28,0.8800000000000001,2.5,0.031453728048845206
0,0.28,0.9000000000000001,2.5,0.024879111302778045
0,0.28,0.9199999999999999,2.5,0.01902842426096796
0,0.28,0.94,2.5,0.01375984998407928
0,0.28,0.96,2.5,0.008929323139344955
0,0.28,0.98,2.5,0.004391425019165387
0,0.28,1.0,2.5,0.0
0,0.30000000000000004,-1.0,2.5,0.0
0,0.30000000000000004,-0.98,2.5,0.0042647716571494595
0,0.30000000000000004,-0.96,2.5,0.008671791945091012
0,0.30000000000000004,-0.94,2.5,0.01336300117299905
0,0.30000000000000004,-0.92,2.5,0.018479623986542282
0,0.30000000000000004,-0.9,2.5,0.024161570687966937
0,0.30000000000000004,-0.88,2.5,0.03054656803059892
0,0.30000000000000004,-0.86,2.5,0.0377689593046232
0,0.30000000000000004,-0.84,2.5,0.04595813757264144
0,0.30000000000000004,-0.8200000000000001,2.5,0.05523660387147015
0,0.30000000000000004,-0.8,2.5,0.0657176726767155
0,0.30000000000000004,-0.78,2.5,0.07750287829008895
0,0.30000000000000004,-0.76,2.5,0.0906791662255238
0,0.30000000000000004,-0.74,2.5,0.10531598119611044
0,0.30000000000000004,-0.72,2.5,0.12146238599149993
0,0.30000000000000004,-0.7,2.5,0.13914436156034837
0,0.30000000000000004,-0.6799999999999999,2.5,0.15836244641694858
0,0.30000000000000004,-0.6599999999999999,2.5,0.17908987192884557
0,0.30000000000000004,-0.64,2.5,0.2012713385082051
0,0.30000000000000004,-0.62,2.5,0.2248225562626497
0,0.30000000000000004,-0.6,2.5,0.249630643000945
0,0.30000000000000004,-0.5800000000000001,2.5,0.2755554340787206
0,0.30000000000000004,-0.56,2.5,0.3024317144972529
0,0.30000000000000004,-0.54,2.5,0.3300723365457066
0,0.30000000000000004,-0.52,2.5,0.3582721390630978
0,0.30000000000000004,-0.5,2.5,0.3868125401791878
0,0.30000000000000004,-0.48,2.5,0.4154666371508056
0,0.30000000000000004,-0.45999999999999996,2.5,0.444004617266219
0,0.30000000000000004,-0.43999999999999995,2.5,0.47219926479823227
0,0.30000000000000004,-0.42000000000000004,2.5,0.49983134195504214
0,0.30000000000000004,-0.4,2.5,0.5266946271596201
0,0.30000000000000004,-0.38,2.5,0.5526004113457401
0,0.30000000000000004,-0.36,2.5,0.5773812810060077
0,0.30000000000000004,-0.33999999999999997,2.5,0.6008940534482313
0,0.30000000000000004,-0.31999999999999995,2.5,0.623021772544531
0,0.30000000000000004,-0.29999999999999993,2.5,0.6436747192993291
0,0.30000000000000004,-0.28,2.5,0.6627904378430729
0,0.30000000000000004,-0.26,2.5,0.680332821164508
0,0.30000000000000004,-0.24,2.5,0.6962903395889538
0,0.30000000000000004,-0.21999999999999997,2.5,0.7106735268045571
0,0.30000000000000004,-0.19999999999999996,2.5,0.7235118619022555
0,0.30000000000000004,-0.17999999999999994,2.5,0.7348502008992489
0,0.30000000000000004,-0.16000000000000003,2.5,0.7447449177088936
0,0.30000000000000004,-0.14,2.5,0.7532599132443099
0,0.30000000000000004,-0.12,2.5,0.7604626435016901
0,0.30000000000000004,-0.09999999999999998,2.5,0.7664203045621848
0,0.30000000000000004,-0.07999999999999996,2.5,0.7711962960978608
0,0.30000000000000004,-0.05999999999999994,2.5,0.7748470667348655
0,0.30000000000000004,-0.040000000000000036,2.5,0.7774194258814691
0,0.30000000000000004,-0.020000000000000018,2.5,0.7789483884206446
0,0.30000000000000004,0.0,2.5,0.7794556016630891
0,0.30000000000000004,0.020000000000000018,2.5,0.7789483884206446
0,0.30000000000000004,0.040000000000000036,2.5,0.7774194258814691
0,0.30000000000000004,0.06000000000000005,2.5,0.7748470667348655
0,0.30000000000000004,0.08000000000000007,2.5,0.7711962960978608
0,0.30000000000000004,0.10000000000000009,2.5,0.7664203045621848
0,0.30000000000000004,0.1200000000000001,2.5,0.7604626435016901
0,0.30000000000000004,0.14000000000000012,2.5,0.7532599132443099
0,0.30000000000000004,0.15999999999999992,2.5,0.7447449177088936
0,0.30000000000000004,0.17999999999999994,2.5,0.7348502008992489
0,0.30000000000000004,0.19999999999999996,2.5,0.7235118619022555
0,0.30000000000000004,0.21999999999999997,2.5,0.7106735268045571
0,0.30000000000000004,0.24,2.5,0.6962903395889538
0,0.30000000000000004,0.26,2.5,0.680332821164508
0,0.30000000000000004,0.28,2.5,0.6627904378430729
0,0.30000000000000004,0.30000000000000004,2.5,0.6436747192993291
0,0.30000000000000004,0.32000000000000006,2.5,0.623021772544531
0,0.30000000000000004,0.3400000000000001,2.5,0.6008940534482313
0,0.30000000000000004,0.3600000000000001,2.5,0.5773812810060077
0,0.30000000000000004,0.3800000000000001,2.5,0.5526004113457401
0,0.30000000000000004,0.40000000000000013,2.5,0.5266946271596201
0,0.30000000000000004,0.41999999999999993,2.5,0.49983134195504214
0,0.30000000000000004,0.43999999999999995,2.5,0.47219926479823227
0,0.30000000000000004,0.45999999999999996,2.5,0.444004617266219
0,0.30000000000000004,0.48,2.5,0.4154666371508056
0,0.30000000000000004,0.5,2.5,0.3868125401791878
0,0.30000000000000004,0.52,2.5,0.3582721390630978
0,0.30000000000000004,0.54,2.5,0.3300723365457066
0,0.30000000000000004,0.56,2.5,0.3024317144972529
0,0.30000000000000004,0.5800000000000001,2.5,0.2755554340787206
0,0.30000000000000004,0.6000000000000001,2.5,0.249630643000945
0,0.30000000000000004,0.6200000000000001,2.5,0.2248225562626497
0,0.30000000000000004,0.6400000000000001,2.5,0.2012713385082051
0,0.30000000000000004,0.6600000000000001,2.5,0.17908987192884557
0,0.30000000000000004,0.6799999999999999,2.5,0.15836244641694858
0,0.30000000000000004,0.7,2.5,0.13914436156034837
0,0.30000000000000004,0.72,2.5,0.12146238599149993
0,0.30000000000000004,0.74,2.5,0.10531598119611044
0,0.30000000000000004,0.76,2.5,0.0906791662255238
0,0.30000000000000004,0.78,2.5,0.07750287829008895
0,0.30000000000000004,0.8,2.5,0.0657176726767155
0,0.30000000000000004,0.8200000000000001,2.5,0.05523660387147015
0,0.30000000000000004,0.8400000000000001,2.5,0.04595813757264144
0,0.30000000000000004,0.8600000000000001,2.5,0.0377689593046232
0,0.30000000000000004,0.8800000000000001,2.5,0.03054656803059892
0,0.30000000000000004,0.9000000000000001,2.5,0.024161570687966937
0,0.30000000000000004,0.9199999999999999,2.5,0.018479623986542282
0,0.30000000000000004,0.94,2.5,0.01336300117299905
0,0.30000000000000004,0.96,2.5,0.008671791945091012
0,0.30000000000000004,0.98,2.5,0.0042647716571494595
0,0.30000000000000004,1.0,2.5,0.0
0,0.32000000000000006,-1.0,2.5,0.0
0,0.32000000000000006,-0.98,2.5,0.0041279309010363065
0,0.32000000000000006,-0.96,2.5,0.008393546243062535
0,0.32000000000000006,-0.94,2.5,0.012934232039107369
0,0.32000000000000006,-0.92,2.5,0.0178866816031161
0,0.32000000000000006,-0.9,2.5,0.02338631607996374
0,0.32000000000000006,-0.88,2.5,0.029566443129814733
0,0.32000000000000006,-0.86,2.5,0.03655709551468181
0,0.32000000000000006,-0.84,2.5,0.04448351460528898
0,0.32000000000000006,-0.8200000000000001,2.5,0.05346427088725617
0,0.32000000000000006,-0.8,2.5,0.06360904304772728
0,0.32000000000000006,-0.78,2.5,0.07501610758067898
0,0.32000000000000006,-0.76,2.5,0.08776962028932897
0,0.32000000000000006,-0.74,2.5,0.10193679770683764
0,0.32000000000000006,-0.72,2.5,0.11756512841618966
0,0.32000000000000006,-0.7,2.5,0.13467975976090077
0,0.32000000000000006,-0.6799999999999999,2.5,0.15328121299236278
0,0.32000000000000006,-0.6599999999999999,2.5,0.17334357838742306
0,0.32000000000000006,-0.64,2.5,0.19481333070584905
0,0.32000000000000006,-0.62,2.5,0.21760888457905914
0,0.32000000000000006,-0.6,2.5,0.24162097974492722
0,0.32000000000000006,-0.5800000000000001,2.5,0.2667139488656771
0,0.32000000000000006,-0.56,2.5,0.29272787800781214
0,0.32000000000000006,-0.54,2.5,0.3194816242523388
0,0.32000000000000006,-0.52,2.5,0.34677660920430403
0,0.32000000000000006,-0.5,2.5,0.374401264372327
0,0.32000000000000006,-0.48,2.5,0.4021359673731423
0,0.32000000000000006,-0.45999999999999996,2.5,0.42975827922341314
0,0.32000000000000006,-0.43999999999999995,2.5,0.4570482745985151
0,0.32000000000000006,-0.42000000000000004,2.5,0.4837937501319369
0,0.32000000000000006,-0.4,2.5,0.5097951010380282
0,0.32000000000000006,-0.38,2.5,0.5348696731412402
0,0.32000000000000006,-0.36,2.5,0.5588554245423446
0,0.32000000000000006,-0.33999999999999997,2.5,0.5816137666948906
0,0.32000000000000006,-0.31999999999999995,2.5,0.6030314961190572
0,0.32000000000000006,-0.29999999999999993,2.5,0.623021772544531
0,0.32000000000000006,-0.28,2.5,0.6415241440698196
0,0.32000000000000006,-0.26,2.5,0.6585036622290262
0,0.32000000000000006,-0.24,2.5,0.6739491673102322
0,0.32000000000000006,-0.21999999999999997,2.5,0.6878708550439817
0,0.32000000000000006,-0.19999999999999996,2.5,0.7002972586848683
0,0.32000000000000006,-0.17999999999999994,2.5,0.7112717950318527
0,0.32000000000000006,-0.16000000000000003,2.5,0.7208490292177259
0,0.32000000000000006,-0.14,2.5,0.7290908118634136
0,0.32000000000000006,-0.12,2.5,0.7360624346031087
0,0.32000000000000006,-0.09999999999999998,2.5,0.7418289374932342
0,0.32000000000000006,-0.07999999999999996,2.5,0.7464516859895343
0,0.32000000000000006,-0.05999999999999994,2.5,0.7499853175292668
0,0.32000000000000006,-0.040000000000000036,2.5,0.7524751396114169
0,0.32000000000000006,-0.020000000000000018,2.5,0.7539550436440969
0,0.32000000000000006,0.0,2.5,0.7544459823700952
0,0.32000000000000006,0.020000000000000018,2.5,0.7539550436440969
0,0.32000000000000006,0.040000000000000036,2.5,0.7524751396114169
0,0.32000000000000006,0.06000000000000005,2.5,0.7499853175292668
0,0.32000000000000006,0.08000000000000007,2.5,0.7464516859895343
0,0.32000000000000006,0.10000000000000009,2.5,0.7418289374932342
0,0.32000000000000006,0.1200000000000001,2.5,0.7360624346031087
0,0.32000000000000006,0.14000000000000012,2.5,0.7290908118634136
0,0.32000000000000006,0.15999999999999992,2.5,0.7208490292177259
0,0.32000000000000006,0.17999999999999994,2.5,0.7112717950318527
0,0.32000000000000006,0.19999999999999996,2.5,0.7002972586848683
0,0.32000000000000006,0.21999999999999997,2.5,0.6878708550439817
0,0.32000000000000006,0.24,2.5,0.6739491673102322
0,0.32000000000000006,0.26,2.5,0.6585036622290262
0,0.32000000000000006,0.28,2.5,0.6415241440698196
0,0.32000000000000006,0.30000000000000004,2.5,0.623021772544531
0,0.32000000000000006,0.32000000000000006,2.5,0.6030314961190572
0,0.32000000000000006,0.3400000000000001,2.5,0.5816137666948906
0,0.32000000000000006,0.3600000000000001,2.5,0.5588554245423446
0,0.32000000000000006,0.3800000000000001,2.5,0.5348696731412402
0,0.32000000000000006,0.40000000000000013,2.5,0.5097951010380282
0,0.32000000000000006,0.41999999999999993,2.5,0.4837937501319369
0,0.32000000000000006,0.43999999999999995,2.5,0.4570482745985151
0,0.32000000000000006,0.45999999999999996,2.5,0.42975827922341314
0,0.32000000000000006,0.48,2.5,0.4021359673731423
0,0.32000000000000006,0.5,2.5,0.374401264372327
0,0.32000000000000006,0.52,2.5,0.34677660920430403
0,0.32000000000000006,0.54,2.5,0.3194816242523388
0,0.32000000000000006,0.56,2.5,0.29272787800781214
0,0.32000000000000006,0.5800000000000001,2.5,0.2667139488656771
0,0.32000000000000006,0.6000000000000001,2.5,0.24162097974492722
0,0.32000000000000006,0.6200000000000001,2.5,0.21760888457905914
0,0.32000000000000006,0.6400000000000001,2.5,0.19481333070584905
0,0.32000000000000006,0.6600000000000001,2.5,0.17334357838742306
0,0.32000000000000006,0.6799999999999999,2.5,0.15328121299236278
0,0.32000000000000006,0.7,2.5,0.13467975976090077
0,0.32000000000000006,0.72,2.5,0.11756512841618966
0,0.32000000000000006,0.74,2.5,0.10193679770683764
0,0.32000000000000006,0.76,2.5,0.08776962028932897
0,0.32000000000000006,0.78,2.5,0.07501610758067898
0,0.32000000000000006,0.8,2.5,0.06360904304772727
0,0.32000000000000006,0.8200000000000001,2.5,0.053464270887256166
0,0.32000000000000006,0.8400000000000001,2.5,0.04448351460528898
0,0.32000000000000006,0.8600000000000001,2.5,0.036557095514681816
0,0.32000000000000006,0.8800000000000001,2.5,0.029566443129814737
0,0.32000000000000006,0.9000000000000001,2.5,0.02338631607996374
0,0.32000000000000006,0.9199999999999999,2.5,0.0178866816031161
0,0.32000000000000006,0.94,2.5,0.012934232039107369
0,0.32000000000000006,0.96,2.5,0.008393546243062535
0,0.32000000000000006,0.98,2.5,0.0041279309010363065
0,0.32000000000000006,1.0,2.5,0.0
0,0.3400000000000001,-1.0,2.5,0.0
0,0.3400000000000001,-0.98,2.5,0.003981316457365026
0,0.3400000000000001,-0.96,2.5,0.008095427248726044
0,0.3400000000000001,-0.94,2.5,0.012474838881726989
0,0.3400000000000001,-0.92,2.5,0.01725138977202965
0,0.3400000000000001,-0.9,2.5,0.022555691356177333
0,0.3400000000000001,-0.88,2.5,0.028516316658272166
0,0.3400000000000001,-0.86,2.5,0.035258680127128475
0,0.3400000000000001,-0.84,2.5,0.04290357500435801
0,0.3400000000000001,-0.8200000000000001,2.5,0.05156536058367197
0,0.3400000000000001,-0.8,2.5,0.06134982017600704
0,0.3400000000000001,-0.78,2.5,0.0723517398740546
0,0.3400000000000001,-0.76,2.5,0.0846522866043777
0,0.3400000000000001,-0.74,2.5,0.09831628965185765
0,0.3400000000000001,-0.72,2.5,0.11338955102100882
0,0.3400000000000001,-0.7,2.5,0.12989632495860376
0,0.3400000000000001,-0.6799999999999999,2.5,0.1478371142479475
0,0.3400000000000001,-0.6599999999999999,2.5,0.1671869294266447
0,0.3400000000000001,-0.64,2.5,0.18789414631226786
0,0.3400000000000001,-0.62,2.5,0.209880077180022
0,0.3400000000000001,-0.6,2.5,0.23303934231391232
0,0.3400000000000001,-0.5800000000000001,2.5,0.257241092795519
0,0.3400000000000001,-0.56,2.5,0.2823310942514217
0,0.3400000000000001,-0.54,2.5,0.3081346372895142
0,0.3400000000000001,-0.52,2.5,0.33446019627821855
0,0.3400000000000001,-0.5,2.5,0.3611037168442688
0,0.3400000000000001,-0.48,2.5,0.3878533767636705
0,0.3400000000000001,-0.45999999999999996,2.5,0.41449463724673297
0,0.3400000000000001,-0.43999999999999995,2.5,0.44081538388834235
0,0.3400000000000001,-0.42000000000000004,2.5,0.46661094999033814
0,0.3400000000000001,-0.4,2.5,0.49168881998691494
0,0.3400000000000001,-0.38,2.5,0.5158728269077382
0,0.3400000000000001,-0.36,2.5,0.5390066839966503
0,0.3400000000000001,-0.33999999999999997,2.5,0.560956724884328
0,0.3400000000000001,-0.31999999999999995,2.5,0.5816137666948906
0,0.3400000000000001,-0.29999999999999993,2.5,0.6008940534482313
0,0.3400000000000001,-0.28,2.5,0.6187392803246795
0,0.3400000000000001,-0.26,2.5,0.6351157401597881
0,0.3400000000000001,-0.24,2.5,0.6500126696599893
0,0.3400000000000001,-0.21999999999999997,2.5,0.6634399025112288
0,0.3400000000000001,-0.19999999999999996,2.5,0.6754249586437324
0,0.3400000000000001,-0.17999999999999994,2.5,0.6860097129228494
0,0.3400000000000001,-0.16000000000000003,2.5,0.6952467925975038
0,0.3400000000000001,-0.14,2.5,0.7031958516468726
0,0.3400000000000001,-0.12,2.5,0.7099198628457327
0,0.3400000000000001,-0.09999999999999998,2.5,0.7154815563195971
0,0.3400000000000001,-0.07999999999999996,2.5,0.7199401180942225
0,0.3400000000000001,-0.05999999999999994,2.5,0.7233482451234666
0,0.3400000000000001,-0.040000000000000036,2.5,0.725749635779831
0,0.3400000000000001,-0.020000000000000018,2.5,0.7271769777941887
0,0.3400000000000001,0.0,2.5,0.7276504797575271
0,0.3400000000000001,0.020000000000000018,2.5,0.7271769777941887
0,0.3400000000000001,0.040000000000000036,2.5,0.725749635779831
0,0.3400000000000001,0.06000000000000005,2.5,0.7233482451234666
0,0.3400000000000001,0.08000000000000007,2.5,0.7199401180942225
0,0.3400000000000001,0.10000000000000009,2.5,0.7154815563195971
0,0.3400000000000001,0.1200000000000001,2.5,0.7099198628457327
0,0.3400000000000001,0.14000000000000012,2.5,0.7031958516468726
0,0.3400000000000001,0.15999999999999992,2.5,0.6952467925975038
0,0.3400000000000001,0.17999999999999994,2.5,0.6860097129228494
0,0.3400000000000001,0.19999999999999996,2.5,0.6754249586437324
0,0.3400000000000001,0.21999999999999997,2.5,0.6634399025112288
0,0.3400000000000001,0.24,2.5,0.6500126696599893
0,0.3400000000000001,0.26,2.5,0.6351157401597881
0,0.3400000000000001,0.28,2.5,0.6187392803246795
0,0.3400000000000001,0.30000000000000004,2.5,0.6008940534482313
0,0.3400000000000001,0.32000000000000006,2.5,0.5816137666948906
0,0.3400000000000001,0.3400000000000001,2.5,0.560956724884328
0,0.3400000000000001,0.3600000000000001,2.5,0.5390066839966503
0,0.3400000000000001,0.3800000000000001,2.5,0.5158728269077382
0,0.3400000000000001,0.40000000000000013,2.5,0.49168881998691494
0,0.3400000000000001,0.41999999999999993,2.5,0.46661094999033814
0,0.3400000000000001,0.43999999999999995,2.5,0.44081538388834235
0,0.3400000000000001,0.45999999999999996,2.5,0.41449463724673297
0,0.3400000000000001,0.48,2.5,0.3878533767636705
0,0.3400000000000001,0.5,2.5,0.3611037168442688
0,0.3400000000000001,0.52,2.5,0.33446019627821855
0,0.3400000000000001,0.54,2.5,0.3081346372895142
0,0.3400000000000001,0.56,2.5,0.2823310942514217
0,0.3400000000000001,0.5800000000000001,2.5,0.257241092795519
0,0.3400000000000001,0.6000000000000001,2.5,0.23303934231391232
0,0.3400000000000001,0.6200000000000001,2.5,0.209880077180022
0,0.3400000000000001,0.6400000000000001,2.5,0.18789414631226786
0,0.3400000000000001,0.6600000000000001,2.5,0.1671869294266447
0,0.3400000000000001,0.6799999999999999,2.5,0.1478371142479475
0,0.3400000000000001,0.7,2.5,0.12989632495860376
0,0.3400000000000001,0.72,2.5,0.11338955102100882
0,0.3400000000000001,0.74,2.5,0.09831628965185765
0,0.3400000000000001,0.76,2.5,0.0846522866043777
0,0.3400000000000001,0.78,2.5,0.0723517398740546
0,0.3400000000000001,0.8,2.5,0.061349820176007035
0,0.3400000000000001,0.8200000000000001,2.5,0.05156536058367196
0,0.3400000000000001,0.8400000000000001,2.5,0.04290357500435801
0,0.3400000000000001,0.8600000000000001,2.5,0.03525868012712848
0,0.3400000000000001,0.8800000000000001,2.5,0.02851631665827217
0,0.3400000000000001,0.9000000000000001,2.5,0.022555691356177333
0,0.3400000000000001,0.9199999999999999,2.5,0.01725138977202965
0,0.3400000000000001,0.94,2.5,0.012474838881726989
0,0.3400000000000001,0.96,2.5,0.008095427248726044
0,0.3400000000000001,0.98,2.5,0.003981316457365026
0,0.3400000000000001,1.0,2.5,0.0
0,0.3600000000000001,-1.0,2.5,0.0
0,0.3600000000000001,-0.98,2.5,0.003825522755337751
0,0.3600000000000001,-0.96,2.5,0.007778643647895211
0,0.3600000000000001,-0.94,2.5,0.011986684255138488
0,0.3600000000000001,-0.92,2.5,0.016576324212602033
0,0.3600000000000001,-0.9,2.5,0.021673064199085917
0,0.3600000000000001,-0.88,2.5,0.027400446256963765
0,0.3600000000000001,-0.86,2.5,0.03387897746249938
0,0.3600000000000001,-0.84,2.5,0.04122472452668834
0,0.3600000000000001,-0.8200000000000001,2.5,0.04954757198574737
0,0.3600000000000001,-0.8,2.5,0.058949163981352026
0,0.3600000000000001,-0.78,2.5,0.06952057776409129
0,0.3600000000000001,-0.76,2.5,0.08133980433721792
0,0.3600000000000001,-0.74,2.5,0.09446913634890995
0,0.3600000000000001,-0.72,2.5,0.10895258369236892
0,0.3600000000000001,-0.7,2.5,0.12481345164767171
0,0.3600000000000001,-0.6799999999999999,2.5,0.1420522234001384
0,0.3600000000000001,-0.6599999999999999,2.5,0.16064488736858076
0,0.3600000000000001,-0.64,2.5,0.1805418394306841
0,0.3600000000000001,-0.62,2.5,0.20166747087660752
0,0.3600000000000001,-0.6,2.5,0.22392052541923133
0,0.3600000000000001,-0.5800000000000001,2.5,0.2471752741350868
0,0.3600000000000001,-0.56,2.5,0.2712835176767539
0,0.3600000000000001,-0.54,2.5,0.2960773828279361
0,0.3600000000000001,-0.52,2.5,0.32137283812076256
0,0.3600000000000001,-0.5,2.5,0.3469738135716106
0,0.3600000000000001,-0.48,2.5,0.372676775287554
0,0.3600000000000001,-0.45999999999999996,2.5,0.39827557910460526
0,0.3600000000000001,-0.43999999999999995,2.5,0.42356641038290926
0,0.3600000000000001,-0.42000000000000004,2.5,0.4483526107765699
0,0.3600000000000001,-0.4,2.5,0.47244919762328513
0,0.3600000000000001,-0.38,2.5,0.49568689716873565
0,0.3600000000000001,-0.36,2.5,0.5179155379993974
0,0.3600000000000001,-0.33999999999999997,2.5,0.5390066839966503
0,0.3600000000000001,-0.31999999999999995,2.5,0.5588554245423446
0,0.3600000000000001,-0.29999999999999993,2.5,0.5773812810060077
0,0.3600000000000001,-0.28,2.5,0.5945282300582342
0,0.3600000000000001,-0.26,2.5,0.610263883559546
0,0.3600000000000001,-0.24,2.5,0.6245778994835509
0,0.3600000000000001,-0.21999999999999997,2.5,0.6374797268532261
0,0.3600000000000001,-0.19999999999999996,2.5,0.6489958088957917
0,0.3600000000000001,-0.17999999999999994,2.5,0.659166382080353
0,0.3600000000000001,-0.16000000000000003,2.5,0.6680420145268483
0,0.3600000000000001,-0.14,2.5,0.6756800261304873
0,0.3600000000000001,-0.12,2.5,0.6821409257120516
0,0.3600000000000001,-0.09999999999999998,2.5,0.6874849889265441
0,0.3600000000000001,-0.07999999999999996,2.5,0.6917690859934361
0,0.3600000000000001,-0.05999999999999994,2.5,0.6950438519571119
0,0.3600000000000001,-0.040000000000000036,2.5,0.6973512753711997
0,0.3600000000000001,-0.020000000000000018,2.5,0.6987227649677058
0,0.3600000000000001,0.0,2.5,0.6991777386193598
0,0.3600000000000001,0.020000000000000018,2.5,0.6987227649677058
0,0.3600000000000001,0.040000000000000036,2.5,0.6973512753711997
0,0.3600000000000001,0.06000000000000005,2.5,0.6950438519571119
0,0.3600000000000001,0.08000000000000007,2.5,0.6917690859934361
0,0.3600000000000001,0.10000000000000009,2.5,0.6874849889265441
0,0.3600000000000001,0.1200000000000001,2.5,0.6821409257120516
0,0.3600000000000001,0.14000000000000012,2.5,0.6756800261304873
0,0.3600000000000001,0.15999999999999992,2.5,0.6680420145268483
0,0.3600000000000001,0.17999999999999994,2.5,0.659166382080353
0,0.3600000000000001,0.19999999999999996,2.5,0.6489958088957917
0,0.3600000000000001,0.21999999999999997,2.5,0.6374797268532261
0,0.3600000000000001,0.24,2.5,0.6245778994835509
0,0.3600000000000001,0.26,2.5,0.610263883559546
0,0.3600000000000001,0.28,2.5,0.5945282300582342
0,0.3600000000000001,0.30000000000000004,2.5,0.5773812810060077
0,0.3600000000000001,0.32000000000000006,2.5,0.5588554245423446
0,0.3600000000000001,0.3400000000000001,2.5,0.5390066839966503
0,0.3600000000000001,0.3600000000000001,2.5,0.5179155379993974
0,0.3600000000000001,0.3800000000000001,2.5,0.49568689716873565
0,0.3600000000000001,0.40000000000000013,2.5,0.4724491976232851
0,0.3600000000000001,0.41999999999999993,2.5,0.44835261077656985
0,0.3600000000000001,0.43999999999999995,2.5,0.4235664103829092
0,0.3600000000000001,0.45999999999999996,2.5,0.3982755791046052
0,0.3600000000000001,0.48,2.5,0.372676775287554
0,0.3600000000000001,0.5,2.5,0.3469738135716106
0,0.3600000000000001,0.52,2.5,0.32137283812076256
0,0.3600000000000001,0.54,2.5,0.29607738282793616
0,0.3600000000000001,0.56,2.5,0.27128351767675396
0,0.3600000000000001,0.5800000000000001,2.5,0.24717527413508683
0,0.3600000000000001,0.6000000000000001,2.5,0.22392052541923133
0,0.3600000000000001,0.6200000000000001,2.5,0.20166747087660752
0,0.3600000000000001,0.6400000000000001,2.5,0.1805418394306841
0,0.3600000000000001,0.6600000000000001,2.5,0.16064488736858076
0,0.3600000000000001,0.6799999999999999,2.5,0.1420522234001384
0,0.3600000000000001,0.7,2.5,0.12481345164767171
0,0.3600000000000001,0.72,2.5,0.10895258369236892
0,0.3600000000000001,0.74,2.5,0.09446913634890995
0,0.3600000000000001,0.76,2.5,0.08133980433721792
0,0.3600000000000001,0.78,2.5,0.06952057776409128
0,0.3600000000000001,0.8,2.5,0.05894916398135202
0,0.3600000000000001,0.8200000000000001,2.5,0.049547571985747364
0,0.3600000000000001,0.8400000000000001,2.5,0.04122472452668834
0,0.3600000000000001,0.8600000000000001,2.5,0.033878977462499384
0,0.3600000000000001,0.8800000000000001,2.5,0.027400446256963768
0,0.3600000000000001,0.9000000000000001,2.5,0.021673064199085924
0,0.3600000000000001,0.9199999999999999,2.5,0.016576324212602037
0,0.3600000000000001,0.94,2.5,0.01198668425513849
0,0.3600000000000001,0.96,2.5,0.0077786436478952115
0,0.3600000000000001,0.98,2.5,0.0038255227553377516
0,0.3600000000000001,1.0,2.5,0.0
0,0.3800000000000001,-1.0,2.5,0.0
0,0.3800000000000001,-0.98,2.5,0.0036613247789762057
0,0.3800000000000001,-0.96,2.5,0.00744477125530035
0,0.3800000000000001,-0.94,2.5,0.01147219644208501
0,0.3800000000000001,-0.92,2.5,0.01586484297338288
0,0.3800000000000001,-0.9,2.5,0.020742825142381925
0,0.3800000000000001,-0.88,2.5,0.026224382688692413
0,0.3800000000000001,-0.86,2.5,0.03242485066635172
0,0.3800000000000001,-0.84,2.5,0.03945531436426866
0,0.3800000000000001,-0.8200000000000001,2.5,0.04742094225315232
0,0.3800000000000001,-0.8,2.5,0.05641901610057942
0,0.3800000000000001,-0.78,2.5,0.06653670432185518
0,0.3800000000000001,-0.76,2.5,0.077848650747044
0,0.3800000000000001,-0.74,2.5,0.09041447461606114
0,0.3800000000000001,-0.72,2.5,0.1042762970914717
0,0.3800000000000001,-0.7,2.5,0.11945642333637149
0,0.3800000000000001,-0.6799999999999999,2.5,0.13595531590516327
0,0.3800000000000001,-0.6599999999999999,2.5,0.15374999385382676
0,0.3800000000000001,-0.64,2.5,0.172792982074216
0,0.3800000000000001,-0.62,2.5,0.19301191692717448
0,0.3800000000000001,-0.6,2.5,0.21430988792692324
0,0.3800000000000001,-0.5800000000000001,2.5,0.2365665622534284
0,0.3800000000000001,-0.56,2.5,0.2596401010328068
0,0.3800000000000001,-0.54,2.5,0.2833698358702747
0,0.3800000000000001,-0.52,2.5,0.30757963358602164
0,0.3800000000000001,-0.5,2.5,0.33208183914329287
0,0.3800000000000001,-0.48,2.5,0.3566816539259507
0,0.3800000000000001,-0.45999999999999996,2.5,0.3811817810729942
0,0.3800000000000001,-0.43999999999999995,2.5,0.40538715327261565
0,0.3800000000000001,-0.42000000000000004,2.5,0.4291095523815801
0,0.3800000000000001,-0.4,2.5,0.45217193485604484
0,0.3800000000000001,-0.38,2.5,0.4744122918815216
0,0.3800000000000001,-0.36,2.5,0.49568689716873565
0,0.3800000000000001,-0.33999999999999997,2.5,0.5158728269077382
0,0.3800000000000001,-0.31999999999999995,2.5,0.5348696731412402
0,0.3800000000000001,-0.29999999999999993,2.5,0.5526004113457401
0,0.3800000000000001,-0.28,2.5,0.5690114227417629
0,0.3800000000000001,-0.26,2.5,0.5840717093767711
0,0.3800000000000001,-0.24,2.5,0.5977713732442217
0,0.3800000000000001,-0.21999999999999997,2.5,0.6101194579982652
0,0.3800000000000001,-0.19999999999999996,2.5,0.6211412721391922
0,0.3800000000000001,-0.17999999999999994,2.5,0.6308753254258237
0,0.3800000000000001,-0.16000000000000003,2.5,0.639370015845346
0,0.3800000000000001,-0.14,2.5,0.6466802033758118
0,0.3800000000000001,-0.12,2.5,0.6528638000444988
0,0.3800000000000001,-0.09999999999999998,2.5,0.6579784947042752
0,0.3800000000000001,-0.07999999999999996,2.5,0.6620787169103679
0,0.3800000000000001,-0.05999999999999994,2.5,0.6652129286271612
0,0.3800000000000001,-0.040000000000000036,2.5,0.6674213164013496
0,0.3800000000000001,-0.020000000000000018,2.5,0.6687339410059726
0,0.3800000000000001,0.0,2.5,0.6691693869619446
0,0.3800000000000001,0.020000000000000018,2.5,0.6687339410059726
0,0.3800000000000001,0.040000000000000036,2.5,0.6674213164013496
0,0.3800000000000001,0.06000000000000005,2.5,0.6652129286271612
0,0.3800000000000001,0.08000000000000007,2.5,0.6620787169103679
0,0.3800000000000001,0.10000000000000009,2.5,0.6579784947042752
0,0.3800000000000001,0.1200000000000001,2.5,0.6528638000444988
0,0.3800000000000001,0.14000000000000012,2.5,0.6466802033758118
0,0.3800000000000001,0.15999999999999992,2.5,0.639370015845346
0,0.3800000000000001,0.17999999999999994,2.5,0.6308753254258237
0,0.3800000000000001,0.19999999999999996,2.5,0.6211412721391922
0,0.3800000000000001,0.21999999999999997,2.5,0.6101194579982652
0,0.3800000000000001,0.24,2.5,0.5977713732442217
0,0.3800000000000001,0.26,2.5,0.5840717093767711
0,0.3800000000000001,0.28,2.5,0.5690114227417629
0,0.3800000000000001,0.30000000000000004,2.5,0.5526004113457401
0,0.3800000000000001,0.32000000000000006,2.5,0.5348696731412402
0,0.3800000000000001,0.3400000000000001,2.5,0.5158728269077382
0,0.3800000000000001,0.3600000000000001,2.5,0.49568689716873565
0,0.3800000000000001,0.3800000000000001,2.5,0.4744122918815216
0,0.3800000000000001,0.40000000000000013,2.5,0.4521719348560448
0,0.3800000000000001,0.41999999999999993,2.5,0.42910955238158005
0,0.3800000000000001,0.43999999999999995,2.5,0.40538715327261565
0,0.3800000000000001,0.45999999999999996,2.5,0.3811817810729942
0,0.3800000000000001,0.48,2.5,0.3566816539259507
0,0.3800000000000001,0.5,2.5,0.33208183914329287
0,0.3800000000000001,0.52,2.5,0.30757963358602164
0,0.3800000000000001,0.54,2.5,0.2833698358702747
0,0.3800000000000001,0.56,2.5,0.2596401010328068
0,0.3800000000000001,0.5800000000000001,2.5,0.23656656225342843
0,0.3800000000000001,0.6000000000000001,2.5,0.21430988792692324
0,0.3800000000000001,0.6200000000000001,2.5,0.19301191692717448
0,0.3800000000000001,0.6400000000000001,2.5,0.172792982074216
0,0.3800000000000001,0.6600000000000001,2.5,0.15374999385382676
0,0.3800000000000001,0.6799999999999999,2.5,0.13595531590516327
0,0.3800000000000001,0.7,2.5,0.11945642333637149
0,0.3800000000000001,0.72,2.5,0.1042762970914717
0,0.3800000000000001,0.74,2.5,0.09041447461606114
0,0.3800000000000001,0.76,2.5,0.077848650747044
0,0.3800000000000001,0.78,2.5,0.06653670432185518
0,0.3800000000000001,0.8,2.5,0.05641901610057942
0,0.3800000000000001,0.8200000000000001,2.5,0.04742094225315232
0,0.3800000000000001,0.8400000000000001,2.5,0.03945531436426867
0,0.3800000000000001,0.8600000000000001,2.5,0.03242485066635173
0,0.3800000000000001,0.8800000000000001,2.5,0.026224382688692417
0,0.3800000000000001,0.9000000000000001,2.5,0.020742825142381932
0,0.3800000000000001,0.9199999999999999,2.5,0.015864842973382885
0,0.3800000000000001,0.94,2.5,0.011472196442085013
0,0.3800000000000001,0.96,2.5,0.0074447712553003505
0,0.3800000000000001,0.98,2.5,0.0036613247789762057
0,0.3800000000000001,1.0,2.5,0.0
0,0.40000000000000013,-1.0,2.5,0.0
0,0.40000000000000013,-0.98,2.5,0.0034896713717387897
0,0.40000000000000013,-0.96,2.5,0.007095739400492561
0,0.40000000000000013,-0.94,2.5,0.01093434847478728
0,0.40000000000000013,-0.92,2.5,0.015121057420379074
0,0.40000000000000013,-0.9,2.5,0.019770349638851412
0,0.40000000000000013,-0.88,2.5,0.024994921881811873
0,0.40000000000000013,-0.86,2.5,0.0309047024141526
0,0.40000000000000013,-0.84,2.5,0.037605568992410875
0,0.40000000000000013,-0.8200000000000001,2.5,0.045197759961463746
0,0.40000000000000013,-0.8,2.5,0.0537739967137849
0,0.40000000000000013,-0.78,2.5,0.0634173614193383
0,0.40000000000000013,-0.76,2.5,0.07419899882288401
0,0.40000000000000013,-0.74,2.5,0.08617573342928733
0,0.40000000000000013,-0.72,2.5,0.09938771196219523
0,0.40000000000000013,-0.7,2.5,0.11385619409432646
0,0.40000000000000013,-0.6799999999999999,2.5,0.12958162083402883
0,0.40000000000000013,-0.6599999999999999,2.5,0.14654208867446386
0,0.40000000000000013,-0.64,2.5,0.16469234817391884
0,0.40000000000000013,-0.62,2.5,0.18396342806993657
0,0.40000000000000013,-0.6,2.5,0.20426296094149696
0,0.40000000000000013,-0.5800000000000001,2.5,0.22547625500348958
0,0.40000000000000013,-0.56,2.5,0.24746812055465006
0,0.40000000000000013,-0.54,2.5,0.2700854210409194
0,0.40000000000000013,-0.52,2.5,0.29316028006207034
0,0.40000000000000013,-0.5,2.5,0.3165138394677398
0,0.40000000000000013,-0.48,2.5,0.33996043239596696
0,0.40000000000000013,-0.45999999999999996,2.5,0.3633120108504733
0,0.40000000000000013,-0.43999999999999995,2.5,0.3863826518722998
0,0.40000000000000013,-0.42000000000000004,2.5,0.40899296060759555
0,0.40000000000000013,-0.4,2.5,0.4309741929771101
0,0.40000000000000013,-0.38,2.5,0.4521719348560448
0,0.40000000000000013,-0.36,2.5,0.4724491976232851
0,0.40000000000000013,-0.33999999999999997,2.5,0.49168881998691494
0,0.40000000000000013,-0.31999999999999995,2.5,0.5097951010380283
0,0.40000000000000013,-0.29999999999999993,2.5,0.5266946271596201
0,0.40000000000000013,-0.28,2.5,0.5423362932876323
0,0.40000000000000013,-0.26,2.5,0.5566905547845995
0,0.40000000000000013,-0.24,2.5,0.5697479778490531
0,0.40000000000000013,-0.21999999999999997,2.5,0.5815171824003185
0,0.40000000000000013,-0.19999999999999996,2.5,0.5920222907415876
0,0.40000000000000013,-0.17999999999999994,2.5,0.6013000075813675
0,0.40000000000000013,-0.16000000000000003,2.5,0.6093964623063332
0,0.40000000000000013,-0.14,2.5,0.6163639433545851
0,0.40000000000000013,-0.12,2.5,0.6222576481217756
0,0.40000000000000013,-0.09999999999999998,2.5,0.6271325612708776
0,0.40000000000000013,-0.07999999999999996,2.5,0.6310405609346867
0,0.40000000000000013,-0.05999999999999994,2.5,0.6340278373810811
0,0.40000000000000013,-0.040000000000000036,2.5,0.6361326933721285
0,0.40000000000000013,-0.020000000000000018,2.5,0.6373837805491145
0,0.40000000000000013,0.0,2.5,0.6377988122619647
0,0.40000000000000013,0.020000000000000018,2.5,0.6373837805491145
0,0.40000000000000013,0.040000000000000036,2.5,0.6361326933721285
0,0.40000000000000013,0.06000000000000005,2.5,0.6340278373810811
0,0.40000000000000013,0.08000000000000007,2.5,0.6310405609346869
0,0.40000000000000013,0.10000000000000009,2.5,0.6271325612708776
0,0.40000000000000013,0.1200000000000001,2.5,0.6222576481217758
0,0.40000000000000013,0.14000000000000012,2.5,0.6163639433545851
0,0.40000000000000013,0.15999999999999992,2.5,0.6093964623063332
0,0.40000000000000013,0.17999999999999994,2.5,0.6013000075813675
0,0.40000000000000013,0.19999999999999996,2.5,0.5920222907415876
0,0.40000000000000013,0.21999999999999997,2.5,0.5815171824003185
0,0.40000000000000013,0.24,2.5,0.5697479778490531
0,0.40000000000000013,0.26,2.5,0.5566905547845995
0,0.40000000000000013,0.28,2.5,0.5423362932876323
0,0.40000000000000013,0.30000000000000004,2.5,0.5266946271596201
0,0.40000000000000013,0.32000000000000006,2.5,0.5097951010380282
0,0.40000000000000013,0.3400000000000001,2.5,0.49168881998691494
0,0.40000000000000013,0.3600000000000001,2.5,0.4724491976232851
0,0.40000000000000013,0.3800000000000001,2.5,0.4521719348560448
0,0.40000000000000013,0.40000000000000013,2.5,0.4309741929771101
0,0.40000000000000013,0.41999999999999993,2.5,0.40899296060759555
0,0.40000000000000013,0.43999999999999995,2.5,0.38638265187229975
0,0.40000000000000013,0.45999999999999996,2.5,0.3633120108504733
0,0.40000000000000013,0.48,2.5,0.33996043239596696
0,0.40000000000000013,0.5,2.5,0.3165138394677398
0,0.40000000000000013,0.52,2.5,0.29316028006207034
0,0.40000000000000013,0.54,2.5,0.2700854210409194
0,0.40000000000000013,0.56,2.5,0.24746812055465006
0,0.40000000000000013,0.5800000000000001,2.5,0.22547625500348958
0,0.40000000000000013,0.6000000000000001,2.5,0.20426296094149696
0,0.40000000000000013,0.6200000000000001,2.5,0.18396342806993657
0,0.40000000000000013,0.6400000000000001,2.5,0.16469234817391884
0,0.40000000000000013,0.6600000000000001,2.5,0.14654208867446386
0,0.40000000000000013,0.6799999999999999,2.5,0.12958162083402883
0,0.40000000000000013,0.7,2.5,0.11385619409432646
0,0.40000000000000013,0.72,2.5,0.09938771196219523
0,0.40000000000000013,0.74,2.5,0.08617573342928733
0,0.40000000000000013,0.76,2.5,0.07419899882288401
0,0.40000000000000013,0.78,2.5,0.0634173614193383
0,0.40000000000000013,0.8,2.5,0.0537739967137849
0,0.40000000000000013,0.8200000000000001,2.5,0.045197759961463746
0,0.40000000000000013,0.8400000000000001,2.5,0.037605568992410875
0,0.40000000000000013,0.8600000000000001,2.5,0.030904702414152607
0,0.40000000000000013,0.8800000000000001,2.5,0.02499492188181188
0,0.40000000000000013,0.9000000000000001,2.5,0.019770349638851416
0,0.40000000000000013,0.9199999999999999,2.5,0.015121057420379077
0,0.40000000000000013,0.94,2.5,0.010934348474787282
0,0.40000000000000013,0.96,2.5,0.007095739400492562
0,0.40000000000000013,0.98,2.5,0.00348967137173879
0,0.40000000000000013,1.0,2.5,0.0
0,0.41999999999999993,-1.0,2.5,0.0
0,0.41999999999999993,-0.98,2.5,0.0033116720093231975
0,0.41999999999999993,-0.96,2.5,0.006733804032398347
0,0.41999999999999993,-0.94,2.5,0.010376616690107636
0,0.41999999999999993,-0.92,2.5,0.014349774923817676
0,0.41999999999999993,-0.9,2.5,0.018761923125939797
0,0.41999999999999993,-0.88,2.5,0.023720010194792973
0,0.41999999999999993,-0.86,2.5,0.029328357778537543
0,0.41999999999999993,-0.84,2.5,0.035687443642245666
0,0.41999999999999993,-0.8200000000000001,2.5,0.042892393802674456
0,0.41999999999999993,-0.8,2.5,0.05103120074436517
0,0.41999999999999993,-0.78,2.5,0.06018270938575015
0,0.41999999999999993,-0.76,2.5,0.07041443608340833
0,0.41999999999999993,-0.74,2.5,0.08178030733780155
0,0.41999999999999993,-0.72,2.5,0.09431842248188936
0,0.41999999999999993,-0.7,2.5,0.10804895707823478
0,0.41999999999999993,-0.6799999999999999,2.5,0.122972329810996
0,0.41999999999999993,-0.6599999999999999,2.5,0.13906775444615602
0,0.41999999999999993,-0.64,2.5,0.15629228947684692
0,0.41999999999999993,-0.62,2.5,0.17458048140066998
0,0.41999999999999993,-0.6,2.5,0.19384467376693482
0,0.41999999999999993,-0.5800000000000001,2.5,0.2139760243046031
0,0.41999999999999993,-0.56,2.5,0.23484623821777417
0,0.41999999999999993,-0.54,2.5,0.25630998914273484
0,0.41999999999999993,-0.52,2.5,0.27820796259668457
0,0.41999999999999993,-0.5,2.5,0.3003704224116821
0,0.41999999999999993,-0.48,2.5,0.3226211709501385
0,0.41999999999999993,-0.45999999999999996,2.5,0.34478175087833146
0,0.41999999999999993,-0.43999999999999995,2.5,0.3666757215263043
0,0.41999999999999993,-0.42000000000000004,2.5,0.3881328374021153
0,0.41999999999999993,-0.4,2.5,0.40899296060759555
0,0.41999999999999993,-0.38,2.5,0.4291095523815801
0,0.41999999999999993,-0.36,2.5,0.4483526107765699
0,0.41999999999999993,-0.33999999999999997,2.5,0.46661094999033814
0,0.41999999999999993,-0.31999999999999995,2.5,0.48379375013193693
0,0.41999999999999993,-0.29999999999999993,2.5,0.49983134195504214
0,0.41999999999999993,-0.28,2.5,0.5146752270305905
0,0.41999999999999993,-0.26,2.5,0.5282973677701889
0,0.41999999999999993,-0.24,2.5,0.5406888117597404
0,0.41999999999999993,-0.21999999999999997,2.5,0.5518577395523795
0,0.41999999999999993,-0.19999999999999996,2.5,0.5618270434455096
0,0.41999999999999993,-0.17999999999999994,2.5,0.5706315564177478
0,0.41999999999999993,-0.16000000000000003,2.5,0.5783150554434712
0,0.41999999999999993,-0.14,2.5,0.5849271624117659
0,0.41999999999999993,-0.12,2.5,0.5905202597871853
0,0.41999999999999993,-0.09999999999999998,2.5,0.5951465281265476
0,0.41999999999999993,-0.07999999999999996,2.5,0.598855199866736
0,0.41999999999999993,-0.05999999999999994,2.5,0.6016901096401599
0,0.41999999999999993,-0.040000000000000036,2.5,0.6036876068178836
0,0.41999999999999993,-0.020000000000000018,2.5,0.6048748818412335
0,0.41999999999999993,0.0,2.5,0.605268744698743
0,0.41999999999999993,0.020000000000000018,2.5,0.6048748818412335
0,0.41999999999999993,0.040000000000000036,2.5,0.6036876068178836
0,0.41999999999999993,0.06000000000000005,2.5,0.6016901096401599
0,0.41999999999999993,0.08000000000000007,2.5,0.5988551998667361
0,0.41999999999999993,0.10000000000000009,2.5,0.5951465281265477
0,0.41999999999999993,0.1200000000000001,2.5,0.5905202597871853
0,0.41999999999999993,0.14000000000000012,2.5,0.5849271624117659
0,0.41999999999999993,0.15999999999999992,2.5,0.5783150554434712
0,0.41999999999999993,0.17999999999999994,2.5,0.5706315564177478
0,0.41999999999999993,0.19999999999999996,2.5,0.5618270434455096
0,0.41999999999999993,0.21999999999999997,2.5,0.5518577395523795
0,0.41999999999999993,0.24,2.5,0.5406888117597404
0,0.41999999999999993,0.26,2.5,0.5282973677701889
0,0.41999999999999993,0.28,2.5,0.5146752270305905
0,0.41999999999999993,0.30000000000000004,2.5,0.49983134195504214
0,0.41999999999999993,0.32000000000000006,2.5,0.4837937501319369
0,0.41999999999999993,0.3400000000000001,2.5,0.46661094999033814
0,0.41999999999999993,0.3600000000000001,2.5,0.44835261077656985
0,0.41999999999999993,0.3800000000000001,2.5,0.42910955238158005
0,0.41999999999999993,0.40000000000000013,2.5,0.40899296060759555
0,0.41999999999999993,0.41999999999999993,2.5,0.38813283740211524
0,0.41999999999999993,0.43999999999999995,2.5,0.36667572152630423
0,0.41999999999999993,0.45999999999999996,2.5,0.3447817508783314
0,0.41999999999999993,0.48,2.5,0.3226211709501385
0,0.41999999999999993,0.5,2.5,0.3003704224116821
0,0.41999999999999993,0.52,2.5,0.27820796259668457
0,0.41999999999999993,0.54,2.5,0.25630998914273484
0,0.41999999999999993,0.56,2.5,0.23484623821777417
0,0.41999999999999993,0.5800000000000001,2.5,0.2139760243046031
0,0.41999999999999993,0.6000000000000001,2.5,0.19384467376693482
0,0.41999999999999993,0.6200000000000001,2.5,0.17458048140066998
0,0.41999999999999993,0.6400000000000001,2.5,0.15629228947684692
0,0.41999999999999993,0.6600000000000001,2.5,0.13906775444615602
0,0.41999999999999993,0.6799999999999999,2.5,0.122972329810996
0,0.41999999999999993,0.7,2.5,0.10804895707823478
0,0.41999999999999993,0.72,2.5,0.09431842248188936
0,0.41999999999999993,0.74,2.5,0.08178030733780155
0,0.41999999999999993,0.76,2.5,0.07041443608340833
0,0.41999999999999993,0.78,2.5,0.06018270938575015
0,0.41999999999999993,0.8,2.5,0.05103120074436517
0,0.41999999999999993,0.8200000000000001,2.5,0.04289239380267446
0,0.41999999999999993,0.8400000000000001,2.5,0.03568744364224567
0,0.41999999999999993,0.8600000000000001,2.5,0.02932835777853755
0,0.41999999999999993,0.8800000000000001,2.5,0.02372001019479298
0,0.41999999999999993,0.9000000000000001,2.5,0.0187619231259398
0,0.41999999999999993,0.9199999999999999,2.5,0.01434977492381768
0,0.41999999999999993,0.94,2.5,0.010376616690107638
0,0.41999999999999993,0.96,2.5,0.006733804032398348
0,0.41999999999999993,0.98,2.5,0.003311672009323198
0,0.41999999999999993,1.0,2.5,0.0
0,0.43999999999999995,-1.0,2.5,0.0
0,0.43999999999999995,-0.98,2.5,0.0031285773432868386
0,0.43999999999999995,-0.96,2.5,0.006361508157882966
0,0.43999999999999995,-0.94,2.5,0.009802919767112752
0,0.43999999999999995,-0.92,2.5,0.01355641455477259
0,0.43999999999999995,-0.9,2.5,0.01772463080352366
0,0.43999999999999995,-0.88,2.5,0.022408605069214292
0,0.43999999999999995,-0.86,2.5,0.027706891939035885
0,0.43999999999999995,-0.84,2.5,0.03371441465873569
0,0.43999999999999995,-0.8200000000000001,2.5,0.04052104062453341
0,0.43999999999999995,-0.8,2.5,0.048209898096119946
0,0.43999999999999995,-0.78,2.5,0.0568554734959451
0,0.43999999999999995,-0.76,2.5,0.0665215509739092
0,0.43999999999999995,-0.74,2.5,0.07725907611028325
0,0.43999999999999995,-0.72,2.5,0.08910404227395971
0,0.43999999999999995,-0.7,2.5,0.10207550990956152
0,0.43999999999999995,-0.6799999999999999,2.5,0.11617387475278058
0,0.43999999999999995,-0.6599999999999999,2.5,0.13137949982740008
0,0.43999999999999995,-0.64,2.5,0.14765181761609827
0,0.43999999999999995,-0.62,2.5,0.16492899304866532
0,0.43999999999999995,-0.6,2.5,0.18312821545836655
0,0.43999999999999995,-0.5800000000000001,2.5,0.20214665947876753
0,0.43999999999999995,-0.56,2.5,0.22186312252111395
0,0.43999999999999995,-0.54,2.5,0.24214031190219953
0,0.43999999999999995,-0.52,2.5,0.26282772005531047
0,0.43999999999999995,-0.5,2.5,0.28376499381818593
0,0.43999999999999995,-0.48,2.5,0.30478567573619275
0,0.43999999999999995,-0.45999999999999996,2.5,0.325721173571452
0,0.43999999999999995,-0.43999999999999995,2.5,0.34640480027572707
0,0.43999999999999995,-0.42000000000000004,2.5,0.3666757215263043
0,0.43999999999999995,-0.4,2.5,0.3863826518722998
0,0.43999999999999995,-0.38,2.5,0.40538715327261565
0,0.43999999999999995,-0.36,2.5,0.42356641038290926
0,0.43999999999999995,-0.33999999999999997,2.5,0.44081538388834235
0,0.43999999999999995,-0.31999999999999995,2.5,0.4570482745985151
0,0.43999999999999995,-0.29999999999999993,2.5,0.47219926479823227
0,0.43999999999999995,-0.28,2.5,0.4862225373002359
0,0.43999999999999995,-0.26,2.5,0.4990916047095387
0,0.43999999999999995,-0.24,2.5,0.5107980097960207
0,0.43999999999999995,-0.21999999999999997,2.5,0.5213494811967975
0,0.43999999999999995,-0.19999999999999996,2.5,0.5307676460297657
0,0.43999999999999995,-0.17999999999999994,2.5,0.5390854120066242
0,0.43999999999999995,-0.16000000000000003,2.5,0.5463441363967431
0,0.43999999999999995,-0.14,2.5,0.5525906982570178
0,0.43999999999999995,-0.12,2.5,0.5578745845899239
0,0.43999999999999995,-0.09999999999999998,2.5,0.5622450916227665
0,0.43999999999999995,-0.07999999999999996,2.5,0.5657487304037266
0,0.43999999999999995,-0.05999999999999994,2.5,0.5684269125345756
0,0.43999999999999995,-0.040000000000000036,2.5,0.5703139781079151
0,0.43999999999999995,-0.020000000000000018,2.5,0.5714356145591711
0,0.43999999999999995,0.0,2.5,0.5718077026695654
0,0.43999999999999995,0.020000000000000018,2.5,0.5714356145591711
0,0.43999999999999995,0.040000000000000036,2.5,0.5703139781079151
0,0.43999999999999995,0.06000000000000005,2.5,0.5684269125345756
0,0.43999999999999995,0.08000000000000007,2.5,0.5657487304037266
0,0.43999999999999995,0.10000000000000009,2.5,0.5622450916227665
0,0.43999999999999995,0.1200000000000001,2.5,0.5578745845899239
0,0.43999999999999995,0.14000000000000012,2.5,0.5525906982570178
0,0.43999999999999995,0.15999999999999992,2.5,0.5463441363967431
0,0.43999999999999995,0.17999999999999994,2.5,0.5390854120066242
0,0.43999999999999995,0.19999999999999996,2.5,0.5307676460297657
0,0.43999999999999995,0.21999999999999997,2.5,0.5213494811967975
0,0.43999999999999995,0.24,2.5,0.5107980097960207
0,0.43999999999999995,0.26,2.5,0.4990916047095387
0,0.43999999999999995,0.28,2.5,0.4862225373002359
0,0.43999999999999995,0.30000000000000004,2.5,0.47219926479823227
0,0.43999999999999995,0.32000000000000006,2.5,0.4570482745985151
0,0.43999999999999995,0.3400000000000001,2.5,0.44081538388834235
0,0.43999999999999995,0.3600000000000001,2.5,0.4235664103829092
0,0.43999999999999995,0.3800000000000001,2.5,0.40538715327261565
0,0.43999999999999995,0.40000000000000013,2.5,0.38638265187229975
0,0.43999999999999995,0.41999999999999993,2.5,0.36667572152630423
0,0.43999999999999995,0.43999999999999995,2.5,0.34640480027572707
0,0.43999999999999995,0.45999999999999996,2.5,0.325721173571452
0,0.43999999999999995,0.48,2.5,0.3047856757361927
0,0.43999999999999995,0.5,2.5,0.2837649938181859
0,0.43999999999999995,0.52,2.5,0.26282772005531047
0,0.43999999999999995,0.54,2.5,0.24214031190219953
0,0.43999999999999995,0.56,2.5,0.22186312252111395
0,0.43999999999999995,0.5800000000000001,2.5,0.20214665947876753
0,0.43999999999999995,0.6000000000000001,2.5,0.18312821545836655
0,0.43999999999999995,0.6200000000000001,2.5,0.16492899304866532
0,0.43999999999999995,0.6400000000000001,2.5,0.14765181761609827
0,0.43999999999999995,0.6600000000000001,2.5,0.13137949982740005
0,0.43999999999999995,0.6799999999999999,2.5,0.11617387475278058
0,0.43999999999999995,0.7,2.5,0.10207550990956152
0,0.43999999999999995,0.72,2.5,0.08910404227395971
0,0.43999999999999995,0.74,2.5,0.07725907611028325
0,0.43999999999999995,0.76,2.5,0.0665215509739092
0,0.43999999999999995,0.78,2.5,0.0568554734959451
0,0.43999999999999995,0.8,2.5,0.048209898096119946
0,0.43999999999999995,0.8200000000000001,2.5,0.04052104062453342
0,0.43999999999999995,0.8400000000000001,2.5,0.033714414658735696
0,0.43999999999999995,0.8600000000000001,2.5,0.027706891939035888
0,0.43999999999999995,0.8800000000000001,2.5,0.0224086050692143
0,0.43999999999999995,0.9000000000000001,2.5,0.017724630803523662
0,0.43999999999999995,0.9199999999999999,2.5,0.013556414554772592
0,0.43999999999999995,0.94,2.5,0.009802919767112754
0,0.43999999999999995,0.96,2.5,0.006361508157882967
0,0.43999999999999995,0.98,2.5,0.003128577343286839
0,0.43999999999999995,1.0,2.5,0.0
0,0.45999999999999996,-1.0,2.5,0.0
0,0.45999999999999996,-0.98,2.5,0.002941754123457316
0,0.45999999999999996,-0.96,2.5,0.005981630850535699
0,0.45999999999999996,-0.94,2.5,0.009217540151982534
0,0.45999999999999996,-0.92,2.5,0.01274689842595227
0,0.45999999999999996,-0.9,2.5,0.01666621556808591
0,0.45999999999999996,-0.88,2.5,0.021070495425447155
0,0.45999999999999996,-0.86,2.5,0.02605240811791784
0,0.45999999999999996,-0.84,2.5,0.031701209294992136
0,0.45999999999999996,-0.8200000000000001,2.5,0.038101400681830676
0,0.45999999999999996,-0.8,2.5,0.045331147294213815
0,0.45999999999999996,-0.78,2.5,0.05346048833723389
0,0.45999999999999996,-0.76,2.5,0.06254939978435242
0,0.45999999999999996,-0.74,2.5,0.07264578562163557
0,0.45999999999999996,-0.72,2.5,0.08378349039265184
0,0.45999999999999996,-0.7,2.5,0.0959804367341604
0,0.45999999999999996,-0.6799999999999999,2.5,0.10923699697680957
0,0.45999999999999996,-0.6599999999999999,2.5,0.12353470680764411
0,0.45999999999999996,-0.64,2.5,0.13883542103508323
0,0.45999999999999996,-0.62,2.5,0.15508099668881
0,0.45999999999999996,-0.6,2.5,0.17219356753698478
0,0.45999999999999996,-0.5800000000000001,2.5,0.19007644760704556
0,0.45999999999999996,-0.56,2.5,0.2086156708943704
0,0.45999999999999996,-0.54,2.5,0.22768214193672875
0,0.45999999999999996,-0.52,2.5,0.24713433936291523
0,0.45999999999999996,-0.5,2.5,0.26682148402185296
0,0.45999999999999996,-0.48,2.5,0.2865870569175931
0,0.45999999999999996,-0.45999999999999996,2.5,0.30627253172646235
0,0.45999999999999996,-0.43999999999999995,2.5,0.325721173571452
0,0.45999999999999996,-0.42000000000000004,2.5,0.34478175087833146
0,0.45999999999999996,-0.4,2.5,0.3633120108504733
0,0.45999999999999996,-0.38,2.5,0.3811817810729942
0,0.45999999999999996,-0.36,2.5,0.39827557910460526
0,0.45999999999999996,-0.33999999999999997,2.5,0.41449463724673297
0,0.45999999999999996,-0.31999999999999995,2.5,0.42975827922341314
0,0.45999999999999996,-0.29999999999999993,2.5,0.444004617266219
0,0.45999999999999996,-0.28,2.5,0.45719057002403507
0,0.45999999999999996,-0.26,2.5,0.4692912318667744
0,0.45999999999999996,-0.24,2.5,0.48029865084441387
0,0.45999999999999996,-0.21999999999999997,2.5,0.490220094495004
0,0.45999999999999996,-0.19999999999999996,2.5,0.49907589901870825
0,0.45999999999999996,-0.17999999999999994,2.5,0.5068970076845979
0,0.45999999999999996,-0.16000000000000003,2.5,0.5137223088154987
0,0.45999999999999996,-0.14,2.5,0.5195958828157158
0,0.45999999999999996,-0.12,2.5,0.5245642622968618
0,0.45999999999999996,-0.09999999999999998,2.5,0.5286738004530107
0,0.45999999999999996,-0.07999999999999996,2.5,0.5319682315551557
0,0.45999999999999996,-0.05999999999999994,2.5,0.5344864948577487
0,0.45999999999999996,-0.040000000000000036,2.5,0.5362608802790467
0,0.45999999999999996,-0.020000000000000018,2.5,0.5373155416568974
0,0.45999999999999996,0.0,2.5,0.5376654116523483
0,0.45999999999999996,0.020000000000000018,2.5,0.5373155416568974
0,0.45999999999999996,0.040000000000000036,2.5,0.5362608802790467
0,0.45999999999999996,0.06000000000000005,2.5,0.5344864948577487
0,0.45999999999999996,0.08000000000000007,2.5,0.5319682315551557
0,0.45999999999999996,0.10000000000000009,2.5,0.5286738004530108
0,0.45999999999999996,0.1200000000000001,2.5,0.5245642622968619
0,0.45999999999999996,0.14000000000000012,2.5,0.5195958828157158
0,0.45999999999999996,0.15999999999999992,2.5,0.5137223088154987
0,0.45999999999999996,0.17999999999999994,2.5,0.5068970076845979
0,0.45999999999999996,0.19999999999999996,2.5,0.4990758990187082
0,0.45999999999999996,0.21999999999999997,2.5,0.490220094495004
0,0.45999999999999996,0.24,2.5,0.48029865084441387
0,0.45999999999999996,0.26,2.5,0.4692912318667744
0,0.45999999999999996,0.28,2.5,0.45719057002403507
0,0.45999999999999996,0.30000000000000004,2.5,0.444004617266219
0,0.45999999999999996,0.32000000000000006,2.5,0.42975827922341314
0,0.45999999999999996,0.3400000000000001,2.5,0.41449463724673297
0,0.45999999999999996,0.3600000000000001,2.5,0.3982755791046052
0,0.45999999999999996,0.3800000000000001,2.5,0.3811817810729942
0,0.45999999999999996,0.40000000000000013,2.5,0.3633120108504733
0,0.45999999999999996,0.41999999999999993,2.5,0.3447817508783314
0,0.45999999999999996,0.43999999999999995,2.5,0.325721173571452
0,0.45999999999999996,0.45999999999999996,2.5,0.30627253172646235
0,0.45999999999999996,0.48,2.5,0.28658705691759306
0,0.45999999999999996,0.5,2.5,0.26682148402185296
0,0.45999999999999996,0.52,2.5,0.24713433936291523
0,0.45999999999999996,0.54,2.5,0.22768214193672875
0,0.45999999999999996,0.56,2.5,0.2086156708943704
0,0.45999999999999996,0.5800000000000001,2.5,0.19007644760704556
0,0.45999999999999996,0.6000000000000001,2.5,0.17219356753698478
0,0.45999999999999996,0.6200000000000001,2.5,0.15508099668881
0,0.45999999999999996,0.6400000000000001,2.5,0.1388354210350832
0,0.45999999999999996,0.6600000000000001,2.5,0.1235347068076441
0,0.45999999999999996,0.6799999999999999,2.5,0.10923699697680957
0,0.45999999999999996,0.7,2.5,0.0959804367341604
0,0.45999999999999996,0.72,2.5,0.08378349039265184
0,0.45999999999999996,0.74,2.5,0.07264578562163557
0,0.45999999999999996,0.76,2.5,0.06254939978435242
0,0.45999999999999996,0.78,2.5,0.05346048833723389
0,0.45999999999999996,0.8,2.5,0.045331147294213815
0,0.45999999999999996,0.8200000000000001,2.5,0.038101400681830676
0,0.45999999999999996,0.8400000000000001,2.5,0.031701209294992136
0,0.45999999999999996,0.8600000000000001,2.5,0.026052408117917845
0,0.45999999999999996,0.8800000000000001,2.5,0.021070495425447158
0,0.45999999999999996,0.9000000000000001,2.5,0.016666215568085913
0,0.45999999999999996,0.9199999999999999,2.5,0.012746898425952271
0,0.45999999999999996,0.94,2.5,0.009217540151982536
0,0.45999999999999996,0.96,2.5,0.005981630850535701
0,0.45999999999999996,0.98,2.5,0.0029417541234573164
0,0.45999999999999996,1.0,2.5,0.0
0,0.48,-1.0,2.5,0.0
0,0.48,-0.98,2.5,0.002752655391144991
0,0.48,-0.96,2.5,0.005597126643434668
0,0.48,-0.94,2.5,0.008625030665170652
0,0.48,-0.92,2.5,0.011927522541622377
0,0.48,-0.9,2.5,0.01559490915649952
0,0.48,-0.88,2.5,0.019716088189419903
0,0.48,-0.86,2.5,0.024377773640752987
0,0.48,-0.84,2.5,0.02966348455375426
0,0.48,-0.8200000000000001,2.5,0.035652291650419644
0,0.48,-0.8,2.5,0.042417336272062685
0,0.48,-0.78,2.5,0.050024156260468966
0,0.48,-0.76,2.5,0.05852887304893269
0,0.48,-0.74,2.5,0.06797631200046832
0,0.48,-0.72,2.5,0.07839814267546616
0,0.48,-0.7,2.5,0.08981113605537822
0,0.48,-0.6799999999999999,2.5,0.1022156407872044
0,0.48,-0.6599999999999999,2.5,0.1155943795054614
0,0.48,-0.64,2.5,0.12991165884354833
0,0.48,-0.62,2.5,0.14511307288989772
0,0.48,-0.6,2.5,0.16112576005348767
0,0.48,-0.5800000000000001,2.5,0.17785924850989096
0,0.48,-0.56,2.5,0.1952068969507761
0,0.48,-0.54,2.5,0.21304790694236234
0,0.48,-0.52,2.5,0.23124985272178064
0,0.48,-0.5,2.5,0.24967164571829822
0,0.48,-0.48,2.5,0.26816682640076955
0,0.48,-0.45999999999999996,2.5,0.2865870569175931
0,0.48,-0.43999999999999995,2.5,0.30478567573619275
0,0.48,-0.42000000000000004,2.5,0.3226211709501385
0,0.48,-0.4,2.5,0.33996043239596696
0,0.48,-0.38,2.5,0.3566816539259507
0,0.48,-0.36,2.5,0.372676775287554
0,0.48,-0.33999999999999997,2.5,0.3878533767636705
0,0.48,-0.31999999999999995,2.5,0.4021359673731423
0,0.48,-0.29999999999999993,2.5,0.4154666371508056
0,0.48,-0.28,2.5,0.4278050739002366
0,0.48,-0.26,2.5,0.439127973024141
0,0.48,-0.24,2.5,0.4494278940142377
0,0.48,-0.21999999999999997,2.5,0.4587116377052336
0,0.48,-0.19999999999999996,2.5,0.46699823367178633
0,0.48,-0.17999999999999994,2.5,0.474316636831774
0,0.48,-0.16000000000000003,2.5,0.48070323650981256
0,0.48,-0.14,2.5,0.48619928039092003
0,0.48,-0.12,2.5,0.4908483107321227
0,0.48,-0.09999999999999998,2.5,0.4946937018678859
0,0.48,-0.07999999999999996,2.5,0.4977763774888975
0,0.48,-0.05999999999999994,2.5,0.5001327744047339
0,0.48,-0.040000000000000036,2.5,0.5017931074008968
0,0.48,-0.020000000000000018,2.5,0.5027799780478113
0,0.48,0.0,2.5,0.5031073593439892
0,0.48,0.020000000000000018,2.5,0.5027799780478113
0,0.48,0.040000000000000036,2.5,0.5017931074008968
0,0.48,0.06000000000000005,2.5,0.5001327744047339
0,0.48,0.08000000000000007,2.5,0.4977763774888975
0,0.48,0.10000000000000009,2.5,0.4946937018678859
0,0.48,0.1200000000000001,2.5,0.49084831073212276
0,0.48,0.14000000000000012,2.5,0.48619928039092003
0,0.48,0.15999999999999992,2.5,0.48070323650981256
0,0.48,0.17999999999999994,2.5,0.474316636831774
0,0.48,0.19999999999999996,2.5,0.46699823367178633
0,0.48,0.21999999999999997,2.5,0.4587116377052336
0,0.48,0.24,2.5,0.4494278940142377
0,0.48,0.26,2.5,0.439127973024141
0,0.48,0.28,2.5,0.4278050739002366
0,0.48,0.30000000000000004,2.5,0.4154666371508056
0,0.48,0.32000000000000006,2.5,0.4021359673731423
0,0.48,0.3400000000000001,2.5,0.3878533767636705
0,0.48,0.3600000000000001,2.5,0.372676775287554
0,0.48,0.3800000000000001,2.5,0.3566816539259507
0,0.48,0.40000000000000013,2.5,0.33996043239596696
0,0.48,0.41999999999999993,2.5,0.3226211709501385
0,0.48,0.43999999999999995,2.5,0.3047856757361927
0,0.48,0.45999999999999996,2.5,0.28658705691759306
0,0.48,0.48,2.5,0.2681668264007695
0,0.48,0.5,2.5,0.24967164571829822
0,0.48,0.52,2.5,0.23124985272178064
0,0.48,0.54,2.5,0.21304790694236234
0,0.48,0.56,2.5,0.1952068969507761
0,0.48,0.5800000000000001,2.5,0.17785924850989096
0,0.48,0.6000000000000001,2.5,0.16112576005348767
0,0.48,0.6200000000000001,2.5,0.14511307288989772
0,0.48,0.6400000000000001,2.5,0.1299116588435483
0,0.48,0.6600000000000001,2.5,0.11559437950546139
0,0.48,0.6799999999999999,2.5,0.1022156407872044
0,0.48,0.7,2.5,0.08981113605537822
0,0.48,0.72,2.5,0.07839814267546616
0,0.48,0.74,2.5,0.06797631200046832
0,0.48,0.76,2.5,0.05852887304893269
0,0.48,0.78,2.5,0.05002415626046897
0,0.48,0.8,2.5,0.042417336272062685
0,0.48,0.8200000000000001,2.5,0.035652291650419644
0,0.48,0.8400000000000001,2.5,0.02966348455375426
0,0.48,0.8600000000000001,2.5,0.02437777364075299
0,0.48,0.8800000000000001,2.5,0.019716088189419907
0,0.48,0.9000000000000001,2.5,0.015594909156499522
0,0.48,0.9199999999999999,2.5,0.011927522541622377
0,0.48,0.94,2.5,0.008625030665170653
0,0.48,0.96,2.5,0.005597126643434669
0,0.48,0.98,2.5,0.0027526553911449915
0,0.48,1.0,2.5,0.0
0,0.5,-1.0,2.5,0.0
0,0.5,-0.98,2.5,0.0025627870787153406
0,0.5,-0.96,2.5,0.005211057614855275
0,0.5,-0.94,2.5,0.008030109848802026
0,0.5,-0.92,2.5,0.011104812076859668
0,0.5,-0.9,2.5,0.014519242932240578
0,0.5,-0.88,2.5,0.01835616908296046
0,0.5,-0.86,2.5,0.022696324176649095
0,0.5,-0.84,2.5,0.027617467310682188
0,0.5,-0.8200000000000001,2.5,0.03319321610810365
0,0.5,-0.8,2.5,0.03949166779768116
0,0.5,-0.78,2.5,0.04657384054528532
0,0.5,-0.76,2.5,0.05449198556341265
0,0.5,-0.74,2.5,0.06328783706850044
0,0.5,-0.72,2.5,0.0729908807908699
0,0.5,-0.7,2.5,0.08361673137323779
0,0.5,-0.6799999999999999,2.5,0.09516571368460815
0,0.5,-0.6599999999999999,2.5,0.10762174213787874
0,0.5,-0.64,2.5,0.1209515851681849
0,0.5,-0.62,2.5,0.13510458912803924
0,0.5,-0.6,2.5,0.15001291742926065
0,0.5,-0.5800000000000001,2.5,0.1655923376779591
0,0.5,-0.56,2.5,0.18174356306225936
0,0.5,-0.54,2.5,0.19835412593246218
0,0.5,-0.52,2.5,0.21530073313828893
0,0.5,-0.5,2.5,0.2324520261139437
0,0.5,-0.48,2.5,0.24967164571829822
0,0.5,-0.45999999999999996,2.5,0.26682148402185296
0,0.5,-0.43999999999999995,2.5,0.2837649938181859
0,0.5,-0.42000000000000004,2.5,0.3003704224116821
0,0.5,-0.4,2.5,0.3165138394677398
0,0.5,-0.38,2.5,0.33208183914329287
0,0.5,-0.36,2.5,0.3469738135716106
0,0.5,-0.33999999999999997,2.5,0.3611037168442688
0,0.5,-0.31999999999999995,2.5,0.374401264372327
0,0.5,-0.29999999999999993,2.5,0.3868125401791878
0,0.5,-0.28,2.5,0.3983000124915533
0,0.5,-0.26,2.5,0.4088419842613016
0,0.5,-0.24,2.5,0.41843152850562715
0,0.5,-0.21999999999999997,2.5,0.42707497746029477
0,0.5,-0.19999999999999996,2.5,0.43479004876177685
0,0.5,-0.17999999999999994,2.5,0.4416037008905112
0,0.5,-0.16000000000000003,2.5,0.44754981400902394
0,0.5,-0.14,2.5,0.45266679156126205
0,0.5,-0.12,2.5,0.45699517328630795
0,0.5,-0.09999999999999998,2.5,0.4605753425421321
0,0.5,-0.07999999999999996,2.5,0.46344540100653003
0,0.5,-0.05999999999999994,2.5,0.4656392728648868
0,0.5,-0.040000000000000036,2.5,0.4671850893287509
0,0.5,-0.020000000000000018,2.5,0.46810389338678926
0,0.5,0.0,2.5,0.46840869447123257
0,0.5,0.020000000000000018,2.5,0.46810389338678926
0,0.5,0.040000000000000036,2.5,0.4671850893287509
0,0.5,0.06000000000000005,2.5,0.4656392728648868
0,0.5,0.08000000000000007,2.5,0.46344540100653003
0,0.5,0.10000000000000009,2.5,0.4605753425421321
0,0.5,0.1200000000000001,2.5,0.45699517328630795
0,0.5,0.14000000000000012,2.5,0.45266679156126205
0,0.5,0.15999999999999992,2.5,0.44754981400902394
0,0.5,0.17999999999999994,2.5,0.44160370089051126
0,0.5,0.19999999999999996,2.5,0.43479004876177685
0,0.5,0.21999999999999997,2.5,0.42707497746029477
0,0.5,0.24,2.5,0.41843152850562715
0,0.5,0.26,2.5,0.4088419842613016
0,0.5,0.28,2.5,0.3983000124915533
0,0.5,0.30000000000000004,2.5,0.3868125401791878
0,0.5,0.32000000000000006,2.5,0.374401264372327
0,0.5,0.3400000000000001,2.5,0.3611037168442688
0,0.5,0.3600000000000001,2.5,0.3469738135716106
0,0.5,0.3800000000000001,2.5,0.33208183914329287
0,0.5,0.40000000000000013,2.5,0.3165138394677398
0,0.5,0.41999999999999993,2.5,0.3003704224116821
0,0.5,0.43999999999999995,2.5,0.2837649938181859
0,0.5,0.45999999999999996,2.5,0.26682148402185296
0,0.5,0.48,2.5,0.24967164571829822
0,0.5,0.5,2.5,0.2324520261139437
0,0.5,0.52,2.5,0.21530073313828893
0,0.5,0.54,2.5,0.19835412593246218
0,0.5,0.56,2.5,0.18174356306225936
0,0.5,0.5800000000000001,2.5,0.1655923376779591
0,0.5,0.6000000000000001,2.5,0.15001291742926065
0,0.5,0.6200000000000001,2.5,0.13510458912803924
0,0.5,0.6400000000000001,2.5,0.12095158516818488
0,0.5,0.6600000000000001,2.5,0.10762174213787873
0,0.5,0.6799999999999999,2.5,0.09516571368460815
0,0.5,0.7,2.5,0.08361673137323779
0,0.5,0.72,2.5,0.0729908807908699
0,0.5,0.74,2.5,0.06328783706850044
0,0.5,0.76,2.5,0.05449198556341265
0,0.5,0.78,2.5,0.04657384054528532
0,0.5,0.8,2.5,0.03949166779768116
0,0.5,0.8200000000000001,2.5,0.03319321610810365
0,0.5,0.8400000000000001,2.5,0.027617467310682188
0,0.5,0.8600000000000001,2.5,0.0226963241766491
0,0.5,0.8800000000000001,2.5,0.018356169082960463
0,0.5,0.9000000000000001,2.5,0.014519242932240578
0,0.5,0.9199999999999999,2.5,0.011104812076859668
0,0.5,0.94,2.5,0.008030109848802026
0,0.5,0.96,2.5,0.005211057614855276
0,0.5,0.98,2.5,0.002562787078715341
0,0.5,1.0,2.5,0.0
0,0.52,-1.0,2.5,0.0
0,0.52,-0.98,2.5,0.0023736723371027882
0,0.52,-0.96,2.5,0.004826520854132796
0,0.52,-0.94,2.5,0.007437550195144553
0,0.52,-0.92,2.5,0.010285366812327076
0,0.52,-0.9,2.5,0.013447845800618356
0,0.52,-0.88,2.5,0.017001647142388582
0,0.52,-0.86,2.5,0.021021547860203986
0,0.52,-0.84,2.5,0.025579569958189354
0,0.52,-0.8200000000000001,2.5,0.030743899595057748
0,0.52,-0.8,2.5,0.03657760989843019
0,0.52,-0.78,2.5,0.0431372172884483
0,0.52,-0.76,2.5,0.05047111810986177
0,0.52,-0.74,2.5,0.058617967694298875
0,0.52,-0.72,2.5,0.0676050766038334
0,0.52,-0.7,2.5,0.07744690772768005
0,0.52,-0.6799999999999999,2.5,0.08814376224878409
0,0.52,-0.6599999999999999,2.5,0.09968074162793152
0,0.52,-0.64,2.5,0.1120270663331088
0,0.52,-0.62,2.5,0.12513582009265103
0,0.52,-0.6,2.5,0.13894417138398352
0,0.52,-0.5800000000000001,2.5,0.15337410248893252
0,0.52,-0.56,2.5,0.16833365191388433
0,0.52,-0.54,2.5,0.18371864974220956
0,0.52,-0.52,2.5,0.19941489920446875
0,0.52,-0.5,2.5,0.21530073313828893
0,0.52,-0.48,2.5,0.23124985272178064
0,0.52,-0.45999999999999996,2.5,0.24713433936291523
0,0.52,-0.43999999999999995,2.5,0.26282772005531047
0,0.52,-0.42000000000000004,2.5,0.27820796259668457
0,0.52,-0.4,2.5,0.29316028006207034
0,0.52,-0.38,2.5,0.30757963358602164
0,0.52,-0.36,2.5,0.32137283812076256
0,0.52,-0.33999999999999997,2.5,0.33446019627821855
0,0.52,-0.31999999999999995,2.5,0.34677660920430403
0,0.52,-0.29999999999999993,2.5,0.3582721390630978
0,0.52,-0.28,2.5,0.3689120234706838
0,0.52,-0.26,2.5,0.37867616654715586
0,0.52,-0.24,2.5,0.3875581527942907
0,0.52,-0.21999999999999997,2.5,0.39556384770425207
0,0.52,-0.19999999999999996,2.5,0.4027096621764064
0,0.52,-0.17999999999999994,2.5,0.409020566170511
0,0.52,-0.16000000000000003,2.5,0.4145279406380521
0,0.52,-0.14,2.5,0.41926735606255516
0,0.52,-0.12,2.5,0.42327636157404586
0,0.52,-0.09999999999999998,2.5,0.4265923614174506
0,0.52,-0.07999999999999996,2.5,0.4292506464511792
0,0.52,-0.05999999999999994,2.5,0.4312826382028994
0,0.52,-0.040000000000000036,2.5,0.43271439257492184
0,0.52,-0.020000000000000018,2.5,0.43356540015648515
0,0.52,0.0,2.5,0.43384771063567745
0,0.52,0.020000000000000018,2.5,0.43356540015648515
0,0.52,0.040000000000000036,2.5,0.43271439257492184
0,0.52,0.06000000000000005,2.5,0.4312826382028994
0,0.52,0.08000000000000007,2.5,0.4292506464511792
0,0.52,0.10000000000000009,2.5,0.4265923614174506
0,0.52,0.1200000000000001,2.5,0.42327636157404586
0,0.52,0.14000000000000012,2.5,0.41926735606255516
0,0.52,0.15999999999999992,2.5,0.4145279406380521
0,0.52,0.17999999999999994,2.5,0.4090205661705111
0,0.52,0.19999999999999996,2.5,0.40270966217640647
0,0.52,0.21999999999999997,2.5,0.3955638477042521
0,0.52,0.24,2.5,0.3875581527942907
0,0.52,0.26,2.5,0.37867616654715586
0,0.52,0.28,2.5,0.3689120234706838
0,0.52,0.30000000000000004,2.5,0.3582721390630978
0,0.52,0.32000000000000006,2.5,0.34677660920430403
0,0.52,0.3400000000000001,2.5,0.33446019627821855
0,0.52,0.3600000000000001,2.5,0.32137283812076256
0,0.52,0.3800000000000001,2.5,0.30757963358602164
0,0.52,0.40000000000000013,2.5,0.29316028006207034
0,0.52,0.41999999999999993,2.5,0.27820796259668457
0,0.52,0.43999999999999995,2.5,0.26282772005531047
0,0.52,0.45999999999999996,2.5,0.24713433936291523
0,0.52,0.48,2.5,0.23124985272178064
0,0.52,0.5,2.5,0.21530073313828893
0,0.52,0.52,2.5,0.19941489920446875
0,0.52,0.54,2.5,0.18371864974220956
0,0.52,0.56,2.5,0.16833365191388433
0,0.52,0.5800000000000001,2.5,0.15337410248893252
0,0.52,0.6000000000000001,2.5,0.13894417138398352
0,0.52,0.6200000000000001,2.5,0.12513582009265103
0,0.52,0.6400000000000001,2.5,0.1120270663331088
0,0.52,0.6600000000000001,2.5,0.09968074162793152
0,0.52,0.6799999999999999,2.5,0.08814376224878409
0,0.52,0.7,2.5,0.07744690772768005
0,0.52,0.72,2.5,0.0676050766038334
0,0.52,0.74,2.5,0.058617967694298875
0,0.52,0.76,2.5,0.05047111810986177
0,0.52,0.78,2.5,0.0431372172884483
0,0.52,0.8,2.5,0.03657760989843019
0,0.52,0.8200000000000001,2.5,0.030743899595057748
0,0.52,0.8400000000000001,2.5,0.025579569958189354
0,0.52,0.8600000000000001,2.5,0.021021547860203986
0,0.52,0.8800000000000001,2.5,0.017001647142388582
0,0.52,0.9000000000000001,2.5,0.013447845800618356
0,0.52,0.9199999999999999,2.5,0.010285366812327076
0,0.52,0.94,2.5,0.007437550195144553
0,0.52,0.96,2.5,0.0048265208541327966
0,0.52,0.98,2.5,0.0023736723371027882
0,0.52,1.0,2.5,0.0
0,0.54,-1.0,2.5,0.0
0,0.54,-0.98,2.5,0.0021868150279745154
0,0.54,-0.96,2.5,0.00444657422897894
0,0.54,-0.94,2.5,0.006852063757707768
0,0.54,-0.92,2.5,0.00947570294957295
0,0.54,-0.9,2.5,0.012389237391764823
0,0.54,-0.88,2.5,0.015663293254483335
0,0.54,-0.86,2.5,0.01936676201653422
0,0.54,-0.84,2.5,0.023565997048815474
0,0.54,-0.8200000000000001,2.5,0.028323817857043427
0,0.54,-0.8,2.5,0.03369833341642408
0,0.54,-0.78,2.5,0.03974161211547523
0,0.54,-0.76,2.5,0.04649824142501849
0,0.54,-0.74,2.5,0.05400383452514123
0,0.54,-0.72,2.5,0.06228355275854695
0,0.54,-0.7,2.5,0.07135072099751805
0,0.54,-0.6799999999999999,2.5,0.08120561701483625
0,0.54,-0.6599999999999999,2.5,0.0918345151483724
0,0.54,-0.64,2.5,0.10320905863447406
0,0.54,-0.62,2.5,0.11528602397650442
0,0.54,-0.6,2.5,0.1280075249912706
0,0.54,-0.5800000000000001,2.5,0.1413016844778258
0,0.54,-0.56,2.5,0.1550837788510209
0,0.54,-0.54,2.5,0.1692578369155107
0,0.54,-0.52,2.5,0.18371864974220956
0,0.54,-0.5,2.5,0.19835412593246218
0,0.54,-0.48,2.5,0.21304790694236234
0,0.54,-0.45999999999999996,2.5,0.22768214193672875
0,0.54,-0.43999999999999995,2.5,0.24214031190219956
0,0.54,-0.42000000000000004,2.5,0.25630998914273484
0,0.54,-0.4,2.5,0.2700854210409194
0,0.54,-0.38,2.5,0.2833698358702747
0,0.54,-0.36,2.5,0.29607738282793616
0,0.54,-0.33999999999999997,2.5,0.3081346372895142
0,0.54,-0.31999999999999995,2.5,0.3194816242523388
0,0.54,-0.29999999999999993,2.5,0.3300723365457066
0,0.54,-0.28,2.5,0.3398747481215721
0,0.54,-0.26,2.5,0.34887034515329485
0,0.54,-0.24,2.5,0.3570532175139861
0,0.54,-0.21999999999999997,2.5,0.36442876951104386
0,0.54,-0.19999999999999996,2.5,0.3710121208884993
0,0.54,-0.17999999999999994,2.5,0.3768262768026218
0,0.54,-0.16000000000000003,2.5,0.3819001488052031
0,0.54,-0.14,2.5,0.38626650821376357
0,0.54,-0.12,2.5,0.3899599492256527
0,0.54,-0.09999999999999998,2.5,0.39301493251295205
0,0.54,-0.07999999999999996,2.5,0.3954639716478383
0,0.54,-0.05999999999999994,2.5,0.39733601535747454
0,0.54,-0.040000000000000036,2.5,0.39865506899406267
0,0.54,-0.020000000000000018,2.5,0.3994390892681951
0,0.54,0.0,2.5,0.3996991775740282
0,0.54,0.020000000000000018,2.5,0.3994390892681951
0,0.54,0.040000000000000036,2.5,0.39865506899406267
0,0.54,0.06000000000000005,2.5,0.39733601535747454
0,0.54,0.08000000000000007,2.5,0.3954639716478383
0,0.54,0.10000000000000009,2.5,0.39301493251295205
0,0.54,0.1200000000000001,2.5,0.3899599492256527
0,0.54,0.14000000000000012,2.5,0.38626650821376357
0,0.54,0.15999999999999992,2.5,0.3819001488052031
0,0.54,0.17999999999999994,2.5,0.3768262768026218
0,0.54,0.19999999999999996,2.5,0.37101212088849933
0,0.54,0.21999999999999997,2.5,0.3644287695110439
0,0.54,0.24,2.5,0.3570532175139861
0,0.54,0.26,2.5,0.34887034515329485
0,0.54,0.28,2.5,0.3398747481215721
0,0.54,0.30000000000000004,2.5,0.3300723365457066
0,0.54,0.32000000000000006,2.5,0.3194816242523388
0,0.54,0.3400000000000001,2.5,0.3081346372895142
0,0.54,0.3600000000000001,2.5,0.29607738282793616
0,0.54,0.3800000000000001,2.5,0.2833698358702747
0,0.54,0.40000000000000013,2.5,0.2700854210409194
0,0.54,0.41999999999999993,2.5,0.25630998914273484
0,0.54,0.43999999999999995,2.5,0.24214031190219953
0,0.54,0.45999999999999996,2.5,0.22768214193672875
0,0.54,0.48,2.5,0.21304790694236234
0,0.54,0.5,2.5,0.19835412593246218
0,0.54,0.52,2.5,0.18371864974220956
0,0.54,0.54,2.5,0.1692578369155107
0,0.54,0.56,2.5,0.1550837788510209
0,0.54,0.5800000000000001,2.5,0.1413016844778258
0,0.54,0.6000000000000001,2.5,0.1280075249912706
0,0.54,0.6200000000000001,2.5,0.1152860239765044
0,0.54,0.6400000000000001,2.5,0.10320905863447406
0,0.54,0.6600000000000001,2.5,0.0918345151483724
0,0.54,0.6799999999999999,2.5,0.08120561701483625
0,0.54,0.7,2.5,0.07135072099751805
0,0.54,0.72,2.5,0.062283552758546946
0,0.54,0.74,2.5,0.05400383452514123
0,0.54,0.76,2.5,0.04649824142501849
0,0.54,0.78,2.5,0.03974161211547523
0,0.54,0.8,2.5,0.03369833341642408
0,0.54,0.8200000000000001,2.5,0.028323817857043427
0,0.54,0.8400000000000001,2.5,0.023565997048815474
0,0.54,0.8600000000000001,2.5,0.019366762016534225
0,0.54,0.8800000000000001,2.5,0.01566329325448334
0,0.54,0.9000000000000001,2.5,0.012389237391764823
0,0.54,0.9199999999999999,2.5,0.00947570294957295
0,0.54,0.94,2.5,0.006852063757707768
0,0.54,0.96,2.5,0.00444657422897894
0,0.54,0.98,2.5,0.0021868150279745154
0,0.54,1.0,2.5,0.0
0,0.56,-1.0,2.5,0.0
0,0.56,-0.98,2.5,0.0020036638529522836
0,0.56,-0.96,2.5,0.004074163448140857
0,0.56,-0.94,2.5,0.006278189758374598
0,0.56,-0.92,2.5,0.008682097686532789
0,0.56,-0.9,2.5,0.011351624852349605
0,0.56,-0.88,2.5,0.01435148325460001
0,0.56,-0.86,2.5,0.017744795526819842
0,0.56,-0.84,2.5,0.021592358801725334
0,0.56,-0.8200000000000001,2.5,0.025951732336872698
0,0.56,-0.8,2.5,0.03087615937672294
0,0.56,-0.78,2.5,0.036413348464130066
0,0.56,-0.76,2.5,0.0426041537071274
0,0.56,-0.74,2.5,0.049481206441819824
0,0.56,-0.72,2.5,0.05706756139371834
0,0.56,-0.7,2.5,0.06537542797065381
0,0.56,-0.6799999999999999,2.5,0.07440506098848726
0,0.56,-0.6599999999999999,2.5,0.08414388439734528
0,0.56,-0.64,2.5,0.09456591615681795
0,0.56,-0.62,2.5,0.10563155232155631
0,0.56,-0.6,2.5,0.1172877539915807
0,0.56,-0.5800000000000001,2.5,0.12946866273258467
0,0.56,-0.56,2.5,0.14209664936172822
0,0.56,-0.54,2.5,0.1550837788510209
0,0.56,-0.52,2.5,0.16833365191388433
0,0.56,-0.5,2.5,0.18174356306225936
0,0.56,-0.48,2.5,0.1952068969507761
0,0.56,-0.45999999999999996,2.5,0.2086156708943704
0,0.56,-0.43999999999999995,2.5,0.22186312252111395
0,0.56,-0.42000000000000004,2.5,0.23484623821777417
0,0.56,-0.4,2.5,0.24746812055465006
0,0.56,-0.38,2.5,0.2596401010328068
0,0.56,-0.36,2.5,0.27128351767675396
0,0.56,-0.33999999999999997,2.5,0.2823310942514217
0,0.56,-0.31999999999999995,2.5,0.29272787800781214
0,0.56,-0.29999999999999993,2.5,0.3024317144972529
0,0.56,-0.28,2.5,0.3114132597418714
0,0.56,-0.26,2.5,0.3196555505864585
0,0.56,-0.24,2.5,0.3271531722393815
0,0.56,-0.21999999999999997,2.5,0.3339110769500175
0,0.56,-0.19999999999999996,2.5,0.33994311888910256
0,0.56,-0.17999999999999994,2.5,0.34527037734789023
0,0.56,-0.16000000000000003,2.5,0.3499193434220936
0,0.56,-0.14,2.5,0.35392004474607347
0,0.56,-0.12,2.5,0.3573041791570548
0,0.56,-0.09999999999999998,2.5,0.3601033221032052
0,0.56,-0.07999999999999996,2.5,0.36234726492425545
0,0.56,-0.05999999999999994,2.5,0.36406253256557974
0,0.56,-0.040000000000000036,2.5,0.3652711204780847
0,0.56,-0.020000000000000018,2.5,0.3659894819005912
0,0.56,0.0,2.5,0.36622778873193984
0,0.56,0.020000000000000018,2.5,0.3659894819005912
0,0.56,0.040000000000000036,2.5,0.3652711204780847
0,0.56,0.06000000000000005,2.5,0.36406253256557974
0,0.56,0.08000000000000007,2.5,0.36234726492425545
0,0.56,0.10000000000000009,2.5,0.3601033221032052
0,0.56,0.1200000000000001,2.5,0.3573041791570548
0,0.56,0.14000000000000012,2.5,0.35392004474607347
0,0.56,0.15999999999999992,2.5,0.3499193434220936
0,0.56,0.17999999999999994,2.5,0.34527037734789023
0,0.56,0.19999999999999996,2.5,0.3399431188891026
0,0.56,0.21999999999999997,2.5,0.3339110769500175
0,0.56,0.24,2.5,0.3271531722393815
0,0.56,0.26,2.5,0.3196555505864585
0,0.56,0.28,2.5,0.3114132597418714
0,0.56,0.30000000000000004,2.5,0.3024317144972529
0,0.56,0.32000000000000006,2.5,0.29272787800781214
0,0.56,0.3400000000000001,2.5,0.2823310942514217
0,0.56,0.3600000000000001,2.5,0.27128351767675396
0,0.56,0.3800000000000001,2.5,0.2596401010328068
0,0.56,0.40000000000000013,2.5,0.24746812055465006
0,0.56,0.41999999999999993,2.5,0.23484623821777417
0,0.56,0.43999999999999995,2.5,0.22186312252111395
0,0.56,0.45999999999999996,2.5,0.2086156708943704
0,0.56,0.48,2.5,0.1952068969507761
0,0.56,0.5,2.5,0.18174356306225936
0,0.56,0.52,2.5,0.16833365191388433
0,0.56,0.54,2.5,0.1550837788510209
0,0.56,0.56,2.5,0.14209664936172822
0,0.56,0.5800000000000001,2.5,0.12946866273258467
0,0.56,0.6000000000000001,2.5,0.1172877539915807
0,0.56,0.6200000000000001,2.5,0.10563155232155631
0,0.56,0.6400000000000001,2.5,0.09456591615681795
0,0.56,0.6600000000000001,2.5,0.08414388439734528
0,0.56,0.6799999999999999,2.5,0.07440506098848726
0,0.56,0.7,2.5,0.06537542797065381
0,0.56,0.72,2.5,0.05706756139371834
0,0.56,0.74,2.5,0.049481206441819824
0,0.56,0.76,2.5,0.0426041537071274
0,0.56,0.78,2.5,0.036413348464130066
0,0.56,0.8,2.5,0.03087615937672294
0,0.56,0.8200000000000001,2.5,0.025951732336872698
0,0.56,0.8400000000000001,2.5,0.021592358801725334
0,0.56,0.8600000000000001,2.5,0.017744795526819842
0,0.56,0.8800000000000001,2.5,0.014351483254600011
0,0.56,0.9000000000000001,2.5,0.011351624852349605
0,0.56,0.9199999999999999,2.5,0.008682097686532789
0,0.56,0.94,2.5,0.006278189758374598
0,0.56,0.96,2.5,0.004074163448140857
0,0.56,0.98,2.5,0.0020036638529522836
0,0.56,1.0,2.5,0.0
0,0.5800000000000001,-1.0,2.5,0.0
0,0.5800000000000001,-0.98,2.5,0.001825578545667884
0,0.5800000000000001,-0.96,2.5,0.003712053318472136
0,0.5800000000000001,-0.94,2.5,0.005720188657862761
0,0.5800000000000001,-0.92,2.5,0.007910442730863835
0,0.5800000000000001,-0.9,2.5,0.010342711322824698
0,0.5800000000000001,-0.88,2.5,0.013075955797756248
0,0.5800000000000001,-0.86,2.5,0.016167689458909167
0,0.5800000000000001,-0.84,2.5,0.019673306833522555
0,0.5800000000000001,-0.8200000000000001,2.5,0.02364525237578333
0,0.5800000000000001,-0.8,2.5,0.028132038132107632
0,0.5800000000000001,-0.78,2.5,0.033177133341285324
0,0.5800000000000001,-0.76,2.5,0.038817761965027606
0,0.5800000000000001,-0.74,2.5,0.04508365593020869
0,0.5800000000000001,-0.72,2.5,0.05199582157845385
0,0.5800000000000001,-0.7,2.5,0.05956538368053442
0,0.5800000000000001,-0.6799999999999999,2.5,0.0677925747153263
0,0.5800000000000001,-0.6599999999999999,2.5,0.07666593644488257
0,0.5800000000000001,-0.64,2.5,0.0861617958794751
0,0.5800000000000001,-0.62,2.5,0.09624406853575182
0,0.5800000000000001,-0.6,2.5,0.1068644287641239
0,0.5800000000000001,-0.5800000000000001,2.5,0.11796287047611043
0,0.5800000000000001,-0.56,2.5,0.12946866273258467
0,0.5800000000000001,-0.54,2.5,0.1413016844778258
0,0.5800000000000001,-0.52,2.5,0.15337410248893252
0,0.5800000000000001,-0.5,2.5,0.1655923376779591
0,0.5800000000000001,-0.48,2.5,0.17785924850989096
0,0.5800000000000001,-0.45999999999999996,2.5,0.19007644760704556
0,0.5800000000000001,-0.43999999999999995,2.5,0.20214665947876753
0,0.5800000000000001,-0.42000000000000004,2.5,0.2139760243046031
0,0.5800000000000001,-0.4,2.5,0.22547625500348958
0,0.5800000000000001,-0.38,2.5,0.23656656225342843
0,0.5800000000000001,-0.36,2.5,0.24717527413508683
0,0.5800000000000001,-0.33999999999999997,2.5,0.257241092795519
0,0.5800000000000001,-0.31999999999999995,2.5,0.2667139488656771
0,0.5800000000000001,-0.29999999999999993,2.5,0.2755554340787206
0,0.5800000000000001,-0.28,2.5,0.28373881235160164
0,0.5800000000000001,-0.26,2.5,0.29124862830523457
0,0.5800000000000001,-0.24,2.5,0.2980799487655103
0,0.5800000000000001,-0.21999999999999997,2.5,0.3042372863997603
0,0.5800000000000001,-0.19999999999999996,2.5,0.30973326477416735
0,0.5800000000000001,-0.17999999999999994,2.5,0.31458709054062356
0,0.5800000000000001,-0.16000000000000003,2.5,0.3188229012404288
0,0.5800000000000001,-0.14,2.5,0.32246805666489137
0,0.5800000000000001,-0.12,2.5,0.325551438354492
0,0.5800000000000001,-0.09999999999999998,2.5,0.32810181629113655
0,0.5800000000000001,-0.07999999999999996,2.5,0.33014633483556394
0,0.5800000000000001,-0.05999999999999994,2.5,0.3317091621554016
0,0.5800000000000001,-0.040000000000000036,2.5,0.33281033936340526
0,0.5800000000000001,-0.020000000000000018,2.5,0.33346485778998464
0,0.5800000000000001,0.0,2.5,0.33368198553461337
0,0.5800000000000001,0.020000000000000018,2.5,0.33346485778998464
0,0.5800000000000001,0.040000000000000036,2.5,0.33281033936340526
0,0.5800000000000001,0.06000000000000005,2.5,0.3317091621554016
0,0.5800000000000001,0.08000000000000007,2.5,0.33014633483556394
0,0.5800000000000001,0.10000000000000009,2.5,0.32810181629113655
0,0.5800000000000001,0.1200000000000001,2.5,0.325551438354492
0,0.5800000000000001,0.14000000000000012,2.5,0.32246805666489137
0,0.5800000000000001,0.15999999999999992,2.5,0.31882290124042884
0,0.5800000000000001,0.17999999999999994,2.5,0.31458709054062356
0,0.5800000000000001,0.19999999999999996,2.5,0.30973326477416735
0,0.5800000000000001,0.21999999999999997,2.5,0.3042372863997603
0,0.5800000000000001,0.24,2.5,0.2980799487655103
0,0.5800000000000001,0.26,2.5,0.29124862830523457
0,0.5800000000000001,0.28,2.5,0.28373881235160164
0,0.5800000000000001,0.30000000000000004,2.5,0.2755554340787206
0,0.5800000000000001,0.32000000000000006,2.5,0.2667139488656771
0,0.5800000000000001,0.3400000000000001,2.5,0.257241092795519
0,0.5800000000000001,0.3600000000000001,2.5,0.24717527413508683
0,0.5800000000000001,0.3800000000000001,2.5,0.23656656225342843
0,0.5800000000000001,0.40000000000000013,2.5,0.22547625500348958
0,0.5800000000000001,0.41999999999999993,2.5,0.2139760243046031
0,0.5800000000000001,0.43999999999999995,2.5,0.20214665947876753
0,0.5800000000000001,0.45999999999999996,2.5,0.19007644760704556
0,0.5800000000000001,0.48,2.5,0.17785924850989096
0,0.5800000000000001,0.5,2.5,0.1655923376779591
0,0.5800000000000001,0.52,2.5,0.15337410248893252
0,0.5800000000000001,0.54,2.5,0.1413016844778258
0,0.5800000000000001,0.56,2.5,0.12946866273258467
0,0.5800000000000001,0.5800000000000001,2.5,0.11796287047611041
0,0.5800000000000001,0.6000000000000001,2.5,0.1068644287641239
0,0.5800000000000001,0.6200000000000001,2.5,0.09624406853575182
0,0.5800000000000001,0.6400000000000001,2.5,0.0861617958794751
0,0.5800000000000001,0.6600000000000001,2.5,0.07666593644488257
0,0.5800000000000001,0.6799999999999999,2.5,0.0677925747153263
0,0.5800000000000001,0.7,2.5,0.05956538368053443
0,0.5800000000000001,0.72,2.5,0.05199582157845385
0,0.5800000000000001,0.74,2.5,0.04508365593020869
0,0.5800000000000001,0.76,2.5,0.038817761965027606
0,0.5800000000000001,0.78,2.5,0.033177133341285324
0,0.5800000000000001,0.8,2.5,0.028132038132107632
0,0.5800000000000001,0.8200000000000001,2.5,0.02364525237578333
0,0.5800000000000001,0.8400000000000001,2.5,0.019673306833522555
0,0.5800000000000001,0.8600000000000001,2.5,0.016167689458909167
0,0.5800000000000001,0.8800000000000001,2.5,0.013075955797756248
0,0.5800000000000001,0.9000000000000001,2.5,0.010342711322824698
0,0.5800000000000001,0.9199999999999999,2.5,0.007910442730863835
0,0.5800000000000001,0.94,2.5,0.005720188657862762
0,0.5800000000000001,0.96,2.5,0.0037120533184721366
0,0.5800000000000001,0.98,2.5,0.001825578545667884
0,0.5800000000000001,1.0,2.5,0.0
0,0.6000000000000001,-1.0,2.5,0.0
0,0.6000000000000001,-0.98,2.5,0.0016537994264689932
0,0.6000000000000001,-0.96,2.5,0.003362765839370479
0,0.6000000000000001,-0.94,2.5,0.0051819467621562285
0,0.6000000000000001,-0.92,2.5,0.007166112382994051
0,0.6000000000000001,-0.9,2.5,0.00936952346348205
0,0.6000000000000001,-0.88,2.5,0.011845594311470574
0,0.6000000000000001,-0.86,2.5,0.014646427472271357
0,0.6000000000000001,-0.84,2.5,0.017822206117569385
0,0.6000000000000001,-0.8200000000000001,2.5,0.021420440955512664
0,0.6000000000000001,-0.8,2.5,0.02548508030800779
0,0.6000000000000001,-0.78,2.5,0.030055504166596327
0,0.6000000000000001,-0.76,2.5,0.0351654348363648
0,0.6000000000000001,-0.74,2.5,0.04084180745457712
0,0.6000000000000001,-0.72,2.5,0.04710365247142418
0,0.6000000000000001,-0.7,2.5,0.05396104839677389
0,0.6000000000000001,-0.6799999999999999,2.5,0.06141420614483543
0,0.6000000000000001,-0.6599999999999999,2.5,0.06945274570341335
0,0.6000000000000001,-0.64,2.5,0.07805522138127723
0,0.6000000000000001,-0.62,2.5,0.0871889435610302
0,0.6000000000000001,-0.6,2.5,0.0968101329926189
0,0.6000000000000001,-0.5800000000000001,2.5,0.10686442876412391
0,0.6000000000000001,-0.56,2.5,0.1172877539915807
0,0.6000000000000001,-0.54,2.5,0.1280075249912706
0,0.6000000000000001,-0.52,2.5,0.13894417138398352
0,0.6000000000000001,-0.5,2.5,0.15001291742926065
0,0.6000000000000001,-0.48,2.5,0.16112576005348767
0,0.6000000000000001,-0.45999999999999996,2.5,0.17219356753698478
0,0.6000000000000001,-0.43999999999999995,2.5,0.18312821545836655
0,0.6000000000000001,-0.42000000000000004,2.5,0.19384467376693482
0,0.6000000000000001,-0.4,2.5,0.20426296094149696
0,0.6000000000000001,-0.38,2.5,0.21430988792692324
0,0.6000000000000001,-0.36,2.5,0.22392052541923133
0,0.6000000000000001,-0.33999999999999997,2.5,0.23303934231391232
0,0.6000000000000001,-0.31999999999999995,2.5,0.24162097974492722
0,0.6000000000000001,-0.29999999999999993,2.5,0.249630643000945
0,0.6000000000000001,-0.28,2.5,0.2570441115570297
0,0.6000000000000001,-0.26,2.5,0.2638473844126602
0,0.6000000000000001,-0.24,2.5,0.27003599293556485
0,0.6000000000000001,-0.21999999999999997,2.5,0.27561402574270816
0,0.6000000000000001,-0.19999999999999996,2.5,0.2805929193276113
0,0.6000000000000001,-0.17999999999999994,2.5,0.2849900739618592
0,0.6000000000000001,-0.16000000000000003,2.5,0.2888273569159877
0,0.6000000000000001,-0.14,2.5,0.2921295545488915
0,0.6000000000000001,-0.12,2.5,0.29492283177222883
0,0.6000000000000001,-0.09999999999999998,2.5,0.29723325238889076
0,0.6000000000000001,-0.07999999999999996,2.5,0.299085407460712
0,0.6000000000000001,-0.05999999999999994,2.5,0.3005011917882487
0,0.6000000000000001,-0.040000000000000036,2.5,0.30149876131444053
0,0.6000000000000001,-0.020000000000000018,2.5,0.3020916972018339
0,0.6000000000000001,0.0,2.5,0.3022883957383826
0,0.6000000000000001,0.020000000000000018,2.5,0.3020916972018339
0,0.6000000000000001,0.040000000000000036,2.5,0.30149876131444053
0,0.6000000000000001,0.06000000000000005,2.5,0.3005011917882487
0,0.6000000000000001,0.08000000000000007,2.5,0.299085407460712
0,0.6000000000000001,0.10000000000000009,2.5,0.29723325238889076
0,0.6000000000000001,0.1200000000000001,2.5,0.29492283177222883
0,0.6000000000000001,0.14000000000000012,2.5,0.2921295545488915
0,0.6000000000000001,0.15999999999999992,2.5,0.2888273569159877
0,0.6000000000000001,0.17999999999999994,2.5,0.2849900739618592
0,0.6000000000000001,0.19999999999999996,2.5,0.2805929193276113
0,0.6000000000000001,0.21999999999999997,2.5,0.27561402574270816
0,0.6000000000000001,0.24,2.5,0.27003599293556485
0,0.6000000000000001,0.26,2.5,0.2638473844126602
0,0.6000000000000001,0.28,2.5,0.2570441115570297
0,0.6000000000000001,0.30000000000000004,2.5,0.249630643000945
0,0.6000000000000001,0.32000000000000006,2.5,0.24162097974492722
0,0.6000000000000001,0.3400000000000001,2.5,0.23303934231391232
0,0.6000000000000001,0.3600000000000001,2.5,0.22392052541923133
0,0.6000000000000001,0.3800000000000001,2.5,0.21430988792692324
0,0.6000000000000001,0.40000000000000013,2.5,0.20426296094149696
0,0.6000000000000001,0.41999999999999993,2.5,0.19384467376693482
0,0.6000000000000001,0.43999999999999995,2.5,0.18312821545836655
0,0.6000000000000001,0.45999999999999996,2.5,0.17219356753698478
0,0.6000000000000001,0.48,2.5,0.16112576005348767
0,0.6000000000000001,0.5,2.5,0.15001291742926065
0,0.6000000000000001,0.52,2.5,0.13894417138398352
0,0.6000000000000001,0.54,2.5,0.1280075249912706
0,0.6000000000000001,0.56,2.5,0.1172877539915807
0,0.6000000000000001,0.5800000000000001,2.5,0.1068644287641239
0,0.6000000000000001,0.6000000000000001,2.5,0.0968101329926189
0,0.6000000000000001,0.6200000000000001,2.5,0.0871889435610302
0,0.6000000000000001,0.6400000000000001,2.5,0.07805522138127723
0,0.6000000000000001,0.6600000000000001,2.5,0.06945274570341335
0,0.6000000000000001,0.6799999999999999,2.5,0.061414206144835434
0,0.6000000000000001,0.7,2.5,0.053961048396773896
0,0.6000000000000001,0.72,2.5,0.04710365247142419
0,0.6000000000000001,0.74,2.5,0.04084180745457712
0,0.6000000000000001,0.76,2.5,0.035165434836364806
0,0.6000000000000001,0.78,2.5,0.03005550416659633
0,0.6000000000000001,0.8,2.5,0.02548508030800779
0,0.6000000000000001,0.8200000000000001,2.5,0.021420440955512664
0,0.6000000000000001,0.8400000000000001,2.5,0.017822206117569385
0,0.6000000000000001,0.8600000000000001,2.5,0.014646427472271357
0,0.6000000000000001,0.8800000000000001,2.5,0.011845594311470576
0,0.6000000000000001,0.9000000000000001,2.5,0.009369523463482052
0,0.6000000000000001,0.9199999999999999,2.5,0.007166112382994052
0,0.6000000000000001,0.94,2.5,0.005181946762156229
0,0.6000000000000001,0.96,2.5,0.003362765839370479
0,0.6000000000000001,0.98,2.5,0.0016537994264689934
0,0.6000000000000001,1.0,2.5,0.0
0,0.6200000000000001,-1.0,2.5,0.0
0,0.6200000000000001,-0.98,2.5,0.0014894214229860415
0,0.6200000000000001,-0.96,2.5,0.0030285273777733595
0,0.6200000000000001,-0.94,2.5,0.004666894821538494
0,0.6200000000000001,-0.92,2.5,0.006453850968921186
0,0.6200000000000001,-0.9,2.5,0.008438264278889968
0,0.6200000000000001,-0.88,2.5,0.010668240931172138
0,0.6200000000000001,-0.86,2.5,0.01319070576581022
0,0.6200000000000001,-0.84,2.5,0.01605085505790154
0,0.6200000000000001,-0.8200000000000001,2.5,0.019291478266269427
0,0.6200000000000001,-0.8,2.5,0.02295215654270648
0,0.6200000000000001,-0.78,2.5,0.027068356745080832
0,0.6200000000000001,-0.76,2.5,0.031670450323494956
0,0.6200000000000001,-0.74,2.5,0.03678269606513398
0,0.6200000000000001,-0.72,2.5,0.042422233609827394
0,0.6200000000000001,-0.7,2.5,0.04859814024729426
0,0.6200000000000001,-0.6799999999999999,2.5,0.05531060623433254
0,0.6200000000000001,-0.6599999999999999,2.5,0.06255028332522256
0,0.6200000000000001,-0.64,2.5,0.07029785718000059
0,0.6200000000000001,-0.62,2.5,0.07852388681644953
0,0.6200000000000001,-0.6,2.5,0.0871889435610302
0,0.6200000000000001,-0.5800000000000001,2.5,0.09624406853575182
0,0.6200000000000001,-0.56,2.5,0.10563155232155631
0,0.6200000000000001,-0.54,2.5,0.1152860239765044
0,0.6200000000000001,-0.52,2.5,0.12513582009265103
0,0.6200000000000001,-0.5,2.5,0.13510458912803924
0,0.6200000000000001,-0.48,2.5,0.14511307288989772
0,0.6200000000000001,-0.45999999999999996,2.5,0.15508099668881
0,0.6200000000000001,-0.43999999999999995,2.5,0.16492899304866532
0,0.6200000000000001,-0.42000000000000004,2.5,0.17458048140066998
0,0.6200000000000001,-0.4,2.5,0.18396342806993657
0,0.6200000000000001,-0.38,2.5,0.19301191692717448
0,0.6200000000000001,-0.36,2.5,0.20166747087660752
0,0.6200000000000001,-0.33999999999999997,2.5,0.209880077180022
0,0.6200000000000001,-0.31999999999999995,2.5,0.21760888457905914
0,0.6200000000000001,-0.29999999999999993,2.5,0.2248225562626497
0,0.6200000000000001,-0.28,2.5,0.2314992788945413
0,0.6200000000000001,-0.26,2.5,0.23762644318418785
0,0.6200000000000001,-0.24,2.5,0.24320002500161092
0,0.6200000000000001,-0.21999999999999997,2.5,0.2482237071433659
0,0.6200000000000001,-0.19999999999999996,2.5,0.25270779012257016
0,0.6200000000000001,-0.17999999999999994,2.5,0.2566679455963456
0,0.6200000000000001,-0.16000000000000003,2.5,0.2601238683110689
0,0.6200000000000001,-0.14,2.5,0.2630978819988732
0,0.6200000000000001,-0.12,2.5,0.26561355191831737
0,0.6200000000000001,-0.09999999999999998,2.5,0.26769435222210636
0,0.6200000000000001,-0.07999999999999996,2.5,0.2693624306210512
0,0.6200000000000001,-0.05999999999999994,2.5,0.27063750644374385
0,0.6200000000000001,-0.040000000000000036,2.5,0.2715359316428288
0,0.6200000000000001,-0.020000000000000018,2.5,0.2720699379383462
0,0.6200000000000001,0.0,2.5,0.2722470873492962
0,0.6200000000000001,0.020000000000000018,2.5,0.2720699379383462
0,0.6200000000000001,0.040000000000000036,2.5,0.2715359316428288
0,0.6200000000000001,0.06000000000000005,2.5,0.27063750644374385
0,0.6200000000000001,0.08000000000000007,2.5,0.2693624306210512
0,0.6200000000000001,0.10000000000000009,2.5,0.26769435222210636
0,0.6200000000000001,0.1200000000000001,2.5,0.26561355191831737
0,0.6200000000000001,0.14000000000000012,2.5,0.2630978819988732
0,0.6200000000000001,0.15999999999999992,2.5,0.2601238683110689
0,0.6200000000000001,0.17999999999999994,2.5,0.25666794559634565
0,0.6200000000000001,0.19999999999999996,2.5,0.25270779012257016
0,0.6200000000000001,0.21999999999999997,2.5,0.2482237071433659
0,0.6200000000000001,0.24,2.5,0.24320002500161092
0,0.6200000000000001,0.26,2.5,0.23762644318418785
0,0.6200000000000001,0.28,2.5,0.2314992788945413
0,0.6200000000000001,0.30000000000000004,2.5,0.2248225562626497
0,0.6200000000000001,0.32000000000000006,2.5,0.21760888457905914
0,0.6200000000000001,0.3400000000000001,2.5,0.209880077180022
0,0.6200000000000001,0.3600000000000001,2.5,0.20166747087660752
0,0.6200000000000001,0.3800000000000001,2.5,0.19301191692717448
0,0.6200000000000001,0.40000000000000013,2.5,0.18396342806993657
0,0.6200000000000001,0.41999999999999993,2.5,0.17458048140066998
0,0.6200000000000001,0.43999999999999995,2.5,0.16492899304866532
0,0.6200000000000001,0.45999999999999996,2.5,0.15508099668881
0,0.6200000000000001,0.48,2.5,0.14511307288989772
0,0.6200000000000001,0.5,2.5,0.13510458912803924
0,0.6200000000000001,0.52,2.5,0.12513582009265103
0,0.6200000000000001,0.54,2.5,0.1152860239765044
0,0.6200000000000001,0.56,2.5,0.10563155232155631
0,0.6200000000000001,0.5800000000000001,2.5,0.09624406853575182
0,0.6200000000000001,0.6000000000000001,2.5,0.0871889435610302
0,0.6200000000000001,0.6200000000000001,2.5,0.07852388681644953
0,0.6200000000000001,0.6400000000000001,2.5,0.07029785718000059
0,0.6200000000000001,0.6600000000000001,2.5,0.06255028332522257
0,0.6200000000000001,0.6799999999999999,2.5,0.055310606234332545
0,0.6200000000000001,0.7,2.5,0.048598140247294266
0,0.6200000000000001,0.72,2.5,0.0424222336098274
0,0.6200000000000001,0.74,2.5,0.036782696065133985
0,0.6200000000000001,0.76,2.5,0.031670450323494956
0,0.6200000000000001,0.78,2.5,0.027068356745080836
0,0.6200000000000001,0.8,2.5,0.02295215654270648
0,0.6200000000000001,0.8200000000000001,2.5,0.019291478266269427
0,0.6200000000000001,0.8400000000000001,2.5,0.01605085505790154
0,0.6200000000000001,0.8600000000000001,2.5,0.013190705765810221
0,0.6200000000000001,0.8800000000000001,2.5,0.01066824093117214
0,0.6200000000000001,0.9000000000000001,2.5,0.008438264278889968
0,0.6200000000000001,0.9199999999999999,2.5,0.006453850968921187
0,0.6200000000000001,0.94,2.5,0.004666894821538495
0,0.6200000000000001,0.96,2.5,0.0030285273777733595
0,0.6200000000000001,0.98,2.5,0.0014894214229860417
0,0.6200000000000001,1.0,2.5,0.0
0,0.6400000000000001,-1.0,2.5,0.0
0,0.6400000000000001,-0.98,2.5,0.0013333734061373706
0,0.6400000000000001,-0.96,2.5,0.0027112266511847153
0,0.6400000000000001,-0.94,2.5,0.004177943284171854
0,0.6400000000000001,-0.92,2.5,0.005777683303866265
0,0.6400000000000001,-0.9,2.5,0.007554196053512491
0,0.6400000000000001,-0.88,2.5,0.009550548502640518
0,0.6400000000000001,-0.86,2.5,0.011808750091348323
0,0.6400000000000001,-0.84,2.5,0.014369262831345065
0,0.6400000000000001,-0.8200000000000001,2.5,0.017270394101836513
0,0.6400000000000001,-0.8,2.5,0.020547579111057698
0,0.6400000000000001,-0.78,2.5,0.024232569803425495
0,0.6400000000000001,-0.76,2.5,0.028352556505366305
0,0.6400000000000001,-0.74,2.5,0.032929257212250984
0,0.6400000000000001,-0.72,2.5,0.037978016515210745
0,0.6400000000000001,-0.7,2.5,0.04350696117927817
0,0.6400000000000001,-0.6799999999999999,2.5,0.04951626182607108
0,0.6400000000000001,-0.6599999999999999,2.5,0.05599754968643166
0,0.6400000000000001,-0.64,2.5,0.0629335337818354
0,0.6400000000000001,-0.62,2.5,0.07029785718000059
0,0.6400000000000001,-0.6,2.5,0.07805522138127723
0,0.6400000000000001,-0.5800000000000001,2.5,0.0861617958794751
0,0.6400000000000001,-0.56,2.5,0.09456591615681795
0,0.6400000000000001,-0.54,2.5,0.10320905863447406
0,0.6400000000000001,-0.52,2.5,0.1120270663331088
0,0.6400000000000001,-0.5,2.5,0.1209515851681849
0,0.6400000000000001,-0.48,2.5,0.12991165884354833
0,0.6400000000000001,-0.45999999999999996,2.5,0.13883542103508323
0,0.6400000000000001,-0.43999999999999995,2.5,0.14765181761609827
0,0.6400000000000001,-0.42000000000000004,2.5,0.15629228947684692
0,0.6400000000000001,-0.4,2.5,0.16469234817391884
0,0.6400000000000001,-0.38,2.5,0.172792982074216
0,0.6400000000000001,-0.36,2.5,0.1805418394306841
0,0.6400000000000001,-0.33999999999999997,2.5,0.18789414631226786
0,0.6400000000000001,-0.31999999999999995,2.5,0.19481333070584905
0,0.6400000000000001,-0.29999999999999993,2.5,0.2012713385082051
0,0.6400000000000001,-0.28,2.5,0.20724864160083337
0,0.6400000000000001,-0.26,2.5,0.21273395186973704
0,0.6400000000000001,-0.24,2.5,0.2177236671338985
0,0.6400000000000001,-0.21999999999999997,2.5,0.22222108488940492
0,0.6400000000000001,-0.19999999999999996,2.5,0.22623542717620762
0,0.6400000000000001,-0.17999999999999994,2.5,0.22978072456590956
0,0.6400000000000001,-0.16000000000000003,2.5,0.2328746092984066
0,0.6400000000000001,-0.14,2.5,0.2355370671948974
0,0.6400000000000001,-0.12,2.5,0.2377891955210894
0,0.6400000000000001,-0.09999999999999998,2.5,0.2396520099365949
0,0.6400000000000001,-0.07999999999999996,2.5,0.24114533855111306
0,0.6400000000000001,-0.05999999999999994,2.5,0.24228683540532212
0,0.6400000000000001,-0.040000000000000036,2.5,0.2430911398316558
0,0.6400000000000001,-0.020000000000000018,2.5,0.2435692024559094
0,0.6400000000000001,0.0,2.5,0.24372779328343555
0,0.6400000000000001,0.020000000000000018,2.5,0.2435692024559094
0,0.6400000000000001,0.040000000000000036,2.5,0.2430911398316558
0,0.6400000000000001,0.06000000000000005,2.5,0.24228683540532212
0,0.6400000000000001,0.08000000000000007,2.5,0.24114533855111306
0,0.6400000000000001,0.10000000000000009,2.5,0.2396520099365949
0,0.6400000000000001,0.1200000000000001,2.5,0.2377891955210894
0,0.6400000000000001,0.14000000000000012,2.5,0.2355370671948974
0,0.6400000000000001,0.15999999999999992,2.5,0.23287460929840662
0,0.6400000000000001,0.17999999999999994,2.5,0.2297807245659096
0,0.6400000000000001,0.19999999999999996,2.5,0.22623542717620765
0,0.6400000000000001,0.21999999999999997,2.5,0.22222108488940492
0,0.6400000000000001,0.24,2.5,0.2177236671338985
0,0.6400000000000001,0.26,2.5,0.21273395186973704
0,0.6400000000000001,0.28,2.5,0.20724864160083337
0,0.6400000000000001,0.30000000000000004,2.5,0.2012713385082051
0,0.6400000000000001,0.32000000000000006,2.5,0.19481333070584905
0,0.6400000000000001,0.3400000000000001,2.5,0.18789414631226786
0,0.6400000000000001,0.3600000000000001,2.5,0.1805418394306841
0,0.6400000000000001,0.3800000000000001,2.5,0.172792982074216
0,0.6400000000000001,0.40000000000000013,2.5,0.16469234817391884
0,0.6400000000000001,0.41999999999999993,2.5,0.15629228947684692
0,0.6400000000000001,0.43999999999999995,2.5,0.14765181761609827
0,0.6400000000000001,0.45999999999999996,2.5,0.1388354210350832
0,0.6400000000000001,0.48,2.5,0.1299116588435483
0,0.6400000000000001,0.5,2.5,0.12095158516818488
0,0.6400000000000001,0.52,2.5,0.1120270663331088
0,0.6400000000000001,0.54,2.5,0.10320905863447406
0,0.6400000000000001,0.56,2.5,0.09456591615681795
0,0.6400000000000001,0.5800000000000001,2.5,0.0861617958794751
0,0.6400000000000001,0.6000000000000001,2.5,0.07805522138127723
0,0.6400000000000001,0.6200000000000001,2.5,0.07029785718000059
0,0.6400000000000001,0.6400000000000001,2.5,0.06293353378183542
0,0.6400000000000001,0.6600000000000001,2.5,0.05599754968643167
0,0.6400000000000001,0.6799999999999999,2.5,0.049516261826071085
0,0.6400000000000001,0.7,2.5,0.04350696117927818
0,0.6400000000000001,0.72,2.5,0.037978016515210745
0,0.6400000000000001,0.74,2.5,0.03292925721225099
0,0.6400000000000001,0.76,2.5,0.02835255650536631
0,0.6400000000000001,0.78,2.5,0.0242325698034255
0,0.6400000000000001,0.8,2.5,0.020547579111057698
0,0.6400000000000001,0.8200000000000001,2.5,0.017270394101836513
0,0.6400000000000001,0.8400000000000001,2.5,0.014369262831345066
0,0.6400000000000001,0.8600000000000001,2.5,0.011808750091348325
0,0.6400000000000001,0.8800000000000001,2.5,0.00955054850264052
0,0.6400000000000001,0.9000000000000001,2.5,0.007554196053512492
0,0.6400000000000001,0.9199999999999999,2.5,0.005777683303866266
0,0.6400000000000001,0.94,2.5,0.004177943284171854
0,0.6400000000000001,0.96,2.5,0.0027112266511847157
0,0.6400000000000001,0.98,2.5,0.001333373406137371
0,0.6400000000000001,1.0,2.5,0.0
0,0.6600000000000001,-1.0,2.5,0.0
0,0.6600000000000001,-0.98,2.5,0.0011864033978990934
0,0.6600000000000001,-0.96,2.5,0.0024123846499322543
0,0.6600000000000001,-0.94,2.5,0.003717435947348542
0,0.6600000000000001,-0.92,2.5,0.005140850597299382
0,0.6600000000000001,-0.9,2.5,0.006721556550128561
0,0.6600000000000001,-0.88,2.5,0.008497874635853544
0,0.6600000000000001,-0.86,2.5,0.010507184759095907
0,0.6600000000000001,-0.84,2.5,0.012785489992130182
0,0.6600000000000001,-0.8200000000000001,2.5,0.015366876286092119
0,0.6600000000000001,-0.8,2.5,0.018282874002778723
0,0.6600000000000001,-0.78,2.5,0.02156173619787052
0,0.6600000000000001,-0.76,2.5,0.02522765705136785
0,0.6600000000000001,-0.74,2.5,0.02929996150188499
0,0.6600000000000001,-0.72,2.5,0.03379230345599204
0,0.6600000000000001,-0.7,2.5,0.0387119144042665
0,0.6600000000000001,-0.6799999999999999,2.5,0.04405894644856128
0,0.6600000000000001,-0.6599999999999999,2.5,0.04982595331104382
0,0.6600000000000001,-0.64,2.5,0.05599754968643166
0,0.6600000000000001,-0.62,2.5,0.06255028332522256
0,0.6600000000000001,-0.6,2.5,0.06945274570341335
0,0.6600000000000001,-0.5800000000000001,2.5,0.07666593644488257
0,0.6600000000000001,-0.56,2.5,0.08414388439734528
0,0.6600000000000001,-0.54,2.5,0.0918345151483724
0,0.6600000000000001,-0.52,2.5,0.09968074162793152
0,0.6600000000000001,-0.5,2.5,0.10762174213787874
0,0.6600000000000001,-0.48,2.5,0.1155943795054614
0,0.6600000000000001,-0.45999999999999996,2.5,0.12353470680764411
0,0.6600000000000001,-0.43999999999999995,2.5,0.13137949982740008
0,0.6600000000000001,-0.42000000000000004,2.5,0.13906775444615602
0,0.6600000000000001,-0.4,2.5,0.14654208867446386
0,0.6600000000000001,-0.38,2.5,0.15374999385382676
0,0.6600000000000001,-0.36,2.5,0.16064488736858076
0,0.6600000000000001,-0.33999999999999997,2.5,0.1671869294266447
0,0.6600000000000001,-0.31999999999999995,2.5,0.17334357838742306
0,0.6600000000000001,-0.29999999999999993,2.5,0.17908987192884557
0,0.6600000000000001,-0.28,2.5,0.18440843422552902
0,0.6600000000000001,-0.26,2.5,0.1892892214732089
0,0.6600000000000001,-0.24,2.5,0.19372902886280732
0,0.6600000000000001,-0.21999999999999997,2.5,0.19773079095510904
0,0.6600000000000001,-0.19999999999999996,2.5,0.20130271399157335
0,0.6600000000000001,-0.17999999999999994,2.5,0.20445728285116618
0,0.6600000000000001,-0.16000000000000003,2.5,0.20721018716876127
0,0.6600000000000001,-0.14,2.5,0.20957921077427558
0,0.6600000000000001,-0.12,2.5,0.2115831264282092
0,0.6600000000000001,-0.09999999999999998,2.5,0.21324063423617862
0,0.6600000000000001,-0.07999999999999996,2.5,0.2145693775731544
0,0.6600000000000001,-0.05999999999999994,2.5,0.2155850652737118
0,0.6600000000000001,-0.040000000000000036,2.5,0.21630072362781705
0,0.6600000000000001,-0.020000000000000018,2.5,0.2167260966548906
0,0.6600000000000001,0.0,2.5,0.21686720839765602
0,0.6600000000000001,0.020000000000000018,2.5,0.2167260966548906
0,0.6600000000000001,0.040000000000000036,2.5,0.21630072362781705
0,0.6600000000000001,0.06000000000000005,2.5,0.2155850652737118
0,0.6600000000000001,0.08000000000000007,2.5,0.2145693775731544
0,0.6600000000000001,0.10000000000000009,2.5,0.21324063423617862
0,0.6600000000000001,0.1200000000000001,2.5,0.2115831264282092
0,0.6600000000000001,0.14000000000000012,2.5,0.20957921077427558
0,0.6600000000000001,0.15999999999999992,2.5,0.20721018716876127
0,0.6600000000000001,0.17999999999999994,2.5,0.20445728285116618
0,0.6600000000000001,0.19999999999999996,2.5,0.20130271399157335
0,0.6600000000000001,0.21999999999999997,2.5,0.19773079095510904
0,0.6600000000000001,0.24,2.5,0.19372902886280732
0,0.6600000000000001,0.26,2.5,0.1892892214732089
0,0.6600000000000001,0.28,2.5,0.18440843422552902
0,0.6600000000000001,0.30000000000000004,2.5,0.17908987192884557
0,0.6600000000000001,0.32000000000000006,2.5,0.17334357838742306
0,0.6600000000000001,0.3400000000000001,2.5,0.1671869294266447
0,0.6600000000000001,0.3600000000000001,2.5,0.16064488736858076
0,0.6600000000000001,0.3800000000000001,2.5,0.15374999385382676
0,0.6600000000000001,0.40000000000000013,2.5,0.14654208867446386
0,0.6600000000000001,0.41999999999999993,2.5,0.13906775444615602
0,0.6600000000000001,0.43999999999999995,2.5,0.13137949982740005
0,0.6600000000000001,0.45999999999999996,2.5,0.1235347068076441
0,0.6600000000000001,0.48,2.5,0.11559437950546139
0,0.6600000000000001,0.5,2.5,0.10762174213787873
0,0.6600000000000001,0.52,2.5,0.09968074162793152
0,0.6600000000000001,0.54,2.5,0.0918345151483724
0,0.6600000000000001,0.56,2.5,0.08414388439734528
0,0.6600000000000001,0.5800000000000001,2.5,0.07666593644488257
0,0.6600000000000001,0.6000000000000001,2.5,0.06945274570341335
0,0.6600000000000001,0.6200000000000001,2.5,0.06255028332522257
0,0.6600000000000001,0.6400000000000001,2.5,0.05599754968643167
0,0.6600000000000001,0.6600000000000001,2.5,0.04982595331104383
0,0.6600000000000001,0.6799999999999999,2.5,0.04405894644856128
0,0.6600000000000001,0.7,2.5,0.0387119144042665
0,0.6600000000000001,0.72,2.5,0.03379230345599204
0,0.6600000000000001,0.74,2.5,0.029299961501884995
0,0.6600000000000001,0.76,2.5,0.025227657051367855
0,0.6600000000000001,0.78,2.5,0.021561736197870524
0,0.6600000000000001,0.8,2.5,0.018282874002778723
0,0.6600000000000001,0.8200000000000001,2.5,0.01536687628609212
0,0.6600000000000001,0.8400000000000001,2.5,0.012785489992130184
0,0.6600000000000001,0.8600000000000001,2.5,0.01050718475909591
0,0.6600000000000001,0.8800000000000001,2.5,0.008497874635853546
0,0.6600000000000001,0.9000000000000001,2.5,0.0067215565501285626
0,0.6600000000000001,0.9199999999999999,2.5,0.0051408505972993825
0,0.6600000000000001,0.94,2.5,0.0037174359473485423
0,0.6600000000000001,0.96,2.5,0.0024123846499322548
0,0.6600000000000001,0.98,2.5,0.0011864033978990936
0,0.6600000000000001,1.0,2.5,0.0
0,0.6799999999999999,-1.0,2.5,0.0
0,0.6799999999999999,-0.98,2.5,0.0010490698940473372
0,0.6799999999999999,-0.96,2.5,0.002133136993183368
0,0.6799999999999999,-0.94,2.5,0.0032871227684696976
0,0.6799999999999999,-0.92,2.5,0.004545772853183727
0,0.6799999999999999,-0.9,2.5,0.005943509848927912
0,0.6799999999999999,-0.88,2.5,0.007514219552247248
0,0.6799999999999999,-0.86,2.5,0.00929095578899432
0,0.6799999999999999,-0.84,2.5,0.011305554959914782
0,0.6799999999999999,-0.8200000000000001,2.5,0.01358815828100885
0,0.6799999999999999,-0.8,2.5,0.016166647203110923
0,0.6799999999999999,-0.78,2.5,0.019066005213578402
0,0.6799999999999999,-0.76,2.5,0.022307626708498847
0,0.6799999999999999,-0.74,2.5,0.02590860039830077
0,0.6799999999999999,-0.72,2.5,0.029881000293625663
0,0.6799999999999999,-0.7,2.5,0.03423122126276678
0,0.6799999999999999,-0.6799999999999999,2.5,0.03895939807350856
0,0.6799999999999999,-0.6599999999999999,2.5,0.04405894644856128
0,0.6799999999999999,-0.64,2.5,0.04951626182607108
0,0.6799999999999999,-0.62,2.5,0.05531060623433254
0,0.6799999999999999,-0.6,2.5,0.061414206144835434
0,0.6799999999999999,-0.5800000000000001,2.5,0.0677925747153263
0,0.6799999999999999,-0.56,2.5,0.07440506098848726
0,0.6799999999999999,-0.54,2.5,0.08120561701483625
0,0.6799999999999999,-0.52,2.5,0.08814376224878409
0,0.6799999999999999,-0.5,2.5,0.09516571368460815
0,0.6799999999999999,-0.48,2.5,0.1022156407872044
0,0.6799999999999999,-0.45999999999999996,2.5,0.10923699697680957
0,0.6799999999999999,-0.43999999999999995,2.5,0.11617387475278058
0,0.6799999999999999,-0.42000000000000004,2.5,0.12297232981099601
0,0.6799999999999999,-0.4,2.5,0.12958162083402883
0,0.6799999999999999,-0.38,2.5,0.13595531590516327
0,0.6799999999999999,-0.36,2.5,0.1420522234001384
0,0.6799999999999999,-0.33999999999999997,2.5,0.1478371142479475
0,0.6799999999999999,-0.31999999999999995,2.5,0.15328121299236278
0,0.6799999999999999,-0.29999999999999993,2.5,0.15836244641694858
0,0.6799999999999999,-0.28,2.5,0.1630654498860128
0,0.6799999999999999,-0.26,2.5,0.1673813423097173
0,0.6799999999999999,-0.24,2.5,0.17130729016375543
0,0.6799999999999999,-0.21999999999999997,2.5,0.1748458888177793
0,0.6799999999999999,-0.19999999999999996,2.5,0.1780043952493017
0,0.6799999999999999,-0.17999999999999994,2.5,0.18079384991099992
0,0.6799999999999999,-0.16000000000000003,2.5,0.1832281271159168
0,0.6799999999999999,-0.14,2.5,0.18532295298974658
0,0.6799999999999999,-0.12,2.5,0.1870949281083961
0,0.6799999999999999,-0.09999999999999998,2.5,0.18856058876155163
0,0.6799999999999999,-0.07999999999999996,2.5,0.18973553675771093
0,0.6799999999999999,-0.05999999999999994,2.5,0.19063366319883954
0,0.6799999999999999,-0.040000000000000036,2.5,0.19126648703966218
0,0.6799999999999999,-0.020000000000000018,2.5,0.19164262476614105
0,0.6799999999999999,0.0,2.5,0.19176740334401216
0,0.6799999999999999,0.020000000000000018,2.5,0.19164262476614105
0,0.6799999999999999,0.040000000000000036,2.5,0.19126648703966218
0,0.6799999999999999,0.06000000000000005,2.5,0.19063366319883954
0,0.6799999999999999,0.08000000000000007,2.5,0.18973553675771093
0,0.6799999999999999,0.10000000000000009,2.5,0.18856058876155163
0,0.6799999999999999,0.1200000000000001,2.5,0.1870949281083961
0,0.6799999999999999,0.14000000000000012,2.5,0.18532295298974658
0,0.6799999999999999,0.15999999999999992,2.5,0.1832281271159168
0,0.6799999999999999,0.17999999999999994,2.5,0.18079384991099992
0,0.6799999999999999,0.19999999999999996,2.5,0.1780043952493017
0,0.6799999999999999,0.21999999999999997,2.5,0.1748458888177793
0,0.6799999999999999,0.24,2.5,0.17130729016375543
0,0.6799999999999999,0.26,2.5,0.1673813423097173
0,0.6799999999999999,0.28,2.5,0.1630654498860128
0,0.6799999999999999,0.30000000000000004,2.5,0.15836244641694858
0,0.6799999999999999,0.32000000000000006,2.5,0.15328121299236278
0,0.6799999999999999,0.3400000000000001,2.5,0.1478371142479475
0,0.6799999999999999,0.3600000000000001,2.5,0.1420522234001384
0,0.6799999999999999,0.3800000000000001,2.5,0.13595531590516327
0,0.6799999999999999,0.40000000000000013,2.5,0.12958162083402883
0,0.6799999999999999,0.41999999999999993,2.5,0.122972329810996
0,0.6799999999999999,0.43999999999999995,2.5,0.11617387475278058
0,0.6799999999999999,0.45999999999999996,2.5,0.10923699697680957
0,0.6799999999999999,0.48,2.5,0.1022156407872044
0,0.6799999999999999,0.5,2.5,0.09516571368460815
0,0.6799999999999999,0.52,2.5,0.08814376224878409
0,0.6799999999999999,0.54,2.5,0.08120561701483625
0,0.6799999999999999,0.56,2.5,0.07440506098848726
0,0.6799999999999999,0.5800000000000001,2.5,0.0677925747153263
0,0.6799999999999999,0.6000000000000001,2.5,0.061414206144835434
0,0.6799999999999999,0.6200000000000001,2.5,0.055310606234332545
0,0.6799999999999999,0.6400000000000001,2.5,0.049516261826071085
0,0.6799999999999999,0.6600000000000001,2.5,0.04405894644856128
0,0.6799999999999999,0.6799999999999999,2.5,0.03895939807350856
0,0.6799999999999999,0.7,2.5,0.03423122126276678
0,0.6799999999999999,0.72,2.5,0.029881000293625667
0,0.6799999999999999,0.74,2.5,0.025908600398300775
0,0.6799999999999999,0.76,2.5,0.02230762670849885
0,0.6799999999999999,0.78,2.5,0.019066005213578405
0,0.6799999999999999,0.8,2.5,0.016166647203110927
0,0.6799999999999999,0.8200000000000001,2.5,0.013588158281008851
0,0.6799999999999999,0.8400000000000001,2.5,0.011305554959914784
0,0.6799999999999999,0.8600000000000001,2.5,0.009290955788994321
0,0.6799999999999999,0.8800000000000001,2.5,0.00751421955224725
0,0.6799999999999999,0.9000000000000001,2.5,0.005943509848927914
0,0.6799999999999999,0.9199999999999999,2.5,0.004545772853183727
0,0.6799999999999999,0.94,2.5,0.0032871227684696976
0,0.6799999999999999,0.96,2.5,0.0021331369931833683
0,0.6799999999999999,0.98,2.5,0.0010490698940473374
0,0.6799999999999999,1.0,2.5,0.0
0,0.7,-1.0,2.5,0.0
0,0.7,-0.98,2.5,0.0009217392325808766
0,0.7,-0.96,2.5,0.0018742285778343536
0,0.7,-0.94,2.5,0.002888151618676198
0,0.7,-0.92,2.5,0.003994037465289661
0,0.7,-0.9,2.5,0.005222131434919576
0,0.7,-0.88,2.5,0.006602207229437566
0,0.7,-0.86,2.5,0.008163307594855927
0,0.7,-0.84,2.5,0.00993340564538097
0,0.7,-0.8200000000000001,2.5,0.011938985079926903
0,0.7,-0.8,2.5,0.014204544109839935
0,0.7,-0.78,2.5,0.01675203469859749
0,0.7,-0.76,2.5,0.019600255291613654
0,0.7,-0.74,2.5,0.022764221166897653
0,0.7,-0.72,2.5,0.026254541443881337
0,0.7,-0.7,2.5,0.03007683525370764
0,0.7,-0.6799999999999999,2.5,0.03423122126276678
0,0.7,-0.6599999999999999,2.5,0.0387119144042665
0,0.7,-0.64,2.5,0.04350696117927817
0,0.7,-0.62,2.5,0.04859814024729426
0,0.7,-0.6,2.5,0.053961048396773896
0,0.7,-0.5800000000000001,2.5,0.05956538368053443
0,0.7,-0.56,2.5,0.06537542797065381
0,0.7,-0.54,2.5,0.07135072099751805
0,0.7,-0.52,2.5,0.07744690772768005
0,0.7,-0.5,2.5,0.08361673137323779
0,0.7,-0.48,2.5,0.08981113605537822
0,0.7,-0.45999999999999996,2.5,0.0959804367341604
0,0.7,-0.43999999999999995,2.5,0.10207550990956152
0,0.7,-0.42000000000000004,2.5,0.10804895707823478
0,0.7,-0.4,2.5,0.11385619409432646
0,0.7,-0.38,2.5,0.11945642333637149
0,0.7,-0.36,2.5,0.12481345164767171
0,0.7,-0.33999999999999997,2.5,0.12989632495860376
0,0.7,-0.31999999999999995,2.5,0.13467975976090077
0,0.7,-0.29999999999999993,2.5,0.13914436156034837
0,0.7,-0.28,2.5,0.1432766304421954
0,0.7,-0.26,2.5,0.14706876333439822
0,0.7,-0.24,2.5,0.15051827092068454
0,0.7,-0.21999999999999997,2.5,0.15362743402990078
0,0.7,-0.19999999999999996,2.5,0.1564026294441158
0,0.7,-0.17999999999999994,2.5,0.15885355831118728
0,0.7,-0.16000000000000003,2.5,0.1609924117502085
0,0.7,-0.14,2.5,0.16283300796104885
0,0.7,-0.12,2.5,0.16438993345233596
0,0.7,-0.09999999999999998,2.5,0.16567771821015587
0,0.7,-0.07999999999999996,2.5,0.16671007109275218
0,0.7,-0.05999999999999994,2.5,0.16749919779358508
0,0.7,-0.040000000000000036,2.5,0.16805521966165085
0,0.7,-0.020000000000000018,2.5,0.16838570773115066
0,0.7,0.0,2.5,0.16849534263659183
0,0.7,0.020000000000000018,2.5,0.16838570773115066
0,0.7,0.040000000000000036,2.5,0.16805521966165085
0,0.7,0.06000000000000005,2.5,0.16749919779358508
0,0.7,0.08000000000000007,2.5,0.16671007109275218
0,0.7,0.10000000000000009,2.5,0.16567771821015587
0,0.7,0.1200000000000001,2.5,0.16438993345233596
0,0.7,0.14000000000000012,2.5,0.16283300796104885
0,0.7,0.15999999999999992,2.5,0.16099241175020854
0,0.7,0.17999999999999994,2.5,0.1588535583111873
0,0.7,0.19999999999999996,2.5,0.1564026294441158
0,0.7,0.21999999999999997,2.5,0.15362743402990078
0,0.7,0.24,2.5,0.15051827092068454
0,0.7,0.26,2.5,0.14706876333439822
0,0.7,0.28,2.5,0.1432766304421954
0,0.7,0.30000000000000004,2.5,0.13914436156034837
0,0.7,0.32000000000000006,2.5,0.13467975976090077
0,0.7,0.3400000000000001,2.5,0.12989632495860376
0,0.7,0.3600000000000001,2.5,0.12481345164767171
0,0.7,0.3800000000000001,2.5,0.11945642333637149
0,0.7,0.40000000000000013,2.5,0.11385619409432646
0,0.7,0.41999999999999993,2.5,0.10804895707823478
0,0.7,0.43999999999999995,2.5,0.10207550990956152
0,0.7,0.45999999999999996,2.5,0.0959804367341604
0,0.7,0.48,2.5,0.08981113605537822
0,0.7,0.5,2.5,0.08361673137323779
0,0.7,0.52,2.5,0.07744690772768005
0,0.7,0.54,2.5,0.07135072099751805
0,0.7,0.56,2.5,0.06537542797065381
0,0.7,0.5800000000000001,2.5,0.05956538368053443
0,0.7,0.6000000000000001,2.5,0.053961048396773896
0,0.7,0.6200000000000001,2.5,0.048598140247294266
0,0.7,0.6400000000000001,2.5,0.04350696117927818
0,0.7,0.6600000000000001,2.5,0.0387119144042665
0,0.7,0.6799999999999999,2.5,0.03423122126276678
0,0.7,0.7,2.5,0.03007683525370764
0,0.7,0.72,2.5,0.02625454144388134
0,0.7,0.74,2.5,0.022764221166897657
0,0.7,0.76,2.5,0.019600255291613657
0,0.7,0.78,2.5,0.016752034698597495
0,0.7,0.8,2.5,0.014204544109839937
0,0.7,0.8200000000000001,2.5,0.011938985079926905
0,0.7,0.8400000000000001,2.5,0.009933405645380972
0,0.7,0.8600000000000001,2.5,0.008163307594855928
0,0.7,0.8800000000000001,2.5,0.006602207229437568
0,0.7,0.9000000000000001,2.5,0.0052221314349195766
0,0.7,0.9199999999999999,2.5,0.003994037465289662
0,0.7,0.94,2.5,0.0028881516186761986
0,0.7,0.96,2.5,0.001874228577834354
0,0.7,0.98,2.5,0.0009217392325808768
0,0.7,1.0,2.5,0.0
0,0.72,-1.0,2.5,0.0
0,0.72,-0.98,2.5,0.0008045886462774535
0,0.72,-0.96,2.5,0.0016360197851385588
0,0.72,-0.94,2.5,0.002521077846353631
0,0.72,-0.92,2.5,0.003486412441148878
0,0.72,-0.9,2.5,0.004558425485720674
0,0.72,-0.88,2.5,0.005763107254464085
0,0.72,-0.86,2.5,0.007125810000481268
0,0.72,-0.84,2.5,0.008670952318886446
0,0.72,-0.8200000000000001,2.5,0.010421652705702554
0,0.72,-0.8,2.5,0.01239929651863141
0,0.72,-0.78,2.5,0.0146230464663809
0,0.72,-0.76,2.5,0.01710931249500652
0,0.72,-0.74,2.5,0.019871202136139743
0,0.72,-0.72,2.5,0.02291797666525885
0,0.72,-0.7,2.5,0.02625454144388134
0,0.72,-0.6799999999999999,2.5,0.029881000293625667
0,0.72,-0.6599999999999999,2.5,0.03379230345599204
0,0.72,-0.64,2.5,0.037978016515210745
0,0.72,-0.62,2.5,0.042422233609827394
0,0.72,-0.6,2.5,0.04710365247142419
0,0.72,-0.5800000000000001,2.5,0.05199582157845385
0,0.72,-0.56,2.5,0.05706756139371834
0,0.72,-0.54,2.5,0.062283552758546946
0,0.72,-0.52,2.5,0.0676050766038334
0,0.72,-0.5,2.5,0.0729908807908699
0,0.72,-0.48,2.5,0.07839814267546616
0,0.72,-0.45999999999999996,2.5,0.08378349039265184
0,0.72,-0.43999999999999995,2.5,0.08910404227395971
0,0.72,-0.42000000000000004,2.5,0.09431842248188936
0,0.72,-0.4,2.5,0.09938771196219523
0,0.72,-0.38,2.5,0.1042762970914717
0,0.72,-0.36,2.5,0.10895258369236892
0,0.72,-0.33999999999999997,2.5,0.11338955102100882
0,0.72,-0.31999999999999995,2.5,0.11756512841618966
0,0.72,-0.29999999999999993,2.5,0.12146238599149993
0,0.72,-0.28,2.5,0.12506953948790028
0,0.72,-0.26,2.5,0.12837977765446823
0,0.72,-0.24,2.5,0.1313909278288609
0,0.72,-0.21999999999999997,2.5,0.13410498139009114
0,0.72,-0.19999999999999996,2.5,0.13652750522215587
0,0.72,-0.17999999999999994,2.5,0.1386669681581265
0,0.72,-0.16000000000000003,2.5,0.14053401259867734
0,0.72,-0.14,2.5,0.14214070125689524
0,0.72,-0.12,2.5,0.14349976749979618
0,0.72,-0.09999999999999998,2.5,0.14462389531950828
0,0.72,-0.07999999999999996,2.5,0.14552505187935993
0,0.72,-0.05999999999999994,2.5,0.14621389213807912
0,0.72,-0.040000000000000036,2.5,0.14669925151682411
0,0.72,-0.020000000000000018,2.5,0.14698773913714552
0,0.72,0.0,2.5,0.14708344094908668
0,0.72,0.020000000000000018,2.5,0.14698773913714552
0,0.72,0.040000000000000036,2.5,0.14669925151682411
0,0.72,0.06000000000000005,2.5,0.14621389213807912
0,0.72,0.08000000000000007,2.5,0.14552505187935993
0,0.72,0.10000000000000009,2.5,0.14462389531950828
0,0.72,0.1200000000000001,2.5,0.14349976749979618
0,0.72,0.14000000000000012,2.5,0.14214070125689524
0,0.72,0.15999999999999992,2.5,0.14053401259867737
0,0.72,0.17999999999999994,2.5,0.1386669681581265
0,0.72,0.19999999999999996,2.5,0.13652750522215587
0,0.72,0.21999999999999997,2.5,0.13410498139009114
0,0.72,0.24,2.5,0.1313909278288609
0,0.72,0.26,2.5,0.12837977765446823
0,0.72,0.28,2.5,0.12506953948790028
0,0.72,0.30000000000000004,2.5,0.12146238599149993
0,0.72,0.32000000000000006,2.5,0.11756512841618966
0,0.72,0.3400000000000001,2.5,0.11338955102100882
0,0.72,0.3600000000000001,2.5,0.10895258369236892
0,0.72,0.3800000000000001,2.5,0.1042762970914717
0,0.72,0.40000000000000013,2.5,0.09938771196219523
0,0.72,0.41999999999999993,2.5,0.09431842248188936
0,0.72,0.43999999999999995,2.5,0.08910404227395971
0,0.72,0.45999999999999996,2.5,0.08378349039265184
0,0.72,0.48,2.5,0.07839814267546616
0,0.72,0.5,2.5,0.0729908807908699
0,0.72,0.52,2.5,0.0676050766038334
0,0.72,0.54,2.5,0.062283552758546946
0,0.72,0.56,2.5,0.05706756139371834
0,0.72,0.5800000000000001,2.5,0.05199582157845385
0,0.72,0.6000000000000001,2.5,0.04710365247142419
0,0.72,0.6200000000000001,2.5,0.0424222336098274
0,0.72,0.6400000000000001,2.5,0.037978016515210745
0,0.72,0.6600000000000001,2.5,0.03379230345599204
0,0.72,0.6799999999999999,2.5,0.029881000293625667
0,0.72,0.7,2.5,0.02625454144388134
0,0.72,0.72,2.5,0.02291797666525885
0,0.72,0.74,2.5,0.019871202136139746
0,0.72,0.76,2.5,0.017109312495006527
0,0.72,0.78,2.5,0.014623046466380902
0,0.72,0.8,2.5,0.012399296518631411
0,0.72,0.8200000000000001,2.5,0.010421652705702555
0,0.72,0.8400000000000001,2.5,0.008670952318886446
0,0.72,0.8600000000000001,2.5,0.007125810000481268
0,0.72,0.8800000000000001,2.5,0.005763107254464086
0,0.72,0.9000000000000001,2.5,0.004558425485720674
0,0.72,0.9199999999999999,2.5,0.0034864124411488786
0,0.72,0.94,2.5,0.0025210778463536313
0,0.72,0.96,2.5,0.001636019785138559
0,0.72,0.98,2.5,0.0008045886462774536
0,0.72,1.0,2.5,0.0
0,0.74,-1.0,2.5,0.0
0,0.74,-0.98,2.5,0.0006976143831470464
0,0.74,-0.96,2.5,0.0014185029920703823
0,0.74,-0.94,2.5,0.0021858897197279815
0,0.74,-0.92,2.5,0.003022881584690446
0,0.74,-0.9,2.5,0.003952370869008891
0,0.74,-0.88,2.5,0.004996892972624714
0,0.74,-0.86,2.5,0.006178430131769043
0,0.74,-0.84,2.5,0.007518155083628309
0,0.74,-0.8200000000000001,2.5,0.009036113335457344
0,0.74,-0.8,2.5,0.010750847685158552
0,0.74,-0.78,2.5,0.012678973773930725
0,0.74,-0.76,2.5,0.014834720430307532
0,0.74,-0.74,2.5,0.017229453070760754
0,0.74,-0.72,2.5,0.019871202136139746
0,0.74,-0.7,2.5,0.022764221166897657
0,0.74,-0.6799999999999999,2.5,0.025908600398300775
0,0.74,-0.6599999999999999,2.5,0.02929996150188499
0,0.74,-0.64,2.5,0.032929257212250984
0,0.74,-0.62,2.5,0.03678269606513398
0,0.74,-0.6,2.5,0.04084180745457712
0,0.74,-0.5800000000000001,2.5,0.04508365593020869
0,0.74,-0.56,2.5,0.049481206441819824
0,0.74,-0.54,2.5,0.05400383452514123
0,0.74,-0.52,2.5,0.058617967694298875
0,0.74,-0.5,2.5,0.06328783706850044
0,0.74,-0.48,2.5,0.06797631200046832
0,0.74,-0.45999999999999996,2.5,0.07264578562163557
0,0.74,-0.43999999999999995,2.5,0.07725907611028325
0,0.74,-0.42000000000000004,2.5,0.08178030733780155
0,0.74,-0.4,2.5,0.08617573342928733
0,0.74,-0.38,2.5,0.09041447461606114
0,0.74,-0.36,2.5,0.09446913634890995
0,0.74,-0.33999999999999997,2.5,0.09831628965185765
0,0.74,-0.31999999999999995,2.5,0.10193679770683764
0,0.74,-0.29999999999999993,2.5,0.10531598119611044
0,0.74,-0.28,2.5,0.10844362250465422
0,0.74,-0.26,2.5,0.11131381603844342
0,0.74,-0.24,2.5,0.11392467824767176
0,0.74,-0.21999999999999997,2.5,0.11627793614740928
0,0.74,-0.19999999999999996,2.5,0.11837841700050998
0,0.74,-0.17999999999999994,2.5,0.12023346428229197
0,0.74,-0.16000000000000003,2.5,0.12185230610802977
0,0.74,-0.14,2.5,0.12324540209421729
0,0.74,-0.12,2.5,0.12442379333990036
0,0.74,-0.09999999999999998,2.5,0.1253984781007469
0,0.74,-0.07999999999999996,2.5,0.12617983305109054
0,0.74,-0.05999999999999994,2.5,0.1267770970445563
0,0.74,-0.040000000000000036,2.5,0.12719793121565806
0,0.74,-0.020000000000000018,2.5,0.12744806628490937
0,0.74,0.0,2.5,0.1275310451476365
0,0.74,0.020000000000000018,2.5,0.12744806628490937
0,0.74,0.040000000000000036,2.5,0.12719793121565806
0,0.74,0.06000000000000005,2.5,0.1267770970445563
0,0.74,0.08000000000000007,2.5,0.12617983305109054
0,0.74,0.10000000000000009,2.5,0.1253984781007469
0,0.74,0.1200000000000001,2.5,0.12442379333990036
0,0.74,0.14000000000000012,2.5,0.12324540209421729
0,0.74,0.15999999999999992,2.5,0.12185230610802977
0,0.74,0.17999999999999994,2.5,0.12023346428229197
0,0.74,0.19999999999999996,2.5,0.11837841700050998
0,0.74,0.21999999999999997,2.5,0.11627793614740928
0,0.74,0.24,2.5,0.11392467824767176
0,0.74,0.26,2.5,0.11131381603844344
0,0.74,0.28,2.5,0.10844362250465422
0,0.74,0.30000000000000004,2.5,0.10531598119611044
0,0.74,0.32000000000000006,2.5,0.10193679770683764
0,0.74,0.3400000000000001,2.5,0.09831628965185765
0,0.74,0.3600000000000001,2.5,0.09446913634890995
0,0.74,0.3800000000000001,2.5,0.09041447461606114
0,0.74,0.40000000000000013,2.5,0.08617573342928733
0,0.74,0.41999999999999993,2.5,0.08178030733780155
0,0.74,0.43999999999999995,2.5,0.07725907611028325
0,0.74,0.45999999999999996,2.5,0.07264578562163557
0,0.74,0.48,2.5,0.06797631200046832
0,0.74,0.5,2.5,0.06328783706850044
0,0.74,0.52,2.5,0.058617967694298875
0,0.74,0.54,2.5,0.05400383452514123
0,0.74,0.56,2.5,0.049481206441819824
0,0.74,0.5800000000000001,2.5,0.04508365593020869
0,0.74,0.6000000000000001,2.5,0.04084180745457712
0,0.74,0.6200000000000001,2.5,0.036782696065133985
0,0.74,0.6400000000000001,2.5,0.03292925721225099
0,0.74,0.6600000000000001,2.5,0.029299961501884995
0,0.74,0.6799999999999999,2.5,0.025908600398300775
0,0.74,0.7,2.5,0.022764221166897657
0,0.74,0.72,2.5,0.019871202136139746
0,0.74,0.74,2.5,0.017229453070760757
0,0.74,0.76,2.5,0.014834720430307535
0,0.74,0.78,2.5,0.012678973773930726
0,0.74,0.8,2.5,0.010750847685158552
0,0.74,0.8200000000000001,2.5,0.009036113335457344
0,0.74,0.8400000000000001,2.5,0.007518155083628309
0,0.74,0.8600000000000001,2.5,0.006178430131769043
0,0.74,0.8800000000000001,2.5,0.004996892972624714
0,0.74,0.9000000000000001,2.5,0.003952370869008891
0,0.74,0.9199999999999999,2.5,0.0030228815846904465
0,0.74,0.94,2.5,0.002185889719727982
0,0.74,0.96,2.5,0.0014185029920703825
0,0.74,0.98,2.5,0.0006976143831470465
0,0.74,1.0,2.5,0.0
0,0.76,-1.0,2.5,0.0
0,0.76,-0.98,2.5,0.0006006440752650525
0,0.76,-0.96,2.5,0.0012213277210857828
0,0.76,-0.94,2.5,0.0018820471808394677
0,0.76,-0.92,2.5,0.0026026980868150027
0,0.76,-0.9,2.5,0.00340299120735259
0,0.76,-0.88,2.5,0.004302330063129446
0,0.76,-0.86,2.5,0.005319641928837627
0,0.76,-0.84,2.5,0.0064731571245768725
0,0.76,-0.8200000000000001,2.5,0.007780135441369315
0,0.76,-0.8,2.5,0.009256542840854285
0,0.76,-0.78,2.5,0.010916685989523752
0,0.76,-0.76,2.5,0.012772816474827866
0,0.76,-0.74,2.5,0.014834720430307534
0,0.76,-0.72,2.5,0.017109312495006523
0,0.76,-0.7,2.5,0.019600255291613657
0,0.76,-0.6799999999999999,2.5,0.02230762670849885
0,0.76,-0.6599999999999999,2.5,0.025227657051367855
0,0.76,-0.64,2.5,0.02835255650536631
0,0.76,-0.62,2.5,0.031670450323494956
0,0.76,-0.6,2.5,0.035165434836364806
0,0.76,-0.5800000000000001,2.5,0.038817761965027606
0,0.76,-0.56,2.5,0.0426041537071274
0,0.76,-0.54,2.5,0.04649824142501849
0,0.76,-0.52,2.5,0.05047111810986177
0,0.76,-0.5,2.5,0.05449198556341265
0,0.76,-0.48,2.5,0.05852887304893269
0,0.76,-0.45999999999999996,2.5,0.06254939978435242
0,0.76,-0.43999999999999995,2.5,0.0665215509739092
0,0.76,-0.42000000000000004,2.5,0.07041443608340833
0,0.76,-0.4,2.5,0.07419899882288401
0,0.76,-0.38,2.5,0.077848650747044
0,0.76,-0.36,2.5,0.08133980433721792
0,0.76,-0.33999999999999997,2.5,0.0846522866043777
0,0.76,-0.31999999999999995,2.5,0.08776962028932897
0,0.76,-0.29999999999999993,2.5,0.0906791662255238
0,0.76,-0.28,2.5,0.09337212695278183
0,0.76,-0.26,2.5,0.09584341782991934
0,0.76,-0.24,2.5,0.09809141734743337
0,0.76,-0.21999999999999997,2.5,0.10011761282176818
0,0.76,-0.19999999999999996,2.5,0.10192616098689183
0,0.76,-0.17999999999999994,2.5,0.10352338511244077
0,0.76,-0.16000000000000003,2.5,0.10491723119160122
0,0.76,-0.14,2.5,0.10611670556088558
0,0.76,-0.12,2.5,0.10713131520769022
0,0.76,-0.09999999999999998,2.5,0.10797053020147845
0,0.76,-0.07999999999999996,2.5,0.10864328537894885
0,0.76,-0.05999999999999994,2.5,0.10915753584358973
0,0.76,-0.040000000000000036,2.5,0.109519878198116
0,0.76,-0.020000000000000018,2.5,0.10973524686251208
0,0.76,0.0,2.5,0.10980669243472048
0,0.76,0.020000000000000018,2.5,0.10973524686251208
0,0.76,0.040000000000000036,2.5,0.109519878198116
0,0.76,0.06000000000000005,2.5,0.10915753584358973
0,0.76,0.08000000000000007,2.5,0.10864328537894885
0,0.76,0.10000000000000009,2.5,0.10797053020147845
0,0.76,0.1200000000000001,2.5,0.10713131520769022
0,0.76,0.14000000000000012,2.5,0.10611670556088558
0,0.76,0.15999999999999992,2.5,0.10491723119160122
0,0.76,0.17999999999999994,2.5,0.10352338511244077
0,0.76,0.19999999999999996,2.5,0.10192616098689183
0,0.76,0.21999999999999997,2.5,0.10011761282176818
0,0.76,0.24,2.5,0.09809141734743337
0,0.76,0.26,2.5,0.09584341782991934
0,0.76,0.28,2.5,0.09337212695278183
0,0.76,0.30000000000000004,2.5,0.0906791662255238
0,0.76,0.32000000000000006,2.5,0.08776962028932897
0,0.76,0.3400000000000001,2.5,0.0846522866043777
0,0.76,0.3600000000000001,2.5,0.08133980433721792
0,0.76,0.3800000000000001,2.5,0.077848650747044
0,0.76,0.40000000000000013,2.5,0.07419899882288401
0,0.76,0.41999999999999993,2.5,0.07041443608340833
0,0.76,0.43999999999999995,2.5,0.0665215509739092
0,0.76,0.45999999999999996,2.5,0.06254939978435242
0,0.76,0.48,2.5,0.05852887304893269
0,0.76,0.5,2.5,0.05449198556341265
0,0.76,0.52,2.5,0.05047111810986177
0,0.76,0.54,2.5,0.04649824142501849
0,0.76,0.56,2.5,0.0426041537071274
0,0.76,0.5800000000000001,2.5,0.038817761965027606
0,0.76,0.6000000000000001,2.5,0.035165434836364806
0,0.76,0.6200000000000001,2.5,0.031670450323494956
0,0.76,0.6400000000000001,2.5,0.02835255650536631
0,0.76,0.6600000000000001,2.5,0.025227657051367855
0,0.76,0.6799999999999999,2.5,0.02230762670849885
0,0.76,0.7,2.5,0.019600255291613657
0,0.76,0.72,2.5,0.017109312495006527
0,0.76,0.74,2.5,0.014834720430307535
0,0.76,0.76,2.5,0.012772816474827867
0,0.76,0.78,2.5,0.010916685989523753
0,0.76,0.8,2.5,0.009256542840854285
0,0.76,0.8200000000000001,2.5,0.007780135441369315
0,0.76,0.8400000000000001,2.5,0.0064731571245768725
0,0.76,0.8600000000000001,2.5,0.005319641928837627
0,0.76,0.8800000000000001,2.5,0.004302330063129447
0,0.76,0.9000000000000001,2.5,0.0034029912073525906
0,0.76,0.9199999999999999,2.5,0.002602698086815003
0,0.76,0.94,2.5,0.001882047180839468
0,0.76,0.96,2.5,0.001221327721085783
0,0.76,0.98,2.5,0.0006006440752650527
0,0.76,1.0,2.5,0.0
0,0.78,-1.0,2.5,0.0
0,0.78,-0.98,2.5,0.0005133523941669525
0,0.78,-0.96,2.5,0.0010438324725929767
0,0.78,-0.94,2.5,0.0016085308973115462
0,0.78,-0.92,2.5,0.002224452356581765
0,0.78,-0.9,2.5,0.0029084435619860212
0,0.78,-0.88,2.5,0.003677088653643824
0,0.78,-0.86,2.5,0.004546564762081528
0,0.78,-0.84,2.5,0.005532453371162534
0,0.78,-0.8200000000000001,2.5,0.006649506494168749
0,0.78,-0.8,2.5,0.00791137034673342
0,0.78,-0.78,2.5,0.009330272978490671
0,0.78,-0.76,2.5,0.010916685989523753
0,0.78,-0.74,2.5,0.012678973773930726
0,0.78,-0.72,2.5,0.014623046466380902
0,0.78,-0.7,2.5,0.01675203469859749
0,0.78,-0.6799999999999999,2.5,0.019066005213578402
0,0.78,-0.6599999999999999,2.5,0.021561736197870524
0,0.78,-0.64,2.5,0.0242325698034255
0,0.78,-0.62,2.5,0.027068356745080836
0,0.78,-0.6,2.5,0.03005550416659633
0,0.78,-0.5800000000000001,2.5,0.033177133341285324
0,0.78,-0.56,2.5,0.036413348464130066
0,0.78,-0.54,2.5,0.03974161211547523
0,0.78,-0.52,2.5,0.0431372172884483
0,0.78,-0.5,2.5,0.04657384054528532
0,0.78,-0.48,2.5,0.05002415626046897
0,0.78,-0.45999999999999996,2.5,0.05346048833723389
0,0.78,-0.43999999999999995,2.5,0.0568554734959451
0,0.78,-0.42000000000000004,2.5,0.06018270938575015
0,0.78,-0.4,2.5,0.0634173614193383
0,0.78,-0.38,2.5,0.06653670432185518
0,0.78,-0.36,2.5,0.06952057776409129
0,0.78,-0.33999999999999997,2.5,0.0723517398740546
0,0.78,-0.31999999999999995,2.5,0.07501610758067898
0,0.78,-0.29999999999999993,2.5,0.07750287829008895
0,0.78,-0.28,2.5,0.07980453297011847
0,0.78,-0.26,2.5,0.08191672598366007
0,0.78,-0.24,2.5,0.08383807167235677
0,0.78,-0.21999999999999997,2.5,0.08556984152160738
0,0.78,-0.19999999999999996,2.5,0.0871155885876167
0,0.78,-0.17999999999999994,2.5,0.08848071767362752
0,0.78,-0.16000000000000003,2.5,0.08967202052351196
0,0.78,-0.14,2.5,0.0906971951460828
0,0.78,-0.12,2.5,0.09156436743782331
0,0.78,-0.09999999999999998,2.5,0.09228163171600955
0,0.78,-0.07999999999999996,2.5,0.09285662480357709
0,0.78,-0.05999999999999994,2.5,0.0932961461104331
0,0.78,-0.040000000000000036,2.5,0.093605833897805
0,0.78,-0.020000000000000018,2.5,0.09378990571920941
0,0.78,0.0,2.5,0.0938509689840303
0,0.78,0.020000000000000018,2.5,0.09378990571920941
0,0.78,0.040000000000000036,2.5,0.093605833897805
0,0.78,0.06000000000000005,2.5,0.0932961461104331
0,0.78,0.08000000000000007,2.5,0.09285662480357709
0,0.78,0.10000000000000009,2.5,0.09228163171600955
0,0.78,0.1200000000000001,2.5,0.09156436743782331
0,0.78,0.14000000000000012,2.5,0.0906971951460828
0,0.78,0.15999999999999992,2.5,0.08967202052351196
0,0.78,0.17999999999999994,2.5,0.08848071767362752
0,0.78,0.19999999999999996,2.5,0.0871155885876167
0,0.78,0.21999999999999997,2.5,0.08556984152160738
0,0.78,0.24,2.5,0.08383807167235677
0,0.78,0.26,2.5,0.08191672598366007
0,0.78,0.28,2.5,0.07980453297011847
0,0.78,0.30000000000000004,2.5,0.07750287829008895
0,0.78,0.32000000000000006,2.5,0.07501610758067898
0,0.78,0.3400000000000001,2.5,0.0723517398740546
0,0.78,0.3600000000000001,2.5,0.06952057776409128
0,0.78,0.3800000000000001,2.5,0.06653670432185518
0,0.78,0.40000000000000013,2.5,0.0634173614193383
0,0.78,0.41999999999999993,2.5,0.06018270938575015
0,0.78,0.43999999999999995,2.5,0.0568554734959451
0,0.78,0.45999999999999996,2.5,0.05346048833723389
0,0.78,0.48,2.5,0.05002415626046897
0,0.78,0.5,2.5,0.04657384054528532
0,0.78,0.52,2.5,0.0431372172884483
0,0.78,0.54,2.5,0.03974161211547523
0,0.78,0.56,2.5,0.036413348464130066
0,0.78,0.5800000000000001,2.5,0.033177133341285324
0,0.78,0.6000000000000001,2.5,0.03005550416659633
0,0.78,0.6200000000000001,2.5,0.027068356745080836
0,0.78,0.6400000000000001,2.5,0.0242325698034255
0,0.78,0.6600000000000001,2.5,0.021561736197870524
0,0.78,0.6799999999999999,2.5,0.019066005213578405
0,0.78,0.7,2.5,0.016752034698597495
0,0.78,0.72,2.5,0.014623046466380902
0,0.78,0.74,2.5,0.012678973773930726
0,0.78,0.76,2.5,0.010916685989523753
0,0.78,0.78,2.5,0.009330272978490671
0,0.78,0.8,2.5,0.00791137034673342
0,0.78,0.8200000000000001,2.5,0.006649506494168749
0,0.78,0.8400000000000001,2.5,0.005532453371162534
0,0.78,0.8600000000000001,2.5,0.004546564762081528
0,0.78,0.8800000000000001,2.5,0.0036770886536438246
0,0.78,0.9000000000000001,2.5,0.0029084435619860217
0,0.78,0.9199999999999999,2.5,0.0022244523565817654
0,0.78,0.94,2.5,0.0016085308973115464
0,0.78,0.96,2.5,0.0010438324725929769
0,0.78,0.98,2.5,0.0005133523941669526
0,0.78,1.0,2.5,0.0
0,0.8,-1.0,2.5,0.0
0,0.8,-0.98,2.5,0.0004352789545643989
0,0.8,-0.96,2.5,0.00088508112905483
0,0.8,-0.94,2.5,0.0013638983588769445
0,0.8,-0.92,2.5,0.0018861495945418738
0,0.8,-0.9,2.5,0.0024661198541400136
0,0.8,-0.88,2.5,0.003117871538421407
0,0.8,-0.86,2.5,0.0038551219592956724
0,0.8,-0.84,2.5,0.004691083388165508
0,0.8,-0.8200000000000001,2.5,0.005638264786205525
0,0.8,-0.8,2.5,0.006708237492123383
0,0.8,-0.78,2.5,0.00791137034673342
0,0.8,-0.76,2.5,0.009256542840854285
0,0.8,-0.74,2.5,0.010750847685158552
0,0.8,-0.72,2.5,0.012399296518631411
0,0.8,-0.7,2.5,0.014204544109839937
0,0.8,-0.6799999999999999,2.5,0.016166647203110927
0,0.8,-0.6599999999999999,2.5,0.018282874002778723
0,0.8,-0.64,2.5,0.020547579111057698
0,0.8,-0.62,2.5,0.02295215654270648
0,0.8,-0.6,2.5,0.02548508030800779
0,0.8,-0.5800000000000001,2.5,0.028132038132107632
0,0.8,-0.56,2.5,0.03087615937672294
0,0.8,-0.54,2.5,0.03369833341642408
0,0.8,-0.52,2.5,0.03657760989843019
0,0.8,-0.5,2.5,0.03949166779768116
0,0.8,-0.48,2.5,0.042417336272062685
0,0.8,-0.45999999999999996,2.5,0.045331147294213815
0,0.8,-0.43999999999999995,2.5,0.048209898096119946
0,0.8,-0.42000000000000004,2.5,0.05103120074436517
0,0.8,-0.4,2.5,0.0537739967137849
0,0.8,-0.38,2.5,0.05641901610057943
0,0.8,-0.36,2.5,0.058949163981352026
0,0.8,-0.33999999999999997,2.5,0.06134982017600704
0,0.8,-0.31999999999999995,2.5,0.06360904304772728
0,0.8,-0.29999999999999993,2.5,0.0657176726767155
0,0.8,-0.28,2.5,0.06766933347209488
0,0.8,-0.26,2.5,0.06946034075084373
0,0.8,-0.24,2.5,0.07108951976497452
0,0.8,-0.21999999999999997,2.5,0.07255794890540039
0,0.8,-0.19999999999999996,2.5,0.07386864122739875
0,0.8,-0.17999999999999994,2.5,0.07502617997428133
0,0.8,-0.16000000000000003,2.5,0.07603632443809726
0,0.8,-0.14,2.5,0.07690560236482132
0,0.8,-0.12,2.5,0.07764090430949828
0,0.8,-0.09999999999999998,2.5,0.0782490940275263
0,0.8,-0.07999999999999996,2.5,0.07873664731717271
0,0.8,-0.05999999999999994,2.5,0.07910932986568493
0,0.8,-0.040000000000000036,2.5,0.0793719227365386
0,0.8,-0.020000000000000018,2.5,0.07952800227578027
0,0.8,0.0,2.5,0.07957977947916968
0,0.8,0.020000000000000018,2.5,0.07952800227578027
0,0.8,0.040000000000000036,2.5,0.0793719227365386
0,0.8,0.06000000000000005,2.5,0.07910932986568493
0,0.8,0.08000000000000007,2.5,0.07873664731717271
0,0.8,0.10000000000000009,2.5,0.0782490940275263
0,0.8,0.1200000000000001,2.5,0.07764090430949828
0,0.8,0.14000000000000012,2.5,0.07690560236482132
0,0.8,0.15999999999999992,2.5,0.07603632443809726
0,0.8,0.17999999999999994,2.5,0.07502617997428133
0,0.8,0.19999999999999996,2.5,0.07386864122739875
0,0.8,0.21999999999999997,2.5,0.07255794890540039
0,0.8,0.24,2.5,0.07108951976497452
0,0.8,0.26,2.5,0.06946034075084373
0,0.8,0.28,2.5,0.06766933347209488
0,0.8,0.30000000000000004,2.5,0.0657176726767155
0,0.8,0.32000000000000006,2.5,0.06360904304772727
0,0.8,0.3400000000000001,2.5,0.061349820176007035
0,0.8,0.3600000000000001,2.5,0.05894916398135202
0,0.8,0.3800000000000001,2.5,0.05641901610057942
0,0.8,0.40000000000000013,2.5,0.0537739967137849
0,0.8,0.41999999999999993,2.5,0.05103120074436517
0,0.8,0.43999999999999995,2.5,0.048209898096119946
0,0.8,0.45999999999999996,2.5,0.045331147294213815
0,0.8,0.48,2.5,0.042417336272062685
0,0.8,0.5,2.5,0.03949166779768116
0,0.8,0.52,2.5,0.03657760989843019
0,0.8,0.54,2.5,0.03369833341642408
0,0.8,0.56,2.5,0.03087615937672294
0,0.8,0.5800000000000001,2.5,0.028132038132107632
0,0.8,0.6000000000000001,2.5,0.02548508030800779
0,0.8,0.6200000000000001,2.5,0.02295215654270648
0,0.8,0.6400000000000001,2.5,0.020547579111057698
0,0.8,0.6600000000000001,2.5,0.018282874002778723
0,0.8,0.6799999999999999,2.5,0.016166647203110927
0,0.8,0.7,2.5,0.014204544109839937
0,0.8,0.72,2.5,0.012399296518631411
0,0.8,0.74,2.5,0.010750847685158552
0,0.8,0.76,2.5,0.009256542840854285
0,0.8,0.78,2.5,0.00791137034673342
0,0.8,0.8,2.5,0.006708237492123383
0,0.8,0.8200000000000001,2.5,0.005638264786205525
0,0.8,0.8400000000000001,2.5,0.004691083388165508
0,0.8,0.8600000000000001,2.5,0.0038551219592956724
0,0.8,0.8800000000000001,2.5,0.0031178715384214076
0,0.8,0.9000000000000001,2.5,0.002466119854140014
0,0.8,0.9199999999999999,2.5,0.001886149594541874
0,0.8,0.94,2.5,0.0013638983588769448
0,0.8,0.96,2.5,0.0008850811290548302
0,0.8,0.98,2.5,0.000435278954564399
0,0.8,1.0,2.5,0.0
0,0.8200000000000001,-1.0,2.5,0.0
0,0.8200000000000001,-0.98,2.5,0.0003658474178511893
0,0.8200000000000001,-0.96,2.5,0.0007439017987161735
0,0.8200000000000001,-0.94,2.5,0.0011463437333677742
0,0.8200000000000001,-0.92,2.5,0.0015852925651375104
0,0.8200000000000001,-0.9,2.5,0.0020727550841926254
0,0.8200000000000001,-0.88,2.5,0.002620550990939903
0,0.8200000000000001,-0.86,2.5,0.003240209959742972
0,0.8200000000000001,-0.84,2.5,0.003942837198179436
0,0.8200000000000001,-0.8200000000000001,2.5,0.004738946797408654
0,0.8200000000000001,-0.8,2.5,0.005638264786205525
0,0.8200000000000001,-0.78,2.5,0.006649506494168749
0,0.8200000000000001,-0.76,2.5,0.007780135441369315
0,0.8200000000000001,-0.74,2.5,0.009036113335457344
0,0.8200000000000001,-0.72,2.5,0.010421652705702555
0,0.8200000000000001,-0.7,2.5,0.011938985079926905
0,0.8200000000000001,-0.6799999999999999,2.5,0.013588158281008851
0,0.8200000000000001,-0.6599999999999999,2.5,0.015366876286092119
0,0.8200000000000001,-0.64,2.5,0.017270394101836513
0,0.8200000000000001,-0.62,2.5,0.019291478266269427
0,0.8200000000000001,-0.6,2.5,0.021420440955512664
0,0.8200000000000001,-0.5800000000000001,2.5,0.02364525237578333
0,0.8200000000000001,-0.56,2.5,0.025951732336872698
0,0.8200000000000001,-0.54,2.5,0.028323817857043427
0,0.8200000000000001,-0.52,2.5,0.030743899595057748
0,0.8200000000000001,-0.5,2.5,0.03319321610810365
0,0.8200000000000001,-0.48,2.5,0.03565229165041965
0,0.8200000000000001,-0.45999999999999996,2.5,0.038101400681830676
0,0.8200000000000001,-0.43999999999999995,2.5,0.04052104062453341
0,0.8200000000000001,-0.42000000000000004,2.5,0.042892393802674456
0,0.8200000000000001,-0.4,2.5,0.045197759961463746
0,0.8200000000000001,-0.38,2.5,0.04742094225315232
0,0.8200000000000001,-0.36,2.5,0.04954757198574737
0,0.8200000000000001,-0.33999999999999997,2.5,0.05156536058367197
0,0.8200000000000001,-0.31999999999999995,2.5,0.05346427088725617
0,0.8200000000000001,-0.29999999999999993,2.5,0.05523660387147015
0,0.8200000000000001,-0.28,2.5,0.05687700083820115
0,0.8200000000000001,-0.26,2.5,0.05838236488899545
0,0.8200000000000001,-0.24,2.5,0.05975170880729922
0,0.8200000000000001,-0.21999999999999997,2.5,0.06098593920865914
0,0.8200000000000001,-0.19999999999999996,2.5,0.06208758884844534
0,0.8200000000000001,-0.17999999999999994,2.5,0.0630605102640643
0,0.8200000000000001,-0.16000000000000003,2.5,0.06390954448517852
0,0.8200000000000001,-0.14,2.5,0.0646401784349443
0,0.8200000000000001,-0.12,2.5,0.06525820397110173
0,0.8200000000000001,-0.09999999999999998,2.5,0.0657693904067612
0,0.8200000000000001,-0.07999999999999996,2.5,0.0661791809460516
0,0.8200000000000001,-0.05999999999999994,2.5,0.066492421904054
0,0.8200000000000001,-0.040000000000000036,2.5,0.06671313197094195
0,0.8200000000000001,-0.020000000000000018,2.5,0.06684431721720029
0,0.8200000000000001,0.0,2.5,0.0668878360774343
0,0.8200000000000001,0.020000000000000018,2.5,0.06684431721720029
0,0.8200000000000001,0.040000000000000036,2.5,0.06671313197094195
0,0.8200000000000001,0.06000000000000005,2.5,0.066492421904054
0,0.8200000000000001,0.08000000000000007,2.5,0.0661791809460516
0,0.8200000000000001,0.10000000000000009,2.5,0.0657693904067612
0,0.8200000000000001,0.1200000000000001,2.5,0.06525820397110173
0,0.8200000000000001,0.14000000000000012,2.5,0.0646401784349443
0,0.8200000000000001,0.15999999999999992,2.5,0.06390954448517852
0,0.8200000000000001,0.17999999999999994,2.5,0.0630605102640643
0,0.8200000000000001,0.19999999999999996,2.5,0.06208758884844534
0,0.8200000000000001,0.21999999999999997,2.5,0.06098593920865914
0,0.8200000000000001,0.24,2.5,0.05975170880729922
0,0.8200000000000001,0.26,2.5,0.05838236488899545
0,0.8200000000000001,0.28,2.5,0.05687700083820115
0,0.8200000000000001,0.30000000000000004,2.5,0.05523660387147015
0,0.8200000000000001,0.32000000000000006,2.5,0.053464270887256166
0,0.8200000000000001,0.3400000000000001,2.5,0.05156536058367196
0,0.8200000000000001,0.3600000000000001,2.5,0.049547571985747364
0,0.8200000000000001,0.3800000000000001,2.5,0.04742094225315232
0,0.8200000000000001,0.40000000000000013,2.5,0.045197759961463746
0,0.8200000000000001,0.41999999999999993,2.5,0.04289239380267446
0,0.8200000000000001,0.43999999999999995,2.5,0.04052104062453342
0,0.8200000000000001,0.45999999999999996,2.5,0.038101400681830676
0,0.8200000000000001,0.48,2.5,0.035652291650419644
0,0.8200000000000001,0.5,2.5,0.03319321610810365
0,0.8200000000000001,0.52,2.5,0.030743899595057748
0,0.8200000000000001,0.54,2.5,0.028323817857043427
0,0.8200000000000001,0.56,2.5,0.025951732336872698
0,0.8200000000000001,0.5800000000000001,2.5,0.02364525237578333
0,0.8200000000000001,0.6000000000000001,2.5,0.021420440955512664
0,0.8200000000000001,0.6200000000000001,2.5,0.019291478266269427
0,0.8200000000000001,0.6400000000000001,2.5,0.017270394101836513
0,0.8200000000000001,0.6600000000000001,2.5,0.01536687628609212
0,0.8200000000000001,0.6799999999999999,2.5,0.013588158281008851
0,0.8200000000000001,0.7,2.5,0.011938985079926905
0,0.8200000000000001,0.72,2.5,0.010421652705702555
0,0.8200000000000001,0.74,2.5,0.009036113335457344
0,0.8200000000000001,0.76,2.5,0.007780135441369315
0,0.8200000000000001,0.78,2.5,0.006649506494168749
0,0.8200000000000001,0.8,2.5,0.005638264786205525
0,0.8200000000000001,0.8200000000000001,2.5,0.004738946797408654
0,0.8200000000000001,0.8400000000000001,2.5,0.003942837198179436
0,0.8200000000000001,0.8600000000000001,2.5,0.0032402099597429726
0,0.8200000000000001,0.8800000000000001,2.5,0.002620550990939903
0,0.8200000000000001,0.9000000000000001,2.5,0.002072755084192626
0,0.8200000000000001,0.9199999999999999,2.5,0.0015852925651375107
0,0.8200000000000001,0.94,2.5,0.0011463437333677745
0,0.8200000000000001,0.96,2.5,0.0007439017987161736
0,0.8200000000000001,0.98,2.5,0.0003658474178511894
0,0.8200000000000001,1.0,2.5,0.0
0,0.8400000000000001,-1.0,2.5,0.0
0,0.8400000000000001,-0.98,2.5,0.0003043847986894231
0,0.8400000000000001,-0.96,2.5,0.0006189260723178277
0,0.8400000000000001,-0.94,2.5,0.0009537583592377168
0,0.8400000000000001,-0.92,2.5,0.0013189652495975686
0,0.8400000000000001,-0.9,2.5,0.0017245367024198925
0,0.8400000000000001,-0.88,2.5,0.002180307032998722
0,0.8400000000000001,-0.86,2.5,0.0026958692697627
0,0.8400000000000001,-0.84,2.5,0.0032804632971399467
0,0.8400000000000001,-0.8200000000000001,2.5,0.003942837198179436
0,0.8400000000000001,-0.8,2.5,0.004691083388165508
0,0.8400000000000001,-0.78,2.5,0.005532453371162534
0,0.8400000000000001,-0.76,2.5,0.0064731571245768725
0,0.8400000000000001,-0.74,2.5,0.007518155083628309
0,0.8400000000000001,-0.72,2.5,0.008670952318886446
0,0.8400000000000001,-0.7,2.5,0.009933405645380972
0,0.8400000000000001,-0.6799999999999999,2.5,0.011305554959914784
0,0.8400000000000001,-0.6599999999999999,2.5,0.012785489992130184
0,0.8400000000000001,-0.64,2.5,0.014369262831345066
0,0.8400000000000001,-0.62,2.5,0.01605085505790154
0,0.8400000000000001,-0.6,2.5,0.017822206117569385
0,0.8400000000000001,-0.5800000000000001,2.5,0.019673306833522555
0,0.8400000000000001,-0.56,2.5,0.021592358801725334
0,0.8400000000000001,-0.54,2.5,0.023565997048815474
0,0.8400000000000001,-0.52,2.5,0.025579569958189354
0,0.8400000000000001,-0.5,2.5,0.027617467310682188
0,0.8400000000000001,-0.48,2.5,0.029663484553754265
0,0.8400000000000001,-0.45999999999999996,2.5,0.031701209294992136
0,0.8400000000000001,-0.43999999999999995,2.5,0.03371441465873569
0,0.8400000000000001,-0.42000000000000004,2.5,0.035687443642245666
0,0.8400000000000001,-0.4,2.5,0.037605568992410875
0,0.8400000000000001,-0.38,2.5,0.03945531436426867
0,0.8400000000000001,-0.36,2.5,0.04122472452668834
0,0.8400000000000001,-0.33999999999999997,2.5,0.04290357500435801
0,0.8400000000000001,-0.31999999999999995,2.5,0.04448351460528898
0,0.8400000000000001,-0.29999999999999993,2.5,0.04595813757264144
0,0.8400000000000001,-0.28,2.5,0.047322985406199586
0,0.8400000000000001,-0.26,2.5,0.04857548152122499
0,0.8400000000000001,-0.24,2.5,0.04971480467659515
0,0.8400000000000001,-0.21999999999999997,2.5,0.05074170937514673
0,0.8400000000000001,-0.19999999999999996,2.5,0.05165830312909486
0,0.8400000000000001,-0.17999999999999994,2.5,0.05246779155453939
0,0.8400000000000001,-0.16000000000000003,2.5,0.05317420272208687
0,0.8400000000000001,-0.14,2.5,0.05378210209860628
0,0.8400000000000001,-0.12,2.5,0.05429630885411903
0,0.8400000000000001,-0.09999999999999998,2.5,0.05472162338502782
0,0.8400000000000001,-0.07999999999999996,2.5,0.055062574736075225
0,0.8400000000000001,-0.05999999999999994,2.5,0.055323195300613685
0,0.8400000000000001,-0.040000000000000036,2.5,0.05550682883956735
0,0.8400000000000001,-0.020000000000000018,2.5,0.05561597655893719
0,0.8400000000000001,0.0,2.5,0.05565218477146649
0,0.8400000000000001,0.020000000000000018,2.5,0.05561597655893719
0,0.8400000000000001,0.040000000000000036,2.5,0.05550682883956735
0,0.8400000000000001,0.06000000000000005,2.5,0.055323195300613685
0,0.8400000000000001,0.08000000000000007,2.5,0.055062574736075225
0,0.8400000000000001,0.10000000000000009,2.5,0.05472162338502782
0,0.8400000000000001,0.1200000000000001,2.5,0.05429630885411903
0,0.8400000000000001,0.14000000000000012,2.5,0.05378210209860628
0,0.8400000000000001,0.15999999999999992,2.5,0.05317420272208687
0,0.8400000000000001,0.17999999999999994,2.5,0.05246779155453939
0,0.8400000000000001,0.19999999999999996,2.5,0.05165830312909486
0,0.8400000000000001,0.21999999999999997,2.5,0.05074170937514673
0,0.8400000000000001,0.24,2.5,0.04971480467659515
0,0.8400000000000001,0.26,2.5,0.04857548152122499
0,0.8400000000000001,0.28,2.5,0.047322985406199586
0,0.8400000000000001,0.30000000000000004,2.5,0.04595813757264144
0,0.8400000000000001,0.32000000000000006,2.5,0.04448351460528898
0,0.8400000000000001,0.3400000000000001,2.5,0.04290357500435801
0,0.8400000000000001,0.3600000000000001,2.5,0.04122472452668834
0,0.8400000000000001,0.3800000000000001,2.5,0.03945531436426867
0,0.8400000000000001,0.40000000000000013,2.5,0.037605568992410875
0,0.8400000000000001,0.41999999999999993,2.5,0.03568744364224567
0,0.8400000000000001,0.43999999999999995,2.5,0.033714414658735696
0,0.8400000000000001,0.45999999999999996,2.5,0.031701209294992136
0,0.8400000000000001,0.48,2.5,0.02966348455375426
0,0.8400000000000001,0.5,2.5,0.027617467310682188
0,0.8400000000000001,0.52,2.5,0.025579569958189354
0,0.8400000000000001,0.54,2.5,0.023565997048815474
0,0.8400000000000001,0.56,2.5,0.021592358801725334
0,0.8400000000000001,0.5800000000000001,2.5,0.019673306833522555
0,0.8400000000000001,0.6000000000000001,2.5,0.017822206117569385
0,0.8400000000000001,0.6200000000000001,2.5,0.01605085505790154
0,0.8400000000000001,0.6400000000000001,2.5,0.014369262831345066
0,0.8400000000000001,0.6600000000000001,2.5,0.012785489992130184
0,0.8400000000000001,0.6799999999999999,2.5,0.011305554959914784
0,0.8400000000000001,0.7,2.5,0.009933405645380972
0,0.8400000000000001,0.72,2.5,0.008670952318886446
0,0.8400000000000001,0.74,2.5,0.007518155083628309
0,0.8400000000000001,0.76,2.5,0.0064731571245768725
0,0.8400000000000001,0.78,2.5,0.005532453371162534
0,0.8400000000000001,0.8,2.5,0.004691083388165508
0,0.8400000000000001,0.8200000000000001,2.5,0.003942837198179436
0,0.8400000000000001,0.8400000000000001,2.5,0.003280463297139947
0,0.8400000000000001,0.8600000000000001,2.5,0.002695869269762701
0,0.8400000000000001,0.8800000000000001,2.5,0.0021803070329987225
0,0.8400000000000001,0.9000000000000001,2.5,0.001724536702419893
0,0.8400000000000001,0.9199999999999999,2.5,0.0013189652495975688
0,0.8400000000000001,0.94,2.5,0.0009537583592377169
0,0.8400000000000001,0.96,2.5,0.0006189260723178278
0,0.8400000000000001,0.98,2.5,0.00030438479868942313
0,0.8400000000000001,1.0,2.5,0.0
0,0.8600000000000001,-1.0,2.5,0.0
0,0.8600000000000001,-0.98,2.5,0.00025014008429193654
0,0.8600000000000001,-0.96,2.5,0.0005086268823520568
0,0.8600000000000001,-0.94,2.5,0.0007837890848195896
0,0.8600000000000001,-0.92,2.5,0.0010839135214290483
0,0.8600000000000001,-0.9,2.5,0.0014172100874018355
0,0.8600000000000001,-0.88,2.5,0.0017917607836188925
0,0.8600000000000001,-0.86,2.5,0.0022154493358532523
0,0.8600000000000001,-0.84,2.5,0.0026958692697627
0,0.8600000000000001,-0.8200000000000001,2.5,0.003240209959742972
0,0.8600000000000001,-0.8,2.5,0.0038551219592956724
0,0.8600000000000001,-0.78,2.5,0.004546564762081528
0,0.8600000000000001,-0.76,2.5,0.005319641928837627
0,0.8600000000000001,-0.74,2.5,0.006178430131769043
0,0.8600000000000001,-0.72,2.5,0.007125810000481268
0,0.8600000000000001,-0.7,2.5,0.008163307594855928
0,0.8600000000000001,-0.6799999999999999,2.5,0.009290955788994321
0,0.8600000000000001,-0.6599999999999999,2.5,0.01050718475909591
0,0.8600000000000001,-0.64,2.5,0.011808750091348326
0,0.8600000000000001,-0.62,2.5,0.013190705765810223
0,0.8600000000000001,-0.6,2.5,0.014646427472271361
0,0.8600000000000001,-0.5800000000000001,2.5,0.016167689458909167
0,0.8600000000000001,-0.56,2.5,0.017744795526819845
0,0.8600000000000001,-0.54,2.5,0.019366762016534225
0,0.8600000000000001,-0.52,2.5,0.021021547860203986
0,0.8600000000000001,-0.5,2.5,0.0226963241766491
0,0.8600000000000001,-0.48,2.5,0.02437777364075299
0,0.8600000000000001,-0.45999999999999996,2.5,0.026052408117917845
0,0.8600000000000001,-0.43999999999999995,2.5,0.027706891939035888
0,0.8600000000000001,-0.42000000000000004,2.5,0.029328357778537546
0,0.8600000000000001,-0.4,2.5,0.030904702414152604
0,0.8600000000000001,-0.38,2.5,0.03242485066635173
0,0.8600000000000001,-0.36,2.5,0.033878977462499384
0,0.8600000000000001,-0.33999999999999997,2.5,0.03525868012712848
0,0.8600000000000001,-0.31999999999999995,2.5,0.036557095514681816
0,0.8600000000000001,-0.29999999999999993,2.5,0.0377689593046232
0,0.8600000000000001,-0.28,2.5,0.03889060749628941
0,0.8600000000000001,-0.26,2.5,0.03991992270698846
0,0.8600000000000001,-0.24,2.5,0.04085623014856853
0,0.8600000000000001,-0.21999999999999997,2.5,0.041700150024082186
0,0.8600000000000001,-0.19999999999999996,2.5,0.04245341447501396
0,0.8600000000000001,-0.17999999999999994,2.5,0.043118658089807714
0,0.8600000000000001,-0.16000000000000003,2.5,0.043699191364908255
0,0.8600000000000001,-0.14,2.5,0.04419876643386007
0,0.8600000000000001,-0.12,2.5,0.04462134391888712
0,0.8600000000000001,-0.09999999999999998,2.5,0.044970869000937934
0,0.8600000000000001,-0.07999999999999996,2.5,0.04525106384356495
0,0.8600000000000001,-0.05999999999999994,2.5,0.04546524243528063
0,0.8600000000000001,-0.040000000000000036,2.5,0.0456161528144141
0,0.8600000000000001,-0.020000000000000018,2.5,0.04570585057167335
0,0.8600000000000001,0.0,2.5,0.04573560652773399
0,0.8600000000000001,0.020000000000000018,2.5,0.04570585057167335
0,0.8600000000000001,0.040000000000000036,2.5,0.0456161528144141
0,0.8600000000000001,0.06000000000000005,2.5,0.04546524243528063
0,0.8600000000000001,0.08000000000000007,2.5,0.04525106384356495
0,0.8600000000000001,0.10000000000000009,2.5,0.044970869000937934
0,0.8600000000000001,0.1200000000000001,2.5,0.04462134391888712
0,0.8600000000000001,0.14000000000000012,2.5,0.04419876643386007
0,0.8600000000000001,0.15999999999999992,2.5,0.043699191364908255
0,0.8600000000000001,0.17999999999999994,2.5,0.043118658089807714
0,0.8600000000000001,0.19999999999999996,2.5,0.04245341447501396
0,0.8600000000000001,0.21999999999999997,2.5,0.041700150024082186
0,0.8600000000000001,0.24,2.5,0.04085623014856853
0,0.8600000000000001,0.26,2.5,0.03991992270698846
0,0.8600000000000001,0.28,2.5,0.03889060749628941
0,0.8600000000000001,0.30000000000000004,2.5,0.0377689593046232
0,0.8600000000000001,0.32000000000000006,2.5,0.036557095514681816
0,0.8600000000000001,0.3400000000000001,2.5,0.03525868012712848
0,0.8600000000000001,0.3600000000000001,2.5,0.033878977462499384
0,0.8600000000000001,0.3800000000000001,2.5,0.03242485066635173
0,0.8600000000000001,0.40000000000000013,2.5,0.030904702414152607
0,0.8600000000000001,0.41999999999999993,2.5,0.02932835777853755
0,0.8600000000000001,0.43999999999999995,2.5,0.027706891939035888
0,0.8600000000000001,0.45999999999999996,2.5,0.026052408117917845
0,0.8600000000000001,0.48,2.5,0.02437777364075299
0,0.8600000000000001,0.5,2.5,0.0226963241766491
0,0.8600000000000001,0.52,2.5,0.021021547860203986
0,0.8600000000000001,0.54,2.5,0.019366762016534225
0,0.8600000000000001,0.56,2.5,0.017744795526819842
0,0.8600000000000001,0.5800000000000001,2.5,0.016167689458909167
0,0.8600000000000001,0.6000000000000001,2.5,0.014646427472271357
0,0.8600000000000001,0.6200000000000001,2.5,0.013190705765810221
0,0.8600000000000001,0.6400000000000001,2.5,0.011808750091348325
0,0.8600000000000001,0.6600000000000001,2.5,0.01050718475909591
0,0.8600000000000001,0.6799999999999999,2.5,0.009290955788994321
0,0.8600000000000001,0.7,2.5,0.008163307594855928
0,0.8600000000000001,0.72,2.5,0.007125810000481268
0,0.8600000000000001,0.74,2.5,0.006178430131769043
0,0.8600000000000001,0.76,2.5,0.005319641928837627
0,0.8600000000000001,0.78,2.5,0.004546564762081528
0,0.8600000000000001,0.8,2.5,0.0038551219592956724
0,0.8600000000000001,0.8200000000000001,2.5,0.0032402099597429726
0,0.8600000000000001,0.8400000000000001,2.5,0.002695869269762701
0,0.8600000000000001,0.8600000000000001,2.5,0.0022154493358532527
0,0.8600000000000001,0.8800000000000001,2.5,0.0017917607836188932
0,0.8600000000000001,0.9000000000000001,2.5,0.0014172100874018357
0,0.8600000000000001,0.9199999999999999,2.5,0.0010839135214290485
0,0.8600000000000001,0.94,2.5,0.0007837890848195897
0,0.8600000000000001,0.96,2.5,0.000508626882352057
0,0.8600000000000001,0.98,2.5,0.00025014008429193654
0,0.8600000000000001,1.0,2.5,0.0
0,0.8800000000000001,-1.0,2.5,0.0
0,0.8800000000000001,-0.98,2.5,0.00020230142651245215
0,0.8800000000000001,-0.96,2.5,0.0004113534604188312
0,0.8800000000000001,-0.94,2.5,0.0006338921360522484
0,0.8800000000000001,-0.92,2.5,0.0008766196386543079
0,0.8800000000000001,-0.9,2.5,0.0011461759406351146
0,0.8800000000000001,-0.88,2.5,0.0014490975888062597
0,0.8800000000000001,-0.86,2.5,0.0017917607836188925
0,0.8800000000000001,-0.84,2.5,0.002180307032998722
0,0.8800000000000001,-0.8200000000000001,2.5,0.002620550990939903
0,0.8800000000000001,-0.8,2.5,0.003117871538421407
0,0.8800000000000001,-0.78,2.5,0.003677088653643824
0,0.8800000000000001,-0.76,2.5,0.004302330063129447
0,0.8800000000000001,-0.74,2.5,0.004996892972624714
0,0.8800000000000001,-0.72,2.5,0.005763107254464086
0,0.8800000000000001,-0.7,2.5,0.006602207229437568
0,0.8800000000000001,-0.6799999999999999,2.5,0.00751421955224725
0,0.8800000000000001,-0.6599999999999999,2.5,0.008497874635853546
0,0.8800000000000001,-0.64,2.5,0.00955054850264052
0,0.8800000000000001,-0.62,2.5,0.010668240931172142
0,0.8800000000000001,-0.6,2.5,0.011845594311470578
0,0.8800000000000001,-0.5800000000000001,2.5,0.01307595579775625
0,0.8800000000000001,-0.56,2.5,0.014351483254600013
0,0.8800000000000001,-0.54,2.5,0.01566329325448334
0,0.8800000000000001,-0.52,2.5,0.017001647142388582
0,0.8800000000000001,-0.5,2.5,0.018356169082960463
0,0.8800000000000001,-0.48,2.5,0.019716088189419907
0,0.8800000000000001,-0.45999999999999996,2.5,0.021070495425447158
0,0.8800000000000001,-0.43999999999999995,2.5,0.022408605069214296
0,0.8800000000000001,-0.42000000000000004,2.5,0.023720010194792977
0,0.8800000000000001,-0.4,2.5,0.024994921881811877
0,0.8800000000000001,-0.38,2.5,0.026224382688692417
0,0.8800000000000001,-0.36,2.5,0.027400446256963768
0,0.8800000000000001,-0.33999999999999997,2.5,0.02851631665827217
0,0.8800000000000001,-0.31999999999999995,2.5,0.029566443129814737
0,0.8800000000000001,-0.29999999999999993,2.5,0.030546568030598922
0,0.8800000000000001,-0.28,2.5,0.03145372804884521
0,0.8800000000000001,-0.26,2.5,0.03228621076635788
0,0.8800000000000001,-0.24,2.5,0.033043470523061655
0,0.8800000000000001,-0.21999999999999997,2.5,0.03372600903443981
0,0.8800000000000001,-0.19999999999999996,2.5,0.03433522733788823
0,0.8800000000000001,-0.17999999999999994,2.5,0.03487325635593056
0,0.8800000000000001,-0.16000000000000003,2.5,0.0353427736719343
0,0.8800000000000001,-0.14,2.5,0.03574681405272279
0,0.8800000000000001,-0.12,2.5,0.03608858087948353
0,0.8800000000000001,-0.09999999999999998,2.5,0.03637126503490975
0,0.8800000000000001,-0.07999999999999996,2.5,0.0365978770175363
0,0.8800000000000001,-0.05999999999999994,2.5,0.03677109718820653
0,0.8800000000000001,-0.040000000000000036,2.5,0.0368931481634193
0,0.8800000000000001,-0.020000000000000018,2.5,0.036965692505849045
0,0.8800000000000001,0.0,2.5,0.03698975805526099
0,0.8800000000000001,0.020000000000000018,2.5,0.036965692505849045
0,0.8800000000000001,0.040000000000000036,2.5,0.0368931481634193
0,0.8800000000000001,0.06000000000000005,2.5,0.03677109718820653
0,0.8800000000000001,0.08000000000000007,2.5,0.0365978770175363
0,0.8800000000000001,0.10000000000000009,2.5,0.03637126503490975
0,0.8800000000000001,0.1200000000000001,2.5,0.03608858087948353
0,0.8800000000000001,0.14000000000000012,2.5,0.03574681405272279
0,0.8800000000000001,0.15999999999999992,2.5,0.0353427736719343
0,0.8800000000000001,0.17999999999999994,2.5,0.03487325635593056
0,0.8800000000000001,0.19999999999999996,2.5,0.03433522733788823
0,0.8800000000000001,0.21999999999999997,2.5,0.03372600903443981
0,0.8800000000000001,0.24,2.5,0.033043470523061655
0,0.8800000000000001,0.26,2.5,0.03228621076635788
0,0.8800000000000001,0.28,2.5,0.031453728048845206
0,0.8800000000000001,0.30000000000000004,2.5,0.03054656803059892
0,0.8800000000000001,0.32000000000000006,2.5,0.029566443129814737
0,0.8800000000000001,0.3400000000000001,2.5,0.02851631665827217
0,0.8800000000000001,0.3600000000000001,2.5,0.027400446256963768
0,0.8800000000000001,0.3800000000000001,2.5,0.026224382688692417
0,0.8800000000000001,0.40000000000000013,2.5,0.02499492188181188
0,0.8800000000000001,0.41999999999999993,2.5,0.02372001019479298
0,0.8800000000000001,0.43999999999999995,2.5,0.0224086050692143
0,0.8800000000000001,0.45999999999999996,2.5,0.021070495425447158
0,0.8800000000000001,0.48,2.5,0.019716088189419907
0,0.8800000000000001,0.5,2.5,0.018356169082960463
0,0.8800000000000001,0.52,2.5,0.017001647142388582
0,0.8800000000000001,0.54,2.5,0.01566329325448334
0,0.8800000000000001,0.56,2.5,0.014351483254600011
0,0.8800000000000001,0.5800000000000001,2.5,0.013075955797756248
0,0.8800000000000001,0.6000000000000001,2.5,0.011845594311470576
0,0.8800000000000001,0.6200000000000001,2.5,0.01066824093117214
0,0.8800000000000001,0.6400000000000001,2.5,0.00955054850264052
0,0.8800000000000001,0.6600000000000001,2.5,0.008497874635853546
0,0.8800000000000001,0.6799999999999999,2.5,0.00751421955224725
0,0.8800000000000001,0.7,2.5,0.006602207229437568
0,0.8800000000000001,0.72,2.5,0.005763107254464086
0,0.8800000000000001,0.74,2.5,0.004996892972624714
0,0.8800000000000001,0.76,2.5,0.004302330063129447
0,0.8800000000000001,0.78,2.5,0.0036770886536438246
0,0.8800000000000001,0.8,2.5,0.0031178715384214076
0,0.8800000000000001,0.8200000000000001,2.5,0.002620550990939903
0,0.8800000000000001,0.8400000000000001,2.5,0.0021803070329987225
0,0.8800000000000001,0.8600000000000001,2.5,0.0017917607836188932
0,0.8800000000000001,0.8800000000000001,2.5,0.0014490975888062601
0,0.8800000000000001,0.9000000000000001,2.5,0.0011461759406351149
0,0.8800000000000001,0.9199999999999999,2.5,0.0008766196386543081
0,0.8800000000000001,0.94,2.5,0.0006338921360522485
0,0.8800000000000001,0.96,2.5,0.0004113534604188313
0,0.8800000000000001,0.98,2.5,0.00020230142651245217
0,0.8800000000000001,1.0,2.5,0.0
0,0.9000000000000001,-1.0,2.5,0.0
0,0.9000000000000001,-0.98,2.5,0.00016001134941845784
0,0.9000000000000001,-0.96,2.5,0.00032536225945248965
0,0.9000000000000001,-0.94,2.5,0.0005013807664206585
0,0.9000000000000001,-0.92,2.5,0.000693368137945675
0,0.9000000000000001,-0.9,2.5,0.0009065764400710303
0,0.9000000000000001,-0.88,2.5,0.0011461759406351146
0,0.9000000000000001,-0.86,2.5,0.0014172100874018355
0,0.9000000000000001,-0.84,2.5,0.0017245367024198925
0,0.9000000000000001,-0.8200000000000001,2.5,0.0020727550841926254
0,0.9000000000000001,-0.8,2.5,0.002466119854140013
0,0.9000000000000001,-0.78,2.5,0.0029084435619860212
0,0.9000000000000001,-0.76,2.5,0.00340299120735259
0,0.9000000000000001,-0.74,2.5,0.00395237086900889
0,0.9000000000000001,-0.72,2.5,0.004558425485720674
0,0.9000000000000001,-0.7,2.5,0.0052221314349195766
0,0.9000000000000001,-0.6799999999999999,2.5,0.005943509848927914
0,0.9000000000000001,-0.6599999999999999,2.5,0.0067215565501285626
0,0.9000000000000001,-0.64,2.5,0.007554196053512493
0,0.9000000000000001,-0.62,2.5,0.00843826427888997
0,0.9000000000000001,-0.6,2.5,0.009369523463482054
0,0.9000000000000001,-0.5800000000000001,2.5,0.010342711322824702
0,0.9000000000000001,-0.56,2.5,0.011351624852349607
0,0.9000000000000001,-0.54,2.5,0.012389237391764823
0,0.9000000000000001,-0.52,2.5,0.013447845800618356
0,0.9000000000000001,-0.5,2.5,0.014519242932240578
0,0.9000000000000001,-0.48,2.5,0.015594909156499522
0,0.9000000000000001,-0.45999999999999996,2.5,0.016666215568085913
0,0.9000000000000001,-0.43999999999999995,2.5,0.01772463080352366
0,0.9000000000000001,-0.42000000000000004,2.5,0.018761923125939797
0,0.9000000000000001,-0.4,2.5,0.019770349638851416
0,0.9000000000000001,-0.38,2.5,0.020742825142381932
0,0.9000000000000001,-0.36,2.5,0.021673064199085924
0,0.9000000000000001,-0.33999999999999997,2.5,0.022555691356177333
0,0.9000000000000001,-0.31999999999999995,2.5,0.02338631607996374
0,0.9000000000000001,-0.29999999999999993,2.5,0.02416157068796694
0,0.9000000000000001,-0.28,2.5,0.024879111302778045
0,0.9000000000000001,-0.26,2.5,0.025537583493431392
0,0.9000000000000001,-0.24,2.5,0.026136555723444466
0,0.9000000000000001,-0.21999999999999997,2.5,0.026676424918708606
0,0.9000000000000001,-0.19999999999999996,2.5,0.027158299356912625
0,0.9000000000000001,-0.17999999999999994,2.5,0.027583864643296395
0,0.9000000000000001,-0.16000000000000003,2.5,0.02795523878088999
0,0.9000000000000001,-0.14,2.5,0.028274822294919264
0,0.9000000000000001,-0.12,2.5,0.028545149075990237
0,0.9000000000000001,-0.09999999999999998,2.5,0.028768743121388766
0,0.9000000000000001,-0.07999999999999996,2.5,0.028947985739222727
0,0.9000000000000001,-0.05999999999999994,2.5,0.02908499709509598
0,0.9000000000000001,-0.040000000000000036,2.5,0.029181535276860706
0,0.9000000000000001,-0.020000000000000018,2.5,0.029238915369214625
0,0.9000000000000001,0.0,2.5,0.02925795039153153
0,0.9000000000000001,0.020000000000000018,2.5,0.029238915369214625
0,0.9000000000000001,0.040000000000000036,2.5,0.029181535276860706
0,0.9000000000000001,0.06000000000000005,2.5,0.02908499709509598
0,0.9000000000000001,0.08000000000000007,2.5,0.028947985739222727
0,0.9000000000000001,0.10000000000000009,2.5,0.028768743121388766
0,0.9000000000000001,0.1200000000000001,2.5,0.028545149075990237
0,0.9000000000000001,0.14000000000000012,2.5,0.028274822294919264
0,0.9000000000000001,0.15999999999999992,2.5,0.02795523878088999
0,0.9000000000000001,0.17999999999999994,2.5,0.027583864643296395
0,0.9000000000000001,0.19999999999999996,2.5,0.027158299356912625
0,0.9000000000000001,0.21999999999999997,2.5,0.026676424918708606
0,0.9000000000000001,0.24,2.5,0.026136555723444466
0,0.9000000000000001,0.26,2.5,0.025537583493431392
0,0.9000000000000001,0.28,2.5,0.024879111302778045
0,0.9000000000000001,0.30000000000000004,2.5,0.024161570687966937
0,0.9000000000000001,0.32000000000000006,2.5,0.02338631607996374
0,0.9000000000000001,0.3400000000000001,2.5,0.022555691356177333
0,0.9000000000000001,0.3600000000000001,2.5,0.021673064199085924
0,0.9000000000000001,0.3800000000000001,2.5,0.020742825142381932
0,0.9000000000000001,0.40000000000000013,2.5,0.019770349638851416
0,0.9000000000000001,0.41999999999999993,2.5,0.0187619231259398
0,0.9000000000000001,0.43999999999999995,2.5,0.017724630803523662
0,0.9000000000000001,0.45999999999999996,2.5,0.016666215568085913
0,0.9000000000000001,0.48,2.5,0.015594909156499522
0,0.9000000000000001,0.5,2.5,0.014519242932240578
0,0.9000000000000001,0.52,2.5,0.013447845800618356
0,0.9000000000000001,0.54,2.5,0.012389237391764823
0,0.9000000000000001,0.56,2.5,0.011351624852349605
0,0.9000000000000001,0.5800000000000001,2.5,0.010342711322824698
0,0.9000000000000001,0.6000000000000001,2.5,0.009369523463482052
0,0.9000000000000001,0.6200000000000001,2.5,0.008438264278889968
0,0.9000000000000001,0.6400000000000001,2.5,0.007554196053512492
0,0.9000000000000001,0.6600000000000001,2.5,0.0067215565501285626
0,0.9000000000000001,0.6799999999999999,2.5,0.005943509848927914
0,0.9000000000000001,0.7,2.5,0.0052221314349195766
0,0.9000000000000001,0.72,2.5,0.004558425485720674
0,0.9000000000000001,0.74,2.5,0.003952370869008891
0,0.9000000000000001,0.76,2.5,0.0034029912073525906
0,0.9000000000000001,0.78,2.5,0.0029084435619860217
0,0.9000000000000001,0.8,2.5,0.002466119854140014
0,0.9000000000000001,0.8200000000000001,2.5,0.002072755084192626
0,0.9000000000000001,0.8400000000000001,2.5,0.001724536702419893
0,0.9000000000000001,0.8600000000000001,2.5,0.0014172100874018357
0,0.9000000000000001,0.8800000000000001,2.5,0.0011461759406351149
0,0.9000000000000001,0.9000000000000001,2.5,0.0009065764400710304
0,0.9000000000000001,0.9199999999999999,2.5,0.0006933681379456752
0,0.9000000000000001,0.94,2.5,0.0005013807664206585
0,0.9000000000000001,0.96,2.5,0.0003253622594524897
0,0.9000000000000001,0.98,2.5,0.00016001134941845787
0,0.9000000000000001,1.0,2.5,0.0
0,0.9199999999999999,-1.0,2.5,0.0
0,0.9199999999999999,-0.98,2.5,0.00012237961673322893
0,0.9199999999999999,-0.96,2.5,0.0002488431177330643
0,0.9199999999999999,-0.94,2.5,0.0003834655748598078
0,0.9199999999999999,-0.92,2.5,0.0005303015897800871
0,0.9199999999999999,-0.9,2.5,0.0006933681379456752
0,0.9199999999999999,-0.88,2.5,0.0008766196386543079
0,0.9199999999999999,-0.86,2.5,0.0010839135214290483
0,0.9199999999999999,-0.84,2.5,0.0013189652495975686
0,0.9199999999999999,-0.8200000000000001,2.5,0.0015852925651375104
0,0.9199999999999999,-0.8,2.5,0.0018861495945418736
0,0.9199999999999999,-0.78,2.5,0.002224452356581765
0,0.9199999999999999,-0.76,2.5,0.0026026980868150027
0,0.9199999999999999,-0.74,2.5,0.0030228815846904456
0,0.9199999999999999,-0.72,2.5,0.003486412441148878
0,0.9199999999999999,-0.7,2.5,0.003994037465289661
0,0.9199999999999999,-0.6799999999999999,2.5,0.004545772853183727
0,0.9199999999999999,-0.6599999999999999,2.5,0.0051408505972993825
0,0.9199999999999999,-0.64,2.5,0.005777683303866267
0,0.9199999999999999,-0.62,2.5,0.006453850968921188
0,0.9199999999999999,-0.6,2.5,0.007166112382994054
0,0.9199999999999999,-0.5800000000000001,2.5,0.007910442730863838
0,0.9199999999999999,-0.56,2.5,0.008682097686532792
0,0.9199999999999999,-0.54,2.5,0.00947570294957295
0,0.9199999999999999,-0.52,2.5,0.010285366812327076
0,0.9199999999999999,-0.5,2.5,0.011104812076859668
0,0.9199999999999999,-0.48,2.5,0.011927522541622377
0,0.9199999999999999,-0.45999999999999996,2.5,0.01274689842595227
0,0.9199999999999999,-0.43999999999999995,2.5,0.01355641455477259
0,0.9199999999999999,-0.42000000000000004,2.5,0.01434977492381768
0,0.9199999999999999,-0.4,2.5,0.015121057420379077
0,0.9199999999999999,-0.38,2.5,0.015864842973382885
0,0.9199999999999999,-0.36,2.5,0.016576324212602037
0,0.9199999999999999,-0.33999999999999997,2.5,0.01725138977202965
0,0.9199999999999999,-0.31999999999999995,2.5,0.0178866816031161
0,0.9199999999999999,-0.29999999999999993,2.5,0.018479623986542286
0,0.9199999999999999,-0.28,2.5,0.01902842426096796
0,0.9199999999999999,-0.26,2.5,0.019532046542893484
0,0.9199999999999999,-0.24,2.5,0.019990160823389252
0,0.9199999999999999,-0.21999999999999997,2.5,0.02040307074070955
0,0.9199999999999999,-0.19999999999999996,2.5,0.02077162400737011
0,0.9199999999999999,-0.17999999999999994,2.5,0.02109710990095593
0,0.9199999999999999,-0.16000000000000003,2.5,0.021381148414041283
0,0.9199999999999999,-0.14,2.5,0.02162557562150724
0,0.9199999999999999,-0.12,2.5,0.0218323295978368
0,0.9199999999999999,-0.09999999999999998,2.5,0.02200334084578304
0,0.9199999999999999,-0.07999999999999996,2.5,0.02214043072770347
0,0.9199999999999999,-0.05999999999999994,2.5,0.022245220866889064
0,0.9199999999999999,-0.040000000000000036,2.5,0.02231905594764454
0,0.9199999999999999,-0.020000000000000018,2.5,0.022362941819887395
0,0.9199999999999999,0.0,2.5,0.022377500325773673
0,0.9199999999999999,0.020000000000000018,2.5,0.022362941819887395
0,0.9199999999999999,0.040000000000000036,2.5,0.02231905594764454
0,0.9199999999999999,0.06000000000000005,2.5,0.022245220866889064
0,0.9199999999999999,0.08000000000000007,2.5,0.02214043072770347
0,0.9199999999999999,0.10000000000000009,2.5,0.02200334084578304
0,0.9199999999999999,0.1200000000000001,2.5,0.0218323295978368
0,0.9199999999999999,0.14000000000000012,2.5,0.02162557562150724
0,0.9199999999999999,0.15999999999999992,2.5,0.021381148414041283
0,0.9199999999999999,0.17999999999999994,2.5,0.02109710990095593
0,0.9199999999999999,0.19999999999999996,2.5,0.02077162400737011
0,0.9199999999999999,0.21999999999999997,2.5,0.02040307074070955
0,0.9199999999999999,0.24,2.5,0.019990160823389252
0,0.9199999999999999,0.26,2.5,0.019532046542893484
0,0.9199999999999999,0.28,2.5,0.01902842426096796
0,0.9199999999999999,0.30000000000000004,2.5,0.018479623986542282
0,0.9199999999999999,0.32000000000000006,2.5,0.0178866816031161
0,0.9199999999999999,0.3400000000000001,2.5,0.01725138977202965
0,0.9199999999999999,0.3600000000000001,2.5,0.016576324212602037
0,0.9199999999999999,0.3800000000000001,2.5,0.015864842973382885
0,0.9199999999999999,0.40000000000000013,2.5,0.015121057420379077
0,0.9199999999999999,0.41999999999999993,2.5,0.01434977492381768
0,0.9199999999999999,0.43999999999999995,2.5,0.013556414554772592
0,0.9199999999999999,0.45999999999999996,2.5,0.012746898425952271
0,0.9199999999999999,0.48,2.5,0.011927522541622377
0,0.9199999999999999,0.5,2.5,0.011104812076859668
0,0.9199999999999999,0.52,2.5,0.010285366812327076
0,0.9199999999999999,0.54,2.5,0.00947570294957295
0,0.9199999999999999,0.56,2.5,0.008682097686532789
0,0.9199999999999999,0.5800000000000001,2.5,0.007910442730863835
0,0.9199999999999999,0.6000000000000001,2.5,0.007166112382994052
0,0.9199999999999999,0.6200000000000001,2.5,0.006453850968921187
0,0.9199999999999999,0.6400000000000001,2.5,0.005777683303866266
0,0.9199999999999999,0.6600000000000001,2.5,0.0051408505972993825
0,0.9199999999999999,0.6799999999999999,2.5,0.004545772853183727
0,0.9199999999999999,0.7,2.5,0.003994037465289662
0,0.9199999999999999,0.72,2.5,0.0034864124411488786
0,0.9199999999999999,0.74,2.5,0.0030228815846904465
0,0.9199999999999999,0.76,2.5,0.002602698086815003
0,0.9199999999999999,0.78,2.5,0.0022244523565817654
0,0.9199999999999999,0.8,2.5,0.001886149594541874
0,0.9199999999999999,0.8200000000000001,2.5,0.0015852925651375107
0,0.9199999999999999,0.8400000000000001,2.5,0.0013189652495975688
0,0.9199999999999999,0.8600000000000001,2.5,0.0010839135214290485
0,0.9199999999999999,0.8800000000000001,2.5,0.0008766196386543081
0,0.9199999999999999,0.9000000000000001,2.5,0.0006933681379456752
0,0.9199999999999999,0.9199999999999999,2.5,0.0005303015897800871
0,0.9199999999999999,0.94,2.5,0.0003834655748598078
0,0.9199999999999999,0.96,2.5,0.0002488431177330643
0,0.9199999999999999,0.98,2.5,0.00012237961673322895
0,0.9199999999999999,1.0,2.5,0.0
0,0.94,-1.0,2.5,0.0
0,0.94,-0.98,2.5,8.849361151021441e-05
0,0.94,-0.96,2.5,0.00017994036448130634
0,0.94,-0.94,2.5,0.00027728702901316777
0,0.94,-0.92,2.5,0.0003834655748598078
0,0.94,-0.9,2.5,0.0005013807664206587
0,0.94,-0.88,2.5,0.0006338921360522484
0,0.94,-0.86,2.5,0.0007837890848195896
0,0.94,-0.84,2.5,0.0009537583592377168
0,0.94,-0.8200000000000001,2.5,0.0011463437333677742
0,0.94,-0.8,2.5,0.0013638983588769445
0,0.94,-0.78,2.5,0.0016085308973115462
0,0.94,-0.76,2.5,0.0018820471808394677
0,0.94,-0.74,2.5,0.0021858897197279815
0,0.94,-0.72,2.5,0.002521077846353631
0,0.94,-0.7,2.5,0.0028881516186761986
0,0.94,-0.6799999999999999,2.5,0.0032871227684696976
0,0.94,-0.6599999999999999,2.5,0.0037174359473485423
0,0.94,-0.64,2.5,0.004177943284171855
0,0.94,-0.62,2.5,0.004666894821538495
0,0.94,-0.6,2.5,0.005181946762156229
0,0.94,-0.5800000000000001,2.5,0.005720188657862763
0,0.94,-0.56,2.5,0.0062781897583746
0,0.94,-0.54,2.5,0.006852063757707769
0,0.94,-0.52,2.5,0.0074375501951445535
0,0.94,-0.5,2.5,0.008030109848802026
0,0.94,-0.48,2.5,0.008625030665170652
0,0.94,-0.45999999999999996,2.5,0.009217540151982536
0,0.94,-0.43999999999999995,2.5,0.009802919767112754
0,0.94,-0.42000000000000004,2.5,0.010376616690107638
0,0.94,-0.4,2.5,0.010934348474787282
0,0.94,-0.38,2.5,0.011472196442085013
0,0.94,-0.36,2.5,0.01198668425513849
0,0.94,-0.33999999999999997,2.5,0.012474838881726989
0,0.94,-0.31999999999999995,2.5,0.012934232039107369
0,0.94,-0.29999999999999993,2.5,0.01336300117299905
0,0.94,-0.28,2.5,0.01375984998407928
0,0.94,-0.26,2.5,0.014124029423397504
0,0.94,-0.24,2.5,0.014455300881969666
0,0.94,-0.21999999999999997,2.5,0.01475388396022458
0,0.94,-0.19999999999999996,2.5,0.015020391694385881
0,0.94,-0.17999999999999994,2.5,0.015255756428309508
0,0.94,-0.16000000000000003,2.5,0.015461149653872767
0,0.94,-0.14,2.5,0.015637899116172607
0,0.94,-0.12,2.5,0.015787406316562676
0,0.94,-0.09999999999999998,2.5,0.015911067278130245
0,0.94,-0.07999999999999996,2.5,0.016010199098256933
0,0.94,-0.05999999999999994,2.5,0.016085974434003013
0,0.94,-0.040000000000000036,2.5,0.016139365676591945
0,0.94,-0.020000000000000018,2.5,0.016171100193080493
0,0.94,0.0,2.5,0.01618162766022696
0,0.94,0.020000000000000018,2.5,0.016171100193080493
0,0.94,0.040000000000000036,2.5,0.016139365676591945
0,0.94,0.06000000000000005,2.5,0.016085974434003013
0,0.94,0.08000000000000007,2.5,0.016010199098256933
0,0.94,0.10000000000000009,2.5,0.015911067278130245
0,0.94,0.1200000000000001,2.5,0.015787406316562676
0,0.94,0.14000000000000012,2.5,0.015637899116172607
0,0.94,0.15999999999999992,2.5,0.015461149653872767
0,0.94,0.17999999999999994,2.5,0.015255756428309508
0,0.94,0.19999999999999996,2.5,0.015020391694385881
0,0.94,0.21999999999999997,2.5,0.01475388396022458
0,0.94,0.24,2.5,0.014455300881969666
0,0.94,0.26,2.5,0.014124029423397504
0,0.94,0.28,2.5,0.01375984998407928
0,0.94,0.30000000000000004,2.5,0.01336300117299905
0,0.94,0.32000000000000006,2.5,0.012934232039107369
0,0.94,0.3400000000000001,2.5,0.012474838881726989
0,0.94,0.3600000000000001,2.5,0.01198668425513849
0,0.94,0.3800000000000001,2.5,0.011472196442085013
0,0.94,0.40000000000000013,2.5,0.010934348474787282
0,0.94,0.41999999999999993,2.5,0.010376616690107638
0,0.94,0.43999999999999995,2.5,0.009802919767112754
0,0.94,0.45999999999999996,2.5,0.009217540151982536
0,0.94,0.48,2.5,0.008625030665170653
0,0.94,0.5,2.5,0.008030109848802026
0,0.94,0.52,2.5,0.007437550195144553
0,0.94,0.54,2.5,0.006852063757707768
0,0.94,0.56,2.5,0.006278189758374598
0,0.94,0.5800000000000001,2.5,0.005720188657862762
0,0.94,0.6000000000000001,2.5,0.005181946762156229
0,0.94,0.6200000000000001,2.5,0.004666894821538495
0,0.94,0.6400000000000001,2.5,0.004177943284171854
0,0.94,0.6600000000000001,2.5,0.0037174359473485423
0,0.94,0.6799999999999999,2.5,0.0032871227684696976
0,0.94,0.7,2.5,0.0028881516186761986
0,0.94,0.72,2.5,0.0025210778463536313
0,0.94,0.74,2.5,0.002185889719727982
0,0.94,0.76,2.5,0.001882047180839468
0,0.94,0.78,2.5,0.0016085308973115464
0,0.94,0.8,2.5,0.0013638983588769448
0,0.94,0.8200000000000001,2.5,0.0011463437333677745
0,0.94,0.8400000000000001,2.5,0.0009537583592377169
0,0.94,0.8600000000000001,2.5,0.0007837890848195897
0,0.94,0.8800000000000001,2.5,0.0006338921360522485
0,0.94,0.9000000000000001,2.5,0.0005013807664206585
0,0.94,0.9199999999999999,2.5,0.0003834655748598078
0,0.94,0.94,2.5,0.00027728702901316777
0,0.94,0.96,2.5,0.00017994036448130637
0,0.94,0.98,2.5,8.849361151021444e-05
0,0.94,1.0,2.5,0.0
0,0.96,-1.0,2.5,0.0
0,0.96,-0.98,2.5,5.7426282508264e-05
0,0.96,-0.96,2.5,0.00011676897778293488
0,0.96,-0.94,2.5,0.00017994036448130634
0,0.96,-0.92,2.5,0.0002488431177330643
0,0.96,-0.9,2.5,0.0003253622594524897
0,0.96,-0.88,2.5,0.00041135346041883125
0,0.96,-0.86,2.5,0.0005086268823520568
0,0.96,-0.84,2.5,0.0006189260723178277
0,0.96,-0.8200000000000001,2.5,0.0007439017987161735
0,0.96,-0.8,2.5,0.00088508112905483
0,0.96,-0.78,2.5,0.0010438324725929767
0,0.96,-0.76,2.5,0.0012213277210857826
0,0.96,-0.74,2.5,0.0014185029920703823
0,0.96,-0.72,2.5,0.0016360197851385588
0,0.96,-0.7,2.5,0.0018742285778343539
0,0.96,-0.6799999999999999,2.5,0.0021331369931833683
0,0.96,-0.6599999999999999,2.5,0.0024123846499322548
0,0.96,-0.64,2.5,0.002711226651184716
0,0.96,-0.62,2.5,0.00302852737777336
0,0.96,-0.6,2.5,0.0033627658393704796
0,0.96,-0.5800000000000001,2.5,0.003712053318472137
0,0.96,-0.56,2.5,0.004074163448140858
0,0.96,-0.54,2.5,0.004446574228978941
0,0.96,-0.52,2.5,0.0048265208541327966
0,0.96,-0.5,2.5,0.005211057614855276
0,0.96,-0.48,2.5,0.005597126643434669
0,0.96,-0.45999999999999996,2.5,0.005981630850535701
0,0.96,-0.43999999999999995,2.5,0.006361508157882967
0,0.96,-0.42000000000000004,2.5,0.006733804032398348
0,0.96,-0.4,2.5,0.007095739400492562
0,0.96,-0.38,2.5,0.0074447712553003505
0,0.96,-0.36,2.5,0.0077786436478952115
0,0.96,-0.33999999999999997,2.5,0.008095427248726044
0,0.96,-0.31999999999999995,2.5,0.008393546243062535
0,0.96,-0.29999999999999993,2.5,0.008671791945091012
0,0.96,-0.28,2.5,0.008929323139344955
0,0.96,-0.26,2.5,0.009165653747435528
0,0.96,-0.24,2.5,0.009380628939708787
0,0.96,-0.21999999999999997,2.5,0.009574391240030187
0,0.96,-0.19999999999999996,2.5,0.009747338490795949
0,0.96,-0.17999999999999994,2.5,0.009900075747373761
0,0.96,-0.16000000000000003,2.5,0.010033363258503082
0,0.96,-0.14,2.5,0.010148062671762409
0,0.96,-0.12,2.5,0.01024508349727801
0,0.96,-0.09999999999999998,2.5,0.010325331688645887
0,0.96,-0.07999999999999996,2.5,0.010389661979418839
0,0.96,-0.05999999999999994,2.5,0.01043883536761745
0,0.96,-0.040000000000000036,2.5,0.010473482887980043
0,0.96,-0.020000000000000018,2.5,0.010494076566239576
0,0.96,0.0,2.5,0.010500908220591344
0,0.96,0.020000000000000018,2.5,0.010494076566239576
0,0.96,0.040000000000000036,2.5,0.010473482887980043
0,0.96,0.06000000000000005,2.5,0.01043883536761745
0,0.96,0.08000000000000007,2.5,0.010389661979418839
0,0.96,0.10000000000000009,2.5,0.010325331688645887
0,0.96,0.1200000000000001,2.5,0.01024508349727801
0,0.96,0.14000000000000012,2.5,0.010148062671762409
0,0.96,0.15999999999999992,2.5,0.010033363258503082
0,0.96,0.17999999999999994,2.5,0.009900075747373761
0,0.96,0.19999999999999996,2.5,0.009747338490795949
0,0.96,0.21999999999999997,2.5,0.009574391240030187
0,0.96,0.24,2.5,0.009380628939708787
0,0.96,0.26,2.5,0.009165653747435528
0,0.96,0.28,2.5,0.008929323139344955
0,0.96,0.30000000000000004,2.5,0.008671791945091012
0,0.96,0.32000000000000006,2.5,0.008393546243062535
0,0.96,0.3400000000000001,2.5,0.008095427248726044
0,0.96,0.3600000000000001,2.5,0.0077786436478952115
0,0.96,0.3800000000000001,2.5,0.0074447712553003505
0,0.96,0.40000000000000013,2.5,0.007095739400492562
0,0.96,0.41999999999999993,2.5,0.006733804032398348
0,0.96,0.43999999999999995,2.5,0.006361508157882967
0,0.96,0.45999999999999996,2.5,0.005981630850535701
0,0.96,0.48,2.5,0.005597126643434669
0,0.96,0.5,2.5,0.005211057614855276
0,0.96,0.52,2.5,0.0048265208541327966
0,0.96,0.54,2.5,0.00444657422897894
0,0.96,0.56,2.5,0.004074163448140857
0,0.96,0.5800000000000001,2.5,0.0037120533184721366
0,0.96,0.6000000000000001,2.5,0.003362765839370479
0,0.96,0.6200000000000001,2.5,0.0030285273777733595
0,0.96,0.6400000000000001,2.5,0.0027112266511847157
0,0.96,0.6600000000000001,2.5,0.0024123846499322548
0,0.96,0.6799999999999999,2.5,0.0021331369931833683
0,0.96,0.7,2.5,0.001874228577834354
0,0.96,0.72,2.5,0.001636019785138559
0,0.96,0.74,2.5,0.0014185029920703825
0,0.96,0.76,2.5,0.001221327721085783
0,0.96,0.78,2.5,0.0010438324725929769
0,0.96,0.8,2.5,0.0008850811290548302
0,0.96,0.8200000000000001,2.5,0.0007439017987161736
0,0.96,0.8400000000000001,2.5,0.0006189260723178278
0,0.96,0.8600000000000001,2.5,0.000508626882352057
0,0.96,0.8800000000000001,2.5,0.0004113534604188313
0,0.96,0.9000000000000001,2.5,0.0003253622594524897
0,0.96,0.9199999999999999,2.5,0.0002488431177330643
0,0.96,0.94,2.5,0.00017994036448130637
0,0.96,0.96,2.5,0.00011676897778293489
0,0.96,0.98,2.5,5.742628250826401e-05
0,0.96,1.0,2.5,0.0
0,0.98,-1.0,2.5,0.0
0,0.98,-0.98,2.5,2.8241897107199433e-05
0,0.98,-0.96,2.5,5.7426282508264e-05
0,0.98,-0.94,2.5,8.849361151021442e-05
0,0.98,-0.92,2.5,0.00012237961673322895
0,0.98,-0.9,2.5,0.00016001134941845787
0,0.98,-0.88,2.5,0.00020230142651245215
0,0.98,-0.86,2.5,0.00025014008429193654
0,0.98,-0.84,2.5,0.0003043847986894231
0,0.98,-0.8200000000000001,2.5,0.0003658474178511893
0,0.98,-0.8,2.5,0.0004352789545643989
0,0.98,-0.78,2.5,0.0005133523941669525
0,0.98,-0.76,2.5,0.0006006440752650525
0,0.98,-0.74,2.5,0.0006976143831470464
0,0.98,-0.72,2.5,0.0008045886462774535
0,0.98,-0.7,2.5,0.0009217392325808767
0,0.98,-0.6799999999999999,2.5,0.0010490698940473374
0,0.98,-0.6599999999999999,2.5,0.0011864033978990936
0,0.98,-0.64,2.5,0.001333373406137371
0,0.98,-0.62,2.5,0.001489421422986042
0,0.98,-0.6,2.5,0.0016537994264689937
0,0.98,-0.5800000000000001,2.5,0.0018255785456678844
0,0.98,-0.56,2.5,0.002003663852952284
0,0.98,-0.54,2.5,0.002186815027974516
0,0.98,-0.52,2.5,0.0023736723371027887
0,0.98,-0.5,2.5,0.002562787078715341
0,0.98,-0.48,2.5,0.0027526553911449915
0,0.98,-0.45999999999999996,2.5,0.0029417541234573164
0,0.98,-0.43999999999999995,2.5,0.003128577343286839
0,0.98,-0.42000000000000004,2.5,0.003311672009323198
0,0.98,-0.4,2.5,0.00348967137173879
0,0.98,-0.38,2.5,0.0036613247789762057
0,0.98,-0.36,2.5,0.0038255227553377516
0,0.98,-0.33999999999999997,2.5,0.003981316457365026
0,0.98,-0.31999999999999995,2.5,0.0041279309010363065
0,0.98,-0.29999999999999993,2.5,0.0042647716571494595
0,0.98,-0.28,2.5,0.004391425019165387
0,0.98,-0.26,2.5,0.004507651937598197
0,0.98,-0.24,2.5,0.004613376271593273
0,0.98,-0.21999999999999997,2.5,0.004708668119108126
0,0.98,-0.19999999999999996,2.5,0.004793723143945716
0,0.98,-0.17999999999999994,2.5,0.00486883891728331
0,0.98,-0.16000000000000003,2.5,0.004934389334286539
0,0.98,-0.14,2.5,0.004990798157827747
0,0.98,-0.12,2.5,0.005038512689227702
0,0.98,-0.09999999999999998,2.5,0.005077978480264712
0,0.98,-0.07999999999999996,2.5,0.005109615892192179
0,0.98,-0.05999999999999994,2.5,0.00513379918657373
0,0.98,-0.040000000000000036,2.5,0.005150838708444568
0,0.98,-0.020000000000000018,2.5,0.005160966601606006
0,0.98,0.0,2.5,0.005164326383177123
0,0.98,0.020000000000000018,2.5,0.005160966601606006
0,0.98,0.040000000000000036,2.5,0.005150838708444568
0,0.98,0.06000000000000005,2.5,0.00513379918657373
0,0.98,0.08000000000000007,2.5,0.005109615892192179
0,0.98,0.10000000000000009,2.5,0.005077978480264712
0,0.98,0.1200000000000001,2.5,0.005038512689227702
0,0.98,0.14000000000000012,2.5,0.004990798157827747
0,0.98,0.15999999999999992,2.5,0.004934389334286539
0,0.98,0.17999999999999994,2.5,0.00486883891728331
0,0.98,0.19999999999999996,2.5,0.004793723143945716
0,0.98,0.21999999999999997,2.5,0.004708668119108126
0,0.98,0.24,2.5,0.004613376271593273
0,0.98,0.26,2.5,0.004507651937598197
0,0.98,0.28,2.5,0.004391425019165387
0,0.98,0.30000000000000004,2.5,0.0042647716571494595
0,0.98,0.32000000000000006,2.5,0.0041279309010363065
0,0.98,0.3400000000000001,2.5,0.003981316457365026
0,0.98,0.3600000000000001,2.5,0.0038255227553377516
0,0.98,0.3800000000000001,2.5,0.0036613247789762057
0,0.98,0.40000000000000013,2.5,0.00348967137173879
0,0.98,0.41999999999999993,2.5,0.003311672009323198
0,0.98,0.43999999999999995,2.5,0.003128577343286839
0,0.98,0.45999999999999996,2.5,0.0029417541234573164
0,0.98,0.48,2.5,0.0027526553911449915
0,0.98,0.5,2.5,0.002562787078715341
0,0.98,0.52,2.5,0.0023736723371027882
0,0.98,0.54,2.5,0.0021868150279745154
0,0.98,0.56,2.5,0.0020036638529522836
0,0.98,0.5800000000000001,2.5,0.001825578545667884
0,0.98,0.6000000000000001,2.5,0.0016537994264689934
0,0.98,0.6200000000000001,2.5,0.0014894214229860417
0,0.98,0.6400000000000001,2.5,0.001333373406137371
0,0.98,0.6600000000000001,2.5,0.0011864033978990936
0,0.98,0.6799999999999999,2.5,0.0010490698940473374
0,0.98,0.7,2.5,0.0009217392325808768
0,0.98,0.72,2.5,0.0008045886462774536
0,0.98,0.74,2.5,0.0006976143831470465
0,0.98,0.76,2.5,0.0006006440752650527
0,0.98,0.78,2.5,0.0005133523941669526
0,0.98,0.8,2.5,0.000435278954564399
0,0.98,0.8200000000000001,2.5,0.0003658474178511894
0,0.98,0.8400000000000001,2.5,0.00030438479868942313
0,0.98,0.8600000000000001,2.5,0.00025014008429193654
0,0.98,0.8800000000000001,2.5,0.00020230142651245217
0,0.98,0.9000000000000001,2.5,0.00016001134941845787
0,0.98,0.9199999999999999,2.5,0.00012237961673322895
0,0.98,0.94,2.5,8.849361151021444e-05
0,0.98,0.96,2.5,5.742628250826401e-05
0,0.98,0.98,2.5,2.8241897107199436e-05
0,0.98,1.0,2.5,0.0
0,1.0,-1.0,2.5,0.0
0,1.0,-0.98,2.5,0.0
0,1.0,-0.96,2.5,0.0
0,1.0,-0.94,2.5,0.0
0,1.0,-0.92,2.5,0.0
0,1.0,-0.9,2.5,0.0
0,1.0,-0.88,2.5,0.0
0,1.0,-0.86,2.5,0.0
0,1.0,-0.84,2.5,0.0
0,1.0,-0.8200000000000001,2.5,0.0
0,1.0,-0.8,2.5,0.0
0,1.0,-0.78,2.5,0.0
0,1.0,-0.76,2.5,0.0
0,1.0,-0.74,2.5,0.0
0,1.0,-0.72,2.5,0.0
0,1.0,-0.7,2.5,0.0
0,1.0,-0.6799999999999999,2.5,0.0
0,1.0,-0.6599999999999999,2.5,0.0
0,1.0,-0.64,2.5,0.0
0,1.0,-0.62,2.5,0.0
0,1.0,-0.6,2.5,0.0
0,1.0,-0.5800000000000001,2.5,0.0
0,1.0,-0.56,2.5,0.0
0,1.0,-0.54,2.5,0.0
0,1.0,-0.52,2.5,0.0
0,1.0,-0.5,2.5,0.0
0,1.0,-0.48,2.5,0.0
0,1.0,-0.45999999999999996,2.5,0.0
0,1.0,-0.43999999999999995,2.5,0.0
0,1.0,-0.42000000000000004,2.5,0.0
0,1.0,-0.4,2.5,0.0
0,1.0,-0.38,2.5,0.0
0,1.0,-0.36,2.5,0.0
0,1.0,-0.33999999999999997,2.5,0.0
0,1.0,-0.31999999999999995,2.5,0.0
0,1.0,-0.29999999999999993,2.5,0.0
0,1.0,-0.28,2.5,0.0
0,1.0,-0.26,2.5,0.0
0,1.0,-0.24,2.5,0.0
0,1.0,-0.21999999999999997,2.5,0.0
0,1.0,-0.19999999999999996,2.5,0.0
0,1.0,-0.17999999999999994,2.5,0.0
0,1.0,-0.16000000000000003,2.5,0.0
0,1.0,-0.14,2.5,0.0
0,1.0,-0.12,2.5,0.0
0,1.0,-0.09999999999999998,2.5,0.0
0,1.0,-0.07999999999999996,2.5,0.0
0,1.0,-0.05999999999999994,2.5,0.0
0,1.0,-0.040000000000000036,2.5,0.0
0,1.0,-0.020000000000000018,2.5,0.0
0,1.0,0.0,2.5,0.0
0,1.0,0.020000000000000018,2.5,0.0
0,1.0,0.040000000000000036,2.5,0.0
0,1.0,0.06000000000000005,2.5,0.0
0,1.0,0.08000000000000007,2.5,0.0
0,1.0,0.10000000000000009,2.5,0.0
0,1.0,0.1200000000000001,2.5,0.0
0,1.0,0.14000000000000012,2.5,0.0
0,1.0,0.15999999999999992,2.5,0.0
0,1.0,0.17999999999999994,2.5,0.0
0,1.0,0.19999999999999996,2.5,0.0
0,1.0,0.21999999999999997,2.5,0.0
0,1.0,0.24,2.5,0.0
0,1.0,0.26,2.5,0.0
0,1.0,0.28,2.5,0.0
0,1.0,0.30000000000000004,2.5,0.0
0,1.0,0.32000000000000006,2.5,0.0
0,1.0,0.3400000000000001,2.5,0.0
0,1.0,0.3600000000000001,2.5,0.0
0,1.0,0.3800000000000001,2.5,0.0
0,1.0,0.40000000000000013,2.5,0.0
0,1.0,0.41999999999999993,2.5,0.0
0,1.0,0.43999999999999995,2.5,0.0
0,1.0,0.45999999999999996,2.5,0.0
0,1.0,0.48,2.5,0.0
0,1.0,0.5,2.5,0.0
0,1.0,0.52,2.5,0.0
0,1.0,0.54,2.5,0.0
0,1.0,0.56,2.5,0.0
0,1.0,0.5800000000000001,2.5,0.0
0,1.0,0.6000000000000001,2.5,0.0
0,1.0,0.6200000000000001,2.5,0.0
0,1.0,0.6400000000000001,2.5,0.0
0,1.0,0.6600000000000001,2.5,0.0
0,1.0,0.6799999999999999,2.5,0.0
0,1.0,0.7,2.5,0.0
0,1.0,0.72,2.5,0.0
0,1.0,0.74,2.5,0.0
0,1.0,0.76,2.5,0.0
0,1.0,0.78,2.5,0.0
0,1.0,0.8,2.5,0.0
0,1.0,0.8200000000000001,2.5,0.0
0,1.0,0.8400000000000001,2.5,0.0
0,1.0,0.8600000000000001,2.5,0.0
0,1.0,0.8800000000000001,2.5,0.0
0,1.0,0.9000000000000001,2.5,0.0
0,1.0,0.9199999999999999,2.5,0.0
0,1.0,0.94,2.5,0.0
0,1.0,0.96,2.5,0.0
0,1.0,0.98,2.5,0.0
0,1.0,1.0,2.5,0.0
