sensor_id,x,y,time,temperature
0,0.0,0.0,0.0,36.787944117144235
0,0.0,0.0,0.0016,36.787943552277355
0,0.0,0.0,0.0032,36.78794238525508
0,0.0,0.0,0.0048000000000000004,36.78794061638559
0,0.0,0.0,0.0064,36.787938245976896
0,0.0,0.0,0.008,36.787935274336874
0,0.0,0.0,0.009600000000000001,36.787931701773246
0,0.0,0.0,0.0112,36.7879275285936
0,0.0,0.0,0.0128,36.787922755105356
0,0.0,0.0,0.014400000000000001,36.78791738161579
0,0.0,0.0,0.016,36.78791140843203
0,0.0,0.0,0.0176,36.787904835861
0,0.0,0.0,0.019200000000000002,36.78789766420923
0,0.0,0.0,0.020800000000000003,36.78788989378229
0,0.0,0.0,0.0224,36.78788152488303
0,0.0,0.0,0.024,36.78787255780736
0,0.0,0.0,0.0256,36.787862992834526
0,0.0,0.0,0.027200000000000002,36.78785283020737
0,0.0,0.0,0.028800000000000003,36.787842070094676
0,0.0,0.0,0.0304,36.78783071252455
0,0.0,0.0,0.032,36.78781875727281
0,0.0,0.0,0.033600000000000005,36.787806203686124
0,0.0,0.0,0.0352,36.7877930504139
0,0.0,0.0,0.0368,36.78777929501863
0,0.0,0.0,0.038400000000000004,36.78776493342982
0,0.0,0.0,0.04,36.787749959204156
0,0.0,0.0,0.041600000000000005,36.787734362552825
0,0.0,0.0,0.0432,36.787718129097506
0,0.0,0.0,0.0448,36.78770123831895
0,0.0,0.0,0.046400000000000004,36.78768366166644
0,0.0,0.0,0.048,36.787665360302846
0,0.0,0.0,0.049600000000000005,36.78764628246773
0,0.0,0.0,0.0512,36.787626360450346
0,0.0,0.0,0.0528,36.78760550717411
0,0.0,0.0,0.054400000000000004,36.78758361240516
0,0.0,0.0,0.056,36.78756053860733
0,0.0,0.0,0.057600000000000005,36.78753611647658
0,0.0,0.0,0.0592,36.787510140196574
0,0.0,0.0,0.0608,36.78748236246536
0,0.0,0.0,0.062400000000000004,36.78745248934977
0,0.0,0.0,0.064,36.78742017502917
0,0.0,0.0,0.0656,36.787385016493666
0,0.0,0.0,0.06720000000000001,36.787346548263734
0,0.0,0.0,0.0688,36.78730423719838
0,0.0,0.0,0.0704,36.787257477457715
0,0.0,0.0,0.07200000000000001,36.78720558568307
0,0.0,0.0,0.0736,36.78714779645395
0,0.0,0.0,0.0752,36.78708325807605
0,0.0,0.0,0.07680000000000001,36.78701102874936
0,0.0,0.0,0.0784,36.786930073158295
0,0.0,0.0,0.08,36.78683925951988
0,0.0,0.0,0.0816,36.78673735711842
0,0.0,0.0,0.08320000000000001,36.786623034348565
0,0.0,0.0,0.0848,36.78649485728134
0,0.0,0.0,0.0864,36.78635128876144
0,0.0,0.0,0.08800000000000001,36.78619068803743
0,0.0,0.0,0.0896,36.78601131092071
0,0.0,0.0,0.0912,36.78581131046351
0,0.0,0.0,0.09280000000000001,36.78558873814149
0,0.0,0.0,0.0944,36.785341545521966
0,0.0,0.0,0.096,36.785067586395094
0,0.0,0.0,0.0976,36.78476461934219
0,0.0,0.0,0.09920000000000001,36.784430310712594
0,0.0,0.0,0.1008,36.78406223797865
0,0.0,0.0,0.1024,36.78365789343657
0,0.0,0.0,0.10400000000000001,36.783214688220156
0,0.0,0.0,0.1056,36.782729956593414
0,0.0,0.0,0.1072,36.782200960488275
0,0.0,0.0,0.10880000000000001,36.781624894253454
0,0.0,0.0,0.11040000000000001,36.78099888958127
0,0.0,0.0,0.112,36.7803200205798
0,0.0,0.0,0.1136,36.77958530895889
0,0.0,0.0,0.11520000000000001,36.77879172929986
0,0.0,0.0,0.1168,36.77793621437979
0,0.0,0.0,0.1184,36.77701566052328
0,0.0,0.0,0.12000000000000001,36.776026932955894
0,0.0,0.0,0.1216,36.77496687113518
0,0.0,0.0,0.1232,36.77383229403717
0,0.0,0.0,0.12480000000000001,36.772620005377796
0,0.0,0.0,0.1264,36.77132679875049
0,0.0,0.0,0.128,36.76994946266315
0,0.0,0.0,0.1296,36.76848478545904
0,0.0,0.0,0.1312,36.76692956010837
0,0.0,0.0,0.1328,36.76528058885844
0,0.0,0.0,0.13440000000000002,36.76353468773213
0,0.0,0.0,0.136,36.76168869086593
0,0.0,0.0,0.1376,36.75973945467994
0,0.0,0.0,0.13920000000000002,36.75768386187406
0,0.0,0.0,0.1408,36.75551882524528
0,0.0,0.0,0.1424,36.75324129132269
0,0.0,0.0,0.14400000000000002,36.75084824381744
0,0.0,0.0,0.1456,36.74833670688639
0,0.0,0.0,0.1472,36.74570374820873
0,0.0,0.0,0.14880000000000002,36.74294648187575
0,0.0,0.0,0.1504,36.74006207109497
0,0.0,0.0,0.152,36.73704773071028
0,0.0,0.0,0.15360000000000001,36.7339007295405
0,0.0,0.0,0.1552,36.73061839253912
0,0.0,0.0,0.1568,36.72719810277888
0,0.0,0.0,0.1584,36.72363730326477
0,0.0,0.0,0.16,36.71993349857998
0,0.0,0.0,0.16160000000000002,36.71608425636892
0,0.0,0.0,0.1632,36.712087208662616
0,0.0,0.0,0.1648,36.707940053050976
0,0.0,0.0,0.16640000000000002,36.70364055370764
0,0.0,0.0,0.168,36.69918654227239
0,0.0,0.0,0.1696,36.69457591859679
0,0.0,0.0,0.17120000000000002,36.689806651358474
0,0.0,0.0,0.1728,36.68487677854968
0,0.0,0.0,0.1744,36.67978440784566
0,0.0,0.0,0.17600000000000002,36.674527716858385
0,0.0,0.0,0.1776,36.669104953281305
0,0.0,0.0,0.1792,36.663514434930406
0,0.0,0.0,0.18080000000000002,36.65775454968714
0,0.0,0.0,0.1824,36.65182375534849
0,0.0,0.0,0.184,36.64572057938937
0,0.0,0.0,0.18560000000000001,36.639443618642574
0,0.0,0.0,0.1872,36.63299153890108
0,0.0,0.0,0.1888,36.62636307444782
0,0.0,0.0,0.1904,36.619557027517395
0,0.0,0.0,0.192,36.61257226769451
0,0.0,0.0,0.19360000000000002,36.60540773125349
0,0.0,0.0,0.1952,36.59806242044316
0,0.0,0.0,0.1968,36.590535402721265
0,0.0,0.0,0.19840000000000002,36.58282580994233
0,0.0,0.0,0.2,36.57493283750301
0,0.0,0.0,0.2016,36.56685574344835
0,0.0,0.0,0.20320000000000002,36.558593847542596
0,0.0,0.0,0.2048,36.550146530308005
0,0.0,0.0,0.2064,36.54151323203478
0,0.0,0.0,0.20800000000000002,36.53269345176519
0,0.0,0.0,0.2096,36.52368674625499
0,0.0,0.0,0.2112,36.51449272891466
0,0.0,0.0,0.21280000000000002,36.505111068733356
0,0.0,0.0,0.2144,36.49554148918794
0,0.0,0.0,0.216,36.48578376713962
0,0.0,0.0,0.21760000000000002,36.475837731720205
0,0.0,0.0,0.2192,36.465703263210436
0,0.0,0.0,0.22080000000000002,36.455380291912135
0,0.0,0.0,0.22240000000000001,36.44486879701621
0,0.0,0.0,0.224,36.4341688054682
0,0.0,0.0,0.22560000000000002,36.42328039083316
0,0.0,0.0,0.2272,36.412203672161375
0,0.0,0.0,0.2288,36.40093881285626
0,0.0,0.0,0.23040000000000002,36.389486019546105
0,0.0,0.0,0.232,36.37784554096063
0,0.0,0.0,0.2336,36.36601766681374
0,0.0,0.0,0.23520000000000002,36.35400272669354
0,0.0,0.0,0.2368,36.34180108896052
0,0.0,0.0,0.2384,36.329413159655125
0,0.0,0.0,0.24000000000000002,36.31683938141513
0,0.0,0.0,0.2416,36.304080232404196
0,0.0,0.0,0.2432,36.291136225251826
0,0.0,0.0,0.24480000000000002,36.27800790600567
0,0.0,0.0,0.2464,36.264695853096676
0,0.0,0.0,0.248,36.25120067631777
0,0.0,0.0,0.24960000000000002,36.237523015816365
0,0.0,0.0,0.25120000000000003,36.22366354110129
0,0.0,0.0,0.2528,36.20962295006449
0,0.0,0.0,0.2544,36.19540196801784
0,0.0,0.0,0.256,36.18100134674533
0,0.0,0.0,0.2576,36.166421863571074
0,0.0,0.0,0.2592,36.151664320443054
0,0.0,0.0,0.26080000000000003,36.1367295430331
0,0.0,0.0,0.2624,36.121618379853025
0,0.0,0.0,0.264,36.10633170138726
0,0.0,0.0,0.2656,36.0908703992418
0,0.0,0.0,0.2672,36.07523538530984
0,0.0,0.0,0.26880000000000004,36.0594275909538
0,0.0,0.0,0.27040000000000003,36.043447966204155
0,0.0,0.0,0.272,36.02729747897462
0,0.0,0.0,0.2736,36.01097711429399
0,0.0,0.0,0.2752,35.99448787355449
0,0.0,0.0,0.2768,35.977830773776425
0,0.0,0.0,0.27840000000000004,35.9610068468893
0,0.0,0.0,0.28,35.94401713902903
0,0.0,0.0,0.2816,35.92686270985139
0,0.0,0.0,0.2832,35.909544631861365
0,0.0,0.0,0.2848,35.89206398975831
0,0.0,0.0,0.2864,35.874421879796884
0,0.0,0.0,0.28800000000000003,35.85661940916343
0,0.0,0.0,0.2896,35.8386576953677
0,0.0,0.0,0.2912,35.820537865649804
0,0.0,0.0,0.2928,35.802261056402
0,0.0,0.0,0.2944,35.783828412605416
0,0.0,0.0,0.29600000000000004,35.76524108728123
0,0.0,0.0,0.29760000000000003,35.746500240956244
0,0.0,0.0,0.2992,35.72760704114261
0,0.0,0.0,0.3008,35.708562661831515
0,0.0,0.0,0.3024,35.68936828300053
0,0.0,0.0,0.304,35.670025090134466
0,0.0,0.0,0.30560000000000004,35.65053427375952
0,0.0,0.0,0.30720000000000003,35.63089702899041
0,0.0,0.0,0.3088,35.61111455509035
0,0.0,0.0,0.3104,35.591188055043624
0,0.0,0.0,0.312,35.57111873514041
0,0.0,0.0,0.3136,35.55090780457383
0,0.0,0.0,0.31520000000000004,35.530556475048826
0,0.0,0.0,0.3168,35.51006596040264
0,0.0,0.0,0.3184,35.48943747623685
0,0.0,0.0,0.32,35.46867223956044
0,0.0,0.0,0.3216,35.44777146844394
0,0.0,0.0,0.32320000000000004,35.42673638168423
0,0.0,0.0,0.32480000000000003,35.40556819847994
0,0.0,0.0,0.3264,35.384268138117015
0,0.0,0.0,0.328,35.36283741966444
0,0.0,0.0,0.3296,35.34127726167973
0,0.0,0.0,0.3312,35.31958888192416
0,0.0,0.0,0.33280000000000004,35.29777349708725
0,0.0,0.0,0.33440000000000003,35.27583232252054
0,0.0,0.0,0.336,35.25376657198033
0,0.0,0.0,0.3376,35.231577457379196
0,0.0,0.0,0.3392,35.20926618854607
0,0.0,0.0,0.3408,35.18683397299466
0,0.0,0.0,0.34240000000000004,35.16428201570014
0,0.0,0.0,0.34400000000000003,35.141611518883614
0,0.0,0.0,0.3456,35.11882368180461
0,0.0,0.0,0.3472,35.095919700560955
0,0.0,0.0,0.3488,35.07290076789615
0,0.0,0.0,0.3504,35.04976807301391
0,0.0,0.0,0.35200000000000004,35.02652280139978
0,0.0,0.0,0.3536,35.00316613464961
0,0.0,0.0,0.3552,34.97969925030466
0,0.0,0.0,0.3568,34.95612332169325
0,0.0,0.0,0.3584,34.932439517778725
0,0.0,0.0,0.36000000000000004,34.90864900301365
0,0.0,0.0,0.36160000000000003,34.884752937199956
0,0.0,0.0,0.3632,34.86075247535495
0,0.0,0.0,0.3648,34.83664876758304
0,0.0,0.0,0.3664,34.81244295895302
0,0.0,0.0,0.368,34.78813618938067
0,0.0,0.0,0.36960000000000004,34.76372959351674
0,0.0,0.0,0.37120000000000003,34.73922430063989
0,0.0,0.0,0.3728,34.71462143455466
0,0.0,0.0,0.3744,34.689922113494305
0,0.0,0.0,0.376,34.66512745002823
0,0.0,0.0,0.3776,34.64023855097407
0,0.0,0.0,0.37920000000000004,34.61525651731412
0,0.0,0.0,0.3808,34.59018244411616
0,0.0,0.0,0.3824,34.565017420458354
0,0.0,0.0,0.384,34.539762529358285
0,0.0,0.0,0.3856,34.51441884770594
0,0.0,0.0,0.38720000000000004,34.488987446200404
0,0.0,0.0,0.38880000000000003,34.46346938929044
0,0.0,0.0,0.3904,34.43786573511853
0,0.0,0.0,0.392,34.4121775354685
0,0.0,0.0,0.3936,34.386405835716495
0,0.0,0.0,0.3952,34.36055167478524
0,0.0,0.0,0.39680000000000004,34.334616085101544
0,0.0,0.0,0.39840000000000003,34.30860009255678
0,0.0,0.0,0.4,34.28250471647054
0,0.0,0.0,0.4016,34.25633096955703
0,0.0,0.0,0.4032,34.23007985789434
0,0.0,0.0,0.4048,34.20375238089648
0,0.0,0.0,0.40640000000000004,34.17734953128804
0,0.0,0.0,0.40800000000000003,34.15087229508129
0,0.0,0.0,0.4096,34.12432165155597
0,0.0,0.0,0.4112,34.097698573241274
0,0.0,0.0,0.4128,34.07100402590029
0,0.0,0.0,0.41440000000000005,34.04423896851659
0,0.0,0.0,0.41600000000000004,34.01740435328304
0,0.0,0.0,0.4176,33.9905011255927
0,0.0,0.0,0.4192,33.96353022403173
0,0.0,0.0,0.4208,33.93649258037428
0,0.0,0.0,0.4224,33.909389119579245
0,0.0,0.0,0.42400000000000004,33.882220759788886
0,0.0,0.0,0.42560000000000003,33.85498841232914
0,0.0,0.0,0.4272,33.82769298171177
0,0.0,0.0,0.4288,33.80033536563799
0,0.0,0.0,0.4304,33.7729164550038
0,0.0,0.0,0.432,33.745437133906826
0,0.0,0.0,0.43360000000000004,33.717898279654584
0,0.0,0.0,0.43520000000000003,33.69030076277421
0,0.0,0.0,0.4368,33.66264544702358
0,0.0,0.0,0.4384,33.634933189403675
0,0.0,0.0,0.44,33.607164840172295
0,0.0,0.0,0.44160000000000005,33.579341242858945
0,0.0,0.0,0.44320000000000004,33.5514632342809
0,0.0,0.0,0.44480000000000003,33.52353164456046
0,0.0,0.0,0.4464,33.49554729714314
0,0.0,0.0,0.448,33.46751100881715
0,0.0,0.0,0.4496,33.43942358973363
0,0.0,0.0,0.45120000000000005,33.411285843427976
0,0.0,0.0,0.45280000000000004,33.38309856684207
0,0.0,0.0,0.4544,33.35486255034741
0,0.0,0.0,0.456,33.32657857776904
0,0.0,0.0,0.4576,33.29824742641032
0,0.0,0.0,0.4592,33.26986986707849
0,0.0,0.0,0.46080000000000004,33.24144666411095
0,0.0,0.0,0.46240000000000003,33.212978575402296
0,0.0,0.0,0.464,33.18446635243194
0,0.0,0.0,0.4656,33.15591074029247
0,0.0,0.0,0.4672,33.127312477718604
0,0.0,0.0,0.46880000000000005,33.09867229711673
0,0.0,0.0,0.47040000000000004,33.06999092459498
0,0.0,0.0,0.47200000000000003,33.04126907999389
0,0.0,0.0,0.4736,33.012507476917484
0,0.0,0.0,0.4752,32.98370682276494
0,0.0,0.0,0.4768,32.95486781876264
0,0.0,0.0,0.47840000000000005,32.925991159996684
0,0.0,0.0,0.48000000000000004,32.897077535445796
0,0.0,0.0,0.48160000000000003,32.868127628014605
0,0.0,0.0,0.4832,32.83914211456734
0,0.0,0.0,0.4848,32.8101216659618
0,0.0,0.0,0.4864,32.78106694708368
0,0.0,0.0,0.48800000000000004,32.75197861688121
0,0.0,0.0,0.48960000000000004,32.72285732840004
0,0.0,0.0,0.4912,32.69370372881842
0,0.0,0.0,0.4928,32.66451845948261
0,0.0,0.0,0.4944,32.6353021559425
0,0.0,0.0,0.496,32.606055447987465
0,0.0,0.0,0.49760000000000004,32.576778959682436
0,0.0,0.0,0.49920000000000003,32.547473309404054
0,0.0,0.0,0.5008,32.51813910987709
0,0.0,0.0,0.5024000000000001,32.488776968210956
0,0.0,0.0,0.504,32.459387485936375
0,0.0,0.0,0.5056,32.42997125904213
0,0.0,0.0,0.5072,32.40052887801195
0,0.0,0.0,0.5088,32.37106092786147
0,0.0,0.0,0.5104000000000001,32.34156798817531
0,0.0,0.0,0.512,32.31205063314415
0,0.0,0.0,0.5136000000000001,32.28250943160192
0,0.0,0.0,0.5152,32.25294494706299
0,0.0,0.0,0.5168,32.22335773775943
0,0.0,0.0,0.5184,32.193748356678256
0,0.0,0.0,0.52,32.16411735159873
0,0.0,0.0,0.5216000000000001,32.13446526512961
0,0.0,0.0,0.5232,32.10479263474644
0,0.0,0.0,0.5248,32.07509999282874
0,0.0,0.0,0.5264,32.045387866697325
0,0.0,0.0,0.528,32.01565677865141
0,0.0,0.0,0.5296000000000001,31.98590724600581
0,0.0,0.0,0.5312,31.956139781127984
0,0.0,0.0,0.5328,31.92635489147511
0,0.0,0.0,0.5344,31.896553079631033
0,0.0,0.0,0.536,31.86673484334315
0,0.0,0.0,0.5376000000000001,31.836900675559253
0,0.0,0.0,0.5392,31.80705106446424
0,0.0,0.0,0.5408000000000001,31.77718649351674
0,0.0,0.0,0.5424,31.747307441485674
0,0.0,0.0,0.544,31.71741438248666
0,0.0,0.0,0.5456,31.687507786018354
0,0.0,0.0,0.5472,31.657588116998653
0,0.0,0.0,0.5488000000000001,31.62765583580076
0,0.0,0.0,0.5504,31.597711398289164
0,0.0,0.0,0.552,31.567755255855467
0,0.0,0.0,0.5536,31.537787855454056
0,0.0,0.0,0.5552,31.507809639637696
0,0.0,0.0,0.5568000000000001,31.4778210465929
0,0.0,0.0,0.5584,31.44782251017523
0,0.0,0.0,0.56,31.41781445994437
0,0.0,0.0,0.5616,31.387797321199127
0,0.0,0.0,0.5632,31.357771515012203
0,0.0,0.0,0.5648000000000001,31.327737458264842
0,0.0,0.0,0.5664,31.297695563681316
0,0.0,0.0,0.5680000000000001,31.267646239863215
0,0.0,0.0,0.5696,31.23758989132359
0,0.0,0.0,0.5712,31.207526918520948
0,0.0,0.0,0.5728,31.17745771789299
0,0.0,0.0,0.5744,31.147382681890274
0,0.0,0.0,0.5760000000000001,31.11730219900961
0,0.0,0.0,0.5776,31.08721665382734
0,0.0,0.0,0.5792,31.057126427032397
0,0.0,0.0,0.5808,31.02703189545918
0,0.0,0.0,0.5824,30.99693343212026
0,0.0,0.0,0.5840000000000001,30.966831406238878
0,0.0,0.0,0.5856,30.93672618328126
0,0.0,0.0,0.5872,30.90661812498874
0,0.0,0.0,0.5888,30.87650758940971
0,0.0,0.0,0.5904,30.846394930931318
0,0.0,0.0,0.5920000000000001,30.81628050031105
0,0.0,0.0,0.5936,30.786164644708027
0,0.0,0.0,0.5952000000000001,30.7560477077142
0,0.0,0.0,0.5968,30.725930029385253
0,0.0,0.0,0.5984,30.69581194627138
0,0.0,0.0,0.6,30.665693791447808
0,0.0,0.0,0.6016,30.635575894545166
0,0.0,0.0,0.6032000000000001,30.605458581779622
0,0.0,0.0,0.6048,30.575342175982808
0,0.0,0.0,0.6064,30.545226996631587
0,0.0,0.0,0.608,30.515113359877585
0,0.0,0.0,0.6096,30.485001578576515
0,0.0,0.0,0.6112000000000001,30.454891962317323
0,0.0,0.0,0.6128,30.424784817451105
0,0.0,0.0,0.6144000000000001,30.394680447119843
0,0.0,0.0,0.616,30.364579151284918
0,0.0,0.0,0.6176,30.334481226755436
0,0.0,0.0,0.6192000000000001,30.304386967216345
0,0.0,0.0,0.6208,30.274296663256333
0,0.0,0.0,0.6224000000000001,30.244210602395565
0,0.0,0.0,0.624,30.214129069113156
0,0.0,0.0,0.6256,30.18405234487449
0,0.0,0.0,0.6272,30.153980708158333
0,0.0,0.0,0.6288,30.123914434483712
0,0.0,0.0,0.6304000000000001,30.093853796436616
0,0.0,0.0,0.632,30.06379906369651
0,0.0,0.0,0.6336,30.033750503062606
0,0.0,0.0,0.6352,30.00370837847997
0,0.0,0.0,0.6368,29.973672951065424
0,0.0,0.0,0.6384000000000001,29.943644479133223
0,0.0,0.0,0.64,29.91362321822057
0,0.0,0.0,0.6416000000000001,29.8836094211129
0,0.0,0.0,0.6432,29.853603337868996
0,0.0,0.0,0.6448,29.82360521584589
0,0.0,0.0,0.6464000000000001,29.79361529972356
0,0.0,0.0,0.648,29.763633831529443
0,0.0,0.0,0.6496000000000001,29.733661050662786
0,0.0,0.0,0.6512,29.703697193918725
0,0.0,0.0,0.6528,29.67374249551225
0,0.0,0.0,0.6544,29.643797187101928
0,0.0,0.0,0.656,29.613861497813453
0,0.0,0.0,0.6576000000000001,29.583935654263005
0,0.0,0.0,0.6592,29.554019880580427
0,0.0,0.0,0.6608,29.52411439843218
0,0.0,0.0,0.6624,29.49421942704415
0,0.0,0.0,0.664,29.46433518322426
0,0.0,0.0,0.6656000000000001,29.434461881384866
0,0.0,0.0,0.6672,29.404599733565
0,0.0,0.0,0.6688000000000001,29.374748949452428
0,0.0,0.0,0.6704,29.344909736405484
0,0.0,0.0,0.672,29.315082299474795
0,0.0,0.0,0.6736000000000001,29.28526684142475
0,0.0,0.0,0.6752,29.255463562754827
0,0.0,0.0,0.6768000000000001,29.22567266172074
0,0.0,0.0,0.6784,29.195894334355412
0,0.0,0.0,0.68,29.166128774489742
0,0.0,0.0,0.6816,29.136376173773225
0,0.0,0.0,0.6832,29.106636721694382
0,0.0,0.0,0.6848000000000001,29.07691060560104
0,0.0,0.0,0.6864,29.04719801072039
0,0.0,0.0,0.6880000000000001,29.017499120178922
0,0.0,0.0,0.6896,28.98781411502217
0,0.0,0.0,0.6912,28.958143174234294
0,0.0,0.0,0.6928000000000001,28.92848647475746
0,0.0,0.0,0.6944,28.898844191511106
0,0.0,0.0,0.6960000000000001,28.869216497411006
0,0.0,0.0,0.6976,28.839603563388188
0,0.0,0.0,0.6992,28.810005558407646
0,0.0,0.0,0.7008,28.78042264948696
0,0.0,0.0,0.7024,28.750855001714697
0,0.0,0.0,0.7040000000000001,28.72130277826865
0,0.0,0.0,0.7056,28.69176614043397
0,0.0,0.0,0.7072,28.662245247621076
0,0.0,0.0,0.7088,28.632740257383457
0,0.0,0.0,0.7104,28.60325132543528
0,0.0,0.0,0.7120000000000001,28.57377860566887
0,0.0,0.0,0.7136,28.544322250172016
0,0.0,0.0,0.7152000000000001,28.514882409245136
0,0.0,0.0,0.7168,28.485459231418286
0,0.0,0.0,0.7184,28.45605286346803
0,0.0,0.0,0.7200000000000001,28.426663450434134
0,0.0,0.0,0.7216,28.39729113563613
0,0.0,0.0,0.7232000000000001,28.367936060689722
0,0.0,0.0,0.7248,28.338598365523072
0,0.0,0.0,0.7264,28.309278188392888
0,0.0,0.0,0.728,28.279975665900437
0,0.0,0.0,0.7296,28.250690933007355
0,0.0,0.0,0.7312000000000001,28.22142412305133
0,0.0,0.0,0.7328,28.192175367761678
0,0.0,0.0,0.7344,28.162944797274733
0,0.0,0.0,0.736,28.133732540149104
0,0.0,0.0,0.7376,28.104538723380852
0,0.0,0.0,0.7392000000000001,28.075363472418438
0,0.0,0.0,0.7408,28.04620691117762
0,0.0,0.0,0.7424000000000001,28.01706916205615
0,0.0,0.0,0.744,27.98795034594839
0,0.0,0.0,0.7456,27.95885058225975
0,0.0,0.0,0.7472000000000001,27.929769988921034
0,0.0,0.0,0.7488,27.900708682402627
0,0.0,0.0,0.7504000000000001,27.871666777728574
0,0.0,0.0,0.752,27.842644388490495
0,0.0,0.0,0.7536,27.81364162686144
0,0.0,0.0,0.7552,27.78465860360953
0,0.0,0.0,0.7568,27.755695428111554
0,0.0,0.0,0.7584000000000001,27.72675220836638
0,0.0,0.0,0.76,27.697829051008295
0,0.0,0.0,0.7616,27.668926061320175
0,0.0,0.0,0.7632,27.640043343246564
0,0.0,0.0,0.7648,27.611180999406635
0,0.0,0.0,0.7664000000000001,27.582339131107002
0,0.0,0.0,0.768,27.55351783835445
0,0.0,0.0,0.7696000000000001,27.524717219868517
0,0.0,0.0,0.7712,27.495937373094
0,0.0,0.0,0.7728,27.46717839421329
0,0.0,0.0,0.7744000000000001,27.438440378158628
0,0.0,0.0,0.776,27.409723418624274
0,0.0,0.0,0.7776000000000001,27.381027608078494
0,0.0,0.0,0.7792,27.352353037775487
0,0.0,0.0,0.7808,27.323699797767194
0,0.0,0.0,0.7824,27.295067976915007
0,0.0,0.0,0.784,27.266457662901313
0,0.0,0.0,0.7856000000000001,27.237868942241008
0,0.0,0.0,0.7872,27.20930190029286
0,0.0,0.0,0.7888000000000001,27.180756621270767
0,0.0,0.0,0.7904,27.152233188254925
0,0.0,0.0,0.792,27.123731683202887
0,0.0,0.0,0.7936000000000001,27.09525218696052
0,0.0,0.0,0.7952,27.066794779272833
0,0.0,0.0,0.7968000000000001,27.03835953879476
0,0.0,0.0,0.7984,27.0099465431018
0,0.0,0.0,0.8,26.981555868700557
0,0.0,0.0,0.8016000000000001,26.953187591039207
0,0.0,0.0,0.8032,26.92484178451784
0,0.0,0.0,0.8048000000000001,26.89651852249873
0,0.0,0.0,0.8064,26.868217877316486
0,0.0,0.0,0.808,26.839939920288128
0,0.0,0.0,0.8096,26.811684721723058
0,0.0,0.0,0.8112,26.783452350932933
0,0.0,0.0,0.8128000000000001,26.755242876241457
0,0.0,0.0,0.8144,26.727056364994073
0,0.0,0.0,0.8160000000000001,26.69889288356757
0,0.0,0.0,0.8176,26.670752497379592
0,0.0,0.0,0.8192,26.642635270898055
0,0.0,0.0,0.8208000000000001,26.61454126765051
0,0.0,0.0,0.8224,26.586470550233347
0,0.0,0.0,0.8240000000000001,26.558423180320993
0,0.0,0.0,0.8256,26.53039921867498
0,0.0,0.0,0.8272,26.502398725152908
0,0.0,0.0,0.8288000000000001,26.474421758717384
0,0.0,0.0,0.8304,26.446468377444816
0,0.0,0.0,0.8320000000000001,26.41853863853416
0,0.0,0.0,0.8336,26.390632598315566
0,0.0,0.0,0.8352,26.362750312258978
0,0.0,0.0,0.8368,26.334891834982596
0,0.0,0.0,0.8384,26.30705722026129
0,0.0,0.0,0.8400000000000001,26.27924652103495
0,0.0,0.0,0.8416,26.251459789416728
0,0.0,0.0,0.8432000000000001,26.223697076701207
0,0.0,0.0,0.8448,26.195958433372518
0,0.0,0.0,0.8464,26.16824390911233
0,0.0,0.0,0.8480000000000001,26.140553552807834
0,0.0,0.0,0.8496,26.112887412559587
0,0.0,0.0,0.8512000000000001,26.08524553568931
0,0.0,0.0,0.8528,26.05762796874762
0,0.0,0.0,0.8544,26.030034757521673
0,0.0,0.0,0.8560000000000001,26.00246594704273
0,0.0,0.0,0.8576,25.97492158159368
0,0.0,0.0,0.8592000000000001,25.947401704716462
0,0.0,0.0,0.8608,25.919906359219418
0,0.0,0.0,0.8624,25.892435587184597
0,0.0,0.0,0.864,25.864989429974997
0,0.0,0.0,0.8656,25.83756792824168
0,0.0,0.0,0.8672000000000001,25.81017112193088
0,0.0,0.0,0.8688,25.78279905029102
0,0.0,0.0,0.8704000000000001,25.755451751879672
0,0.0,0.0,0.872,25.72812926457043
0,0.0,0.0,0.8736,25.70083162555973
0,0.0,0.0,0.8752000000000001,25.673558871373615
0,0.0,0.0,0.8768,25.646311037874437
0,0.0,0.0,0.8784000000000001,25.619088160267452
0,0.0,0.0,0.88,25.591890273107417
0,0.0,0.0,0.8816,25.56471741030507
0,0.0,0.0,0.8832000000000001,25.53756960513359
0,0.0,0.0,0.8848,25.510446890234956
0,0.0,0.0,0.8864000000000001,25.483349297626276
0,0.0,0.0,0.888,25.456276858706048
0,0.0,0.0,0.8896000000000001,25.429229604260357
0,0.0,0.0,0.8912,25.402207564468995
0,0.0,0.0,0.8928,25.375210768911565
0,0.0,0.0,0.8944000000000001,25.3482392465735
0,0.0,0.0,0.896,25.321293025852018
0,0.0,0.0,0.8976000000000001,25.294372134562035
0,0.0,0.0,0.8992,25.26747659994202
0,0.0,0.0,0.9008,25.240606448659786
0,0.0,0.0,0.9024000000000001,25.213761706818225
0,0.0,0.0,0.904,25.186942399961016
0,0.0,0.0,0.9056000000000001,25.16014855307823
0,0.0,0.0,0.9072,25.133380190611913
0,0.0,0.0,0.9088,25.106637336461624
0,0.0,0.0,0.9104000000000001,25.07992001398989
0,0.0,0.0,0.912,25.053228246027643
0,0.0,0.0,0.9136000000000001,25.026562054879573
0,0.0,0.0,0.9152,24.99992146232944
0,0.0,0.0,0.9168000000000001,24.973306489645342
0,0.0,0.0,0.9184,24.94671715758495
0,0.0,0.0,0.92,24.92015348640065
0,0.0,0.0,0.9216000000000001,24.893615495844656
0,0.0,0.0,0.9232,24.86710320517409
0,0.0,0.0,0.9248000000000001,24.840616633156
0,0.0,0.0,0.9264,24.814155798072317
0,0.0,0.0,0.928,24.78772071772478
0,0.0,0.0,0.9296000000000001,24.76131140943983
0,0.0,0.0,0.9312,24.73492789007341
0,0.0,0.0,0.9328000000000001,24.708570176015762
0,0.0,0.0,0.9344,24.682238283196163
0,0.0,0.0,0.936,24.655932227087618
0,0.0,0.0,0.9376000000000001,24.629652022711497
0,0.0,0.0,0.9392,24.60339768464215
0,0.0,0.0,0.9408000000000001,24.577169227011442
0,0.0,0.0,0.9424,24.550966663513282
0,0.0,0.0,0.9440000000000001,24.524790007408107
0,0.0,0.0,0.9456,24.498639271527274
0,0.0,0.0,0.9472,24.47251446827748
0,0.0,0.0,0.9488000000000001,24.44641560964508
0,0.0,0.0,0.9504,24.42034270720039
0,0.0,0.0,0.9520000000000001,24.394295772101973
0,0.0,0.0,0.9536,24.368274815100825
0,0.0,0.0,0.9552,24.342279846544574
0,0.0,0.0,0.9568000000000001,24.316310876381614
0,0.0,0.0,0.9584,24.29036791416519
0,0.0,0.0,0.9600000000000001,24.26445096905748
0,0.0,0.0,0.9616,24.2385600498336
0,0.0,0.0,0.9632000000000001,24.21269516488559
0,0.0,0.0,0.9648,24.186856322226372
0,0.0,0.0,0.9664,24.161043529493615
0,0.0,0.0,0.9680000000000001,24.135256793953644
0,0.0,0.0,0.9696,24.109496122505263
0,0.0,0.0,0.9712000000000001,24.08376152168353
0,0.0,0.0,0.9728,24.05805299766354
0,0.0,0.0,0.9744,24.03237055626412
0,0.0,0.0,0.9760000000000001,24.00671420295154
0,0.0,0.0,0.9776,23.981083942843142
0,0.0,0.0,0.9792000000000001,23.955479780710984
0,0.0,0.0,0.9808,23.929901720985388
0,0.0,0.0,0.9824,23.904349767758507
0,0.0,0.0,0.9840000000000001,23.87882392478782
0,0.0,0.0,0.9856,23.853324195499642
0,0.0,0.0,0.9872000000000001,23.827850582992532
0,0.0,0.0,0.9888,23.802403090040723
0,0.0,0.0,0.9904000000000001,23.77698171909751
0,0.0,0.0,0.992,23.75158647229857
0,0.0,0.0,0.9936,23.726217351465305
0,0.0,0.0,0.9952000000000001,23.700874358108106
0,0.0,0.0,0.9968,23.675557493429615
0,0.0,0.0,0.9984000000000001,23.650266758327938
0,0.0,0.0,1.0,23.62500215339983
0,0.0,0.0,1.0016,23.599763678943862
0,0.0,0.0,1.0032,23.574551334963544
0,0.0,0.0,1.0048000000000001,23.54936512117043
0,0.0,0.0,1.0064,23.524205036987162
0,0.0,0.0,1.008,23.499071081550554
0,0.0,0.0,1.0096,23.473963253714544
0,0.0,0.0,1.0112,23.44888155205322
0,0.0,0.0,1.0128000000000001,23.42382597486375
0,0.0,0.0,1.0144,23.398796520169313
0,0.0,0.0,1.016,23.373793185721983
0,0.0,0.0,1.0176,23.348815969005607
0,0.0,0.0,1.0192,23.323864867238637
0,0.0,0.0,1.0208000000000002,23.298939877376963
0,0.0,0.0,1.0224,23.274040996116664
0,0.0,0.0,1.024,23.249168219896777
0,0.0,0.0,1.0256,23.224321544902057
0,0.0,0.0,1.0272000000000001,23.199500967065646
0,0.0,0.0,1.0288000000000002,23.17470648207177
0,0.0,0.0,1.0304,23.149938085358393
0,0.0,0.0,1.032,23.12519577211984
0,0.0,0.0,1.0336,23.1004795373094
0,0.0,0.0,1.0352000000000001,23.075789375641904
0,0.0,0.0,1.0368,23.051125281596278
0,0.0,0.0,1.0384,23.026487249418082
0,0.0,0.0,1.04,23.001875273121996
0,0.0,0.0,1.0416,22.97728934649431
0,0.0,0.0,1.0432000000000001,22.952729463095384
0,0.0,0.0,1.0448,22.92819561626206
0,0.0,0.0,1.0464,22.903687799110106
0,0.0,0.0,1.048,22.879206004536563
0,0.0,0.0,1.0496,22.85475022522214
0,0.0,0.0,1.0512000000000001,22.830320453633536
0,0.0,0.0,1.0528,22.805916682025753
0,0.0,0.0,1.0544,22.781538902444414
0,0.0,0.0,1.056,22.75718710672801
0,0.0,0.0,1.0576,22.73286128651018
0,0.0,0.0,1.0592000000000001,22.708561433221895
0,0.0,0.0,1.0608,22.68428753809373
0,0.0,0.0,1.0624,22.660039592157986
0,0.0,0.0,1.064,22.635817586250905
0,0.0,0.0,1.0656,22.611621511014786
0,0.0,0.0,1.0672000000000001,22.587451356900115
0,0.0,0.0,1.0688,22.56330711416768
0,0.0,0.0,1.0704,22.53918877289065
0,0.0,0.0,1.072,22.51509632295662
0,0.0,0.0,1.0736,22.49102975406968
0,0.0,0.0,1.0752000000000002,22.46698905575243
0,0.0,0.0,1.0768,22.44297421734798
0,0.0,0.0,1.0784,22.41898522802193
0,0.0,0.0,1.08,22.395022076764363
0,0.0,0.0,1.0816000000000001,22.371084752391752
0,0.0,0.0,1.0832000000000002,22.347173243548923
0,0.0,0.0,1.0848,22.32328753871095
0,0.0,0.0,1.0864,22.299427626185036
0,0.0,0.0,1.088,22.275593494112407
0,0.0,0.0,1.0896000000000001,22.251785130470154
0,0.0,0.0,1.0912,22.228002523073076
0,0.0,0.0,1.0928,22.204245659575495
0,0.0,0.0,1.0944,22.180514527473058
0,0.0,0.0,1.096,22.156809114104526
0,0.0,0.0,1.0976000000000001,22.133129406653534
0,0.0,0.0,1.0992,22.109475392150355
0,0.0,0.0,1.1008,22.08584705747361
0,0.0,0.0,1.1024,22.062244389352024
0,0.0,0.0,1.104,22.038667374366074
0,0.0,0.0,1.1056000000000001,22.01511599894972
0,0.0,0.0,1.1072,21.991590249392043
0,0.0,0.0,1.1088,21.968090111838904
0,0.0,0.0,1.1104,21.944615572294598
0,0.0,0.0,1.112,21.921166616623434
0,0.0,0.0,1.1136000000000001,21.897743230551395
0,0.0,0.0,1.1152,21.87434539966767
0,0.0,0.0,1.1168,21.85097310942626
0,0.0,0.0,1.1184,21.827626345147536
0,0.0,0.0,1.12,21.804305092019767
0,0.0,0.0,1.1216000000000002,21.781009335100663
0,0.0,0.0,1.1232,21.757739059318883
0,0.0,0.0,1.1248,21.73449424947553
0,0.0,0.0,1.1264,21.711274890245647
0,0.0,0.0,1.1280000000000001,21.688080966179673
0,0.0,0.0,1.1296000000000002,21.664912461704912
0,0.0,0.0,1.1312,21.64176936112696
0,0.0,0.0,1.1328,21.618651648631165
0,0.0,0.0,1.1344,21.595559308284006
0,0.0,0.0,1.1360000000000001,21.5724923240345
0,0.0,0.0,1.1376,21.54945067971561
0,0.0,0.0,1.1392,21.526434359045606
0,0.0,0.0,1.1408,21.50344334562942
0,0.0,0.0,1.1424,21.48047762296001
0,0.0,0.0,1.1440000000000001,21.457537174419674
0,0.0,0.0,1.1456,21.43462198328138
0,0.0,0.0,1.1472,21.4117320327101
0,0.0,0.0,1.1488,21.38886730576406
0,0.0,0.0,1.1504,21.366027785396057
0,0.0,0.0,1.1520000000000001,21.343213454454727
0,0.0,0.0,1.1536,21.320424295685804
0,0.0,0.0,1.1552,21.297660291733344
0,0.0,0.0,1.1568,21.274921425141
0,0.0,0.0,1.1584,21.252207678353205
0,0.0,0.0,1.1600000000000001,21.22951903371642
0,0.0,0.0,1.1616,21.206855473480314
0,0.0,0.0,1.1632,21.184216979798947
0,0.0,0.0,1.1648,21.16160353473196
0,0.0,0.0,1.1664,21.139015120245734
0,0.0,0.0,1.1680000000000001,21.116451718214552
0,0.0,0.0,1.1696,21.093913310421733
0,0.0,0.0,1.1712,21.071399878560765
0,0.0,0.0,1.1728,21.048911404236435
0,0.0,0.0,1.1744,21.026447868965924
0,0.0,0.0,1.1760000000000002,21.004009254179923
0,0.0,0.0,1.1776,20.981595541223715
0,0.0,0.0,1.1792,20.95920671135825
0,0.0,0.0,1.1808,20.936842745761215
0,0.0,0.0,1.1824000000000001,20.914503625528106
0,0.0,0.0,1.1840000000000002,20.892189331673247
0,0.0,0.0,1.1856,20.869899845130867
0,0.0,0.0,1.1872,20.84763514675608
0,0.0,0.0,1.1888,20.825395217325937
0,0.0,0.0,1.1904000000000001,20.803180037540432
0,0.0,0.0,1.192,20.780989588023488
0,0.0,0.0,1.1936,20.758823849323946
0,0.0,0.0,1.1952,20.736682801916555
0,0.0,0.0,1.1968,20.714566426202936
0,0.0,0.0,1.1984000000000001,20.69247470251253
0,0.0,0.0,1.2,20.67040761110358
0,0.0,0.0,1.2016,20.648365132164034
0,0.0,0.0,1.2032,20.62634724581251
0,0.0,0.0,1.2048,20.6043539320992
0,0.0,0.0,1.2064000000000001,20.58238517100679
0,0.0,0.0,1.208,20.560440942451375
0,0.0,0.0,1.2096,20.538521226283347
0,0.0,0.0,1.2112,20.516626002288287
0,0.0,0.0,1.2128,20.494755250187843
0,0.0,0.0,1.2144000000000001,20.472908949640598
0,0.0,0.0,1.216,20.45108708024294
0,0.0,0.0,1.2176,20.42928962152991
0,0.0,0.0,1.2192,20.407516552976066
0,0.0,0.0,1.2208,20.385767853996303
0,0.0,0.0,1.2224000000000002,20.364043503946682
0,0.0,0.0,1.224,20.342343482125262
0,0.0,0.0,1.2256,20.32066776777291
0,0.0,0.0,1.2272,20.29901634007412
0,0.0,0.0,1.2288000000000001,20.27738917815779
0,0.0,0.0,1.2304000000000002,20.255786261098024
0,0.0,0.0,1.232,20.234207567914925
0,0.0,0.0,1.2336,20.212653077575357
0,0.0,0.0,1.2352,20.191122768993708
0,0.0,0.0,1.2368000000000001,20.169616621032674
0,0.0,0.0,1.2384000000000002,20.14813461250399
0,0.0,0.0,1.24,20.12667672216919
0,0.0,0.0,1.2416,20.105242928740335
0,0.0,0.0,1.2432,20.083833210880773
0,0.0,0.0,1.2448000000000001,20.06244754720581
0,0.0,0.0,1.2464,20.04108591628349
0,0.0,0.0,1.248,20.01974829663525
0,0.0,0.0,1.2496,19.99843466673668
0,0.0,0.0,1.2512,19.97714500501817
0,0.0,0.0,1.2528000000000001,19.955879289865624
0,0.0,0.0,1.2544,19.934637499621143
0,0.0,0.0,1.256,19.913419612583713
0,0.0,0.0,1.2576,19.892225607009838
0,0.0,0.0,1.2592,19.871055461114256
0,0.0,0.0,1.2608000000000001,19.849909153070552
0,0.0,0.0,1.2624,19.82878666101184
0,0.0,0.0,1.264,19.807687963031395
0,0.0,0.0,1.2656,19.786613037183283
0,0.0,0.0,1.2672,19.76556186148302
0,0.0,0.0,1.2688000000000001,19.744534413908166
0,0.0,0.0,1.2704,19.72353067239898
0,0.0,0.0,1.272,19.702550614858996
0,0.0,0.0,1.2736,19.681594219155674
0,0.0,0.0,1.2752000000000001,19.660661463120967
0,0.0,0.0,1.2768000000000002,19.639752324551942
0,0.0,0.0,1.2784,19.618866781211352
0,0.0,0.0,1.28,19.598004810828243
0,0.0,0.0,1.2816,19.57716639109851
0,0.0,0.0,1.2832000000000001,19.556351499685487
0,0.0,0.0,1.2848000000000002,19.535560114220516
0,0.0,0.0,1.2864,19.514792212303504
0,0.0,0.0,1.288,19.494047771503475
0,0.0,0.0,1.2896,19.473326769359147
0,0.0,0.0,1.2912000000000001,19.452629183379443
0,0.0,0.0,1.2928000000000002,19.43195499104406
0,0.0,0.0,1.2944,19.411304169803994
0,0.0,0.0,1.296,19.390676697082075
0,0.0,0.0,1.2976,19.370072550273495
0,0.0,0.0,1.2992000000000001,19.34949170674632
0,0.0,0.0,1.3008,19.32893414384202
0,0.0,0.0,1.3024,19.308399838875953
0,0.0,0.0,1.304,19.28788876913791
0,0.0,0.0,1.3056,19.26740091189259
0,0.0,0.0,1.3072000000000001,19.246936244380095
0,0.0,0.0,1.3088,19.22649474381643
0,0.0,0.0,1.3104,19.206076387393995
0,0.0,0.0,1.312,19.185681152282047
0,0.0,0.0,1.3136,19.165309015627198
0,0.0,0.0,1.3152000000000001,19.144959954553872
0,0.0,0.0,1.3168,19.124633946164792
0,0.0,0.0,1.3184,19.104330967541422
0,0.0,0.0,1.32,19.084050995744438
0,0.0,0.0,1.3216,19.06379400781417
0,0.0,0.0,1.3232000000000002,19.04355998077108
0,0.0,0.0,1.3248,19.023348891616173
0,0.0,0.0,1.3264,19.00316071733147
0,0.0,0.0,1.328,18.982995434880404
0,0.0,0.0,1.3296000000000001,18.96285302120831
0,0.0,0.0,1.3312000000000002,18.942733453242802
0,0.0,0.0,1.3328,18.922636707894224
0,0.0,0.0,1.3344,18.902562762056057
0,0.0,0.0,1.336,18.882511592605347
0,0.0,0.0,1.3376000000000001,18.86248317640311
0,0.0,0.0,1.3392000000000002,18.84247749029474
0,0.0,0.0,1.3408,18.822494511110424
0,0.0,0.0,1.3424,18.80253421566553
0,0.0,0.0,1.344,18.78259658076099
0,0.0,0.0,1.3456000000000001,18.762681583183735
0,0.0,0.0,1.3472000000000002,18.742789199707037
0,0.0,0.0,1.3488,18.722919407090924
0,0.0,0.0,1.3504,18.703072182082547
0,0.0,0.0,1.352,18.68324750141656
0,0.0,0.0,1.3536000000000001,18.663445341815503
0,0.0,0.0,1.3552,18.643665679990157
0,0.0,0.0,1.3568,18.623908492639917
0,0.0,0.0,1.3584,18.604173756453164
0,0.0,0.0,1.36,18.584461448107607
0,0.0,0.0,1.3616000000000001,18.56477154427065
0,0.0,0.0,1.3632,18.545104021599734
0,0.0,0.0,1.3648,18.52545885674271
0,0.0,0.0,1.3664,18.505836026338145
0,0.0,0.0,1.368,18.486235507015707
0,0.0,0.0,1.3696000000000002,18.466657275396475
0,0.0,0.0,1.3712,18.44710130809328
0,0.0,0.0,1.3728,18.427567581711042
0,0.0,0.0,1.3744,18.408056072847096
0,0.0,0.0,1.3760000000000001,18.38856675809152
0,0.0,0.0,1.3776000000000002,18.369099614027444
0,0.0,0.0,1.3792,18.349654617231394
0,0.0,0.0,1.3808,18.330231744273593
0,0.0,0.0,1.3824,18.310830971718264
0,0.0,0.0,1.3840000000000001,18.29145227612396
0,0.0,0.0,1.3856000000000002,18.272095634043865
0,0.0,0.0,1.3872,18.252761022026085
0,0.0,0.0,1.3888,18.23344841661397
0,0.0,0.0,1.3904,18.214157794346384
0,0.0,0.0,1.3920000000000001,18.19488913175803
0,0.0,0.0,1.3936000000000002,18.17564240537972
0,0.0,0.0,1.3952,18.15641759173868
0,0.0,0.0,1.3968,18.137214667358826
0,0.0,0.0,1.3984,18.118033608761042
0,0.0,0.0,1.4000000000000001,18.098874392463483
0,0.0,0.0,1.4016,18.079736994981825
0,0.0,0.0,1.4032,18.060621392829564
0,0.0,0.0,1.4048,18.041527562518265
0,0.0,0.0,1.4064,18.022455480557852
0,0.0,0.0,1.4080000000000001,18.003405123456876
0,0.0,0.0,1.4096,17.98437646772276
0,0.0,0.0,1.4112,17.96536948986208
0,0.0,0.0,1.4128,17.946384166380803
0,0.0,0.0,1.4144,17.92742047378456
0,0.0,0.0,1.4160000000000001,17.90847838857891
0,0.0,0.0,1.4176,17.889557887269564
0,0.0,0.0,1.4192,17.870658946362656
0,0.0,0.0,1.4208,17.85178154236498
0,0.0,0.0,1.4224,17.832925651784226
0,0.0,0.0,1.4240000000000002,17.81409125112925
0,0.0,0.0,1.4256,17.79527831691028
0,0.0,0.0,1.4272,17.776486825639164
0,0.0,0.0,1.4288,17.757716753829627
0,0.0,0.0,1.4304000000000001,17.73896807799746
0,0.0,0.0,1.4320000000000002,17.720240774660795
0,0.0,0.0,1.4336,17.701534820340303
0,0.0,0.0,1.4352,17.68285019155942
0,0.0,0.0,1.4368,17.664186864844595
0,0.0,0.0,1.4384000000000001,17.64554481672548
0,0.0,0.0,1.4400000000000002,17.62692402373516
0,0.0,0.0,1.4416,17.608324462410387
0,0.0,0.0,1.4432,17.589746109291763
0,0.0,0.0,1.4448,17.571188940923967
0,0.0,0.0,1.4464000000000001,17.55265293385598
0,0.0,0.0,1.4480000000000002,17.534138064641272
0,0.0,0.0,1.4496,17.515644309838013
0,0.0,0.0,1.4512,17.497171646009267
0,0.0,0.0,1.4528,17.47872004972322
0,0.0,0.0,1.4544000000000001,17.460289497553358
0,0.0,0.0,1.456,17.441879966078673
0,0.0,0.0,1.4576,17.423491431883853
0,0.0,0.0,1.4592,17.405123871559475
0,0.0,0.0,1.4608,17.386777261702207
0,0.0,0.0,1.4624000000000001,17.368451578914986
0,0.0,0.0,1.464,17.350146799807213
0,0.0,0.0,1.4656,17.33186290099494
0,0.0,0.0,1.4672,17.313599859101032
0,0.0,0.0,1.4688,17.295357650755392
0,0.0,0.0,1.4704000000000002,17.277136252595106
0,0.0,0.0,1.472,17.258935641264628
0,0.0,0.0,1.4736,17.240755793415964
0,0.0,0.0,1.4752,17.222596685708844
0,0.0,0.0,1.4768000000000001,17.20445829481089
0,0.0,0.0,1.4784000000000002,17.1863405973978
0,0.0,0.0,1.48,17.168243570153503
0,0.0,0.0,1.4816,17.150167189770325
0,0.0,0.0,1.4832,17.13211143294918
0,0.0,0.0,1.4848000000000001,17.1140762763997
0,0.0,0.0,1.4864000000000002,17.09606169684043
0,0.0,0.0,1.488,17.07806767099896
0,0.0,0.0,1.4896,17.0600941756121
0,0.0,0.0,1.4912,17.042141187426044
0,0.0,0.0,1.4928000000000001,17.02420868319651
0,0.0,0.0,1.4944000000000002,17.0062966396889
0,0.0,0.0,1.496,16.988405033678468
0,0.0,0.0,1.4976,16.970533841950438
0,0.0,0.0,1.4992,16.952683041300187
0,0.0,0.0,1.5008000000000001,16.934852608533376
0,0.0,0.0,1.5024000000000002,16.917042520466097
0,0.0,0.0,1.504,16.89925275392503
0,0.0,0.0,1.5056,16.881483285747564
0,0.0,0.0,1.5072,16.863734092781964
0,0.0,0.0,1.5088000000000001,16.846005151887496
0,0.0,0.0,1.5104,16.828296439934565
0,0.0,0.0,1.512,16.81060793380487
0,0.0,0.0,1.5136,16.792939610391517
0,0.0,0.0,1.5152,16.775291446599173
0,0.0,0.0,1.5168000000000001,16.757663419344183
0,0.0,0.0,1.5184,16.740055505554718
0,0.0,0.0,1.52,16.72246768217089
0,0.0,0.0,1.5216,16.7048999261449
0,0.0,0.0,1.5232,16.687352214441137
0,0.0,0.0,1.5248000000000002,16.669824524036343
0,0.0,0.0,1.5264,16.6523168319197
0,0.0,0.0,1.528,16.634829115092973
0,0.0,0.0,1.5296,16.61736135057064
0,0.0,0.0,1.5312000000000001,16.599913515379992
0,0.0,0.0,1.5328000000000002,16.58248558656128
0,0.0,0.0,1.5344,16.5650775411678
0,0.0,0.0,1.536,16.54768935626604
0,0.0,0.0,1.5376,16.530321008935775
0,0.0,0.0,1.5392000000000001,16.512972476270203
0,0.0,0.0,1.5408000000000002,16.49564373537604
0,0.0,0.0,1.5424,16.478334763373628
0,0.0,0.0,1.544,16.461045537397077
0,0.0,0.0,1.5456,16.443776034594347
0,0.0,0.0,1.5472000000000001,16.426526232127365
0,0.0,0.0,1.5488000000000002,16.409296107172135
0,0.0,0.0,1.5504,16.392085636918825
0,0.0,0.0,1.552,16.374894798571916
0,0.0,0.0,1.5536,16.35772356935026
0,0.0,0.0,1.5552000000000001,16.34057192648721
0,0.0,0.0,1.5568000000000002,16.323439847230713
0,0.0,0.0,1.5584,16.30632730884341
0,0.0,0.0,1.56,16.28923428860274
0,0.0,0.0,1.5616,16.272160763801025
0,0.0,0.0,1.5632000000000001,16.255106711745597
0,0.0,0.0,1.5648,16.238072109758864
0,0.0,0.0,1.5664,16.221056935178424
0,0.0,0.0,1.568,16.204061165357135
0,0.0,0.0,1.5696,16.187084777663255
0,0.0,0.0,1.5712000000000002,16.17012774948048
0,0.0,0.0,1.5728,16.15319005820806
0,0.0,0.0,1.5744,16.13627168126091
0,0.0,0.0,1.576,16.119372596069663
0,0.0,0.0,1.5776000000000001,16.102492780080766
0,0.0,0.0,1.5792000000000002,16.085632210756586
0,0.0,0.0,1.5808,16.068790865575483
0,0.0,0.0,1.5824,16.051968722031894
0,0.0,0.0,1.584,16.03516575763642
0,0.0,0.0,1.5856000000000001,16.018381949915916
0,0.0,0.0,1.5872000000000002,16.001617276413555
0,0.0,0.0,1.5888,15.984871714688925
0,0.0,0.0,1.5904,15.968145242318105
0,0.0,0.0,1.592,15.95143783689375
0,0.0,0.0,1.5936000000000001,15.934749476025155
0,0.0,0.0,1.5952000000000002,15.918080137338348
0,0.0,0.0,1.5968,15.901429798476162
0,0.0,0.0,1.5984,15.8847984370983
0,0.0,0.0,1.6,15.868186030881432
0,0.0,0.0,1.6016000000000001,15.85159255751925
0,0.0,0.0,1.6032000000000002,15.835017994722548
0,0.0,0.0,1.6048,15.818462320219298
0,0.0,0.0,1.6064,15.801925511754714
0,0.0,0.0,1.608,15.785407547091328
0,0.0,0.0,1.6096000000000001,15.768908404009059
0,0.0,0.0,1.6112000000000002,15.752428060305284
0,0.0,0.0,1.6128,15.735966493794901
0,0.0,0.0,1.6144,15.7195236823104
0,0.0,0.0,1.616,15.703099603701931
0,0.0,0.0,1.6176000000000001,15.686694235837363
0,0.0,0.0,1.6192,15.670307556602362
0,0.0,0.0,1.6208,15.653939543900444
0,0.0,0.0,1.6224,15.637590175653038
0,0.0,0.0,1.624,15.621259429799558
0,0.0,0.0,1.6256000000000002,15.604947284297452
0,0.0,0.0,1.6272,15.58865371712228
0,0.0,0.0,1.6288,15.57237870626776
0,0.0,0.0,1.6304,15.556122229745831
0,0.0,0.0,1.6320000000000001,15.53988426558672
0,0.0,0.0,1.6336000000000002,15.523664791838991
0,0.0,0.0,1.6352,15.507463786569602
0,0.0,0.0,1.6368,15.491281227863976
0,0.0,0.0,1.6384,15.475117093826032
0,0.0,0.0,1.6400000000000001,15.458971362578266
0,0.0,0.0,1.6416000000000002,15.442844012261792
0,0.0,0.0,1.6432,15.426735021036396
0,0.0,0.0,1.6448,15.410644367080595
0,0.0,0.0,1.6464,15.394572028591687
0,0.0,0.0,1.6480000000000001,15.378517983785802
0,0.0,0.0,1.6496000000000002,15.362482210897952
0,0.0,0.0,1.6512,15.346464688182085
0,0.0,0.0,1.6528,15.330465393911137
0,0.0,0.0,1.6544,15.314484306377073
0,0.0,0.0,1.6560000000000001,15.298521403890945
0,0.0,0.0,1.6576000000000002,15.282576664782932
0,0.0,0.0,1.6592,15.266650067402393
0,0.0,0.0,1.6608,15.250741590117915
0,0.0,0.0,1.6624,15.23485121131735
0,0.0,0.0,1.6640000000000001,15.218978909407872
0,0.0,0.0,1.6656,15.203124662816014
0,0.0,0.0,1.6672,15.187288449987719
0,0.0,0.0,1.6688,15.171470249388378
0,0.0,0.0,1.6704,15.155670039502873
0,0.0,0.0,1.6720000000000002,15.139887798835622
0,0.0,0.0,1.6736,15.124123505910626
0,0.0,0.0,1.6752,15.108377139271498
0,0.0,0.0,1.6768,15.092648677481519
0,0.0,0.0,1.6784000000000001,15.076938099123662
0,0.0,0.0,1.6800000000000002,15.06124538280065
0,0.0,0.0,1.6816,15.045570507134972
0,0.0,0.0,1.6832,15.029913450768948
0,0.0,0.0,1.6848,15.014274192364748
0,0.0,0.0,1.6864000000000001,14.998652710604436
0,0.0,0.0,1.6880000000000002,14.983048984190003
0,0.0,0.0,1.6896,14.967462991843412
0,0.0,0.0,1.6912,14.951894712306627
0,0.0,0.0,1.6928,14.936344124341653
0,0.0,0.0,1.6944000000000001,14.920811206730566
0,0.0,0.0,1.6960000000000002,14.905295938275545
0,0.0,0.0,1.6976,14.889798297798917
0,0.0,0.0,1.6992,14.874318264143184
0,0.0,0.0,1.7008,14.858855816171051
0,0.0,0.0,1.7024000000000001,14.843410932765465
0,0.0,0.0,1.7040000000000002,14.827983592829648
0,0.0,0.0,1.7056,14.812573775287118
0,0.0,0.0,1.7072,14.797181459081735
0,0.0,0.0,1.7088,14.781806623177717
0,0.0,0.0,1.7104000000000001,14.76644924655968
0,0.0,0.0,1.7120000000000002,14.751109308232667
0,0.0,0.0,1.7136,14.735786787222171
0,0.0,0.0,1.7152,14.720481662574162
0,0.0,0.0,1.7168,14.705193913355124
0,0.0,0.0,1.7184000000000001,14.689923518652082
0,0.0,0.0,1.72,14.674670457572617
0,0.0,0.0,1.7216,14.65943470924491
0,0.0,0.0,1.7232,14.644216252817753
0,0.0,0.0,1.7248,14.629015067460582
0,0.0,0.0,1.7264000000000002,14.613831132363506
0,0.0,0.0,1.728,14.598664426737326
0,0.0,0.0,1.7296,14.58351492981356
0,0.0,0.0,1.7312,14.568382620844465
0,0.0,0.0,1.7328000000000001,14.55326747910307
0,0.0,0.0,1.7344000000000002,14.538169483883193
0,0.0,0.0,1.736,14.523088614499459
0,0.0,0.0,1.7376,14.508024850287335
0,0.0,0.0,1.7392,14.492978170603138
0,0.0,0.0,1.7408000000000001,14.477948554824069
0,0.0,0.0,1.7424000000000002,14.46293598234823
0,0.0,0.0,1.744,14.447940432594633
0,0.0,0.0,1.7456,14.432961885003243
0,0.0,0.0,1.7472,14.418000319034984
0,0.0,0.0,1.7488000000000001,14.403055714171755
0,0.0,0.0,1.7504000000000002,14.38812804991646
0,0.0,0.0,1.752,14.373217305793027
0,0.0,0.0,1.7536,14.358323461346412
0,0.0,0.0,1.7552,14.343446496142631
0,0.0,0.0,1.7568000000000001,14.328586389768779
0,0.0,0.0,1.7584000000000002,14.313743121833033
0,0.0,0.0,1.76,14.29891667196469
0,0.0,0.0,1.7616,14.284107019814162
0,0.0,0.0,1.7632,14.269314145053006
0,0.0,0.0,1.7648000000000001,14.25453802737394
0,0.0,0.0,1.7664000000000002,14.239778646490855
0,0.0,0.0,1.768,14.225035982138825
0,0.0,0.0,1.7696,14.210310014074137
0,0.0,0.0,1.7712,14.195600722074287
0,0.0,0.0,1.7728000000000002,14.180908085938011
0,0.0,0.0,1.7744,14.166232085485289
0,0.0,0.0,1.776,14.151572700557361
0,0.0,0.0,1.7776,14.136929911016745
0,0.0,0.0,1.7792000000000001,14.12230369674724
0,0.0,0.0,1.7808000000000002,14.107694037653953
0,0.0,0.0,1.7824,14.093100913663292
0,0.0,0.0,1.784,14.078524304722999
0,0.0,0.0,1.7856,14.063964190802142
0,0.0,0.0,1.7872000000000001,14.049420551891151
0,0.0,0.0,1.7888000000000002,14.034893368001798
0,0.0,0.0,1.7904,14.020382619167236
0,0.0,0.0,1.792,14.005888285441992
0,0.0,0.0,1.7936,13.991410346901985
0,0.0,0.0,1.7952000000000001,13.976948783644536
0,0.0,0.0,1.7968000000000002,13.962503575788372
0,0.0,0.0,1.7984,13.948074703473642
0,0.0,0.0,1.8,13.933662146861916
0,0.0,0.0,1.8016,13.919265886136214
0,0.0,0.0,1.8032000000000001,13.904885901500986
0,0.0,0.0,1.8048000000000002,13.890522173182148
0,0.0,0.0,1.8064,13.876174681427072
0,0.0,0.0,1.808,13.861843406504596
0,0.0,0.0,1.8096,13.84752832870504
0,0.0,0.0,1.8112000000000001,13.833229428340205
0,0.0,0.0,1.8128000000000002,13.818946685743382
0,0.0,0.0,1.8144,13.804680081269357
0,0.0,0.0,1.816,13.790429595294423
0,0.0,0.0,1.8176,13.77619520821638
0,0.0,0.0,1.8192000000000002,13.761976900454545
0,0.0,0.0,1.8208000000000002,13.747774652449749
0,0.0,0.0,1.8224,13.733588444664358
0,0.0,0.0,1.824,13.719418257582259
0,0.0,0.0,1.8256000000000001,13.705264071708884
0,0.0,0.0,1.8272000000000002,13.691125867571197
0,0.0,0.0,1.8288,13.677003625717708
0,0.0,0.0,1.8304,13.662897326718479
0,0.0,0.0,1.832,13.64880695116512
0,0.0,0.0,1.8336000000000001,13.6347324796708
0,0.0,0.0,1.8352000000000002,13.620673892870238
0,0.0,0.0,1.8368,13.606631171419727
0,0.0,0.0,1.8384,13.592604295997113
0,0.0,0.0,1.84,13.578593247301818
0,0.0,0.0,1.8416000000000001,13.564598006054826
0,0.0,0.0,1.8432000000000002,13.550618552998701
0,0.0,0.0,1.8448,13.536654868897575
0,0.0,0.0,1.8464,13.522706934537153
0,0.0,0.0,1.848,13.508774730724717
0,0.0,0.0,1.8496000000000001,13.494858238289135
0,0.0,0.0,1.8512000000000002,13.480957438080845
0,0.0,0.0,1.8528,13.467072310971865
0,0.0,0.0,1.8544,13.453202837855795
0,0.0,0.0,1.856,13.43934899964782
0,0.0,0.0,1.8576000000000001,13.425510777284698
0,0.0,0.0,1.8592000000000002,13.411688151724771
0,0.0,0.0,1.8608,13.397881103947963
0,0.0,0.0,1.8624,13.384089614955773
0,0.0,0.0,1.864,13.370313665771281
0,0.0,0.0,1.8656000000000001,13.356553237439146
0,0.0,0.0,1.8672000000000002,13.342808311025605
0,0.0,0.0,1.8688,13.329078867618472
0,0.0,0.0,1.8704,13.315364888327126
0,0.0,0.0,1.872,13.301666354282535
0,0.0,0.0,1.8736000000000002,13.287983246637221
0,0.0,0.0,1.8752000000000002,13.274315546565287
0,0.0,0.0,1.8768,13.260663235262394
0,0.0,0.0,1.8784,13.24702629394577
0,0.0,0.0,1.8800000000000001,13.23340470385421
0,0.0,0.0,1.8816000000000002,13.219798446248062
0,0.0,0.0,1.8832,13.206207502409224
0,0.0,0.0,1.8848,13.192631853641156
0,0.0,0.0,1.8864,13.179071481268865
0,0.0,0.0,1.8880000000000001,13.165526366638904
0,0.0,0.0,1.8896000000000002,13.151996491119363
0,0.0,0.0,1.8912,13.138481836099873
0,0.0,0.0,1.8928,13.1249823829916
0,0.0,0.0,1.8944,13.111498113227237
0,0.0,0.0,1.8960000000000001,13.098029008261005
0,0.0,0.0,1.8976000000000002,13.084575049568645
0,0.0,0.0,1.8992,13.071136218647414
0,0.0,0.0,1.9008,13.057712497016077
0,0.0,0.0,1.9024,13.044303866214909
0,0.0,0.0,1.9040000000000001,13.030910307805684
0,0.0,0.0,1.9056000000000002,13.017531803371673
0,0.0,0.0,1.9072,13.004168334517631
0,0.0,0.0,1.9088,12.990819882869806
0,0.0,0.0,1.9104,12.977486430075917
0,0.0,0.0,1.9120000000000001,12.964167957805161
0,0.0,0.0,1.9136000000000002,12.950864447748193
0,0.0,0.0,1.9152,12.937575881617136
0,0.0,0.0,1.9168,12.924302241145561
0,0.0,0.0,1.9184,12.911043508088488
0,0.0,0.0,1.9200000000000002,12.897799664222376
0,0.0,0.0,1.9216000000000002,12.884570691345115
0,0.0,0.0,1.9232,12.871356571276023
0,0.0,0.0,1.9248,12.858157285855837
0,0.0,0.0,1.9264000000000001,12.844972816946706
0,0.0,0.0,1.9280000000000002,12.831803146432177
0,0.0,0.0,1.9296,12.818648256217198
0,0.0,0.0,1.9312,12.805508128228105
0,0.0,0.0,1.9328,12.792382744412613
0,0.0,0.0,1.9344000000000001,12.779272086739807
0,0.0,0.0,1.9360000000000002,12.76617613720014
0,0.0,0.0,1.9376,12.753094877805419
0,0.0,0.0,1.9392,12.740028290588802
0,0.0,0.0,1.9408,12.726976357604775
0,0.0,0.0,1.9424000000000001,12.713939060929166
0,0.0,0.0,1.9440000000000002,12.700916382659113
0,0.0,0.0,1.9456,12.687908304913078
0,0.0,0.0,1.9472,12.674914809830815
0,0.0,0.0,1.9488,12.66193587957338
0,0.0,0.0,1.9504000000000001,12.648971496323103
0,0.0,0.0,1.9520000000000002,12.6360216422836
0,0.0,0.0,1.9536,12.623086299679745
0,0.0,0.0,1.9552,12.610165450757668
0,0.0,0.0,1.9568,12.597259077784747
0,0.0,0.0,1.9584000000000001,12.584367163049597
0,0.0,0.0,1.9600000000000002,12.571489688862052
0,0.0,0.0,1.9616,12.558626637553166
0,0.0,0.0,1.9632,12.545777991475198
0,0.0,0.0,1.9648,12.532943733001597
0,0.0,0.0,1.9664000000000001,12.520123844527
0,0.0,0.0,1.9680000000000002,12.507318308467216
0,0.0,0.0,1.9696,12.494527107259216
0,0.0,0.0,1.9712,12.481750223361123
0,0.0,0.0,1.9728,12.468987639252198
0,0.0,0.0,1.9744000000000002,12.456239337432836
0,0.0,0.0,1.9760000000000002,12.443505300424546
0,0.0,0.0,1.9776,12.430785510769946
0,0.0,0.0,1.9792,12.418079951032746
0,0.0,0.0,1.9808000000000001,12.405388603797743
0,0.0,0.0,1.9824000000000002,12.392711451670804
0,0.0,0.0,1.984,12.380048477278857
0,0.0,0.0,1.9856,12.36739966326988
0,0.0,0.0,1.9872,12.354764992312887
0,0.0,0.0,1.9888000000000001,12.34214444709791
0,0.0,0.0,1.9904000000000002,12.329538010336002
0,0.0,0.0,1.992,12.316945664759213
0,0.0,0.0,1.9936,12.304367393120577
0,0.0,0.0,1.9952,12.29180317819411
0,0.0,0.0,1.9968000000000001,12.279253002774782
0,0.0,0.0,1.9984000000000002,12.26671684967852
0,0.0,0.0,2.0,12.25419470174219
0,0.0,0.0,2.0016000000000003,12.24168654182357
0,0.0,0.0,2.0032,12.229192352801363
0,0.0,0.0,2.0048,12.216712117575161
0,0.0,0.0,2.0064,12.204245819065447
0,0.0,0.0,2.008,12.191793440213576
0,0.0,0.0,2.0096000000000003,12.179354963981757
0,0.0,0.0,2.0112,12.166930373353049
0,0.0,0.0,2.0128,12.154519651331343
0,0.0,0.0,2.0144,12.142122780941344
0,0.0,0.0,2.016,12.129739745228564
0,0.0,0.0,2.0176000000000003,12.117370527259306
0,0.0,0.0,2.0192,12.105015110120657
0,0.0,0.0,2.0208,12.092673476920455
0,0.0,0.0,2.0224,12.080345610787294
0,0.0,0.0,2.024,12.068031494870505
0,0.0,0.0,2.0256000000000003,12.055731112340137
0,0.0,0.0,2.0272,12.04344444638695
0,0.0,0.0,2.0288,12.031171480222389
0,0.0,0.0,2.0304,12.018912197078585
0,0.0,0.0,2.032,12.006666580208332
0,0.0,0.0,2.0336000000000003,11.994434612885069
0,0.0,0.0,2.0352,11.982216278402873
0,0.0,0.0,2.0368,11.97001156007644
0,0.0,0.0,2.0384,11.957820441241072
0,0.0,0.0,2.04,11.945642905252663
0,0.0,0.0,2.0416000000000003,11.93347893548768
0,0.0,0.0,2.0432,11.921328515343152
0,0.0,0.0,2.0448,11.909191628236652
0,0.0,0.0,2.0464,11.897068257606286
0,0.0,0.0,2.048,11.884958386910673
0,0.0,0.0,2.0496000000000003,11.872861999628938
0,0.0,0.0,2.0512,11.860779079260684
0,0.0,0.0,2.0528,11.848709609325986
0,0.0,0.0,2.0544000000000002,11.836653573365371
0,0.0,0.0,2.056,11.824610954939809
0,0.0,0.0,2.0576000000000003,11.812581737630689
0,0.0,0.0,2.0592,11.800565905039807
0,0.0,0.0,2.0608,11.788563440789355
0,0.0,0.0,2.0624000000000002,11.776574328521896
0,0.0,0.0,2.064,11.764598551900356
0,0.0,0.0,2.0656,11.752636094608002
0,0.0,0.0,2.0672,11.740686940348432
0,0.0,0.0,2.0688,11.728751072845553
0,0.0,0.0,2.0704000000000002,11.716828475843572
0,0.0,0.0,2.072,11.704919133106975
0,0.0,0.0,2.0736,11.693023028420509
0,0.0,0.0,2.0752,11.681140145589165
0,0.0,0.0,2.0768,11.669270468438173
0,0.0,0.0,2.0784000000000002,11.657413980812978
0,0.0,0.0,2.08,11.645570666579212
0,0.0,0.0,2.0816,11.633740509622703
0,0.0,0.0,2.0832,11.621923493849433
0,0.0,0.0,2.0848,11.610119603185538
0,0.0,0.0,2.0864000000000003,11.598328821577283
0,0.0,0.0,2.088,11.586551132991053
0,0.0,0.0,2.0896,11.574786521413328
0,0.0,0.0,2.0912,11.56303497085067
0,0.0,0.0,2.0928,11.5512964653297
0,0.0,0.0,2.0944000000000003,11.5395709888971
0,0.0,0.0,2.096,11.527858525619571
0,0.0,0.0,2.0976,11.516159059583833
0,0.0,0.0,2.0992,11.504472574896601
0,0.0,0.0,2.1008,11.492799055684571
0,0.0,0.0,2.1024000000000003,11.481138486094405
0,0.0,0.0,2.104,11.4694908502927
0,0.0,0.0,2.1056,11.45785613246599
0,0.0,0.0,2.1072,11.446234316820716
0,0.0,0.0,2.1088,11.434625387583214
0,0.0,0.0,2.1104000000000003,11.423029328999691
0,0.0,0.0,2.112,11.41144612533622
0,0.0,0.0,2.1136,11.399875760878711
0,0.0,0.0,2.1152,11.388318219932899
0,0.0,0.0,2.1168,11.376773486824316
0,0.0,0.0,2.1184000000000003,11.365241545898296
0,0.0,0.0,2.12,11.353722381519935
0,0.0,0.0,2.1216,11.342215978074085
0,0.0,0.0,2.1232,11.330722319965329
0,0.0,0.0,2.1248,11.319241391617972
0,0.0,0.0,2.1264000000000003,11.307773177476014
0,0.0,0.0,2.128,11.296317662003139
0,0.0,0.0,2.1296,11.284874829682698
0,0.0,0.0,2.1312,11.27344466501768
0,0.0,0.0,2.1328,11.262027152530706
0,0.0,0.0,2.1344000000000003,11.250622276764005
0,0.0,0.0,2.136,11.2392300222794
0,0.0,0.0,2.1376,11.227850373658283
0,0.0,0.0,2.1392,11.216483315501607
0,0.0,0.0,2.1408,11.205128832429859
0,0.0,0.0,2.1424000000000003,11.193786909083043
0,0.0,0.0,2.144,11.182457530120661
0,0.0,0.0,2.1456,11.171140680221706
0,0.0,0.0,2.1472,11.15983634408463
0,0.0,0.0,2.1488,11.14854450642733
0,0.0,0.0,2.1504000000000003,11.137265151987128
0,0.0,0.0,2.152,11.12599826552076
0,0.0,0.0,2.1536,11.114743831804349
0,0.0,0.0,2.1552000000000002,11.103501835633388
0,0.0,0.0,2.1568,11.092272261822728
0,0.0,0.0,2.1584000000000003,11.081055095206551
0,0.0,0.0,2.16,11.069850320638354
0,0.0,0.0,2.1616,11.058657922990934
0,0.0,0.0,2.1632000000000002,11.047477887156367
0,0.0,0.0,2.1648,11.036310198045983
0,0.0,0.0,2.1664000000000003,11.025154840590364
0,0.0,0.0,2.168,11.014011799739304
0,0.0,0.0,2.1696,11.002881060461808
0,0.0,0.0,2.1712000000000002,10.99176260774606
0,0.0,0.0,2.1728,10.980656426599413
0,0.0,0.0,2.1744,10.96956250204837
0,0.0,0.0,2.176,10.95848081913856
0,0.0,0.0,2.1776,10.947411362934714
0,0.0,0.0,2.1792000000000002,10.936354118520665
0,0.0,0.0,2.1808,10.925309070999312
0,0.0,0.0,2.1824,10.914276205492607
0,0.0,0.0,2.184,10.903255507141532
0,0.0,0.0,2.1856,10.89224696110609
0,0.0,0.0,2.1872000000000003,10.88125055256528
0,0.0,0.0,2.1888,10.870266266717064
0,0.0,0.0,2.1904,10.859294088778373
0,0.0,0.0,2.192,10.848334003985077
0,0.0,0.0,2.1936,10.837385997591955
0,0.0,0.0,2.1952000000000003,10.826450054872696
0,0.0,0.0,2.1968,10.81552616111986
0,0.0,0.0,2.1984,10.804614301644875
0,0.0,0.0,2.2,10.79371446177801
0,0.0,0.0,2.2016,10.782826626868346
0,0.0,0.0,2.2032000000000003,10.771950782283783
0,0.0,0.0,2.2048,10.761086913410994
0,0.0,0.0,2.2064,10.750235005655423
0,0.0,0.0,2.208,10.73939504444125
0,0.0,0.0,2.2096,10.728567015211393
0,0.0,0.0,2.2112000000000003,10.717750903427465
0,0.0,0.0,2.2128,10.706946694569774
0,0.0,0.0,2.2144,10.69615437413729
0,0.0,0.0,2.216,10.685373927647634
0,0.0,0.0,2.2176,10.674605340637052
0,0.0,0.0,2.2192000000000003,10.663848598660405
0,0.0,0.0,2.2208,10.653103687291132
0,0.0,0.0,2.2224,10.642370592121257
0,0.0,0.0,2.224,10.63164929876134
0,0.0,0.0,2.2256,10.620939792840485
0,0.0,0.0,2.2272000000000003,10.610242060006295
0,0.0,0.0,2.2288,10.59955608592487
0,0.0,0.0,2.2304,10.588881856280786
0,0.0,0.0,2.232,10.578219356777058
0,0.0,0.0,2.2336,10.56756857313515
0,0.0,0.0,2.2352000000000003,10.556929491094925
0,0.0,0.0,2.2368,10.54630209641465
0,0.0,0.0,2.2384,10.535686374870956
0,0.0,0.0,2.24,10.525082312258839
0,0.0,0.0,2.2416,10.514489894391616
0,0.0,0.0,2.2432000000000003,10.503909107100926
0,0.0,0.0,2.2448,10.493339936236696
0,0.0,0.0,2.2464,10.482782367667138
0,0.0,0.0,2.248,10.472236387278715
0,0.0,0.0,2.2496,10.46170198097612
0,0.0,0.0,2.2512000000000003,10.451179134682263
0,0.0,0.0,2.2528,10.440667834338253
0,0.0,0.0,2.2544,10.430168065903372
0,0.0,0.0,2.2560000000000002,10.41967981535506
0,0.0,0.0,2.2576,10.409203068688889
0,0.0,0.0,2.2592000000000003,10.398737811918553
0,0.0,0.0,2.2608,10.388284031075834
0,0.0,0.0,2.2624,10.377841712210596
0,0.0,0.0,2.2640000000000002,10.367410841390761
0,0.0,0.0,2.2656,10.35699140470228
0,0.0,0.0,2.2672000000000003,10.346583388249124
0,0.0,0.0,2.2688,10.336186778153264
0,0.0,0.0,2.2704,10.325801560554645
0,0.0,0.0,2.2720000000000002,10.315427721611169
0,0.0,0.0,2.2736,10.305065247498671
0,0.0,0.0,2.2752,10.294714124410909
0,0.0,0.0,2.2768,10.284374338559532
0,0.0,0.0,2.2784,10.27404587617407
0,0.0,0.0,2.2800000000000002,10.26372872350191
0,0.0,0.0,2.2816,10.253422866808272
0,0.0,0.0,2.2832,10.243128292376191
0,0.0,0.0,2.2848,10.232844986506505
0,0.0,0.0,2.2864,10.222572935517826
0,0.0,0.0,2.2880000000000003,10.212312125746521
0,0.0,0.0,2.2896,10.202062543546697
0,0.0,0.0,2.2912,10.191824175290176
0,0.0,0.0,2.2928,10.181597007366475
0,0.0,0.0,2.2944,10.171381026182788
0,0.0,0.0,2.2960000000000003,10.161176218163966
0,0.0,0.0,2.2976,10.150982569752498
0,0.0,0.0,2.2992,10.140800067408485
0,0.0,0.0,2.3008,10.130628697609625
0,0.0,0.0,2.3024,10.120468446851199
0,0.0,0.0,2.3040000000000003,10.110319301646035
0,0.0,0.0,2.3056,10.100181248524501
0,0.0,0.0,2.3072,10.090054274034483
0,0.0,0.0,2.3088,10.079938364741356
0,0.0,0.0,2.3104,10.069833507227978
0,0.0,0.0,2.3120000000000003,10.059739688094654
0,0.0,0.0,2.3136,10.049656893959133
0,0.0,0.0,2.3152,10.039585111456576
0,0.0,0.0,2.3168,10.029524327239539
0,0.0,0.0,2.3184,10.01947452797795
0,0.0,0.0,2.3200000000000003,10.009435700359097
0,0.0,0.0,2.3216,9.9994078310876
0,0.0,0.0,2.3232,9.989390906885392
0,0.0,0.0,2.3248,9.979384914491709
0,0.0,0.0,2.3264,9.969389840663048
0,0.0,0.0,2.3280000000000003,9.959405672173169
0,0.0,0.0,2.3296,9.949432395813066
0,0.0,0.0,2.3312,9.939469998390942
0,0.0,0.0,2.3328,9.929518466732201
0,0.0,0.0,2.3344,9.919577787679412
0,0.0,0.0,2.3360000000000003,9.909647948092305
0,0.0,0.0,2.3376,9.899728934847742
0,0.0,0.0,2.3392,9.889820734839695
0,0.0,0.0,2.3408,9.879923334979232
0,0.0,0.0,2.3424,9.870036722194492
0,0.0,0.0,2.3440000000000003,9.86016088343067
0,0.0,0.0,2.3456,9.85029580564999
0,0.0,0.0,2.3472,9.84044147583169
0,0.0,0.0,2.3488,9.830597880972002
0,0.0,0.0,2.3504,9.820765008084127
0,0.0,0.0,2.3520000000000003,9.810942844198225
0,0.0,0.0,2.3536,9.801131376361381
0,0.0,0.0,2.3552,9.791330591637589
0,0.0,0.0,2.3568000000000002,9.781540477107745
0,0.0,0.0,2.3584,9.771761019869611
0,0.0,0.0,2.3600000000000003,9.761992207037801
0,0.0,0.0,2.3616,9.752234025743764
0,0.0,0.0,2.3632,9.74248646313575
0,0.0,0.0,2.3648000000000002,9.732749506378811
0,0.0,0.0,2.3664,9.723023142654766
0,0.0,0.0,2.3680000000000003,9.713307359162185
0,0.0,0.0,2.3696,9.703602143116367
0,0.0,0.0,2.3712,9.693907481749324
0,0.0,0.0,2.3728000000000002,9.68422336230976
0,0.0,0.0,2.3744,9.674549772063045
0,0.0,0.0,2.3760000000000003,9.664886698291204
0,0.0,0.0,2.3776,9.65523412829289
0,0.0,0.0,2.3792,9.645592049383366
0,0.0,0.0,2.3808000000000002,9.635960448894485
0,0.0,0.0,2.3824,9.626339314174672
0,0.0,0.0,2.384,9.616728632588902
0,0.0,0.0,2.3856,9.607128391518675
0,0.0,0.0,2.3872,9.597538578362007
0,0.0,0.0,2.3888000000000003,9.5879591805334
0,0.0,0.0,2.3904,9.57839018546383
0,0.0,0.0,2.392,9.568831580600715
0,0.0,0.0,2.3936,9.559283353407912
0,0.0,0.0,2.3952,9.549745491365679
0,0.0,0.0,2.3968000000000003,9.540217981970665
0,0.0,0.0,2.3984,9.5307008127359
0,0.0,0.0,2.4,9.521193971190744
0,0.0,0.0,2.4016,9.5116974448809
0,0.0,0.0,2.4032,9.502211221368379
0,0.0,0.0,2.4048000000000003,9.49273528823148
0,0.0,0.0,2.4064,9.483269633064769
0,0.0,0.0,2.408,9.473814243479064
0,0.0,0.0,2.4096,9.464369107101412
0,0.0,0.0,2.4112,9.454934211575067
0,0.0,0.0,2.4128000000000003,9.445509544559476
0,0.0,0.0,2.4144,9.436095093730255
0,0.0,0.0,2.416,9.426690846779167
0,0.0,0.0,2.4176,9.417296791414108
0,0.0,0.0,2.4192,9.407912915359082
0,0.0,0.0,2.4208000000000003,9.39853920635418
0,0.0,0.0,2.4224,9.389175652155567
0,0.0,0.0,2.424,9.379822240535454
0,0.0,0.0,2.4256,9.370478959282087
0,0.0,0.0,2.4272,9.361145796199718
0,0.0,0.0,2.4288000000000003,9.351822739108588
0,0.0,0.0,2.4304,9.342509775844912
0,0.0,0.0,2.432,9.333206894260854
0,0.0,0.0,2.4336,9.323914082224507
0,0.0,0.0,2.4352,9.314631327619875
0,0.0,0.0,2.4368000000000003,9.305358618346855
0,0.0,0.0,2.4384,9.29609594232121
0,0.0,0.0,2.44,9.286843287474559
0,0.0,0.0,2.4416,9.277600641754349
0,0.0,0.0,2.4432,9.268367993123842
0,0.0,0.0,2.4448000000000003,9.259145329562086
0,0.0,0.0,2.4464,9.249932639063905
0,0.0,0.0,2.448,9.240729909639875
0,0.0,0.0,2.4496,9.231537129316298
0,0.0,0.0,2.4512,9.222354286135195
0,0.0,0.0,2.4528000000000003,9.21318136815428
0,0.0,0.0,2.4544,9.204018363446934
0,0.0,0.0,2.456,9.194865260102198
0,0.0,0.0,2.4576000000000002,9.185722046224742
0,0.0,0.0,2.4592,9.17658870993485
0,0.0,0.0,2.4608000000000003,9.167465239368397
0,0.0,0.0,2.4624,9.15835162267684
0,0.0,0.0,2.464,9.149247848027182
0,0.0,0.0,2.4656000000000002,9.140153903601966
0,0.0,0.0,2.4672,9.131069777599247
0,0.0,0.0,2.4688000000000003,9.121995458232579
0,0.0,0.0,2.4704,9.11293093373099
0,0.0,0.0,2.472,9.103876192338962
0,0.0,0.0,2.4736000000000002,9.094831222316417
0,0.0,0.0,2.4752,9.08579601193869
0,0.0,0.0,2.4768000000000003,9.076770549496516
0,0.0,0.0,2.4784,9.067754823296008
0,0.0,0.0,2.48,9.058748821658634
0,0.0,0.0,2.4816000000000003,9.049752532921206
0,0.0,0.0,2.4832,9.040765945435846
0,0.0,0.0,2.4848,9.031789047569983
0,0.0,0.0,2.4864,9.022821827706325
0,0.0,0.0,2.488,9.013864274242835
0,0.0,0.0,2.4896000000000003,9.004916375592723
0,0.0,0.0,2.4912,8.995978120184418
0,0.0,0.0,2.4928,8.987049496461552
0,0.0,0.0,2.4944,8.978130492882933
0,0.0,0.0,2.496,8.969221097922535
0,0.0,0.0,2.4976000000000003,8.960321300069479
0,0.0,0.0,2.4992,8.95143108782801
0,0.0,0.0,2.5008,8.942550449717467
0,0.0,0.0,2.5024,8.933679374272291
0,0.0,0.0,2.504,8.924817850041972
0,0.0,0.0,2.5056000000000003,8.915965865591058
0,0.0,0.0,2.5072,8.907123409499114
0,0.0,0.0,2.5088,8.89829047036072
0,0.0,0.0,2.5104,8.889467036785442
0,0.0,0.0,2.512,8.880653097397813
0,0.0,0.0,2.5136000000000003,8.871848640837317
0,0.0,0.0,2.5152,8.863053655758367
0,0.0,0.0,2.5168,8.85426813083029
0,0.0,0.0,2.5184,8.845492054737296
0,0.0,0.0,2.52,8.836725416178476
0,0.0,0.0,2.5216000000000003,8.827968203867773
0,0.0,0.0,2.5232,8.819220406533955
0,0.0,0.0,2.5248,8.810482012920614
0,0.0,0.0,2.5264,8.801753011786136
0,0.0,0.0,2.528,8.793033391903679
0,0.0,0.0,2.5296000000000003,8.784323142061154
0,0.0,0.0,2.5312,8.77562225106122
0,0.0,0.0,2.5328,8.766930707721249
0,0.0,0.0,2.5344,8.758248500873309
0,0.0,0.0,2.536,8.749575619364155
0,0.0,0.0,2.5376000000000003,8.740912052055196
0,0.0,0.0,2.5392,8.732257787822489
0,0.0,0.0,2.5408,8.72361281555671
0,0.0,0.0,2.5424,8.714977124163136
0,0.0,0.0,2.544,8.706350702561634
0,0.0,0.0,2.5456000000000003,8.697733539686634
0,0.0,0.0,2.5472,8.689125624487115
0,0.0,0.0,2.5488,8.680526945926575
0,0.0,0.0,2.5504000000000002,8.671937492983032
0,0.0,0.0,2.552,8.663357254648986
0,0.0,0.0,2.5536000000000003,8.654786219931408
0,0.0,0.0,2.5552,8.646224377851723
0,0.0,0.0,2.5568,8.637671717445786
0,0.0,0.0,2.5584000000000002,8.629128227763864
0,0.0,0.0,2.56,8.620593897870627
0,0.0,0.0,2.5616000000000003,8.612068716845108
0,0.0,0.0,2.5632,8.603552673780706
0,0.0,0.0,2.5648,8.595045757785156
0,0.0,0.0,2.5664000000000002,8.586547957980509
0,0.0,0.0,2.568,8.57805926350312
0,0.0,0.0,2.5696000000000003,8.569579663503623
0,0.0,0.0,2.5712,8.561109147146915
0,0.0,0.0,2.5728,8.552647703612136
0,0.0,0.0,2.5744000000000002,8.544195322092653
0,0.0,0.0,2.576,8.535751991796038
0,0.0,0.0,2.5776000000000003,8.52731770194405
0,0.0,0.0,2.5792,8.518892441772612
0,0.0,0.0,2.5808,8.51047620053181
0,0.0,0.0,2.5824000000000003,8.502068967485846
0,0.0,0.0,2.584,8.493670731913042
0,0.0,0.0,2.5856000000000003,8.485281483105814
0,0.0,0.0,2.5872,8.47690121037065
0,0.0,0.0,2.5888,8.4685299030281
0,0.0,0.0,2.5904000000000003,8.460167550412748
0,0.0,0.0,2.592,8.451814141873196
0,0.0,0.0,2.5936,8.443469666772046
0,0.0,0.0,2.5952,8.435134114485887
0,0.0,0.0,2.5968,8.426807474405269
0,0.0,0.0,2.5984000000000003,8.418489735934683
0,0.0,0.0,2.6,8.410180888492551
0,0.0,0.0,2.6016,8.401880921511204
0,0.0,0.0,2.6032,8.393589824436857
0,0.0,0.0,2.6048,8.385307586729603
0,0.0,0.0,2.6064000000000003,8.377034197863376
0,0.0,0.0,2.608,8.368769647325955
0,0.0,0.0,2.6096,8.360513924618932
0,0.0,0.0,2.6112,8.352267019257695
0,0.0,0.0,2.6128,8.344028920771406
0,0.0,0.0,2.6144000000000003,8.335799618702993
0,0.0,0.0,2.616,8.327579102609125
0,0.0,0.0,2.6176,8.319367362060195
0,0.0,0.0,2.6192,8.311164386640296
0,0.0,0.0,2.6208,8.302970165947217
0,0.0,0.0,2.6224000000000003,8.294784689592406
0,0.0,0.0,2.624,8.286607947200967
0,0.0,0.0,2.6256,8.278439928411634
0,0.0,0.0,2.6272,8.27028062287676
0,0.0,0.0,2.6288,8.262130020262283
0,0.0,0.0,2.6304000000000003,8.253988110247727
0,0.0,0.0,2.632,8.24585488252617
0,0.0,0.0,2.6336,8.237730326804234
0,0.0,0.0,2.6352,8.229614432802066
0,0.0,0.0,2.6368,8.221507190253309
0,0.0,0.0,2.6384000000000003,8.213408588905102
0,0.0,0.0,2.64,8.205318618518046
0,0.0,0.0,2.6416,8.197237268866195
0,0.0,0.0,2.6432,8.189164529737031
0,0.0,0.0,2.6448,8.181100390931459
0,0.0,0.0,2.6464000000000003,8.173044842263772
0,0.0,0.0,2.648,8.164997873561644
0,0.0,0.0,2.6496,8.15695947466611
0,0.0,0.0,2.6512000000000002,8.148929635431541
0,0.0,0.0,2.6528,8.14090834572564
0,0.0,0.0,2.6544000000000003,8.132895595429408
0,0.0,0.0,2.656,8.124891374437142
0,0.0,0.0,2.6576,8.116895672656405
0,0.0,0.0,2.6592000000000002,8.108908480008013
0,0.0,0.0,2.6608,8.100929786426018
0,0.0,0.0,2.6624000000000003,8.092959581857688
0,0.0,0.0,2.664,8.084997856263483
0,0.0,0.0,2.6656,8.07704459961705
0,0.0,0.0,2.6672000000000002,8.0690998019052
0,0.0,0.0,2.6688,8.06116345312789
0,0.0,0.0,2.6704000000000003,8.053235543298195
0,0.0,0.0,2.672,8.04531606244231
0,0.0,0.0,2.6736,8.037405000599522
0,0.0,0.0,2.6752000000000002,8.029502347822183
0,0.0,0.0,2.6768,8.02160809417571
0,0.0,0.0,2.6784000000000003,8.013722229738551
0,0.0,0.0,2.68,8.005844744602182
0,0.0,0.0,2.6816,7.997975628871083
0,0.0,0.0,2.6832000000000003,7.990114872662711
0,0.0,0.0,2.6848,7.9822624661075015
0,0.0,0.0,2.6864000000000003,7.974418399348835
0,0.0,0.0,2.688,7.966582662543025
0,0.0,0.0,2.6896,7.958755245859302
0,0.0,0.0,2.6912000000000003,7.950936139479793
0,0.0,0.0,2.6928,7.943125333599505
0,0.0,0.0,2.6944000000000004,7.935322818426311
0,0.0,0.0,2.696,7.927528584180925
0,0.0,0.0,2.6976,7.919742621096891
0,0.0,0.0,2.6992000000000003,7.911964919420563
0,0.0,0.0,2.7008,7.904195469411089
0,0.0,0.0,2.7024,7.896434261340392
0,0.0,0.0,2.704,7.888681285493151
0,0.0,0.0,2.7056,7.880936532166788
0,0.0,0.0,2.7072000000000003,7.8731999916714495
0,0.0,0.0,2.7088,7.865471654329984
0,0.0,0.0,2.7104,7.857751510477932
0,0.0,0.0,2.712,7.850039550463503
0,0.0,0.0,2.7136,7.842335764647562
0,0.0,0.0,2.7152000000000003,7.834640143403613
0,0.0,0.0,2.7168,7.826952677117774
0,0.0,0.0,2.7184,7.81927335618877
0,0.0,0.0,2.72,7.811602171027909
0,0.0,0.0,2.7216,7.803939112059068
0,0.0,0.0,2.7232000000000003,7.7962841697186755
0,0.0,0.0,2.7248,7.788637334455689
0,0.0,0.0,2.7264,7.780998596731588
0,0.0,0.0,2.728,7.773367947020347
0,0.0,0.0,2.7296,7.765745375808425
0,0.0,0.0,2.7312000000000003,7.758130873594748
0,0.0,0.0,2.7328,7.750524430890685
0,0.0,0.0,2.7344,7.742926038220039
0,0.0,0.0,2.736,7.7353356861190266
0,0.0,0.0,2.7376,7.727753365136261
0,0.0,0.0,2.7392000000000003,7.720179065832736
0,0.0,0.0,2.7408,7.712612778781807
0,0.0,0.0,2.7424,7.705054494569178
0,0.0,0.0,2.744,7.697504203792878
0,0.0,0.0,2.7456,7.689961897063252
0,0.0,0.0,2.7472000000000003,7.682427565002938
0,0.0,0.0,2.7488,7.674901198246854
0,0.0,0.0,2.7504,7.667382787442177
0,0.0,0.0,2.7520000000000002,7.659872323248332
0,0.0,0.0,2.7536,7.652369796336969
0,0.0,0.0,2.7552000000000003,7.644875197391949
0,0.0,0.0,2.7568,7.63738851710933
0,0.0,0.0,2.7584,7.629909746197344
0,0.0,0.0,2.7600000000000002,7.622438875376387
0,0.0,0.0,2.7616,7.614975895378996
0,0.0,0.0,2.7632000000000003,7.607520796949838
0,0.0,0.0,2.7648,7.600073570845689
0,0.0,0.0,2.7664,7.5926342078354185
0,0.0,0.0,2.7680000000000002,7.585202698699974
0,0.0,0.0,2.7696,7.577779034232365
0,0.0,0.0,2.7712000000000003,7.570363205237642
0,0.0,0.0,2.7728,7.562955202532885
0,0.0,0.0,2.7744,7.555555016947184
0,0.0,0.0,2.7760000000000002,7.548162639321624
0,0.0,0.0,2.7776,7.540778060509267
0,0.0,0.0,2.7792000000000003,7.533401271375137
0,0.0,0.0,2.7808,7.5260322627962015
0,0.0,0.0,2.7824,7.51867102566136
0,0.0,0.0,2.7840000000000003,7.511317550871416
0,0.0,0.0,2.7856,7.5039718293390765
0,0.0,0.0,2.7872000000000003,7.496633851988921
0,0.0,0.0,2.7888,7.489303609757398
0,0.0,0.0,2.7904,7.481981093592798
0,0.0,0.0,2.7920000000000003,7.47466629445524
0,0.0,0.0,2.7936,7.467359203316659
0,0.0,0.0,2.7952000000000004,7.460059811160787
0,0.0,0.0,2.7968,7.452768108983134
0,0.0,0.0,2.7984,7.445484087790979
0,0.0,0.0,2.8000000000000003,7.438207738603346
0,0.0,0.0,2.8016,7.4309390524509915
0,0.0,0.0,2.8032,7.423678020376388
0,0.0,0.0,2.8048,7.4164246334337065
0,0.0,0.0,2.8064,7.409178882688804
0,0.0,0.0,2.8080000000000003,7.4019407592192
0,0.0,0.0,2.8096,7.394710254114071
0,0.0,0.0,2.8112,7.387487358474223
0,0.0,0.0,2.8128,7.380272063412084
0,0.0,0.0,2.8144,7.373064360051682
0,0.0,0.0,2.8160000000000003,7.3658642395286344
0,0.0,0.0,2.8176,7.358671692990126
0,0.0,0.0,2.8192,7.351486711594899
0,0.0,0.0,2.8208,7.344309286513232
0,0.0,0.0,2.8224,7.337139408926927
0,0.0,0.0,2.8240000000000003,7.32997707002929
0,0.0,0.0,2.8256,7.322822261025123
0,0.0,0.0,2.8272,7.3156749731306965
0,0.0,0.0,2.8288,7.308535197573744
0,0.0,0.0,2.8304,7.301402925593438
0,0.0,0.0,2.8320000000000003,7.294278148440381
0,0.0,0.0,2.8336,7.287160857376585
0,0.0,0.0,2.8352,7.2800510436754555
0,0.0,0.0,2.8368,7.27294869862178
0,0.0,0.0,2.8384,7.265853813511709
0,0.0,0.0,2.8400000000000003,7.258766379652739
0,0.0,0.0,2.8416,7.251686388363699
0,0.0,0.0,2.8432,7.2446138309747345
0,0.0,0.0,2.8448,7.2375486988272915
0,0.0,0.0,2.8464,7.230490983274103
0,0.0,0.0,2.8480000000000003,7.223440675679164
0,0.0,0.0,2.8496,7.21639776741773
0,0.0,0.0,2.8512,7.209362249876291
0,0.0,0.0,2.8528000000000002,7.202334114452559
0,0.0,0.0,2.8544,7.195313352555453
0,0.0,0.0,2.8560000000000003,7.188299955605082
0,0.0,0.0,2.8576,7.1812939150327315
0,0.0,0.0,2.8592,7.174295222280847
0,0.0,0.0,2.8608000000000002,7.167303868803015
0,0.0,0.0,2.8624,7.160319846063954
0,0.0,0.0,2.8640000000000003,7.153343145539494
0,0.0,0.0,2.8656,7.146373758716562
0,0.0,0.0,2.8672,7.13941167709317
0,0.0,0.0,2.8688000000000002,7.132456892178394
0,0.0,0.0,2.8704,7.125509395492361
0,0.0,0.0,2.8720000000000003,7.118569178566235
0,0.0,0.0,2.8736,7.1116362329422005
0,0.0,0.0,2.8752,7.104710550173448
0,0.0,0.0,2.8768000000000002,7.097792121824156
0,0.0,0.0,2.8784,7.0908809394694785
0,0.0,0.0,2.8800000000000003,7.083976994695527
0,0.0,0.0,2.8816,7.07708027909936
0,0.0,0.0,2.8832,7.070190784288961
0,0.0,0.0,2.8848000000000003,7.063308501883229
0,0.0,0.0,2.8864,7.056433423511963
0,0.0,0.0,2.8880000000000003,7.049565540815839
0,0.0,0.0,2.8896,7.042704845446406
0,0.0,0.0,2.8912,7.0358513290660625
0,0.0,0.0,2.8928000000000003,7.029004983348046
0,0.0,0.0,2.8944,7.022165799976416
0,0.0,0.0,2.8960000000000004,7.015333770646039
0,0.0,0.0,2.8976,7.008508887062571
0,0.0,0.0,2.8992,7.00169114094245
0,0.0,0.0,2.9008000000000003,6.9948805240128715
0,0.0,0.0,2.9024,6.98807702801178
0,0.0,0.0,2.9040000000000004,6.9812806446878515
0,0.0,0.0,2.9056,6.974491365800477
0,0.0,0.0,2.9072,6.9677091831197515
0,0.0,0.0,2.9088000000000003,6.960934088426456
0,0.0,0.0,2.9104,6.954166073512043
0,0.0,0.0,2.912,6.947405130178624
0,0.0,0.0,2.9136,6.940651250238949
0,0.0,0.0,2.9152,6.933904425516396
0,0.0,0.0,2.9168000000000003,6.92716464784496
0,0.0,0.0,2.9184,6.920431909069229
0,0.0,0.0,2.92,6.913706201044373
0,0.0,0.0,2.9216,6.906987515636132
0,0.0,0.0,2.9232,6.900275844720797
0,0.0,0.0,2.9248000000000003,6.893571180185201
0,0.0,0.0,2.9264,6.8868735139266954
0,0.0,0.0,2.928,6.880182837853146
0,0.0,0.0,2.9296,6.873499143882909
0,0.0,0.0,2.9312,6.866822423944818
0,0.0,0.0,2.9328000000000003,6.860152669978177
0,0.0,0.0,2.9344,6.853489873932735
0,0.0,0.0,2.936,6.846834027768679
0,0.0,0.0,2.9376,6.8401851234566164
0,0.0,0.0,2.9392,6.83354315297756
0,0.0,0.0,2.9408000000000003,6.826908108322915
0,0.0,0.0,2.9424,6.820279981494462
0,0.0,0.0,2.944,6.813658764504346
0,0.0,0.0,2.9456,6.80704444937506
0,0.0,0.0,2.9472,6.800437028139427
0,0.0,0.0,2.9488000000000003,6.793836492840596
0,0.0,0.0,2.9504,6.787242835532012
0,0.0,0.0,2.952,6.780656048277414
0,0.0,0.0,2.9536000000000002,6.774076123150818
0,0.0,0.0,2.9552,6.767503052236502
0,0.0,0.0,2.9568000000000003,6.760936827628985
0,0.0,0.0,2.9584,6.754377441433022
0,0.0,0.0,2.96,6.747824885763589
0,0.0,0.0,2.9616000000000002,6.741279152745861
0,0.0,0.0,2.9632,6.734740234515204
0,0.0,0.0,2.9648000000000003,6.72820812321716
0,0.0,0.0,2.9664,6.721682811007432
0,0.0,0.0,2.968,6.7151642900518675
0,0.0,0.0,2.9696000000000002,6.708652552526447
0,0.0,0.0,2.9712,6.70214759061727
0,0.0,0.0,2.9728000000000003,6.695649396520541
0,0.0,0.0,2.9744,6.689157962442552
0,0.0,0.0,2.976,6.682673280599671
0,0.0,0.0,2.9776000000000002,6.676195343218328
0,0.0,0.0,2.9792,6.669724142535
0,0.0,0.0,2.9808000000000003,6.663259670796198
0,0.0,0.0,2.9824,6.65680192025845
0,0.0,0.0,2.984,6.65035088318829
0,0.0,0.0,2.9856000000000003,6.643906551862246
0,0.0,0.0,2.9872,6.637468918566818
0,0.0,0.0,2.9888000000000003,6.631037975598471
0,0.0,0.0,2.9904,6.62461371526362
0,0.0,0.0,2.992,6.618196129878614
0,0.0,0.0,2.9936000000000003,6.611785211769722
0,0.0,0.0,2.9952,6.605380953273122
0,0.0,0.0,2.9968000000000004,6.598983346734884
0,0.0,0.0,2.9984,6.592592384510955
0,0.0,0.0,3.0,6.586208058967152
0,0.0,0.0,3.0016000000000003,6.579830362479139
0,0.0,0.0,3.0032,6.5734592874324225
0,0.0,0.0,3.0048000000000004,6.567094826222328
0,0.0,0.0,3.0064,6.560736971253993
0,0.0,0.0,3.008,6.5543857149423514
0,0.0,0.0,3.0096000000000003,6.54804104971212
0,0.0,0.0,3.0112,6.541702967997782
0,0.0,0.0,3.0128,6.535371462243579
0,0.0,0.0,3.0144,6.529046524903489
0,0.0,0.0,3.016,6.522728148441222
0,0.0,0.0,3.0176000000000003,6.5164163253302005
0,0.0,0.0,3.0192,6.5101110480535445
0,0.0,0.0,3.0208,6.503812309104064
0,0.0,0.0,3.0224,6.497520100984242
0,0.0,0.0,3.024,6.491234416206218
0,0.0,0.0,3.0256000000000003,6.484955247291778
0,0.0,0.0,3.0272,6.478682586772344
0,0.0,0.0,3.0288,6.472416427188948
0,0.0,0.0,3.0304,6.466156761092237
0,0.0,0.0,3.032,6.459903581042442
0,0.0,0.0,3.0336000000000003,6.453656879609376
0,0.0,0.0,3.0352,6.447416649372416
0,0.0,0.0,3.0368,6.441182882920489
0,0.0,0.0,3.0384,6.434955572852061
0,0.0,0.0,3.04,6.428734711775121
0,0.0,0.0,3.0416000000000003,6.422520292307169
0,0.0,0.0,3.0432,6.416312307075202
0,0.0,0.0,3.0448,6.410110748715704
0,0.0,0.0,3.0464,6.403915609874626
0,0.0,0.0,3.048,6.397726883207379
0,0.0,0.0,3.0496000000000003,6.391544561378815
0,0.0,0.0,3.0512,6.385368637063221
0,0.0,0.0,3.0528,6.379199102944299
0,0.0,0.0,3.0544000000000002,6.373035951715155
0,0.0,0.0,3.056,6.366879176078289
0,0.0,0.0,3.0576000000000003,6.360728768745573
0,0.0,0.0,3.0592,6.354584722438249
0,0.0,0.0,3.0608,6.348447029886908
0,0.0,0.0,3.0624000000000002,6.34231568383148
0,0.0,0.0,3.064,6.33619067702122
0,0.0,0.0,3.0656000000000003,6.3300720022146955
0,0.0,0.0,3.0672,6.323959652179771
0,0.0,0.0,3.0688,6.317853619693598
0,0.0,0.0,3.0704000000000002,6.3117538975426015
0,0.0,0.0,3.072,6.305660478522464
0,0.0,0.0,3.0736000000000003,6.299573355438119
0,0.0,0.0,3.0752,6.293492521103727
0,0.0,0.0,3.0768,6.287417968342674
0,0.0,0.0,3.0784000000000002,6.281349689987552
0,0.0,0.0,3.08,6.275287678880148
0,0.0,0.0,3.0816000000000003,6.26923192787143
0,0.0,0.0,3.0832,6.263182429821534
0,0.0,0.0,3.0848,6.257139177599756
0,0.0,0.0,3.0864000000000003,6.25110216408453
0,0.0,0.0,3.088,6.245071382163423
0,0.0,0.0,3.0896000000000003,6.2390468247331174
0,0.0,0.0,3.0912,6.233028484699399
0,0.0,0.0,3.0928,6.22701635497715
0,0.0,0.0,3.0944000000000003,6.221010428490324
0,0.0,0.0,3.096,6.215010698171949
0,0.0,0.0,3.0976000000000004,6.2090171569641
0,0.0,0.0,3.0992,6.203029797817894
0,0.0,0.0,3.1008,6.197048613693477
0,0.0,0.0,3.1024000000000003,6.191073597560008
0,0.0,0.0,3.104,6.185104742395648
0,0.0,0.0,3.1056000000000004,6.17914204118755
0,0.0,0.0,3.1072,6.1731854869318425
0,0.0,0.0,3.1088,6.167235072633618
0,0.0,0.0,3.1104000000000003,6.161290791306921
0,0.0,0.0,3.112,6.155352635974736
0,0.0,0.0,3.1136000000000004,6.1494205996689715
0,0.0,0.0,3.1152,6.143494675430453
0,0.0,0.0,3.1168,6.1375748563089045
0,0.0,0.0,3.1184000000000003,6.131661135362941
0,0.0,0.0,3.12,6.125753505660049
0,0.0,0.0,3.1216,6.119851960276586
0,0.0,0.0,3.1232,6.113956492297756
0,0.0,0.0,3.1248,6.108067094817604
0,0.0,0.0,3.1264000000000003,6.102183760938998
0,0.0,0.0,3.128,6.096306483773624
0,0.0,0.0,3.1296,6.090435256441967
0,0.0,0.0,3.1312,6.0845700720733
0,0.0,0.0,3.1328,6.078710923805675
0,0.0,0.0,3.1344000000000003,6.072857804785909
0,0.0,0.0,3.136,6.067010708169569
0,0.0,0.0,3.1376,6.061169627120963
0,0.0,0.0,3.1392,6.055334554813124
0,0.0,0.0,3.1408,6.049505484427802
0,0.0,0.0,3.1424000000000003,6.0436824091554495
0,0.0,0.0,3.144,6.037865322195209
0,0.0,0.0,3.1456,6.032054216754903
0,0.0,0.0,3.1472,6.026249086051018
0,0.0,0.0,3.1488,6.020449923308694
0,0.0,0.0,3.1504000000000003,6.014656721761715
0,0.0,0.0,3.152,6.008869474652492
0,0.0,0.0,3.1536,6.003088175232056
0,0.0,0.0,3.1552000000000002,5.997312816760041
0,0.0,0.0,3.1568,5.991543392504675
0,0.0,0.0,3.1584000000000003,5.985779895742764
0,0.0,0.0,3.16,5.980022319759689
0,0.0,0.0,3.1616,5.974270657849382
0,0.0,0.0,3.1632000000000002,5.9685249033143215
0,0.0,0.0,3.1648,5.962785049465521
0,0.0,0.0,3.1664000000000003,5.957051089622511
0,0.0,0.0,3.168,5.9513230171133324
0,0.0,0.0,3.1696,5.945600825274525
0,0.0,0.0,3.1712000000000002,5.93988450745111
0,0.0,0.0,3.1728,5.934174056996583
0,0.0,0.0,3.1744000000000003,5.928469467272899
0,0.0,0.0,3.176,5.922770731650464
0,0.0,0.0,3.1776,5.917077843508118
0,0.0,0.0,3.1792000000000002,5.911390796233131
0,0.0,0.0,3.1808,5.9057095832211814
0,0.0,0.0,3.1824000000000003,5.9000341978763515
0,0.0,0.0,3.184,5.894364633611112
0,0.0,0.0,3.1856,5.888700883846313
0,0.0,0.0,3.1872000000000003,5.883042942011167
0,0.0,0.0,3.1888,5.877390801543247
0,0.0,0.0,3.1904000000000003,5.8717444558884635
0,0.0,0.0,3.192,5.866103898501057
0,0.0,0.0,3.1936,5.860469122843592
0,0.0,0.0,3.1952000000000003,5.8548401223869355
0,0.0,0.0,3.1968,5.849216890610252
0,0.0,0.0,3.1984000000000004,5.84359942100099
0,0.0,0.0,3.2,5.837987707054868
0,0.0,0.0,3.2016,5.832381742275868
0,0.0,0.0,3.2032000000000003,5.82678152017622
0,0.0,0.0,3.2048,5.82118703427639
0,0.0,0.0,3.2064000000000004,5.81559827810507
0,0.0,0.0,3.208,5.81001524519917
0,0.0,0.0,3.2096,5.8044379291037975
0,0.0,0.0,3.2112000000000003,5.798866323372254
0,0.0,0.0,3.2128,5.793300421566017
0,0.0,0.0,3.2144000000000004,5.787740217254737
0,0.0,0.0,3.216,5.782185704016219
0,0.0,0.0,3.2176,5.7766368754364095
0,0.0,0.0,3.2192000000000003,5.771093725109394
0,0.0,0.0,3.2208,5.765556246637377
0,0.0,0.0,3.2224000000000004,5.760024433630675
0,0.0,0.0,3.224,5.754498279707701
0,0.0,0.0,3.2256,5.74897777849496
0,0.0,0.0,3.2272000000000003,5.743462923627029
0,0.0,0.0,3.2288,5.737953708746555
0,0.0,0.0,3.2304,5.732450127504235
0,0.0,0.0,3.232,5.726952173558809
0,0.0,0.0,3.2336,5.72145984057705
0,0.0,0.0,3.2352000000000003,5.71597312223375
0,0.0,0.0,3.2368,5.7104920122117075
0,0.0,0.0,3.2384,5.705016504201721
0,0.0,0.0,3.24,5.699546591902573
0,0.0,0.0,3.2416,5.694082269021022
0,0.0,0.0,3.2432000000000003,5.6886235292717915
0,0.0,0.0,3.2448,5.683170366377554
0,0.0,0.0,3.2464,5.677722774068924
0,0.0,0.0,3.248,5.672280746084448
0,0.0,0.0,3.2496,5.666844276170591
0,0.0,0.0,3.2512000000000003,5.661413358081721
0,0.0,0.0,3.2528,5.655987985580111
0,0.0,0.0,3.2544,5.6505681524359135
0,0.0,0.0,3.2560000000000002,5.645153852427156
0,0.0,0.0,3.2576,5.63974507933973
0,0.0,0.0,3.2592000000000003,5.634341826967381
0,0.0,0.0,3.2608,5.628944089111693
0,0.0,0.0,3.2624,5.623551859582082
0,0.0,0.0,3.2640000000000002,5.618165132195783
0,0.0,0.0,3.2656,5.612783900777837
0,0.0,0.0,3.2672000000000003,5.607408159161086
0,0.0,0.0,3.2688,5.602037901186155
0,0.0,0.0,3.2704,5.596673120701446
0,0.0,0.0,3.2720000000000002,5.591313811563126
0,0.0,0.0,3.2736,5.585959967635112
0,0.0,0.0,3.2752000000000003,5.58061158278907
0,0.0,0.0,3.2768,5.57526865090439
0,0.0,0.0,3.2784,5.56993116586819
0,0.0,0.0,3.2800000000000002,5.564599121575293
0,0.0,0.0,3.2816,5.559272511928224
0,0.0,0.0,3.2832000000000003,5.5539513308371955
0,0.0,0.0,3.2848,5.548635572220094
0,0.0,0.0,3.2864,5.54332523000248
0,0.0,0.0,3.2880000000000003,5.538020298117563
0,0.0,0.0,3.2896,5.532720770506203
0,0.0,0.0,3.2912000000000003,5.527426641116893
0,0.0,0.0,3.2928,5.522137903905746
0,0.0,0.0,3.2944,5.5168545528364925
0,0.0,0.0,3.2960000000000003,5.5115765818804645
0,0.0,0.0,3.2976,5.506303985016586
0,0.0,0.0,3.2992000000000004,5.5010367562313585
0,0.0,0.0,3.3008,5.49577488951886
0,0.0,0.0,3.3024,5.490518378880722
0,0.0,0.0,3.3040000000000003,5.485267218326131
0,0.0,0.0,3.3056,5.480021401871808
0,0.0,0.0,3.3072000000000004,5.474780923542003
0,0.0,0.0,3.3088,5.469545777368483
0,0.0,0.0,3.3104,5.4643159573905224
0,0.0,0.0,3.3120000000000003,5.459091457654892
0,0.0,0.0,3.3136,5.4538722722158495
0,0.0,0.0,3.3152000000000004,5.448658395135126
0,0.0,0.0,3.3168,5.443449820481919
0,0.0,0.0,3.3184,5.438246542332877
0,0.0,0.0,3.3200000000000003,5.433048554772097
0,0.0,0.0,3.3216,5.427855851891107
0,0.0,0.0,3.3232000000000004,5.422668427788858
0,0.0,0.0,3.3248,5.417486276571715
0,0.0,0.0,3.3264,5.412309392353442
0,0.0,0.0,3.3280000000000003,5.407137769255198
0,0.0,0.0,3.3296,5.401971401405523
0,0.0,0.0,3.3312,5.396810282940326
0,0.0,0.0,3.3328,5.3916544080028785
0,0.0,0.0,3.3344,5.386503770743802
0,0.0,0.0,3.3360000000000003,5.381358365321061
0,0.0,0.0,3.3376,5.376218185899943
0,0.0,0.0,3.3392,5.371083226653062
0,0.0,0.0,3.3408,5.365953481760337
0,0.0,0.0,3.3424,5.360828945408987
0,0.0,0.0,3.3440000000000003,5.355709611793523
0,0.0,0.0,3.3456,5.350595475115727
0,0.0,0.0,3.3472,5.34548652958466
0,0.0,0.0,3.3488,5.340382769416631
0,0.0,0.0,3.3504,5.335284188835204
0,0.0,0.0,3.3520000000000003,5.3301907820711785
0,0.0,0.0,3.3536,5.325102543362579
0,0.0,0.0,3.3552,5.320019466954654
0,0.0,0.0,3.3568000000000002,5.314941547099855
0,0.0,0.0,3.3584,5.30986877805783
0,0.0,0.0,3.3600000000000003,5.304801154095418
0,0.0,0.0,3.3616,5.299738669486632
0,0.0,0.0,3.3632,5.294681318512653
0,0.0,0.0,3.3648000000000002,5.289629095461821
0,0.0,0.0,3.3664,5.284581994629624
0,0.0,0.0,3.3680000000000003,5.279540010318682
0,0.0,0.0,3.3696,5.274503136838746
0,0.0,0.0,3.3712,5.269471368506683
0,0.0,0.0,3.3728000000000002,5.26444469964647
0,0.0,0.0,3.3744,5.2594231245891745
0,0.0,0.0,3.3760000000000003,5.254406637672961
0,0.0,0.0,3.3776,5.249395233243063
0,0.0,0.0,3.3792,5.244388905651786
0,0.0,0.0,3.3808000000000002,5.239387649258491
0,0.0,0.0,3.3824,5.234391458429588
0,0.0,0.0,3.3840000000000003,5.229400327538525
0,0.0,0.0,3.3856,5.2244142509657765
0,0.0,0.0,3.3872,5.2194332230988385
0,0.0,0.0,3.3888000000000003,5.21445723833221
0,0.0,0.0,3.3904,5.209486291067394
0,0.0,0.0,3.3920000000000003,5.20452037571288
0,0.0,0.0,3.3936,5.1995594866841355
0,0.0,0.0,3.3952,5.1946036184036
0,0.0,0.0,3.3968000000000003,5.189652765300671
0,0.0,0.0,3.3984,5.184706921811695
0,0.0,0.0,3.4000000000000004,5.179766082379958
0,0.0,0.0,3.4016,5.174830241455679
0,0.0,0.0,3.4032,5.169899393495997
0,0.0,0.0,3.4048000000000003,5.164973532964961
0,0.0,0.0,3.4064,5.160052654333522
0,0.0,0.0,3.4080000000000004,5.155136752079524
0,0.0,0.0,3.4096,5.150225820687689
0,0.0,0.0,3.4112,5.145319854649616
0,0.0,0.0,3.4128000000000003,5.1404188484637645
0,0.0,0.0,3.4144,5.135522796635449
0,0.0,0.0,3.4160000000000004,5.1306316936768255
0,0.0,0.0,3.4176,5.125745534106886
0,0.0,0.0,3.4192,5.120864312451446
0,0.0,0.0,3.4208000000000003,5.115988023243137
0,0.0,0.0,3.4224,5.111116661021395
0,0.0,0.0,3.4240000000000004,5.106250220332455
0,0.0,0.0,3.4256,5.101388695729332
0,0.0,0.0,3.4272,5.0965320817718265
0,0.0,0.0,3.4288000000000003,5.0916803730265014
0,0.0,0.0,3.4304,5.086833564066678
0,0.0,0.0,3.4320000000000004,5.08199164947243
0,0.0,0.0,3.4336,5.077154623830566
0,0.0,0.0,3.4352,5.072322481734625
0,0.0,0.0,3.4368000000000003,5.067495217784871
0,0.0,0.0,3.4384,5.062672826588276
0,0.0,0.0,3.44,5.0578553027585125
0,0.0,0.0,3.4416,5.053042640915949
0,0.0,0.0,3.4432,5.048234835687634
0,0.0,0.0,3.4448000000000003,5.043431881707291
0,0.0,0.0,3.4464,5.038633773615309
0,0.0,0.0,3.448,5.033840506058731
0,0.0,0.0,3.4496,5.029052073691246
0,0.0,0.0,3.4512,5.024268471173182
0,0.0,0.0,3.4528000000000003,5.019489693171492
0,0.0,0.0,3.4544,5.014715734359747
0,0.0,0.0,3.456,5.009946589418128
0,0.0,0.0,3.4576000000000002,5.005182253033416
0,0.0,0.0,3.4592,5.000422719898983
0,0.0,0.0,3.4608000000000003,4.99566798471478
0,0.0,0.0,3.4624,4.9909180421873325
0,0.0,0.0,3.464,4.986172887029728
0,0.0,0.0,3.4656000000000002,4.981432513961609
0,0.0,0.0,3.4672,4.976696917709163
0,0.0,0.0,3.4688000000000003,4.971966093005113
0,0.0,0.0,3.4704,4.967240034588706
0,0.0,0.0,3.472,4.96251873720571
0,0.0,0.0,3.4736000000000002,4.9578021956084015
0,0.0,0.0,3.4752,4.953090404555552
0,0.0,0.0,3.4768000000000003,4.9483833588124275
0,0.0,0.0,3.4784,4.943681053150774
0,0.0,0.0,3.48,4.938983482348811
0,0.0,0.0,3.4816000000000003,4.93429064119122
0,0.0,0.0,3.4832,4.9296025244691375
0,0.0,0.0,3.4848000000000003,4.924919126980142
0,0.0,0.0,3.4864,4.920240443528256
0,0.0,0.0,3.488,4.91556646892392
0,0.0,0.0,3.4896000000000003,4.910897197984003
0,0.0,0.0,3.4912,4.906232625531773
0,0.0,0.0,3.4928000000000003,4.901572746396906
0,0.0,0.0,3.4944,4.8969175554154685
0,0.0,0.0,3.496,4.8922670474299075
0,0.0,0.0,3.4976000000000003,4.887621217289046
0,0.0,0.0,3.4992,4.882980059848071
0,0.0,0.0,3.5008000000000004,4.878343569968528
0,0.0,0.0,3.5024,4.8737117425183065
0,0.0,0.0,3.504,4.869084572371637
0,0.0,0.0,3.5056000000000003,4.8644620544090795
0,0.0,0.0,3.5072,4.859844183517516
0,0.0,0.0,3.5088000000000004,4.855230954590137
0,0.0,0.0,3.5104,4.85062236252644
0,0.0,0.0,3.512,4.846018402232217
0,0.0,0.0,3.5136000000000003,4.841419068619545
0,0.0,0.0,3.5152,4.836824356606778
0,0.0,0.0,3.5168000000000004,4.832234261118539
0,0.0,0.0,3.5184,4.827648777085712
0,0.0,0.0,3.52,4.82306789944543
0,0.0,0.0,3.5216000000000003,4.81849162314107
0,0.0,0.0,3.5232,4.813919943122244
0,0.0,0.0,3.5248000000000004,4.809352854344785
0,0.0,0.0,3.5264,4.804790351770745
0,0.0,0.0,3.528,4.800232430368386
0,0.0,0.0,3.5296000000000003,4.795679085112167
0,0.0,0.0,3.5312,4.791130310982738
0,0.0,0.0,3.5328000000000004,4.78658610296693
0,0.0,0.0,3.5344,4.782046456057749
0,0.0,0.0,3.536,4.777511365254368
0,0.0,0.0,3.5376000000000003,4.772980825562112
0,0.0,0.0,3.5392,4.768454831992457
0,0.0,0.0,3.5408000000000004,4.763933379563017
0,0.0,0.0,3.5424,4.759416463297538
0,0.0,0.0,3.544,4.754904078225887
0,0.0,0.0,3.5456000000000003,4.750396219384047
0,0.0,0.0,3.5472,4.745892881814105
0,0.0,0.0,3.5488,4.741394060564245
0,0.0,0.0,3.5504000000000002,4.736899750688739
0,0.0,0.0,3.552,4.732409947247939
0,0.0,0.0,3.5536000000000003,4.7279246453082715
0,0.0,0.0,3.5552,4.723443839942226
0,0.0,0.0,3.5568,4.718967526228342
0,0.0,0.0,3.5584000000000002,4.714495699251208
0,0.0,0.0,3.56,4.710028354101454
0,0.0,0.0,3.5616000000000003,4.705565485875739
0,0.0,0.0,3.5632,4.701107089676737
0,0.0,0.0,3.5648,4.696653160613141
0,0.0,0.0,3.5664000000000002,4.692203693799649
0,0.0,0.0,3.568,4.687758684356953
0,0.0,0.0,3.5696000000000003,4.683318127411735
0,0.0,0.0,3.5712,4.6788820180966555
0,0.0,0.0,3.5728,4.674450351550348
0,0.0,0.0,3.5744000000000002,4.670023122917408
0,0.0,0.0,3.576,4.665600327348388
0,0.0,0.0,3.5776000000000003,4.661181959999785
0,0.0,0.0,3.5792,4.656768016034034
0,0.0,0.0,3.5808,4.652358490619506
0,0.0,0.0,3.5824000000000003,4.64795337893049
0,0.0,0.0,3.584,4.643552676147189
0,0.0,0.0,3.5856000000000003,4.639156377455714
0,0.0,0.0,3.5872,4.63476447804807
0,0.0,0.0,3.5888,4.630376973122158
0,0.0,0.0,3.5904000000000003,4.6259938578817525
0,0.0,0.0,3.592,4.62161512753651
0,0.0,0.0,3.5936000000000003,4.617240777301946
0,0.0,0.0,3.5952,4.612870802399434
0,0.0,0.0,3.5968,4.608505198056199
0,0.0,0.0,3.5984000000000003,4.604143959505304
0,0.0,0.0,3.6,4.599787081985649
0,0.0,0.0,3.6016000000000004,4.595434560741955
0,0.0,0.0,3.6032,4.591086391024763
0,0.0,0.0,3.6048,4.586742568090419
0,0.0,0.0,3.6064000000000003,4.582403087201074
0,0.0,0.0,3.608,4.57806794362467
0,0.0,0.0,3.6096000000000004,4.573737132634933
0,0.0,0.0,3.6112,4.569410649511367
0,0.0,0.0,3.6128,4.565088489539244
0,0.0,0.0,3.6144000000000003,4.560770648009599
0,0.0,0.0,3.616,4.556457120219217
0,0.0,0.0,3.6176000000000004,4.552147901470631
0,0.0,0.0,3.6192,4.5478429870721095
0,0.0,0.0,3.6208,4.54354237233765
0,0.0,0.0,3.6224000000000003,4.539246052586973
0,0.0,0.0,3.624,4.534954023145511
0,0.0,0.0,3.6256000000000004,4.530666279344403
0,0.0,0.0,3.6272,4.526382816520486
0,0.0,0.0,3.6288,4.522103630016285
0,0.0,0.0,3.6304000000000003,4.517828715180008
0,0.0,0.0,3.632,4.5135580673655396
0,0.0,0.0,3.6336000000000004,4.509291681932428
0,0.0,0.0,3.6352,4.505029554245881
0,0.0,0.0,3.6368,4.500771679676757
0,0.0,0.0,3.6384000000000003,4.496518053601558
0,0.0,0.0,3.64,4.49226867140242
0,0.0,0.0,3.6416000000000004,4.48802352846711
0,0.0,0.0,3.6432,4.483782620189014
0,0.0,0.0,3.6448,4.479545941967125
0,0.0,0.0,3.6464000000000003,4.475313489206044
0,0.0,0.0,3.648,4.471085257315972
0,0.0,0.0,3.6496,4.466861241712692
0,0.0,0.0,3.6512000000000002,4.462641437817575
0,0.0,0.0,3.6528,4.45842584105756
0,0.0,0.0,3.6544000000000003,4.454214446865158
0,0.0,0.0,3.656,4.450007250678433
0,0.0,0.0,3.6576,4.445804247941001
0,0.0,0.0,3.6592000000000002,4.441605434102024
0,0.0,0.0,3.6608,4.437410804616196
0,0.0,0.0,3.6624000000000003,4.43322035494374
0,0.0,0.0,3.664,4.4290340805504
0,0.0,0.0,3.6656,4.424851976907431
0,0.0,0.0,3.6672000000000002,4.420674039491595
0,0.0,0.0,3.6688,4.416500263785151
0,0.0,0.0,3.6704000000000003,4.412330645275849
0,0.0,0.0,3.672,4.408165179456917
0,0.0,0.0,3.6736,4.404003861827064
0,0.0,0.0,3.6752000000000002,4.399846687890463
0,0.0,0.0,3.6768,4.395693653156746
0,0.0,0.0,3.6784000000000003,4.391544753141003
0,0.0,0.0,3.68,4.387399983363761
0,0.0,0.0,3.6816,4.3832593393509915
0,0.0,0.0,3.6832000000000003,4.379122816634092
0,0.0,0.0,3.6848,4.374990410749884
0,0.0,0.0,3.6864000000000003,4.370862117240605
0,0.0,0.0,3.688,4.366737931653898
0,0.0,0.0,3.6896,4.362617849542806
0,0.0,0.0,3.6912000000000003,4.35850186646577
0,0.0,0.0,3.6928,4.354389977986612
0,0.0,0.0,3.6944000000000004,4.350282179674533
0,0.0,0.0,3.696,4.346178467104106
0,0.0,0.0,3.6976,4.342078835855265
0,0.0,0.0,3.6992000000000003,4.337983281513305
0,0.0,0.0,3.7008,4.333891799668863
0,0.0,0.0,3.7024000000000004,4.3298043859179245
0,0.0,0.0,3.704,4.325721035861803
0,0.0,0.0,3.7056,4.321641745107142
0,0.0,0.0,3.7072000000000003,4.317566509265905
0,0.0,0.0,3.7088,4.313495323955367
0,0.0,0.0,3.7104000000000004,4.309428184798109
0,0.0,0.0,3.712,4.3053650874220075
0,0.0,0.0,3.7136,4.301306027460231
0,0.0,0.0,3.7152000000000003,4.297251000551232
0,0.0,0.0,3.7168,4.293200002338738
0,0.0,0.0,3.7184000000000004,4.289153028471744
0,0.0,0.0,3.72,4.2851100746045105
0,0.0,0.0,3.7216,4.28107113639655
0,0.0,0.0,3.7232000000000003,4.27703620951262
0,0.0,0.0,3.7248,4.2730052896227235
0,0.0,0.0,3.7264000000000004,4.268978372402093
0,0.0,0.0,3.728,4.264955453531186
0,0.0,0.0,3.7296,4.260936528695682
0,0.0,0.0,3.7312000000000003,4.256921593586469
0,0.0,0.0,3.7328,4.252910643899642
0,0.0,0.0,3.7344000000000004,4.248903675336489
0,0.0,0.0,3.736,4.244900683603495
0,0.0,0.0,3.7376,4.240901664412322
0,0.0,0.0,3.7392000000000003,4.23690661347981
0,0.0,0.0,3.7408,4.23291552652797
0,0.0,0.0,3.7424000000000004,4.228928399283972
0,0.0,0.0,3.744,4.224945227480142
0,0.0,0.0,3.7456,4.220966006853957
0,0.0,0.0,3.7472000000000003,4.2169907331480285
0,0.0,0.0,3.7488,4.213019402110108
0,0.0,0.0,3.7504000000000004,4.20905200949307
0,0.0,0.0,3.7520000000000002,4.205088551054912
0,0.0,0.0,3.7536,4.2011290225587405
0,0.0,0.0,3.7552000000000003,4.197173419772771
0,0.0,0.0,3.7568,4.193221738470316
0,0.0,0.0,3.7584,4.189273974429782
0,0.0,0.0,3.7600000000000002,4.185330123434659
0,0.0,0.0,3.7616,4.1813901812735175
0,0.0,0.0,3.7632000000000003,4.177454143739995
0,0.0,0.0,3.7648,4.173522006632798
0,0.0,0.0,3.7664,4.169593765755686
0,0.0,0.0,3.7680000000000002,4.165669416917474
0,0.0,0.0,3.7696,4.161748955932016
0,0.0,0.0,3.7712000000000003,4.157832378618206
0,0.0,0.0,3.7728,4.153919680799967
0,0.0,0.0,3.7744,4.150010858306245
0,0.0,0.0,3.7760000000000002,4.146105906971001
0,0.0,0.0,3.7776,4.142204822633208
0,0.0,0.0,3.7792000000000003,4.138307601136842
0,0.0,0.0,3.7808,4.13441423833087
0,0.0,0.0,3.7824,4.130524730069254
0,0.0,0.0,3.7840000000000003,4.126639072210933
0,0.0,0.0,3.7856,4.122757260619828
0,0.0,0.0,3.7872000000000003,4.118879291164823
0,0.0,0.0,3.7888,4.115005159719765
0,0.0,0.0,3.7904,4.111134862163459
0,0.0,0.0,3.7920000000000003,4.107268394379654
0,0.0,0.0,3.7936,4.103405752257046
0,0.0,0.0,3.7952000000000004,4.099546931689264
0,0.0,0.0,3.7968,4.095691928574864
0,0.0,0.0,3.7984,4.091840738817324
0,0.0,0.0,3.8000000000000003,4.08799335832504
0,0.0,0.0,3.8016,4.084149783011312
0,0.0,0.0,3.8032000000000004,4.080310008794345
0,0.0,0.0,3.8048,4.076474031597238
0,0.0,0.0,3.8064,4.072641847347978
0,0.0,0.0,3.8080000000000003,4.068813451979435
0,0.0,0.0,3.8096,4.0649888414293525
0,0.0,0.0,3.8112000000000004,4.0611680116403415
0,0.0,0.0,3.8128,4.05735095855988
0,0.0,0.0,3.8144,4.053537678140296
0,0.0,0.0,3.8160000000000003,4.0497281663387685
0,0.0,0.0,3.8176,4.045922419117321
0,0.0,0.0,3.8192000000000004,4.0421204324428075
0,0.0,0.0,3.8208,4.038322202286914
0,0.0,0.0,3.8224,4.03452772462615
0,0.0,0.0,3.8240000000000003,4.030736995441838
0,0.0,0.0,3.8256,4.026950010720113
0,0.0,0.0,3.8272000000000004,4.023166766451913
0,0.0,0.0,3.8288,4.019387258632968
0,0.0,0.0,3.8304,4.015611483263805
0,0.0,0.0,3.8320000000000003,4.011839436349729
0,0.0,0.0,3.8336,4.008071113900824
0,0.0,0.0,3.8352000000000004,4.0043065119319445
0,0.0,0.0,3.8368,4.000545626462707
0,0.0,0.0,3.8384,3.9967884535174907
0,0.0,0.0,3.8400000000000003,3.9930349891254218
0,0.0,0.0,3.8416,3.9892852293203713
0,0.0,0.0,3.8432000000000004,3.985539170140951
0,0.0,0.0,3.8448,3.9817968076305026
0,0.0,0.0,3.8464,3.9780581378370945
0,0.0,0.0,3.8480000000000003,3.9743231568135147
0,0.0,0.0,3.8496,3.9705918606172625
0,0.0,0.0,3.8512000000000004,3.966864245310545
0,0.0,0.0,3.8528000000000002,3.9631403069602684
0,0.0,0.0,3.8544,3.959420041638033
0,0.0,0.0,3.8560000000000003,3.955703445420127
0,0.0,0.0,3.8576,3.9519905143875196
0,0.0,0.0,3.8592,3.948281244625854
0,0.0,0.0,3.8608000000000002,3.944575632225442
0,0.0,0.0,3.8624,3.940873673281258
0,0.0,0.0,3.8640000000000003,3.9371753638929325
0,0.0,0.0,3.8656,3.9334807001647447
0,0.0,0.0,3.8672,3.9297896782056188
0,0.0,0.0,3.8688000000000002,3.926102294129113
0,0.0,0.0,3.8704,3.922418544053419
0,0.0,0.0,3.8720000000000003,3.9187384241013525
0,0.0,0.0,3.8736,3.915061930400346
0,0.0,0.0,3.8752,3.9113890590824454
0,0.0,0.0,3.8768000000000002,3.907719806284303
0,0.0,0.0,3.8784,3.9040541681471703
0,0.0,0.0,3.8800000000000003,3.900392140816891
0,0.0,0.0,3.8816,3.8967337204438968
0,0.0,0.0,3.8832,3.893078903183201
0,0.0,0.0,3.8848000000000003,3.889427685194392
0,0.0,0.0,3.8864,3.8857800626416266
0,0.0,0.0,3.8880000000000003,3.8821360316936233
0,0.0,0.0,3.8896,3.8784955885236583
0,0.0,0.0,3.8912,3.8748587293095564
0,0.0,0.0,3.8928000000000003,3.8712254502336902
0,0.0,0.0,3.8944,3.8675957474829663
0,0.0,0.0,3.8960000000000004,3.8639696172488254
0,0.0,0.0,3.8976,3.860347055727233
0,0.0,0.0,3.8992,3.8567280591186766
0,0.0,0.0,3.9008000000000003,3.853112623628154
0,0.0,0.0,3.9024,3.8495007454651735
0,0.0,0.0,3.9040000000000004,3.845892420843745
0,0.0,0.0,3.9056,3.842287645982371
0,0.0,0.0,3.9072,3.8386864171040465
0,0.0,0.0,3.9088000000000003,3.8350887304362486
0,0.0,0.0,3.9104,3.8314945822109316
0,0.0,0.0,3.9120000000000004,3.827903968664523
0,0.0,0.0,3.9136,3.824316886037913
0,0.0,0.0,3.9152,3.820733330576454
0,0.0,0.0,3.9168000000000003,3.8171532985299494
0,0.0,0.0,3.9184,3.8135767861526513
0,0.0,0.0,3.9200000000000004,3.8100037897032535
0,0.0,0.0,3.9216,3.806434305444884
0,0.0,0.0,3.9232,3.8028683296451016
0,0.0,0.0,3.9248000000000003,3.799305858575889
0,0.0,0.0,3.9264,3.795746888513645
0,0.0,0.0,3.9280000000000004,3.7921914157391816
0,0.0,0.0,3.9296,3.7886394365377156
0,0.0,0.0,3.9312,3.7850909471988645
0,0.0,0.0,3.9328000000000003,3.78154594401664
0,0.0,0.0,3.9344,3.778004423289441
0,0.0,0.0,3.9360000000000004,3.774466381320049
0,0.0,0.0,3.9376,3.770931814415622
0,0.0,0.0,3.9392,3.7674007188876892
0,0.0,0.0,3.9408000000000003,3.763873091052143
0,0.0,0.0,3.9424,3.760348927229235
0,0.0,0.0,3.9440000000000004,3.7568282237435717
0,0.0,0.0,3.9456,3.7533109769241038
0,0.0,0.0,3.9472,3.7497971831041252
0,0.0,0.0,3.9488000000000003,3.7462868386212653
0,0.0,0.0,3.9504,3.7427799398174817
0,0.0,0.0,3.9520000000000004,3.739276483039058
0,0.0,0.0,3.9536000000000002,3.735776464636594
0,0.0,0.0,3.9552,3.732279880965003
0,0.0,0.0,3.9568000000000003,3.7287867283835046
0,0.0,0.0,3.9584,3.725297003255619
0,0.0,0.0,3.9600000000000004,3.721810701949162
0,0.0,0.0,3.9616000000000002,3.718327820836239
0,0.0,0.0,3.9632,3.714848356293237
0,0.0,0.0,3.9648000000000003,3.7113723047008227
0,0.0,0.0,3.9664,3.7078996624439347
0,0.0,0.0,3.968,3.7044304259117777
0,0.0,0.0,3.9696000000000002,3.700964591497817
0,0.0,0.0,3.9712,3.6975021555997736
0,0.0,0.0,3.9728000000000003,3.6940431146196175
0,0.0,0.0,3.9744,3.690587464963562
0,0.0,0.0,3.976,3.6871352030420588
0,0.0,0.0,3.9776000000000002,3.6836863252697922
0,0.0,0.0,3.9792,3.680240828065672
0,0.0,0.0,3.9808000000000003,3.6767987078528304
0,0.0,0.0,3.9824,3.673359961058615
0,0.0,0.0,3.984,3.6699245841145816
0,0.0,0.0,3.9856000000000003,3.6664925734564924
0,0.0,0.0,3.9872,3.6630639255243076
0,0.0,0.0,3.9888000000000003,3.659638636762179
0,0.0,0.0,3.9904,3.656216703618447
0,0.0,0.0,3.992,3.6527981225456334
0,0.0,0.0,3.9936000000000003,3.649382890000436
0,0.0,0.0,3.9952,3.6459710024437246
0,0.0,0.0,3.9968000000000004,3.6425624563405328
0,0.0,0.0,3.9984,3.639157248160053
0,0.0,0.0,4.0,3.6357553743756346
0,0.0,0.0,4.0016,3.6323568314647727
0,0.0,0.0,4.0032000000000005,3.6289616159091063
0,0.0,0.0,4.0048,3.625569724194411
0,0.0,0.0,4.0064,3.622181152810596
0,0.0,0.0,4.008,3.6187958982516966
0,0.0,0.0,4.0096,3.615413957015867
0,0.0,0.0,4.0112000000000005,3.612035325605379
0,0.0,0.0,4.0128,3.608660000526614
0,0.0,0.0,4.0144,3.6052879782900575
0,0.0,0.0,4.016,3.6019192554102943
0,0.0,0.0,4.0176,3.598553828406003
0,0.0,0.0,4.0192000000000005,3.5951916937999493
0,0.0,0.0,4.0208,3.5918328481189827
0,0.0,0.0,4.0224,3.5884772878940296
0,0.0,0.0,4.024,3.585125009660089
0,0.0,0.0,4.0256,3.581776009956225
0,0.0,0.0,4.027200000000001,3.5784302853255627
0,0.0,0.0,4.0288,3.5750878323152855
0,0.0,0.0,4.0304,3.571748647476624
0,0.0,0.0,4.032,3.5684127273648554
0,0.0,0.0,4.0336,3.5650800685392956
0,0.0,0.0,4.035200000000001,3.5617506675632953
0,0.0,0.0,4.0368,3.558424521004233
0,0.0,0.0,4.0384,3.555101625433512
0,0.0,0.0,4.04,3.5517819774265535
0,0.0,0.0,4.0416,3.548465573562791
0,0.0,0.0,4.043200000000001,3.545152410425664
0,0.0,0.0,4.0448,3.541842484602617
0,0.0,0.0,4.0464,3.5385357926850904
0,0.0,0.0,4.048,3.5352323312685145
0,0.0,0.0,4.0496,3.5319320969523087
0,0.0,0.0,4.051200000000001,3.528635086339871
0,0.0,0.0,4.0528,3.525341296038576
0,0.0,0.0,4.0544,3.522050722659768
0,0.0,0.0,4.056,3.5187633628187585
0,0.0,0.0,4.0576,3.515479213134817
0,0.0,0.0,4.059200000000001,3.5121982702311674
0,0.0,0.0,4.0608,3.5089205307349842
0,0.0,0.0,4.0624,3.505645991277386
0,0.0,0.0,4.064,3.5023746484934297
0,0.0,0.0,4.0656,3.4991064990221066
0,0.0,0.0,4.067200000000001,3.495841539506336
0,0.0,0.0,4.0688,3.492579766592961
0,0.0,0.0,4.0704,3.489321176932743
0,0.0,0.0,4.072,3.4860657671803557
0,0.0,0.0,4.0736,3.482813533994381
0,0.0,0.0,4.075200000000001,3.479564474037304
0,0.0,0.0,4.0768,3.4763185839755053
0,0.0,0.0,4.0784,3.4730758604792618
0,0.0,0.0,4.08,3.469836300222733
0,0.0,0.0,4.0816,3.4665998998839624
0,0.0,0.0,4.083200000000001,3.4633666561448715
0,0.0,0.0,4.0848,3.4601365656912524
0,0.0,0.0,4.0864,3.456909625212764
0,0.0,0.0,4.088,3.453685831402926
0,0.0,0.0,4.0896,3.450465180959116
0,0.0,0.0,4.091200000000001,3.4472476705825637
0,0.0,0.0,4.0928,3.4440332969783416
0,0.0,0.0,4.0944,3.4408220568553674
0,0.0,0.0,4.096,3.437613946926392
0,0.0,0.0,4.0976,3.4344089639079987
0,0.0,0.0,4.099200000000001,3.431207104520597
0,0.0,0.0,4.1008000000000004,3.428008365488417
0,0.0,0.0,4.1024,3.424812743539505
0,0.0,0.0,4.104,3.421620235405717
0,0.0,0.0,4.1056,3.4184308378227177
0,0.0,0.0,4.107200000000001,3.4152445475299693
0,0.0,0.0,4.1088000000000005,3.4120613612707325
0,0.0,0.0,4.1104,3.408881275792057
0,0.0,0.0,4.112,3.4057042878447796
0,0.0,0.0,4.1136,3.4025303941835174
0,0.0,0.0,4.115200000000001,3.3993595915666646
0,0.0,0.0,4.1168000000000005,3.3961918767563835
0,0.0,0.0,4.1184,3.3930272465186055
0,0.0,0.0,4.12,3.3898656976230215
0,0.0,0.0,4.1216,3.3867072268430776
0,0.0,0.0,4.1232,3.383551830955973
0,0.0,0.0,4.1248000000000005,3.3803995067426524
0,0.0,0.0,4.1264,3.3772502509878004
0,0.0,0.0,4.128,3.37410406047984
0,0.0,0.0,4.1296,3.3709609320109233
0,0.0,0.0,4.1312,3.3678208623769312
0,0.0,0.0,4.1328000000000005,3.364683848377465
0,0.0,0.0,4.1344,3.3615498868158427
0,0.0,0.0,4.136,3.358418974499095
0,0.0,0.0,4.1376,3.355291108237958
0,0.0,0.0,4.1392,3.3521662848468705
0,0.0,0.0,4.1408000000000005,3.3490445011439696
0,0.0,0.0,4.1424,3.345925753951083
0,0.0,0.0,4.144,3.3428100400937275
0,0.0,0.0,4.1456,3.3396973564011017
0,0.0,0.0,4.1472,3.3365876997060826
0,0.0,0.0,4.1488000000000005,3.333481066845219
0,0.0,0.0,4.1504,3.330377454658729
0,0.0,0.0,4.152,3.327276859990494
0,0.0,0.0,4.1536,3.3241792796880527
0,0.0,0.0,4.1552,3.3210847106026
0,0.0,0.0,4.1568000000000005,3.3179931495889767
0,0.0,0.0,4.1584,3.314904593505671
0,0.0,0.0,4.16,3.311819039214808
0,0.0,0.0,4.1616,3.3087364835821487
0,0.0,0.0,4.1632,3.305656923477083
0,0.0,0.0,4.1648000000000005,3.302580355772627
0,0.0,0.0,4.1664,3.299506777345416
0,0.0,0.0,4.168,3.2964361850757022
0,0.0,0.0,4.1696,3.293368575847348
0,0.0,0.0,4.1712,3.2903039465478225
0,0.0,0.0,4.1728000000000005,3.2872422940681947
0,0.0,0.0,4.1744,3.284183615303131
0,0.0,0.0,4.176,3.2811279071508914
0,0.0,0.0,4.1776,3.2780751665133216
0,0.0,0.0,4.1792,3.27502539029585
0,0.0,0.0,4.1808000000000005,3.2719785754074837
0,0.0,0.0,4.1824,3.2689347187608018
0,0.0,0.0,4.184,3.2658938172719525
0,0.0,0.0,4.1856,3.2628558678606483
0,0.0,0.0,4.1872,3.2598208674501614
0,0.0,0.0,4.1888000000000005,3.2567888129673164
0,0.0,0.0,4.1904,3.253759701342491
0,0.0,0.0,4.192,3.250733529509605
0,0.0,0.0,4.1936,3.2477102944061214
0,0.0,0.0,4.1952,3.244689992973038
0,0.0,0.0,4.1968000000000005,3.241672622154884
0,0.0,0.0,4.1984,3.2386581788997155
0,0.0,0.0,4.2,3.235646660159111
0,0.0,0.0,4.2016,3.232638062888167
0,0.0,0.0,4.2032,3.2296323840454915
0,0.0,0.0,4.2048000000000005,3.2266296205932026
0,0.0,0.0,4.2064,3.223629769496922
0,0.0,0.0,4.208,3.2206328277257694
0,0.0,0.0,4.2096,3.2176387922523606
0,0.0,0.0,4.2112,3.2146476600528007
0,0.0,0.0,4.2128000000000005,3.211659428106681
0,0.0,0.0,4.2144,3.208674093397074
0,0.0,0.0,4.216,3.205691652910527
0,0.0,0.0,4.2176,3.202712103637061
0,0.0,0.0,4.2192,3.1997354425701645
0,0.0,0.0,4.2208000000000006,3.196761666706788
0,0.0,0.0,4.2224,3.1937907730473407
0,0.0,0.0,4.224,3.1908227585956865
0,0.0,0.0,4.2256,3.187857620359137
0,0.0,0.0,4.2272,3.184895355348451
0,0.0,0.0,4.228800000000001,3.181935960577826
0,0.0,0.0,4.2304,3.178979433064896
0,0.0,0.0,4.232,3.176025769830726
0,0.0,0.0,4.2336,3.17307496789981
0,0.0,0.0,4.2352,3.1701270243000605
0,0.0,0.0,4.236800000000001,3.1671819360628137
0,0.0,0.0,4.2384,3.1642397002228146
0,0.0,0.0,4.24,3.161300313818219
0,0.0,0.0,4.2416,3.1583637738905894
0,0.0,0.0,4.2432,3.1554300774848856
0,0.0,0.0,4.244800000000001,3.152499221649465
0,0.0,0.0,4.2464,3.1495712034360763
0,0.0,0.0,4.248,3.146646019899855
0,0.0,0.0,4.2496,3.1437236680993204
0,0.0,0.0,4.2512,3.1408041450963693
0,0.0,0.0,4.252800000000001,3.1378874479562717
0,0.0,0.0,4.2544,3.1349735737476685
0,0.0,0.0,4.256,3.1320625195425653
0,0.0,0.0,4.2576,3.1291542824163283
0,0.0,0.0,4.2592,3.12624885944768
0,0.0,0.0,4.260800000000001,3.1233462477186955
0,0.0,0.0,4.2624,3.120446444314797
0,0.0,0.0,4.264,3.117549446324751
0,0.0,0.0,4.2656,3.1146552508406624
0,0.0,0.0,4.2672,3.1117638549579705
0,0.0,0.0,4.268800000000001,3.1088752557754464
0,0.0,0.0,4.2704,3.1059894503951853
0,0.0,0.0,4.272,3.103106435922606
0,0.0,0.0,4.2736,3.100226209466444
0,0.0,0.0,4.2752,3.097348768138747
0,0.0,0.0,4.276800000000001,3.0944741090548744
0,0.0,0.0,4.2784,3.0916022293334873
0,0.0,0.0,4.28,3.088733126096548
0,0.0,0.0,4.2816,3.0858667964693147
0,0.0,0.0,4.2832,3.0830032375803387
0,0.0,0.0,4.284800000000001,3.080142446561457
0,0.0,0.0,4.2864,3.0772844205477905
0,0.0,0.0,4.288,3.0744291566777395
0,0.0,0.0,4.2896,3.071576652092979
0,0.0,0.0,4.2912,3.068726903938454
0,0.0,0.0,4.292800000000001,3.0658799093623763
0,0.0,0.0,4.2944,3.063035665516219
0,0.0,0.0,4.296,3.0601941695547143
0,0.0,0.0,4.2976,3.0573554186358467
0,0.0,0.0,4.2992,3.054519409920851
0,0.0,0.0,4.300800000000001,3.051686140574207
0,0.0,0.0,4.3024000000000004,3.048855607763636
0,0.0,0.0,4.304,3.0460278086600945
0,0.0,0.0,4.3056,3.0432027404377733
0,0.0,0.0,4.3072,3.0403804002740915
0,0.0,0.0,4.308800000000001,3.0375607853496924
0,0.0,0.0,4.3104000000000005,3.034743892848439
0,0.0,0.0,4.312,3.03192971995741
0,0.0,0.0,4.3136,3.029118263866897
0,0.0,0.0,4.3152,3.0263095217703997
0,0.0,0.0,4.316800000000001,3.023503490864619
0,0.0,0.0,4.3184000000000005,3.0207001683494568
0,0.0,0.0,4.32,3.017899551428011
0,0.0,0.0,4.3216,3.01510163730657
0,0.0,0.0,4.3232,3.012306423194609
0,0.0,0.0,4.324800000000001,3.009513906304785
0,0.0,0.0,4.3264000000000005,3.006724083852937
0,0.0,0.0,4.328,3.0039369530580764
0,0.0,0.0,4.3296,3.0011525111423847
0,0.0,0.0,4.3312,2.998370755331212
0,0.0,0.0,4.332800000000001,2.9955916828530693
0,0.0,0.0,4.3344000000000005,2.9928152909396277
0,0.0,0.0,4.336,2.990041576825711
0,0.0,0.0,4.3376,2.987270537749294
0,0.0,0.0,4.3392,2.984502170951497
0,0.0,0.0,4.3408,2.9817364736765843
0,0.0,0.0,4.3424000000000005,2.9789734431719563
0,0.0,0.0,4.344,2.9762130766881487
0,0.0,0.0,4.3456,2.9734553714788268
0,0.0,0.0,4.3472,2.9707003248007826
0,0.0,0.0,4.3488,2.967947933913929
0,0.0,0.0,4.3504000000000005,2.965198196081298
0,0.0,0.0,4.352,2.962451108569035
0,0.0,0.0,4.3536,2.9597066686463953
0,0.0,0.0,4.3552,2.9569648735857412
0,0.0,0.0,4.3568,2.9542257206625355
0,0.0,0.0,4.3584000000000005,2.9514892071553396
0,0.0,0.0,4.36,2.9487553303458096
0,0.0,0.0,4.3616,2.9460240875186914
0,0.0,0.0,4.3632,2.943295475961816
0,0.0,0.0,4.3648,2.940569492966099
0,0.0,0.0,4.3664000000000005,2.9378461358255303
0,0.0,0.0,4.368,2.935125401837178
0,0.0,0.0,4.3696,2.9324072883011776
0,0.0,0.0,4.3712,2.929691792520733
0,0.0,0.0,4.3728,2.926978911802109
0,0.0,0.0,4.3744000000000005,2.9242686434546297
0,0.0,0.0,4.376,2.921560984790673
0,0.0,0.0,4.3776,2.9188559331256685
0,0.0,0.0,4.3792,2.916153485778092
0,0.0,0.0,4.3808,2.9134536400694615
0,0.0,0.0,4.3824000000000005,2.910756393324335
0,0.0,0.0,4.384,2.9080617428703053
0,0.0,0.0,4.3856,2.9053696860379965
0,0.0,0.0,4.3872,2.902680220161059
0,0.0,0.0,4.3888,2.8999933425761673
0,0.0,0.0,4.3904000000000005,2.8973090506230146
0,0.0,0.0,4.392,2.894627341644311
0,0.0,0.0,4.3936,2.891948212985778
0,0.0,0.0,4.3952,2.8892716619961445
0,0.0,0.0,4.3968,2.8865976860271436
0,0.0,0.0,4.3984000000000005,2.8839262824335097
0,0.0,0.0,4.4,2.881257448572972
0,0.0,0.0,4.4016,2.878591181806253
0,0.0,0.0,4.4032,2.8759274794970637
0,0.0,0.0,4.4048,2.8732663390121007
0,0.0,0.0,4.4064000000000005,2.870607757721041
0,0.0,0.0,4.408,2.8679517329965396
0,0.0,0.0,4.4096,2.8652982622142233
0,0.0,0.0,4.4112,2.862647342752691
0,0.0,0.0,4.4128,2.859998971993506
0,0.0,0.0,4.4144000000000005,2.8573531473211937
0,0.0,0.0,4.416,2.854709866123238
0,0.0,0.0,4.4176,2.8520691257900777
0,0.0,0.0,4.4192,2.8494309237151016
0,0.0,0.0,4.4208,2.8467952572946467
0,0.0,0.0,4.4224000000000006,2.8441621239279913
0,0.0,0.0,4.424,2.8415315210173557
0,0.0,0.0,4.4256,2.8389034459678935
0,0.0,0.0,4.4272,2.8362778961876924
0,0.0,0.0,4.4288,2.8336548690877663
0,0.0,0.0,4.430400000000001,2.831034362082055
0,0.0,0.0,4.432,2.8284163725874185
0,0.0,0.0,4.4336,2.8258008980236347
0,0.0,0.0,4.4352,2.8231879358133933
0,0.0,0.0,4.4368,2.8205774833822956
0,0.0,0.0,4.438400000000001,2.817969538158847
0,0.0,0.0,4.44,2.815364097574456
0,0.0,0.0,4.4416,2.8127611590634287
0,0.0,0.0,4.4432,2.8101607200629677
0,0.0,0.0,4.4448,2.807562778013166
0,0.0,0.0,4.446400000000001,2.8049673303570026
0,0.0,0.0,4.448,2.802374374540343
0,0.0,0.0,4.4496,2.7997839080119302
0,0.0,0.0,4.4512,2.797195928223385
0,0.0,0.0,4.4528,2.7946104326292014
0,0.0,0.0,4.454400000000001,2.792027418686741
0,0.0,0.0,4.456,2.7894468838562325
0,0.0,0.0,4.4576,2.786868825600765
0,0.0,0.0,4.4592,2.7842932413862873
0,0.0,0.0,4.4608,2.7817201286816013
0,0.0,0.0,4.462400000000001,2.779149484958361
0,0.0,0.0,4.464,2.776581307691066
0,0.0,0.0,4.4656,2.7740155943570626
0,0.0,0.0,4.4672,2.771452342436534
0,0.0,0.0,4.4688,2.7688915494125017
0,0.0,0.0,4.470400000000001,2.7663332127708196
0,0.0,0.0,4.472,2.7637773300001705
0,0.0,0.0,4.4736,2.7612238985920636
0,0.0,0.0,4.4752,2.7586729160408305
0,0.0,0.0,4.4768,2.756124379843619
0,0.0,0.0,4.478400000000001,2.7535782875003947
0,0.0,0.0,4.48,2.751034636513933
0,0.0,0.0,4.4816,2.7484934243898174
0,0.0,0.0,4.4832,2.7459546486364355
0,0.0,0.0,4.4848,2.7434183067649753
0,0.0,0.0,4.486400000000001,2.740884396289424
0,0.0,0.0,4.488,2.738352914726559
0,0.0,0.0,4.4896,2.73582385959595
0,0.0,0.0,4.4912,2.7332972284199526
0,0.0,0.0,4.4928,2.7307730187237054
0,0.0,0.0,4.494400000000001,2.7282512280351265
0,0.0,0.0,4.496,2.7257318538849105
0,0.0,0.0,4.4976,2.723214893806523
0,0.0,0.0,4.4992,2.7207003453361995
0,0.0,0.0,4.5008,2.718188206012941
0,0.0,0.0,4.502400000000001,2.7156784733785098
0,0.0,0.0,4.5040000000000004,2.713171144977426
0,0.0,0.0,4.5056,2.710666218356967
0,0.0,0.0,4.5072,2.7081636910671594
0,0.0,0.0,4.5088,2.7056635606607777
0,0.0,0.0,4.510400000000001,2.7031658246933428
0,0.0,0.0,4.5120000000000005,2.7006704807231148
0,0.0,0.0,4.5136,2.6981775263110914
0,0.0,0.0,4.5152,2.695686959021006
0,0.0,0.0,4.5168,2.6931987764193206
0,0.0,0.0,4.518400000000001,2.690712976075225
0,0.0,0.0,4.5200000000000005,2.6882295555606337
0,0.0,0.0,4.5216,2.68574851245018
0,0.0,0.0,4.5232,2.6832698443212153
0,0.0,0.0,4.5248,2.680793548753803
0,0.0,0.0,4.526400000000001,2.678319623330718
0,0.0,0.0,4.5280000000000005,2.675848065637441
0,0.0,0.0,4.5296,2.6733788732621555
0,0.0,0.0,4.5312,2.6709120437957456
0,0.0,0.0,4.5328,2.66844757483179
0,0.0,0.0,4.534400000000001,2.6659854639665634
0,0.0,0.0,4.5360000000000005,2.6635257087990274
0,0.0,0.0,4.5376,2.66106830693083
0,0.0,0.0,4.5392,2.6586132559663023
0,0.0,0.0,4.5408,2.6561605535124553
0,0.0,0.0,4.542400000000001,2.6537101971789747
0,0.0,0.0,4.5440000000000005,2.6512621845782216
0,0.0,0.0,4.5456,2.6488165133252224
0,0.0,0.0,4.5472,2.646373181037673
0,0.0,0.0,4.5488,2.643932185335929
0,0.0,0.0,4.5504,2.641493523843007
0,0.0,0.0,4.5520000000000005,2.6390571941845775
0,0.0,0.0,4.5536,2.6366231939889664
0,0.0,0.0,4.5552,2.6341915208871463
0,0.0,0.0,4.5568,2.6317621725127363
0,0.0,0.0,4.5584,2.6293351465019983
0,0.0,0.0,4.5600000000000005,2.6269104404938326
0,0.0,0.0,4.5616,2.6244880521297755
0,0.0,0.0,4.5632,2.622067979053997
0,0.0,0.0,4.5648,2.619650218913294
0,0.0,0.0,4.5664,2.617234769357092
0,0.0,0.0,4.5680000000000005,2.6148216280374377
0,0.0,0.0,4.5696,2.612410792608996
0,0.0,0.0,4.5712,2.6100022607290496
0,0.0,0.0,4.5728,2.607596030057493
0,0.0,0.0,4.5744,2.6051920982568304
0,0.0,0.0,4.5760000000000005,2.602790462992172
0,0.0,0.0,4.5776,2.600391121931231
0,0.0,0.0,4.5792,2.59799407274432
0,0.0,0.0,4.5808,2.595599313104348
0,0.0,0.0,4.5824,2.5932068406868174
0,0.0,0.0,4.5840000000000005,2.5908166531698202
0,0.0,0.0,4.5856,2.588428748234035
0,0.0,0.0,4.5872,2.5860431235627233
0,0.0,0.0,4.5888,2.5836597768417278
0,0.0,0.0,4.5904,2.581278705759466
0,0.0,0.0,4.5920000000000005,2.5788999080069317
0,0.0,0.0,4.5936,2.5765233812776867
0,0.0,0.0,4.5952,2.574149123267862
0,0.0,0.0,4.5968,2.5717771316761504
0,0.0,0.0,4.5984,2.5694074042038078
0,0.0,0.0,4.6000000000000005,2.5670399385546445
0,0.0,0.0,4.6016,2.5646747324350283
0,0.0,0.0,4.6032,2.5623117835538776
0,0.0,0.0,4.6048,2.559951089622657
0,0.0,0.0,4.6064,2.5575926483553766
0,0.0,0.0,4.6080000000000005,2.5552364574685886
0,0.0,0.0,4.6096,2.5528825146813836
0,0.0,0.0,4.6112,2.5505308177153863
0,0.0,0.0,4.6128,2.548181364294754
0,0.0,0.0,4.6144,2.5458341521461727
0,0.0,0.0,4.6160000000000005,2.5434891789988563
0,0.0,0.0,4.6176,2.541146442584538
0,0.0,0.0,4.6192,2.5388059406374706
0,0.0,0.0,4.6208,2.536467670894426
0,0.0,0.0,4.6224,2.534131631094686
0,0.0,0.0,4.6240000000000006,2.5317978189800447
0,0.0,0.0,4.6256,2.529466232294801
0,0.0,0.0,4.6272,2.5271368687857585
0,0.0,0.0,4.6288,2.5248097262022227
0,0.0,0.0,4.6304,2.522484802295993
0,0.0,0.0,4.632000000000001,2.520162094821367
0,0.0,0.0,4.6336,2.517841601535131
0,0.0,0.0,4.6352,2.515523320196559
0,0.0,0.0,4.6368,2.513207248567412
0,0.0,0.0,4.6384,2.510893384411931
0,0.0,0.0,4.640000000000001,2.5085817254968372
0,0.0,0.0,4.6416,2.5062722695913275
0,0.0,0.0,4.6432,2.503965014467069
0,0.0,0.0,4.6448,2.5016599578982013
0,0.0,0.0,4.6464,2.499357097661329
0,0.0,0.0,4.648000000000001,2.4970564315355195
0,0.0,0.0,4.6496,2.494757957302302
0,0.0,0.0,4.6512,2.492461672745662
0,0.0,0.0,4.6528,2.4901675756520385
0,0.0,0.0,4.6544,2.4878756638103225
0,0.0,0.0,4.656000000000001,2.4855859350118528
0,0.0,0.0,4.6576,2.4832983870504126
0,0.0,0.0,4.6592,2.4810130177222285
0,0.0,0.0,4.6608,2.4787298248259644
0,0.0,0.0,4.6624,2.476448806162721
0,0.0,0.0,4.664000000000001,2.474169959536032
0,0.0,0.0,4.6656,2.4718932827518594
0,0.0,0.0,4.6672,2.4696187736185933
0,0.0,0.0,4.6688,2.4673464299470473
0,0.0,0.0,4.6704,2.4650762495504566
0,0.0,0.0,4.672000000000001,2.4628082302444723
0,0.0,0.0,4.6736,2.4605423698471602
0,0.0,0.0,4.6752,2.458278666179
0,0.0,0.0,4.6768,2.456017117062879
0,0.0,0.0,4.6784,2.4537577203240897
0,0.0,0.0,4.680000000000001,2.4515004737903268
0,0.0,0.0,4.6816,2.4492453752916865
0,0.0,0.0,4.6832,2.446992422660661
0,0.0,0.0,4.6848,2.444741613732136
0,0.0,0.0,4.6864,2.4424929463433878
0,0.0,0.0,4.688000000000001,2.4402464183340813
0,0.0,0.0,4.6896,2.4380020275462653
0,0.0,0.0,4.6912,2.4357597718243715
0,0.0,0.0,4.6928,2.433519649015211
0,0.0,0.0,4.6944,2.4312816569679683
0,0.0,0.0,4.696000000000001,2.429045793534204
0,0.0,0.0,4.6976,2.4268120565678477
0,0.0,0.0,4.6992,2.424580443925195
0,0.0,0.0,4.7008,2.4223509534649073
0,0.0,0.0,4.7024,2.4201235830480066
0,0.0,0.0,4.704000000000001,2.4178983305378736
0,0.0,0.0,4.7056000000000004,2.4156751938002445
0,0.0,0.0,4.7072,2.4134541707032073
0,0.0,0.0,4.7088,2.4112352591172006
0,0.0,0.0,4.7104,2.409018456915009
0,0.0,0.0,4.712000000000001,2.406803761971761
0,0.0,0.0,4.7136000000000005,2.4045911721649267
0,0.0,0.0,4.7152,2.4023806853743133
0,0.0,0.0,4.7168,2.4001722994820636
0,0.0,0.0,4.7184,2.3979660123726525
0,0.0,0.0,4.720000000000001,2.395761821932884
0,0.0,0.0,4.7216000000000005,2.3935597260518886
0,0.0,0.0,4.7232,2.3913597226211207
0,0.0,0.0,4.7248,2.389161809534355
0,0.0,0.0,4.7264,2.3869659846876856
0,0.0,0.0,4.728000000000001,2.3847722459795184
0,0.0,0.0,4.7296000000000005,2.3825805913105738
0,0.0,0.0,4.7312,2.380391018583881
0,0.0,0.0,4.7328,2.3782035257047753
0,0.0,0.0,4.7344,2.3760181105808957
0,0.0,0.0,4.736000000000001,2.373834771122181
0,0.0,0.0,4.7376000000000005,2.3716535052408707
0,0.0,0.0,4.7392,2.3694743108514946
0,0.0,0.0,4.7408,2.3672971858708793
0,0.0,0.0,4.7424,2.365122128218138
0,0.0,0.0,4.744000000000001,2.362949135814671
0,0.0,0.0,4.7456000000000005,2.360778206584162
0,0.0,0.0,4.7472,2.3586093384525775
0,0.0,0.0,4.7488,2.356442529348159
0,0.0,0.0,4.7504,2.354277777201425
0,0.0,0.0,4.752000000000001,2.3521150799451673
0,0.0,0.0,4.7536000000000005,2.3499544355144453
0,0.0,0.0,4.7552,2.3477958418465867
0,0.0,0.0,4.7568,2.3456392968811826
0,0.0,0.0,4.7584,2.3434847985600857
0,0.0,0.0,4.76,2.341332344827406
0,0.0,0.0,4.7616000000000005,2.339181933629511
0,0.0,0.0,4.7632,2.33703356291502
0,0.0,0.0,4.7648,2.334887230634802
0,0.0,0.0,4.7664,2.3327429347419746
0,0.0,0.0,4.768,2.330600673191899
0,0.0,0.0,4.7696000000000005,2.328460443942179
0,0.0,0.0,4.7712,2.326322244952657
0,0.0,0.0,4.7728,2.3241860741854112
0,0.0,0.0,4.7744,2.322051929604754
0,0.0,0.0,4.776,2.319919809177229
0,0.0,0.0,4.7776000000000005,2.317789710871606
0,0.0,0.0,4.7792,2.3156616326588826
0,0.0,0.0,4.7808,2.3135355725122775
0,0.0,0.0,4.7824,2.3114115284072296
0,0.0,0.0,4.784,2.309289498321394
0,0.0,0.0,4.7856000000000005,2.3071694802346414
0,0.0,0.0,4.7872,2.3050514721290547
0,0.0,0.0,4.7888,2.3029354719889237
0,0.0,0.0,4.7904,2.300821477800746
0,0.0,0.0,4.792,2.298709487553223
0,0.0,0.0,4.7936000000000005,2.2965994992372543
0,0.0,0.0,4.7952,2.2944915108459405
0,0.0,0.0,4.7968,2.2923855203745767
0,0.0,0.0,4.7984,2.2902815258206504
0,0.0,0.0,4.8,2.2881795251838395
0,0.0,0.0,4.8016000000000005,2.2860795164660086
0,0.0,0.0,4.8032,2.2839814976712076
0,0.0,0.0,4.8048,2.2818854668056687
0,0.0,0.0,4.8064,2.2797914218778024
0,0.0,0.0,4.808,2.277699360898196
0,0.0,0.0,4.8096000000000005,2.2756092818796105
0,0.0,0.0,4.8112,2.2735211828369803
0,0.0,0.0,4.8128,2.2714350617874057
0,0.0,0.0,4.8144,2.2693509167501547
0,0.0,0.0,4.816,2.267268745746657
0,0.0,0.0,4.8176000000000005,2.2651885468005046
0,0.0,0.0,4.8192,2.2631103179374468
0,0.0,0.0,4.8208,2.261034057185388
0,0.0,0.0,4.8224,2.258959762574386
0,0.0,0.0,4.824,2.2568874321366477
0,0.0,0.0,4.8256000000000006,2.2548170639065286
0,0.0,0.0,4.8272,2.2527486559205285
0,0.0,0.0,4.8288,2.2506822062172893
0,0.0,0.0,4.8304,2.2486177128375924
0,0.0,0.0,4.832,2.246555173824356
0,0.0,0.0,4.833600000000001,2.244494587222634
0,0.0,0.0,4.8352,2.2424359510796097
0,0.0,0.0,4.8368,2.2403792634445976
0,0.0,0.0,4.8384,2.238324522369038
0,0.0,0.0,4.84,2.236271725906495
0,0.0,0.0,4.841600000000001,2.2342208721126533
0,0.0,0.0,4.8432,2.232171959045318
0,0.0,0.0,4.8448,2.2301249847644096
0,0.0,0.0,4.8464,2.228079947331962
0,0.0,0.0,4.848,2.2260368448121195
0,0.0,0.0,4.849600000000001,2.223995675271136
0,0.0,0.0,4.8512,2.22195643677737
0,0.0,0.0,4.8528,2.2199191274012833
0,0.0,0.0,4.8544,2.2178837452154405
0,0.0,0.0,4.856,2.215850288294502
0,0.0,0.0,4.857600000000001,2.213818754715225
0,0.0,0.0,4.8592,2.2117891425564586
0,0.0,0.0,4.8608,2.2097614498991436
0,0.0,0.0,4.8624,2.207735674826308
0,0.0,0.0,4.864,2.2057118154230646
0,0.0,0.0,4.865600000000001,2.20368986977661
0,0.0,0.0,4.8672,2.201669835976221
0,0.0,0.0,4.8688,2.1996517121132513
0,0.0,0.0,4.8704,2.1976354962811304
0,0.0,0.0,4.872,2.1956211865753614
0,0.0,0.0,4.873600000000001,2.193608781093515
0,0.0,0.0,4.8752,2.191598277935233
0,0.0,0.0,4.8768,2.1895896752022184
0,0.0,0.0,4.8784,2.18758297099824
0,0.0,0.0,4.88,2.1855781634291254
0,0.0,0.0,4.881600000000001,2.1835752506027593
0,0.0,0.0,4.8832,2.1815742306290824
0,0.0,0.0,4.8848,2.1795751016200873
0,0.0,0.0,4.8864,2.1775778616898167
0,0.0,0.0,4.888,2.1755825089543617
0,0.0,0.0,4.889600000000001,2.1735890415318573
0,0.0,0.0,4.8912,2.171597457542482
0,0.0,0.0,4.8928,2.169607755108454
0,0.0,0.0,4.8944,2.1676199323540293
0,0.0,0.0,4.896,2.1656339874054984
0,0.0,0.0,4.897600000000001,2.163649918391186
0,0.0,0.0,4.8992,2.161667723441445
0,0.0,0.0,4.9008,2.1596874006886573
0,0.0,0.0,4.9024,2.1577089482672305
0,0.0,0.0,4.904,2.155732364313594
0,0.0,0.0,4.905600000000001,2.153757646966197
0,0.0,0.0,4.9072000000000005,2.1517847943655095
0,0.0,0.0,4.9088,2.149813804654013
0,0.0,0.0,4.9104,2.1478446759762044
0,0.0,0.0,4.912,2.1458774064785917
0,0.0,0.0,4.913600000000001,2.1439119943096894
0,0.0,0.0,4.9152000000000005,2.141948437620018
0,0.0,0.0,4.9168,2.139986734562103
0,0.0,0.0,4.9184,2.138026883290468
0,0.0,0.0,4.92,2.136068881961637
0,0.0,0.0,4.921600000000001,2.1341127287341286
0,0.0,0.0,4.9232000000000005,2.1321584217684566
0,0.0,0.0,4.9248,2.130205959227124
0,0.0,0.0,4.9264,2.1282553392746246
0,0.0,0.0,4.928,2.1263065600774365
0,0.0,0.0,4.929600000000001,2.124359619804023
0,0.0,0.0,4.9312000000000005,2.122414516624828
0,0.0,0.0,4.9328,2.120471248712276
0,0.0,0.0,4.9344,2.1185298142407674
0,0.0,0.0,4.936,2.1165902113866757
0,0.0,0.0,4.937600000000001,2.1146524383283487
0,0.0,0.0,4.9392000000000005,2.1127164932461016
0,0.0,0.0,4.9408,2.1107823743222176
0,0.0,0.0,4.9424,2.1088500797409444
0,0.0,0.0,4.944,2.1069196076884924
0,0.0,0.0,4.945600000000001,2.104990956353033
0,0.0,0.0,4.9472000000000005,2.103064123924694
0,0.0,0.0,4.9488,2.1011391085955577
0,0.0,0.0,4.9504,2.099215908559661
0,0.0,0.0,4.952,2.097294522012991
0,0.0,0.0,4.953600000000001,2.0953749471534815
0,0.0,0.0,4.9552000000000005,2.093457182181014
0,0.0,0.0,4.9568,2.091541225297414
0,0.0,0.0,4.9584,2.0896270747064456
0,0.0,0.0,4.96,2.087714728613814
0,0.0,0.0,4.961600000000001,2.0858041852271594
0,0.0,0.0,4.9632000000000005,2.0838954427560568
0,0.0,0.0,4.9648,2.081988499412012
0,0.0,0.0,4.9664,2.0800833534084626
0,0.0,0.0,4.968,2.0781800029607713
0,0.0,0.0,4.9696,2.0762784462862256
0,0.0,0.0,4.9712000000000005,2.0743786816040366
0,0.0,0.0,4.9728,2.0724807071353357
0,0.0,0.0,4.9744,2.0705845211031697
0,0.0,0.0,4.976,2.068690121732504
0,0.0,0.0,4.9776,2.066797507250216
0,0.0,0.0,4.9792000000000005,2.064906675885093
0,0.0,0.0,4.9808,2.063017625867832
0,0.0,0.0,4.9824,2.0611303554310365
0,0.0,0.0,4.984,2.0592448628092135
0,0.0,0.0,4.9856,2.057361146238771
0,0.0,0.0,4.9872000000000005,2.055479203958019
0,0.0,0.0,4.9888,2.053599034207162
0,0.0,0.0,4.9904,2.0517206352283
0,0.0,0.0,4.992,2.049844005265426
0,0.0,0.0,4.9936,2.047969142564424
0,0.0,0.0,4.9952000000000005,2.0460960453730643
0,0.0,0.0,4.9968,2.0442247119410037
0,0.0,0.0,4.9984,2.042355140519783
0,0.0,0.0,5.0,2.0404873293628234
1,0.0,0.5,0.0,60.653065971263345
1,0.0,0.5,0.0016,60.64918440798167
1,0.0,0.5,0.0032,60.645303093277235
1,0.0,0.5,0.0048000000000000004,60.64142202726105
1,0.0,0.5,0.0064,60.63754121004402
1,0.0,0.5,0.008,60.63366064173691
1,0.0,0.5,0.009600000000000001,60.629780322450365
1,0.0,0.5,0.0112,60.62590025229488
1,0.0,0.5,0.0128,60.622020431380854
1,0.0,0.5,0.014400000000000001,60.61814085981854
1,0.0,0.5,0.016,60.61426153771803
1,0.0,0.5,0.0176,60.61038246518928
1,0.0,0.5,0.019200000000000002,60.606503642341934
1,0.0,0.5,0.020800000000000003,60.60262506928486
1,0.0,0.5,0.0224,60.59874674612484
1,0.0,0.5,0.024,60.59486867296329
1,0.0,0.5,0.0256,60.59099084988882
1,0.0,0.5,0.027200000000000002,60.587113276962064
1,0.0,0.5,0.028800000000000003,60.58323595418678
1,0.0,0.5,0.0304,60.57935888145859
1,0.0,0.5,0.032,60.575482058479324
1,0.0,0.5,0.033600000000000005,60.57160548462116
1,0.0,0.5,0.0352,60.567729158720645
1,0.0,0.5,0.0368,60.56385307877939
1,0.0,0.5,0.038400000000000004,60.55997724154462
1,0.0,0.5,0.04,60.55610164194092
1,0.0,0.5,0.041600000000000005,60.552226272323054
1,0.0,0.5,0.0432,60.548351121520426
1,0.0,0.5,0.0448,60.544476173645506
1,0.0,0.5,0.046400000000000004,60.54060140664166
1,0.0,0.5,0.048,60.5367267905512
1,0.0,0.5,0.049600000000000005,60.53285228549009
1,0.0,0.5,0.0512,60.52897783932301
1,0.0,0.5,0.0528,60.52510338504016
1,0.0,0.5,0.054400000000000004,60.52122883784528
1,0.0,0.5,0.056,60.517354091972265
1,0.0,0.5,0.057600000000000005,60.51347901725567
1,0.0,0.5,0.0592,60.50960345548706
1,0.0,0.5,0.0608,60.50572721659579
1,0.0,0.5,0.062400000000000004,60.50185007469749
1,0.0,0.5,0.064,60.497971764057716
1,0.0,0.5,0.0656,60.4940919750208
1,0.0,0.5,0.06720000000000001,60.4902103499551
1,0.0,0.5,0.0688,60.48632647926652
1,0.0,0.5,0.0704,60.48243989753057
1,0.0,0.5,0.07200000000000001,60.478550079791546
1,0.0,0.5,0.0736,60.47465643807426
1,0.0,0.5,0.0752,60.470758318150054
1,0.0,0.5,0.07680000000000001,60.466854996594364
1,0.0,0.5,0.0784,60.46294567816831
1,0.0,0.5,0.08,60.459029493551604
1,0.0,0.5,0.0816,60.45510549744862
1,0.0,0.5,0.08320000000000001,60.45117266708422
1,0.0,0.5,0.0848,60.44722990110055
1,0.0,0.5,0.0864,60.44327601886081
1,0.0,0.5,0.08800000000000001,60.43930976016126
1,0.0,0.5,0.0896,60.43532978534788
1,0.0,0.5,0.0912,60.43133467583039
1,0.0,0.5,0.09280000000000001,60.42732293498193
1,0.0,0.5,0.0944,60.42329298941
1,0.0,0.5,0.096,60.41924319058077
1,0.0,0.5,0.0976,60.41517181677694
1,0.0,0.5,0.09920000000000001,60.411077075366926
1,0.0,0.5,0.1008,60.40695710536186
1,0.0,0.5,0.1024,60.4028099802355
1,0.0,0.5,0.10400000000000001,60.39863371098139
1,0.0,0.5,0.1056,60.39442624938129
1,0.0,0.5,0.1072,60.390185491458695
1,0.0,0.5,0.10880000000000001,60.38590928109117
1,0.0,0.5,0.11040000000000001,60.38159541375619
1,0.0,0.5,0.112,60.37724164038506
1,0.0,0.5,0.1136,60.37284567130104
1,0.0,0.5,0.11520000000000001,60.36840518021823
1,0.0,0.5,0.1168,60.36391780827906
1,0.0,0.5,0.1184,60.359381168109564
1,0.0,0.5,0.12000000000000001,60.354792847872595
1,0.0,0.5,0.1216,60.35015041530078
1,0.0,0.5,0.1232,60.345451421692104
1,0.0,0.5,0.12480000000000001,60.3406934058527
1,0.0,0.5,0.1264,60.33587389797243
1,0.0,0.5,0.128,60.33099042342062
1,0.0,0.5,0.1296,60.32604050645039
1,0.0,0.5,0.1312,60.32102167380126
1,0.0,0.5,0.1328,60.315931458191415
1,0.0,0.5,0.13440000000000002,60.31076740169163
1,0.0,0.5,0.136,60.30552705897462
1,0.0,0.5,0.1376,60.30020800043407
1,0.0,0.5,0.13920000000000002,60.29480781516927
1,0.0,0.5,0.1408,60.28932411383172
1,0.0,0.5,0.1424,60.2837545313312
1,0.0,0.5,0.14400000000000002,60.27809672939989
1,0.0,0.5,0.1456,60.27234839901326
1,0.0,0.5,0.1472,60.26650726266793
1,0.0,0.5,0.14880000000000002,60.26057107651666
1,0.0,0.5,0.1504,60.25453763236179
1,0.0,0.5,0.152,60.24840475950853
1,0.0,0.5,0.15360000000000001,60.24217032648025
1,0.0,0.5,0.1552,60.235832242598256
1,0.0,0.5,0.1568,60.2293884594289
1,0.0,0.5,0.1584,60.22283697210109
1,0.0,0.5,0.16,60.21617582049792
1,0.0,0.5,0.16160000000000002,60.209403090325694
1,0.0,0.5,0.1632,60.20251691406469
1,0.0,0.5,0.1648,60.19551547180527
1,0.0,0.5,0.16640000000000002,60.18839699197384
1,0.0,0.5,0.168,60.18115975195262
1,0.0,0.5,0.1696,60.173802078597845
1,0.0,0.5,0.17120000000000002,60.16632234866046
1,0.0,0.5,0.1728,60.15871898911395
1,0.0,0.5,0.1744,60.15099047739349
1,0.0,0.5,0.17600000000000002,60.143135341550874
1,0.0,0.5,0.1776,60.13515216032949
1,0.0,0.5,0.1792,60.12703956316364
1,0.0,0.5,0.18080000000000002,60.11879623010634
1,0.0,0.5,0.1824,60.11042089168978
1,0.0,0.5,0.184,60.10191232872241
1,0.0,0.5,0.18560000000000001,60.09326937202666
1,0.0,0.5,0.1872,60.08449090212101
1,0.0,0.5,0.1888,60.075575848850235
1,0.0,0.5,0.1904,60.0665231909674
1,0.0,0.5,0.192,60.057331955670975
1,0.0,0.5,0.19360000000000002,60.04800121810066
1,0.0,0.5,0.1952,60.03853010079499
1,0.0,0.5,0.1968,60.02891777311379
1,0.0,0.5,0.19840000000000002,60.019163450628675
1,0.0,0.5,0.2,60.00926639448437
1,0.0,0.5,0.2016,59.999225910733436
1,0.0,0.5,0.20320000000000002,59.9890413496473
1,0.0,0.5,0.2048,59.97871210500591
1,0.0,0.5,0.2064,59.9682376133684
1,0.0,0.5,0.20800000000000002,59.957617353327166
1,0.0,0.5,0.2096,59.94685084474728
1,0.0,0.5,0.2112,59.935937647993484
1,0.0,0.5,0.21280000000000002,59.924877363146585
1,0.0,0.5,0.2144,59.91366962921109
1,0.0,0.5,0.216,59.90231412331585
1,0.0,0.5,0.21760000000000002,59.89081055990917
1,0.0,0.5,0.2192,59.87915868995015
1,0.0,0.5,0.22080000000000002,59.867358300097465
1,0.0,0.5,0.22240000000000001,59.85540921189702
1,0.0,0.5,0.224,59.843311280969736
1,0.0,0.5,0.22560000000000002,59.831064396200624
1,0.0,0.5,0.2272,59.81866847893018
1,0.0,0.5,0.2288,59.80612348214922
1,0.0,0.5,0.23040000000000002,59.79342938969795
1,0.0,0.5,0.232,59.78058621547027
1,0.0,0.5,0.2336,59.76759400262409
1,0.0,0.5,0.23520000000000002,59.75445282279823
1,0.0,0.5,0.2368,59.741162775336925
1,0.0,0.5,0.2384,59.72772398652213
1,0.0,0.5,0.24000000000000002,59.71413660881453
1,0.0,0.5,0.2416,59.70040082010359
1,0.0,0.5,0.2432,59.68651682296721
1,0.0,0.5,0.24480000000000002,59.67248484394126
1,0.0,0.5,0.2464,59.65830513279955
1,0.0,0.5,0.248,59.64397796184437
1,0.0,0.5,0.24960000000000002,59.62950362520814
1,0.0,0.5,0.25120000000000003,59.61488243816606
1,0.0,0.5,0.2528,59.600114736460434
1,0.0,0.5,0.2544,59.58520087563645
1,0.0,0.5,0.256,59.57014123038981
1,0.0,0.5,0.2576,59.55493619392625
1,0.0,0.5,0.2592,59.539586177333106
1,0.0,0.5,0.26080000000000003,59.5240916089629
1,0.0,0.5,0.2624,59.5084529338291
1,0.0,0.5,0.264,59.492670613014084
1,0.0,0.5,0.2656,59.47674512308922
1,0.0,0.5,0.2672,59.46067695554715
1,0.0,0.5,0.26880000000000004,59.444466616246224
1,0.0,0.5,0.27040000000000003,59.428114624867
1,0.0,0.5,0.272,59.41162151438087
1,0.0,0.5,0.2736,59.39498783053053
1,0.0,0.5,0.2752,59.37821413132253
1,0.0,0.5,0.2768,59.36130098653135
1,0.0,0.5,0.27840000000000004,59.34424897721547
1,0.0,0.5,0.28,59.32705869524482
1,0.0,0.5,0.2816,59.30973074283972
1,0.0,0.5,0.2832,59.29226573212113
1,0.0,0.5,0.2848,59.27466428467217
1,0.0,0.5,0.2864,59.25692703111054
1,0.0,0.5,0.28800000000000003,59.239054610671914
1,0.0,0.5,0.2896,59.22104767080403
1,0.0,0.5,0.2912,59.20290686677136
1,0.0,0.5,0.2928,59.18463286127014
1,0.0,0.5,0.2944,59.1662263240537
1,0.0,0.5,0.29600000000000004,59.147687931567845
1,0.0,0.5,0.29760000000000003,59.12901836659602
1,0.0,0.5,0.2992,59.11021831791434
1,0.0,0.5,0.3008,59.09128847995606
1,0.0,0.5,0.3024,59.07222955248547
1,0.0,0.5,0.304,59.05304224028089
1,0.0,0.5,0.30560000000000004,59.03372725282676
1,0.0,0.5,0.30720000000000003,59.01428530401447
1,0.0,0.5,0.3088,58.99471711185192
1,0.0,0.5,0.3104,58.975023398181484
1,0.0,0.5,0.312,58.95520488840628
1,0.0,0.5,0.3136,58.93526231122456
1,0.0,0.5,0.31520000000000004,58.91519639837206
1,0.0,0.5,0.3168,58.89500788437204
1,0.0,0.5,0.3184,58.87469750629303
1,0.0,0.5,0.32,58.854266003513864
1,0.0,0.5,0.3216,58.833714117496044
1,0.0,0.5,0.32320000000000004,58.81304259156321
1,0.0,0.5,0.32480000000000003,58.79225217068744
1,0.0,0.5,0.3264,58.77134360128233
1,0.0,0.5,0.328,58.75031763100274
1,0.0,0.5,0.3296,58.72917500855084
1,0.0,0.5,0.3312,58.70791648348859
1,0.0,0.5,0.33280000000000004,58.68654280605616
1,0.0,0.5,0.33440000000000003,58.66505472699645
1,0.0,0.5,0.336,58.64345299738539
1,0.0,0.5,0.3376,58.62173836846787
1,0.0,0.5,0.3392,58.59991159149926
1,0.0,0.5,0.3408,58.577973417592275
1,0.0,0.5,0.34240000000000004,58.55592459756909
1,0.0,0.5,0.34400000000000003,58.53376588181856
1,0.0,0.5,0.3456,58.511498020158385
1,0.0,0.5,0.3472,58.48912176170222
1,0.0,0.5,0.3488,58.46663785473136
1,0.0,0.5,0.3504,58.44404704657109
1,0.0,0.5,0.35200000000000004,58.42135008347148
1,0.0,0.5,0.3536,58.398547710492515
1,0.0,0.5,0.3552,58.375640671393455
1,0.0,0.5,0.3568,58.352629708526294
1,0.0,0.5,0.3584,58.32951556273321
1,0.0,0.5,0.36000000000000004,58.306298973247884
1,0.0,0.5,0.36160000000000003,58.28298067760065
1,0.0,0.5,0.3632,58.25956141152718
1,0.0,0.5,0.3648,58.23604190888093
1,0.0,0.5,0.3664,58.212422901548805
1,0.0,0.5,0.368,58.188705119370425
1,0.0,0.5,0.36960000000000004,58.164889290060444
1,0.0,0.5,0.37120000000000003,58.14097613913423
1,0.0,0.5,0.3728,58.11696638983647
1,0.0,0.5,0.3744,58.092860763072835
1,0.0,0.5,0.376,58.06865997734456
1,0.0,0.5,0.3776,58.04436474868581
1,0.0,0.5,0.37920000000000004,58.019975790603745
1,0.0,0.5,0.3808,57.995493814021344
1,0.0,0.5,0.3824,57.970919527222684
1,0.0,0.5,0.384,57.946253635800765
1,0.0,0.5,0.3856,57.9214968426078
1,0.0,0.5,0.38720000000000004,57.896649847707714
1,0.0,0.5,0.38880000000000003,57.8717133483311
1,0.0,0.5,0.3904,57.84668803883223
1,0.0,0.5,0.392,57.82157461064827
1,0.0,0.5,0.3936,57.7963737522606
1,0.0,0.5,0.3952,57.77108614915803
1,0.0,0.5,0.39680000000000004,57.74571248380209
1,0.0,0.5,0.39840000000000003,57.7202534355941
1,0.0,0.5,0.4,57.69470968084415
1,0.0,0.5,0.4016,57.66908189274177
1,0.0,0.5,0.4032,57.64337074132839
1,0.0,0.5,0.4048,57.61757689347135
1,0.0,0.5,0.40640000000000004,57.59170101283968
1,0.0,0.5,0.40800000000000003,57.56574375988123
1,0.0,0.5,0.4096,57.53970579180149
1,0.0,0.5,0.4112,57.513587762543686
1,0.0,0.5,0.4128,57.48739032277049
1,0.0,0.5,0.41440000000000005,57.46111411984689
1,0.0,0.5,0.41600000000000004,57.434759797824476
1,0.0,0.5,0.4176,57.40832799742701
1,0.0,0.5,0.4192,57.38181935603718
1,0.0,0.5,0.4208,57.35523450768456
1,0.0,0.5,0.4224,57.32857408303474
1,0.0,0.5,0.42400000000000004,57.30183870937951
1,0.0,0.5,0.42560000000000003,57.27502901062822
1,0.0,0.5,0.4272,57.24814560730002
1,0.0,0.5,0.4288,57.221189116517266
1,0.0,0.5,0.4304,57.19416015199978
1,0.0,0.5,0.432,57.167059324060105
1,0.0,0.5,0.43360000000000004,57.139887239599574
1,0.0,0.5,0.43520000000000003,57.112644502105375
1,0.0,0.5,0.4368,57.08533171164836
1,0.0,0.5,0.4384,57.05794946488167
1,0.0,0.5,0.44,57.03049835504017
1,0.0,0.5,0.44160000000000005,57.00297897194065
1,0.0,0.5,0.44320000000000004,56.97539190198263
1,0.0,0.5,0.44480000000000003,56.94773772815011
1,0.0,0.5,0.4464,56.92001703001365
1,0.0,0.5,0.448,56.89223038373343
1,0.0,0.5,0.4496,56.8643783620627
1,0.0,0.5,0.45120000000000005,56.83646153435199
1,0.0,0.5,0.45280000000000004,56.80848046655372
1,0.0,0.5,0.4544,56.78043572122756
1,0.0,0.5,0.456,56.75232785754619
1,0.0,0.5,0.4576,56.72415743130161
1,0.0,0.5,0.4592,56.69592499491198
1,0.0,0.5,0.46080000000000004,56.66763109742882
1,0.0,0.5,0.46240000000000003,56.63927628454485
1,0.0,0.5,0.464,56.61086109860209
1,0.0,0.5,0.4656,56.58238607860049
1,0.0,0.5,0.4672,56.553851760206854
1,0.0,0.5,0.46880000000000005,56.525258675764285
1,0.0,0.5,0.47040000000000004,56.496607354301936
1,0.0,0.5,0.47200000000000003,56.46789832154502
1,0.0,0.5,0.4736,56.43913209992536
1,0.0,0.5,0.4752,56.410309208592054
1,0.0,0.5,0.4768,56.38143016342259
1,0.0,0.5,0.47840000000000005,56.35249547703419
1,0.0,0.5,0.48000000000000004,56.323505658795476
1,0.0,0.5,0.48160000000000003,56.29446121483838
1,0.0,0.5,0.4832,56.265362648070294
1,0.0,0.5,0.4848,56.23621045818651
1,0.0,0.5,0.4864,56.20700514168286
1,0.0,0.5,0.48800000000000004,56.177747191868605
1,0.0,0.5,0.48960000000000004,56.14843709887945
1,0.0,0.5,0.4912,56.119075349690924
1,0.0,0.5,0.4928,56.08966242813176
1,0.0,0.5,0.4944,56.06019881489764
1,0.0,0.5,0.496,56.030684987564904
1,0.0,0.5,0.49760000000000004,56.00112142060461
1,0.0,0.5,0.49920000000000003,55.97150858539668
1,0.0,0.5,0.5008,55.9418469502441
1,0.0,0.5,0.5024000000000001,55.9121369803874
1,0.0,0.5,0.504,55.88237913801916
1,0.0,0.5,0.5056,55.852573882298685
1,0.0,0.5,0.5072,55.82272166936676
1,0.0,0.5,0.5088,55.79282295236052
1,0.0,0.5,0.5104000000000001,55.76287818142842
1,0.0,0.5,0.512,55.73288780374532
1,0.0,0.5,0.5136000000000001,55.70285226352757
1,0.0,0.5,0.5152,55.67277200204829
1,0.0,0.5,0.5168,55.642647457652636
1,0.0,0.5,0.5184,55.61247906577311
1,0.0,0.5,0.52,55.58226725894503
1,0.0,0.5,0.5216000000000001,55.552012466822
1,0.0,0.5,0.5232,55.52171511619135
1,0.0,0.5,0.5248,55.491375630989765
1,0.0,0.5,0.5264,55.46099443231886
1,0.0,0.5,0.528,55.4305719384608
1,0.0,0.5,0.5296000000000001,55.40010856489392
1,0.0,0.5,0.5312,55.36960472430846
1,0.0,0.5,0.5328,55.33906082662223
1,0.0,0.5,0.5344,55.30847727899635
1,0.0,0.5,0.536,55.27785448585092
1,0.0,0.5,0.5376000000000001,55.24719284888079
1,0.0,0.5,0.5392,55.21649276707131
1,0.0,0.5,0.5408000000000001,55.18575463671399
1,0.0,0.5,0.5424,55.15497885142232
1,0.0,0.5,0.544,55.124165802147445
1,0.0,0.5,0.5456,55.09331587719385
1,0.0,0.5,0.5472,55.06242946223512
1,0.0,0.5,0.5488000000000001,55.0315069403296
1,0.0,0.5,0.5504,55.00054869193601
1,0.0,0.5,0.552,54.96955509492917
1,0.0,0.5,0.5536,54.938526524615554
1,0.0,0.5,0.5552,54.907463353748895
1,0.0,0.5,0.5568000000000001,54.876365952545754
1,0.0,0.5,0.5584,54.84523468870104
1,0.0,0.5,0.56,54.81406992740351
1,0.0,0.5,0.5616,54.78287203135121
1,0.0,0.5,0.5632,54.751641360766925
1,0.0,0.5,0.5648000000000001,54.720378273413495
1,0.0,0.5,0.5664,54.68908312460924
1,0.0,0.5,0.5680000000000001,54.65775626724319
1,0.0,0.5,0.5696,54.626398051790304
1,0.0,0.5,0.5712,54.59500882632677
1,0.0,0.5,0.5728,54.56358893654503
1,0.0,0.5,0.5744,54.53213872576899
1,0.0,0.5,0.5760000000000001,54.50065853496897
1,0.0,0.5,0.5776,54.46914870277678
1,0.0,0.5,0.5792,54.437609565500566
1,0.0,0.5,0.5808,54.40604145713981
1,0.0,0.5,0.5824,54.37444470940001
1,0.0,0.5,0.5840000000000001,54.342819651707565
1,0.0,0.5,0.5856,54.311166611224415
1,0.0,0.5,0.5872,54.27948591286271
1,0.0,0.5,0.5888,54.24777787929939
1,0.0,0.5,0.5904,54.216042830990695
1,0.0,0.5,0.5920000000000001,54.184281086186644
1,0.0,0.5,0.5936,54.15249296094537
1,0.0,0.5,0.5952000000000001,54.12067876914752
1,0.0,0.5,0.5968,54.08883882251047
1,0.0,0.5,0.5984,54.05697343060254
1,0.0,0.5,0.6,54.02508290085709
1,0.0,0.5,0.6016,53.99316753858664
1,0.0,0.5,0.6032000000000001,53.96122764699678
1,0.0,0.5,0.6048,53.92926352720017
1,0.0,0.5,0.6064,53.89727547823032
1,0.0,0.5,0.608,53.86526379705543
1,0.0,0.5,0.6096,53.833228778592044
1,0.0,0.5,0.6112000000000001,53.80117071571877
1,0.0,0.5,0.6128,53.769089899289774
1,0.0,0.5,0.6144000000000001,53.73698661814829
1,0.0,0.5,0.616,53.704861159140115
1,0.0,0.5,0.6176,53.67271380712685
1,0.0,0.5,0.6192000000000001,53.64054484499925
1,0.0,0.5,0.6208,53.60835455369045
1,0.0,0.5,0.6224000000000001,53.57614321218903
1,0.0,0.5,0.624,53.54391109755214
1,0.0,0.5,0.6256,53.51165848491846
1,0.0,0.5,0.6272,53.47938564752111
1,0.0,0.5,0.6288,53.44709285670053
1,0.0,0.5,0.6304000000000001,53.41478038191717
1,0.0,0.5,0.632,53.38244849076425
1,0.0,0.5,0.6336,53.35009744898037
1,0.0,0.5,0.6352,53.31772752046206
1,0.0,0.5,0.6368,53.28533896727619
1,0.0,0.5,0.6384000000000001,53.25293204967247
1,0.0,0.5,0.64,53.22050702609568
1,0.0,0.5,0.6416000000000001,53.188064153198006
1,0.0,0.5,0.6432,53.15560368585114
1,0.0,0.5,0.6448,53.12312587715842
1,0.0,0.5,0.6464000000000001,53.09063097846687
1,0.0,0.5,0.648,53.05811923937912
1,0.0,0.5,0.6496000000000001,53.02559090776532
1,0.0,0.5,0.6512,52.993046229774954
1,0.0,0.5,0.6528,52.960485449848534
1,0.0,0.5,0.6544,52.92790881072931
1,0.0,0.5,0.656,52.89531655347482
1,0.0,0.5,0.6576000000000001,52.862708917468424
1,0.0,0.5,0.6592,52.83008614043078
1,0.0,0.5,0.6608,52.79744845843117
1,0.0,0.5,0.6624,52.76479610589881
1,0.0,0.5,0.664,52.73212931563407
1,0.0,0.5,0.6656000000000001,52.69944831881968
1,0.0,0.5,0.6672,52.66675334503174
1,0.0,0.5,0.6688000000000001,52.63404462225081
1,0.0,0.5,0.6704,52.601322376872794
1,0.0,0.5,0.672,52.56858683371982
1,0.0,0.5,0.6736000000000001,52.53583821605107
1,0.0,0.5,0.6752,52.50307674557347
1,0.0,0.5,0.6768000000000001,52.4703026424524
1,0.0,0.5,0.6784,52.43751612532224
1,0.0,0.5,0.68,52.4047174112969
1,0.0,0.5,0.6816,52.37190671598029
1,0.0,0.5,0.6832,52.33908425347666
1,0.0,0.5,0.6848000000000001,52.30625023640101
1,0.0,0.5,0.6864,52.273404875889206
1,0.0,0.5,0.6880000000000001,52.24054838160825
1,0.0,0.5,0.6896,52.20768096176635
1,0.0,0.5,0.6912,52.17480282312298
1,0.0,0.5,0.6928000000000001,52.14191417099885
1,0.0,0.5,0.6944,52.10901520928581
1,0.0,0.5,0.6960000000000001,52.07610614045667
1,0.0,0.5,0.6976,52.04318716557504
1,0.0,0.5,0.6992,52.01025848430496
1,0.0,0.5,0.7008,51.97732029492061
1,0.0,0.5,0.7024,51.94437279431584
1,0.0,0.5,0.7040000000000001,51.911416178013724
1,0.0,0.5,0.7056,51.87845064017598
1,0.0,0.5,0.7072,51.84547637361236
1,0.0,0.5,0.7088,51.812493569789986
1,0.0,0.5,0.7104,51.7795024188426
1,0.0,0.5,0.7120000000000001,51.74650310957973
1,0.0,0.5,0.7136,51.71349582949588
1,0.0,0.5,0.7152000000000001,51.68048076477959
1,0.0,0.5,0.7168,51.647458100322346
1,0.0,0.5,0.7184,51.61442801972767
1,0.0,0.5,0.7200000000000001,51.5813907053199
1,0.0,0.5,0.7216,51.54834633815305
1,0.0,0.5,0.7232000000000001,51.5152950980196
1,0.0,0.5,0.7248,51.482237163459125
1,0.0,0.5,0.7264,51.449172711767
1,0.0,0.5,0.728,51.41610191900297
1,0.0,0.5,0.7296,51.38302495999964
1,0.0,0.5,0.7312000000000001,51.34994200837099
1,0.0,0.5,0.7328,51.31685323652072
1,0.0,0.5,0.7344,51.28375881565067
1,0.0,0.5,0.736,51.25065891576904
1,0.0,0.5,0.7376,51.21755370569865
1,0.0,0.5,0.7392000000000001,51.18444335308515
1,0.0,0.5,0.7408,51.15132802440505
1,0.0,0.5,0.7424000000000001,51.11820788497388
1,0.0,0.5,0.744,51.08508309895412
1,0.0,0.5,0.7456,51.0519538293632
1,0.0,0.5,0.7472000000000001,51.018820238081354
1,0.0,0.5,0.7488,50.98568248585946
1,0.0,0.5,0.7504000000000001,50.95254073232689
1,0.0,0.5,0.752,50.919395135999146
1,0.0,0.5,0.7536,50.88624585428559
1,0.0,0.5,0.7552,50.85309304349706
1,0.0,0.5,0.7568,50.819936858853424
1,0.0,0.5,0.7584000000000001,50.786777454491116
1,0.0,0.5,0.76,50.75361498347059
1,0.0,0.5,0.7616,50.720449597783706
1,0.0,0.5,0.7632,50.68728144836113
1,0.0,0.5,0.7648,50.654110685079615
1,0.0,0.5,0.7664000000000001,50.62093745676926
1,0.0,0.5,0.768,50.58776191122074
1,0.0,0.5,0.7696000000000001,50.55458419519239
1,0.0,0.5,0.7712,50.52140445441741
1,0.0,0.5,0.7728,50.48822283361084
1,0.0,0.5,0.7744000000000001,50.45503947647657
1,0.0,0.5,0.776,50.42185452571438
1,0.0,0.5,0.7776000000000001,50.388668123026704
1,0.0,0.5,0.7792,50.35548040912562
1,0.0,0.5,0.7808,50.32229152373958
1,0.0,0.5,0.7824,50.2891016056202
1,0.0,0.5,0.784,50.255910792548995
1,0.0,0.5,0.7856000000000001,50.22271922134398
1,0.0,0.5,0.7872,50.189527027866355
1,0.0,0.5,0.7888000000000001,50.15633434702704
1,0.0,0.5,0.7904,50.12314131279324
1,0.0,0.5,0.792,50.089948058194864
1,0.0,0.5,0.7936000000000001,50.056754715331046
1,0.0,0.5,0.7952,50.02356141537643
1,0.0,0.5,0.7968000000000001,49.99036828858759
1,0.0,0.5,0.7984,49.95717546430934
1,0.0,0.5,0.8,49.92398307098092
1,0.0,0.5,0.8016000000000001,49.89079123614224
1,0.0,0.5,0.8032,49.85760008644011
1,0.0,0.5,0.8048000000000001,49.82440974763424
1,0.0,0.5,0.8064,49.79122034460343
1,0.0,0.5,0.808,49.75803200135155
1,0.0,0.5,0.8096,49.72484484101356
1,0.0,0.5,0.8112,49.69165898586142
1,0.0,0.5,0.8128000000000001,49.65847455731009
1,0.0,0.5,0.8144,49.6252916759233
1,0.0,0.5,0.8160000000000001,49.592110461419445
1,0.0,0.5,0.8176,49.558931032677336
1,0.0,0.5,0.8192,49.525753507741946
1,0.0,0.5,0.8208000000000001,49.49257800383015
1,0.0,0.5,0.8224,49.45940463733635
1,0.0,0.5,0.8240000000000001,49.42623352383812
1,0.0,0.5,0.8256,49.3930647781018
1,0.0,0.5,0.8272,49.359898514088016
1,0.0,0.5,0.8288000000000001,49.32673484495718
1,0.0,0.5,0.8304,49.29357388307502
1,0.0,0.5,0.8320000000000001,49.26041574001792
1,0.0,0.5,0.8336,49.22726052657839
1,0.0,0.5,0.8352,49.19410835277038
1,0.0,0.5,0.8368,49.160959327834576
1,0.0,0.5,0.8384,49.127813560243744
1,0.0,0.5,0.8400000000000001,49.09467115770789
1,0.0,0.5,0.8416,49.06153222717953
1,0.0,0.5,0.8432000000000001,49.0283968748588
1,0.0,0.5,0.8448,48.99526520619863
1,0.0,0.5,0.8464,48.96213732590982
1,0.0,0.5,0.8480000000000001,48.929013337966104
1,0.0,0.5,0.8496,48.895893345609146
1,0.0,0.5,0.8512000000000001,48.86277745135359
1,0.0,0.5,0.8528,48.829665756991915
1,0.0,0.5,0.8544,48.796558363599466
1,0.0,0.5,0.8560000000000001,48.76345537153923
1,0.0,0.5,0.8576,48.73035688046676
1,0.0,0.5,0.8592000000000001,48.69726298933493
1,0.0,0.5,0.8608,48.664173796398785
1,0.0,0.5,0.8624,48.63108939922021
1,0.0,0.5,0.864,48.5980098946727
1,0.0,0.5,0.8656,48.56493537894599
1,0.0,0.5,0.8672000000000001,48.53186594755075
1,0.0,0.5,0.8688,48.49880169532318
1,0.0,0.5,0.8704000000000001,48.46574271642959
1,0.0,0.5,0.872,48.432689104370915
1,0.0,0.5,0.8736,48.399640951987315
1,0.0,0.5,0.8752000000000001,48.36659835146257
1,0.0,0.5,0.8768,48.33356139432857
1,0.0,0.5,0.8784000000000001,48.300530171469774
1,0.0,0.5,0.88,48.26750477312754
1,0.0,0.5,0.8816,48.234485288904494
1,0.0,0.5,0.8832000000000001,48.20147180776893
1,0.0,0.5,0.8848,48.16846441805901
1,0.0,0.5,0.8864000000000001,48.13546320748709
1,0.0,0.5,0.888,48.10246826314396
1,0.0,0.5,0.8896000000000001,48.069479671503025
1,0.0,0.5,0.8912,48.036497518424504
1,0.0,0.5,0.8928,48.00352188915956
1,0.0,0.5,0.8944000000000001,47.97055286835447
1,0.0,0.5,0.896,47.93759054005466
1,0.0,0.5,0.8976000000000001,47.90463498770879
1,0.0,0.5,0.8992,47.871686294172804
1,0.0,0.5,0.9008,47.8387445417139
1,0.0,0.5,0.9024000000000001,47.80580981201457
1,0.0,0.5,0.904,47.77288218617645
1,0.0,0.5,0.9056000000000001,47.73996174472435
1,0.0,0.5,0.9072,47.70704856761008
1,0.0,0.5,0.9088,47.67414273421636
1,0.0,0.5,0.9104000000000001,47.64124432336062
1,0.0,0.5,0.912,47.608353413298836
1,0.0,0.5,0.9136000000000001,47.575470081729335
1,0.0,0.5,0.9152,47.5425944057965
1,0.0,0.5,0.9168000000000001,47.50972646209458
1,0.0,0.5,0.9184,47.4768663266713
1,0.0,0.5,0.92,47.44401407503166
1,0.0,0.5,0.9216000000000001,47.411169782141506
1,0.0,0.5,0.9232,47.37833352243118
1,0.0,0.5,0.9248000000000001,47.34550536979912
1,0.0,0.5,0.9264,47.31268539761548
1,0.0,0.5,0.928,47.279873678725636
1,0.0,0.5,0.9296000000000001,47.24707028545374
1,0.0,0.5,0.9312,47.21427528960621
1,0.0,0.5,0.9328000000000001,47.181488762475226
1,0.0,0.5,0.9344,47.148710774842186
1,0.0,0.5,0.936,47.115941396981135
1,0.0,0.5,0.9376000000000001,47.08318069866216
1,0.0,0.5,0.9392,47.05042874915481
1,0.0,0.5,0.9408000000000001,47.0176856172314
1,0.0,0.5,0.9424,46.98495137117039
1,0.0,0.5,0.9440000000000001,46.95222607875971
1,0.0,0.5,0.9456,46.91950980730002
1,0.0,0.5,0.9472,46.88680262360796
1,0.0,0.5,0.9488000000000001,46.85410459401948
1,0.0,0.5,0.9504,46.821415784392975
1,0.0,0.5,0.9520000000000001,46.7887362601125
1,0.0,0.5,0.9536,46.75606608609099
1,0.0,0.5,0.9552,46.723405326773374
1,0.0,0.5,0.9568000000000001,46.69075404613973
1,0.0,0.5,0.9584,46.658112307708414
1,0.0,0.5,0.9600000000000001,46.625480174539085
1,0.0,0.5,0.9616,46.59285770923583
1,0.0,0.5,0.9632000000000001,46.5602449739502
1,0.0,0.5,0.9648,46.52764203038423
1,0.0,0.5,0.9664,46.49504893979347
1,0.0,0.5,0.9680000000000001,46.46246576298991
1,0.0,0.5,0.9696,46.42989256034497
1,0.0,0.5,0.9712000000000001,46.39732939179248
1,0.0,0.5,0.9728,46.36477631683157
1,0.0,0.5,0.9744,46.33223339452958
1,0.0,0.5,0.9760000000000001,46.29970068352489
1,0.0,0.5,0.9776,46.26717824202988
1,0.0,0.5,0.9792000000000001,46.234666127833684
1,0.0,0.5,0.9808,46.202164398305065
1,0.0,0.5,0.9824,46.169673110395195
1,0.0,0.5,0.9840000000000001,46.13719232064044
1,0.0,0.5,0.9856,46.104722085165115
1,0.0,0.5,0.9872000000000001,46.07226245968426
1,0.0,0.5,0.9888,46.03981349950633
1,0.0,0.5,0.9904000000000001,46.00737525953591
1,0.0,0.5,0.992,45.97494779427641
1,0.0,0.5,0.9936,45.94253115783276
1,0.0,0.5,0.9952000000000001,45.910125403913995
1,0.0,0.5,0.9968,45.87773058583593
1,0.0,0.5,0.9984000000000001,45.84534675652378
1,0.0,0.5,1.0,45.81297396851474
1,0.0,0.5,1.0016,45.78061227396055
1,0.0,0.5,1.0032,45.748261724630105
1,0.0,0.5,1.0048000000000001,45.71592237191193
1,0.0,0.5,1.0064,45.68359426681677
1,0.0,0.5,1.008,45.65127745998002
1,0.0,0.5,1.0096,45.618972001664304
1,0.0,0.5,1.0112,45.58667794176187
1,0.0,0.5,1.0128000000000001,45.55439532979711
1,0.0,0.5,1.0144,45.52212421492894
1,0.0,0.5,1.016,45.48986464595324
1,0.0,0.5,1.0176,45.45761667130531
1,0.0,0.5,1.0192,45.42538033906218
1,0.0,0.5,1.0208000000000002,45.39315569694503
1,0.0,0.5,1.0224,45.36094279232152
1,0.0,0.5,1.024,45.32874167220815
1,0.0,0.5,1.0256,45.2965523832726
1,0.0,0.5,1.0272000000000001,45.264374971835956
1,0.0,0.5,1.0288000000000002,45.23220948387509
1,0.0,0.5,1.0304,45.200055965024895
1,0.0,0.5,1.032,45.16791446058056
1,0.0,0.5,1.0336,45.13578501549979
1,0.0,0.5,1.0352000000000001,45.10366767440505
1,0.0,0.5,1.0368,45.07156248158579
1,0.0,0.5,1.0384,45.03946948100061
1,0.0,0.5,1.04,45.007388716279486
1,0.0,0.5,1.0416,44.97532023072588
1,0.0,0.5,1.0432000000000001,44.94326406731894
1,0.0,0.5,1.0448,44.91122026871567
1,0.0,0.5,1.0464,44.87918887725292
1,0.0,0.5,1.048,44.847169934949655
1,0.0,0.5,1.0496,44.81516348350894
1,0.0,0.5,1.0512000000000001,44.78316956432006
1,0.0,0.5,1.0528,44.751188218460584
1,0.0,0.5,1.0544,44.719219486698414
1,0.0,0.5,1.056,44.687263409493816
1,0.0,0.5,1.0576,44.65532002700145
1,0.0,0.5,1.0592000000000001,44.623389379072385
1,0.0,0.5,1.0608,44.59147150525607
1,0.0,0.5,1.0624,44.55956644480233
1,0.0,0.5,1.064,44.527674236663344
1,0.0,0.5,1.0656,44.4957949194956
1,0.0,0.5,1.0672000000000001,44.46392853166181
1,0.0,0.5,1.0688,44.432075111232855
1,0.0,0.5,1.0704,44.40023469598971
1,0.0,0.5,1.072,44.36840732342532
1,0.0,0.5,1.0736,44.33659303074652
1,0.0,0.5,1.0752000000000002,44.30479185487588
1,0.0,0.5,1.0768,44.27300383245358
1,0.0,0.5,1.0784,44.24122899983926
1,0.0,0.5,1.08,44.20946739311387
1,0.0,0.5,1.0816000000000001,44.17771904808146
1,0.0,0.5,1.0832000000000002,44.14598400027103
1,0.0,0.5,1.0848,44.114262284938306
1,0.0,0.5,1.0864,44.082553937067544
1,0.0,0.5,1.088,44.05085899137328
1,0.0,0.5,1.0896000000000001,44.01917748230212
1,0.0,0.5,1.0912,43.98750944403447
1,0.0,0.5,1.0928,43.955854910486295
1,0.0,0.5,1.0944,43.92421391531082
1,0.0,0.5,1.096,43.89258649190028
1,0.0,0.5,1.0976000000000001,43.860972673387586
1,0.0,0.5,1.0992,43.82937249264805
1,0.0,0.5,1.1008,43.79778598230102
1,0.0,0.5,1.1024,43.766213174711616
1,0.0,0.5,1.104,43.734654101992334
1,0.0,0.5,1.1056000000000001,43.7031087960047
1,0.0,0.5,1.1072,43.671577288360915
1,0.0,0.5,1.1088,43.64005961042548
1,0.0,0.5,1.1104,43.60855579331681
1,0.0,0.5,1.112,43.57706586790882
1,0.0,0.5,1.1136000000000001,43.54558986483256
1,0.0,0.5,1.1152,43.51412781447769
1,0.0,0.5,1.1168,43.4826797469942
1,0.0,0.5,1.1184,43.45124569229384
1,0.0,0.5,1.12,43.419825680051716
1,0.0,0.5,1.1216000000000002,43.38841973970785
1,0.0,0.5,1.1232,43.35702790046867
1,0.0,0.5,1.1248,43.32565019130856
1,0.0,0.5,1.1264,43.29428664097132
1,0.0,0.5,1.1280000000000001,43.26293727797171
1,0.0,0.5,1.1296000000000002,43.2316021305969
1,0.0,0.5,1.1312,43.20028122690797
1,0.0,0.5,1.1328,43.16897459474135
1,0.0,0.5,1.1344,43.137682261710324
1,0.0,0.5,1.1360000000000001,43.10640425520639
1,0.0,0.5,1.1376,43.07514060240081
1,0.0,0.5,1.1392,43.04389133024592
1,0.0,0.5,1.1408,43.01265646547664
1,0.0,0.5,1.1424,42.981436034611825
1,0.0,0.5,1.1440000000000001,42.95023006395568
1,0.0,0.5,1.1456,42.91903857959917
1,0.0,0.5,1.1472,42.887861607421314
1,0.0,0.5,1.1488,42.85669917309068
1,0.0,0.5,1.1504,42.825551302066664
1,0.0,0.5,1.1520000000000001,42.79441801960085
1,0.0,0.5,1.1536,42.76329935073833
1,0.0,0.5,1.1552,42.73219532031911
1,0.0,0.5,1.1568,42.70110595297937
1,0.0,0.5,1.1584,42.67003127315279
1,0.0,0.5,1.1600000000000001,42.63897130507187
1,0.0,0.5,1.1616,42.60792607276921
1,0.0,0.5,1.1632,42.57689560007881
1,0.0,0.5,1.1648,42.54587991063735
1,0.0,0.5,1.1664,42.514879027885456
1,0.0,0.5,1.1680000000000001,42.48389297506894
1,0.0,0.5,1.1696,42.4529217752401
1,0.0,0.5,1.1712,42.42196545125894
1,0.0,0.5,1.1728,42.39102402579438
1,0.0,0.5,1.1744,42.360097521325535
1,0.0,0.5,1.1760000000000002,42.329185960142894
1,0.0,0.5,1.1776,42.298289364349564
1,0.0,0.5,1.1792,42.26740775586244
1,0.0,0.5,1.1808,42.236541156413445
1,0.0,0.5,1.1824000000000001,42.20568958755065
1,0.0,0.5,1.1840000000000002,42.174853070639514
1,0.0,0.5,1.1856,42.144031626864034
1,0.0,0.5,1.1872,42.11322527722792
1,0.0,0.5,1.1888,42.0824340425557
1,0.0,0.5,1.1904000000000001,42.05165794349394
1,0.0,0.5,1.192,42.020897000512356
1,0.0,0.5,1.1936,41.990151233904925
1,0.0,0.5,1.1952,41.95942066379102
1,0.0,0.5,1.1968,41.928705310116555
1,0.0,0.5,1.1984000000000001,41.89800519265504
1,0.0,0.5,1.2,41.867320331008756
1,0.0,0.5,1.2016,41.83665074460978
1,0.0,0.5,1.2032,41.80599645272112
1,0.0,0.5,1.2048,41.775357474437754
1,0.0,0.5,1.2064000000000001,41.74473382868776
1,0.0,0.5,1.208,41.71412553423332
1,0.0,0.5,1.2096,41.68353260967181
1,0.0,0.5,1.2112,41.652955073436864
1,0.0,0.5,1.2128,41.62239294379939
1,0.0,0.5,1.2144000000000001,41.59184623886863
1,0.0,0.5,1.216,41.561314976593145
1,0.0,0.5,1.2176,41.530799174761924
1,0.0,0.5,1.2192,41.50029885100532
1,0.0,0.5,1.2208,41.46981402279609
1,0.0,0.5,1.2224000000000002,41.43934470745042
1,0.0,0.5,1.224,41.40889092212886
1,0.0,0.5,1.2256,41.37845268383741
1,0.0,0.5,1.2272,41.348030009428385
1,0.0,0.5,1.2288000000000001,41.31762291560149
1,0.0,0.5,1.2304000000000002,41.28723141890473
1,0.0,0.5,1.232,41.256855535735426
1,0.0,0.5,1.2336,41.22649528234112
1,0.0,0.5,1.2352,41.196150674820544
1,0.0,0.5,1.2368000000000001,41.16582172912458
1,0.0,0.5,1.2384000000000002,41.13550846105719
1,0.0,0.5,1.24,41.10521088627634
1,0.0,0.5,1.2416,41.0749290202949
1,0.0,0.5,1.2432,41.04466287848164
1,0.0,0.5,1.2448000000000001,41.01441247606206
1,0.0,0.5,1.2464,40.98417782811936
1,0.0,0.5,1.248,40.953958949595275
1,0.0,0.5,1.2496,40.92375585529106
1,0.0,0.5,1.2512,40.89356855986828
1,0.0,0.5,1.2528000000000001,40.86339707784976
1,0.0,0.5,1.2544,40.833241423620464
1,0.0,0.5,1.256,40.80310161142832
1,0.0,0.5,1.2576,40.77297765538511
1,0.0,0.5,1.2592,40.74286956946734
1,0.0,0.5,1.2608000000000001,40.71277736751707
1,0.0,0.5,1.2624,40.68270106324281
1,0.0,0.5,1.264,40.65264067022032
1,0.0,0.5,1.2656,40.622596201893444
1,0.0,0.5,1.2672,40.59256767157495
1,0.0,0.5,1.2688000000000001,40.562555092447376
1,0.0,0.5,1.2704,40.532558477563846
1,0.0,0.5,1.272,40.50257783984883
1,0.0,0.5,1.2736,40.472613192099075
1,0.0,0.5,1.2752000000000001,40.44266454698426
1,0.0,0.5,1.2768000000000002,40.41273191704792
1,0.0,0.5,1.2784,40.38281531470816
1,0.0,0.5,1.28,40.352914752258464
1,0.0,0.5,1.2816,40.32303024186854
1,0.0,0.5,1.2832000000000001,40.29316179558498
1,0.0,0.5,1.2848000000000002,40.26330942533213
1,0.0,0.5,1.2864,40.23347314291282
1,0.0,0.5,1.288,40.20365296000914
1,0.0,0.5,1.2896,40.17384888818318
1,0.0,0.5,1.2912000000000001,40.1440609388778
1,0.0,0.5,1.2928000000000002,40.11428912341735
1,0.0,0.5,1.2944,40.08453345300847
1,0.0,0.5,1.296,40.05479393874076
1,0.0,0.5,1.2976,40.02507059158755
1,0.0,0.5,1.2992000000000001,39.99536342240665
1,0.0,0.5,1.3008,39.965672441940995
1,0.0,0.5,1.3024,39.93599766081946
1,0.0,0.5,1.304,39.90633908955752
1,0.0,0.5,1.3056,39.87669673855794
1,0.0,0.5,1.3072000000000001,39.84707061811154
1,0.0,0.5,1.3088,39.81746073839783
1,0.0,0.5,1.3104,39.787867109485774
1,0.0,0.5,1.312,39.758289741334416
1,0.0,0.5,1.3136,39.72872864379361
1,0.0,0.5,1.3152000000000001,39.699183826604674
1,0.0,0.5,1.3168,39.669655299401086
1,0.0,0.5,1.3184,39.64014307170915
1,0.0,0.5,1.32,39.61064715294865
1,0.0,0.5,1.3216,39.581167552433556
1,0.0,0.5,1.3232000000000002,39.551704279372615
1,0.0,0.5,1.3248,39.52225734287007
1,0.0,0.5,1.3264,39.492826751926316
1,0.0,0.5,1.328,39.463412515438456
1,0.0,0.5,1.3296000000000001,39.43401464220104
1,0.0,0.5,1.3312000000000002,39.40463314090668
1,0.0,0.5,1.3328,39.37526802014664
1,0.0,0.5,1.3344,39.34591928841153
1,0.0,0.5,1.336,39.316586954091875
1,0.0,0.5,1.3376000000000001,39.28727102547877
1,0.0,0.5,1.3392000000000002,39.257971510764506
1,0.0,0.5,1.3408,39.22868841804312
1,0.0,0.5,1.3424,39.1994217553111
1,0.0,0.5,1.344,39.17017153046793
1,0.0,0.5,1.3456000000000001,39.14093775131668
1,0.0,0.5,1.3472000000000002,39.11172042556465
1,0.0,0.5,1.3488,39.08251956082393
1,0.0,0.5,1.3504,39.053335164612
1,0.0,0.5,1.352,39.02416724435231
1,0.0,0.5,1.3536000000000001,38.99501580737489
1,0.0,0.5,1.3552,38.96588086091688
1,0.0,0.5,1.3568,38.936762412123166
1,0.0,0.5,1.3584,38.907660468046856
1,0.0,0.5,1.36,38.878575035649966
1,0.0,0.5,1.3616000000000001,38.84950612180391
1,0.0,0.5,1.3632,38.82045373329005
1,0.0,0.5,1.3648,38.7914178768003
1,0.0,0.5,1.3664,38.76239855893765
1,0.0,0.5,1.368,38.73339578621671
1,0.0,0.5,1.3696000000000002,38.70440956506428
1,0.0,0.5,1.3712,38.675439901819864
1,0.0,0.5,1.3728,38.64648680273623
1,0.0,0.5,1.3744,38.61755027397992
1,0.0,0.5,1.3760000000000001,38.58863032163183
1,0.0,0.5,1.3776000000000002,38.559726951687665
1,0.0,0.5,1.3792,38.53084017005854
1,0.0,0.5,1.3808,38.50196998257143
1,0.0,0.5,1.3824,38.47311639496974
1,0.0,0.5,1.3840000000000001,38.444279412913815
1,0.0,0.5,1.3856000000000002,38.41545904198141
1,0.0,0.5,1.3872,38.38665528766824
1,0.0,0.5,1.3888,38.35786815538847
1,0.0,0.5,1.3904,38.32909765047522
1,0.0,0.5,1.3920000000000001,38.30034377818105
1,0.0,0.5,1.3936000000000002,38.27160654367846
1,0.0,0.5,1.3952,38.242885952060384
1,0.0,0.5,1.3968,38.21418200834069
1,0.0,0.5,1.3984,38.18549471745465
1,0.0,0.5,1.4000000000000001,38.15682408425942
1,0.0,0.5,1.4016,38.12817011353454
1,0.0,0.5,1.4032,38.09953280998236
1,0.0,0.5,1.4048,38.07091217822859
1,0.0,0.5,1.4064,38.042308222822705
1,0.0,0.5,1.4080000000000001,38.01372094823843
1,0.0,0.5,1.4096,37.98515035887423
1,0.0,0.5,1.4112,37.95659645905372
1,0.0,0.5,1.4128,37.92805925302617
1,0.0,0.5,1.4144,37.89953874496693
1,0.0,0.5,1.4160000000000001,37.87103493897791
1,0.0,0.5,1.4176,37.84254783908798
1,0.0,0.5,1.4192,37.81407744925347
1,0.0,0.5,1.4208,37.78562377335859
1,0.0,0.5,1.4224,37.75718681521587
1,0.0,0.5,1.4240000000000002,37.72876657856658
1,0.0,0.5,1.4256,37.70036306708121
1,0.0,0.5,1.4272,37.67197628435988
1,0.0,0.5,1.4288,37.64360623393272
1,0.0,0.5,1.4304000000000001,37.61525291926039
1,0.0,0.5,1.4320000000000002,37.58691634373443
1,0.0,0.5,1.4336,37.55859651067771
1,0.0,0.5,1.4352,37.53029342334484
1,0.0,0.5,1.4368,37.50200708492259
1,0.0,0.5,1.4384000000000001,37.47373749853031
1,0.0,0.5,1.4400000000000002,37.445484667220335
1,0.0,0.5,1.4416,37.417248593978364
1,0.0,0.5,1.4432,37.38902928172393
1,0.0,0.5,1.4448,37.360826733310724
1,0.0,0.5,1.4464000000000001,37.33264095152707
1,0.0,0.5,1.4480000000000002,37.30447193909627
1,0.0,0.5,1.4496,37.27631969867701
1,0.0,0.5,1.4512,37.248184232863785
1,0.0,0.5,1.4528,37.220065544187236
1,0.0,0.5,1.4544000000000001,37.191963635114554
1,0.0,0.5,1.456,37.16387850804992
1,0.0,0.5,1.4576,37.13581016533479
1,0.0,0.5,1.4592,37.107758609248364
1,0.0,0.5,1.4608,37.079723842007915
1,0.0,0.5,1.4624000000000001,37.05170586576917
1,0.0,0.5,1.464,37.02370468262669
1,0.0,0.5,1.4656,36.99572029461425
1,0.0,0.5,1.4672,36.96775270370519
1,0.0,0.5,1.4688,36.93980191181277
1,0.0,0.5,1.4704000000000002,36.9118679207906
1,0.0,0.5,1.472,36.88395073243288
1,0.0,0.5,1.4736,36.85605034847489
1,0.0,0.5,1.4752,36.82816677059325
1,0.0,0.5,1.4768000000000001,36.80030000040633
1,0.0,0.5,1.4784000000000002,36.7724500394746
1,0.0,0.5,1.48,36.744616889300914
1,0.0,0.5,1.4816,36.71680055133095
1,0.0,0.5,1.4832,36.68900102695349
1,0.0,0.5,1.4848000000000001,36.66121831750081
1,0.0,0.5,1.4864000000000002,36.63345242424898
1,0.0,0.5,1.488,36.6057033484182
1,0.0,0.5,1.4896,36.5779710911732
1,0.0,0.5,1.4912,36.550255653623495
1,0.0,0.5,1.4928000000000001,36.52255703682377
1,0.0,0.5,1.4944000000000002,36.494875241774196
1,0.0,0.5,1.496,36.467210269420754
1,0.0,0.5,1.4976,36.43956212065556
1,0.0,0.5,1.4992,36.41193079631719
1,0.0,0.5,1.5008000000000001,36.38431629719103
1,0.0,0.5,1.5024000000000002,36.35671862400954
1,0.0,0.5,1.504,36.329137777452615
1,0.0,0.5,1.5056,36.3015737581479
1,0.0,0.5,1.5072,36.274026566671104
1,0.0,0.5,1.5088000000000001,36.24649620354627
1,0.0,0.5,1.5104,36.21898266924614
1,0.0,0.5,1.512,36.19148596419244
1,0.0,0.5,1.5136,36.16400608875619
1,0.0,0.5,1.5152,36.13654304325799
1,0.0,0.5,1.5168000000000001,36.109096827968365
1,0.0,0.5,1.5184,36.081667443108024
1,0.0,0.5,1.52,36.05425488884818
1,0.0,0.5,1.5216,36.02685916531083
1,0.0,0.5,1.5232,35.99948027256909
1,0.0,0.5,1.5248000000000002,35.97211821064743
1,0.0,0.5,1.5264,35.94477297952201
1,0.0,0.5,1.528,35.91744457912096
1,0.0,0.5,1.5296,35.89013300932464
1,0.0,0.5,1.5312000000000001,35.86283826996599
1,0.0,0.5,1.5328000000000002,35.83556036083073
1,0.0,0.5,1.5344,35.80829928165772
1,0.0,0.5,1.536,35.781055032139186
1,0.0,0.5,1.5376,35.753827611921025
1,0.0,0.5,1.5392000000000001,35.72661702060309
1,0.0,0.5,1.5408000000000002,35.69942325773943
1,0.0,0.5,1.5424,35.672246322838596
1,0.0,0.5,1.544,35.64508621536391
1,0.0,0.5,1.5456,35.617942934733726
1,0.0,0.5,1.5472000000000001,35.5908164803217
1,0.0,0.5,1.5488000000000002,35.563706851457056
1,0.0,0.5,1.5504,35.53661404742485
1,0.0,0.5,1.552,35.50953806746626
1,0.0,0.5,1.5536,35.482478910778795
1,0.0,0.5,1.5552000000000001,35.45543657651661
1,0.0,0.5,1.5568000000000002,35.42841106379074
1,0.0,0.5,1.5584,35.401402371669356
1,0.0,0.5,1.56,35.37441049917801
1,0.0,0.5,1.5616,35.347435445299915
1,0.0,0.5,1.5632000000000001,35.32047720897619
1,0.0,0.5,1.5648,35.2935357891061
1,0.0,0.5,1.5664,35.266611184547315
1,0.0,0.5,1.568,35.23970339411616
1,0.0,0.5,1.5696,35.212812416587845
1,0.0,0.5,1.5712000000000002,35.18593825069671
1,0.0,0.5,1.5728,35.15908089513652
1,0.0,0.5,1.5744,35.13224034856063
1,0.0,0.5,1.576,35.105416609582285
1,0.0,0.5,1.5776000000000001,35.0786096767748
1,0.0,0.5,1.5792000000000002,35.05181954867189
1,0.0,0.5,1.5808,35.025046223767795
1,0.0,0.5,1.5824,34.99828970051762
1,0.0,0.5,1.584,34.97154997733745
1,0.0,0.5,1.5856000000000001,34.94482705260474
1,0.0,0.5,1.5872000000000002,34.91812092465836
1,0.0,0.5,1.5888,34.891431591798984
1,0.0,0.5,1.5904,34.86475905228922
1,0.0,0.5,1.592,34.83810330435388
1,0.0,0.5,1.5936000000000001,34.81146434618019
1,0.0,0.5,1.5952000000000002,34.784842175918
1,0.0,0.5,1.5968,34.758236791680055
1,0.0,0.5,1.5984,34.73164819154215
1,0.0,0.5,1.6,34.705076373543406
1,0.0,0.5,1.6016000000000001,34.67852133568644
1,0.0,0.5,1.6032000000000002,34.651983075937636
1,0.0,0.5,1.6048,34.62546159222728
1,0.0,0.5,1.6064,34.59895688244989
1,0.0,0.5,1.608,34.5724689444643
1,0.0,0.5,1.6096000000000001,34.54599777609396
1,0.0,0.5,1.6112000000000002,34.51954337512713
1,0.0,0.5,1.6128,34.493105739317066
1,0.0,0.5,1.6144,34.46668486638223
1,0.0,0.5,1.616,34.44028075400652
1,0.0,0.5,1.6176000000000001,34.413893399839466
1,0.0,0.5,1.6192,34.38752280149642
1,0.0,0.5,1.6208,34.36116895655876
1,0.0,0.5,1.6224,34.33483186257411
1,0.0,0.5,1.624,34.30851151705654
1,0.0,0.5,1.6256000000000002,34.2822079174867
1,0.0,0.5,1.6272,34.25592106131216
1,0.0,0.5,1.6288,34.229650945947434
1,0.0,0.5,1.6304,34.2033975687743
1,0.0,0.5,1.6320000000000001,34.17716092714197
1,0.0,0.5,1.6336000000000002,34.15094101836722
1,0.0,0.5,1.6352,34.124737839734664
1,0.0,0.5,1.6368,34.098551388496894
1,0.0,0.5,1.6384,34.072381661874694
1,0.0,0.5,1.6400000000000001,34.046228657057206
1,0.0,0.5,1.6416000000000002,34.02009237120213
1,0.0,0.5,1.6432,33.99397280143593
1,0.0,0.5,1.6448,33.967869944853994
1,0.0,0.5,1.6464,33.941783798520795
1,0.0,0.5,1.6480000000000001,33.915714359470115
1,0.0,0.5,1.6496000000000002,33.88966162470525
1,0.0,0.5,1.6512,33.863625591199096
1,0.0,0.5,1.6528,33.837606255894435
1,0.0,0.5,1.6544,33.81160361570403
1,0.0,0.5,1.6560000000000001,33.785617667510856
1,0.0,0.5,1.6576000000000002,33.75964840816825
1,0.0,0.5,1.6592,33.73369583450011
1,0.0,0.5,1.6608,33.70775994330103
1,0.0,0.5,1.6624,33.6818407313365
1,0.0,0.5,1.6640000000000001,33.655938195343076
1,0.0,0.5,1.6656,33.63005233202857
1,0.0,0.5,1.6672,33.60418313807217
1,0.0,0.5,1.6688,33.57833061012467
1,0.0,0.5,1.6704,33.552494744808556
1,0.0,0.5,1.6720000000000002,33.52667553871829
1,0.0,0.5,1.6736,33.50087298842034
1,0.0,0.5,1.6752,33.47508709045347
1,0.0,0.5,1.6768,33.44931784132883
1,0.0,0.5,1.6784000000000001,33.42356523753012
1,0.0,0.5,1.6800000000000002,33.3978292755138
1,0.0,0.5,1.6816,33.3721099517092
1,0.0,0.5,1.6832,33.34640726251872
1,0.0,0.5,1.6848,33.320721204317934
1,0.0,0.5,1.6864000000000001,33.295051773455825
1,0.0,0.5,1.6880000000000002,33.269398966254876
1,0.0,0.5,1.6896,33.243762779011284
1,0.0,0.5,1.6912,33.21814320799505
1,0.0,0.5,1.6928,33.19254024945018
1,0.0,0.5,1.6944000000000001,33.16695389959484
1,0.0,0.5,1.6960000000000002,33.14138415462146
1,0.0,0.5,1.6976,33.115831010696965
1,0.0,0.5,1.6992,33.090294463962856
1,0.0,0.5,1.7008,33.06477451053539
1,0.0,0.5,1.7024000000000001,33.03927114650573
1,0.0,0.5,1.7040000000000002,33.01378436794009
1,0.0,0.5,1.7056,32.988314170879875
1,0.0,0.5,1.7072,32.96286055134184
1,0.0,0.5,1.7088,32.93742350531822
1,0.0,0.5,1.7104000000000001,32.91200302877689
1,0.0,0.5,1.7120000000000002,32.88659911766151
1,0.0,0.5,1.7136,32.86121176789166
1,0.0,0.5,1.7152,32.83584097536298
1,0.0,0.5,1.7168,32.81048673594731
1,0.0,0.5,1.7184000000000001,32.78514904549284
1,0.0,0.5,1.72,32.75982789982424
1,0.0,0.5,1.7216,32.734523294742836
1,0.0,0.5,1.7232,32.709235226026685
1,0.0,0.5,1.7248,32.683963689430755
1,0.0,0.5,1.7264000000000002,32.65870868068704
1,0.0,0.5,1.728,32.633470195504735
1,0.0,0.5,1.7296,32.608248229570314
1,0.0,0.5,1.7312,32.58304277854772
1,0.0,0.5,1.7328000000000001,32.557853838078444
1,0.0,0.5,1.7344000000000002,32.5326814037817
1,0.0,0.5,1.736,32.507525471254546
1,0.0,0.5,1.7376,32.482386036072
1,0.0,0.5,1.7392,32.457263093787205
1,0.0,0.5,1.7408000000000001,32.432156639931506
1,0.0,0.5,1.7424000000000002,32.40706667001462
1,0.0,0.5,1.744,32.38199317952476
1,0.0,0.5,1.7456,32.35693616392874
1,0.0,0.5,1.7472,32.331895618672135
1,0.0,0.5,1.7488000000000001,32.30687153917938
1,0.0,0.5,1.7504000000000002,32.2818639208539
1,0.0,0.5,1.752,32.256872759078234
1,0.0,0.5,1.7536,32.23189804921417
1,0.0,0.5,1.7552,32.206939786602874
1,0.0,0.5,1.7568000000000001,32.181997966564964
1,0.0,0.5,1.7584000000000002,32.1570725844007
1,0.0,0.5,1.76,32.13216363539005
1,0.0,0.5,1.7616,32.10727111479285
1,0.0,0.5,1.7632,32.082395017848896
1,0.0,0.5,1.7648000000000001,32.057535339778056
1,0.0,0.5,1.7664000000000002,32.03269207578042
1,0.0,0.5,1.768,32.007865221036404
1,0.0,0.5,1.7696,31.983054770706875
1,0.0,0.5,1.7712,31.958260719933225
1,0.0,0.5,1.7728000000000002,31.93348306383754
1,0.0,0.5,1.7744,31.908721797522684
1,0.0,0.5,1.776,31.88397691607243
1,0.0,0.5,1.7776,31.859248414551555
1,0.0,0.5,1.7792000000000001,31.834536288005964
1,0.0,0.5,1.7808000000000002,31.80984053146281
1,0.0,0.5,1.7824,31.78516113993059
1,0.0,0.5,1.784,31.760498108399258
1,0.0,0.5,1.7856,31.735851431840345
1,0.0,0.5,1.7872000000000001,31.71122110520707
1,0.0,0.5,1.7888000000000002,31.686607123434428
1,0.0,0.5,1.7904,31.662009481439323
1,0.0,0.5,1.792,31.637428174120657
1,0.0,0.5,1.7936,31.61286319635945
1,0.0,0.5,1.7952000000000001,31.588314543018942
1,0.0,0.5,1.7968000000000002,31.563782208944705
1,0.0,0.5,1.7984,31.539266188964724
1,0.0,0.5,1.8,31.51476647788954
1,0.0,0.5,1.8016,31.49028307051232
1,0.0,0.5,1.8032000000000001,31.46581596160898
1,0.0,0.5,1.8048000000000002,31.441365145938285
1,0.0,0.5,1.8064,31.416930618241942
1,0.0,0.5,1.808,31.392512373244717
1,0.0,0.5,1.8096,31.368110405654516
1,0.0,0.5,1.8112000000000001,31.34372471016251
1,0.0,0.5,1.8128000000000002,31.319355281443208
1,0.0,0.5,1.8144,31.295002114154585
1,0.0,0.5,1.816,31.270665202938158
1,0.0,0.5,1.8176,31.2463445424191
1,0.0,0.5,1.8192000000000002,31.22204012720632
1,0.0,0.5,1.8208000000000002,31.19775195189258
1,0.0,0.5,1.8224,31.173480011054586
1,0.0,0.5,1.824,31.149224299253074
1,0.0,0.5,1.8256000000000001,31.12498481103291
1,0.0,0.5,1.8272000000000002,31.100761540923187
1,0.0,0.5,1.8288,31.076554483437334
1,0.0,0.5,1.8304,31.052363633073178
1,0.0,0.5,1.832,31.02818898431307
1,0.0,0.5,1.8336000000000001,31.004030531623965
1,0.0,0.5,1.8352000000000002,30.979888269457497
1,0.0,0.5,1.8368,30.9557621922501
1,0.0,0.5,1.8384,30.931652294423078
1,0.0,0.5,1.84,30.907558570382722
1,0.0,0.5,1.8416000000000001,30.883481014520356
1,0.0,0.5,1.8432000000000002,30.859419621212474
1,0.0,0.5,1.8448,30.83537438482081
1,0.0,0.5,1.8464,30.8113452996924
1,0.0,0.5,1.848,30.78733236015973
1,0.0,0.5,1.8496000000000001,30.76333556054077
1,0.0,0.5,1.8512000000000002,30.73935489513908
1,0.0,0.5,1.8528,30.715390358243916
1,0.0,0.5,1.8544,30.69144194413028
1,0.0,0.5,1.856,30.667509647059028
1,0.0,0.5,1.8576000000000001,30.643593461276964
1,0.0,0.5,1.8592000000000002,30.6196933810169
1,0.0,0.5,1.8608,30.595809400497767
1,0.0,0.5,1.8624,30.571941513924667
1,0.0,0.5,1.864,30.54808971548899
1,0.0,0.5,1.8656000000000001,30.524253999368483
1,0.0,0.5,1.8672000000000002,30.500434359727322
1,0.0,0.5,1.8688,30.476630790716218
1,0.0,0.5,1.8704,30.45284328647246
1,0.0,0.5,1.872,30.42907184112006
1,0.0,0.5,1.8736000000000002,30.40531644876976
1,0.0,0.5,1.8752000000000002,30.381577103519156
1,0.0,0.5,1.8768,30.357853799452787
1,0.0,0.5,1.8784,30.334146530642187
1,0.0,0.5,1.8800000000000001,30.310455291145956
1,0.0,0.5,1.8816000000000002,30.286780075009883
1,0.0,0.5,1.8832,30.26312087626699
1,0.0,0.5,1.8848,30.23947768893761
1,0.0,0.5,1.8864,30.215850507029472
1,0.0,0.5,1.8880000000000001,30.19223932453779
1,0.0,0.5,1.8896000000000002,30.168644135445323
1,0.0,0.5,1.8912,30.145064933722445
1,0.0,0.5,1.8928,30.121501713327238
1,0.0,0.5,1.8944,30.09795446820557
1,0.0,0.5,1.8960000000000001,30.074423192291153
1,0.0,0.5,1.8976000000000002,30.050907879505615
1,0.0,0.5,1.8992,30.027408523758595
1,0.0,0.5,1.9008,30.003925118947805
1,0.0,0.5,1.9024,29.980457658959097
1,0.0,0.5,1.9040000000000001,29.95700613766655
1,0.0,0.5,1.9056000000000002,29.933570548932536
1,0.0,0.5,1.9072,29.910150886607777
1,0.0,0.5,1.9088,29.886747144531434
1,0.0,0.5,1.9104,29.86335931653119
1,0.0,0.5,1.9120000000000001,29.839987396423297
1,0.0,0.5,1.9136000000000002,29.81663137801265
1,0.0,0.5,1.9152,29.793291255092857
1,0.0,0.5,1.9168,29.769967021446334
1,0.0,0.5,1.9184,29.746658670844333
1,0.0,0.5,1.9200000000000002,29.723366197047042
1,0.0,0.5,1.9216000000000002,29.700089593803643
1,0.0,0.5,1.9232,29.67682885485238
1,0.0,0.5,1.9248,29.653583973920625
1,0.0,0.5,1.9264000000000001,29.630354944724953
1,0.0,0.5,1.9280000000000002,29.6071417609712
1,0.0,0.5,1.9296,29.58394441635453
1,0.0,0.5,1.9312,29.560762904559514
1,0.0,0.5,1.9328,29.537597219260185
1,0.0,0.5,1.9344000000000001,29.5144473541201
1,0.0,0.5,1.9360000000000002,29.491313302792417
1,0.0,0.5,1.9376,29.46819505891995
1,0.0,0.5,1.9392,29.445092616135245
1,0.0,0.5,1.9408,29.42200596806062
1,0.0,0.5,1.9424000000000001,29.39893510830826
1,0.0,0.5,1.9440000000000002,29.37588003048028
1,0.0,0.5,1.9456,29.352840728168733
1,0.0,0.5,1.9472,29.329817194955755
1,0.0,0.5,1.9488,29.30680942441357
1,0.0,0.5,1.9504000000000001,29.283817410104565
1,0.0,0.5,1.9520000000000002,29.260841145581363
1,0.0,0.5,1.9536,29.23788062438688
1,0.0,0.5,1.9552,29.214935840054373
1,0.0,0.5,1.9568,29.192006786107527
1,0.0,0.5,1.9584000000000001,29.169093456060484
1,0.0,0.5,1.9600000000000002,29.146195843417935
1,0.0,0.5,1.9616,29.123313941675146
1,0.0,0.5,1.9632,29.10044774431806
1,0.0,0.5,1.9648,29.07759724482331
1,0.0,0.5,1.9664000000000001,29.05476243665831
1,0.0,0.5,1.9680000000000002,29.03194331328131
1,0.0,0.5,1.9696,29.009139868141432
1,0.0,0.5,1.9712,28.98635209467876
1,0.0,0.5,1.9728,28.963579986324376
1,0.0,0.5,1.9744000000000002,28.940823536500417
1,0.0,0.5,1.9760000000000002,28.918082738620143
1,0.0,0.5,1.9776,28.895357586087997
1,0.0,0.5,1.9792,28.872648072299643
1,0.0,0.5,1.9808000000000001,28.849954190642045
1,0.0,0.5,1.9824000000000002,28.827275934493496
1,0.0,0.5,1.984,28.804613297223696
1,0.0,0.5,1.9856,28.7819662721938
1,0.0,0.5,1.9872,28.759334852756478
1,0.0,0.5,1.9888000000000001,28.73671903225595
1,0.0,0.5,1.9904000000000002,28.71411880402807
1,0.0,0.5,1.992,28.69153416140036
1,0.0,0.5,1.9936,28.66896509769207
1,0.0,0.5,1.9952,28.646411606214222
1,0.0,0.5,1.9968000000000001,28.623873680269682
1,0.0,0.5,1.9984000000000002,28.6013513131532
1,0.0,0.5,2.0,28.578844498151465
1,0.0,0.5,2.0016000000000003,28.556353228543163
1,0.0,0.5,2.0032,28.533877497599015
1,0.0,0.5,2.0048,28.511417298581847
1,0.0,0.5,2.0064,28.488972624746626
1,0.0,0.5,2.008,28.46654346934053
1,0.0,0.5,2.0096000000000003,28.44412982560297
1,0.0,0.5,2.0112,28.421731686765675
1,0.0,0.5,2.0128,28.399349046052713
1,0.0,0.5,2.0144,28.376981896680565
1,0.0,0.5,2.016,28.354630231858152
1,0.0,0.5,2.0176000000000003,28.332294044786913
1,0.0,0.5,2.0192,28.30997332866082
1,0.0,0.5,2.0208,28.287668076666463
1,0.0,0.5,2.0224,28.265378281983075
1,0.0,0.5,2.024,28.24310393778259
1,0.0,0.5,2.0256000000000003,28.220845037229676
1,0.0,0.5,2.0272,28.198601573481813
1,0.0,0.5,2.0288,28.176373539689315
1,0.0,0.5,2.0304,28.1541609289954
1,0.0,0.5,2.032,28.131963734536203
1,0.0,0.5,2.0336000000000003,28.109781949440865
1,0.0,0.5,2.0352,28.08761556683155
1,0.0,0.5,2.0368,28.0654645798235
1,0.0,0.5,2.0384,28.043328981525097
1,0.0,0.5,2.04,28.021208765037876
1,0.0,0.5,2.0416000000000003,27.99910392345661
1,0.0,0.5,2.0432,27.97701444986932
1,0.0,0.5,2.0448,27.954940337357343
1,0.0,0.5,2.0464,27.932881578995374
1,0.0,0.5,2.048,27.91083816785151
1,0.0,0.5,2.0496000000000003,27.888810096987292
1,0.0,0.5,2.0512,27.866797359457745
1,0.0,0.5,2.0528,27.844799948311433
1,0.0,0.5,2.0544000000000002,27.822817856590504
1,0.0,0.5,2.056,27.800851077330716
1,0.0,0.5,2.0576000000000003,27.778899603561506
1,0.0,0.5,2.0592,27.756963428306012
1,0.0,0.5,2.0608,27.73504254458113
1,0.0,0.5,2.0624000000000002,27.713136945397554
1,0.0,0.5,2.064,27.69124662375981
1,0.0,0.5,2.0656,27.669371572666314
1,0.0,0.5,2.0672,27.6475117851094
1,0.0,0.5,2.0688,27.625667254075378
1,0.0,0.5,2.0704000000000002,27.603837972544543
1,0.0,0.5,2.072,27.58202393349127
1,0.0,0.5,2.0736,27.560225129884014
1,0.0,0.5,2.0752,27.53844155468535
1,0.0,0.5,2.0768,27.516673200852043
1,0.0,0.5,2.0784000000000002,27.494920061335065
1,0.0,0.5,2.08,27.473182129079657
1,0.0,0.5,2.0816,27.45145939702534
1,0.0,0.5,2.0832,27.429751858105973
1,0.0,0.5,2.0848,27.408059505249806
1,0.0,0.5,2.0864000000000003,27.386382331379494
1,0.0,0.5,2.088,27.364720329412155
1,0.0,0.5,2.0896,27.343073492259393
1,0.0,0.5,2.0912,27.321441812827352
1,0.0,0.5,2.0928,27.29982528401676
1,0.0,0.5,2.0944000000000003,27.278223898722946
1,0.0,0.5,2.096,27.25663764983589
1,0.0,0.5,2.0976,27.235066530240275
1,0.0,0.5,2.0992,27.213510532815498
1,0.0,0.5,2.1008,27.19196965043573
1,0.0,0.5,2.1024000000000003,27.170443875969962
1,0.0,0.5,2.104,27.14893320228199
1,0.0,0.5,2.1056,27.127437622230527
1,0.0,0.5,2.1072,27.105957128669186
1,0.0,0.5,2.1088,27.084491714446536
1,0.0,0.5,2.1104000000000003,27.063041372406133
1,0.0,0.5,2.112,27.041606095386577
1,0.0,0.5,2.1136,27.020185876221518
1,0.0,0.5,2.1152,26.998780707739716
1,0.0,0.5,2.1168,26.977390582765064
1,0.0,0.5,2.1184000000000003,26.95601549411663
1,0.0,0.5,2.12,26.934655434608704
1,0.0,0.5,2.1216,26.913310397050797
1,0.0,0.5,2.1232,26.891980374247723
1,0.0,0.5,2.1248,26.870665358999595
1,0.0,0.5,2.1264000000000003,26.849365344101894
1,0.0,0.5,2.128,26.828080322345475
1,0.0,0.5,2.1296,26.806810286516626
1,0.0,0.5,2.1312,26.785555229397072
1,0.0,0.5,2.1328,26.764315143764055
1,0.0,0.5,2.1344000000000003,26.743090022390316
1,0.0,0.5,2.136,26.721879858044176
1,0.0,0.5,2.1376,26.700684643489538
1,0.0,0.5,2.1392,26.67950437148593
1,0.0,0.5,2.1408,26.65833903478855
1,0.0,0.5,2.1424000000000003,26.637188626148284
1,0.0,0.5,2.144,26.61605313831174
1,0.0,0.5,2.1456,26.5949325640213
1,0.0,0.5,2.1472,26.573826896015124
1,0.0,0.5,2.1488,26.552736127027217
1,0.0,0.5,2.1504000000000003,26.531660249787425
1,0.0,0.5,2.152,26.510599257021493
1,0.0,0.5,2.1536,26.489553141451086
1,0.0,0.5,2.1552000000000002,26.46852189579384
1,0.0,0.5,2.1568,26.447505512763357
1,0.0,0.5,2.1584000000000003,26.426503985069274
1,0.0,0.5,2.16,26.405517305417277
1,0.0,0.5,2.1616,26.384545466509127
1,0.0,0.5,2.1632000000000002,26.363588461042717
1,0.0,0.5,2.1648,26.342646281712067
1,0.0,0.5,2.1664000000000003,26.32171892120738
1,0.0,0.5,2.168,26.300806372215078
1,0.0,0.5,2.1696,26.279908627417807
1,0.0,0.5,2.1712000000000002,26.25902567949449
1,0.0,0.5,2.1728,26.23815752112034
1,0.0,0.5,2.1744,26.21730414496691
1,0.0,0.5,2.176,26.19646554370212
1,0.0,0.5,2.1776,26.175641709990266
1,0.0,0.5,2.1792000000000002,26.15483263649207
1,0.0,0.5,2.1808,26.13403831586471
1,0.0,0.5,2.1824,26.11325874076184
1,0.0,0.5,2.184,26.09249390383361
1,0.0,0.5,2.1856,26.071743797726725
1,0.0,0.5,2.1872000000000003,26.051008415084457
1,0.0,0.5,2.1888,26.030287748546666
1,0.0,0.5,2.1904,26.00958179074984
1,0.0,0.5,2.192,25.988890534327137
1,0.0,0.5,2.1936,25.96821397190837
1,0.0,0.5,2.1952000000000003,25.947552096120084
1,0.0,0.5,2.1968,25.92690489958556
1,0.0,0.5,2.1984,25.90627237492484
1,0.0,0.5,2.2,25.88565451475478
1,0.0,0.5,2.2016,25.86505131168904
1,0.0,0.5,2.2032000000000003,25.844462758338143
1,0.0,0.5,2.2048,25.823888847309487
1,0.0,0.5,2.2064,25.803329571207378
1,0.0,0.5,2.208,25.782784922633056
1,0.0,0.5,2.2096,25.762254894184736
1,0.0,0.5,2.2112000000000003,25.7417394784576
1,0.0,0.5,2.2128,25.721238668043863
1,0.0,0.5,2.2144,25.700752455532776
1,0.0,0.5,2.216,25.680280833510658
1,0.0,0.5,2.2176,25.659823794560932
1,0.0,0.5,2.2192000000000003,25.639381331264143
1,0.0,0.5,2.2208,25.618953436197973
1,0.0,0.5,2.2224,25.598540101937292
1,0.0,0.5,2.224,25.578141321054172
1,0.0,0.5,2.2256,25.557757086117906
1,0.0,0.5,2.2272000000000003,25.53738738969504
1,0.0,0.5,2.2288,25.517032224349407
1,0.0,0.5,2.2304,25.49669158264214
1,0.0,0.5,2.232,25.476365457131703
1,0.0,0.5,2.2336,25.45605384037392
1,0.0,0.5,2.2352000000000003,25.435756724921987
1,0.0,0.5,2.2368,25.415474103326517
1,0.0,0.5,2.2384,25.395205968135553
1,0.0,0.5,2.24,25.374952311894578
1,0.0,0.5,2.2416,25.354713127146578
1,0.0,0.5,2.2432000000000003,25.334488406432033
1,0.0,0.5,2.2448,25.314278142288963
1,0.0,0.5,2.2464,25.294082327252934
1,0.0,0.5,2.248,25.273900953857087
1,0.0,0.5,2.2496,25.253734014632172
1,0.0,0.5,2.2512000000000003,25.233581502106578
1,0.0,0.5,2.2528,25.213443408806324
1,0.0,0.5,2.2544,25.19331972725512
1,0.0,0.5,2.2560000000000002,25.173210449974366
1,0.0,0.5,2.2576,25.153115569483198
1,0.0,0.5,2.2592000000000003,25.133035078298484
1,0.0,0.5,2.2608,25.11296896893487
1,0.0,0.5,2.2624,25.09291723390479
1,0.0,0.5,2.2640000000000002,25.072879865718495
1,0.0,0.5,2.2656,25.052856856884084
1,0.0,0.5,2.2672000000000003,25.032848199907505
1,0.0,0.5,2.2688,25.012853887292604
1,0.0,0.5,2.2704,24.992873911541125
1,0.0,0.5,2.2720000000000002,24.972908265152753
1,0.0,0.5,2.2736,24.95295694062512
1,0.0,0.5,2.2752,24.933019930453828
1,0.0,0.5,2.2768,24.913097227132486
1,0.0,0.5,2.2784,24.893188823152727
1,0.0,0.5,2.2800000000000002,24.873294711004217
1,0.0,0.5,2.2816,24.853414883174697
1,0.0,0.5,2.2832,24.833549332149982
1,0.0,0.5,2.2848,24.813698050414004
1,0.0,0.5,2.2864,24.793861030448824
1,0.0,0.5,2.2880000000000003,24.774038264734653
1,0.0,0.5,2.2896,24.754229745749885
1,0.0,0.5,2.2912,24.734435465971096
1,0.0,0.5,2.2928,24.714655417873082
1,0.0,0.5,2.2944,24.69488959392888
1,0.0,0.5,2.2960000000000003,24.675137986609784
1,0.0,0.5,2.2976,24.65540058838537
1,0.0,0.5,2.2992,24.635677391723508
1,0.0,0.5,2.3008,24.615968389090398
1,0.0,0.5,2.3024,24.59627357295058
1,0.0,0.5,2.3040000000000003,24.57659293576695
1,0.0,0.5,2.3056,24.5569264700008
1,0.0,0.5,2.3072,24.537274168111814
1,0.0,0.5,2.3088,24.51763602255811
1,0.0,0.5,2.3104,24.498012025796253
1,0.0,0.5,2.3120000000000003,24.478402170281253
1,0.0,0.5,2.3136,24.458806448466632
1,0.0,0.5,2.3152,24.439224852804397
1,0.0,0.5,2.3168,24.41965737574509
1,0.0,0.5,2.3184,24.4001040097378
1,0.0,0.5,2.3200000000000003,24.380564747230167
1,0.0,0.5,2.3216,24.361039580668432
1,0.0,0.5,2.3232,24.341528502497432
1,0.0,0.5,2.3248,24.322031505160627
1,0.0,0.5,2.3264,24.302548581100126
1,0.0,0.5,2.3280000000000003,24.28307972275669
1,0.0,0.5,2.3296,24.26362492256977
1,0.0,0.5,2.3312,24.244184172977512
1,0.0,0.5,2.3328,24.224757466416783
1,0.0,0.5,2.3344,24.20534479532319
1,0.0,0.5,2.3360000000000003,24.185946152131095
1,0.0,0.5,2.3376,24.16656152927364
1,0.0,0.5,2.3392,24.14719091918276
1,0.0,0.5,2.3408,24.1278343142892
1,0.0,0.5,2.3424,24.10849170702254
1,0.0,0.5,2.3440000000000003,24.08916308981122
1,0.0,0.5,2.3456,24.069848455082532
1,0.0,0.5,2.3472,24.05054779526266
1,0.0,0.5,2.3488,24.031261102776696
1,0.0,0.5,2.3504,24.01198837004866
1,0.0,0.5,2.3520000000000003,23.992729589501504
1,0.0,0.5,2.3536,23.97348475355715
1,0.0,0.5,2.3552,23.95425385463648
1,0.0,0.5,2.3568000000000002,23.935036885159395
1,0.0,0.5,2.3584,23.915833837544792
1,0.0,0.5,2.3600000000000003,23.896644704210598
1,0.0,0.5,2.3616,23.877469477573793
1,0.0,0.5,2.3632,23.85830815005043
1,0.0,0.5,2.3648000000000002,23.839160714055634
1,0.0,0.5,2.3664,23.82002716200363
1,0.0,0.5,2.3680000000000003,23.800907486307764
1,0.0,0.5,2.3696,23.781801679380518
1,0.0,0.5,2.3712,23.762709733633525
1,0.0,0.5,2.3728000000000002,23.743631641477585
1,0.0,0.5,2.3744,23.724567395322683
1,0.0,0.5,2.3760000000000003,23.705516987578015
1,0.0,0.5,2.3776,23.68648041065198
1,0.0,0.5,2.3792,23.667457656952227
1,0.0,0.5,2.3808000000000002,23.64844871888565
1,0.0,0.5,2.3824,23.629453588858418
1,0.0,0.5,2.384,23.610472259275983
1,0.0,0.5,2.3856,23.591504722543103
1,0.0,0.5,2.3872,23.57255097106384
1,0.0,0.5,2.3888000000000003,23.553610997241616
1,0.0,0.5,2.3904,23.534684793479176
1,0.0,0.5,2.392,23.515772352178665
1,0.0,0.5,2.3936,23.49687366574157
1,0.0,0.5,2.3952,23.477988726568817
1,0.0,0.5,2.3968000000000003,23.45911752706072
1,0.0,0.5,2.3984,23.440260059617035
1,0.0,0.5,2.4,23.421416316636964
1,0.0,0.5,2.4016,23.40258629051917
1,0.0,0.5,2.4032,23.3837699736618
1,0.0,0.5,2.4048000000000003,23.364967358462483
1,0.0,0.5,2.4064,23.346178437318365
1,0.0,0.5,2.408,23.32740320262612
1,0.0,0.5,2.4096,23.308641646781957
1,0.0,0.5,2.4112,23.289893762181634
1,0.0,0.5,2.4128000000000003,23.271159541220495
1,0.0,0.5,2.4144,23.252438976293455
1,0.0,0.5,2.416,23.23373205979504
1,0.0,0.5,2.4176,23.215038784119393
1,0.0,0.5,2.4192,23.196359141660274
1,0.0,0.5,2.4208000000000003,23.1776931248111
1,0.0,0.5,2.4224,23.159040725964946
1,0.0,0.5,2.424,23.140401937514568
1,0.0,0.5,2.4256,23.1217767518524
1,0.0,0.5,2.4272,23.103165161370594
1,0.0,0.5,2.4288000000000003,23.084567158461006
1,0.0,0.5,2.4304,23.06598273551524
1,0.0,0.5,2.432,23.04741188492465
1,0.0,0.5,2.4336,23.028854599080336
1,0.0,0.5,2.4352,23.010310870373193
1,0.0,0.5,2.4368000000000003,22.991780691193895
1,0.0,0.5,2.4384,22.973264053932926
1,0.0,0.5,2.44,22.95476095098059
1,0.0,0.5,2.4416,22.936271374727024
1,0.0,0.5,2.4432,22.917795317562216
1,0.0,0.5,2.4448000000000003,22.89933277187601
1,0.0,0.5,2.4464,22.880883730058134
1,0.0,0.5,2.448,22.862448184498195
1,0.0,0.5,2.4496,22.844026127585707
1,0.0,0.5,2.4512,22.82561755171011
1,0.0,0.5,2.4528000000000003,22.807222449260763
1,0.0,0.5,2.4544,22.788840812626976
1,0.0,0.5,2.456,22.770472634198015
1,0.0,0.5,2.4576000000000002,22.752117906363118
1,0.0,0.5,2.4592,22.73377662151151
1,0.0,0.5,2.4608000000000003,22.715448772032403
1,0.0,0.5,2.4624,22.697134350315036
1,0.0,0.5,2.464,22.678833348748665
1,0.0,0.5,2.4656000000000002,22.660545759722588
1,0.0,0.5,2.4672,22.64227157562614
1,0.0,0.5,2.4688000000000003,22.624010788848743
1,0.0,0.5,2.4704,22.60576339177988
1,0.0,0.5,2.472,22.587529376809137
1,0.0,0.5,2.4736000000000002,22.56930873632618
1,0.0,0.5,2.4752,22.551101462720823
1,0.0,0.5,2.4768000000000003,22.53290754838298
1,0.0,0.5,2.4784,22.514726985702726
1,0.0,0.5,2.48,22.49655976707028
1,0.0,0.5,2.4816000000000003,22.47840588487604
1,0.0,0.5,2.4832,22.460265331510563
1,0.0,0.5,2.4848,22.44213809936462
1,0.0,0.5,2.4864,22.424024180829175
1,0.0,0.5,2.488,22.405923568295414
1,0.0,0.5,2.4896000000000003,22.38783625415475
1,0.0,0.5,2.4912,22.369762230798838
1,0.0,0.5,2.4928,22.35170149061958
1,0.0,0.5,2.4944,22.333654026009164
1,0.0,0.5,2.496,22.315619829360035
1,0.0,0.5,2.4976000000000003,22.297598893064947
1,0.0,0.5,2.4992,22.27959120951694
1,0.0,0.5,2.5008,22.26159677110938
1,0.0,0.5,2.5024,22.243615570235963
1,0.0,0.5,2.504,22.225647599290717
1,0.0,0.5,2.5056000000000003,22.207692850668014
1,0.0,0.5,2.5072,22.1897513167626
1,0.0,0.5,2.5088,22.17182298996959
1,0.0,0.5,2.5104,22.153907862684488
1,0.0,0.5,2.512,22.1360059273032
1,0.0,0.5,2.5136000000000003,22.118117176222025
1,0.0,0.5,2.5152,22.100241601837702
1,0.0,0.5,2.5168,22.08237919654739
1,0.0,0.5,2.5184,22.0645299527487
1,0.0,0.5,2.52,22.04669386283969
1,0.0,0.5,2.5216000000000003,22.028870919218885
1,0.0,0.5,2.5232,22.0110611142853
1,0.0,0.5,2.5248,21.993264440438434
1,0.0,0.5,2.5264,21.97548089007828
1,0.0,0.5,2.528,21.957710455605348
1,0.0,0.5,2.5296000000000003,21.93995312942067
1,0.0,0.5,2.5312,21.92220890392581
1,0.0,0.5,2.5328,21.904477771522888
1,0.0,0.5,2.5344,21.886759724614564
1,0.0,0.5,2.536,21.86905475560408
1,0.0,0.5,2.5376000000000003,21.85136285689525
1,0.0,0.5,2.5392,21.83368402089247
1,0.0,0.5,2.5408,21.816018240000748
1,0.0,0.5,2.5424,21.7983655066257
1,0.0,0.5,2.544,21.780725813173554
1,0.0,0.5,2.5456000000000003,21.76309915205118
1,0.0,0.5,2.5472,21.745485515666083
1,0.0,0.5,2.5488,21.727884896426435
1,0.0,0.5,2.5504000000000002,21.71029728674106
1,0.0,0.5,2.552,21.692722679019457
1,0.0,0.5,2.5536000000000003,21.675161065671816
1,0.0,0.5,2.5552,21.657612439109016
1,0.0,0.5,2.5568,21.640076791742644
1,0.0,0.5,2.5584000000000002,21.622554115985007
1,0.0,0.5,2.56,21.60504440424914
1,0.0,0.5,2.5616000000000003,21.587547648948803
1,0.0,0.5,2.5632,21.570063842498516
1,0.0,0.5,2.5648,21.552592977313548
1,0.0,0.5,2.5664000000000002,21.535135045809945
1,0.0,0.5,2.568,21.517690040404513
1,0.0,0.5,2.5696000000000003,21.500257953514858
1,0.0,0.5,2.5712,21.482838777559383
1,0.0,0.5,2.5728,21.465432504957302
1,0.0,0.5,2.5744000000000002,21.44803912812864
1,0.0,0.5,2.576,21.43065863949425
1,0.0,0.5,2.5776000000000003,21.413291031475822
1,0.0,0.5,2.5792,21.3959362964959
1,0.0,0.5,2.5808,21.378594426977877
1,0.0,0.5,2.5824000000000003,21.36126541534601
1,0.0,0.5,2.584,21.343949254025443
1,0.0,0.5,2.5856000000000003,21.326645935442198
1,0.0,0.5,2.5872,21.309355452023194
1,0.0,0.5,2.5888,21.292077796196256
1,0.0,0.5,2.5904000000000003,21.27481296039013
1,0.0,0.5,2.592,21.25756093703447
1,0.0,0.5,2.5936,21.240321718559876
1,0.0,0.5,2.5952,21.22309529739789
1,0.0,0.5,2.5968,21.205881665981007
1,0.0,0.5,2.5984000000000003,21.18868081674268
1,0.0,0.5,2.6,21.171492742117337
1,0.0,0.5,2.6016,21.15431743454038
1,0.0,0.5,2.6032,21.13715488644821
1,0.0,0.5,2.6048,21.120005090278223
1,0.0,0.5,2.6064000000000003,21.102868038468813
1,0.0,0.5,2.608,21.085743723459412
1,0.0,0.5,2.6096,21.068632137690457
1,0.0,0.5,2.6112,21.051533273603436
1,0.0,0.5,2.6128,21.034447123640874
1,0.0,0.5,2.6144000000000003,21.017373680246344
1,0.0,0.5,2.616,21.0003129358645
1,0.0,0.5,2.6176,20.98326488294104
1,0.0,0.5,2.6192,20.96622951392277
1,0.0,0.5,2.6208,20.94920682125756
1,0.0,0.5,2.6224000000000003,20.932196797394408
1,0.0,0.5,2.624,20.915199434783382
1,0.0,0.5,2.6256,20.89821472587569
1,0.0,0.5,2.6272,20.881242663123654
1,0.0,0.5,2.6288,20.864283238980732
1,0.0,0.5,2.6304000000000003,20.847336445901526
1,0.0,0.5,2.632,20.83040227634178
1,0.0,0.5,2.6336,20.813480722758403
1,0.0,0.5,2.6352,20.79657177760947
1,0.0,0.5,2.6368,20.779675433354225
1,0.0,0.5,2.6384000000000003,20.76279168245311
1,0.0,0.5,2.64,20.74592051736774
1,0.0,0.5,2.6416,20.729061930560942
1,0.0,0.5,2.6432,20.71221591449676
1,0.0,0.5,2.6448,20.695382461640435
1,0.0,0.5,2.6464000000000003,20.678561564458448
1,0.0,0.5,2.648,20.661753215418514
1,0.0,0.5,2.6496,20.64495740698958
1,0.0,0.5,2.6512000000000002,20.62817413164185
1,0.0,0.5,2.6528,20.611403381846788
1,0.0,0.5,2.6544000000000003,20.594645150077124
1,0.0,0.5,2.656,20.57789942880686
1,0.0,0.5,2.6576,20.56116621051128
1,0.0,0.5,2.6592000000000002,20.544445487666962
1,0.0,0.5,2.6608,20.527737252751784
1,0.0,0.5,2.6624000000000003,20.511041498244918
1,0.0,0.5,2.664,20.494358216626868
1,0.0,0.5,2.6656,20.47768740037946
1,0.0,0.5,2.6672000000000002,20.461029041985828
1,0.0,0.5,2.6688,20.44438313393047
1,0.0,0.5,2.6704000000000003,20.42774966869921
1,0.0,0.5,2.672,20.411128638779243
1,0.0,0.5,2.6736,20.39452003665912
1,0.0,0.5,2.6752000000000002,20.377923854828754
1,0.0,0.5,2.6768,20.361340085779442
1,0.0,0.5,2.6784000000000003,20.344768722003867
1,0.0,0.5,2.68,20.3282097559961
1,0.0,0.5,2.6816,20.311663180251607
1,0.0,0.5,2.6832000000000003,20.295128987267276
1,0.0,0.5,2.6848,20.27860716954139
1,0.0,0.5,2.6864000000000003,20.26209771957368
1,0.0,0.5,2.688,20.24560062986529
1,0.0,0.5,2.6896,20.229115892918795
1,0.0,0.5,2.6912000000000003,20.21264350123823
1,0.0,0.5,2.6928,20.196183447329076
1,0.0,0.5,2.6944000000000004,20.179735723698276
1,0.0,0.5,2.696,20.163300322854234
1,0.0,0.5,2.6976,20.14687723730684
1,0.0,0.5,2.6992000000000003,20.130466459567447
1,0.0,0.5,2.7008,20.11406798214891
1,0.0,0.5,2.7024,20.09768179756558
1,0.0,0.5,2.704,20.08130789833331
1,0.0,0.5,2.7056,20.06494627696946
1,0.0,0.5,2.7072000000000003,20.048596925992907
1,0.0,0.5,2.7088,20.03225983792406
1,0.0,0.5,2.7104,20.015935005284845
1,0.0,0.5,2.712,19.999622420598744
1,0.0,0.5,2.7136,19.983322076390774
1,0.0,0.5,2.7152000000000003,19.967033965187508
1,0.0,0.5,2.7168,19.95075807951708
1,0.0,0.5,2.7184,19.934494411909185
1,0.0,0.5,2.72,19.9182429548951
1,0.0,0.5,2.7216,19.90200370100767
1,0.0,0.5,2.7232000000000003,19.88577664278134
1,0.0,0.5,2.7248,19.86956177275215
1,0.0,0.5,2.7264,19.853359083457722
1,0.0,0.5,2.728,19.83716856743731
1,0.0,0.5,2.7296,19.820990217231763
1,0.0,0.5,2.7312000000000003,19.804824025383564
1,0.0,0.5,2.7328,19.78866998443682
1,0.0,0.5,2.7344,19.77252808693727
1,0.0,0.5,2.736,19.756398325432297
1,0.0,0.5,2.7376,19.74028069247093
1,0.0,0.5,2.7392000000000003,19.72417518060385
1,0.0,0.5,2.7408,19.708081782383413
1,0.0,0.5,2.7424,19.692000490363625
1,0.0,0.5,2.744,19.67593129710017
1,0.0,0.5,2.7456,19.659874195150422
1,0.0,0.5,2.7472000000000003,19.64382917707343
1,0.0,0.5,2.7488,19.627796235429948
1,0.0,0.5,2.7504,19.61177536278242
1,0.0,0.5,2.7520000000000002,19.595766551695004
1,0.0,0.5,2.7536,19.57976979473356
1,0.0,0.5,2.7552000000000003,19.563785084465685
1,0.0,0.5,2.7568,19.54781241346068
1,0.0,0.5,2.7584,19.531851774289596
1,0.0,0.5,2.7600000000000002,19.51590315952521
1,0.0,0.5,2.7616,19.49996656174205
1,0.0,0.5,2.7632000000000003,19.484041973516394
1,0.0,0.5,2.7648,19.46812938742627
1,0.0,0.5,2.7664,19.452228796051475
1,0.0,0.5,2.7680000000000002,19.436340191973574
1,0.0,0.5,2.7696,19.420463567775908
1,0.0,0.5,2.7712000000000003,19.404598916043597
1,0.0,0.5,2.7728,19.38874622936354
1,0.0,0.5,2.7744,19.372905500324453
1,0.0,0.5,2.7760000000000002,19.35707672151683
1,0.0,0.5,2.7776,19.341259885532978
1,0.0,0.5,2.7792000000000003,19.325454984967013
1,0.0,0.5,2.7808,19.309662012414872
1,0.0,0.5,2.7824,19.29388096047431
1,0.0,0.5,2.7840000000000003,19.278111821744922
1,0.0,0.5,2.7856,19.262354588828128
1,0.0,0.5,2.7872000000000003,19.246609254327183
1,0.0,0.5,2.7888,19.230875810847202
1,0.0,0.5,2.7904,19.215154250995152
1,0.0,0.5,2.7920000000000003,19.199444567379853
1,0.0,0.5,2.7936,19.183746752611995
1,0.0,0.5,2.7952000000000004,19.168060799304133
1,0.0,0.5,2.7968,19.15238670007069
1,0.0,0.5,2.7984,19.136724447527993
1,0.0,0.5,2.8000000000000003,19.12107403429423
1,0.0,0.5,2.8016,19.105435452989507
1,0.0,0.5,2.8032,19.089808696235803
1,0.0,0.5,2.8048,19.074193756657024
1,0.0,0.5,2.8064,19.058590626878978
1,0.0,0.5,2.8080000000000003,19.042999299529377
1,0.0,0.5,2.8096,19.027419767237877
1,0.0,0.5,2.8112,19.01185202263604
1,0.0,0.5,2.8128,18.996296058357366
1,0.0,0.5,2.8144,18.98075186703729
1,0.0,0.5,2.8160000000000003,18.965219441313206
1,0.0,0.5,2.8176,18.949698773824434
1,0.0,0.5,2.8192,18.934189857212264
1,0.0,0.5,2.8208,18.91869268411994
1,0.0,0.5,2.8224,18.903207247192665
1,0.0,0.5,2.8240000000000003,18.887733539077622
1,0.0,0.5,2.8256,18.872271552423967
1,0.0,0.5,2.8272,18.856821279882837
1,0.0,0.5,2.8288,18.841382714107343
1,0.0,0.5,2.8304,18.825955847752606
1,0.0,0.5,2.8320000000000003,18.81054067347574
1,0.0,0.5,2.8336,18.79513718393584
1,0.0,0.5,2.8352,18.77974537179404
1,0.0,0.5,2.8368,18.764365229713466
1,0.0,0.5,2.8384,18.748996750359275
1,0.0,0.5,2.8400000000000003,18.733639926398627
1,0.0,0.5,2.8416,18.718294750500725
1,0.0,0.5,2.8432,18.702961215336806
1,0.0,0.5,2.8448,18.687639313580142
1,0.0,0.5,2.8464,18.672329037906042
1,0.0,0.5,2.8480000000000003,18.657030380991877
1,0.0,0.5,2.8496,18.64174333551706
1,0.0,0.5,2.8512,18.62646789416307
1,0.0,0.5,2.8528000000000002,18.611204049613434
1,0.0,0.5,2.8544,18.595951794553773
1,0.0,0.5,2.8560000000000003,18.580711121671765
1,0.0,0.5,2.8576,18.565482023657168
1,0.0,0.5,2.8592,18.550264493201823
1,0.0,0.5,2.8608000000000002,18.535058522999666
1,0.0,0.5,2.8624,18.519864105746723
1,0.0,0.5,2.8640000000000003,18.504681234141117
1,0.0,0.5,2.8656,18.489509900883068
1,0.0,0.5,2.8672,18.474350098674915
1,0.0,0.5,2.8688000000000002,18.459201820221107
1,0.0,0.5,2.8704,18.444065058228205
1,0.0,0.5,2.8720000000000003,18.428939805404898
1,0.0,0.5,2.8736,18.413826054462003
1,0.0,0.5,2.8752,18.39872379811246
1,0.0,0.5,2.8768000000000002,18.38363302907136
1,0.0,0.5,2.8784,18.368553740055923
1,0.0,0.5,2.8800000000000003,18.353485923785524
1,0.0,0.5,2.8816,18.338429572981678
1,0.0,0.5,2.8832,18.323384680368065
1,0.0,0.5,2.8848000000000003,18.30835123867053
1,0.0,0.5,2.8864,18.29332924061706
1,0.0,0.5,2.8880000000000003,18.278318678937836
1,0.0,0.5,2.8896,18.263319546365206
1,0.0,0.5,2.8912,18.248331835633685
1,0.0,0.5,2.8928000000000003,18.23335553947999
1,0.0,0.5,2.8944,18.21839065064301
1,0.0,0.5,2.8960000000000004,18.20343716186383
1,0.0,0.5,2.8976,18.188495065885743
1,0.0,0.5,2.8992,18.173564355454225
1,0.0,0.5,2.9008000000000003,18.15864502331697
1,0.0,0.5,2.9024,18.143737062223884
1,0.0,0.5,2.9040000000000004,18.128840464927084
1,0.0,0.5,2.9056,18.1139552241809
1,0.0,0.5,2.9072,18.09908133274189
1,0.0,0.5,2.9088000000000003,18.08421878336884
1,0.0,0.5,2.9104,18.06936756882277
1,0.0,0.5,2.912,18.054527681866936
1,0.0,0.5,2.9136,18.03969911526684
1,0.0,0.5,2.9152,18.024881861790213
1,0.0,0.5,2.9168000000000003,18.010075914207054
1,0.0,0.5,2.9184,17.995281265289606
1,0.0,0.5,2.92,17.980497907812374
1,0.0,0.5,2.9216,17.965725834552124
1,0.0,0.5,2.9232,17.95096503828789
1,0.0,0.5,2.9248000000000003,17.93621551180097
1,0.0,0.5,2.9264,17.92147724787495
1,0.0,0.5,2.928,17.906750239295683
1,0.0,0.5,2.9296,17.89203447885132
1,0.0,0.5,2.9312,17.877329959332275
1,0.0,0.5,2.9328000000000003,17.862636673531284
1,0.0,0.5,2.9344,17.847954614243353
1,0.0,0.5,2.936,17.83328377426581
1,0.0,0.5,2.9376,17.81862414639827
1,0.0,0.5,2.9392,17.80397572344267
1,0.0,0.5,2.9408000000000003,17.78933849820325
1,0.0,0.5,2.9424,17.774712463486566
1,0.0,0.5,2.944,17.7600976121015
1,0.0,0.5,2.9456,17.745493936859255
1,0.0,0.5,2.9472,17.73090143057337
1,0.0,0.5,2.9488000000000003,17.716320086059707
1,0.0,0.5,2.9504,17.701749896136466
1,0.0,0.5,2.952,17.687190853624188
1,0.0,0.5,2.9536000000000002,17.672642951345765
1,0.0,0.5,2.9552,17.658106182126428
1,0.0,0.5,2.9568000000000003,17.643580538793763
1,0.0,0.5,2.9584,17.62906601417772
1,0.0,0.5,2.96,17.614562601110602
1,0.0,0.5,2.9616000000000002,17.60007029242708
1,0.0,0.5,2.9632,17.585589080964176
1,0.0,0.5,2.9648000000000003,17.571118959561307
1,0.0,0.5,2.9664,17.55665992106026
1,0.0,0.5,2.968,17.542211958305188
1,0.0,0.5,2.9696000000000002,17.527775064142645
1,0.0,0.5,2.9712,17.51334923142156
1,0.0,0.5,2.9728000000000003,17.498934452993254
1,0.0,0.5,2.9744,17.484530721711447
1,0.0,0.5,2.976,17.470138030432256
1,0.0,0.5,2.9776000000000002,17.455756372014196
1,0.0,0.5,2.9792,17.441385739318193
1,0.0,0.5,2.9808000000000003,17.42702612520758
1,0.0,0.5,2.9824,17.412677522548098
1,0.0,0.5,2.984,17.398339924207917
1,0.0,0.5,2.9856000000000003,17.384013323057612
1,0.0,0.5,2.9872,17.369697711970197
1,0.0,0.5,2.9888000000000003,17.355393083821102
1,0.0,0.5,2.9904,17.341099431488196
1,0.0,0.5,2.992,17.32681674785178
1,0.0,0.5,2.9936000000000003,17.31254502579459
1,0.0,0.5,2.9952,17.298284258201807
1,0.0,0.5,2.9968000000000004,17.284034437961065
1,0.0,0.5,2.9984,17.269795557962432
1,0.0,0.5,3.0,17.255567611098442
1,0.0,0.5,3.0016000000000003,17.24135059026408
1,0.0,0.5,3.0032,17.22714448835679
1,0.0,0.5,3.0048000000000004,17.21294929827647
1,0.0,0.5,3.0064,17.198765012925513
1,0.0,0.5,3.008,17.184591625208753
1,0.0,0.5,3.0096000000000003,17.170429128033515
1,0.0,0.5,3.0112,17.15627751430959
1,0.0,0.5,3.0128,17.142136776949254
1,0.0,0.5,3.0144,17.128006908867263
1,0.0,0.5,3.016,17.11388790298087
1,0.0,0.5,3.0176000000000003,17.09977975220981
1,0.0,0.5,3.0192,17.085682449476312
1,0.0,0.5,3.0208,17.07159598770512
1,0.0,0.5,3.0224,17.057520359823453
1,0.0,0.5,3.024,17.043455558761046
1,0.0,0.5,3.0256000000000003,17.029401577450137
1,0.0,0.5,3.0272,17.015358408825488
1,0.0,0.5,3.0288,17.001326045824364
1,0.0,0.5,3.0304,16.98730448138654
1,0.0,0.5,3.032,16.973293708454328
1,0.0,0.5,3.0336000000000003,16.959293719972553
1,0.0,0.5,3.0352,16.945304508888572
1,0.0,0.5,3.0368,16.931326068152277
1,0.0,0.5,3.0384,16.917358390716082
1,0.0,0.5,3.04,16.903401469534938
1,0.0,0.5,3.0416000000000003,16.88945529756635
1,0.0,0.5,3.0432,16.875519867770354
1,0.0,0.5,3.0448,16.86159517310954
1,0.0,0.5,3.0464,16.847681206549034
1,0.0,0.5,3.048,16.833777961056526
1,0.0,0.5,3.0496000000000003,16.81988542960227
1,0.0,0.5,3.0512,16.806003605159056
1,0.0,0.5,3.0528,16.792132480702257
1,0.0,0.5,3.0544000000000002,16.778272049209793
1,0.0,0.5,3.056,16.764422303662176
1,0.0,0.5,3.0576000000000003,16.750583237042463
1,0.0,0.5,3.0592,16.736754842336296
1,0.0,0.5,3.0608,16.722937112531902
1,0.0,0.5,3.0624000000000002,16.70913004062008
1,0.0,0.5,3.064,16.695333619594226
1,0.0,0.5,3.0656000000000003,16.681547842450293
1,0.0,0.5,3.0672,16.667772702186852
1,0.0,0.5,3.0688,16.654008191805055
1,0.0,0.5,3.0704000000000002,16.640254304308645
1,0.0,0.5,3.072,16.62651103270397
1,0.0,0.5,3.0736000000000003,16.612778369999983
1,0.0,0.5,3.0752,16.599056309208233
1,0.0,0.5,3.0768,16.58534484334288
1,0.0,0.5,3.0784000000000002,16.571643965420694
1,0.0,0.5,3.08,16.557953668461053
1,0.0,0.5,3.0816000000000003,16.54427394548597
1,0.0,0.5,3.0832,16.530604789520044
1,0.0,0.5,3.0848,16.516946193590524
1,0.0,0.5,3.0864000000000003,16.50329815072727
1,0.0,0.5,3.088,16.489660653962783
1,0.0,0.5,3.0896000000000003,16.476033696332173
1,0.0,0.5,3.0912,16.4624172708732
1,0.0,0.5,3.0928,16.448811370626252
1,0.0,0.5,3.0944000000000003,16.435215988634358
1,0.0,0.5,3.096,16.42163111794319
1,0.0,0.5,3.0976000000000004,16.408056751601062
1,0.0,0.5,3.0992,16.394492882658938
1,0.0,0.5,3.1008,16.380939504170428
1,0.0,0.5,3.1024000000000003,16.367396609191797
1,0.0,0.5,3.104,16.353864190781962
1,0.0,0.5,3.1056000000000004,16.340342242002503
1,0.0,0.5,3.1072,16.326830755917662
1,0.0,0.5,3.1088,16.313329725594336
1,0.0,0.5,3.1104000000000003,16.299839144102098
1,0.0,0.5,3.112,16.286359004513177
1,0.0,0.5,3.1136000000000004,16.272889299902488
1,0.0,0.5,3.1152,16.25943002334761
1,0.0,0.5,3.1168,16.2459811679288
1,0.0,0.5,3.1184000000000003,16.232542726729005
1,0.0,0.5,3.12,16.21911469283384
1,0.0,0.5,3.1216,16.205697059331616
1,0.0,0.5,3.1232,16.192289819313324
1,0.0,0.5,3.1248,16.17889296587265
1,0.0,0.5,3.1264000000000003,16.16550649210596
1,0.0,0.5,3.128,16.15213039111233
1,0.0,0.5,3.1296,16.13876465599353
1,0.0,0.5,3.1312,16.125409279854033
1,0.0,0.5,3.1328,16.112064255801002
1,0.0,0.5,3.1344000000000003,16.098729576944322
1,0.0,0.5,3.136,16.08540523639657
1,0.0,0.5,3.1376,16.072091227273045
1,0.0,0.5,3.1392,16.058787542691757
1,0.0,0.5,3.1408,16.045494175773428
1,0.0,0.5,3.1424000000000003,16.032211119641495
1,0.0,0.5,3.144,16.018938367422127
1,0.0,0.5,3.1456,16.005675912244204
1,0.0,0.5,3.1472,15.99242374723934
1,0.0,0.5,3.1488,15.979181865541863
1,0.0,0.5,3.1504000000000003,15.965950260288851
1,0.0,0.5,3.152,15.952728924620095
1,0.0,0.5,3.1536,15.939517851678136
1,0.0,0.5,3.1552000000000002,15.926317034608246
1,0.0,0.5,3.1568,15.913126466558436
1,0.0,0.5,3.1584000000000003,15.899946140679463
1,0.0,0.5,3.16,15.886776050124825
1,0.0,0.5,3.1616,15.873616188050764
1,0.0,0.5,3.1632000000000002,15.860466547616284
1,0.0,0.5,3.1648,15.84732712198312
1,0.0,0.5,3.1664000000000003,15.834197904315783
1,0.0,0.5,3.168,15.821078887781526
1,0.0,0.5,3.1696,15.807970065550366
1,0.0,0.5,3.1712000000000002,15.79487143079508
1,0.0,0.5,3.1728,15.781782976691206
1,0.0,0.5,3.1744000000000003,15.768704696417052
1,0.0,0.5,3.176,15.755636583153688
1,0.0,0.5,3.1776,15.74257863008496
1,0.0,0.5,3.1792000000000002,15.729530830397486
1,0.0,0.5,3.1808,15.71649317728065
1,0.0,0.5,3.1824000000000003,15.703465663926625
1,0.0,0.5,3.184,15.690448283530353
1,0.0,0.5,3.1856,15.67744102928956
1,0.0,0.5,3.1872000000000003,15.664443894404762
1,0.0,0.5,3.1888,15.65145687207925
1,0.0,0.5,3.1904000000000003,15.638479955519113
1,0.0,0.5,3.192,15.625513137933224
1,0.0,0.5,3.1936,15.612556412533248
1,0.0,0.5,3.1952000000000003,15.59960977253365
1,0.0,0.5,3.1968,15.586673211151684
1,0.0,0.5,3.1984000000000004,15.573746721607407
1,0.0,0.5,3.2,15.560830297123676
1,0.0,0.5,3.2016,15.547923930926153
1,0.0,0.5,3.2032000000000003,15.535027616243303
1,0.0,0.5,3.2048,15.522141346306396
1,0.0,0.5,3.2064000000000004,15.509265114349516
1,0.0,0.5,3.208,15.496398913609555
1,0.0,0.5,3.2096,15.483542737326223
1,0.0,0.5,3.2112000000000003,15.47069657874204
1,0.0,0.5,3.2128,15.457860431102347
1,0.0,0.5,3.2144000000000004,15.445034287655302
1,0.0,0.5,3.216,15.432218141651887
1,0.0,0.5,3.2176,15.419411986345908
1,0.0,0.5,3.2192000000000003,15.406615814993996
1,0.0,0.5,3.2208,15.393829620855609
1,0.0,0.5,3.2224000000000004,15.381053397193037
1,0.0,0.5,3.224,15.368287137271398
1,0.0,0.5,3.2256,15.355530834358651
1,0.0,0.5,3.2272000000000003,15.342784481725586
1,0.0,0.5,3.2288,15.330048072645829
1,0.0,0.5,3.2304,15.317321600395847
1,0.0,0.5,3.232,15.304605058254952
1,0.0,0.5,3.2336,15.291898439505294
1,0.0,0.5,3.2352000000000003,15.279201737431878
1,0.0,0.5,3.2368,15.266514945322546
1,0.0,0.5,3.2384,15.253838056468
1,0.0,0.5,3.24,15.241171064161785
1,0.0,0.5,3.2416,15.2285139617003
1,0.0,0.5,3.2432000000000003,15.2158667423828
1,0.0,0.5,3.2448,15.203229399511404
1,0.0,0.5,3.2464,15.190601926391084
1,0.0,0.5,3.248,15.177984316329669
1,0.0,0.5,3.2496,15.16537656263786
1,0.0,0.5,3.2512000000000003,15.152778658629217
1,0.0,0.5,3.2528,15.140190597620164
1,0.0,0.5,3.2544,15.12761237293
1,0.0,0.5,3.2560000000000002,15.115043977880891
1,0.0,0.5,3.2576,15.102485405797875
1,0.0,0.5,3.2592000000000003,15.089936650008864
1,0.0,0.5,3.2608,15.077397703844646
1,0.0,0.5,3.2624,15.064868560638887
1,0.0,0.5,3.2640000000000002,15.052349213728128
1,0.0,0.5,3.2656,15.039839656451795
1,0.0,0.5,3.2672000000000003,15.027339882152198
1,0.0,0.5,3.2688,15.014849884174529
1,0.0,0.5,3.2704,15.002369655866866
1,0.0,0.5,3.2720000000000002,14.989899190580177
1,0.0,0.5,3.2736,14.977438481668317
1,0.0,0.5,3.2752000000000003,14.96498752248804
1,0.0,0.5,3.2768,14.95254630639898
1,0.0,0.5,3.2784,14.940114826763683
1,0.0,0.5,3.2800000000000002,14.927693076947575
1,0.0,0.5,3.2816,14.915281050318992
1,0.0,0.5,3.2832000000000003,14.902878740249164
1,0.0,0.5,3.2848,14.89048614011223
1,0.0,0.5,3.2864,14.87810324328522
1,0.0,0.5,3.2880000000000003,14.865730043148082
1,0.0,0.5,3.2896,14.853366533083664
1,0.0,0.5,3.2912000000000003,14.841012706477725
1,0.0,0.5,3.2928,14.828668556718934
1,0.0,0.5,3.2944,14.816334077198869
1,0.0,0.5,3.2960000000000003,14.804009261312022
1,0.0,0.5,3.2976,14.791694102455807
1,0.0,0.5,3.2992000000000004,14.779388594030548
1,0.0,0.5,3.3008,14.76709272943949
1,0.0,0.5,3.3024,14.754806502088792
1,0.0,0.5,3.3040000000000003,14.742529905387544
1,0.0,0.5,3.3056,14.73026293274775
1,0.0,0.5,3.3072000000000004,14.718005577584348
1,0.0,0.5,3.3088,14.705757833315193
1,0.0,0.5,3.3104,14.693519693361077
1,0.0,0.5,3.3120000000000003,14.681291151145713
1,0.0,0.5,3.3136,14.66907220009575
1,0.0,0.5,3.3152000000000004,14.656862833640767
1,0.0,0.5,3.3168,14.64466304521328
1,0.0,0.5,3.3184,14.632472828248737
1,0.0,0.5,3.3200000000000003,14.620292176185526
1,0.0,0.5,3.3216,14.608121082464972
1,0.0,0.5,3.3232000000000004,14.595959540531341
1,0.0,0.5,3.3248,14.58380754383184
1,0.0,0.5,3.3264,14.571665085816619
1,0.0,0.5,3.3280000000000003,14.559532159938772
1,0.0,0.5,3.3296,14.547408759654346
1,0.0,0.5,3.3312,14.535294878422322
1,0.0,0.5,3.3328,14.523190509704643
1,0.0,0.5,3.3344,14.511095646966194
1,0.0,0.5,3.3360000000000003,14.499010283674812
1,0.0,0.5,3.3376,14.486934413301297
1,0.0,0.5,3.3392,14.474868029319396
1,0.0,0.5,3.3408,14.46281112520581
1,0.0,0.5,3.3424,14.450763694440203
1,0.0,0.5,3.3440000000000003,14.438725730505196
1,0.0,0.5,3.3456,14.42669722688637
1,0.0,0.5,3.3472,14.414678177072272
1,0.0,0.5,3.3488,14.402668574554404
1,0.0,0.5,3.3504,14.39066841282724
1,0.0,0.5,3.3520000000000003,14.378677685388219
1,0.0,0.5,3.3536,14.366696385737741
1,0.0,0.5,3.3552,14.354724507379187
1,0.0,0.5,3.3568000000000002,14.342762043818896
1,0.0,0.5,3.3584,14.330808988566185
1,0.0,0.5,3.3600000000000003,14.31886533513334
1,0.0,0.5,3.3616,14.306931077035625
1,0.0,0.5,3.3632,14.29500620779128
1,0.0,0.5,3.3648000000000002,14.283090720921518
1,0.0,0.5,3.3664,14.271184609950529
1,0.0,0.5,3.3680000000000003,14.259287868405488
1,0.0,0.5,3.3696,14.247400489816552
1,0.0,0.5,3.3712,14.23552246771685
1,0.0,0.5,3.3728000000000002,14.223653795642502
1,0.0,0.5,3.3744,14.211794467132611
1,0.0,0.5,3.3760000000000003,14.199944475729268
1,0.0,0.5,3.3776,14.188103814977547
1,0.0,0.5,3.3792,14.176272478425515
1,0.0,0.5,3.3808000000000002,14.164450459624225
1,0.0,0.5,3.3824,14.152637752127722
1,0.0,0.5,3.3840000000000003,14.140834349493042
1,0.0,0.5,3.3856,14.129040245280219
1,0.0,0.5,3.3872,14.117255433052273
1,0.0,0.5,3.3888000000000003,14.105479906375232
1,0.0,0.5,3.3904,14.093713658818112
1,0.0,0.5,3.3920000000000003,14.081956683952928
1,0.0,0.5,3.3936,14.070208975354698
1,0.0,0.5,3.3952,14.05847052660144
1,0.0,0.5,3.3968000000000003,14.046741331274172
1,0.0,0.5,3.3984,14.035021382956913
1,0.0,0.5,3.4000000000000004,14.023310675236692
1,0.0,0.5,3.4016,14.01160920170354
1,0.0,0.5,3.4032,13.999916955950493
1,0.0,0.5,3.4048000000000003,13.988233931573602
1,0.0,0.5,3.4064,13.97656012217192
1,0.0,0.5,3.4080000000000004,13.964895521347506
1,0.0,0.5,3.4096,13.953240122705443
1,0.0,0.5,3.4112,13.941593919853817
1,0.0,0.5,3.4128000000000003,13.92995690640373
1,0.0,0.5,3.4144,13.918329075969295
1,0.0,0.5,3.4160000000000004,13.906710422167649
1,0.0,0.5,3.4176,13.895100938618938
1,0.0,0.5,3.4192,13.883500618946329
1,0.0,0.5,3.4208000000000003,13.871909456776008
1,0.0,0.5,3.4224,13.860327445737179
1,0.0,0.5,3.4240000000000004,13.848754579462069
1,0.0,0.5,3.4256,13.837190851585927
1,0.0,0.5,3.4272,13.825636255747028
1,0.0,0.5,3.4288000000000003,13.814090785586664
1,0.0,0.5,3.4304,13.802554434749162
1,0.0,0.5,3.4320000000000004,13.791027196881865
1,0.0,0.5,3.4336,13.77950906563515
1,0.0,0.5,3.4352,13.768000034662425
1,0.0,0.5,3.4368000000000003,13.75650009762012
1,0.0,0.5,3.4384,13.745009248167701
1,0.0,0.5,3.44,13.733527479967664
1,0.0,0.5,3.4416,13.722054786685536
1,0.0,0.5,3.4432,13.710591161989882
1,0.0,0.5,3.4448000000000003,13.699136599552299
1,0.0,0.5,3.4464,13.687691093047418
1,0.0,0.5,3.448,13.676254636152908
1,0.0,0.5,3.4496,13.664827222549478
1,0.0,0.5,3.4512,13.65340884592087
1,0.0,0.5,3.4528000000000003,13.64199949995387
1,0.0,0.5,3.4544,13.630599178338306
1,0.0,0.5,3.456,13.619207874767042
1,0.0,0.5,3.4576000000000002,13.607825582935988
1,0.0,0.5,3.4592,13.596452296544095
1,0.0,0.5,3.4608000000000003,13.585088009293361
1,0.0,0.5,3.4624,13.573732714888832
1,0.0,0.5,3.464,13.562386407038591
1,0.0,0.5,3.4656000000000002,13.551049079453778
1,0.0,0.5,3.4672,13.539720725848573
1,0.0,0.5,3.4688000000000003,13.52840133994021
1,0.0,0.5,3.4704,13.517090915448968
1,0.0,0.5,3.472,13.505789446098184
1,0.0,0.5,3.4736000000000002,13.494496925614241
1,0.0,0.5,3.4752,13.483213347726576
1,0.0,0.5,3.4768000000000003,13.47193870616768
1,0.0,0.5,3.4784,13.4606729946731
1,0.0,0.5,3.48,13.449416206981432
1,0.0,0.5,3.4816000000000003,13.438168336834332
1,0.0,0.5,3.4832,13.426929377976514
1,0.0,0.5,3.4848000000000003,13.41569932415575
1,0.0,0.5,3.4864,13.404478169122866
1,0.0,0.5,3.488,13.393265906631754
1,0.0,0.5,3.4896000000000003,13.382062530439361
1,0.0,0.5,3.4912,13.370868034305696
1,0.0,0.5,3.4928000000000003,13.359682411993832
1,0.0,0.5,3.4944,13.348505657269904
1,0.0,0.5,3.496,13.33733776390311
1,0.0,0.5,3.4976000000000003,13.32617872566571
1,0.0,0.5,3.4992,13.315028536333035
1,0.0,0.5,3.5008000000000004,13.303887189683477
1,0.0,0.5,3.5024,13.292754679498499
1,0.0,0.5,3.504,13.281630999562623
1,0.0,0.5,3.5056000000000003,13.270516143663448
1,0.0,0.5,3.5072,13.25941010559164
1,0.0,0.5,3.5088000000000004,13.248312879140935
1,0.0,0.5,3.5104,13.237224458108138
1,0.0,0.5,3.512,13.226144836293127
1,0.0,0.5,3.5136000000000003,13.215074007498849
1,0.0,0.5,3.5152,13.204011965531327
1,0.0,0.5,3.5168000000000004,13.19295870419966
1,0.0,0.5,3.5184,13.181914217316015
1,0.0,0.5,3.52,13.17087849869564
1,0.0,0.5,3.5216000000000003,13.159851542156852
1,0.0,0.5,3.5232,13.148833341521053
1,0.0,0.5,3.5248000000000004,13.137823890612715
1,0.0,0.5,3.5264,13.126823183259395
1,0.0,0.5,3.528,13.115831213291722
1,0.0,0.5,3.5296000000000003,13.104847974543407
1,0.0,0.5,3.5312,13.09387346085124
1,0.0,0.5,3.5328000000000004,13.082907666055094
1,0.0,0.5,3.5344,13.071950583997927
1,0.0,0.5,3.536,13.06100220852577
1,0.0,0.5,3.5376000000000003,13.05006253348774
1,0.0,0.5,3.5392,13.039131552736043
1,0.0,0.5,3.5408000000000004,13.028209260125966
1,0.0,0.5,3.5424,13.017295649515873
1,0.0,0.5,3.544,13.006390714767226
1,0.0,0.5,3.5456000000000003,12.995494449744568
1,0.0,0.5,3.5472,12.984606848315526
1,0.0,0.5,3.5488,12.973727904350817
1,0.0,0.5,3.5504000000000002,12.962857611724244
1,0.0,0.5,3.552,12.951995964312703
1,0.0,0.5,3.5536000000000003,12.941142955996174
1,0.0,0.5,3.5552,12.930298580657734
1,0.0,0.5,3.5568,12.919462832183543
1,0.0,0.5,3.5584000000000002,12.908635704462851
1,0.0,0.5,3.56,12.897817191388008
1,0.0,0.5,3.5616000000000003,12.887007286854454
1,0.0,0.5,3.5632,12.876205984760716
1,0.0,0.5,3.5648,12.865413279008418
1,0.0,0.5,3.5664000000000002,12.854629163502281
1,0.0,0.5,3.568,12.843853632150118
1,0.0,0.5,3.5696000000000003,12.833086678862836
1,0.0,0.5,3.5712,12.82232829755444
1,0.0,0.5,3.5728,12.811578482142032
1,0.0,0.5,3.5744000000000002,12.800837226545806
1,0.0,0.5,3.576,12.790104524689056
1,0.0,0.5,3.5776000000000003,12.779380370498178
1,0.0,0.5,3.5792,12.768664757902659
1,0.0,0.5,3.5808,12.757957680835096
1,0.0,0.5,3.5824000000000003,12.747259133231173
1,0.0,0.5,3.584,12.736569109029684
1,0.0,0.5,3.5856000000000003,12.725887602172513
1,0.0,0.5,3.5872,12.71521460660466
1,0.0,0.5,3.5888,12.704550116274213
1,0.0,0.5,3.5904000000000003,12.69389412513237
1,0.0,0.5,3.592,12.683246627133428
1,0.0,0.5,3.5936000000000003,12.67260761623479
1,0.0,0.5,3.5952,12.66197708639696
1,0.0,0.5,3.5968,12.651355031583545
1,0.0,0.5,3.5984000000000003,12.640741445761261
1,0.0,0.5,3.6,12.63013632289993
1,0.0,0.5,3.6016000000000004,12.61953965697247
1,0.0,0.5,3.6032,12.608951441954922
1,0.0,0.5,3.6048,12.59837167182641
1,0.0,0.5,3.6064000000000003,12.587800340569185
1,0.0,0.5,3.608,12.577237442168599
1,0.0,0.5,3.6096000000000004,12.566682970613112
1,0.0,0.5,3.6112,12.55613691989429
1,0.0,0.5,3.6128,12.54559928400681
1,0.0,0.5,3.6144000000000003,12.535070056948458
1,0.0,0.5,3.616,12.524549232720128
1,0.0,0.5,3.6176000000000004,12.514036805325825
1,0.0,0.5,3.6192,12.503532768772667
1,0.0,0.5,3.6208,12.493037117070878
1,0.0,0.5,3.6224000000000003,12.4825498442338
1,0.0,0.5,3.624,12.472070944277878
1,0.0,0.5,3.6256000000000004,12.461600411222676
1,0.0,0.5,3.6272,12.451138239090872
1,0.0,0.5,3.6288,12.440684421908246
1,0.0,0.5,3.6304000000000003,12.430238953703702
1,0.0,0.5,3.632,12.419801828509254
1,0.0,0.5,3.6336000000000004,12.40937304036003
1,0.0,0.5,3.6352,12.398952583294273
1,0.0,0.5,3.6368,12.38854045135334
1,0.0,0.5,3.6384000000000003,12.378136638581706
1,0.0,0.5,3.64,12.367741139026956
1,0.0,0.5,3.6416000000000004,12.357353946739794
1,0.0,0.5,3.6432,12.34697505577404
1,0.0,0.5,3.6448,12.336604460186631
1,0.0,0.5,3.6464000000000003,12.326242154037624
1,0.0,0.5,3.648,12.315888131390187
1,0.0,0.5,3.6496,12.305542386310607
1,0.0,0.5,3.6512000000000002,12.295204912868291
1,0.0,0.5,3.6528,12.284875705135766
1,0.0,0.5,3.6544000000000003,12.274554757188673
1,0.0,0.5,3.656,12.264242063105772
1,0.0,0.5,3.6576,12.25393761696895
1,0.0,0.5,3.6592000000000002,12.243641412863202
1,0.0,0.5,3.6608,12.233353444876652
1,0.0,0.5,3.6624000000000003,12.223073707100538
1,0.0,0.5,3.664,12.212802193629221
1,0.0,0.5,3.6656,12.202538898560185
1,0.0,0.5,3.6672000000000002,12.192283815994035
1,0.0,0.5,3.6688,12.182036940034488
1,0.0,0.5,3.6704000000000003,12.171798264788395
1,0.0,0.5,3.672,12.161567784365717
1,0.0,0.5,3.6736,12.151345492879548
1,0.0,0.5,3.6752000000000002,12.141131384446098
1,0.0,0.5,3.6768,12.130925453184702
1,0.0,0.5,3.6784000000000003,12.120727693217814
1,0.0,0.5,3.68,12.110538098671018
1,0.0,0.5,3.6816,12.100356663673015
1,0.0,0.5,3.6832000000000003,12.090183382355631
1,0.0,0.5,3.6848,12.08001824885382
1,0.0,0.5,3.6864000000000003,12.069861257305654
1,0.0,0.5,3.688,12.059712401852332
1,0.0,0.5,3.6896,12.049571676638179
1,0.0,0.5,3.6912000000000003,12.03943907581064
1,0.0,0.5,3.6928,12.029314593520288
1,0.0,0.5,3.6944000000000004,12.019198223920826
1,0.0,0.5,3.696,12.009089961169076
1,0.0,0.5,3.6976,11.998989799424985
1,0.0,0.5,3.6992000000000003,11.988897732851628
1,0.0,0.5,3.7008,11.978813755615207
1,0.0,0.5,3.7024000000000004,11.968737861885048
1,0.0,0.5,3.704,11.958670045833603
1,0.0,0.5,3.7056,11.948610301636455
1,0.0,0.5,3.7072000000000003,11.938558623472309
1,0.0,0.5,3.7088,11.928515005523
1,0.0,0.5,3.7104000000000004,11.918479441973485
1,0.0,0.5,3.712,11.908451927011853
1,0.0,0.5,3.7136,11.898432454829317
1,0.0,0.5,3.7152000000000003,11.888421019620223
1,0.0,0.5,3.7168,11.87841761558204
1,0.0,0.5,3.7184000000000004,11.868422236915363
1,0.0,0.5,3.72,11.858434877823921
1,0.0,0.5,3.7216,11.848455532514567
1,0.0,0.5,3.7232000000000003,11.83848419519728
1,0.0,0.5,3.7248,11.828520860085176
1,0.0,0.5,3.7264000000000004,11.81856552139449
1,0.0,0.5,3.728,11.808618173344593
1,0.0,0.5,3.7296,11.798678810157979
1,0.0,0.5,3.7312000000000003,11.788747426060272
1,0.0,0.5,3.7328,11.77882401528023
1,0.0,0.5,3.7344000000000004,11.768908572049735
1,0.0,0.5,3.736,11.7590010906038
1,0.0,0.5,3.7376,11.749101565180563
1,0.0,0.5,3.7392000000000003,11.739209990021301
1,0.0,0.5,3.7408,11.729326359370413
1,0.0,0.5,3.7424000000000004,11.719450667475426
1,0.0,0.5,3.744,11.709582908587002
1,0.0,0.5,3.7456,11.699723076958932
1,0.0,0.5,3.7472000000000003,11.689871166848135
1,0.0,0.5,3.7488,11.680027172514663
1,0.0,0.5,3.7504000000000004,11.670191088221689
1,0.0,0.5,3.7520000000000002,11.660362908235527
1,0.0,0.5,3.7536,11.650542626825617
1,0.0,0.5,3.7552000000000003,11.64073023826453
1,0.0,0.5,3.7568,11.63092573682796
1,0.0,0.5,3.7584,11.62112911679474
1,0.0,0.5,3.7600000000000002,11.611340372446833
1,0.0,0.5,3.7616,11.60155949806933
1,0.0,0.5,3.7632000000000003,11.591786487950447
1,0.0,0.5,3.7648,11.582021336381542
1,0.0,0.5,3.7664,11.572264037657094
1,0.0,0.5,3.7680000000000002,11.562514586074718
1,0.0,0.5,3.7696,11.55277297593515
1,0.0,0.5,3.7712000000000003,11.543039201542273
1,0.0,0.5,3.7728,11.533313257203085
1,0.0,0.5,3.7744,11.523595137227725
1,0.0,0.5,3.7760000000000002,11.513884835929458
1,0.0,0.5,3.7776,11.50418234762468
1,0.0,0.5,3.7792000000000003,11.494487666632912
1,0.0,0.5,3.7808,11.484800787276818
1,0.0,0.5,3.7824,11.475121703882182
1,0.0,0.5,3.7840000000000003,11.465450410777926
1,0.0,0.5,3.7856,11.455786902296095
1,0.0,0.5,3.7872000000000003,11.446131172771867
1,0.0,0.5,3.7888,11.436483216543557
1,0.0,0.5,3.7904,11.426843027952602
1,0.0,0.5,3.7920000000000003,11.417210601343573
1,0.0,0.5,3.7936,11.407585931064173
1,0.0,0.5,3.7952000000000004,11.397969011465232
1,0.0,0.5,3.7968,11.388359836900714
1,0.0,0.5,3.7984,11.378758401727708
1,0.0,0.5,3.8000000000000003,11.36916470030644
1,0.0,0.5,3.8016,11.359578727000258
1,0.0,0.5,3.8032000000000004,11.350000476175651
1,0.0,0.5,3.8048,11.340429942202228
1,0.0,0.5,3.8064,11.330867119452735
1,0.0,0.5,3.8080000000000003,11.321312002303042
1,0.0,0.5,3.8096,11.31176458513215
1,0.0,0.5,3.8112000000000004,11.3022248623222
1,0.0,0.5,3.8128,11.292692828258447
1,0.0,0.5,3.8144,11.283168477329285
1,0.0,0.5,3.8160000000000003,11.273651803926239
1,0.0,0.5,3.8176,11.264142802443958
1,0.0,0.5,3.8192000000000004,11.254641467280221
1,0.0,0.5,3.8208,11.24514779283594
1,0.0,0.5,3.8224,11.235661773515154
1,0.0,0.5,3.8240000000000003,11.226183403725033
1,0.0,0.5,3.8256,11.216712677875872
1,0.0,0.5,3.8272000000000004,11.207249590381098
1,0.0,0.5,3.8288,11.197794135657269
1,0.0,0.5,3.8304,11.188346308124066
1,0.0,0.5,3.8320000000000003,11.178906102204303
1,0.0,0.5,3.8336,11.169473512323918
1,0.0,0.5,3.8352000000000004,11.160048532911985
1,0.0,0.5,3.8368,11.1506311584007
1,0.0,0.5,3.8384,11.141221383225387
1,0.0,0.5,3.8400000000000003,11.1318192018245
1,0.0,0.5,3.8416,11.122424608639623
1,0.0,0.5,3.8432000000000004,11.113037598115461
1,0.0,0.5,3.8448,11.103658164699851
1,0.0,0.5,3.8464,11.094286302843763
1,0.0,0.5,3.8480000000000003,11.084922007001282
1,0.0,0.5,3.8496,11.075565271629625
1,0.0,0.5,3.8512000000000004,11.066216091189142
1,0.0,0.5,3.8528000000000002,11.056874460143305
1,0.0,0.5,3.8544,11.047540372958709
1,0.0,0.5,3.8560000000000003,11.038213824105078
1,0.0,0.5,3.8576,11.028894808055268
1,0.0,0.5,3.8592,11.019583319285253
1,0.0,0.5,3.8608000000000002,11.010279352274136
1,0.0,0.5,3.8624,11.000982901504146
1,0.0,0.5,3.8640000000000003,10.991693961460639
1,0.0,0.5,3.8656,10.982412526632093
1,0.0,0.5,3.8672,10.973138591510113
1,0.0,0.5,3.8688000000000002,10.963872150589427
1,0.0,0.5,3.8704,10.954613198367893
1,0.0,0.5,3.8720000000000003,10.945361729346489
1,0.0,0.5,3.8736,10.936117738029317
1,0.0,0.5,3.8752,10.926881218923604
1,0.0,0.5,3.8768000000000002,10.917652166539703
1,0.0,0.5,3.8784,10.908430575391087
1,0.0,0.5,3.8800000000000003,10.899216439994355
1,0.0,0.5,3.8816,10.890009754869231
1,0.0,0.5,3.8832,10.88081051453856
1,0.0,0.5,3.8848000000000003,10.871618713528305
1,0.0,0.5,3.8864,10.86243434636756
1,0.0,0.5,3.8880000000000003,10.85325740758854
1,0.0,0.5,3.8896,10.844087891726574
1,0.0,0.5,3.8912,10.83492579332012
1,0.0,0.5,3.8928000000000003,10.825771106910757
1,0.0,0.5,3.8944,10.816623827043186
1,0.0,0.5,3.8960000000000004,10.807483948265228
1,0.0,0.5,3.8976,10.798351465127821
1,0.0,0.5,3.8992,10.789226372185027
1,0.0,0.5,3.9008000000000003,10.780108663994032
1,0.0,0.5,3.9024,10.770998335115134
1,0.0,0.5,3.9040000000000004,10.761895380111762
1,0.0,0.5,3.9056,10.752799793550453
1,0.0,0.5,3.9072,10.74371157000087
1,0.0,0.5,3.9088000000000003,10.734630704035792
1,0.0,0.5,3.9104,10.725557190231122
1,0.0,0.5,3.9120000000000004,10.71649102316587
1,0.0,0.5,3.9136,10.707432197422177
1,0.0,0.5,3.9152,10.698380707585295
1,0.0,0.5,3.9168000000000003,10.689336548243597
1,0.0,0.5,3.9184,10.680299713988566
1,0.0,0.5,3.9200000000000004,10.671270199414812
1,0.0,0.5,3.9216,10.662247999120055
1,0.0,0.5,3.9232,10.653233107705132
1,0.0,0.5,3.9248000000000003,10.644225519774002
1,0.0,0.5,3.9264,10.63522522993373
1,0.0,0.5,3.9280000000000004,10.626232232794507
1,0.0,0.5,3.9296,10.61724652296963
1,0.0,0.5,3.9312,10.608268095075516
1,0.0,0.5,3.9328000000000003,10.599296943731693
1,0.0,0.5,3.9344,10.590333063560808
1,0.0,0.5,3.9360000000000004,10.581376449188618
1,0.0,0.5,3.9376,10.572427095243993
1,0.0,0.5,3.9392,10.563484996358923
1,0.0,0.5,3.9408000000000003,10.5545501471685
1,0.0,0.5,3.9424,10.545622542310939
1,0.0,0.5,3.9440000000000004,10.536702176427559
1,0.0,0.5,3.9456,10.527789044162793
1,0.0,0.5,3.9472,10.51888314016419
1,0.0,0.5,3.9488000000000003,10.509984459082409
1,0.0,0.5,3.9504,10.501092995571211
1,0.0,0.5,3.9520000000000004,10.492208744287476
1,0.0,0.5,3.9536000000000002,10.483331699891195
1,0.0,0.5,3.9552,10.474461857045464
1,0.0,0.5,3.9568000000000003,10.465599210416489
1,0.0,0.5,3.9584,10.456743754673587
1,0.0,0.5,3.9600000000000004,10.44789548448918
1,0.0,0.5,3.9616000000000002,10.439054394538806
1,0.0,0.5,3.9632,10.430220479501102
1,0.0,0.5,3.9648000000000003,10.421393734057819
1,0.0,0.5,3.9664,10.412574152893809
1,0.0,0.5,3.968,10.403761730697033
1,0.0,0.5,3.9696000000000002,10.394956462158563
1,0.0,0.5,3.9712,10.386158341972568
1,0.0,0.5,3.9728000000000003,10.37736736483633
1,0.0,0.5,3.9744,10.368583525450234
1,0.0,0.5,3.976,10.359806818517768
1,0.0,0.5,3.9776000000000002,10.351037238745528
1,0.0,0.5,3.9792,10.342274780843209
1,0.0,0.5,3.9808000000000003,10.333519439523611
1,0.0,0.5,3.9824,10.324771209502643
1,0.0,0.5,3.984,10.316030085499305
1,0.0,0.5,3.9856000000000003,10.30729606223571
1,0.0,0.5,3.9872,10.29856913443707
1,0.0,0.5,3.9888000000000003,10.289849296831694
1,0.0,0.5,3.9904,10.281136544150993
1,0.0,0.5,3.992,10.272430871129485
1,0.0,0.5,3.9936000000000003,10.263732272504779
1,0.0,0.5,3.9952,10.255040743017595
1,0.0,0.5,3.9968000000000004,10.246356277411742
1,0.0,0.5,3.9984,10.237678870434129
1,0.0,0.5,4.0,10.22900851683477
1,0.0,0.5,4.0016,10.220345211366771
1,0.0,0.5,4.0032000000000005,10.211688948786335
1,0.0,0.5,4.0048,10.203039723852767
1,0.0,0.5,4.0064,10.194397531328464
1,0.0,0.5,4.008,10.185762365978922
1,0.0,0.5,4.0096,10.177134222572732
1,0.0,0.5,4.0112000000000005,10.16851309588158
1,0.0,0.5,4.0128,10.159898980680243
1,0.0,0.5,4.0144,10.151291871746597
1,0.0,0.5,4.016,10.142691763861611
1,0.0,0.5,4.0176,10.134098651809348
1,0.0,0.5,4.0192000000000005,10.125512530376957
1,0.0,0.5,4.0208,10.11693339435469
1,0.0,0.5,4.0224,10.108361238535883
1,0.0,0.5,4.024,10.099796057716967
1,0.0,0.5,4.0256,10.091237846697464
1,0.0,0.5,4.027200000000001,10.082686600279986
1,0.0,0.5,4.0288,10.074142313270231
1,0.0,0.5,4.0304,10.06560498047699
1,0.0,0.5,4.032,10.057074596712148
1,0.0,0.5,4.0336,10.04855115679067
1,0.0,0.5,4.035200000000001,10.040034655530611
1,0.0,0.5,4.0368,10.031525087753115
1,0.0,0.5,4.0384,10.023022448282411
1,0.0,0.5,4.04,10.01452673194582
1,0.0,0.5,4.0416,10.006037933573742
1,0.0,0.5,4.043200000000001,9.997556047999664
1,0.0,0.5,4.0448,9.98908107006016
1,0.0,0.5,4.0464,9.98061299459489
1,0.0,0.5,4.048,9.972151816446592
1,0.0,0.5,4.0496,9.96369753046109
1,0.0,0.5,4.051200000000001,9.955250131487292
1,0.0,0.5,4.0528,9.94680961437719
1,0.0,0.5,4.0544,9.938375973985853
1,0.0,0.5,4.056,9.929949205171432
1,0.0,0.5,4.0576,9.921529302795161
1,0.0,0.5,4.059200000000001,9.913116261721354
1,0.0,0.5,4.0608,9.904710076817405
1,0.0,0.5,4.0624,9.896310742953785
1,0.0,0.5,4.064,9.887918255004045
1,0.0,0.5,4.0656,9.87953260784481
1,0.0,0.5,4.067200000000001,9.871153796355786
1,0.0,0.5,4.0688,9.862781815419758
1,0.0,0.5,4.0704,9.854416659922585
1,0.0,0.5,4.072,9.846058324753198
1,0.0,0.5,4.0736,9.837706804803606
1,0.0,0.5,4.075200000000001,9.829362094968896
1,0.0,0.5,4.0768,9.821024190147225
1,0.0,0.5,4.0784,9.812693085239825
1,0.0,0.5,4.08,9.804368775151001
1,0.0,0.5,4.0816,9.796051254788125
1,0.0,0.5,4.083200000000001,9.787740519061648
1,0.0,0.5,4.0848,9.77943656288509
1,0.0,0.5,4.0864,9.771139381175042
1,0.0,0.5,4.088,9.76284896885116
1,0.0,0.5,4.0896,9.754565320836177
1,0.0,0.5,4.091200000000001,9.74628843205589
1,0.0,0.5,4.0928,9.738018297439167
1,0.0,0.5,4.0944,9.729754911917938
1,0.0,0.5,4.096,9.721498270427208
1,0.0,0.5,4.0976,9.71324836790504
1,0.0,0.5,4.099200000000001,9.70500519929257
1,0.0,0.5,4.1008000000000004,9.696768759533995
1,0.0,0.5,4.1024,9.688539043576577
1,0.0,0.5,4.104,9.680316046370647
1,0.0,0.5,4.1056,9.672099762869593
1,0.0,0.5,4.107200000000001,9.663890188029866
1,0.0,0.5,4.1088000000000005,9.655687316810981
1,0.0,0.5,4.1104,9.64749114417552
1,0.0,0.5,4.112,9.639301665089114
1,0.0,0.5,4.1136,9.631118874520464
1,0.0,0.5,4.115200000000001,9.622942767441332
1,0.0,0.5,4.1168000000000005,9.614773338826526
1,0.0,0.5,4.1184,9.606610583653925
1,0.0,0.5,4.12,9.598454496904463
1,0.0,0.5,4.1216,9.590305073562128
1,0.0,0.5,4.1232,9.582162308613968
1,0.0,0.5,4.1248000000000005,9.574026197050086
1,0.0,0.5,4.1264,9.565896733863637
1,0.0,0.5,4.128,9.557773914050836
1,0.0,0.5,4.1296,9.549657732610946
1,0.0,0.5,4.1312,9.54154818454629
1,0.0,0.5,4.1328000000000005,9.533445264862237
1,0.0,0.5,4.1344,9.525348968567213
1,0.0,0.5,4.136,9.517259290672692
1,0.0,0.5,4.1376,9.509176226193201
1,0.0,0.5,4.1392,9.501099770146315
1,0.0,0.5,4.1408000000000005,9.49302991755266
1,0.0,0.5,4.1424,9.484966663435909
1,0.0,0.5,4.144,9.476910002822788
1,0.0,0.5,4.1456,9.468859930743061
1,0.0,0.5,4.1472,9.46081644222955
1,0.0,0.5,4.1488000000000005,9.452779532318116
1,0.0,0.5,4.1504,9.444749196047661
1,0.0,0.5,4.152,9.436725428460141
1,0.0,0.5,4.1536,9.428708224600554
1,0.0,0.5,4.1552,9.42069757951694
1,0.0,0.5,4.1568000000000005,9.41269348826038
1,0.0,0.5,4.1584,9.404695945884997
1,0.0,0.5,4.16,9.396704947447958
1,0.0,0.5,4.1616,9.388720488009469
1,0.0,0.5,4.1632,9.380742562632776
1,0.0,0.5,4.1648000000000005,9.372771166384164
1,0.0,0.5,4.1664,9.364806294332954
1,0.0,0.5,4.168,9.35684794155151
1,0.0,0.5,4.1696,9.348896103115234
1,0.0,0.5,4.1712,9.340950774102554
1,0.0,0.5,4.1728000000000005,9.333011949594944
1,0.0,0.5,4.1744,9.32507962467691
1,0.0,0.5,4.176,9.31715379443599
1,0.0,0.5,4.1776,9.309234453962759
1,0.0,0.5,4.1792,9.301321598350823
1,0.0,0.5,4.1808000000000005,9.293415222696822
1,0.0,0.5,4.1824,9.285515322100421
1,0.0,0.5,4.184,9.277621891664324
1,0.0,0.5,4.1856,9.269734926494262
1,0.0,0.5,4.1872,9.261854421698994
1,0.0,0.5,4.1888000000000005,9.253980372390306
1,0.0,0.5,4.1904,9.246112773683018
1,0.0,0.5,4.192,9.238251620694973
1,0.0,0.5,4.1936,9.230396908547036
1,0.0,0.5,4.1952,9.222548632363106
1,0.0,0.5,4.1968000000000005,9.2147067872701
1,0.0,0.5,4.1984,9.206871368397964
1,0.0,0.5,4.2,9.199042370879669
1,0.0,0.5,4.2016,9.191219789851198
1,0.0,0.5,4.2032,9.183403620451568
1,0.0,0.5,4.2048000000000005,9.17559385782281
1,0.0,0.5,4.2064,9.167790497109975
1,0.0,0.5,4.208,9.159993533461144
1,0.0,0.5,4.2096,9.1522029620274
1,0.0,0.5,4.2112,9.144418777962862
1,0.0,0.5,4.2128000000000005,9.136640976424653
1,0.0,0.5,4.2144,9.128869552572915
1,0.0,0.5,4.216,9.121104501570816
1,0.0,0.5,4.2176,9.113345818584525
1,0.0,0.5,4.2192,9.105593498783234
1,0.0,0.5,4.2208000000000006,9.097847537339145
1,0.0,0.5,4.2224,9.090107929427475
1,0.0,0.5,4.224,9.082374670226452
1,0.0,0.5,4.2256,9.074647754917317
1,0.0,0.5,4.2272,9.066927178684319
1,0.0,0.5,4.228800000000001,9.059212936714715
1,0.0,0.5,4.2304,9.051505024198779
1,0.0,0.5,4.232,9.043803436329783
1,0.0,0.5,4.2336,9.036108168304013
1,0.0,0.5,4.2352,9.028419215320763
1,0.0,0.5,4.236800000000001,9.020736572582326
1,0.0,0.5,4.2384,9.013060235294004
1,0.0,0.5,4.24,9.005390198664102
1,0.0,0.5,4.2416,8.997726457903932
1,0.0,0.5,4.2432,8.990069008227804
1,0.0,0.5,4.244800000000001,8.982417844853035
1,0.0,0.5,4.2464,8.974772962999939
1,0.0,0.5,4.248,8.967134357891831
1,0.0,0.5,4.2496,8.959502024755025
1,0.0,0.5,4.2512,8.951875958818835
1,0.0,0.5,4.252800000000001,8.944256155315573
1,0.0,0.5,4.2544,8.936642609480547
1,0.0,0.5,4.256,8.929035316552062
1,0.0,0.5,4.2576,8.921434271771414
1,0.0,0.5,4.2592,8.913839470382904
1,0.0,0.5,4.260800000000001,8.906250907633815
1,0.0,0.5,4.2624,8.898668578774435
1,0.0,0.5,4.264,8.891092479058033
1,0.0,0.5,4.2656,8.883522603740875
1,0.0,0.5,4.2672,8.875958948082218
1,0.0,0.5,4.268800000000001,8.868401507344306
1,0.0,0.5,4.2704,8.860850276792377
1,0.0,0.5,4.272,8.853305251694648
1,0.0,0.5,4.2736,8.84576642732233
1,0.0,0.5,4.2752,8.83823379894962
1,0.0,0.5,4.276800000000001,8.8307073618537
1,0.0,0.5,4.2784,8.823187111314736
1,0.0,0.5,4.28,8.81567304261588
1,0.0,0.5,4.2816,8.80816515104326
1,0.0,0.5,4.2832,8.800663431885997
1,0.0,0.5,4.284800000000001,8.793167880436185
1,0.0,0.5,4.2864,8.785678491988904
1,0.0,0.5,4.288,8.778195261842209
1,0.0,0.5,4.2896,8.770718185297136
1,0.0,0.5,4.2912,8.763247257657703
1,0.0,0.5,4.292800000000001,8.755782474230896
1,0.0,0.5,4.2944,8.748323830326688
1,0.0,0.5,4.296,8.740871321258018
1,0.0,0.5,4.2976,8.733424942340804
1,0.0,0.5,4.2992,8.72598468889394
1,0.0,0.5,4.300800000000001,8.718550556239288
1,0.0,0.5,4.3024000000000004,8.711122539701686
1,0.0,0.5,4.304,8.70370063460894
1,0.0,0.5,4.3056,8.696284836291829
1,0.0,0.5,4.3072,8.688875140084098
1,0.0,0.5,4.308800000000001,8.681471541322466
1,0.0,0.5,4.3104000000000005,8.674074035346614
1,0.0,0.5,4.312,8.666682617499195
1,0.0,0.5,4.3136,8.659297283125822
1,0.0,0.5,4.3152,8.65191802757508
1,0.0,0.5,4.316800000000001,8.644544846198514
1,0.0,0.5,4.3184000000000005,8.637177734350631
1,0.0,0.5,4.32,8.629816687388903
1,0.0,0.5,4.3216,8.622461700673766
1,0.0,0.5,4.3232,8.615112769568608
1,0.0,0.5,4.324800000000001,8.607769889439787
1,0.0,0.5,4.3264000000000005,8.600433055656614
1,0.0,0.5,4.328,8.59310226359136
1,0.0,0.5,4.3296,8.585777508619255
1,0.0,0.5,4.3312,8.578458786118476
1,0.0,0.5,4.332800000000001,8.57114609147017
1,0.0,0.5,4.3344000000000005,8.563839420058425
1,0.0,0.5,4.336,8.55653876727029
1,0.0,0.5,4.3376,8.549244128495769
1,0.0,0.5,4.3392,8.541955499127809
1,0.0,0.5,4.3408,8.534672874562313
1,0.0,0.5,4.3424000000000005,8.527396250198137
1,0.0,0.5,4.344,8.52012562143708
1,0.0,0.5,4.3456,8.512860983683892
1,0.0,0.5,4.3472,8.505602332346271
1,0.0,0.5,4.3488,8.49834966283486
1,0.0,0.5,4.3504000000000005,8.491102970563249
1,0.0,0.5,4.352,8.483862250947968
1,0.0,0.5,4.3536,8.4766274994085
1,0.0,0.5,4.3552,8.46939871136726
1,0.0,0.5,4.3568,8.462175882249612
1,0.0,0.5,4.3584000000000005,8.454959007483858
1,0.0,0.5,4.36,8.447748082501242
1,0.0,0.5,4.3616,8.440543102735942
1,0.0,0.5,4.3632,8.43334406362508
1,0.0,0.5,4.3648,8.42615096060871
1,0.0,0.5,4.3664000000000005,8.41896378912983
1,0.0,0.5,4.368,8.411782544634365
1,0.0,0.5,4.3696,8.404607222571176
1,0.0,0.5,4.3712,8.397437818392063
1,0.0,0.5,4.3728,8.390274327551753
1,0.0,0.5,4.3744000000000005,8.383116745507905
1,0.0,0.5,4.376,8.375965067721117
1,0.0,0.5,4.3776,8.368819289654901
1,0.0,0.5,4.3792,8.361679406775714
1,0.0,0.5,4.3808,8.354545414552927
1,0.0,0.5,4.3824000000000005,8.347417308458848
1,0.0,0.5,4.384,8.340295083968707
1,0.0,0.5,4.3856,8.333178736560658
1,0.0,0.5,4.3872,8.32606826171578
1,0.0,0.5,4.3888,8.31896365491808
1,0.0,0.5,4.3904000000000005,8.31186491165448
1,0.0,0.5,4.392,8.304772027414824
1,0.0,0.5,4.3936,8.297684997691883
1,0.0,0.5,4.3952,8.290603817981339
1,0.0,0.5,4.3968,8.283528483781797
1,0.0,0.5,4.3984000000000005,8.27645899059478
1,0.0,0.5,4.4,8.269395333924724
1,0.0,0.5,4.4016,8.262337509278984
1,0.0,0.5,4.4032,8.255285512167827
1,0.0,0.5,4.4048,8.248239338104433
1,0.0,0.5,4.4064000000000005,8.2411989826049
1,0.0,0.5,4.408,8.234164441188232
1,0.0,0.5,4.4096,8.227135709376347
1,0.0,0.5,4.4112,8.220112782694068
1,0.0,0.5,4.4128,8.213095656669134
1,0.0,0.5,4.4144000000000005,8.206084326832187
1,0.0,0.5,4.416,8.199078788716774
1,0.0,0.5,4.4176,8.192079037859353
1,0.0,0.5,4.4192,8.185085069799285
1,0.0,0.5,4.4208,8.178096880078831
1,0.0,0.5,4.4224000000000006,8.171114464243164
1,0.0,0.5,4.424,8.164137817840347
1,0.0,0.5,4.4256,8.157166936421353
1,0.0,0.5,4.4272,8.150201815540054
1,0.0,0.5,4.4288,8.143242450753215
1,0.0,0.5,4.430400000000001,8.136288837620508
1,0.0,0.5,4.432,8.129340971704494
1,0.0,0.5,4.4336,8.122398848570633
1,0.0,0.5,4.4352,8.115462463787281
1,0.0,0.5,4.4368,8.108531812925687
1,0.0,0.5,4.438400000000001,8.101606891559994
1,0.0,0.5,4.44,8.094687695267238
1,0.0,0.5,4.4416,8.087774219627342
1,0.0,0.5,4.4432,8.08086646022312
1,0.0,0.5,4.4448,8.073964412640281
1,0.0,0.5,4.446400000000001,8.067068072467416
1,0.0,0.5,4.448,8.060177435296005
1,0.0,0.5,4.4496,8.053292496720411
1,0.0,0.5,4.4512,8.04641325233789
1,0.0,0.5,4.4528,8.039539697748575
1,0.0,0.5,4.454400000000001,8.032671828555484
1,0.0,0.5,4.456,8.025809640364516
1,0.0,0.5,4.4576,8.018953128784457
1,0.0,0.5,4.4592,8.012102289426963
1,0.0,0.5,4.4608,8.005257117906579
1,0.0,0.5,4.462400000000001,7.99841760984072
1,0.0,0.5,4.464,7.991583760849683
1,0.0,0.5,4.4656,7.98475556655664
1,0.0,0.5,4.4672,7.977933022587637
1,0.0,0.5,4.4688,7.971116124571593
1,0.0,0.5,4.470400000000001,7.964304868140306
1,0.0,0.5,4.472,7.957499248928437
1,0.0,0.5,4.4736,7.950699262573525
1,0.0,0.5,4.4752,7.943904904715975
1,0.0,0.5,4.4768,7.9371161709990625
1,0.0,0.5,4.478400000000001,7.930333057068931
1,0.0,0.5,4.48,7.92355555857459
1,0.0,0.5,4.4816,7.916783671167915
1,0.0,0.5,4.4832,7.910017390503645
1,0.0,0.5,4.4848,7.903256712239388
1,0.0,0.5,4.486400000000001,7.896501632035608
1,0.0,0.5,4.488,7.889752145555634
1,0.0,0.5,4.4896,7.883008248465656
1,0.0,0.5,4.4912,7.8762699364347215
1,0.0,0.5,4.4928,7.8695372051347405
1,0.0,0.5,4.494400000000001,7.862810050240475
1,0.0,0.5,4.496,7.856088467429548
1,0.0,0.5,4.4976,7.849372452382436
1,0.0,0.5,4.4992,7.842662000782471
1,0.0,0.5,4.5008,7.835957108315839
1,0.0,0.5,4.502400000000001,7.829257770671574
1,0.0,0.5,4.5040000000000004,7.822563983541567
1,0.0,0.5,4.5056,7.815875742620555
1,0.0,0.5,4.5072,7.809193043606127
1,0.0,0.5,4.5088,7.80251588219872
1,0.0,0.5,4.510400000000001,7.795844254101615
1,0.0,0.5,4.5120000000000005,7.7891781550209425
1,0.0,0.5,4.5136,7.782517580665677
1,0.0,0.5,4.5152,7.775862526747636
1,0.0,0.5,4.5168,7.76921298898148
1,0.0,0.5,4.518400000000001,7.762568963084714
1,0.0,0.5,4.5200000000000005,7.755930444777681
1,0.0,0.5,4.5216,7.749297429783563
1,0.0,0.5,4.5232,7.742669913828385
1,0.0,0.5,4.5248,7.736047892641004
1,0.0,0.5,4.526400000000001,7.729431361953119
1,0.0,0.5,4.5280000000000005,7.722820317499259
1,0.0,0.5,4.5296,7.716214755016794
1,0.0,0.5,4.5312,7.70961467024592
1,0.0,0.5,4.5328,7.703020058929671
1,0.0,0.5,4.534400000000001,7.696430916813911
1,0.0,0.5,4.5360000000000005,7.6898472396473325
1,0.0,0.5,4.5376,7.683269023181458
1,0.0,0.5,4.5392,7.676696263170637
1,0.0,0.5,4.5408,7.670128955372049
1,0.0,0.5,4.542400000000001,7.663567095545697
1,0.0,0.5,4.5440000000000005,7.65701067945441
1,0.0,0.5,4.5456,7.650459702863838
1,0.0,0.5,4.5472,7.643914161542457
1,0.0,0.5,4.5488,7.637374051261563
1,0.0,0.5,4.5504,7.630839367795274
1,0.0,0.5,4.5520000000000005,7.624310106920525
1,0.0,0.5,4.5536,7.617786264417073
1,0.0,0.5,4.5552,7.611267836067486
1,0.0,0.5,4.5568,7.604754817657155
1,0.0,0.5,4.5584,7.598247204974283
1,0.0,0.5,4.5600000000000005,7.591744993809887
1,0.0,0.5,4.5616,7.585248179957796
1,0.0,0.5,4.5632,7.578756759214655
1,0.0,0.5,4.5648,7.572270727379914
1,0.0,0.5,4.5664,7.565790080255838
1,0.0,0.5,4.5680000000000005,7.559314813647497
1,0.0,0.5,4.5696,7.552844923362769
1,0.0,0.5,4.5712,7.54638040521234
1,0.0,0.5,4.5728,7.5399212550097
1,0.0,0.5,4.5744,7.533467468571145
1,0.0,0.5,4.5760000000000005,7.527019041715771
1,0.0,0.5,4.5776,7.52057597026548
1,0.0,0.5,4.5792,7.514138250044971
1,0.0,0.5,4.5808,7.507705876881747
1,0.0,0.5,4.5824,7.501278846606106
1,0.0,0.5,4.5840000000000005,7.494857155051144
1,0.0,0.5,4.5856,7.488440798052757
1,0.0,0.5,4.5872,7.482029771449632
1,0.0,0.5,4.5888,7.475624071083254
1,0.0,0.5,4.5904,7.469223692797898
1,0.0,0.5,4.5920000000000005,7.462828632440635
1,0.0,0.5,4.5936,7.456438885861325
1,0.0,0.5,4.5952,7.450054448912616
1,0.0,0.5,4.5968,7.443675317449948
1,0.0,0.5,4.5984,7.4373014873315455
1,0.0,0.5,4.6000000000000005,7.430932954418424
1,0.0,0.5,4.6016,7.424569714574381
1,0.0,0.5,4.6032,7.418211763665998
1,0.0,0.5,4.6048,7.411859097562644
1,0.0,0.5,4.6064,7.405511712136464
1,0.0,0.5,4.6080000000000005,7.399169603262389
1,0.0,0.5,4.6096,7.392832766818128
1,0.0,0.5,4.6112,7.38650119868417
1,0.0,0.5,4.6128,7.38017489474378
1,0.0,0.5,4.6144,7.373853850883
1,0.0,0.5,4.6160000000000005,7.367538062990648
1,0.0,0.5,4.6176,7.361227526958316
1,0.0,0.5,4.6192,7.354922238680369
1,0.0,0.5,4.6208,7.348622194053946
1,0.0,0.5,4.6224,7.342327388978954
1,0.0,0.5,4.6240000000000006,7.336037819358071
1,0.0,0.5,4.6256,7.329753481096745
1,0.0,0.5,4.6272,7.32347437010319
1,0.0,0.5,4.6288,7.317200482288387
1,0.0,0.5,4.6304,7.310931813566083
1,0.0,0.5,4.632000000000001,7.304668359852786
1,0.0,0.5,4.6336,7.298410117067773
1,0.0,0.5,4.6352,7.292157081133078
1,0.0,0.5,4.6368,7.285909247973498
1,0.0,0.5,4.6384,7.279666613516588
1,0.0,0.5,4.640000000000001,7.273429173692663
1,0.0,0.5,4.6416,7.2671969244347965
1,0.0,0.5,4.6432,7.260969861678815
1,0.0,0.5,4.6448,7.2547479813633045
1,0.0,0.5,4.6464,7.248531279429599
1,0.0,0.5,4.648000000000001,7.2423197518217926
1,0.0,0.5,4.6496,7.236113394486723
1,0.0,0.5,4.6512,7.229912203373987
1,0.0,0.5,4.6528,7.223716174435923
1,0.0,0.5,4.6544,7.217525303627626
1,0.0,0.5,4.656000000000001,7.211339586906932
1,0.0,0.5,4.6576,7.205159020234421
1,0.0,0.5,4.6592,7.198983599573426
1,0.0,0.5,4.6608,7.192813320890019
1,0.0,0.5,4.6624,7.186648180153012
1,0.0,0.5,4.664000000000001,7.1804881733339645
1,0.0,0.5,4.6656,7.174333296407171
1,0.0,0.5,4.6672,7.168183545349668
1,0.0,0.5,4.6688,7.162038916141229
1,0.0,0.5,4.6704,7.155899404764364
1,0.0,0.5,4.672000000000001,7.149765007204321
1,0.0,0.5,4.6736,7.1436357194490805
1,0.0,0.5,4.6752,7.137511537489357
1,0.0,0.5,4.6768,7.131392457318597
1,0.0,0.5,4.6784,7.125278474932976
1,0.0,0.5,4.680000000000001,7.119169586331405
1,0.0,0.5,4.6816,7.113065787515518
1,0.0,0.5,4.6832,7.106967074489679
1,0.0,0.5,4.6848,7.10087344326098
1,0.0,0.5,4.6864,7.094784889839235
1,0.0,0.5,4.688000000000001,7.088701410236985
1,0.0,0.5,4.6896,7.082623000469492
1,0.0,0.5,4.6912,7.076549656554741
1,0.0,0.5,4.6928,7.070481374513438
1,0.0,0.5,4.6944,7.064418150369009
1,0.0,0.5,4.696000000000001,7.058359980147594
1,0.0,0.5,4.6976,7.052306859878056
1,0.0,0.5,4.6992,7.04625878559197
1,0.0,0.5,4.7008,7.040215753323629
1,0.0,0.5,4.7024,7.034177759110037
1,0.0,0.5,4.704000000000001,7.02814479899091
1,0.0,0.5,4.7056000000000004,7.022116869008678
1,0.0,0.5,4.7072,7.016093965208481
1,0.0,0.5,4.7088,7.0100760836381655
1,0.0,0.5,4.7104,7.004063220348288
1,0.0,0.5,4.712000000000001,6.998055371392111
1,0.0,0.5,4.7136000000000005,6.992052532825602
1,0.0,0.5,4.7152,6.9860547007074345
1,0.0,0.5,4.7168,6.9800618710989815
1,0.0,0.5,4.7184,6.974074040064323
1,0.0,0.5,4.720000000000001,6.968091203670237
1,0.0,0.5,4.7216000000000005,6.962113357986201
1,0.0,0.5,4.7232,6.95614049908439
1,0.0,0.5,4.7248,6.95017262303968
1,0.0,0.5,4.7264,6.944209725929639
1,0.0,0.5,4.728000000000001,6.938251803834531
1,0.0,0.5,4.7296000000000005,6.932298852837316
1,0.0,0.5,4.7312,6.926350869023644
1,0.0,0.5,4.7328,6.920407848481859
1,0.0,0.5,4.7344,6.91446978730299
1,0.0,0.5,4.736000000000001,6.908536681580762
1,0.0,0.5,4.7376000000000005,6.902608527411583
1,0.0,0.5,4.7392,6.896685320894549
1,0.0,0.5,4.7408,6.89076705813144
1,0.0,0.5,4.7424,6.8848537352267245
1,0.0,0.5,4.744000000000001,6.87894534828755
1,0.0,0.5,4.7456000000000005,6.873041893423746
1,0.0,0.5,4.7472,6.867143366747826
1,0.0,0.5,4.7488,6.861249764374981
1,0.0,0.5,4.7504,6.855361082423079
1,0.0,0.5,4.752000000000001,6.849477317012667
1,0.0,0.5,4.7536000000000005,6.843598464266969
1,0.0,0.5,4.7552,6.8377245203118795
1,0.0,0.5,4.7568,6.83185548127597
1,0.0,0.5,4.7584,6.825991343290484
1,0.0,0.5,4.76,6.820132102489337
1,0.0,0.5,4.7616000000000005,6.814277755009113
1,0.0,0.5,4.7632,6.808428296989065
1,0.0,0.5,4.7648,6.802583724571113
1,0.0,0.5,4.7664,6.796744033899846
1,0.0,0.5,4.768,6.790909221122515
1,0.0,0.5,4.7696000000000005,6.785079282389038
1,0.0,0.5,4.7712,6.779254213851993
1,0.0,0.5,4.7728,6.773434011666621
1,0.0,0.5,4.7744,6.7676186719908245
1,0.0,0.5,4.776,6.761808190985164
1,0.0,0.5,4.7776000000000005,6.756002564812858
1,0.0,0.5,4.7792,6.7502017896397835
1,0.0,0.5,4.7808,6.74440586163447
1,0.0,0.5,4.7824,6.738614776968104
1,0.0,0.5,4.784,6.732828531814524
1,0.0,0.5,4.7856000000000005,6.72704712235022
1,0.0,0.5,4.7872,6.721270544754335
1,0.0,0.5,4.7888,6.715498795208659
1,0.0,0.5,4.7904,6.709731869897634
1,0.0,0.5,4.792,6.703969765008345
1,0.0,0.5,4.7936000000000005,6.698212476730528
1,0.0,0.5,4.7952,6.692460001256557
1,0.0,0.5,4.7968,6.686712334781456
1,0.0,0.5,4.7984,6.680969473502888
1,0.0,0.5,4.8,6.675231413621158
1,0.0,0.5,4.8016000000000005,6.669498151339211
1,0.0,0.5,4.8032,6.663769682862632
1,0.0,0.5,4.8048,6.65804600439964
1,0.0,0.5,4.8064,6.652327112161094
1,0.0,0.5,4.808,6.6466130023604855
1,0.0,0.5,4.8096000000000005,6.640903671213943
1,0.0,0.5,4.8112,6.635199114940225
1,0.0,0.5,4.8128,6.629499329760723
1,0.0,0.5,4.8144,6.623804311899456
1,0.0,0.5,4.816,6.618114057583076
1,0.0,0.5,4.8176000000000005,6.6124285630408615
1,0.0,0.5,4.8192,6.606747824504716
1,0.0,0.5,4.8208,6.601071838209171
1,0.0,0.5,4.8224,6.595400600391379
1,0.0,0.5,4.824,6.589734107291118
1,0.0,0.5,4.8256000000000006,6.584072355150788
1,0.0,0.5,4.8272,6.578415340215407
1,0.0,0.5,4.8288,6.572763058732614
1,0.0,0.5,4.8304,6.567115506952668
1,0.0,0.5,4.832,6.561472681128441
1,0.0,0.5,4.833600000000001,6.555834577515423
1,0.0,0.5,4.8352,6.550201192371718
1,0.0,0.5,4.8368,6.544572521958044
1,0.0,0.5,4.8384,6.538948562537729
1,0.0,0.5,4.84,6.533329310376713
1,0.0,0.5,4.841600000000001,6.527714761743546
1,0.0,0.5,4.8432,6.522104912909387
1,0.0,0.5,4.8448,6.516499760148
1,0.0,0.5,4.8464,6.5108992997357555
1,0.0,0.5,4.848,6.5053035279516305
1,0.0,0.5,4.849600000000001,6.499712441077202
1,0.0,0.5,4.8512,6.494126035396652
1,0.0,0.5,4.8528,6.488544307196764
1,0.0,0.5,4.8544,6.482967252766918
1,0.0,0.5,4.856,6.477394868399095
1,0.0,0.5,4.857600000000001,6.471827150387874
1,0.0,0.5,4.8592,6.466264095030427
1,0.0,0.5,4.8608,6.460705698626523
1,0.0,0.5,4.8624,6.455151957478525
1,0.0,0.5,4.864,6.449602867891386
1,0.0,0.5,4.865600000000001,6.444058426172655
1,0.0,0.5,4.8672,6.438518628632464
1,0.0,0.5,4.8688,6.432983471583539
1,0.0,0.5,4.8704,6.427452951341191
1,0.0,0.5,4.872,6.42192706422332
1,0.0,0.5,4.873600000000001,6.416405806550407
1,0.0,0.5,4.8752,6.410889174645519
1,0.0,0.5,4.8768,6.405377164834307
1,0.0,0.5,4.8784,6.399869773444999
1,0.0,0.5,4.88,6.394366996808408
1,0.0,0.5,4.881600000000001,6.388868831257921
1,0.0,0.5,4.8832,6.383375273129507
1,0.0,0.5,4.8848,6.377886318761708
1,0.0,0.5,4.8864,6.3724019644956424
1,0.0,0.5,4.888,6.366922206675003
1,0.0,0.5,4.889600000000001,6.361447041646054
1,0.0,0.5,4.8912,6.355976465757633
1,0.0,0.5,4.8928,6.350510475361146
1,0.0,0.5,4.8944,6.345049066810566
1,0.0,0.5,4.896,6.339592236462438
1,0.0,0.5,4.897600000000001,6.334139980675872
1,0.0,0.5,4.8992,6.328692295812542
1,0.0,0.5,4.9008,6.323249178236685
1,0.0,0.5,4.9024,6.317810624315103
1,0.0,0.5,4.904,6.312376630417161
1,0.0,0.5,4.905600000000001,6.306947192914778
1,0.0,0.5,4.9072000000000005,6.301522308182438
1,0.0,0.5,4.9088,6.29610197259718
1,0.0,0.5,4.9104,6.2906861825386
1,0.0,0.5,4.912,6.285274934388851
1,0.0,0.5,4.913600000000001,6.2798682245326365
1,0.0,0.5,4.9152000000000005,6.274466049357215
1,0.0,0.5,4.9168,6.269068405252395
1,0.0,0.5,4.9184,6.263675288610537
1,0.0,0.5,4.92,6.258286695826551
1,0.0,0.5,4.921600000000001,6.252902623297893
1,0.0,0.5,4.9232000000000005,6.247523067424566
1,0.0,0.5,4.9248,6.242148024609118
1,0.0,0.5,4.9264,6.236777491256641
1,0.0,0.5,4.928,6.23141146377477
1,0.0,0.5,4.929600000000001,6.2260499385736825
1,0.0,0.5,4.9312000000000005,6.220692912066096
1,0.0,0.5,4.9328,6.215340380667265
1,0.0,0.5,4.9344,6.209992340794984
1,0.0,0.5,4.936,6.204648788869584
1,0.0,0.5,4.937600000000001,6.19930972131393
1,0.0,0.5,4.9392000000000005,6.193975134553422
1,0.0,0.5,4.9408,6.188645025015992
1,0.0,0.5,4.9424,6.183319389132102
1,0.0,0.5,4.944,6.177998223334749
1,0.0,0.5,4.945600000000001,6.172681524059455
1,0.0,0.5,4.9472000000000005,6.167369287744272
1,0.0,0.5,4.9488,6.162061510829775
1,0.0,0.5,4.9504,6.156758189759069
1,0.0,0.5,4.952,6.1514593209777795
1,0.0,0.5,4.953600000000001,6.146164900934056
1,0.0,0.5,4.9552000000000005,6.14087492607857
1,0.0,0.5,4.9568,6.135589392864513
1,0.0,0.5,4.9584,6.130308297747595
1,0.0,0.5,4.96,6.125031637186042
1,0.0,0.5,4.961600000000001,6.119759407640601
1,0.0,0.5,4.9632000000000005,6.11449160557453
1,0.0,0.5,4.9648,6.1092282274536025
1,0.0,0.5,4.9664,6.103969269746106
1,0.0,0.5,4.968,6.098714728922836
1,0.0,0.5,4.9696,6.093464601457103
1,0.0,0.5,4.9712000000000005,6.08821888382472
1,0.0,0.5,4.9728,6.0829775725040145
1,0.0,0.5,4.9744,6.077740663975818
1,0.0,0.5,4.976,6.072508154723465
1,0.0,0.5,4.9776,6.067280041232795
1,0.0,0.5,4.9792000000000005,6.06205631999215
1,0.0,0.5,4.9808,6.056836987492376
1,0.0,0.5,4.9824,6.051622040226816
1,0.0,0.5,4.984,6.046411474691311
1,0.0,0.5,4.9856,6.041205287384203
1,0.0,0.5,4.9872000000000005,6.0360034748063285
1,0.0,0.5,4.9888,6.030806033461021
1,0.0,0.5,4.9904,6.025612959854103
1,0.0,0.5,4.992,6.020424250493895
1,0.0,0.5,4.9936,6.015239901891206
1,0.0,0.5,4.9952000000000005,6.010059910559335
1,0.0,0.5,4.9968,6.004884273014069
1,0.0,0.5,4.9984,5.999712985773685
1,0.0,0.5,5.0,5.994546045358944
2,0.5,0.5,0.0,100.0
2,0.5,0.5,0.0016,99.98720264472205
2,0.5,0.5,0.0032,99.97440856421355
2,0.5,0.5,0.0048000000000000004,99.96161775721774
2,0.5,0.5,0.0064,99.94883022247853
2,0.5,0.5,0.008,99.93604595874051
2,0.5,0.5,0.009600000000000001,99.92326496474885
2,0.5,0.5,0.0112,99.91048723924939
2,0.5,0.5,0.0128,99.8977127809886
2,0.5,0.5,0.014400000000000001,99.88494158871357
2,0.5,0.5,0.016,99.8721736611721
2,0.5,0.5,0.0176,99.85940899711237
2,0.5,0.5,0.019200000000000002,99.84664759528268
2,0.5,0.5,0.020800000000000003,99.83388945442981
2,0.5,0.5,0.0224,99.82113457329478
2,0.5,0.5,0.024,99.80838295060194
2,0.5,0.5,0.0256,99.79563458503459
2,0.5,0.5,0.027200000000000002,99.78288947518486
2,0.5,0.5,0.028800000000000003,99.77014761945861
2,0.5,0.5,0.0304,99.75740901590667
2,0.5,0.5,0.032,99.74467366194293
2,0.5,0.5,0.033600000000000005,99.73194155389679
2,0.5,0.5,0.0352,99.71921268633544
2,0.5,0.5,0.0368,99.70648705107861
2,0.5,0.5,0.038400000000000004,99.6937646358184
2,0.5,0.5,0.04,99.68104542224927
2,0.5,0.5,0.041600000000000005,99.66832938361006
2,0.5,0.5,0.0432,99.65561648154075
2,0.5,0.5,0.0448,99.64290666216287
2,0.5,0.5,0.046400000000000004,99.63019985130417
2,0.5,0.5,0.048,99.61749594880334
2,0.5,0.5,0.049600000000000005,99.60479482185113
2,0.5,0.5,0.0512,99.59209629734734
2,0.5,0.5,0.0528,99.57940015327821
2,0.5,0.5,0.054400000000000004,99.56670610914578
2,0.5,0.5,0.056,99.5540138155062
2,0.5,0.5,0.057600000000000005,99.54132284270011
2,0.5,0.5,0.0592,99.52863266888075
2,0.5,0.5,0.0608,99.51594266746521
2,0.5,0.5,0.062400000000000004,99.50325209415195
2,0.5,0.5,0.064,99.4905600736592
2,0.5,0.5,0.0656,99.47786558634836
2,0.5,0.5,0.06720000000000001,99.46516745490048
2,0.5,0.5,0.0688,99.4524643312144
2,0.5,0.5,0.0704,99.43975468369138
2,0.5,0.5,0.07200000000000001,99.42703678506474
2,0.5,0.5,0.0736,99.41430870092262
2,0.5,0.5,0.0752,99.40156827905933
2,0.5,0.5,0.07680000000000001,99.38881313977744
2,0.5,0.5,0.0784,99.37604066724509
2,0.5,0.5,0.08,99.36324800199768
2,0.5,0.5,0.0816,99.35043203465453
2,0.5,0.5,0.08320000000000001,99.33758940090384
2,0.5,0.5,0.0848,99.32471647779211
2,0.5,0.5,0.0864,99.31180938133699
2,0.5,0.5,0.08800000000000001,99.29886396546704
2,0.5,0.5,0.0896,99.28587582227702
2,0.5,0.5,0.0912,99.27284028357337
2,0.5,0.5,0.09280000000000001,99.25975242367285
2,0.5,0.5,0.0944,99.24660706340636
2,0.5,0.5,0.096,99.23339877527056
2,0.5,0.5,0.0976,99.22012188966202
2,0.5,0.5,0.09920000000000001,99.20677050212284
2,0.5,0.5,0.1008,99.19333848152048
2,0.5,0.5,0.1024,99.17981947908251
2,0.5,0.5,0.10400000000000001,99.16620693820266
2,0.5,0.5,0.1056,99.15249410493489
2,0.5,0.5,0.1072,99.13867403909049
2,0.5,0.5,0.10880000000000001,99.12473962585491
2,0.5,0.5,0.11040000000000001,99.11068358784183
2,0.5,0.5,0.112,99.09649849750383
2,0.5,0.5,0.1136,99.08217678982248
2,0.5,0.5,0.11520000000000001,99.06771077520334
2,0.5,0.5,0.1168,99.05309265250479
2,0.5,0.5,0.1184,99.038314522134
2,0.5,0.5,0.12000000000000001,99.02336839914716
2,0.5,0.5,0.1216,99.00824622629543
2,0.5,0.5,0.1232,98.99293988696257
2,0.5,0.5,0.12480000000000001,98.9774412179446
2,0.5,0.5,0.1264,98.96174202202604
2,0.5,0.5,0.128,98.94583408031244
2,0.5,0.5,0.1296,98.92970916428185
2,0.5,0.5,0.1312,98.91335904752358
2,0.5,0.5,0.1328,98.89677551713538
2,0.5,0.5,0.13440000000000002,98.87995038475478
2,0.5,0.5,0.136,98.8628754972036
2,0.5,0.5,0.1376,98.84554274672831
2,0.5,0.5,0.13920000000000002,98.82794408082218
2,0.5,0.5,0.1408,98.81007151161786
2,0.5,0.5,0.1424,98.79191712484273
2,0.5,0.5,0.14400000000000002,98.77347308833076
2,0.5,0.5,0.1456,98.75473166008837
2,0.5,0.5,0.1472,98.7356851959128
2,0.5,0.5,0.14880000000000002,98.71632615656445
2,0.5,0.5,0.1504,98.69664711449593
2,0.5,0.5,0.152,98.67664076014249
2,0.5,0.5,0.15360000000000001,98.65629990777958
2,0.5,0.5,0.1552,98.63561750095528
2,0.5,0.5,0.1568,98.61458661750568
2,0.5,0.5,0.1584,98.5932004741629
2,0.5,0.5,0.16,98.57145243076596
2,0.5,0.5,0.16160000000000002,98.54933599408547
2,0.5,0.5,0.1632,98.526844821274
2,0.5,0.5,0.1648,98.50397272295388
2,0.5,0.5,0.16640000000000002,98.48071366595545
2,0.5,0.5,0.168,98.45706177571797
2,0.5,0.5,0.1696,98.43301133836665
2,0.5,0.5,0.17120000000000002,98.40855680247878
2,0.5,0.5,0.1728,98.3836927805522
2,0.5,0.5,0.1744,98.35841405018923
2,0.5,0.5,0.17600000000000002,98.33271555500923
2,0.5,0.5,0.1776,98.30659240530296
2,0.5,0.5,0.1792,98.28003987844139
2,0.5,0.5,0.18080000000000002,98.25305341905168
2,0.5,0.5,0.1824,98.22562863897309
2,0.5,0.5,0.184,98.19776131700449
2,0.5,0.5,0.18560000000000001,98.1694473984559
2,0.5,0.5,0.1872,98.14068299451522
2,0.5,0.5,0.1888,98.11146438144183
2,0.5,0.5,0.1904,98.08178799959782
2,0.5,0.5,0.192,98.05165045232731
2,0.5,0.5,0.19360000000000002,98.02104850469449
2,0.5,0.5,0.1952,97.98997908209007
2,0.5,0.5,0.1968,97.9584392687155
2,0.5,0.5,0.19840000000000002,97.92642630595448
2,0.5,0.5,0.2,97.89393759064038
2,0.5,0.5,0.2016,97.86097067322791
2,0.5,0.5,0.20320000000000002,97.82752325587748
2,0.5,0.5,0.2048,97.79359319045943
2,0.5,0.5,0.2064,97.75917847648617
2,0.5,0.5,0.20800000000000002,97.72427725897859
2,0.5,0.5,0.2096,97.68888782627407
2,0.5,0.5,0.2112,97.65300860778186
2,0.5,0.5,0.21280000000000002,97.61663817169246
2,0.5,0.5,0.2144,97.57977522264623
2,0.5,0.5,0.216,97.54241859936711
2,0.5,0.5,0.21760000000000002,97.50456727226609
2,0.5,0.5,0.2192,97.46622034101986
2,0.5,0.5,0.22080000000000002,97.42737703212869
2,0.5,0.5,0.22240000000000001,97.38803669645826
2,0.5,0.5,0.224,97.34819880676933
2,0.5,0.5,0.22560000000000002,97.30786295523892
2,0.5,0.5,0.2272,97.26702885097694
2,0.5,0.5,0.2288,97.22569631754135
2,0.5,0.5,0.23040000000000002,97.18386529045497
2,0.5,0.5,0.232,97.14153581472716
2,0.5,0.5,0.2336,97.09870804238271
2,0.5,0.5,0.23520000000000002,97.05538223000086
2,0.5,0.5,0.2368,97.01155873626651
2,0.5,0.5,0.2384,96.96723801953598
2,0.5,0.5,0.24000000000000002,96.92242063541934
2,0.5,0.5,0.2416,96.87710723438106
2,0.5,0.5,0.2432,96.83129855936092
2,0.5,0.5,0.24480000000000002,96.78499544341645
2,0.5,0.5,0.2464,96.73819880738876
2,0.5,0.5,0.248,96.6909096575926
2,0.5,0.5,0.24960000000000002,96.64312908353224
2,0.5,0.5,0.25120000000000003,96.5948582556442
2,0.5,0.5,0.2528,96.54609842306748
2,0.5,0.5,0.2544,96.49685091144262
2,0.5,0.5,0.256,96.44711712074024
2,0.5,0.5,0.2576,96.39689852311935
2,0.5,0.5,0.2592,96.34619666081672
2,0.5,0.5,0.26080000000000003,96.29501314406734
2,0.5,0.5,0.2624,96.24334964905668
2,0.5,0.5,0.264,96.19120791590481
2,0.5,0.5,0.2656,96.13858974668322
2,0.5,0.5,0.2672,96.08549700346411
2,0.5,0.5,0.26880000000000004,96.03193160640258
2,0.5,0.5,0.27040000000000003,95.97789553185184
2,0.5,0.5,0.272,95.92339081051153
2,0.5,0.5,0.2736,95.86841952560917
2,0.5,0.5,0.2752,95.81298381111469
2,0.5,0.5,0.2768,95.75708584998826
2,0.5,0.5,0.27840000000000004,95.70072787246087
2,0.5,0.5,0.28,95.6439121543482
2,0.5,0.5,0.2816,95.58664101539696
2,0.5,0.5,0.2832,95.52891681766398
2,0.5,0.5,0.2848,95.47074196392768
2,0.5,0.5,0.2864,95.41211889613177
2,0.5,0.5,0.28800000000000003,95.35305009386086
2,0.5,0.5,0.2896,95.29353807284767
2,0.5,0.5,0.2912,95.23358538351175
2,0.5,0.5,0.2928,95.1731946095292
2,0.5,0.5,0.2944,95.11236836643309
2,0.5,0.5,0.29600000000000004,95.05110930024436
2,0.5,0.5,0.29760000000000003,94.98942008613275
2,0.5,0.5,0.2992,94.92730342710746
2,0.5,0.5,0.3008,94.864762052737
2,0.5,0.5,0.3024,94.80179871789822
2,0.5,0.5,0.304,94.73841620155362
2,0.5,0.5,0.30560000000000004,94.67461730555699
2,0.5,0.5,0.30720000000000003,94.61040485348674
2,0.5,0.5,0.3088,94.54578168950658
2,0.5,0.5,0.3104,94.48075067725308
2,0.5,0.5,0.312,94.41531469874982
2,0.5,0.5,0.3136,94.34947665334755
2,0.5,0.5,0.31520000000000004,94.28323945669008
2,0.5,0.5,0.3168,94.2166060397054
2,0.5,0.5,0.3184,94.14957934762158
2,0.5,0.5,0.32,94.08216233900717
2,0.5,0.5,0.3216,94.0143579848355
2,0.5,0.5,0.32320000000000004,93.9461692675725
2,0.5,0.5,0.32480000000000003,93.87759918028785
2,0.5,0.5,0.3264,93.80865072578858
2,0.5,0.5,0.328,93.73932691577527
2,0.5,0.5,0.3296,93.66963077001984
2,0.5,0.5,0.3312,93.59956531556504
2,0.5,0.5,0.33280000000000004,93.52913358594496
2,0.5,0.5,0.33440000000000003,93.45833862042613
2,0.5,0.5,0.336,93.38718346326893
2,0.5,0.5,0.3376,93.31567116300903
2,0.5,0.5,0.3392,93.24380477175802
2,0.5,0.5,0.3408,93.17158734452333
2,0.5,0.5,0.34240000000000004,93.09902193854678
2,0.5,0.5,0.34400000000000003,93.02611161266154
2,0.5,0.5,0.3456,92.95285942666686
2,0.5,0.5,0.3472,92.87926844072071
2,0.5,0.5,0.3488,92.8053417147492
2,0.5,0.5,0.3504,92.73108230787327
2,0.5,0.5,0.35200000000000004,92.65649327785154
2,0.5,0.5,0.3536,92.58157768053965
2,0.5,0.5,0.3552,92.5063385693651
2,0.5,0.5,0.3568,92.43077899481779
2,0.5,0.5,0.3584,92.35490200395547
2,0.5,0.5,0.36000000000000004,92.2787106399243
2,0.5,0.5,0.36160000000000003,92.20220794149348
2,0.5,0.5,0.3632,92.12539694260454
2,0.5,0.5,0.3648,92.04828067193398
2,0.5,0.5,0.3664,91.97086215246992
2,0.5,0.5,0.368,91.89314440110155
2,0.5,0.5,0.36960000000000004,91.81513042822182
2,0.5,0.5,0.37120000000000003,91.73682323734282
2,0.5,0.5,0.3728,91.65822582472315
2,0.5,0.5,0.3744,91.57934117900781
2,0.5,0.5,0.376,91.50017228087971
2,0.5,0.5,0.3776,91.42072210272256
2,0.5,0.5,0.37920000000000004,91.34099360829538
2,0.5,0.5,0.3808,91.26098975241763
2,0.5,0.5,0.3824,91.18071348066547
2,0.5,0.5,0.384,91.10016772907812
2,0.5,0.5,0.3856,91.01935542387487
2,0.5,0.5,0.38720000000000004,90.9382794811818
2,0.5,0.5,0.38880000000000003,90.85694280676837
2,0.5,0.5,0.3904,90.77534829579365
2,0.5,0.5,0.392,90.69349883256169
2,0.5,0.5,0.3936,90.61139729028609
2,0.5,0.5,0.3952,90.52904653086343
2,0.5,0.5,0.39680000000000004,90.44644940465534
2,0.5,0.5,0.39840000000000003,90.36360875027893
2,0.5,0.5,0.4,90.28052739440568
2,0.5,0.5,0.4016,90.19720815156809
2,0.5,0.5,0.4032,90.11365382397443
2,0.5,0.5,0.4048,90.0298672013309
2,0.5,0.5,0.40640000000000004,89.94585106067144
2,0.5,0.5,0.40800000000000003,89.86160816619474
2,0.5,0.5,0.4096,89.77714126910828
2,0.5,0.5,0.4112,89.69245310747938
2,0.5,0.5,0.4128,89.6075464060929
2,0.5,0.5,0.41440000000000005,89.52242387631563
2,0.5,0.5,0.41600000000000004,89.43708821596697
2,0.5,0.5,0.4176,89.35154210919582
2,0.5,0.5,0.4192,89.26578822636372
2,0.5,0.5,0.4208,89.1798292239338
2,0.5,0.5,0.4224,89.0936677443654
2,0.5,0.5,0.42400000000000004,89.00730641601456
2,0.5,0.5,0.42560000000000003,88.92074785303977
2,0.5,0.5,0.4272,88.83399465531316
2,0.5,0.5,0.4288,88.74704940833682
2,0.5,0.5,0.4304,88.65991468316426
2,0.5,0.5,0.432,88.57259303632675
2,0.5,0.5,0.43360000000000004,88.48508700976438
2,0.5,0.5,0.43520000000000003,88.39739913076193
2,0.5,0.5,0.4368,88.30953191188911
2,0.5,0.5,0.4384,88.22148785094544
2,0.5,0.5,0.44,88.13326943090917
2,0.5,0.5,0.44160000000000005,88.04487911989057
2,0.5,0.5,0.44320000000000004,87.95631937108925
2,0.5,0.5,0.44480000000000003,87.8675926227554
2,0.5,0.5,0.4464,87.77870129815481
2,0.5,0.5,0.448,87.68964780553787
2,0.5,0.5,0.4496,87.60043453811191
2,0.5,0.5,0.45120000000000005,87.51106387401732
2,0.5,0.5,0.45280000000000004,87.4215381763069
2,0.5,0.5,0.4544,87.33185979292874
2,0.5,0.5,0.456,87.24203105671221
2,0.5,0.5,0.4576,87.15205428535715
2,0.5,0.5,0.4592,87.06193178142614
2,0.5,0.5,0.46080000000000004,86.97166583233972
2,0.5,0.5,0.46240000000000003,86.88125871037448
2,0.5,0.5,0.464,86.79071267266396
2,0.5,0.5,0.4656,86.70002996120228
2,0.5,0.5,0.4672,86.60921280285046
2,0.5,0.5,0.46880000000000005,86.51826340934522
2,0.5,0.5,0.47040000000000004,86.42718397731025
2,0.5,0.5,0.47200000000000003,86.33597668827
2,0.5,0.5,0.4736,86.24464370866566
2,0.5,0.5,0.4752,86.15318718987362
2,0.5,0.5,0.4768,86.06160926822581
2,0.5,0.5,0.47840000000000005,85.9699120650325
2,0.5,0.5,0.48000000000000004,85.8780976866069
2,0.5,0.5,0.48160000000000003,85.78616822429194
2,0.5,0.5,0.4832,85.69412575448881
2,0.5,0.5,0.4848,85.60197233868753
2,0.5,0.5,0.4864,85.5097100234993
2,0.5,0.5,0.48800000000000004,85.41734084069043
2,0.5,0.5,0.48960000000000004,85.32486680721823
2,0.5,0.5,0.4912,85.23228992526836
2,0.5,0.5,0.4928,85.13961218229375
2,0.5,0.5,0.4944,85.04683555105521
2,0.5,0.5,0.496,84.95396198966331
2,0.5,0.5,0.49760000000000004,84.86099344162187
2,0.5,0.5,0.49920000000000003,84.7679318358727
2,0.5,0.5,0.5008,84.67477908684174
2,0.5,0.5,0.5024000000000001,84.5815370944864
2,0.5,0.5,0.504,84.48820774434431
2,0.5,0.5,0.5056,84.394792907583
2,0.5,0.5,0.5072,84.30129444105096
2,0.5,0.5,0.5088,84.20771418732969
2,0.5,0.5,0.5104000000000001,84.11405397478678
2,0.5,0.5,0.512,84.02031561763017
2,0.5,0.5,0.5136000000000001,83.9265009159632
2,0.5,0.5,0.5152,83.83261165584068
2,0.5,0.5,0.5168,83.73864960932596
2,0.5,0.5,0.5184,83.64461653454872
2,0.5,0.5,0.52,83.55051417576362
2,0.5,0.5,0.5216000000000001,83.45634426340987
2,0.5,0.5,0.5232,83.36210851417142
2,0.5,0.5,0.5248,83.26780863103801
2,0.5,0.5,0.5264,83.17344630336669
2,0.5,0.5,0.528,83.07902320694436
2,0.5,0.5,0.5296000000000001,82.98454100405061
2,0.5,0.5,0.5312,82.89000134352136
2,0.5,0.5,0.5328,82.79540586081305
2,0.5,0.5,0.5344,82.7007561780673
2,0.5,0.5,0.536,82.60605390417615
2,0.5,0.5,0.5376000000000001,82.51130063484788
2,0.5,0.5,0.5392,82.41649795267308
2,0.5,0.5,0.5408000000000001,82.3216474271914
2,0.5,0.5,0.5424,82.22675061495846
2,0.5,0.5,0.544,82.13180905961356
2,0.5,0.5,0.5456,82.03682429194723
2,0.5,0.5,0.5472,81.9417978299696
2,0.5,0.5,0.5488000000000001,81.84673117897877
2,0.5,0.5,0.5504,81.7516258316297
2,0.5,0.5,0.552,81.65648326800321
2,0.5,0.5,0.5536,81.56130495567542
2,0.5,0.5,0.5552,81.46609234978726
2,0.5,0.5,0.5568000000000001,81.37084689311433
2,0.5,0.5,0.5584,81.27557001613684
2,0.5,0.5,0.56,81.1802631371099
2,0.5,0.5,0.5616,81.08492766213386
2,0.5,0.5,0.5632,80.98956498522475
2,0.5,0.5,0.5648000000000001,80.89417648838503
2,0.5,0.5,0.5664,80.79876354167428
2,0.5,0.5,0.5680000000000001,80.70332750328012
2,0.5,0.5,0.5696,80.60786971958912
2,0.5,0.5,0.5712,80.51239152525785
2,0.5,0.5,0.5728,80.4168942432839
2,0.5,0.5,0.5744,80.32137918507708
2,0.5,0.5,0.5760000000000001,80.22584765053045
2,0.5,0.5,0.5776,80.13030092809164
2,0.5,0.5,0.5792,80.0347402948338
2,0.5,0.5,0.5808,79.93916701652691
2,0.5,0.5,0.5824,79.84358234770885
2,0.5,0.5,0.5840000000000001,79.74798753175645
2,0.5,0.5,0.5856,79.6523838009566
2,0.5,0.5,0.5872,79.55677237657711
2,0.5,0.5,0.5888,79.46115446893776
2,0.5,0.5,0.5904,79.36553127748101
2,0.5,0.5,0.5920000000000001,79.2699039908428
2,0.5,0.5,0.5936,79.17427378692317
2,0.5,0.5,0.5952000000000001,79.07864183295675
2,0.5,0.5,0.5968,78.98300928558328
2,0.5,0.5,0.5984,78.88737729091771
2,0.5,0.5,0.6,78.79174698462053
2,0.5,0.5,0.6016,78.69611949196756
2,0.5,0.5,0.6032000000000001,78.60049592792004
2,0.5,0.5,0.6048,78.50487739719405
2,0.5,0.5,0.6064,78.4092649943302
2,0.5,0.5,0.608,78.3136598037629
2,0.5,0.5,0.6096,78.21806289988952
2,0.5,0.5,0.6112000000000001,78.12247534713929
2,0.5,0.5,0.6128,78.02689820004218
2,0.5,0.5,0.6144000000000001,77.93133250329737
2,0.5,0.5,0.616,77.83577929184156
2,0.5,0.5,0.6176,77.74023959091721
2,0.5,0.5,0.6192000000000001,77.64471441614037
2,0.5,0.5,0.6208,77.54920477356839
2,0.5,0.5,0.6224000000000001,77.45371165976735
2,0.5,0.5,0.624,77.35823606187928
2,0.5,0.5,0.6256,77.26277895768914
2,0.5,0.5,0.6272,77.16734131569149
2,0.5,0.5,0.6288,77.07192409515702
2,0.5,0.5,0.6304000000000001,76.97652824619871
2,0.5,0.5,0.632,76.88115470983779
2,0.5,0.5,0.6336,76.78580441806943
2,0.5,0.5,0.6352,76.69047829392818
2,0.5,0.5,0.6368,76.59517725155304
2,0.5,0.5,0.6384000000000001,76.49990219625238
2,0.5,0.5,0.64,76.4046540245685
2,0.5,0.5,0.6416000000000001,76.30943362434196
2,0.5,0.5,0.6432,76.21424187477552
2,0.5,0.5,0.6448,76.11907964649797
2,0.5,0.5,0.6464000000000001,76.02394780162743
2,0.5,0.5,0.648,75.92884719383464
2,0.5,0.5,0.6496000000000001,75.8337786684057
2,0.5,0.5,0.6512,75.73874306230458
2,0.5,0.5,0.6528,75.64374120423545
2,0.5,0.5,0.6544,75.54877391470455
2,0.5,0.5,0.656,75.45384200608184
2,0.5,0.5,0.6576000000000001,75.35894628266229
2,0.5,0.5,0.6592,75.26408754072686
2,0.5,0.5,0.6608,75.16926656860329
2,0.5,0.5,0.6624,75.07448414672638
2,0.5,0.5,0.664,74.97974104769806
2,0.5,0.5,0.6656000000000001,74.8850380363472
2,0.5,0.5,0.6672,74.79037586978897
2,0.5,0.5,0.6688000000000001,74.69575529748401
2,0.5,0.5,0.6704,74.6011770612971
2,0.5,0.5,0.672,74.50664189555575
2,0.5,0.5,0.6736000000000001,74.41215052710827
2,0.5,0.5,0.6752,74.31770367538158
2,0.5,0.5,0.6768000000000001,74.22330205243871
2,0.5,0.5,0.6784,74.12894636303596
2,0.5,0.5,0.68,74.03463730467982
2,0.5,0.5,0.6816,73.94037556768326
2,0.5,0.5,0.6832,73.8461618352222
2,0.5,0.5,0.6848000000000001,73.75199678339112
2,0.5,0.5,0.6864,73.65788108125875
2,0.5,0.5,0.6880000000000001,73.56381539092314
2,0.5,0.5,0.6896,73.46980036756663
2,0.5,0.5,0.6912,73.37583665951033
2,0.5,0.5,0.6928000000000001,73.28192490826835
2,0.5,0.5,0.6944,73.1880657486017
2,0.5,0.5,0.6960000000000001,73.09425980857176
2,0.5,0.5,0.6976,73.00050770959365
2,0.5,0.5,0.6992,72.90681006648893
2,0.5,0.5,0.7008,72.81316748753831
2,0.5,0.5,0.7024,72.71958057453386
2,0.5,0.5,0.7040000000000001,72.62604992283086
2,0.5,0.5,0.7056,72.53257612139943
2,0.5,0.5,0.7072,72.43915975287574
2,0.5,0.5,0.7088,72.34580139361299
2,0.5,0.5,0.7104,72.25250161373197
2,0.5,0.5,0.7120000000000001,72.15926097717127
2,0.5,0.5,0.7136,72.06608004173735
2,0.5,0.5,0.7152000000000001,71.97295935915409
2,0.5,0.5,0.7168,71.87989947511208
2,0.5,0.5,0.7184,71.78690092931757
2,0.5,0.5,0.7200000000000001,71.69396425554113
2,0.5,0.5,0.7216,71.60108998166606
2,0.5,0.5,0.7232000000000001,71.50827862973625
2,0.5,0.5,0.7248,71.41553071600397
2,0.5,0.5,0.7264,71.32284675097716
2,0.5,0.5,0.728,71.23022723946653
2,0.5,0.5,0.7296,71.13767268063225
2,0.5,0.5,0.7312000000000001,71.04518356803037
2,0.5,0.5,0.7328,70.95276038965889
2,0.5,0.5,0.7344,70.86040362800357
2,0.5,0.5,0.736,70.76811376008335
2,0.5,0.5,0.7376,70.67589125749555
2,0.5,0.5,0.7392000000000001,70.5837365864606
2,0.5,0.5,0.7408,70.49165020786673
2,0.5,0.5,0.7424000000000001,70.39963257731402
2,0.5,0.5,0.744,70.30768414515839
2,0.5,0.5,0.7456,70.21580535655521
2,0.5,0.5,0.7472000000000001,70.12399665150251
2,0.5,0.5,0.7488,70.03225846488404
2,0.5,0.5,0.7504000000000001,69.94059122651196
2,0.5,0.5,0.752,69.84899536116914
2,0.5,0.5,0.7536,69.75747128865129
2,0.5,0.5,0.7552,69.66601942380872
2,0.5,0.5,0.7568,69.57464017658785
2,0.5,0.5,0.7584000000000001,69.48333395207233
2,0.5,0.5,0.76,69.39210115052398
2,0.5,0.5,0.7616,69.30094216742336
2,0.5,0.5,0.7632,69.20985739351
2,0.5,0.5,0.7648,69.11884721482252
2,0.5,0.5,0.7664000000000001,69.02791201273826
2,0.5,0.5,0.768,68.93705216401266
2,0.5,0.5,0.7696000000000001,68.8462680408185
2,0.5,0.5,0.7712,68.7555600107847
2,0.5,0.5,0.7728,68.66492843703485
2,0.5,0.5,0.7744000000000001,68.57437367822551
2,0.5,0.5,0.776,68.48389608858422
2,0.5,0.5,0.7776000000000001,68.39349601794711
2,0.5,0.5,0.7792,68.30317381179654
2,0.5,0.5,0.7808,68.21292981129804
2,0.5,0.5,0.7824,68.12276435333726
2,0.5,0.5,0.784,68.03267777055662
2,0.5,0.5,0.7856000000000001,67.94267039139163
2,0.5,0.5,0.7872,67.8527425401068
2,0.5,0.5,0.7888000000000001,67.76289453683168
2,0.5,0.5,0.7904,67.67312669759612
2,0.5,0.5,0.792,67.58343933436568
2,0.5,0.5,0.7936000000000001,67.49383275507654
2,0.5,0.5,0.7952,67.40430726367022
2,0.5,0.5,0.7968000000000001,67.31486316012807
2,0.5,0.5,0.7984,67.22550074050541
2,0.5,0.5,0.8,67.13622029696546
2,0.5,0.5,0.8016000000000001,67.04702211781307
2,0.5,0.5,0.8032,66.95790648752808
2,0.5,0.5,0.8048000000000001,66.86887368679844
2,0.5,0.5,0.8064,66.77992399255318
2,0.5,0.5,0.808,66.69105767799508
2,0.5,0.5,0.8096,66.60227501263296
2,0.5,0.5,0.8112,66.51357626231393
2,0.5,0.5,0.8128000000000001,66.42496168925523
2,0.5,0.5,0.8144,66.33643155207588
2,0.5,0.5,0.8160000000000001,66.24798610582815
2,0.5,0.5,0.8176,66.15962560202864
2,0.5,0.5,0.8192,66.07135028868923
2,0.5,0.5,0.8208000000000001,65.98316041034785
2,0.5,0.5,0.8224,65.89505620809875
2,0.5,0.5,0.8240000000000001,65.80703791962281
2,0.5,0.5,0.8256,65.71910577921751
2,0.5,0.5,0.8272,65.63126001782663
2,0.5,0.5,0.8288000000000001,65.54350086306975
2,0.5,0.5,0.8304,65.45582853927151
2,0.5,0.5,0.8320000000000001,65.36824326749068
2,0.5,0.5,0.8336,65.28074526554894
2,0.5,0.5,0.8352,65.19333474805946
2,0.5,0.5,0.8368,65.10601192645524
2,0.5,0.5,0.8384,65.01877700901728
2,0.5,0.5,0.8400000000000001,64.9316302009025
2,0.5,0.5,0.8416,64.84457170417132
2,0.5,0.5,0.8432000000000001,64.75760171781523
2,0.5,0.5,0.8448,64.67072043778404
2,0.5,0.5,0.8464,64.58392805701281
2,0.5,0.5,0.8480000000000001,64.49722476544878
2,0.5,0.5,0.8496,64.41061075007788
2,0.5,0.5,0.8512000000000001,64.32408619495118
2,0.5,0.5,0.8528,64.23765128121104
2,0.5,0.5,0.8544,64.1513061871171
2,0.5,0.5,0.8560000000000001,64.06505108807198
2,0.5,0.5,0.8576,63.978886156646915
2,0.5,0.5,0.8592000000000001,63.89281156260705
2,0.5,0.5,0.8608,63.8068274729366
2,0.5,0.5,0.8624,63.720934051863765
2,0.5,0.5,0.864,63.63513146088552
2,0.5,0.5,0.8656,63.54941985879208
2,0.5,0.5,0.8672000000000001,63.46379940169133
2,0.5,0.5,0.8688,63.37827024303293
2,0.5,0.5,0.8704000000000001,63.29283253363221
2,0.5,0.5,0.872,63.20748642169403
2,0.5,0.5,0.8736,63.12223205283625
2,0.5,0.5,0.8752000000000001,63.037069570113175
2,0.5,0.5,0.8768,62.951999114038664
2,0.5,0.5,0.8784000000000001,62.8670208226092
2,0.5,0.5,0.88,62.78213483132661
2,0.5,0.5,0.8816,62.697341273220765
2,0.5,0.5,0.8832000000000001,62.61264027887195
2,0.5,0.5,0.8848,62.52803197643317
2,0.5,0.5,0.8864000000000001,62.443516491652176
2,0.5,0.5,0.888,62.359093947893385
2,0.5,0.5,0.8896000000000001,62.27476446615957
2,0.5,0.5,0.8912,62.1905281651134
2,0.5,0.5,0.8928,62.106385161098785
2,0.5,0.5,0.8944000000000001,62.0223355681621
2,0.5,0.5,0.896,61.93837949807311
2,0.5,0.5,0.8976000000000001,61.854517060345884
2,0.5,0.5,0.8992,61.7707483622594
2,0.5,0.5,0.9008,61.687073508878086
2,0.5,0.5,0.9024000000000001,61.60349260307209
2,0.5,0.5,0.904,61.52000574553748
2,0.5,0.5,0.9056000000000001,61.43661303481621
2,0.5,0.5,0.9072,61.353314567315934
2,0.5,0.5,0.9088,61.27011043732969
2,0.5,0.5,0.9104000000000001,61.18700073705539
2,0.5,0.5,0.912,61.10398555661516
2,0.5,0.5,0.9136000000000001,61.02106498407447
2,0.5,0.5,0.9152,60.93823910546123
2,0.5,0.5,0.9168000000000001,60.855508004784575
2,0.5,0.5,0.9184,60.77287176405361
2,0.5,0.5,0.92,60.69033046329594
2,0.5,0.5,0.9216000000000001,60.60788418057608
2,0.5,0.5,0.9232,60.525532992013666
2,0.5,0.5,0.9248000000000001,60.44327697180154
2,0.5,0.5,0.9264,60.36111619222373
2,0.5,0.5,0.928,60.279050723673194
2,0.5,0.5,0.9296000000000001,60.19708063466948
2,0.5,0.5,0.9312,60.115205991876195
2,0.5,0.5,0.9328000000000001,60.03342686011839
2,0.5,0.5,0.9344,59.95174330239973
2,0.5,0.5,0.936,59.87015537991951
2,0.5,0.5,0.9376000000000001,59.78866315208967
2,0.5,0.5,0.9392,59.70726667655148
2,0.5,0.5,0.9408000000000001,59.625966009192204
2,0.5,0.5,0.9424,59.5447612041616
2,0.5,0.5,0.9440000000000001,59.463652313888254
2,0.5,0.5,0.9456,59.3826393890958
2,0.5,0.5,0.9472,59.301722478818995
2,0.5,0.5,0.9488000000000001,59.22090163041967
2,0.5,0.5,0.9504,59.14017688960255
2,0.5,0.5,0.9520000000000001,59.05954830043092
2,0.5,0.5,0.9536,58.97901590534217
2,0.5,0.5,0.9552,58.89857974516321
2,0.5,0.5,0.9568000000000001,58.818239859125754
2,0.5,0.5,0.9584,58.73799628488148
2,0.5,0.5,0.9600000000000001,58.657849058517044
2,0.5,0.5,0.9616,58.577798214568986
2,0.5,0.5,0.9632000000000001,58.49784378603851
2,0.5,0.5,0.9648,58.417985804406165
2,0.5,0.5,0.9664,58.33822429964629
2,0.5,0.5,0.9680000000000001,58.258559300241494
2,0.5,0.5,0.9696,58.17899083319688
2,0.5,0.5,0.9712000000000001,58.099518924054266
2,0.5,0.5,0.9728,58.02014359690617
2,0.5,0.5,0.9744,57.940864874409755
2,0.5,0.5,0.9760000000000001,57.861682777800624
2,0.5,0.5,0.9776,57.78259732690652
2,0.5,0.5,0.9792000000000001,57.703608540160864
2,0.5,0.5,0.9808,57.62471643461626
2,0.5,0.5,0.9824,57.54592102595779
2,0.5,0.5,0.9840000000000001,57.46722232851624
2,0.5,0.5,0.9856,57.38862035528128
2,0.5,0.5,0.9872000000000001,57.310115117914364
2,0.5,0.5,0.9888,57.23170662676169
2,0.5,0.5,0.9904000000000001,57.15339489086697
2,0.5,0.5,0.992,57.07517991798409
2,0.5,0.5,0.9936,56.99706171458968
2,0.5,0.5,0.9952000000000001,56.91904028589558
2,0.5,0.5,0.9968,56.8411156358612
2,0.5,0.5,0.9984000000000001,56.763287767205725
2,0.5,0.5,1.0,56.685556681420294
2,0.5,0.5,1.0016,56.607922378780025
2,0.5,0.5,1.0032,56.53038485835595
2,0.5,0.5,1.0048000000000001,56.45294411802685
2,0.5,0.5,1.0064,56.375600154490954
2,0.5,0.5,1.008,56.29835296327766
2,0.5,0.5,1.0096,56.221202538758945
2,0.5,0.5,1.0112,56.1441488741609
2,0.5,0.5,1.0128000000000001,56.067191961574984
2,0.5,0.5,1.0144,55.99033179196934
2,0.5,0.5,1.016,55.913568355199864
2,0.5,0.5,1.0176,55.836901640021296
2,0.5,0.5,1.0192,55.760331634098165
2,0.5,0.5,1.0208000000000002,55.683858324015624
2,0.5,0.5,1.0224,55.60748169529022
2,0.5,0.5,1.024,55.53120173238057
2,0.5,0.5,1.0256,55.455018418697975
2,0.5,0.5,1.0272000000000001,55.37893173661684
2,0.5,0.5,1.0288000000000002,55.30294166748511
2,0.5,0.5,1.0304,55.22704819163458
2,0.5,0.5,1.032,55.15125128839111
2,0.5,0.5,1.0336,55.075550936084746
2,0.5,0.5,1.0352000000000001,54.99994711205978
2,0.5,0.5,1.0368,54.92443979268472
2,0.5,0.5,1.0384,54.84902895336211
2,0.5,0.5,1.04,54.773714568538374
2,0.5,0.5,1.0416,54.698496611713466
2,0.5,0.5,1.0432000000000001,54.62337505545056
2,0.5,0.5,1.0448,54.5483498713855
2,0.5,0.5,1.0464,54.47342103023631
2,0.5,0.5,1.048,54.39858850181257
2,0.5,0.5,1.0496,54.32385225502467
2,0.5,0.5,1.0512000000000001,54.24921225789303
2,0.5,0.5,1.0528,54.174668477557255
2,0.5,0.5,1.0544,54.10022088028516
2,0.5,0.5,1.056,54.025869431481745
2,0.5,0.5,1.0576,53.95161409569812
2,0.5,0.5,1.0592000000000001,53.87745483664029
2,0.5,0.5,1.0608,53.803391617177894
2,0.5,0.5,1.0624,53.729424399352915
2,0.5,0.5,1.064,53.65555314438822
2,0.5,0.5,1.0656,53.5817778126961
2,0.5,0.5,1.0672000000000001,53.508098363886745
2,0.5,0.5,1.0688,53.43451475677653
2,0.5,0.5,1.0704,53.3610269493964
2,0.5,0.5,1.072,53.287634899000025
2,0.5,0.5,1.0736,53.214338562072015
2,0.5,0.5,1.0752000000000002,53.14113789433596
2,0.5,0.5,1.0768,53.068032850762464
2,0.5,0.5,1.0784,52.99502338557705
2,0.5,0.5,1.08,52.9221094522681
2,0.5,0.5,1.0816000000000001,52.849291003594615
2,0.5,0.5,1.0832000000000002,52.776567991593936
2,0.5,0.5,1.0848,52.70394036758945
2,0.5,0.5,1.0864,52.631408082198206
2,0.5,0.5,1.088,52.558971085338385
2,0.5,0.5,1.0896000000000001,52.48662932623682
2,0.5,0.5,1.0912,52.414382753436435
2,0.5,0.5,1.0928,52.3422313148035
2,0.5,0.5,1.0944,52.27017495753498
2,0.5,0.5,1.096,52.198213628165696
2,0.5,0.5,1.0976000000000001,52.12634727257555
2,0.5,0.5,1.0992,52.05457583599651
2,0.5,0.5,1.1008,51.982899263019746
2,0.5,0.5,1.1024,51.91131749760251
2,0.5,0.5,1.104,51.83983048307508
2,0.5,0.5,1.1056000000000001,51.7684381621476
2,0.5,0.5,1.1072,51.697140476916864
2,0.5,0.5,1.1088,51.62593736887303
2,0.5,0.5,1.1104,51.55482877890631
2,0.5,0.5,1.112,51.483814647313544
2,0.5,0.5,1.1136000000000001,51.41289491380477
2,0.5,0.5,1.1152,51.342069517509735
2,0.5,0.5,1.1168,51.27133839698428
2,0.5,0.5,1.1184,51.20070149021677
2,0.5,0.5,1.12,51.130158734634406
2,0.5,0.5,1.1216000000000002,51.05971006710946
2,0.5,0.5,1.1232,50.98935542396552
2,0.5,0.5,1.1248,50.91909474098365
2,0.5,0.5,1.1264,50.848927953408484
2,0.5,0.5,1.1280000000000001,50.77885499595426
2,0.5,0.5,1.1296000000000002,50.70887580281085
2,0.5,0.5,1.1312,50.63899030764969
2,0.5,0.5,1.1328,50.56919844362967
2,0.5,0.5,1.1344,50.49950014340298
2,0.5,0.5,1.1360000000000001,50.4298953391209
2,0.5,0.5,1.1376,50.36038396243953
2,0.5,0.5,1.1392,50.2909659445255
2,0.5,0.5,1.1408,50.221641216061585
2,0.5,0.5,1.1424,50.152409707252296
2,0.5,0.5,1.1440000000000001,50.08327134782944
2,0.5,0.5,1.1456,50.014226067057585
2,0.5,0.5,1.1472,49.94527379373951
2,0.5,0.5,1.1488,49.876414456221625
2,0.5,0.5,1.1504,49.80764798239927
2,0.5,0.5,1.1520000000000001,49.738974299722045
2,0.5,0.5,1.1536,49.67039333519907
2,0.5,0.5,1.1552,49.601905015404185
2,0.5,0.5,1.1568,49.53350926648108
2,0.5,0.5,1.1584,49.46520601414848
2,0.5,0.5,1.1600000000000001,49.39699518370511
2,0.5,0.5,1.1616,49.32887670003483
2,0.5,0.5,1.1632,49.26085048761154
2,0.5,0.5,1.1648,49.19291647050416
2,0.5,0.5,1.1664,49.12507457238149
2,0.5,0.5,1.1680000000000001,49.05732471651709
2,0.5,0.5,1.1696,48.98966682579405
2,0.5,0.5,1.1712,48.92210082270981
2,0.5,0.5,1.1728,48.85462662938082
2,0.5,0.5,1.1744,48.78724416754726
2,0.5,0.5,1.1760000000000002,48.71995335857766
2,0.5,0.5,1.1776,48.652754123473514
2,0.5,0.5,1.1792,48.58564638287383
2,0.5,0.5,1.1808,48.51863005705966
2,0.5,0.5,1.1824000000000001,48.45170506595852
2,0.5,0.5,1.1840000000000002,48.38487132914889
2,0.5,0.5,1.1856,48.31812876586461
2,0.5,0.5,1.1872,48.25147729499917
2,0.5,0.5,1.1888,48.184916835110116
2,0.5,0.5,1.1904000000000001,48.11844730442328
2,0.5,0.5,1.192,48.05206862083703
2,0.5,0.5,1.1936,47.98578070192649
2,0.5,0.5,1.1952,47.919583464947706
2,0.5,0.5,1.1968,47.853476826841735
2,0.5,0.5,1.1984000000000001,47.7874607042388
2,0.5,0.5,1.2,47.72153501346234
2,0.5,0.5,1.2016,47.65569967053297
2,0.5,0.5,1.2032,47.58995459117253
2,0.5,0.5,1.2048,47.524299690808014
2,0.5,0.5,1.2064000000000001,47.45873488457549
2,0.5,0.5,1.208,47.39326008732397
2,0.5,0.5,1.2096,47.327875213619265
2,0.5,0.5,1.2112,47.262580177747786
2,0.5,0.5,1.2128,47.197374893720315
2,0.5,0.5,1.2144000000000001,47.13225927527579
2,0.5,0.5,1.216,47.06723323588496
2,0.5,0.5,1.2176,47.00229668875411
2,0.5,0.5,1.2192,46.93744954682865
2,0.5,0.5,1.2208,46.87269172279678
2,0.5,0.5,1.2224000000000002,46.808023129093044
2,0.5,0.5,1.224,46.743443677901865
2,0.5,0.5,1.2256,46.678953281161085
2,0.5,0.5,1.2272,46.61455185056544
2,0.5,0.5,1.2288000000000001,46.55023929757001
2,0.5,0.5,1.2304000000000002,46.486015533393626
2,0.5,0.5,1.232,46.421880469022284
2,0.5,0.5,1.2336,46.357834015212504
2,0.5,0.5,1.2352,46.29387608249464
2,0.5,0.5,1.2368000000000001,46.230006581176205
2,0.5,0.5,1.2384000000000002,46.1662254213451
2,0.5,0.5,1.24,46.10253251287293
2,0.5,0.5,1.2416,46.03892776541812
2,0.5,0.5,1.2432,45.97541108842919
2,0.5,0.5,1.2448000000000001,45.91198239114782
2,0.5,0.5,1.2464,45.84864158261207
2,0.5,0.5,1.248,45.785388571659404
2,0.5,0.5,1.2496,45.72222326692979
2,0.5,0.5,1.2512,45.659145576868745
2,0.5,0.5,1.2528000000000001,45.59615540973033
2,0.5,0.5,1.2544,45.533252673580186
2,0.5,0.5,1.256,45.470437276298405
2,0.5,0.5,1.2576,45.40770912558255
2,0.5,0.5,1.2592,45.34506812895054
2,0.5,0.5,1.2608000000000001,45.282514193743495
2,0.5,0.5,1.2624,45.220047227128646
2,0.5,0.5,1.264,45.157667136102106
2,0.5,0.5,1.2656,45.09537382749173
2,0.5,0.5,1.2672,45.033167207959835
2,0.5,0.5,1.2688000000000001,44.97104718400603
2,0.5,0.5,1.2704,44.90901366196986
2,0.5,0.5,1.272,44.84706654803356
2,0.5,0.5,1.2736,44.78520574822471
2,0.5,0.5,1.2752000000000001,44.72343116841893
2,0.5,0.5,1.2768000000000002,44.66174271434244
2,0.5,0.5,1.2784,44.60014029157473
2,0.5,0.5,1.28,44.53862380555114
2,0.5,0.5,1.2816,44.47719316156537
2,0.5,0.5,1.2832000000000001,44.41584826477204
2,0.5,0.5,1.2848000000000002,44.354589020189216
2,0.5,0.5,1.2864,44.29341533270092
2,0.5,0.5,1.288,44.232327107059525
2,0.5,0.5,1.2896,44.17132424788827
2,0.5,0.5,1.2912000000000001,44.110406659683655
2,0.5,0.5,1.2928000000000002,44.04957424681781
2,0.5,0.5,1.2944,43.988826913540954
2,0.5,0.5,1.296,43.92816456398368
2,0.5,0.5,1.2976,43.867587102159305
2,0.5,0.5,1.2992000000000001,43.80709443196619
2,0.5,0.5,1.3008,43.74668645719005
2,0.5,0.5,1.3024,43.68636308150621
2,0.5,0.5,1.304,43.626124208481826
2,0.5,0.5,1.3056,43.565969741578186
2,0.5,0.5,1.3072000000000001,43.50589958415286
2,0.5,0.5,1.3088,43.4459136394619
2,0.5,0.5,1.3104,43.386011810662005
2,0.5,0.5,1.312,43.326194000812706
2,0.5,0.5,1.3136,43.266460112878455
2,0.5,0.5,1.3152000000000001,43.20681004973078
2,0.5,0.5,1.3168,43.147243714150285
2,0.5,0.5,1.3184,43.087761008828835
2,0.5,0.5,1.32,43.028361836371545
2,0.5,0.5,1.3216,42.969046099298815
2,0.5,0.5,1.3232000000000002,42.909813700048346
2,0.5,0.5,1.3248,42.85066454097715
2,0.5,0.5,1.3264,42.791598524363515
2,0.5,0.5,1.328,42.732615552408966
2,0.5,0.5,1.3296000000000001,42.673715527240226
2,0.5,0.5,1.3312000000000002,42.6148983509111
2,0.5,0.5,1.3328,42.55616392540441
2,0.5,0.5,1.3344,42.49751215263387
2,0.5,0.5,1.336,42.438942934445954
2,0.5,0.5,1.3376000000000001,42.38045617262178
2,0.5,0.5,1.3392000000000002,42.32205176887885
2,0.5,0.5,1.3408,42.26372962487303
2,0.5,0.5,1.3424,42.20548964220018
2,0.5,0.5,1.344,42.147331722398064
2,0.5,0.5,1.3456000000000001,42.089255766948035
2,0.5,0.5,1.3472000000000002,42.031261677276845
2,0.5,0.5,1.3488,41.973349354758355
2,0.5,0.5,1.3504,41.91551870071524
2,0.5,0.5,1.352,41.85776961642072
2,0.5,0.5,1.3536000000000001,41.80010200310022
2,0.5,0.5,1.3552,41.742515761933056
2,0.5,0.5,1.3568,41.68501079405411
2,0.5,0.5,1.3584,41.627587000555415
2,0.5,0.5,1.36,41.570244282487835
2,0.5,0.5,1.3616000000000001,41.51298254086264
2,0.5,0.5,1.3632,41.45580167665312
2,0.5,0.5,1.3648,41.39870159079614
2,0.5,0.5,1.3664,41.34168218419374
2,0.5,0.5,1.368,41.28474335771466
2,0.5,0.5,1.3696000000000002,41.22788501219585
2,0.5,0.5,1.3712,41.17110704844405
2,0.5,0.5,1.3728,41.11440936723726
2,0.5,0.5,1.3744,41.057791869326216
2,0.5,0.5,1.3760000000000001,41.001254455435905
2,0.5,0.5,1.3776000000000002,40.944797026267025
2,0.5,0.5,1.3792,40.88841948249736
2,0.5,0.5,1.3808,40.832121724783356
2,0.5,0.5,1.3824,40.77590365376141
2,0.5,0.5,1.3840000000000001,40.71976517004934
2,0.5,0.5,1.3856000000000002,40.66370617424781
2,0.5,0.5,1.3872,40.6077265669416
2,0.5,0.5,1.3888,40.55182624870112
2,0.5,0.5,1.3904,40.49600512008366
2,0.5,0.5,1.3920000000000001,40.44026308163477
2,0.5,0.5,1.3936000000000002,40.38460003388961
2,0.5,0.5,1.3952,40.32901587737421
2,0.5,0.5,1.3968,40.27351051260684
2,0.5,0.5,1.3984,40.21808384009926
2,0.5,0.5,1.4000000000000001,40.16273576035799
2,0.5,0.5,1.4016,40.10746617388565
2,0.5,0.5,1.4032,40.052274981182094
2,0.5,0.5,1.4048,39.99716208274578
2,0.5,0.5,1.4064,39.94212737907492
2,0.5,0.5,1.4080000000000001,39.88717077066873
2,0.5,0.5,1.4096,39.832292158028615
2,0.5,0.5,1.4112,39.777491441659414
2,0.5,0.5,1.4128,39.72276852207051
2,0.5,0.5,1.4144,39.66812329977707
2,0.5,0.5,1.4160000000000001,39.61355567530118
2,0.5,0.5,1.4176,39.55906554917297
2,0.5,0.5,1.4192,39.5046528219318
2,0.5,0.5,1.4208,39.45031739412735
2,0.5,0.5,1.4224,39.39605916632077
2,0.5,0.5,1.4240000000000002,39.341878039085756
2,0.5,0.5,1.4256,39.28777391300965
2,0.5,0.5,1.4272,39.23374668869455
2,0.5,0.5,1.4288,39.179796266758345
2,0.5,0.5,1.4304000000000001,39.125922547835806
2,0.5,0.5,1.4320000000000002,39.07212543257963
2,0.5,0.5,1.4336,39.0184048216615
2,0.5,0.5,1.4352,38.964760615773066
2,0.5,0.5,1.4368,38.91119271562704
2,0.5,0.5,1.4384000000000001,38.85770102195813
2,0.5,0.5,1.4400000000000002,38.80428543552411
2,0.5,0.5,1.4416,38.75094585710676
2,0.5,0.5,1.4432,38.697682187512896
2,0.5,0.5,1.4448,38.64449432757531
2,0.5,0.5,1.4464000000000001,38.59138217815373
2,0.5,0.5,1.4480000000000002,38.53834564013578
2,0.5,0.5,1.4496,38.485384614437955
2,0.5,0.5,1.4512,38.43249900200649
2,0.5,0.5,1.4528,38.37968870381835
2,0.5,0.5,1.4544000000000001,38.32695362088212
2,0.5,0.5,1.456,38.27429365423888
2,0.5,0.5,1.4576,38.22170870496316
2,0.5,0.5,1.4592,38.169198674163795
2,0.5,0.5,1.4608,38.1167634629848
2,0.5,0.5,1.4624000000000001,38.06440297260625
2,0.5,0.5,1.464,38.01211710424516
2,0.5,0.5,1.4656,37.9599057591563
2,0.5,0.5,1.4672,37.90776883863307
2,0.5,0.5,1.4688,37.85570624400832
2,0.5,0.5,1.4704000000000002,37.803717876655185
2,0.5,0.5,1.472,37.75180363798791
2,0.5,0.5,1.4736,37.69996342946264
2,0.5,0.5,1.4752,37.648197152578255
2,0.5,0.5,1.4768000000000001,37.59650470887712
2,0.5,0.5,1.4784000000000002,37.54488599994591
2,0.5,0.5,1.48,37.49334092741638
2,0.5,0.5,1.4816,37.44186939296609
2,0.5,0.5,1.4832,37.39047129831925
2,0.5,0.5,1.4848000000000001,37.33914654524742
2,0.5,0.5,1.4864000000000002,37.287895035570244
2,0.5,0.5,1.488,37.23671667115623
2,0.5,0.5,1.4896,37.18561135392347
2,0.5,0.5,1.4912,37.13457898584034
2,0.5,0.5,1.4928000000000001,37.08361946892624
2,0.5,0.5,1.4944000000000002,37.03273270525227
2,0.5,0.5,1.496,36.98191859694199
2,0.5,0.5,1.4976,36.93117704617206
2,0.5,0.5,1.4992,36.880507955172945
2,0.5,0.5,1.5008000000000001,36.829911226229605
2,0.5,0.5,1.5024000000000002,36.77938676168216
2,0.5,0.5,1.504,36.728934463926535
2,0.5,0.5,1.5056,36.67855423541514
2,0.5,0.5,1.5072,36.628245978657525
2,0.5,0.5,1.5088000000000001,36.57800959622102
2,0.5,0.5,1.5104,36.527844990731346
2,0.5,0.5,1.512,36.47775206487328
2,0.5,0.5,1.5136,36.42773072139128
2,0.5,0.5,1.5152,36.37778086309007
2,0.5,0.5,1.5168000000000001,36.327902392835256
2,0.5,0.5,1.5184,36.27809521355399
2,0.5,0.5,1.52,36.2283592282355
2,0.5,0.5,1.5216,36.17869433993168
2,0.5,0.5,1.5232,36.129100451757715
2,0.5,0.5,1.5248000000000002,36.079577466892644
2,0.5,0.5,1.5264,36.030125288579924
2,0.5,0.5,1.528,35.98074382012802
2,0.5,0.5,1.5296,35.9314329649109
2,0.5,0.5,1.5312000000000001,35.882192626368685
2,0.5,0.5,1.5328000000000002,35.83302270800812
2,0.5,0.5,1.5344,35.78392311340316
2,0.5,0.5,1.536,35.734893746195475
2,0.5,0.5,1.5376,35.685934510094974
2,0.5,0.5,1.5392000000000001,35.63704530888039
2,0.5,0.5,1.5408000000000002,35.58822604639971
2,0.5,0.5,1.5424,35.53947662657078
2,0.5,0.5,1.544,35.49079695338173
2,0.5,0.5,1.5456,35.44218693089152
2,0.5,0.5,1.5472000000000001,35.39364646323043
2,0.5,0.5,1.5488000000000002,35.345175454600536
2,0.5,0.5,1.5504,35.29677380927621
2,0.5,0.5,1.552,35.248441431604576
2,0.5,0.5,1.5536,35.20017822600602
2,0.5,0.5,1.5552000000000001,35.15198409697462
2,0.5,0.5,1.5568000000000002,35.10385894907865
2,0.5,0.5,1.5584,35.05580268696099
2,0.5,0.5,1.56,35.007815215339605
2,0.5,0.5,1.5616,34.95989643900799
2,0.5,0.5,1.5632000000000001,34.91204626283562
2,0.5,0.5,1.5648,34.86426459176836
2,0.5,0.5,1.5664,34.81655133082893
2,0.5,0.5,1.568,34.7689063851173
2,0.5,0.5,1.5696,34.72132965981115
2,0.5,0.5,1.5712000000000002,34.67382106016623
2,0.5,0.5,1.5728,34.626380491516855
2,0.5,0.5,1.5744,34.57900785927621
2,0.5,0.5,1.576,34.531703068936835
2,0.5,0.5,1.5776000000000001,34.48446602607099
2,0.5,0.5,1.5792000000000002,34.43729663633105
2,0.5,0.5,1.5808,34.39019480544989
2,0.5,0.5,1.5824,34.34316043924128
2,0.5,0.5,1.584,34.29619344360025
2,0.5,0.5,1.5856000000000001,34.249293724503474
2,0.5,0.5,1.5872000000000002,34.202461188009615
2,0.5,0.5,1.5888,34.15569574025975
2,0.5,0.5,1.5904,34.10899728747767
2,0.5,0.5,1.592,34.06236573597028
2,0.5,0.5,1.5936000000000001,34.015800992127886
2,0.5,0.5,1.5952000000000002,33.969302962424635
2,0.5,0.5,1.5968,33.92287155341879
2,0.5,0.5,1.5984,33.876506671753084
2,0.5,0.5,1.6,33.83020822415508
2,0.5,0.5,1.6016000000000001,33.783976117437476
2,0.5,0.5,1.6032000000000002,33.73781025849843
2,0.5,0.5,1.6048,33.6917105543219
2,0.5,0.5,1.6064,33.645676911977944
2,0.5,0.5,1.608,33.59970923862307
2,0.5,0.5,1.6096000000000001,33.5538074415005
2,0.5,0.5,1.6112000000000002,33.50797142794052
2,0.5,0.5,1.6128,33.46220110536072
2,0.5,0.5,1.6144,33.41649638126637
2,0.5,0.5,1.616,33.370857163250676
2,0.5,0.5,1.6176000000000001,33.32528335899506
2,0.5,0.5,1.6192,33.27977487626946
2,0.5,0.5,1.6208,33.23433162293263
2,0.5,0.5,1.6224,33.1889535069324
2,0.5,0.5,1.624,33.14364043630596
2,0.5,0.5,1.6256000000000002,33.0983923191801
2,0.5,0.5,1.6272,33.053209063771554
2,0.5,0.5,1.6288,33.008090578387176
2,0.5,0.5,1.6304,32.96303677142428
2,0.5,0.5,1.6320000000000001,32.91804755137083
2,0.5,0.5,1.6336000000000002,32.87312282680577
2,0.5,0.5,1.6352,32.828262506399184
2,0.5,0.5,1.6368,32.78346649891263
2,0.5,0.5,1.6384,32.738734713199335
2,0.5,0.5,1.6400000000000001,32.694067058204446
2,0.5,0.5,1.6416000000000002,32.649463442965256
2,0.5,0.5,1.6432,32.604923776611464
2,0.5,0.5,1.6448,32.56044796836541
2,0.5,0.5,1.6464,32.516035927542255
2,0.5,0.5,1.6480000000000001,32.47168756355025
2,0.5,0.5,1.6496000000000002,32.42740278589094
2,0.5,0.5,1.6512,32.383181504159396
2,0.5,0.5,1.6528,32.33902362804441
2,0.5,0.5,1.6544,32.29492906732872
2,0.5,0.5,1.6560000000000001,32.25089773188919
2,0.5,0.5,1.6576000000000002,32.206929531697085
2,0.5,0.5,1.6592,32.163024376818186
2,0.5,0.5,1.6608,32.11918217741306
2,0.5,0.5,1.6624,32.0754028437372
2,0.5,0.5,1.6640000000000001,32.03168628614128
2,0.5,0.5,1.6656,31.988032415071295
2,0.5,0.5,1.6672,31.94444114106876
2,0.5,0.5,1.6688,31.900912374770904
2,0.5,0.5,1.6704,31.857446026910846
2,0.5,0.5,1.6720000000000002,31.814042008317788
2,0.5,0.5,1.6736,31.770700229917164
2,0.5,0.5,1.6752,31.72742060273083
2,0.5,0.5,1.6768,31.68420303787725
2,0.5,0.5,1.6784000000000001,31.64104744657163
2,0.5,0.5,1.6800000000000002,31.597953740126098
2,0.5,0.5,1.6816,31.55492182994988
2,0.5,0.5,1.6832,31.51195162754944
2,0.5,0.5,1.6848,31.46904304452865
2,0.5,0.5,1.6864000000000001,31.426195992588937
2,0.5,0.5,1.6880000000000002,31.383410383529437
2,0.5,0.5,1.6896,31.340686129247143
2,0.5,0.5,1.6912,31.298023141737062
2,0.5,0.5,1.6928,31.255421333092343
2,0.5,0.5,1.6944000000000001,31.21288061550442
2,0.5,0.5,1.6960000000000002,31.17040090126317
2,0.5,0.5,1.6976,31.127982102757038
2,0.5,0.5,1.6992,31.08562413247316
2,0.5,0.5,1.7008,31.043326902997507
2,0.5,0.5,1.7024000000000001,31.00109032701502
2,0.5,0.5,1.7040000000000002,30.958914317309727
2,0.5,0.5,1.7056,30.91679878676486
2,0.5,0.5,1.7072,30.874743648363005
2,0.5,0.5,1.7088,30.83274881518619
2,0.5,0.5,1.7104000000000001,30.79081420041603
2,0.5,0.5,1.7120000000000002,30.748939717333815
2,0.5,0.5,1.7136,30.707125279320653
2,0.5,0.5,1.7152,30.66537079985756
2,0.5,0.5,1.7168,30.623676192525565
2,0.5,0.5,1.7184000000000001,30.58204137100584
2,0.5,0.5,1.72,30.54046624907978
2,0.5,0.5,1.7216,30.498950740629134
2,0.5,0.5,1.7232,30.45749475963606
2,0.5,0.5,1.7248,30.41609822018327
2,0.5,0.5,1.7264000000000002,30.374761036454093
2,0.5,0.5,1.728,30.333483122732584
2,0.5,0.5,1.7296,30.292264393403617
2,0.5,0.5,1.7312,30.25110476295297
2,0.5,0.5,1.7328000000000001,30.210004145967403
2,0.5,0.5,1.7344000000000002,30.168962457134764
2,0.5,0.5,1.736,30.12797961124406
2,0.5,0.5,1.7376,30.087055523185533
2,0.5,0.5,1.7392,30.046190107950757
2,0.5,0.5,1.7408000000000001,30.005383280632692
2,0.5,0.5,1.7424000000000002,29.964634956425787
2,0.5,0.5,1.744,29.923945050626035
2,0.5,0.5,1.7456,29.88331347863105
2,0.5,0.5,1.7472,29.842740155940128
2,0.5,0.5,1.7488000000000001,29.802224998154344
2,0.5,0.5,1.7504000000000002,29.761767920976574
2,0.5,0.5,1.752,29.721368840211603
2,0.5,0.5,1.7536,29.681027671766163
2,0.5,0.5,1.7552,29.640744331648996
2,0.5,0.5,1.7568000000000001,29.600518735970926
2,0.5,0.5,1.7584000000000002,29.560350800944896
2,0.5,0.5,1.76,29.520240442886035
2,0.5,0.5,1.7616,29.480187578211723
2,0.5,0.5,1.7632,29.440192123441623
2,0.5,0.5,1.7648000000000001,29.400253995197744
2,0.5,0.5,1.7664000000000002,29.360373110204485
2,0.5,0.5,1.768,29.320549385288682
2,0.5,0.5,1.7696,29.28078273737966
2,0.5,0.5,1.7712,29.241073083509264
2,0.5,0.5,1.7728000000000002,29.20142034081191
2,0.5,0.5,1.7744,29.161824426524635
2,0.5,0.5,1.776,29.122285257987112
2,0.5,0.5,1.7776,29.0828027526417
2,0.5,0.5,1.7792000000000001,29.0433768280335
2,0.5,0.5,1.7808000000000002,29.004007401810355
2,0.5,0.5,1.7824,28.964694391722897
2,0.5,0.5,1.784,28.92543771562459
2,0.5,0.5,1.7856,28.886237291471737
2,0.5,0.5,1.7872000000000001,28.84709303732353
2,0.5,0.5,1.7888000000000002,28.808004871342053
2,0.5,0.5,1.7904,28.768972711792347
2,0.5,0.5,1.792,28.729996477042384
2,0.5,0.5,1.7936,28.691076085563125
2,0.5,0.5,1.7952000000000001,28.65221145592853
2,0.5,0.5,1.7968000000000002,28.61340250681557
2,0.5,0.5,1.7984,28.574649157004263
2,0.5,0.5,1.8,28.535951325377667
2,0.5,0.5,1.8016,28.49730893092193
2,0.5,0.5,1.8032000000000001,28.458721892726256
2,0.5,0.5,1.8048000000000002,28.420190129982963
2,0.5,0.5,1.8064,28.381713561987475
2,0.5,0.5,1.808,28.34329210813833
2,0.5,0.5,1.8096,28.304925687937182
2,0.5,0.5,1.8112000000000001,28.266614220988835
2,0.5,0.5,1.8128000000000002,28.228357627001223
2,0.5,0.5,1.8144,28.19015582578542
2,0.5,0.5,1.816,28.152008737255656
2,0.5,0.5,1.8176,28.11391628142931
2,0.5,0.5,1.8192000000000002,28.07587837842691
2,0.5,0.5,1.8208000000000002,28.03789494847213
2,0.5,0.5,1.8224,27.999965911891795
2,0.5,0.5,1.824,27.962091189115892
2,0.5,0.5,1.8256000000000001,27.924270700677532
2,0.5,0.5,1.8272000000000002,27.886504367212968
2,0.5,0.5,1.8288,27.84879210946159
2,0.5,0.5,1.8304,27.811133848265918
2,0.5,0.5,1.832,27.773529504571577
2,0.5,0.5,1.8336000000000001,27.735978999427306
2,0.5,0.5,1.8352000000000002,27.69848225398493
2,0.5,0.5,1.8368,27.661039189499377
2,0.5,0.5,1.8384,27.62364972732862
2,0.5,0.5,1.84,27.586313788933715
2,0.5,0.5,1.8416000000000001,27.54903129587875
2,0.5,0.5,1.8432000000000002,27.511802169830823
2,0.5,0.5,1.8448,27.47462633256007
2,0.5,0.5,1.8464,27.437503705939598
2,0.5,0.5,1.848,27.40043421194548
2,0.5,0.5,1.8496000000000001,27.363417772656753
2,0.5,0.5,1.8512000000000002,27.326454310255382
2,0.5,0.5,1.8528,27.289543747026226
2,0.5,0.5,1.8544,27.252686005357035
2,0.5,0.5,1.856,27.215881007738414
2,0.5,0.5,1.8576000000000001,27.179128676763806
2,0.5,0.5,1.8592000000000002,27.142428935129455
2,0.5,0.5,1.8608,27.105781705634385
2,0.5,0.5,1.8624,27.06918691118037
2,0.5,0.5,1.864,27.032644474771907
2,0.5,0.5,1.8656000000000001,26.996154319516176
2,0.5,0.5,1.8672000000000002,26.959716368623024
2,0.5,0.5,1.8688,26.92333054540492
2,0.5,0.5,1.8704,26.886996773276937
2,0.5,0.5,1.872,26.85071497575669
2,0.5,0.5,1.8736000000000002,26.81448507646434
2,0.5,0.5,1.8752000000000002,26.778306999122517
2,0.5,0.5,1.8768,26.742180667556312
2,0.5,0.5,1.8784,26.70610600569324
2,0.5,0.5,1.8800000000000001,26.670082937563176
2,0.5,0.5,1.8816000000000002,26.634111387298343
2,0.5,0.5,1.8832,26.598191279133253
2,0.5,0.5,1.8848,26.562322537404683
2,0.5,0.5,1.8864,26.52650508655162
2,0.5,0.5,1.8880000000000001,26.490738851115214
2,0.5,0.5,1.8896000000000002,26.455023755738754
2,0.5,0.5,1.8912,26.419359725167613
2,0.5,0.5,1.8928,26.3837466842492
2,0.5,0.5,1.8944,26.348184557932914
2,0.5,0.5,1.8960000000000001,26.3126732712701
2,0.5,0.5,1.8976000000000002,26.277212749414
2,0.5,0.5,1.8992,26.241802917619726
2,0.5,0.5,1.9008,26.206443701244154
2,0.5,0.5,1.9024,26.17113502574595
2,0.5,0.5,1.9040000000000001,26.135876816685457
2,0.5,0.5,1.9056000000000002,26.100668999724668
2,0.5,0.5,1.9072,26.065511500627196
2,0.5,0.5,1.9088,26.03040424525818
2,0.5,0.5,1.9104,25.99534715958425
2,0.5,0.5,1.9120000000000001,25.960340169673483
2,0.5,0.5,1.9136000000000002,25.92538320169534
2,0.5,0.5,1.9152,25.890476181920597
2,0.5,0.5,1.9168,25.855619036721322
2,0.5,0.5,1.9184,25.82081169257078
2,0.5,0.5,1.9200000000000002,25.786054076043396
2,0.5,0.5,1.9216000000000002,25.751346113814694
2,0.5,0.5,1.9232,25.716687732661253
2,0.5,0.5,1.9248,25.68207885946061
2,0.5,0.5,1.9264000000000001,25.647519421191234
2,0.5,0.5,1.9280000000000002,25.613009344932454
2,0.5,0.5,1.9296,25.57854855786439
2,0.5,0.5,1.9312,25.544136987267905
2,0.5,0.5,1.9328,25.509774560524534
2,0.5,0.5,1.9344000000000001,25.47546120511642
2,0.5,0.5,1.9360000000000002,25.44119684862625
2,0.5,0.5,1.9376,25.4069814187372
2,0.5,0.5,1.9392,25.372814843232852
2,0.5,0.5,1.9408,25.338697049997144
2,0.5,0.5,1.9424000000000001,25.304627967014298
2,0.5,0.5,1.9440000000000002,25.270607522368753
2,0.5,0.5,1.9456,25.236635644245098
2,0.5,0.5,1.9472,25.202712260928
2,0.5,0.5,1.9488,25.16883730080215
2,0.5,0.5,1.9504000000000001,25.135010692352168
2,0.5,0.5,1.9520000000000002,25.101232364162556
2,0.5,0.5,1.9536,25.067502244917627
2,0.5,0.5,1.9552,25.033820263401417
2,0.5,0.5,1.9568,25.00018634849762
2,0.5,0.5,1.9584000000000001,24.966600429189537
2,0.5,0.5,1.9600000000000002,24.933062434559975
2,0.5,0.5,1.9616,24.899572293791184
2,0.5,0.5,1.9632,24.866129936164793
2,0.5,0.5,1.9648,24.832735291061727
2,0.5,0.5,1.9664000000000001,24.79938828796213
2,0.5,0.5,1.9680000000000002,24.7660888564453
2,0.5,0.5,1.9696,24.732836926189602
2,0.5,0.5,1.9712,24.699632426972403
2,0.5,0.5,1.9728,24.66647528866999
2,0.5,0.5,1.9744000000000002,24.63336544125748
2,0.5,0.5,1.9760000000000002,24.60030281480879
2,0.5,0.5,1.9776,24.567287339496495
2,0.5,0.5,1.9792,24.534318945591792
2,0.5,0.5,1.9808000000000001,24.501397563464415
2,0.5,0.5,1.9824000000000002,24.46852312358254
2,0.5,0.5,1.984,24.435695556512727
2,0.5,0.5,1.9856,24.402914792919823
2,0.5,0.5,1.9872,24.370180763566893
2,0.5,0.5,1.9888000000000001,24.33749339931513
2,0.5,0.5,1.9904000000000002,24.304852631123776
2,0.5,0.5,1.992,24.272258390050055
2,0.5,0.5,1.9936,24.239710607249073
2,0.5,0.5,1.9952,24.20720921397373
2,0.5,0.5,1.9968000000000001,24.174754141574656
2,0.5,0.5,1.9984000000000002,24.142345321500127
2,0.5,0.5,2.0,24.10998268529596
2,0.5,0.5,2.0016000000000003,24.07766616460546
2,0.5,0.5,2.0032,24.0453956911693
2,0.5,0.5,2.0048,24.013171196825464
2,0.5,0.5,2.0064,23.980992613509162
2,0.5,0.5,2.008,23.94885987325271
2,0.5,0.5,2.0096000000000003,23.9167729081855
2,0.5,0.5,2.0112,23.88473165053386
2,0.5,0.5,2.0128,23.852736032620992
2,0.5,0.5,2.0144,23.8207859868669
2,0.5,0.5,2.016,23.788881445788267
2,0.5,0.5,2.0176000000000003,23.75702234199839
2,0.5,0.5,2.0192,23.725208608207094
2,0.5,0.5,2.0208,23.693440177220634
2,0.5,0.5,2.0224,23.661716981941606
2,0.5,0.5,2.024,23.63003895536887
2,0.5,0.5,2.0256000000000003,23.598406030597445
2,0.5,0.5,2.0272,23.56681814081843
2,0.5,0.5,2.0288,23.53527521931891
2,0.5,0.5,2.0304,23.503777199481856
2,0.5,0.5,2.032,23.472324014786068
2,0.5,0.5,2.0336000000000003,23.440915598806036
2,0.5,0.5,2.0352,23.40955188521189
2,0.5,0.5,2.0368,23.37823280776928
2,0.5,0.5,2.0384,23.346958300339303
2,0.5,0.5,2.04,23.315728296878397
2,0.5,0.5,2.0416000000000003,23.28454273143827
2,0.5,0.5,2.0432,23.253401538165775
2,0.5,0.5,2.0448,23.222304651302842
2,0.5,0.5,2.0464,23.191252005186378
2,0.5,0.5,2.048,23.160243534248167
2,0.5,0.5,2.0496000000000003,23.129279173014787
2,0.5,0.5,2.0512,23.09835885610751
2,0.5,0.5,2.0528,23.06748251824221
2,0.5,0.5,2.0544000000000002,23.036650094229255
2,0.5,0.5,2.056,23.005861518973443
2,0.5,0.5,2.0576000000000003,22.975116727473868
2,0.5,0.5,2.0592,22.944415654823864
2,0.5,0.5,2.0608,22.91375823621087
2,0.5,0.5,2.0624000000000002,22.88314440691637
2,0.5,0.5,2.064,22.852574102315767
2,0.5,0.5,2.0656,22.822047257878307
2,0.5,0.5,2.0672,22.791563809166984
2,0.5,0.5,2.0688,22.76112369183842
2,0.5,0.5,2.0704000000000002,22.73072684164278
2,0.5,0.5,2.072,22.700373194423705
2,0.5,0.5,2.0736,22.670062686118158
2,0.5,0.5,2.0752,22.63979525275637
2,0.5,0.5,2.0768,22.60957083046172
2,0.5,0.5,2.0784000000000002,22.579389355450648
2,0.5,0.5,2.08,22.549250764032553
2,0.5,0.5,2.0816,22.519154992609703
2,0.5,0.5,2.0832,22.48910197767711
2,0.5,0.5,2.0848,22.45909165582246
2,0.5,0.5,2.0864000000000003,22.429123963726
2,0.5,0.5,2.088,22.39919883816044
2,0.5,0.5,2.0896,22.36931621599086
2,0.5,0.5,2.0912,22.33947603417461
2,0.5,0.5,2.0928,22.309678229761182
2,0.5,0.5,2.0944000000000003,22.27992273989216
2,0.5,0.5,2.096,22.250209501801077
2,0.5,0.5,2.0976,22.220538452813337
2,0.5,0.5,2.0992,22.190909530346104
2,0.5,0.5,2.1008,22.161322671908206
2,0.5,0.5,2.1024000000000003,22.131777815100033
2,0.5,0.5,2.104,22.102274897613437
2,0.5,0.5,2.1056,22.072813857231637
2,0.5,0.5,2.1072,22.043394631829095
2,0.5,0.5,2.1088,22.014017159371445
2,0.5,0.5,2.1104000000000003,21.98468137791536
2,0.5,0.5,2.112,21.955387225608483
2,0.5,0.5,2.1136,21.926134640689302
2,0.5,0.5,2.1152,21.896923561487046
2,0.5,0.5,2.1168,21.867753926421596
2,0.5,0.5,2.1184000000000003,21.838625674003378
2,0.5,0.5,2.12,21.809538742833265
2,0.5,0.5,2.1216,21.78049307160246
2,0.5,0.5,2.1232,21.751488599092404
2,0.5,0.5,2.1248,21.72252526417467
2,0.5,0.5,2.1264000000000003,21.69360300581086
2,0.5,0.5,2.128,21.664721763052505
2,0.5,0.5,2.1296,21.635881475040964
2,0.5,0.5,2.1312,21.607082081007302
2,0.5,0.5,2.1328,21.57832352027221
2,0.5,0.5,2.1344000000000003,21.549605732245894
2,0.5,0.5,2.136,21.520928656427955
2,0.5,0.5,2.1376,21.492292232407305
2,0.5,0.5,2.1392,21.46369639986205
2,0.5,0.5,2.1408,21.435141098559406
2,0.5,0.5,2.1424000000000003,21.406626268355566
2,0.5,0.5,2.144,21.378151849195618
2,0.5,0.5,2.1456,21.349717781113434
2,0.5,0.5,2.1472,21.32132400423155
2,0.5,0.5,2.1488,21.292970458761094
2,0.5,0.5,2.1504000000000003,21.26465708500164
2,0.5,0.5,2.152,21.236383823341146
2,0.5,0.5,2.1536,21.20815061425582
2,0.5,0.5,2.1552000000000002,21.17995739831002
2,0.5,0.5,2.1568,21.15180411615615
2,0.5,0.5,2.1584000000000003,21.123690708534557
2,0.5,0.5,2.16,21.095617116273438
2,0.5,0.5,2.1616,21.0675832802887
2,0.5,0.5,2.1632000000000002,21.0395891415839
2,0.5,0.5,2.1648,21.011634641250094
2,0.5,0.5,2.1664000000000003,20.98371972046576
2,0.5,0.5,2.168,20.955844320496688
2,0.5,0.5,2.1696,20.92800838269587
2,0.5,0.5,2.1712000000000002,20.900211848503393
2,0.5,0.5,2.1728,20.872454659446333
2,0.5,0.5,2.1744,20.844736757138655
2,0.5,0.5,2.176,20.817058083281097
2,0.5,0.5,2.1776,20.78941857966108
2,0.5,0.5,2.1792000000000002,20.76181818815258
2,0.5,0.5,2.1808,20.73425685071604
2,0.5,0.5,2.1824,20.706734509398256
2,0.5,0.5,2.184,20.679251106332266
2,0.5,0.5,2.1856,20.65180658373725
2,0.5,0.5,2.1872000000000003,20.624400883918426
2,0.5,0.5,2.1888,20.597033949266937
2,0.5,0.5,2.1904,20.569705722259744
2,0.5,0.5,2.192,20.54241614545953
2,0.5,0.5,2.1936,20.515165161514574
2,0.5,0.5,2.1952000000000003,20.487952713158663
2,0.5,0.5,2.1968,20.460778743210977
2,0.5,0.5,2.1984,20.433643194575986
2,0.5,0.5,2.2,20.406546010243332
2,0.5,0.5,2.2016,20.37948713328773
2,0.5,0.5,2.2032000000000003,20.352466506868858
2,0.5,0.5,2.2048,20.325484074231273
2,0.5,0.5,2.2064,20.298539778704264
2,0.5,0.5,2.208,20.271633563701762
2,0.5,0.5,2.2096,20.244765372722252
2,0.5,0.5,2.2112000000000003,20.217935149348634
2,0.5,0.5,2.2128,20.19114283724814
2,0.5,0.5,2.2144,20.16438838017222
2,0.5,0.5,2.216,20.137671721956416
2,0.5,0.5,2.2176,20.110992806520297
2,0.5,0.5,2.2192000000000003,20.0843515778673
2,0.5,0.5,2.2208,20.05774798008466
2,0.5,0.5,2.2224,20.031181957343296
2,0.5,0.5,2.224,20.004653453897696
2,0.5,0.5,2.2256,19.97816241408581
2,0.5,0.5,2.2272000000000003,19.95170878232894
2,0.5,0.5,2.2288,19.925292503131647
2,0.5,0.5,2.2304,19.89891352108163
2,0.5,0.5,2.232,19.872571780849626
2,0.5,0.5,2.2336,19.8462672271893
2,0.5,0.5,2.2352000000000003,19.819999804937126
2,0.5,0.5,2.2368,19.7937694590123
2,0.5,0.5,2.2384,19.76757613441662
2,0.5,0.5,2.24,19.741419776234384
2,0.5,0.5,2.2416,19.715300329632278
2,0.5,0.5,2.2432000000000003,19.689217739859274
2,0.5,0.5,2.2448,19.66317195224651
2,0.5,0.5,2.2464,19.63716291220721
2,0.5,0.5,2.248,19.61119056523653
2,0.5,0.5,2.2496,19.585254856911504
2,0.5,0.5,2.2512000000000003,19.559355732890896
2,0.5,0.5,2.2528,19.533493138915116
2,0.5,0.5,2.2544,19.507667020806103
2,0.5,0.5,2.2560000000000002,19.481877324467213
2,0.5,0.5,2.2576,19.45612399588312
2,0.5,0.5,2.2592000000000003,19.430406981119713
2,0.5,0.5,2.2608,19.404726226323973
2,0.5,0.5,2.2624,19.37908167772387
2,0.5,0.5,2.2640000000000002,19.35347328162828
2,0.5,0.5,2.2656,19.327900984426826
2,0.5,0.5,2.2672000000000003,19.302364732589826
2,0.5,0.5,2.2688,19.27686447266816
2,0.5,0.5,2.2704,19.251400151293147
2,0.5,0.5,2.2720000000000002,19.22597171517647
2,0.5,0.5,2.2736,19.200579111110052
2,0.5,0.5,2.2752,19.17522228596594
2,0.5,0.5,2.2768,19.149901186696226
2,0.5,0.5,2.2784,19.124615760332905
2,0.5,0.5,2.2800000000000002,19.09936595398779
2,0.5,0.5,2.2816,19.074151714852402
2,0.5,0.5,2.2832,19.048972990197846
2,0.5,0.5,2.2848,19.02382972737475
2,0.5,0.5,2.2864,18.998721873813093
2,0.5,0.5,2.2880000000000003,18.97364937702214
2,0.5,0.5,2.2896,18.948612184590335
2,0.5,0.5,2.2912,18.92361024418517
2,0.5,0.5,2.2928,18.89864350355311
2,0.5,0.5,2.2944,18.87371191051945
2,0.5,0.5,2.2960000000000003,18.848815412988248
2,0.5,0.5,2.2976,18.823953958942173
2,0.5,0.5,2.2992,18.79912749644244
2,0.5,0.5,2.3008,18.77433597362868
2,0.5,0.5,2.3024,18.749579338718835
2,0.5,0.5,2.3040000000000003,18.724857540009058
2,0.5,0.5,2.3056,18.700170525873595
2,0.5,0.5,2.3072,18.6755182447647
2,0.5,0.5,2.3088,18.650900645212502
2,0.5,0.5,2.3104,18.626317675824925
2,0.5,0.5,2.3120000000000003,18.60176928528755
2,0.5,0.5,2.3136,18.577255422363535
2,0.5,0.5,2.3152,18.55277603589351
2,0.5,0.5,2.3168,18.528331074795435
2,0.5,0.5,2.3184,18.503920488064544
2,0.5,0.5,2.3200000000000003,18.479544224773196
2,0.5,0.5,2.3216,18.455202234070796
2,0.5,0.5,2.3232,18.430894465183673
2,0.5,0.5,2.3248,18.406620867414986
2,0.5,0.5,2.3264,18.3823813901446
2,0.5,0.5,2.3280000000000003,18.358175982829007
2,0.5,0.5,2.3296,18.334004595001186
2,0.5,0.5,2.3312,18.309867176270533
2,0.5,0.5,2.3328,18.28576367632273
2,0.5,0.5,2.3344,18.261694044919647
2,0.5,0.5,2.3360000000000003,18.237658231899236
2,0.5,0.5,2.3376,18.21365618717542
2,0.5,0.5,2.3392,18.189687860738005
2,0.5,0.5,2.3408,18.165753202652546
2,0.5,0.5,2.3424,18.14185216306027
2,0.5,0.5,2.3440000000000003,18.117984692177956
2,0.5,0.5,2.3456,18.094150740297817
2,0.5,0.5,2.3472,18.070350257787428
2,0.5,0.5,2.3488,18.04658319508959
2,0.5,0.5,2.3504,18.02284950272224
2,0.5,0.5,2.3520000000000003,17.999149131278344
2,0.5,0.5,2.3536,17.975482031425777
2,0.5,0.5,2.3552,17.951848153907246
2,0.5,0.5,2.3568000000000002,17.928247449540162
2,0.5,0.5,2.3584,17.90467986921654
2,0.5,0.5,2.3600000000000003,17.88114536390291
2,0.5,0.5,2.3616,17.85764388464018
2,0.5,0.5,2.3632,17.83417538254356
2,0.5,0.5,2.3648000000000002,17.810739808802452
2,0.5,0.5,2.3664,17.787337114680327
2,0.5,0.5,2.3680000000000003,17.763967251514647
2,0.5,0.5,2.3696,17.740630170716738
2,0.5,0.5,2.3712,17.717325823771702
2,0.5,0.5,2.3728000000000002,17.6940541622383
2,0.5,0.5,2.3744,17.670815137748857
2,0.5,0.5,2.3760000000000003,17.647608702009155
2,0.5,0.5,2.3776,17.624434806798323
2,0.5,0.5,2.3792,17.601293403968736
2,0.5,0.5,2.3808000000000002,17.578184445445924
2,0.5,0.5,2.3824,17.555107883228448
2,0.5,0.5,2.384,17.53206366938781
2,0.5,0.5,2.3856,17.509051756068335
2,0.5,0.5,2.3872,17.486072095487085
2,0.5,0.5,2.3888000000000003,17.463124639933746
2,0.5,0.5,2.3904,17.440209341770515
2,0.5,0.5,2.392,17.417326153432025
2,0.5,0.5,2.3936,17.3944750274252
2,0.5,0.5,2.3952,17.3716559163292
2,0.5,0.5,2.3968000000000003,17.348868772795278
2,0.5,0.5,2.3984,17.32611354954669
2,0.5,0.5,2.4,17.303390199378605
2,0.5,0.5,2.4016,17.280698675157968
2,0.5,0.5,2.4032,17.258038929823446
2,0.5,0.5,2.4048000000000003,17.235410916385277
2,0.5,0.5,2.4064,17.2128145879252
2,0.5,0.5,2.408,17.19024989759634
2,0.5,0.5,2.4096,17.1677167986231
2,0.5,0.5,2.4112,17.145215244301077
2,0.5,0.5,2.4128000000000003,17.12274518799693
2,0.5,0.5,2.4144,17.10030658314831
2,0.5,0.5,2.416,17.07789938326373
2,0.5,0.5,2.4176,17.055523541922494
2,0.5,0.5,2.4192,17.03317901277455
2,0.5,0.5,2.4208000000000003,17.010865749540432
2,0.5,0.5,2.4224,16.98858370601114
2,0.5,0.5,2.424,16.966332836048032
2,0.5,0.5,2.4256,16.94411309358273
2,0.5,0.5,2.4272,16.92192443261701
2,0.5,0.5,2.4288000000000003,16.89976680722273
2,0.5,0.5,2.4304,16.877640171541675
2,0.5,0.5,2.432,16.855544479785507
2,0.5,0.5,2.4336,16.833479686235638
2,0.5,0.5,2.4352,16.811445745243127
2,0.5,0.5,2.4368000000000003,16.7894426112286
2,0.5,0.5,2.4384,16.76747023868212
2,0.5,0.5,2.44,16.745528582163097
2,0.5,0.5,2.4416,16.72361759630021
2,0.5,0.5,2.4432,16.70173723579127
2,0.5,0.5,2.4448000000000003,16.679887455403136
2,0.5,0.5,2.4464,16.658068209971624
2,0.5,0.5,2.448,16.63627945440139
2,0.5,0.5,2.4496,16.61452114366583
2,0.5,0.5,2.4512,16.592793232807
2,0.5,0.5,2.4528000000000003,16.571095676935492
2,0.5,0.5,2.4544,16.549428431230346
2,0.5,0.5,2.456,16.52779145093894
2,0.5,0.5,2.4576000000000002,16.506184691376905
2,0.5,0.5,2.4592,16.484608107928022
2,0.5,0.5,2.4608000000000003,16.463061656044104
2,0.5,0.5,2.4624,16.441545291244925
2,0.5,0.5,2.464,16.420058969118088
2,0.5,0.5,2.4656000000000002,16.398602645318956
2,0.5,0.5,2.4672,16.377176275570527
2,0.5,0.5,2.4688000000000003,16.35577981566336
2,0.5,0.5,2.4704,16.334413221455456
2,0.5,0.5,2.472,16.313076448872163
2,0.5,0.5,2.4736000000000002,16.291769453906088
2,0.5,0.5,2.4752,16.27049219261698
2,0.5,0.5,2.4768000000000003,16.249244621131645
2,0.5,0.5,2.4784,16.22802669564384
2,0.5,0.5,2.48,16.20683837241418
2,0.5,0.5,2.4816000000000003,16.18567960777003
2,0.5,0.5,2.4832,16.164550358105426
2,0.5,0.5,2.4848,16.14345057988096
2,0.5,0.5,2.4864,16.122380229623673
2,0.5,0.5,2.488,16.101339263926977
2,0.5,0.5,2.4896000000000003,16.08032763945056
2,0.5,0.5,2.4912,16.059345312920254
2,0.5,0.5,2.4928,16.03839224112799
2,0.5,0.5,2.4944,16.017468380931643
2,0.5,0.5,2.496,15.996573689254976
2,0.5,0.5,2.4976000000000003,15.97570812308753
2,0.5,0.5,2.4992,15.954871639484516
2,0.5,0.5,2.5008,15.934064195566734
2,0.5,0.5,2.5024,15.913285748520467
2,0.5,0.5,2.504,15.892536255597378
2,0.5,0.5,2.5056000000000003,15.871815674114432
2,0.5,0.5,2.5072,15.851123961453778
2,0.5,0.5,2.5088,15.830461075062665
2,0.5,0.5,2.5104,15.809826972453342
2,0.5,0.5,2.512,15.789221611202958
2,0.5,0.5,2.5136000000000003,15.76864494895347
2,0.5,0.5,2.5152,15.748096943411547
2,0.5,0.5,2.5168,15.727577552348466
2,0.5,0.5,2.5184,15.707086733600027
2,0.5,0.5,2.52,15.68662444506645
2,0.5,0.5,2.5216000000000003,15.666190644712275
2,0.5,0.5,2.5232,15.645785290566279
2,0.5,0.5,2.5248,15.625408340721364
2,0.5,0.5,2.5264,15.605059753334476
2,0.5,0.5,2.528,15.584739486626502
2,0.5,0.5,2.5296000000000003,15.564447498882174
2,0.5,0.5,2.5312,15.544183748449976
2,0.5,0.5,2.5328,15.523948193742047
2,0.5,0.5,2.5344,15.503740793234087
2,0.5,0.5,2.536,15.483561505465262
2,0.5,0.5,2.5376000000000003,15.463410289038109
2,0.5,0.5,2.5392,15.44328710261844
2,0.5,0.5,2.5408,15.423191904935248
2,0.5,0.5,2.5424,15.403124654780608
2,0.5,0.5,2.544,15.383085311009596
2,0.5,0.5,2.5456000000000003,15.363073832540177
2,0.5,0.5,2.5472,15.34309017835312
2,0.5,0.5,2.5488,15.323134307491912
2,0.5,0.5,2.5504000000000002,15.303206179062641
2,0.5,0.5,2.552,15.283305752233922
2,0.5,0.5,2.5536000000000003,15.263432986236793
2,0.5,0.5,2.5552,15.243587840364635
2,0.5,0.5,2.5568,15.223770273973056
2,0.5,0.5,2.5584000000000002,15.203980246479817
2,0.5,0.5,2.56,15.184217717364726
2,0.5,0.5,2.5616000000000003,15.164482646169553
2,0.5,0.5,2.5632,15.144774992497933
2,0.5,0.5,2.5648,15.125094716015271
2,0.5,0.5,2.5664000000000002,15.105441776448654
2,0.5,0.5,2.568,15.08581613358675
2,0.5,0.5,2.5696000000000003,15.066217747279728
2,0.5,0.5,2.5712,15.046646577439153
2,0.5,0.5,2.5728,15.0271025840379
2,0.5,0.5,2.5744000000000002,15.007585727110053
2,0.5,0.5,2.576,14.98809596675083
2,0.5,0.5,2.5776000000000003,14.968633263116473
2,0.5,0.5,2.5792,14.94919757642416
2,0.5,0.5,2.5808,14.929788866951922
2,0.5,0.5,2.5824000000000003,14.910407095038542
2,0.5,0.5,2.584,14.891052221083461
2,0.5,0.5,2.5856000000000003,14.871724205546702
2,0.5,0.5,2.5872,14.852423008948756
2,0.5,0.5,2.5888,14.83314859187051
2,0.5,0.5,2.5904000000000003,14.813900914953141
2,0.5,0.5,2.592,14.794679938898033
2,0.5,0.5,2.5936,14.77548562446669
2,0.5,0.5,2.5952,14.756317932480629
2,0.5,0.5,2.5968,14.737176823821306
2,0.5,0.5,2.5984000000000003,14.718062259430015
2,0.5,0.5,2.6,14.6989742003078
2,0.5,0.5,2.6016,14.679912607515364
2,0.5,0.5,2.6032,14.66087744217298
2,0.5,0.5,2.6048,14.641868665460407
2,0.5,0.5,2.6064000000000003,14.622886238616779
2,0.5,0.5,2.608,14.603930122940536
2,0.5,0.5,2.6096,14.585000279789323
2,0.5,0.5,2.6112,14.566096670579906
2,0.5,0.5,2.6128,14.547219256788077
2,0.5,0.5,2.6144000000000003,14.528367999948571
2,0.5,0.5,2.616,14.509542861654964
2,0.5,0.5,2.6176,14.490743803559592
2,0.5,0.5,2.6192,14.47197078737347
2,0.5,0.5,2.6208,14.453223774866187
2,0.5,0.5,2.6224000000000003,14.434502727865818
2,0.5,0.5,2.624,14.415807608258852
2,0.5,0.5,2.6256,14.397138377990085
2,0.5,0.5,2.6272,14.378494999062537
2,0.5,0.5,2.6288,14.359877433537365
2,0.5,0.5,2.6304000000000003,14.341285643533773
2,0.5,0.5,2.632,14.322719591228921
2,0.5,0.5,2.6336,14.304179238857843
2,0.5,0.5,2.6352,14.28566454871335
2,0.5,0.5,2.6368,14.26717548314595
2,0.5,0.5,2.6384000000000003,14.248712004563757
2,0.5,0.5,2.64,14.230274075432401
2,0.5,0.5,2.6416,14.211861658274948
2,0.5,0.5,2.6432,14.19347471567179
2,0.5,0.5,2.6448,14.175113210260593
2,0.5,0.5,2.6464000000000003,14.156777104736172
2,0.5,0.5,2.648,14.138466361850435
2,0.5,0.5,2.6496,14.120180944412274
2,0.5,0.5,2.6512000000000002,14.101920815287492
2,0.5,0.5,2.6528,14.083685937398704
2,0.5,0.5,2.6544000000000003,14.065476273725256
2,0.5,0.5,2.656,14.047291787303143
2,0.5,0.5,2.6576,14.029132441224915
2,0.5,0.5,2.6592000000000002,14.01099819863959
2,0.5,0.5,2.6608,13.992889022752575
2,0.5,0.5,2.6624000000000003,13.974804876825571
2,0.5,0.5,2.664,13.956745724176491
2,0.5,0.5,2.6656,13.938711528179377
2,0.5,0.5,2.6672000000000002,13.920702252264304
2,0.5,0.5,2.6688,13.902717859917304
2,0.5,0.5,2.6704000000000003,13.88475831468028
2,0.5,0.5,2.672,13.866823580150909
2,0.5,0.5,2.6736,13.848913619982566
2,0.5,0.5,2.6752000000000002,13.831028397884245
2,0.5,0.5,2.6768,13.813167877620455
2,0.5,0.5,2.6784000000000003,13.795332023011149
2,0.5,0.5,2.68,13.777520797931633
2,0.5,0.5,2.6816,13.759734166312487
2,0.5,0.5,2.6832000000000003,13.741972092139475
2,0.5,0.5,2.6848,13.724234539453457
2,0.5,0.5,2.6864000000000003,13.706521472350312
2,0.5,0.5,2.688,13.688832854980848
2,0.5,0.5,2.6896,13.671168651550719
2,0.5,0.5,2.6912000000000003,13.653528826320343
2,0.5,0.5,2.6928,13.635913343604814
2,0.5,0.5,2.6944000000000004,13.618322167773817
2,0.5,0.5,2.696,13.600755263251555
2,0.5,0.5,2.6976,13.583212594516647
2,0.5,0.5,2.6992000000000003,13.565694126102057
2,0.5,0.5,2.7008,13.548199822595011
2,0.5,0.5,2.7024,13.530729648636902
2,0.5,0.5,2.704,13.513283568923217
2,0.5,0.5,2.7056,13.495861548203457
2,0.5,0.5,2.7072000000000003,13.478463551281038
2,0.5,0.5,2.7088,13.461089543013223
2,0.5,0.5,2.7104,13.443739488311028
2,0.5,0.5,2.712,13.42641335213915
2,0.5,0.5,2.7136,13.409111099515878
2,0.5,0.5,2.7152000000000003,13.391832695513004
2,0.5,0.5,2.7168,13.374578105255758
2,0.5,0.5,2.7184,13.357347293922704
2,0.5,0.5,2.72,13.340140226745675
2,0.5,0.5,2.7216,13.322956869009683
2,0.5,0.5,2.7232000000000003,13.305797186052839
2,0.5,0.5,2.7248,13.288661143266268
2,0.5,0.5,2.7264,13.271548706094027
2,0.5,0.5,2.728,13.25445984003303
2,0.5,0.5,2.7296,13.237394510632962
2,0.5,0.5,2.7312000000000003,13.220352683496195
2,0.5,0.5,2.7328,13.203334324277709
2,0.5,0.5,2.7344,13.186339398685007
2,0.5,0.5,2.736,13.169367872478043
2,0.5,0.5,2.7376,13.152419711469133
2,0.5,0.5,2.7392000000000003,13.135494881522874
2,0.5,0.5,2.7408,13.118593348556065
2,0.5,0.5,2.7424,13.101715078537628
2,0.5,0.5,2.744,13.08486003748853
2,0.5,0.5,2.7456,13.068028191481691
2,0.5,0.5,2.7472000000000003,13.051219506641912
2,0.5,0.5,2.7488,13.034433949145795
2,0.5,0.5,2.7504,13.017671485221662
2,0.5,0.5,2.7520000000000002,13.000932081149472
2,0.5,0.5,2.7536,12.984215703260741
2,0.5,0.5,2.7552000000000003,12.96752231793847
2,0.5,0.5,2.7568,12.95085189161706
2,0.5,0.5,2.7584,12.934204390782224
2,0.5,0.5,2.7600000000000002,12.917579781970916
2,0.5,0.5,2.7616,12.90097803177126
2,0.5,0.5,2.7632000000000003,12.88439910682245
2,0.5,0.5,2.7648,12.86784297381469
2,0.5,0.5,2.7664,12.851309599489102
2,0.5,0.5,2.7680000000000002,12.834798950637657
2,0.5,0.5,2.7696,12.818310994103088
2,0.5,0.5,2.7712000000000003,12.801845696778813
2,0.5,0.5,2.7728,12.785403025608863
2,0.5,0.5,2.7744,12.76898294758779
2,0.5,0.5,2.7760000000000002,12.752585429760604
2,0.5,0.5,2.7776,12.736210439222685
2,0.5,0.5,2.7792000000000003,12.719857943119708
2,0.5,0.5,2.7808,12.703527908647564
2,0.5,0.5,2.7824,12.687220303052277
2,0.5,0.5,2.7840000000000003,12.670935093629936
2,0.5,0.5,2.7856,12.654672247726614
2,0.5,0.5,2.7872000000000003,12.638431732738285
2,0.5,0.5,2.7888,12.622213516110751
2,0.5,0.5,2.7904,12.606017565339567
2,0.5,0.5,2.7920000000000003,12.589843847969954
2,0.5,0.5,2.7936,12.573692331596733
2,0.5,0.5,2.7952000000000004,12.557562983864242
2,0.5,0.5,2.7968,12.541455772466259
2,0.5,0.5,2.7984,12.525370665145928
2,0.5,0.5,2.8000000000000003,12.509307629695677
2,0.5,0.5,2.8016,12.49326663395715
2,0.5,0.5,2.8032,12.477247645821121
2,0.5,0.5,2.8048,12.461250633227419
2,0.5,0.5,2.8064,12.445275564164861
2,0.5,0.5,2.8080000000000003,12.429322406671167
2,0.5,0.5,2.8096,12.413391128832881
2,0.5,0.5,2.8112,12.397481698785306
2,0.5,0.5,2.8128,12.381594084712418
2,0.5,0.5,2.8144,12.365728254846799
2,0.5,0.5,2.8160000000000003,12.349884177469548
2,0.5,0.5,2.8176,12.334061820910222
2,0.5,0.5,2.8192,12.318261153546748
2,0.5,0.5,2.8208,12.302482143805353
2,0.5,0.5,2.8224,12.28672476016049
2,0.5,0.5,2.8240000000000003,12.27098897113476
2,0.5,0.5,2.8256,12.255274745298832
2,0.5,0.5,2.8272,12.239582051271382
2,0.5,0.5,2.8288,12.223910857719003
2,0.5,0.5,2.8304,12.208261133356142
2,0.5,0.5,2.8320000000000003,12.192632846945017
2,0.5,0.5,2.8336,12.177025967295547
2,0.5,0.5,2.8352,12.161440463265278
2,0.5,0.5,2.8368,12.145876303759307
2,0.5,0.5,2.8384,12.130333457730206
2,0.5,0.5,2.8400000000000003,12.114811894177954
2,0.5,0.5,2.8416,12.099311582149857
2,0.5,0.5,2.8432,12.083832490740471
2,0.5,0.5,2.8448,12.068374589091544
2,0.5,0.5,2.8464,12.052937846391924
2,0.5,0.5,2.8480000000000003,12.037522231877494
2,0.5,0.5,2.8496,12.0221277148311
2,0.5,0.5,2.8512,12.00675426458248
2,0.5,0.5,2.8528000000000002,11.99140185050818
2,0.5,0.5,2.8544,11.976070442031483
2,0.5,0.5,2.8560000000000003,11.960760008622353
2,0.5,0.5,2.8576,11.945470519797341
2,0.5,0.5,2.8592,11.930201945119524
2,0.5,0.5,2.8608000000000002,11.914954254198426
2,0.5,0.5,2.8624,11.899727416689949
2,0.5,0.5,2.8640000000000003,11.884521402296304
2,0.5,0.5,2.8656,11.869336180765927
2,0.5,0.5,2.8672,11.854171721893422
2,0.5,0.5,2.8688000000000002,11.839027995519476
2,0.5,0.5,2.8704,11.823904971530796
2,0.5,0.5,2.8720000000000003,11.808802619860034
2,0.5,0.5,2.8736,11.793720910485709
2,0.5,0.5,2.8752,11.778659813432144
2,0.5,0.5,2.8768000000000002,11.763619298769393
2,0.5,0.5,2.8784,11.748599336613164
2,0.5,0.5,2.8800000000000003,11.733599897124753
2,0.5,0.5,2.8816,11.718620950510973
2,0.5,0.5,2.8832,11.703662467024076
2,0.5,0.5,2.8848000000000003,11.688724416961689
2,0.5,0.5,2.8864,11.673806770666742
2,0.5,0.5,2.8880000000000003,11.658909498527395
2,0.5,0.5,2.8896,11.644032570976968
2,0.5,0.5,2.8912,11.62917595849387
2,0.5,0.5,2.8928000000000003,11.614339631601528
2,0.5,0.5,2.8944,11.59952356086832
2,0.5,0.5,2.8960000000000004,11.584727716907501
2,0.5,0.5,2.8976,11.569952070377134
2,0.5,0.5,2.8992,11.555196591980017
2,0.5,0.5,2.9008000000000003,11.54046125246362
2,0.5,0.5,2.9024,11.525746022620005
2,0.5,0.5,2.9040000000000004,11.511050873285772
2,0.5,0.5,2.9056,11.496375775341965
2,0.5,0.5,2.9072,11.48172069971403
2,0.5,0.5,2.9088000000000003,11.467085617371724
2,0.5,0.5,2.9104,11.452470499329058
2,0.5,0.5,2.912,11.437875316644218
2,0.5,0.5,2.9136,11.423300040419507
2,0.5,0.5,2.9152,11.408744641801267
2,0.5,0.5,2.9168000000000003,11.394209091979814
2,0.5,0.5,2.9184,11.379693362189368
2,0.5,0.5,2.92,11.365197423707984
2,0.5,0.5,2.9216,11.350721247857484
2,0.5,0.5,2.9232,11.336264806003388
2,0.5,0.5,2.9248000000000003,11.321828069554847
2,0.5,0.5,2.9264,11.307411009964571
2,0.5,0.5,2.928,11.293013598728766
2,0.5,0.5,2.9296,11.27863580738706
2,0.5,0.5,2.9312,11.264277607522438
2,0.5,0.5,2.9328000000000003,11.249938970761173
2,0.5,0.5,2.9344,11.235619868772764
2,0.5,0.5,2.936,11.221320273269859
2,0.5,0.5,2.9376,11.207040156008192
2,0.5,0.5,2.9392,11.192779488786517
2,0.5,0.5,2.9408000000000003,11.178538243446535
2,0.5,0.5,2.9424,11.164316391872834
2,0.5,0.5,2.944,11.150113905992818
2,0.5,0.5,2.9456,11.135930757776636
2,0.5,0.5,2.9472,11.121766919237118
2,0.5,0.5,2.9488000000000003,11.107622362429714
2,0.5,0.5,2.9504,11.093497059452421
2,0.5,0.5,2.952,11.079390982445716
2,0.5,0.5,2.9536000000000002,11.065304103592487
2,0.5,0.5,2.9552,11.051236395117977
2,0.5,0.5,2.9568000000000003,11.037187829289705
2,0.5,0.5,2.9584,11.023158378417412
2,0.5,0.5,2.96,11.009148014852979
2,0.5,0.5,2.9616000000000002,10.995156710990377
2,0.5,0.5,2.9632,10.981184439265592
2,0.5,0.5,2.9648000000000003,10.967231172156557
2,0.5,0.5,2.9664,10.953296882183094
2,0.5,0.5,2.968,10.939381541906847
2,0.5,0.5,2.9696000000000002,10.92548512393121
2,0.5,0.5,2.9712,10.911607600901263
2,0.5,0.5,2.9728000000000003,10.897748945503714
2,0.5,0.5,2.9744,10.883909130466828
2,0.5,0.5,2.976,10.870088128560356
2,0.5,0.5,2.9776000000000002,10.856285912595485
2,0.5,0.5,2.9792,10.842502455424755
2,0.5,0.5,2.9808000000000003,10.828737729942008
2,0.5,0.5,2.9824,10.814991709082319
2,0.5,0.5,2.984,10.80126436582193
2,0.5,0.5,2.9856000000000003,10.787555673178186
2,0.5,0.5,2.9872,10.773865604209467
2,0.5,0.5,2.9888000000000003,10.76019413201513
2,0.5,0.5,2.9904,10.746541229735444
2,0.5,0.5,2.992,10.732906870551515
2,0.5,0.5,2.9936000000000003,10.71929102768524
2,0.5,0.5,2.9952,10.705693674399225
2,0.5,0.5,2.9968000000000004,10.692114783996734
2,0.5,0.5,2.9984,10.678554329821623
2,0.5,0.5,3.0,10.665012285258264
2,0.5,0.5,3.0016000000000003,10.651488623731497
2,0.5,0.5,3.0032,10.637983318706564
2,0.5,0.5,3.0048000000000004,10.624496343689033
2,0.5,0.5,3.0064,10.61102767222475
2,0.5,0.5,3.008,10.59757727789977
2,0.5,0.5,3.0096000000000003,10.584145134340284
2,0.5,0.5,3.0112,10.570731215212575
2,0.5,0.5,3.0128,10.557335494222944
2,0.5,0.5,3.0144,10.54395794511764
2,0.5,0.5,3.016,10.530598541682817
2,0.5,0.5,3.0176000000000003,10.517257257744447
2,0.5,0.5,3.0192,10.503934067168279
2,0.5,0.5,3.0208,10.490628943859768
2,0.5,0.5,3.0224,10.477341861764009
2,0.5,0.5,3.024,10.464072794865675
2,0.5,0.5,3.0256000000000003,10.450821717188962
2,0.5,0.5,3.0272,10.437588602797522
2,0.5,0.5,3.0288,10.4243734257944
2,0.5,0.5,3.0304,10.411176160321977
2,0.5,0.5,3.032,10.3979967805619
2,0.5,0.5,3.0336000000000003,10.384835260735029
2,0.5,0.5,3.0352,10.37169157510137
2,0.5,0.5,3.0368,10.358565697960012
2,0.5,0.5,3.0384,10.345457603649074
2,0.5,0.5,3.04,10.332367266545637
2,0.5,0.5,3.0416000000000003,10.319294661065678
2,0.5,0.5,3.0432,10.306239761664022
2,0.5,0.5,3.0448,10.293202542834269
2,0.5,0.5,3.0464,10.280182979108739
2,0.5,0.5,3.048,10.267181045058411
2,0.5,0.5,3.0496000000000003,10.254196715292862
2,0.5,0.5,3.0512,10.241229964460201
2,0.5,0.5,3.0528,10.228280767247016
2,0.5,0.5,3.0544000000000002,10.21534909837831
2,0.5,0.5,3.056,10.202434932617443
2,0.5,0.5,3.0576000000000003,10.189538244766062
2,0.5,0.5,3.0592,10.176659009664057
2,0.5,0.5,3.0608,10.163797202189487
2,0.5,0.5,3.0624000000000002,10.150952797258524
2,0.5,0.5,3.064,10.138125769825402
2,0.5,0.5,3.0656000000000003,10.125316094882345
2,0.5,0.5,3.0672,10.112523747459507
2,0.5,0.5,3.0688,10.099748702624924
2,0.5,0.5,3.0704000000000002,10.086990935484438
2,0.5,0.5,3.072,10.074250421181663
2,0.5,0.5,3.0736000000000003,10.061527134897894
2,0.5,0.5,3.0752,10.04882105185207
2,0.5,0.5,3.0768,10.036132147300707
2,0.5,0.5,3.0784000000000002,10.023460396537843
2,0.5,0.5,3.08,10.010805774894973
2,0.5,0.5,3.0816000000000003,9.998168257740993
2,0.5,0.5,3.0832,9.98554782048214
2,0.5,0.5,3.0848,9.972944438561939
2,0.5,0.5,3.0864000000000003,9.960358087461135
2,0.5,0.5,3.088,9.947788742697645
2,0.5,0.5,3.0896000000000003,9.935236379826488
2,0.5,0.5,3.0912,9.922700974439735
2,0.5,0.5,3.0928,9.91018250216645
2,0.5,0.5,3.0944000000000003,9.897680938672625
2,0.5,0.5,3.096,9.885196259661134
2,0.5,0.5,3.0976000000000004,9.872728440871661
2,0.5,0.5,3.0992,9.860277458080654
2,0.5,0.5,3.1008,9.847843287101258
2,0.5,0.5,3.1024000000000003,9.83542590378327
2,0.5,0.5,3.104,9.823025284013058
2,0.5,0.5,3.1056000000000004,9.810641403713534
2,0.5,0.5,3.1072,9.798274238844071
2,0.5,0.5,3.1088,9.785923765400458
2,0.5,0.5,3.1104000000000003,9.77358995941484
2,0.5,0.5,3.112,9.761272796955664
2,0.5,0.5,3.1136000000000004,9.748972254127617
2,0.5,0.5,3.1152,9.736688307071567
2,0.5,0.5,3.1168,9.724420931964517
2,0.5,0.5,3.1184000000000003,9.71217010501953
2,0.5,0.5,3.12,9.699935802485696
2,0.5,0.5,3.1216,9.687718000648058
2,0.5,0.5,3.1232,9.675516675827557
2,0.5,0.5,3.1248,9.663331804380983
2,0.5,0.5,3.1264000000000003,9.65116336270091
2,0.5,0.5,3.128,9.639011327215648
2,0.5,0.5,3.1296,9.626875674389183
2,0.5,0.5,3.1312,9.614756380721115
2,0.5,0.5,3.1328,9.602653422746615
2,0.5,0.5,3.1344000000000003,9.590566777036354
2,0.5,0.5,3.136,9.578496420196464
2,0.5,0.5,3.1376,9.56644232886846
2,0.5,0.5,3.1392,9.554404479729211
2,0.5,0.5,3.1408,9.542382849490863
2,0.5,0.5,3.1424000000000003,9.530377414900796
2,0.5,0.5,3.144,9.518388152741556
2,0.5,0.5,3.1456,9.506415039830815
2,0.5,0.5,3.1472,9.494458053021305
2,0.5,0.5,3.1488,9.482517169200767
2,0.5,0.5,3.1504000000000003,9.470592365291893
2,0.5,0.5,3.152,9.458683618252277
2,0.5,0.5,3.1536,9.446790905074348
2,0.5,0.5,3.1552000000000002,9.434914202785334
2,0.5,0.5,3.1568,9.423053488447195
2,0.5,0.5,3.1584000000000003,9.41120873915656
2,0.5,0.5,3.16,9.39937993204469
2,0.5,0.5,3.1616,9.387567044277414
2,0.5,0.5,3.1632000000000002,9.37577005305508
2,0.5,0.5,3.1648,9.36398893561249
2,0.5,0.5,3.1664000000000003,9.352223669218862
2,0.5,0.5,3.168,9.340474231177758
2,0.5,0.5,3.1696,9.328740598827045
2,0.5,0.5,3.1712000000000002,9.31702274953883
2,0.5,0.5,3.1728,9.305320660719419
2,0.5,0.5,3.1744000000000003,9.293634309809246
2,0.5,0.5,3.176,9.281963674282832
2,0.5,0.5,3.1776,9.270308731648727
2,0.5,0.5,3.1792000000000002,9.258669459449465
2,0.5,0.5,3.1808,9.247045835261488
2,0.5,0.5,3.1824000000000003,9.235437836695123
2,0.5,0.5,3.184,9.223845441394506
2,0.5,0.5,3.1856,9.212268627037531
2,0.5,0.5,3.1872000000000003,9.200707371335813
2,0.5,0.5,3.1888,9.189161652034617
2,0.5,0.5,3.1904000000000003,9.177631446912812
2,0.5,0.5,3.192,9.166116733782822
2,0.5,0.5,3.1936,9.154617490490566
2,0.5,0.5,3.1952000000000003,9.143133694915406
2,0.5,0.5,3.1968,9.131665324970102
2,0.5,0.5,3.1984000000000004,9.120212358600758
2,0.5,0.5,3.2,9.108774773786754
2,0.5,0.5,3.2016,9.09735254854072
2,0.5,0.5,3.2032000000000003,9.085945660908456
2,0.5,0.5,3.2048,9.074554088968904
2,0.5,0.5,3.2064000000000004,9.063177810834082
2,0.5,0.5,3.208,9.05181680464903
2,0.5,0.5,3.2096,9.040471048591773
2,0.5,0.5,3.2112000000000003,9.029140520873247
2,0.5,0.5,3.2128,9.01782519973727
2,0.5,0.5,3.2144000000000004,9.006525063460474
2,0.5,0.5,3.216,8.995240090352265
2,0.5,0.5,3.2176,8.98397025875476
2,0.5,0.5,3.2192000000000003,8.972715547042743
2,0.5,0.5,3.2208,8.961475933623616
2,0.5,0.5,3.2224000000000004,8.950251396937333
2,0.5,0.5,3.224,8.93904191545637
2,0.5,0.5,3.2256,8.927847467685659
2,0.5,0.5,3.2272000000000003,8.916668032162542
2,0.5,0.5,3.2288,8.905503587456721
2,0.5,0.5,3.2304,8.894354112170202
2,0.5,0.5,3.232,8.88321958493725
2,0.5,0.5,3.2336,8.872099984424333
2,0.5,0.5,3.2352000000000003,8.860995289330079
2,0.5,0.5,3.2368,8.849905478385214
2,0.5,0.5,3.2384,8.838830530352526
2,0.5,0.5,3.24,8.827770424026802
2,0.5,0.5,3.2416,8.816725138234784
2,0.5,0.5,3.2432000000000003,8.805694651835115
2,0.5,0.5,3.2448,8.794678943718292
2,0.5,0.5,3.2464,8.783677992806618
2,0.5,0.5,3.248,8.77269177805415
2,0.5,0.5,3.2496,8.761720278446637
2,0.5,0.5,3.2512000000000003,8.750763473001495
2,0.5,0.5,3.2528,8.739821340767735
2,0.5,0.5,3.2544,8.728893860825925
2,0.5,0.5,3.2560000000000002,8.717981012288138
2,0.5,0.5,3.2576,8.707082774297902
2,0.5,0.5,3.2592000000000003,8.696199126030145
2,0.5,0.5,3.2608,8.685330046691156
2,0.5,0.5,3.2624,8.674475515518528
2,0.5,0.5,3.2640000000000002,8.663635511781115
2,0.5,0.5,3.2656,8.652810014778977
2,0.5,0.5,3.2672000000000003,8.641999003843333
2,0.5,0.5,3.2688,8.631202458336508
2,0.5,0.5,3.2704,8.620420357651899
2,0.5,0.5,3.2720000000000002,8.609652681213905
2,0.5,0.5,3.2736,8.598899408477896
2,0.5,0.5,3.2752000000000003,8.588160518930149
2,0.5,0.5,3.2768,8.577435992087816
2,0.5,0.5,3.2784,8.566725807498864
2,0.5,0.5,3.2800000000000002,8.556029944742031
2,0.5,0.5,3.2816,8.545348383426772
2,0.5,0.5,3.2832000000000003,8.534681103193218
2,0.5,0.5,3.2848,8.524028083712128
2,0.5,0.5,3.2864,8.513389304684827
2,0.5,0.5,3.2880000000000003,8.502764745843184
2,0.5,0.5,3.2896,8.492154386949533
2,0.5,0.5,3.2912000000000003,8.481558207796652
2,0.5,0.5,3.2928,8.470976188207702
2,0.5,0.5,3.2944,8.460408308036175
2,0.5,0.5,3.2960000000000003,8.449854547165861
2,0.5,0.5,3.2976,8.439314885510786
2,0.5,0.5,3.2992000000000004,8.428789303015172
2,0.5,0.5,3.3008,8.418277779653387
2,0.5,0.5,3.3024,8.407780295429905
2,0.5,0.5,3.3040000000000003,8.397296830379245
2,0.5,0.5,3.3056,8.386827364565935
2,0.5,0.5,3.3072000000000004,8.376371878084457
2,0.5,0.5,3.3088,8.36593035105921
2,0.5,0.5,3.3104,8.355502763644452
2,0.5,0.5,3.3120000000000003,8.345089096024262
2,0.5,0.5,3.3136,8.334689328412487
2,0.5,0.5,3.3152000000000004,8.324303441052697
2,0.5,0.5,3.3168,8.313931414218143
2,0.5,0.5,3.3184,8.303573228211697
2,0.5,0.5,3.3200000000000003,8.293228863365824
2,0.5,0.5,3.3216,8.282898300042529
2,0.5,0.5,3.3232000000000004,8.272581518633295
2,0.5,0.5,3.3248,8.26227849955906
2,0.5,0.5,3.3264,8.251989223270154
2,0.5,0.5,3.3280000000000003,8.241713670246266
2,0.5,0.5,3.3296,8.231451820996385
2,0.5,0.5,3.3312,8.221203656058764
2,0.5,0.5,3.3328,8.21096915600087
2,0.5,0.5,3.3344,8.200748301419335
2,0.5,0.5,3.3360000000000003,8.190541072939915
2,0.5,0.5,3.3376,8.180347451217445
2,0.5,0.5,3.3392,8.170167416935792
2,0.5,0.5,3.3408,8.160000950807802
2,0.5,0.5,3.3424,8.149848033575267
2,0.5,0.5,3.3440000000000003,8.139708646008874
2,0.5,0.5,3.3456,8.129582768908156
2,0.5,0.5,3.3472,8.11947038310145
2,0.5,0.5,3.3488,8.109371469445858
2,0.5,0.5,3.3504,8.099286008827187
2,0.5,0.5,3.3520000000000003,8.089213982159913
2,0.5,0.5,3.3536,8.079155370387149
2,0.5,0.5,3.3552,8.069110154480573
2,0.5,0.5,3.3568000000000002,8.059078315440397
2,0.5,0.5,3.3584,8.04905983429533
2,0.5,0.5,3.3600000000000003,8.039054692102521
2,0.5,0.5,3.3616,8.02906286994752
2,0.5,0.5,3.3632,8.01908434894423
2,0.5,0.5,3.3648000000000002,8.009119110234868
2,0.5,0.5,3.3664,7.999167134989917
2,0.5,0.5,3.3680000000000003,7.9892284044080775
2,0.5,0.5,3.3696,7.979302899716234
2,0.5,0.5,3.3712,7.9693906021694
2,0.5,0.5,3.3728000000000002,7.959491493050681
2,0.5,0.5,3.3744,7.949605553671225
2,0.5,0.5,3.3760000000000003,7.939732765370184
2,0.5,0.5,3.3776,7.929873109514669
2,0.5,0.5,3.3792,7.9200265674997
2,0.5,0.5,3.3808000000000002,7.9101931207481675
2,0.5,0.5,3.3824,7.900372750710792
2,0.5,0.5,3.3840000000000003,7.890565438866073
2,0.5,0.5,3.3856,7.880771166720252
2,0.5,0.5,3.3872,7.870989915807262
2,0.5,0.5,3.3888000000000003,7.861221667688689
2,0.5,0.5,3.3904,7.85146640395373
2,0.5,0.5,3.3920000000000003,7.8417241062191465
2,0.5,0.5,3.3936,7.8319947561292205
2,0.5,0.5,3.3952,7.822278335355715
2,0.5,0.5,3.3968000000000003,7.8125748255978245
2,0.5,0.5,3.3984,7.802884208582143
2,0.5,0.5,3.4000000000000004,7.793206466062612
2,0.5,0.5,3.4016,7.783541579820477
2,0.5,0.5,3.4032,7.77388953166425
2,0.5,0.5,3.4048000000000003,7.764250303429667
2,0.5,0.5,3.4064,7.754623876979637
2,0.5,0.5,3.4080000000000004,7.745010234204211
2,0.5,0.5,3.4096,7.73540935702053
2,0.5,0.5,3.4112,7.72582122737279
2,0.5,0.5,3.4128000000000003,7.716245827232193
2,0.5,0.5,3.4144,7.706683138596907
2,0.5,0.5,3.4160000000000004,7.697133143492027
2,0.5,0.5,3.4176,7.687595823969527
2,0.5,0.5,3.4192,7.678071162108224
2,0.5,0.5,3.4208000000000003,7.668559140013731
2,0.5,0.5,3.4224,7.659059739818418
2,0.5,0.5,3.4240000000000004,7.6495729436813695
2,0.5,0.5,3.4256,7.640098733788341
2,0.5,0.5,3.4272,7.630637092351718
2,0.5,0.5,3.4288000000000003,7.621188001610478
2,0.5,0.5,3.4304,7.611751443830141
2,0.5,0.5,3.4320000000000004,7.602327401302734
2,0.5,0.5,3.4336,7.5929158563467505
2,0.5,0.5,3.4352,7.583516791307105
2,0.5,0.5,3.4368000000000003,7.574130188555091
2,0.5,0.5,3.4384,7.564756030488345
2,0.5,0.5,3.44,7.5553942995308
2,0.5,0.5,3.4416,7.54604497813265
2,0.5,0.5,3.4432,7.5367080487703
2,0.5,0.5,3.4448000000000003,7.527383493946332
2,0.5,0.5,3.4464,7.518071296189465
2,0.5,0.5,3.448,7.5087714380545085
2,0.5,0.5,3.4496,7.499483902122326
2,0.5,0.5,3.4512,7.490208670999792
2,0.5,0.5,3.4528000000000003,7.480945727319751
2,0.5,0.5,3.4544,7.471695053740981
2,0.5,0.5,3.456,7.462456632948148
2,0.5,0.5,3.4576000000000002,7.453230447651765
2,0.5,0.5,3.4592,7.444016480588157
2,0.5,0.5,3.4608000000000003,7.434814714519416
2,0.5,0.5,3.4624,7.425625132233363
2,0.5,0.5,3.464,7.416447716543506
2,0.5,0.5,3.4656000000000002,7.407282450289
2,0.5,0.5,3.4672,7.39812931633461
2,0.5,0.5,3.4688000000000003,7.388988297570664
2,0.5,0.5,3.4704,7.379859376913023
2,0.5,0.5,3.472,7.3707425373030295
2,0.5,0.5,3.4736000000000002,7.361637761707479
2,0.5,0.5,3.4752,7.352545033118573
2,0.5,0.5,3.4768000000000003,7.343464334553879
2,0.5,0.5,3.4784,7.334395649056294
2,0.5,0.5,3.48,7.3253389596940055
2,0.5,0.5,3.4816000000000003,7.316294249560448
2,0.5,0.5,3.4832,7.307261501774268
2,0.5,0.5,3.4848000000000003,7.298240699479279
2,0.5,0.5,3.4864,7.2892318258444275
2,0.5,0.5,3.488,7.280234864063753
2,0.5,0.5,3.4896000000000003,7.271249797356345
2,0.5,0.5,3.4912,7.262276608966306
2,0.5,0.5,3.4928000000000003,7.253315282162715
2,0.5,0.5,3.4944,7.244365800239583
2,0.5,0.5,3.496,7.23542814651582
2,0.5,0.5,3.4976000000000003,7.226502304335193
2,0.5,0.5,3.4992,7.217588257066285
2,0.5,0.5,3.5008000000000004,7.208685988102459
2,0.5,0.5,3.5024,7.1997954808618205
2,0.5,0.5,3.504,7.190916718787175
2,0.5,0.5,3.5056000000000003,7.182049685345994
2,0.5,0.5,3.5072,7.173194364030372
2,0.5,0.5,3.5088000000000004,7.1643507383569895
2,0.5,0.5,3.5104,7.155518791867077
2,0.5,0.5,3.512,7.146698508126374
2,0.5,0.5,3.5136000000000003,7.13788987072509
2,0.5,0.5,3.5152,7.1290928632778705
2,0.5,0.5,3.5168000000000004,7.120307469423753
2,0.5,0.5,3.5184,7.111533672826132
2,0.5,0.5,3.52,7.102771457172726
2,0.5,0.5,3.5216000000000003,7.094020806175525
2,0.5,0.5,3.5232,7.085281703570771
2,0.5,0.5,3.5248000000000004,7.076554133118905
2,0.5,0.5,3.5264,7.067838078604539
2,0.5,0.5,3.528,7.059133523836412
2,0.5,0.5,3.5296000000000003,7.050440452647354
2,0.5,0.5,3.5312,7.041758848894254
2,0.5,0.5,3.5328000000000004,7.033088696458013
2,0.5,0.5,3.5344,7.0244299792435125
2,0.5,0.5,3.536,7.0157826811795765
2,0.5,0.5,3.5376000000000003,7.0071467862189305
2,0.5,0.5,3.5392,6.9985222783381715
2,0.5,0.5,3.5408000000000004,6.989909141537721
2,0.5,0.5,3.5424,6.981307359841798
2,0.5,0.5,3.544,6.972716917298373
2,0.5,0.5,3.5456000000000003,6.964137797979138
2,0.5,0.5,3.5472,6.955569985979462
2,0.5,0.5,3.5488,6.9470134654183635
2,0.5,0.5,3.5504000000000002,6.938468220438464
2,0.5,0.5,3.552,6.929934235205959
2,0.5,0.5,3.5536000000000003,6.9214114939105755
2,0.5,0.5,3.5552,6.912899980765538
2,0.5,0.5,3.5568,6.90439968000753
2,0.5,0.5,3.5584000000000002,6.895910575896662
2,0.5,0.5,3.56,6.88743265271643
2,0.5,0.5,3.5616000000000003,6.87896589477368
2,0.5,0.5,3.5632,6.8705102863985745
2,0.5,0.5,3.5648,6.862065811944552
2,0.5,0.5,3.5664000000000002,6.853632455788293
2,0.5,0.5,3.568,6.845210202329682
2,0.5,0.5,3.5696000000000003,6.836799035991776
2,0.5,0.5,3.5712,6.828398941220764
2,0.5,0.5,3.5728,6.82000990248593
2,0.5,0.5,3.5744000000000002,6.811631904279621
2,0.5,0.5,3.576,6.803264931117209
2,0.5,0.5,3.5776000000000003,6.794908967537054
2,0.5,0.5,3.5792,6.786563998100469
2,0.5,0.5,3.5808,6.778230007391685
2,0.5,0.5,3.5824000000000003,6.769906980017818
2,0.5,0.5,3.584,6.761594900608824
2,0.5,0.5,3.5856000000000003,6.753293753817471
2,0.5,0.5,3.5872,6.745003524319307
2,0.5,0.5,3.5888,6.736724196812614
2,0.5,0.5,3.5904000000000003,6.728455756018381
2,0.5,0.5,3.592,6.720198186680263
2,0.5,0.5,3.5936000000000003,6.71195147356455
2,0.5,0.5,3.5952,6.70371560146013
2,0.5,0.5,3.5968,6.695490555178453
2,0.5,0.5,3.5984000000000003,6.687276319553497
2,0.5,0.5,3.6,6.679072879441733
2,0.5,0.5,3.6016000000000004,6.670880219722088
2,0.5,0.5,3.6032,6.662698325295913
2,0.5,0.5,3.6048,6.654527181086945
2,0.5,0.5,3.6064000000000003,6.646366772041278
2,0.5,0.5,3.608,6.638217083127318
2,0.5,0.5,3.6096000000000004,6.630078099335758
2,0.5,0.5,3.6112,6.621949805679537
2,0.5,0.5,3.6128,6.613832187193809
2,0.5,0.5,3.6144000000000003,6.605725228935909
2,0.5,0.5,3.616,6.597628915985312
2,0.5,0.5,3.6176000000000004,6.589543233443607
2,0.5,0.5,3.6192,6.5814681664344565
2,0.5,0.5,3.6208,6.573403700103568
2,0.5,0.5,3.6224000000000003,6.5653498196186515
2,0.5,0.5,3.624,6.557306510169393
2,0.5,0.5,3.6256000000000004,6.5492737569674135
2,0.5,0.5,3.6272,6.541251545246244
2,0.5,0.5,3.6288,6.53323986026128
2,0.5,0.5,3.6304000000000003,6.5252386872897565
2,0.5,0.5,3.632,6.51724801163071
2,0.5,0.5,3.6336000000000004,6.509267818604948
2,0.5,0.5,3.6352,6.501298093555007
2,0.5,0.5,3.6368,6.4933388218451285
2,0.5,0.5,3.6384000000000003,6.48538998886122
2,0.5,0.5,3.64,6.477451580010821
2,0.5,0.5,3.6416000000000004,6.469523580723073
2,0.5,0.5,3.6432,6.46160597644868
2,0.5,0.5,3.6448,6.453698752659882
2,0.5,0.5,3.6464000000000003,6.445801894850416
2,0.5,0.5,3.648,6.437915388535485
2,0.5,0.5,3.6496,6.430039219251723
2,0.5,0.5,3.6512000000000002,6.422173372557165
2,0.5,0.5,3.6528,6.414317834031208
2,0.5,0.5,3.6544000000000003,6.406472589274585
2,0.5,0.5,3.656,6.398637623909328
2,0.5,0.5,3.6576,6.39081292357873
2,0.5,0.5,3.6592000000000002,6.382998473947323
2,0.5,0.5,3.6608,6.375194260700835
2,0.5,0.5,3.6624000000000003,6.367400269546164
2,0.5,0.5,3.664,6.359616486211339
2,0.5,0.5,3.6656,6.351842896445492
2,0.5,0.5,3.6672000000000002,6.344079486018822
2,0.5,0.5,3.6688,6.336326240722566
2,0.5,0.5,3.6704000000000003,6.3285831463689615
2,0.5,0.5,3.672,6.320850188791218
2,0.5,0.5,3.6736,6.313127353843482
2,0.5,0.5,3.6752000000000002,6.305414627400806
2,0.5,0.5,3.6768,6.297711995359114
2,0.5,0.5,3.6784000000000003,6.29001944363517
2,0.5,0.5,3.68,6.282336958166549
2,0.5,0.5,3.6816,6.274664524911598
2,0.5,0.5,3.6832000000000003,6.26700212984941
2,0.5,0.5,3.6848,6.259349758979787
2,0.5,0.5,3.6864000000000003,6.2517073983232105
2,0.5,0.5,3.688,6.24407503392081
2,0.5,0.5,3.6896,6.236452651834328
2,0.5,0.5,3.6912000000000003,6.228840238146092
2,0.5,0.5,3.6928,6.221237778958979
2,0.5,0.5,3.6944000000000004,6.213645260396383
2,0.5,0.5,3.696,6.20606266860219
2,0.5,0.5,3.6976,6.198489989740735
2,0.5,0.5,3.6992000000000003,6.190927209996782
2,0.5,0.5,3.7008,6.183374315575484
2,0.5,0.5,3.7024000000000004,6.1758312927023535
2,0.5,0.5,3.704,6.168298127623234
2,0.5,0.5,3.7056,6.160774806604263
2,0.5,0.5,3.7072000000000003,6.153261315931848
2,0.5,0.5,3.7088,6.145757641912625
2,0.5,0.5,3.7104000000000004,6.1382637708734356
2,0.5,0.5,3.712,6.130779689161292
2,0.5,0.5,3.7136,6.1233053831433475
2,0.5,0.5,3.7152000000000003,6.1158408392068635
2,0.5,0.5,3.7168,6.108386043759178
2,0.5,0.5,3.7184000000000004,6.100940983227676
2,0.5,0.5,3.72,6.093505644059759
2,0.5,0.5,3.7216,6.08608001272281
2,0.5,0.5,3.7232000000000003,6.078664075704168
2,0.5,0.5,3.7248,6.071257819511095
2,0.5,0.5,3.7264000000000004,6.0638612306707405
2,0.5,0.5,3.728,6.0564742957301165
2,0.5,0.5,3.7296,6.049097001256067
2,0.5,0.5,3.7312000000000003,6.041729333835232
2,0.5,0.5,3.7328,6.03437128007402
2,0.5,0.5,3.7344000000000004,6.02702282659858
2,0.5,0.5,3.736,6.019683960054767
2,0.5,0.5,3.7376,6.01235466710811
2,0.5,0.5,3.7392000000000003,6.005034934443787
2,0.5,0.5,3.7408,5.99772474876659
2,0.5,0.5,3.7424000000000004,5.990424096800896
2,0.5,0.5,3.744,5.9831329652906415
2,0.5,0.5,3.7456,5.975851340999279
2,0.5,0.5,3.7472000000000003,5.968579210709762
2,0.5,0.5,3.7488,5.961316561224506
2,0.5,0.5,3.7504000000000004,5.954063379365362
2,0.5,0.5,3.7520000000000002,5.9468196519735805
2,0.5,0.5,3.7536,5.939585365909791
2,0.5,0.5,3.7552000000000003,5.9323605080539625
2,0.5,0.5,3.7568,5.925145065305382
2,0.5,0.5,3.7584,5.917939024582617
2,0.5,0.5,3.7600000000000002,5.910742372823491
2,0.5,0.5,3.7616,5.90355509698505
2,0.5,0.5,3.7632000000000003,5.896377184043537
2,0.5,0.5,3.7648,5.889208620994358
2,0.5,0.5,3.7664,5.882049394852052
2,0.5,0.5,3.7680000000000002,5.874899492650268
2,0.5,0.5,3.7696,5.867758901441729
2,0.5,0.5,3.7712000000000003,5.8606276082982
2,0.5,0.5,3.7728,5.85350560031047
2,0.5,0.5,3.7744,5.846392864588313
2,0.5,0.5,3.7760000000000002,5.8392893882604575
2,0.5,0.5,3.7776,5.8321951584745655
2,0.5,0.5,3.7792000000000003,5.825110162397195
2,0.5,0.5,3.7808,5.8180343872137765
2,0.5,0.5,3.7824,5.81096782012858
2,0.5,0.5,3.7840000000000003,5.803910448364687
2,0.5,0.5,3.7856,5.796862259163963
2,0.5,0.5,3.7872000000000003,5.789823239787027
2,0.5,0.5,3.7888,5.782793377513221
2,0.5,0.5,3.7904,5.775772659640586
2,0.5,0.5,3.7920000000000003,5.768761073485825
2,0.5,0.5,3.7936,5.761758606384284
2,0.5,0.5,3.7952000000000004,5.754765245689914
2,0.5,0.5,3.7968,5.747780978775249
2,0.5,0.5,3.7984,5.740805793031373
2,0.5,0.5,3.8000000000000003,5.733839675867893
2,0.5,0.5,3.8016,5.7268826147129115
2,0.5,0.5,3.8032000000000004,5.719934597012995
2,0.5,0.5,3.8048,5.712995610233149
2,0.5,0.5,3.8064,5.706065641856784
2,0.5,0.5,3.8080000000000003,5.6991446793856975
2,0.5,0.5,3.8096,5.692232710340031
2,0.5,0.5,3.8112000000000004,5.685329722258253
2,0.5,0.5,3.8128,5.678435702697127
2,0.5,0.5,3.8144,5.671550639231684
2,0.5,0.5,3.8160000000000003,5.664674519455192
2,0.5,0.5,3.8176,5.65780733097913
2,0.5,0.5,3.8192000000000004,5.650949061433161
2,0.5,0.5,3.8208,5.644099698465098
2,0.5,0.5,3.8224,5.637259229740884
2,0.5,0.5,3.8240000000000003,5.63042764294456
2,0.5,0.5,3.8256,5.623604925778234
2,0.5,0.5,3.8272000000000004,5.616791065962059
2,0.5,0.5,3.8288,5.609986051234202
2,0.5,0.5,3.8304,5.603189869350816
2,0.5,0.5,3.8320000000000003,5.596402508086012
2,0.5,0.5,3.8336,5.589623955231835
2,0.5,0.5,3.8352000000000004,5.582854198598231
2,0.5,0.5,3.8368,5.576093226013023
2,0.5,0.5,3.8384,5.5693410253218785
2,0.5,0.5,3.8400000000000003,5.562597584388293
2,0.5,0.5,3.8416,5.555862891093546
2,0.5,0.5,3.8432000000000004,5.5491369333366904
2,0.5,0.5,3.8448,5.5424196990345145
2,0.5,0.5,3.8464,5.535711176121516
2,0.5,0.5,3.8480000000000003,5.529011352549877
2,0.5,0.5,3.8496,5.5223202162894385
2,0.5,0.5,3.8512000000000004,5.515637755327665
2,0.5,0.5,3.8528000000000002,5.508963957669629
2,0.5,0.5,3.8544,5.502298811337973
2,0.5,0.5,3.8560000000000003,5.49564230437289
2,0.5,0.5,3.8576,5.48899442483209
2,0.5,0.5,3.8592,5.48235516079078
2,0.5,0.5,3.8608000000000002,5.475724500341633
2,0.5,0.5,3.8624,5.469102431594759
2,0.5,0.5,3.8640000000000003,5.462488942677684
2,0.5,0.5,3.8656,5.455884021735317
2,0.5,0.5,3.8672,5.4492876569299264
2,0.5,0.5,3.8688000000000002,5.442699836441115
2,0.5,0.5,3.8704,5.436120548465789
2,0.5,0.5,3.8720000000000003,5.4295497812181335
2,0.5,0.5,3.8736,5.4229875229295885
2,0.5,0.5,3.8752,5.416433761848815
2,0.5,0.5,3.8768000000000002,5.409888486241678
2,0.5,0.5,3.8784,5.403351684391209
2,0.5,0.5,3.8800000000000003,5.396823344597592
2,0.5,0.5,3.8816,5.390303455178126
2,0.5,0.5,3.8832,5.383792004467206
2,0.5,0.5,3.8848000000000003,5.377288980816293
2,0.5,0.5,3.8864,5.370794372593888
2,0.5,0.5,3.8880000000000003,5.3643081681855085
2,0.5,0.5,3.8896,5.357830355993658
2,0.5,0.5,3.8912,5.351360924437804
2,0.5,0.5,3.8928000000000003,5.344899861954347
2,0.5,0.5,3.8944,5.3384471569966
2,0.5,0.5,3.8960000000000004,5.3320027980347575
2,0.5,0.5,3.8976,5.325566773555876
2,0.5,0.5,3.8992,5.319139072063838
2,0.5,0.5,3.9008000000000003,5.312719682079337
2,0.5,0.5,3.9024,5.306308592139844
2,0.5,0.5,3.9040000000000004,5.299905790799585
2,0.5,0.5,3.9056,5.293511266629512
2,0.5,0.5,3.9072,5.287125008217284
2,0.5,0.5,3.9088000000000003,5.280747004167234
2,0.5,0.5,3.9104,5.274377243100346
2,0.5,0.5,3.9120000000000004,5.268015713654234
2,0.5,0.5,3.9136,5.261662404483105
2,0.5,0.5,3.9152,5.255317304257746
2,0.5,0.5,3.9168000000000003,5.2489804016654915
2,0.5,0.5,3.9184,5.2426516854102
2,0.5,0.5,3.9200000000000004,5.236331144212226
2,0.5,0.5,3.9216,5.230018766808399
2,0.5,0.5,3.9232,5.223714541951999
2,0.5,0.5,3.9248000000000003,5.21741845841272
2,0.5,0.5,3.9264,5.211130504976659
2,0.5,0.5,3.9280000000000004,5.204850670446283
2,0.5,0.5,3.9296,5.198578943640407
2,0.5,0.5,3.9312,5.192315313394164
2,0.5,0.5,3.9328000000000003,5.186059768558987
2,0.5,0.5,3.9344,5.179812298002577
2,0.5,0.5,3.9360000000000004,5.173572890608884
2,0.5,0.5,3.9376,5.167341535278078
2,0.5,0.5,3.9392,5.161118220926526
2,0.5,0.5,3.9408000000000003,5.154902936486764
2,0.5,0.5,3.9424,5.148695670907477
2,0.5,0.5,3.9440000000000004,5.142496413153472
2,0.5,0.5,3.9456,5.13630515220565
2,0.5,0.5,3.9472,5.130121877060987
2,0.5,0.5,3.9488000000000003,5.123946576732508
2,0.5,0.5,3.9504,5.117779240249256
2,0.5,0.5,3.9520000000000004,5.111619856656278
2,0.5,0.5,3.9536000000000002,5.105468415014588
2,0.5,0.5,3.9552,5.099324904401154
2,0.5,0.5,3.9568000000000003,5.09318931390887
2,0.5,0.5,3.9584,5.087061632646525
2,0.5,0.5,3.9600000000000004,5.080941849738788
2,0.5,0.5,3.9616000000000002,5.0748299543261775
2,0.5,0.5,3.9632,5.0687259355650385
2,0.5,0.5,3.9648000000000003,5.062629782627521
2,0.5,0.5,3.9664,5.056541484701553
2,0.5,0.5,3.968,5.050461030990815
2,0.5,0.5,3.9696000000000002,5.044388410714719
2,0.5,0.5,3.9712,5.038323613108382
2,0.5,0.5,3.9728000000000003,5.032266627422604
2,0.5,0.5,3.9744,5.026217442923844
2,0.5,0.5,3.976,5.020176048894191
2,0.5,0.5,3.9776000000000002,5.0141424346313475
2,0.5,0.5,3.9792,5.008116589448599
2,0.5,0.5,3.9808000000000003,5.002098502674793
2,0.5,0.5,3.9824,4.996088163654318
2,0.5,0.5,3.984,4.990085561747076
2,0.5,0.5,3.9856000000000003,4.9840906863284555
2,0.5,0.5,3.9872,4.978103526789315
2,0.5,0.5,3.9888000000000003,4.972124072535958
2,0.5,0.5,3.9904,4.966152312990102
2,0.5,0.5,3.992,4.960188237588864
2,0.5,0.5,3.9936000000000003,4.954231835784729
2,0.5,0.5,3.9952,4.948283097045535
2,0.5,0.5,3.9968000000000004,4.942342010854444
2,0.5,0.5,3.9984,4.9364085667099165
2,0.5,0.5,4.0,4.930482754125693
2,0.5,0.5,4.0016,4.924564562630768
2,0.5,0.5,4.0032000000000005,4.918653981769369
2,0.5,0.5,4.0048,4.912751001100927
2,0.5,0.5,4.0064,4.906855610200062
2,0.5,0.5,4.008,4.900967798656552
2,0.5,0.5,4.0096,4.8950875560753175
2,0.5,0.5,4.0112000000000005,4.889214872076386
2,0.5,0.5,4.0128,4.883349736294884
2,0.5,0.5,4.0144,4.877492138381002
2,0.5,0.5,4.016,4.8716420679999795
2,0.5,0.5,4.0176,4.865799514832077
2,0.5,0.5,4.0192000000000005,4.859964468572552
2,0.5,0.5,4.0208,4.85413691893164
2,0.5,0.5,4.0224,4.84831685563453
2,0.5,0.5,4.024,4.842504268421345
2,0.5,0.5,4.0256,4.836699147047109
2,0.5,0.5,4.027200000000001,4.830901481281735
2,0.5,0.5,4.0288,4.825111260909999
2,0.5,0.5,4.0304,4.819328475731513
2,0.5,0.5,4.032,4.813553115560707
2,0.5,0.5,4.0336,4.807785170226807
2,0.5,0.5,4.035200000000001,4.802024629573807
2,0.5,0.5,4.0368,4.796271483460452
2,0.5,0.5,4.0384,4.790525721760212
2,0.5,0.5,4.04,4.784787334361261
2,0.5,0.5,4.0416,4.779056311166453
2,0.5,0.5,4.043200000000001,4.773332642093304
2,0.5,0.5,4.0448,4.76761631707396
2,0.5,0.5,4.0464,4.761907326055189
2,0.5,0.5,4.048,4.756205658998343
2,0.5,0.5,4.0496,4.750511305879347
2,0.5,0.5,4.051200000000001,4.744824256688672
2,0.5,0.5,4.0528,4.739144501431312
2,0.5,0.5,4.0544,4.733472030126768
2,0.5,0.5,4.056,4.727806832809016
2,0.5,0.5,4.0576,4.722148899526492
2,0.5,0.5,4.059200000000001,4.7164982203420704
2,0.5,0.5,4.0608,4.7108547853330345
2,0.5,0.5,4.0624,4.705218584591064
2,0.5,0.5,4.064,4.699589608222205
2,0.5,0.5,4.0656,4.693967846346853
2,0.5,0.5,4.067200000000001,4.688353289099733
2,0.5,0.5,4.0688,4.682745926629865
2,0.5,0.5,4.0704,4.6771457491005615
2,0.5,0.5,4.072,4.671552746689389
2,0.5,0.5,4.0736,4.665966909588154
2,0.5,0.5,4.075200000000001,4.660388228002882
2,0.5,0.5,4.0768,4.654816692153789
2,0.5,0.5,4.0784,4.649252292275269
2,0.5,0.5,4.08,4.643695018615865
2,0.5,0.5,4.0816,4.638144861438252
2,0.5,0.5,4.083200000000001,4.632601811019212
2,0.5,0.5,4.0848,4.627065857649615
2,0.5,0.5,4.0864,4.621536991634396
2,0.5,0.5,4.088,4.616015203292536
2,0.5,0.5,4.0896,4.6105004829570335
2,0.5,0.5,4.091200000000001,4.604992820974895
2,0.5,0.5,4.0928,4.599492207707102
2,0.5,0.5,4.0944,4.593998633528596
2,0.5,0.5,4.096,4.588512088828256
2,0.5,0.5,4.0976,4.5830325640088745
2,0.5,0.5,4.099200000000001,4.577560049487144
2,0.5,0.5,4.1008000000000004,4.572094535693625
2,0.5,0.5,4.1024,4.566636013072733
2,0.5,0.5,4.104,4.561184472082714
2,0.5,0.5,4.1056,4.555739903195624
2,0.5,0.5,4.107200000000001,4.550302296897309
2,0.5,0.5,4.1088000000000005,4.54487164368738
2,0.5,0.5,4.1104,4.539447934079199
2,0.5,0.5,4.112,4.534031158599851
2,0.5,0.5,4.1136,4.528621307790128
2,0.5,0.5,4.115200000000001,4.523218372204504
2,0.5,0.5,4.1168000000000005,4.517822342411118
2,0.5,0.5,4.1184,4.512433208991751
2,0.5,0.5,4.12,4.507050962541805
2,0.5,0.5,4.1216,4.501675593670284
2,0.5,0.5,4.1232,4.496307092999772
2,0.5,0.5,4.1248000000000005,4.490945451166411
2,0.5,0.5,4.1264,4.485590658819882
2,0.5,0.5,4.128,4.480242706623387
2,0.5,0.5,4.1296,4.474901585253622
2,0.5,0.5,4.1312,4.469567285400761
2,0.5,0.5,4.1328000000000005,4.464239797768436
2,0.5,0.5,4.1344,4.458919113073713
2,0.5,0.5,4.136,4.453605222047074
2,0.5,0.5,4.1376,4.448298115432395
2,0.5,0.5,4.1392,4.442997783986929
2,0.5,0.5,4.1408000000000005,4.437704218481282
2,0.5,0.5,4.1424,4.432417409699394
2,0.5,0.5,4.144,4.427137348438518
2,0.5,0.5,4.1456,4.421864025509202
2,0.5,0.5,4.1472,4.416597431735264
2,0.5,0.5,4.1488000000000005,4.411337557953777
2,0.5,0.5,4.1504,4.4060843950150455
2,0.5,0.5,4.152,4.400837933782588
2,0.5,0.5,4.1536,4.395598165133117
2,0.5,0.5,4.1552,4.390365079956511
2,0.5,0.5,4.1568000000000005,4.385138669155807
2,0.5,0.5,4.1584,4.379918923647171
2,0.5,0.5,4.16,4.374705834359884
2,0.5,0.5,4.1616,4.369499392236317
2,0.5,0.5,4.1632,4.364299588231913
2,0.5,0.5,4.1648000000000005,4.3591064133151685
2,0.5,0.5,4.1664,4.353919858467615
2,0.5,0.5,4.168,4.34873991468379
2,0.5,0.5,4.1696,4.343566572971232
2,0.5,0.5,4.1712,4.338399824350449
2,0.5,0.5,4.1728000000000005,4.333239659854901
2,0.5,0.5,4.1744,4.3280860705309845
2,0.5,0.5,4.176,4.322939047438009
2,0.5,0.5,4.1776,4.317798581648179
2,0.5,0.5,4.1792,4.312664664246573
2,0.5,0.5,4.1808000000000005,4.307537286331126
2,0.5,0.5,4.1824,4.302416439012607
2,0.5,0.5,4.184,4.297302113414602
2,0.5,0.5,4.1856,4.292194300673496
2,0.5,0.5,4.1872,4.28709299193845
2,0.5,0.5,4.1888000000000005,4.281998178371379
2,0.5,0.5,4.1904,4.276909851146943
2,0.5,0.5,4.192,4.2718280014525165
2,0.5,0.5,4.1936,4.266752620488177
2,0.5,0.5,4.1952,4.261683699466678
2,0.5,0.5,4.1968000000000005,4.25662122961344
2,0.5,0.5,4.1984,4.251565202166522
2,0.5,0.5,4.2,4.246515608376606
2,0.5,0.5,4.2016,4.2414724395069765
2,0.5,0.5,4.2032,4.236435686833507
2,0.5,0.5,4.2048000000000005,4.231405341644632
2,0.5,0.5,4.2064,4.226381395241334
2,0.5,0.5,4.208,4.2213638389371235
2,0.5,0.5,4.2096,4.216352664058018
2,0.5,0.5,4.2112,4.211347861942523
2,0.5,0.5,4.2128000000000005,4.206349423941617
2,0.5,0.5,4.2144,4.201357341418729
2,0.5,0.5,4.216,4.19637160574972
2,0.5,0.5,4.2176,4.191392208322864
2,0.5,0.5,4.2192,4.186419140538831
2,0.5,0.5,4.2208000000000006,4.181452393810666
2,0.5,0.5,4.2224,4.176491959563771
2,0.5,0.5,4.224,4.171537829235888
2,0.5,0.5,4.2256,4.166589994277076
2,0.5,0.5,4.2272,4.161648446149697
2,0.5,0.5,4.228800000000001,4.156713176328396
2,0.5,0.5,4.2304,4.151784176300079
2,0.5,0.5,4.232,4.1468614375638975
2,0.5,0.5,4.2336,4.141944951631232
2,0.5,0.5,4.2352,4.13703471002567
2,0.5,0.5,4.236800000000001,4.132130704282987
2,0.5,0.5,4.2384,4.1272329259511285
2,0.5,0.5,4.24,4.122341366590198
2,0.5,0.5,4.2416,4.117456017772426
2,0.5,0.5,4.2432,4.1125768710821635
2,0.5,0.5,4.244800000000001,4.107703918115858
2,0.5,0.5,4.2464,4.102837150482033
2,0.5,0.5,4.248,4.097976559801278
2,0.5,0.5,4.2496,4.09312213770622
2,0.5,0.5,4.2512,4.088273875841511
2,0.5,0.5,4.252800000000001,4.083431765863813
2,0.5,0.5,4.2544,4.0785957994417705
2,0.5,0.5,4.256,4.073765968255998
2,0.5,0.5,4.2576,4.068942263999065
2,0.5,0.5,4.2592,4.064124678375473
2,0.5,0.5,4.260800000000001,4.0593132031016355
2,0.5,0.5,4.2624,4.0545078299058686
2,0.5,0.5,4.264,4.049708550528362
2,0.5,0.5,4.2656,4.044915356721171
2,0.5,0.5,4.2672,4.040128240248192
2,0.5,0.5,4.268800000000001,4.035347192885146
2,0.5,0.5,4.2704,4.0305722064195635
2,0.5,0.5,4.272,4.025803272650764
2,0.5,0.5,4.2736,4.0210403833898365
2,0.5,0.5,4.2752,4.016283530459624
2,0.5,0.5,4.276800000000001,4.01153270569471
2,0.5,0.5,4.2784,4.006787900941389
2,0.5,0.5,4.28,4.002049108057664
2,0.5,0.5,4.2816,3.997316318913215
2,0.5,0.5,4.2832,3.992589525389389
2,0.5,0.5,4.284800000000001,3.987868719379181
2,0.5,0.5,4.2864,3.9831538927872137
2,0.5,0.5,4.288,3.9784450375297253
2,0.5,0.5,4.2896,3.9737421455345463
2,0.5,0.5,4.2912,3.9690452087410857
2,0.5,0.5,4.292800000000001,3.9643542191003105
2,0.5,0.5,4.2944,3.959669168574732
2,0.5,0.5,4.296,3.954990049138385
2,0.5,0.5,4.2976,3.9503168527768104
2,0.5,0.5,4.2992,3.9456495714870403
2,0.5,0.5,4.300800000000001,3.9409881972775804
2,0.5,0.5,4.3024000000000004,3.9363327221683897
2,0.5,0.5,4.304,3.9316831381908655
2,0.5,0.5,4.3056,3.9270394373878257
2,0.5,0.5,4.3072,3.922401611813492
2,0.5,0.5,4.308800000000001,3.9177696535334707
2,0.5,0.5,4.3104000000000005,3.9131435546247393
2,0.5,0.5,4.312,3.908523307175624
2,0.5,0.5,4.3136,3.9039089032857874
2,0.5,0.5,4.3152,3.89930033506621
2,0.5,0.5,4.316800000000001,3.894697594639171
2,0.5,0.5,4.3184000000000005,3.890100674138233
2,0.5,0.5,4.32,3.8855095657082264
2,0.5,0.5,4.3216,3.8809242615052275
2,0.5,0.5,4.3232,3.8763447536965483
2,0.5,0.5,4.324800000000001,3.8717710344607137
2,0.5,0.5,4.3264000000000005,3.867203095987448
2,0.5,0.5,4.328,3.8626409304776557
2,0.5,0.5,4.3296,3.858084530143407
2,0.5,0.5,4.3312,3.853533887207918
2,0.5,0.5,4.332800000000001,3.8489889939055373
2,0.5,0.5,4.3344000000000005,3.8444498424817257
2,0.5,0.5,4.336,3.839916425193044
2,0.5,0.5,4.3376,3.8353887343071302
2,0.5,0.5,4.3392,3.830866762102687
2,0.5,0.5,4.3408,3.826350500869465
2,0.5,0.5,4.3424000000000005,3.8218399429082446
2,0.5,0.5,4.344,3.8173350805308193
2,0.5,0.5,4.3456,3.812835906059981
2,0.5,0.5,4.3472,3.8083424118295004
2,0.5,0.5,4.3488,3.803854590184113
2,0.5,0.5,4.3504000000000005,3.7993724334795016
2,0.5,0.5,4.352,3.7948959340822794
2,0.5,0.5,4.3536,3.790425084369975
2,0.5,0.5,4.3552,3.785959876731013
2,0.5,0.5,4.3568,3.7815003035647017
2,0.5,0.5,4.3584000000000005,3.777046357281213
2,0.5,0.5,4.36,3.772598030301568
2,0.5,0.5,4.3616,3.7681553150576197
2,0.5,0.5,4.3632,3.763718203992037
2,0.5,0.5,4.3648,3.759286689558289
2,0.5,0.5,4.3664000000000005,3.754860764220628
2,0.5,0.5,4.368,3.750440420454073
2,0.5,0.5,4.3696,3.7460256507443948
2,0.5,0.5,4.3712,3.7416164475880977
2,0.5,0.5,4.3728,3.7372128034924055
2,0.5,0.5,4.3744000000000005,3.7328147109752434
2,0.5,0.5,4.376,3.728422162565224
2,0.5,0.5,4.3776,3.724035150801629
2,0.5,0.5,4.3792,3.7196536682343955
2,0.5,0.5,4.3808,3.7152777074240966
2,0.5,0.5,4.3824000000000005,3.710907260941929
2,0.5,0.5,4.384,3.706542321369695
2,0.5,0.5,4.3856,3.702182881299787
2,0.5,0.5,4.3872,3.697828933335171
2,0.5,0.5,4.3888,3.693480470089371
2,0.5,0.5,4.3904000000000005,3.689137484186454
2,0.5,0.5,4.392,3.6847999682610135
2,0.5,0.5,4.3936,3.680467914958152
2,0.5,0.5,4.3952,3.6761413169334682
2,0.5,0.5,4.3968,3.6718201668530392
2,0.5,0.5,4.3984000000000005,3.667504457393406
2,0.5,0.5,4.4,3.663194181241555
2,0.5,0.5,4.4016,3.6588893310949064
2,0.5,0.5,4.4032,3.654589899661295
2,0.5,0.5,4.4048,3.6502958796589557
2,0.5,0.5,4.4064000000000005,3.64600726381651
2,0.5,0.5,4.408,3.641724044872946
2,0.5,0.5,4.4096,3.637446215577607
2,0.5,0.5,4.4112,3.6331737686901726
2,0.5,0.5,4.4128,3.6289066969806463
2,0.5,0.5,4.4144000000000005,3.6246449932293365
2,0.5,0.5,4.416,3.6203886502268454
2,0.5,0.5,4.4176,3.616137660774048
2,0.5,0.5,4.4192,3.6118920176820817
2,0.5,0.5,4.4208,3.607651713772328
2,0.5,0.5,4.4224000000000006,3.6034167418763983
2,0.5,0.5,4.424,3.599187094836118
2,0.5,0.5,4.4256,3.5949627655035115
2,0.5,0.5,4.4272,3.590743746740785
2,0.5,0.5,4.4288,3.5865300314203155
2,0.5,0.5,4.430400000000001,3.58232161242463
2,0.5,0.5,4.432,3.578118482646396
2,0.5,0.5,4.4336,3.573920634988401
2,0.5,0.5,4.4352,3.569728062363541
2,0.5,0.5,4.4368,3.5655407576948033
2,0.5,0.5,4.438400000000001,3.5613587139152525
2,0.5,0.5,4.44,3.5571819239680145
2,0.5,0.5,4.4416,3.553010380806261
2,0.5,0.5,4.4432,3.5488440773931966
2,0.5,0.5,4.4448,3.544683006702041
2,0.5,0.5,4.446400000000001,3.540527161716017
2,0.5,0.5,4.448,3.536376535428331
2,0.5,0.5,4.4496,3.5322311208421637
2,0.5,0.5,4.4512,3.5280909109706498
2,0.5,0.5,4.4528,3.5239558988368667
2,0.5,0.5,4.454400000000001,3.5198260774738173
2,0.5,0.5,4.456,3.515701439924417
2,0.5,0.5,4.4576,3.5115819792414777
2,0.5,0.5,4.4592,3.5074676884876936
2,0.5,0.5,4.4608,3.5033585607356246
2,0.5,0.5,4.462400000000001,3.4992545890676836
2,0.5,0.5,4.464,3.4951557665761213
2,0.5,0.5,4.4656,3.4910620863630095
2,0.5,0.5,4.4672,3.48697354154023
2,0.5,0.5,4.4688,3.482890125229457
2,0.5,0.5,4.470400000000001,3.478811830562142
2,0.5,0.5,4.472,3.4747386506795026
2,0.5,0.5,4.4736,3.470670578732504
2,0.5,0.5,4.4752,3.466607607881846
2,0.5,0.5,4.4768,3.4625497312979494
2,0.5,0.5,4.478400000000001,3.458496942160939
2,0.5,0.5,4.48,3.4544492336606316
2,0.5,0.5,4.4816,3.45040659899652
2,0.5,0.5,4.4832,3.446369031377759
2,0.5,0.5,4.4848,3.44233652402315
2,0.5,0.5,4.486400000000001,3.438309070161128
2,0.5,0.5,4.488,3.434286663029746
2,0.5,0.5,4.4896,3.430269295876661
2,0.5,0.5,4.4912,3.4262569619591208
2,0.5,0.5,4.4928,3.422249654543947
2,0.5,0.5,4.494400000000001,3.418247366907522
2,0.5,0.5,4.496,3.414250092335776
2,0.5,0.5,4.4976,3.4102578241241708
2,0.5,0.5,4.4992,3.4062705555776867
2,0.5,0.5,4.5008,3.402288280010806
2,0.5,0.5,4.502400000000001,3.3983109907475026
2,0.5,0.5,4.5040000000000004,3.394338681121224
2,0.5,0.5,4.5056,3.390371344474881
2,0.5,0.5,4.5072,3.3864089741608296
2,0.5,0.5,4.5088,3.3824515635408576
2,0.5,0.5,4.510400000000001,3.378499105986174
2,0.5,0.5,4.5120000000000005,3.374551594877391
2,0.5,0.5,4.5136,3.370609023604512
2,0.5,0.5,4.5152,3.3666713855669155
2,0.5,0.5,4.5168,3.362738674173343
2,0.5,0.5,4.518400000000001,3.358810882841885
2,0.5,0.5,4.5200000000000005,3.354888004999965
2,0.5,0.5,4.5216,3.35097003408433
2,0.5,0.5,4.5232,3.347056963541028
2,0.5,0.5,4.5248,3.343148786825405
2,0.5,0.5,4.526400000000001,3.3392454974020827
2,0.5,0.5,4.5280000000000005,3.3353470887449483
2,0.5,0.5,4.5296,3.3314535543371404
2,0.5,0.5,4.5312,3.3275648876710333
2,0.5,0.5,4.5328,3.3236810822482252
2,0.5,0.5,4.534400000000001,3.3198021315795256
2,0.5,0.5,4.5360000000000005,3.315928029184936
2,0.5,0.5,4.5376,3.312058768593642
2,0.5,0.5,4.5392,3.308194343343998
2,0.5,0.5,4.5408,3.304334746983512
2,0.5,0.5,4.542400000000001,3.300479973068832
2,0.5,0.5,4.5440000000000005,3.296630015165735
2,0.5,0.5,4.5456,3.2927848668491086
2,0.5,0.5,4.5472,3.288944521702944
2,0.5,0.5,4.5488,3.2851089733203156
2,0.5,0.5,4.5504,3.281278215303372
2,0.5,0.5,4.5520000000000005,3.2774522412633207
2,0.5,0.5,4.5536,3.273631044820415
2,0.5,0.5,4.5552,3.269814619603938
2,0.5,0.5,4.5568,3.2660029592521957
2,0.5,0.5,4.5584,3.2621960574124955
2,0.5,0.5,4.5600000000000005,3.2583939077411377
2,0.5,0.5,4.5616,3.2545965039034015
2,0.5,0.5,4.5632,3.2508038395735297
2,0.5,0.5,4.5648,3.2470159084347165
2,0.5,0.5,4.5664,3.2432327041790954
2,0.5,0.5,4.5680000000000005,3.239454220507724
2,0.5,0.5,4.5696,3.235680451130571
2,0.5,0.5,4.5712,3.2319113897665037
2,0.5,0.5,4.5728,3.228147030143273
2,0.5,0.5,4.5744,3.224387365997502
2,0.5,0.5,4.5760000000000005,3.2206323910746737
2,0.5,0.5,4.5776,3.216882099129114
2,0.5,0.5,4.5792,3.213136483923981
2,0.5,0.5,4.5808,3.2093955392312523
2,0.5,0.5,4.5824,3.20565925883171
2,0.5,0.5,4.5840000000000005,3.20192763651493
2,0.5,0.5,4.5856,3.1982006660792655
2,0.5,0.5,4.5872,3.1944783413318376
2,0.5,0.5,4.5888,3.1907606560885204
2,0.5,0.5,4.5904,3.187047604173926
2,0.5,0.5,4.5920000000000005,3.183339179421396
2,0.5,0.5,4.5936,3.1796353756729845
2,0.5,0.5,4.5952,3.175936186779448
2,0.5,0.5,4.5968,3.172241606600229
2,0.5,0.5,4.5984,3.1685516290034457
2,0.5,0.5,4.6000000000000005,3.16486624786588
2,0.5,0.5,4.6016,3.16118545707296
2,0.5,0.5,4.6032,3.1575092505187534
2,0.5,0.5,4.6048,3.1538376221059496
2,0.5,0.5,4.6064,3.150170565745848
2,0.5,0.5,4.6080000000000005,3.1465080753583474
2,0.5,0.5,4.6096,3.1428501448719306
2,0.5,0.5,4.6112,3.1391967682236523
2,0.5,0.5,4.6128,3.1355479393591263
2,0.5,0.5,4.6144,3.131903652232514
2,0.5,0.5,4.6160000000000005,3.1282639008065103
2,0.5,0.5,4.6176,3.1246286790523317
2,0.5,0.5,4.6192,3.1209979809497015
2,0.5,0.5,4.6208,3.117371800486841
2,0.5,0.5,4.6224,3.1137501316604537
2,0.5,0.5,4.6240000000000006,3.110132968475712
2,0.5,0.5,4.6256,3.1065203049462484
2,0.5,0.5,4.6272,3.1029121350941407
2,0.5,0.5,4.6288,3.0993084529498973
2,0.5,0.5,4.6304,3.095709252552449
2,0.5,0.5,4.632000000000001,3.092114527949134
2,0.5,0.5,4.6336,3.0885242731956843
2,0.5,0.5,4.6352,3.0849384823562143
2,0.5,0.5,4.6368,3.0813571495032113
2,0.5,0.5,4.6384,3.077780268717517
2,0.5,0.5,4.640000000000001,3.0742078340883197
2,0.5,0.5,4.6416,3.070639839713141
2,0.5,0.5,4.6432,3.067076279697823
2,0.5,0.5,4.6448,3.0635171481565147
2,0.5,0.5,4.6464,3.059962439211662
2,0.5,0.5,4.648000000000001,3.056412146993993
2,0.5,0.5,4.6496,3.0528662656425074
2,0.5,0.5,4.6512,3.049324789304464
2,0.5,0.5,4.6528,3.0457877121353674
2,0.5,0.5,4.6544,3.0422550282989564
2,0.5,0.5,4.656000000000001,3.0387267319671922
2,0.5,0.5,4.6576,3.035202817320245
2,0.5,0.5,4.6592,3.031683278546484
2,0.5,0.5,4.6608,3.0281681098424613
2,0.5,0.5,4.6624,3.024657305412904
2,0.5,0.5,4.664000000000001,3.0211508594707
2,0.5,0.5,4.6656,3.0176487662368854
2,0.5,0.5,4.6672,3.014151019940633
2,0.5,0.5,4.6688,3.0106576148192414
2,0.5,0.5,4.6704,3.0071685451181205
2,0.5,0.5,4.672000000000001,3.003683805090781
2,0.5,0.5,4.6736,3.0002033889988224
2,0.5,0.5,4.6752,2.9967272911119207
2,0.5,0.5,4.6768,2.9932555057078156
2,0.5,0.5,4.6784,2.9897880270723007
2,0.5,0.5,4.680000000000001,2.986324849499209
2,0.5,0.5,4.6816,2.9828659672904023
2,0.5,0.5,4.6832,2.9794113747557596
2,0.5,0.5,4.6848,2.9759610662131637
2,0.5,0.5,4.6864,2.9725150359884913
2,0.5,0.5,4.688000000000001,2.9690732784155984
2,0.5,0.5,4.6896,2.965635787836312
2,0.5,0.5,4.6912,2.962202558600416
2,0.5,0.5,4.6928,2.95877358506564
2,0.5,0.5,4.6944,2.955348861597646
2,0.5,0.5,4.696000000000001,2.9519283825700193
2,0.5,0.5,4.6976,2.9485121423642537
2,0.5,0.5,4.6992,2.9451001353697444
2,0.5,0.5,4.7008,2.94169235598377
2,0.5,0.5,4.7024,2.9382887986114867
2,0.5,0.5,4.704000000000001,2.934889457665913
2,0.5,0.5,4.7056000000000004,2.931494327567918
2,0.5,0.5,4.7072,2.9281034027462116
2,0.5,0.5,4.7088,2.924716677637334
2,0.5,0.5,4.7104,2.921334146685639
2,0.5,0.5,4.712000000000001,2.917955804343288
2,0.5,0.5,4.7136000000000005,2.9145816450702347
2,0.5,0.5,4.7152,2.9112116633342153
2,0.5,0.5,4.7168,2.9078458536107363
2,0.5,0.5,4.7184,2.9044842103830635
2,0.5,0.5,4.720000000000001,2.9011267281422097
2,0.5,0.5,4.7216000000000005,2.8977734013869245
2,0.5,0.5,4.7232,2.894424224623681
2,0.5,0.5,4.7248,2.891079192366665
2,0.5,0.5,4.7264,2.8877382991377667
2,0.5,0.5,4.728000000000001,2.8844015394665634
2,0.5,0.5,4.7296000000000005,2.8810689078903127
2,0.5,0.5,4.7312,2.8777403989539403
2,0.5,0.5,4.7328,2.8744160072100255
2,0.5,0.5,4.7344,2.8710957272187945
2,0.5,0.5,4.736000000000001,2.8677795535481074
2,0.5,0.5,4.7376000000000005,2.8644674807734445
2,0.5,0.5,4.7392,2.8611595034778983
2,0.5,0.5,4.7408,2.85785561625216
2,0.5,0.5,4.7424,2.8545558136945095
2,0.5,0.5,4.744000000000001,2.851260090410804
2,0.5,0.5,4.7456000000000005,2.847968441014466
2,0.5,0.5,4.7472,2.8446808601264735
2,0.5,0.5,4.7488,2.8413973423753465
2,0.5,0.5,4.7504,2.8381178823971385
2,0.5,0.5,4.752000000000001,2.8348424748354244
2,0.5,0.5,4.7536000000000005,2.831571114341288
2,0.5,0.5,4.7552,2.828303795573312
2,0.5,0.5,4.7568,2.825040513197568
2,0.5,0.5,4.7584,2.8217812618876037
2,0.5,0.5,4.76,2.8185260363244318
2,0.5,0.5,4.7616000000000005,2.8152748311965197
2,0.5,0.5,4.7632,2.8120276411997795
2,0.5,0.5,4.7648,2.808784461037555
2,0.5,0.5,4.7664,2.8055452854206124
2,0.5,0.5,4.768,2.802310109067127
2,0.5,0.5,4.7696000000000005,2.7990789267026748
2,0.5,0.5,4.7712,2.7958517330602195
2,0.5,0.5,4.7728,2.792628522880104
2,0.5,0.5,4.7744,2.7894092909100365
2,0.5,0.5,4.776,2.786194031905083
2,0.5,0.5,4.7776000000000005,2.7829827406276526
2,0.5,0.5,4.7792,2.7797754118474893
2,0.5,0.5,4.7808,2.7765720403416605
2,0.5,0.5,4.7824,2.7733726208945466
2,0.5,0.5,4.784,2.7701771482978295
2,0.5,0.5,4.7856000000000005,2.766985617350481
2,0.5,0.5,4.7872,2.7637980228587544
2,0.5,0.5,4.7888,2.760614359636172
2,0.5,0.5,4.7904,2.757434622503514
2,0.5,0.5,4.792,2.754258806288809
2,0.5,0.5,4.7936000000000005,2.7510869058273246
2,0.5,0.5,4.7952,2.747918915961552
2,0.5,0.5,4.7968,2.7447548315411994
2,0.5,0.5,4.7984,2.7415946474231805
2,0.5,0.5,4.8,2.738438358471604
2,0.5,0.5,4.8016000000000005,2.735285959557761
2,0.5,0.5,4.8032,2.732137445560117
2,0.5,0.5,4.8048,2.728992811364301
2,0.5,0.5,4.8064,2.725852051863092
2,0.5,0.5,4.808,2.722715161956412
2,0.5,0.5,4.8096000000000005,2.7195821365513138
2,0.5,0.5,4.8112,2.7164529705619715
2,0.5,0.5,4.8128,2.713327658909667
2,0.5,0.5,4.8144,2.710206196522784
2,0.5,0.5,4.816,2.707088578336794
2,0.5,0.5,4.8176000000000005,2.7039747992942473
2,0.5,0.5,4.8192,2.700864854344763
2,0.5,0.5,4.8208,2.697758738445016
2,0.5,0.5,4.8224,2.694656446558731
2,0.5,0.5,4.824,2.6915579736566677
2,0.5,0.5,4.8256000000000006,2.6884633147166133
2,0.5,0.5,4.8272,2.68537246472337
2,0.5,0.5,4.8288,2.6822854186687475
2,0.5,0.5,4.8304,2.6792021715515495
2,0.5,0.5,4.832,2.676122718377565
2,0.5,0.5,4.833600000000001,2.6730470541595586
2,0.5,0.5,4.8352,2.669975173917259
2,0.5,0.5,4.8368,2.6669070726773487
2,0.5,0.5,4.8384,2.663842745473455
2,0.5,0.5,4.84,2.6607821873461384
2,0.5,0.5,4.841600000000001,2.6577253933428833
2,0.5,0.5,4.8432,2.6546723585180882
2,0.5,0.5,4.8448,2.6516230779330527
2,0.5,0.5,4.8464,2.648577546655971
2,0.5,0.5,4.848,2.6455357597619202
2,0.5,0.5,4.849600000000001,2.6424977123328492
2,0.5,0.5,4.8512,2.63946339945757
2,0.5,0.5,4.8528,2.6364328162317467
2,0.5,0.5,4.8544,2.633405957757887
2,0.5,0.5,4.856,2.630382819145329
2,0.5,0.5,4.857600000000001,2.627363395510234
2,0.5,0.5,4.8592,2.624347681975575
2,0.5,0.5,4.8608,2.621335673671129
2,0.5,0.5,4.8624,2.6183273657334616
2,0.5,0.5,4.864,2.615322753305924
2,0.5,0.5,4.865600000000001,2.6123218315386376
2,0.5,0.5,4.8672,2.6093245955884856
2,0.5,0.5,4.8688,2.6063310406191054
2,0.5,0.5,4.8704,2.6033411618008753
2,0.5,0.5,4.872,2.600354954310905
2,0.5,0.5,4.873600000000001,2.5973724133330287
2,0.5,0.5,4.8752,2.594393534057792
2,0.5,0.5,4.8768,2.5914183116824434
2,0.5,0.5,4.8784,2.588446741410923
2,0.5,0.5,4.88,2.5854788184538564
2,0.5,0.5,4.881600000000001,2.5825145380285397
2,0.5,0.5,4.8832,2.5795538953589334
2,0.5,0.5,4.8848,2.576596885675652
2,0.5,0.5,4.8864,2.5736435042159527
2,0.5,0.5,4.888,2.570693746223727
2,0.5,0.5,4.889600000000001,2.5677476069494913
2,0.5,0.5,4.8912,2.5648050816503756
2,0.5,0.5,4.8928,2.5618661655901143
2,0.5,0.5,4.8944,2.5589308540390365
2,0.5,0.5,4.896,2.555999142274059
2,0.5,0.5,4.897600000000001,2.5530710255786713
2,0.5,0.5,4.8992,2.550146499242931
2,0.5,0.5,4.9008,2.5472255585634493
2,0.5,0.5,4.9024,2.5443081988433875
2,0.5,0.5,4.904,2.5413944153924413
2,0.5,0.5,4.905600000000001,2.538484203526835
2,0.5,0.5,4.9072000000000005,2.5355775585693108
2,0.5,0.5,4.9088,2.5326744758491175
2,0.5,0.5,4.9104,2.5297749507020044
2,0.5,0.5,4.912,2.52687897847021
2,0.5,0.5,4.913600000000001,2.5239865545024514
2,0.5,0.5,4.9152000000000005,2.521097674153916
2,0.5,0.5,4.9168,2.518212332786252
2,0.5,0.5,4.9184,2.515330525767558
2,0.5,0.5,4.92,2.5124522484723752
2,0.5,0.5,4.921600000000001,2.5095774962816764
2,0.5,0.5,4.9232000000000005,2.506706264582858
2,0.5,0.5,4.9248,2.5038385487697283
2,0.5,0.5,4.9264,2.5009743442425
2,0.5,0.5,4.928,2.4981136464077798
2,0.5,0.5,4.929600000000001,2.495256450678561
2,0.5,0.5,4.9312000000000005,2.4924027524742103
2,0.5,0.5,4.9328,2.489552547220463
2,0.5,0.5,4.9344,2.486705830349411
2,0.5,0.5,4.936,2.4838625972994923
2,0.5,0.5,4.937600000000001,2.481022843515484
2,0.5,0.5,4.9392000000000005,2.4781865644484924
2,0.5,0.5,4.9408,2.475353755555944
2,0.5,0.5,4.9424,2.4725244123015755
2,0.5,0.5,4.944,2.4696985301554237
2,0.5,0.5,4.945600000000001,2.4668761045938195
2,0.5,0.5,4.9472000000000005,2.4640571310993744
2,0.5,0.5,4.9488,2.4612416051609753
2,0.5,0.5,4.9504,2.458429522273772
2,0.5,0.5,4.952,2.455620877939171
2,0.5,0.5,4.953600000000001,2.4528156676648223
2,0.5,0.5,4.9552000000000005,2.4500138869646153
2,0.5,0.5,4.9568,2.4472155313586645
2,0.5,0.5,4.9584,2.444420596373306
2,0.5,0.5,4.96,2.441629077541083
2,0.5,0.5,4.961600000000001,2.4388409704007405
2,0.5,0.5,4.9632000000000005,2.436056270497213
2,0.5,0.5,4.9648,2.4332749733816184
2,0.5,0.5,4.9664,2.4304970746112478
2,0.5,0.5,4.968,2.4277225697495557
2,0.5,0.5,4.9696,2.4249514543661523
2,0.5,0.5,4.9712000000000005,2.4221837240367927
2,0.5,0.5,4.9728,2.41941937434337
2,0.5,0.5,4.9744,2.416658400873905
2,0.5,0.5,4.976,2.413900799222538
2,0.5,0.5,4.9776,2.4111465649895183
2,0.5,0.5,4.9792000000000005,2.4083956937811974
2,0.5,0.5,4.9808,2.4056481812100174
2,0.5,0.5,4.9824,2.402904022894506
2,0.5,0.5,4.984,2.400163214459264
2,0.5,0.5,4.9856,2.3974257515349566
2,0.5,0.5,4.9872000000000005,2.394691629758308
2,0.5,0.5,4.9888,2.3919608447720875
2,0.5,0.5,4.9904,2.389233392225105
2,0.5,0.5,4.992,2.3865092677721997
2,0.5,0.5,4.9936,2.383788467074233
2,0.5,0.5,4.9952000000000005,2.3810709857980763
2,0.5,0.5,4.9968,2.3783568196166067
2,0.5,0.5,4.9984,2.3756459642086964
2,0.5,0.5,5.0,2.372938415259203
3,-0.5,0.5,0.0,13.53352832366127
3,-0.5,0.5,0.0016,13.535260372742664
3,-0.5,0.5,0.0032,13.536991978360481
3,-0.5,0.5,0.0048000000000000004,13.538723140571612
3,-0.5,0.5,0.0064,13.540453859432974
3,-0.5,0.5,0.008,13.542184135001516
3,-0.5,0.5,0.009600000000000001,13.54391396733422
3,-0.5,0.5,0.0112,13.545643356488082
3,-0.5,0.5,0.0128,13.547372302520147
3,-0.5,0.5,0.014400000000000001,13.549100805487472
3,-0.5,0.5,0.016,13.550828865447146
3,-0.5,0.5,0.0176,13.552556482456268
3,-0.5,0.5,0.019200000000000002,13.554283656571885
3,-0.5,0.5,0.020800000000000003,13.556010387850783
3,-0.5,0.5,0.0224,13.557736676348904
3,-0.5,0.5,0.024,13.55946252211987
3,-0.5,0.5,0.0256,13.561187925211664
3,-0.5,0.5,0.027200000000000002,13.562912885659822
3,-0.5,0.5,0.028800000000000003,13.56463740347448
3,-0.5,0.5,0.0304,13.566361478617427
3,-0.5,0.5,0.032,13.568085110963692
3,-0.5,0.5,0.033600000000000005,13.56980830024059
3,-0.5,0.5,0.0352,13.571531045935345
3,-0.5,0.5,0.0368,13.573253347160719
3,-0.5,0.5,0.038400000000000004,13.574975202466705
3,-0.5,0.5,0.04,13.576696609585245
3,-0.5,0.5,0.041600000000000005,13.578417565094492
3,-0.5,0.5,0.0432,13.580138063989203
3,-0.5,0.5,0.0448,13.581858099144755
3,-0.5,0.5,0.046400000000000004,13.583577660663693
3,-0.5,0.5,0.048,13.585296735095913
3,-0.5,0.5,0.049600000000000005,13.587015304526297
3,-0.5,0.5,0.0512,13.58873334552677
3,-0.5,0.5,0.0528,13.590450827973198
3,-0.5,0.5,0.054400000000000004,13.592167713731186
3,-0.5,0.5,0.056,13.593883955218395
3,-0.5,0.5,0.057600000000000005,13.595599493854527
3,-0.5,0.5,0.0592,13.597314258413219
3,-0.5,0.5,0.0608,13.599028163292965
3,-0.5,0.5,0.062400000000000004,13.600741106726408
3,-0.5,0.5,0.064,13.602452968949235
3,-0.5,0.5,0.0656,13.604163610351023
3,-0.5,0.5,0.06720000000000001,13.605872869631135
3,-0.5,0.5,0.0688,13.60758056198281
3,-0.5,0.5,0.0704,13.609286477328165
3,-0.5,0.5,0.07200000000000001,13.610990378626
3,-0.5,0.5,0.0736,13.61269200027289
3,-0.5,0.5,0.0752,13.614391046616484
3,-0.5,0.5,0.07680000000000001,13.616087190597884
3,-0.5,0.5,0.0784,13.617780072537945
3,-0.5,0.5,0.08,13.619469299079924
3,-0.5,0.5,0.0816,13.621154442298579
3,-0.5,0.5,0.08320000000000001,13.622835038983412
3,-0.5,0.5,0.0848,13.62451059010138
3,-0.5,0.5,0.0864,13.626180560442053
3,-0.5,0.5,0.08800000000000001,13.62784437844608
3,-0.5,0.5,0.0896,13.629501436215698
3,-0.5,0.5,0.0912,13.631151089704233
3,-0.5,0.5,0.09280000000000001,13.632792659079723
3,-0.5,0.5,0.0944,13.634425429256408
3,-0.5,0.5,0.096,13.636048650586439
3,-0.5,0.5,0.0976,13.63766153970308
3,-0.5,0.5,0.09920000000000001,13.639263280505785
3,-0.5,0.5,0.1008,13.640853025276755
3,-0.5,0.5,0.1024,13.64242989591808
3,-0.5,0.5,0.10400000000000001,13.643992985298187
3,-0.5,0.5,0.1056,13.645541358696072
3,-0.5,0.5,0.1072,13.647074055331727
3,-0.5,0.5,0.10880000000000001,13.648590089971238
3,-0.5,0.5,0.11040000000000001,13.650088454595151
3,-0.5,0.5,0.112,13.651568120118997
3,-0.5,0.5,0.1136,13.65302803815519
3,-0.5,0.5,0.11520000000000001,13.65446714280593
3,-0.5,0.5,0.1168,13.655884352477214
3,-0.5,0.5,0.1184,13.65727857170458
3,-0.5,0.5,0.12000000000000001,13.658648692981743
3,-0.5,0.5,0.1216,13.659993598583902
3,-0.5,0.5,0.1232,13.661312162378033
3,-0.5,0.5,0.12480000000000001,13.662603251613133
3,-0.5,0.5,0.1264,13.663865728683977
3,-0.5,0.5,0.128,13.665098452862509
3,-0.5,0.5,0.1296,13.666300281991655
3,-0.5,0.5,0.1312,13.667470074136812
3,-0.5,0.5,0.1328,13.66860668919096
3,-0.5,0.5,0.13440000000000002,13.669708990429724
3,-0.5,0.5,0.136,13.670775846013361
3,-0.5,0.5,0.1376,13.67180613043304
3,-0.5,0.5,0.13920000000000002,13.672798725899302
3,-0.5,0.5,0.1408,13.673752523670961
3,-0.5,0.5,0.1424,13.674666425323148
3,-0.5,0.5,0.14400000000000002,13.67553934395357
3,-0.5,0.5,0.1456,13.676370205326409
3,-0.5,0.5,0.1472,13.677157948953525
3,-0.5,0.5,0.14880000000000002,13.677901529113072
3,-0.5,0.5,0.1504,13.678599915805734
3,-0.5,0.5,0.152,13.679252095649142
3,-0.5,0.5,0.15360000000000001,13.679857072711192
3,-0.5,0.5,0.1552,13.68041386928319
3,-0.5,0.5,0.1568,13.680921526593927
3,-0.5,0.5,0.1584,13.68137910546593
3,-0.5,0.5,0.16,13.681785686915228
3,-0.5,0.5,0.16160000000000002,13.682140372696157
3,-0.5,0.5,0.1632,13.682442285792753
3,-0.5,0.5,0.1648,13.682690570858398
3,-0.5,0.5,0.16640000000000002,13.682884394605416
3,-0.5,0.5,0.168,13.683022946146416
3,-0.5,0.5,0.1696,13.683105437289123
3,-0.5,0.5,0.17120000000000002,13.683131102786602
3,-0.5,0.5,0.1728,13.683099200544659
3,-0.5,0.5,0.1744,13.683009011788263
3,-0.5,0.5,0.17600000000000002,13.682859841188895
3,-0.5,0.5,0.1776,13.682651016954578
3,-0.5,0.5,0.1792,13.682381890884471
3,-0.5,0.5,0.18080000000000002,13.682051838389796
3,-0.5,0.5,0.1824,13.68166025848286
3,-0.5,0.5,0.184,13.681206573735944
3,-0.5,0.5,0.18560000000000001,13.680690230211692
3,-0.5,0.5,0.1872,13.680110697366754
3,-0.5,0.5,0.1888,13.679467467930213
3,-0.5,0.5,0.1904,13.678760057758444
3,-0.5,0.5,0.192,13.677988005667869
3,-0.5,0.5,0.19360000000000002,13.677150873247143
3,-0.5,0.5,0.1952,13.676248244650175
3,-0.5,0.5,0.1968,13.675279726371375
3,-0.5,0.5,0.19840000000000002,13.67424494700444
3,-0.5,0.5,0.2,13.673143556985995
3,-0.5,0.5,0.2016,13.671975228325293
3,-0.5,0.5,0.20320000000000002,13.670739654321151
3,-0.5,0.5,0.2048,13.669436549267294
3,-0.5,0.5,0.2064,13.668065648147122
3,-0.5,0.5,0.20800000000000002,13.666626706318997
3,-0.5,0.5,0.2096,13.665119499192992
3,-0.5,0.5,0.2112,13.663543821900054
3,-0.5,0.5,0.21280000000000002,13.661899488954495
3,-0.5,0.5,0.2144,13.660186333910596
3,-0.5,0.5,0.216,13.658404209014218
3,-0.5,0.5,0.21760000000000002,13.656552984850087
3,-0.5,0.5,0.2192,13.654632549985555
3,-0.5,0.5,0.22080000000000002,13.652642810611455
3,-0.5,0.5,0.22240000000000001,13.650583690180731
3,-0.5,0.5,0.224,13.64845512904543
3,-0.5,0.5,0.22560000000000002,13.646257084092628
3,-0.5,0.5,0.2272,13.643989528379828
3,-0.5,0.5,0.2288,13.641652450770325
3,-0.5,0.5,0.23040000000000002,13.639245855569007
3,-0.5,0.5,0.232,13.63676976215904
3,-0.5,0.5,0.2336,13.634224204639832
3,-0.5,0.5,0.23520000000000002,13.631609231466669
3,-0.5,0.5,0.2368,13.628924905092365
3,-0.5,0.5,0.2384,13.626171301611269
3,-0.5,0.5,0.24000000000000002,13.623348510405911
3,-0.5,0.5,0.2416,13.620456633796598
3,-0.5,0.5,0.2432,13.617495786694176
3,-0.5,0.5,0.24480000000000002,13.614466096256255
3,-0.5,0.5,0.2464,13.611367701547037
3,-0.5,0.5,0.248,13.60820075320102
3,-0.5,0.5,0.24960000000000002,13.604965413090698
3,-0.5,0.5,0.25120000000000003,13.601661853998463
3,-0.5,0.5,0.2528,13.598290259292822
3,-0.5,0.5,0.2544,13.594850822609095
3,-0.5,0.5,0.256,13.59134374753466
3,-0.5,0.5,0.2576,13.587769247298906
3,-0.5,0.5,0.2592,13.584127544467933
3,-0.5,0.5,0.26080000000000003,13.580418870644111
3,-0.5,0.5,0.2624,13.57664346617055
3,-0.5,0.5,0.264,13.572801579840522
3,-0.5,0.5,0.2656,13.568893468611929
3,-0.5,0.5,0.2672,13.56491939732677
3,-0.5,0.5,0.26880000000000004,13.56087963843573
3,-0.5,0.5,0.27040000000000003,13.55677447172783
3,-0.5,0.5,0.272,13.552604184065189
3,-0.5,0.5,0.2736,13.548369069122899
3,-0.5,0.5,0.2752,13.544069427133996
3,-0.5,0.5,0.2768,13.539705564639522
3,-0.5,0.5,0.27840000000000004,13.535277794243674
3,-0.5,0.5,0.28,13.530786434373987
3,-0.5,0.5,0.2816,13.52623180904659
3,-0.5,0.5,0.2832,13.521614247636412
3,-0.5,0.5,0.2848,13.516934084652384
3,-0.5,0.5,0.2864,13.51219165951756
3,-0.5,0.5,0.28800000000000003,13.507387316354118
3,-0.5,0.5,0.2896,13.502521403773196
3,-0.5,0.5,0.2912,13.497594274669524
3,-0.5,0.5,0.2928,13.492606286020804
3,-0.5,0.5,0.2944,13.487557798691729
3,-0.5,0.5,0.29600000000000004,13.48244917724269
3,-0.5,0.5,0.29760000000000003,13.47728078974301
3,-0.5,0.5,0.2992,13.472053007588686
3,-0.5,0.5,0.3008,13.466766205324616
3,-0.5,0.5,0.3024,13.461420760471166
3,-0.5,0.5,0.304,13.45601705335508
3,-0.5,0.5,0.30560000000000004,13.450555466944651
3,-0.5,0.5,0.30720000000000003,13.445036386689058
3,-0.5,0.5,0.3088,13.439460200361845
3,-0.5,0.5,0.3104,13.43382729790845
3,-0.5,0.5,0.312,13.428138071297722
3,-0.5,0.5,0.3136,13.422392914377337
3,-0.5,0.5,0.31520000000000004,13.416592222733104
3,-0.5,0.5,0.3168,13.410736393552018
3,-0.5,0.5,0.3184,13.404825825489025
3,-0.5,0.5,0.32,13.39886091853747
3,-0.5,0.5,0.3216,13.392842073903072
3,-0.5,0.5,0.32320000000000004,13.386769693881444
3,-0.5,0.5,0.32480000000000003,13.380644181739026
3,-0.5,0.5,0.3264,13.374465941597418
3,-0.5,0.5,0.328,13.368235378320984
3,-0.5,0.5,0.3296,13.361952897407729
3,-0.5,0.5,0.3312,13.35561890488333
3,-0.5,0.5,0.33280000000000004,13.349233807198265
3,-0.5,0.5,0.33440000000000003,13.342798011128012
3,-0.5,0.5,0.336,13.336311923676194
3,-0.5,0.5,0.3376,13.329775951980665
3,-0.5,0.5,0.3392,13.323190503222422
3,-0.5,0.5,0.3408,13.316555984537343
3,-0.5,0.5,0.34240000000000004,13.309872802930604
3,-0.5,0.5,0.34400000000000003,13.303141365193802
3,-0.5,0.5,0.3456,13.296362077824663
3,-0.5,0.5,0.3472,13.289535346949314
3,-0.5,0.5,0.3488,13.28266157824705
3,-0.5,0.5,0.3504,13.275741176877496
3,-0.5,0.5,0.35200000000000004,13.268774547410203
3,-0.5,0.5,0.3536,13.261762093756518
3,-0.5,0.5,0.3552,13.254704219103745
3,-0.5,0.5,0.3568,13.247601325851514
3,-0.5,0.5,0.3584,13.240453815550316
3,-0.5,0.5,0.36000000000000004,13.233262088842137
3,-0.5,0.5,0.36160000000000003,13.226026545403158
3,-0.5,0.5,0.3632,13.218747583888467
3,-0.5,0.5,0.3648,13.211425601878714
3,-0.5,0.5,0.3664,13.2040609958287
3,-0.5,0.5,0.368,13.1966541610178
3,-0.5,0.5,0.36960000000000004,13.189205491502246
3,-0.5,0.5,0.37120000000000003,13.18171538006913
3,-0.5,0.5,0.3728,13.17418421819218
3,-0.5,0.5,0.3744,13.166612395989189
3,-0.5,0.5,0.376,13.159000302181108
3,-0.5,0.5,0.3776,13.15134832405271
3,-0.5,0.5,0.37920000000000004,13.143656847414848
3,-0.5,0.5,0.3808,13.135926256568187
3,-0.5,0.5,0.3824,13.12815693426845
3,-0.5,0.5,0.384,13.120349261693088
3,-0.5,0.5,0.3856,13.112503618409352
3,-0.5,0.5,0.38720000000000004,13.10462038234372
3,-0.5,0.5,0.38880000000000003,13.096699929752676
3,-0.5,0.5,0.3904,13.08874263519476
3,-0.5,0.5,0.392,13.080748871503882
3,-0.5,0.5,0.3936,13.072719009763862
3,-0.5,0.5,0.3952,13.064653419284157
3,-0.5,0.5,0.39680000000000004,13.05655246757676
3,-0.5,0.5,0.39840000000000003,13.04841652033419
3,-0.5,0.5,0.4,13.040245941408624
3,-0.5,0.5,0.4016,13.032041092792067
3,-0.5,0.5,0.4032,13.023802334597551
3,-0.5,0.5,0.4048,13.01553002504137
3,-0.5,0.5,0.40640000000000004,13.00722452042626
3,-0.5,0.5,0.40800000000000003,12.998886175125548
3,-0.5,0.5,0.4096,12.990515341568235
3,-0.5,0.5,0.4112,12.982112370224948
3,-0.5,0.5,0.4128,12.973677609594782
3,-0.5,0.5,0.41440000000000005,12.965211406192998
3,-0.5,0.5,0.41600000000000004,12.956714104539522
3,-0.5,0.5,0.4176,12.94818604714825
3,-0.5,0.5,0.4192,12.93962757451713
3,-0.5,0.5,0.4208,12.931039025119004
3,-0.5,0.5,0.4224,12.922420735393164
3,-0.5,0.5,0.42400000000000004,12.913773039737626
3,-0.5,0.5,0.42560000000000003,12.905096270502089
3,-0.5,0.5,0.4272,12.896390757981557
3,-0.5,0.5,0.4288,12.887656830410618
3,-0.5,0.5,0.4304,12.878894813958334
3,-0.5,0.5,0.432,12.870105032723751
3,-0.5,0.5,0.43360000000000004,12.861287808731994
3,-0.5,0.5,0.43520000000000003,12.852443461930926
3,-0.5,0.5,0.4368,12.843572310188375
3,-0.5,0.5,0.4384,12.834674669289875
3,-0.5,0.5,0.44,12.825750852936945
3,-0.5,0.5,0.44160000000000005,12.816801172745866
3,-0.5,0.5,0.44320000000000004,12.80782593824693
3,-0.5,0.5,0.44480000000000003,12.798825456884183
3,-0.5,0.5,0.4464,12.789800034015592
3,-0.5,0.5,0.448,12.780749972913695
3,-0.5,0.5,0.4496,12.771675574766633
3,-0.5,0.5,0.45120000000000005,12.762577138679617
3,-0.5,0.5,0.45280000000000004,12.7534549616768
3,-0.5,0.5,0.4544,12.744309338703511
3,-0.5,0.5,0.456,12.735140562628876
3,-0.5,0.5,0.4576,12.725948924248804
3,-0.5,0.5,0.4592,12.716734712289295
3,-0.5,0.5,0.46080000000000004,12.707498213410112
3,-0.5,0.5,0.46240000000000003,12.698239712208753
3,-0.5,0.5,0.464,12.688959491224756
3,-0.5,0.5,0.4656,12.679657830944272
3,-0.5,0.5,0.4672,12.67033500980497
3,-0.5,0.5,0.46880000000000005,12.66099130420119
3,-0.5,0.5,0.47040000000000004,12.651626988489369
3,-0.5,0.5,0.47200000000000003,12.642242334993739
3,-0.5,0.5,0.4736,12.632837614012264
3,-0.5,0.5,0.4752,12.623413093822816
3,-0.5,0.5,0.4768,12.61396904068959
3,-0.5,0.5,0.47840000000000005,12.604505718869735
3,-0.5,0.5,0.48000000000000004,12.595023390620199
3,-0.5,0.5,0.48160000000000003,12.585522316204774
3,-0.5,0.5,0.4832,12.576002753901346
3,-0.5,0.5,0.4848,12.566464960009329
3,-0.5,0.5,0.4864,12.556909188857283
3,-0.5,0.5,0.48800000000000004,12.547335692810696
3,-0.5,0.5,0.48960000000000004,12.537744722279944
3,-0.5,0.5,0.4912,12.528136525728403
3,-0.5,0.5,0.4928,12.518511349680704
3,-0.5,0.5,0.4944,12.508869438731159
3,-0.5,0.5,0.496,12.499211035552298
3,-0.5,0.5,0.49760000000000004,12.489536380903548
3,-0.5,0.5,0.49920000000000003,12.479845713640046
3,-0.5,0.5,0.5008,12.47013927072156
3,-0.5,0.5,0.5024000000000001,12.46041728722153
3,-0.5,0.5,0.504,12.450679996336213
3,-0.5,0.5,0.5056,12.440927629393938
3,-0.5,0.5,0.5072,12.431160415864461
3,-0.5,0.5,0.5088,12.421378583368382
3,-0.5,0.5,0.5104000000000001,12.4115823576867
3,-0.5,0.5,0.512,12.401771962770413
3,-0.5,0.5,0.5136000000000001,12.391947620750196
3,-0.5,0.5,0.5152,12.38210955194618
3,-0.5,0.5,0.5168,12.372257974877762
3,-0.5,0.5,0.5184,12.362393106273517
3,-0.5,0.5,0.52,12.352515161081135
3,-0.5,0.5,0.5216000000000001,12.342624352477442
3,-0.5,0.5,0.5232,12.332720891878452
3,-0.5,0.5,0.5248,12.322804988949486
3,-0.5,0.5,0.5264,12.31287685161531
3,-0.5,0.5,0.528,12.302936686070348
3,-0.5,0.5,0.5296000000000001,12.292984696788896
3,-0.5,0.5,0.5312,12.283021086535392
3,-0.5,0.5,0.5328,12.273046056374714
3,-0.5,0.5,0.5344,12.263059805682504
3,-0.5,0.5,0.536,12.253062532155504
3,-0.5,0.5,0.5376000000000001,12.24305443182193
3,-0.5,0.5,0.5392,12.23303569905186
3,-0.5,0.5,0.5408000000000001,12.22300652656763
3,-0.5,0.5,0.5424,12.212967105454254
3,-0.5,0.5,0.544,12.202917625169837
3,-0.5,0.5,0.5456,12.192858273556013
3,-0.5,0.5,0.5472,12.182789236848382
3,-0.5,0.5,0.5488000000000001,12.172710699686947
3,-0.5,0.5,0.5504,12.162622845126547
3,-0.5,0.5,0.552,12.152525854647307
3,-0.5,0.5,0.5536,12.142419908165055
3,-0.5,0.5,0.5552,12.13230518404176
3,-0.5,0.5,0.5568000000000001,12.122181859095951
3,-0.5,0.5,0.5584,12.112050108613113
3,-0.5,0.5,0.56,12.101910106356097
3,-0.5,0.5,0.5616,12.091762024575495
3,-0.5,0.5,0.5632,12.08160603402
3,-0.5,0.5,0.5648000000000001,12.071442303946776
3,-0.5,0.5,0.5664,12.061271002131761
3,-0.5,0.5,0.5680000000000001,12.051092294879997
3,-0.5,0.5,0.5696,12.040906347035909
3,-0.5,0.5,0.5712,12.03071332199357
3,-0.5,0.5,0.5728,12.020513381706946
3,-0.5,0.5,0.5744,12.010306686700092
3,-0.5,0.5,0.5760000000000001,12.000093396077354
3,-0.5,0.5,0.5776,11.989873667533516
3,-0.5,0.5,0.5792,11.979647657363934
3,-0.5,0.5,0.5808,11.969415520474614
3,-0.5,0.5,0.5824,11.959177410392291
3,-0.5,0.5,0.5840000000000001,11.948933479274453
3,-0.5,0.5,0.5856,11.938683877919326
3,-0.5,0.5,0.5872,11.928428755775844
3,-0.5,0.5,0.5888,11.918168260953564
3,-0.5,0.5,0.5904,11.907902540232552
3,-0.5,0.5,0.5920000000000001,11.897631739073233
3,-0.5,0.5,0.5936,11.88735600162619
3,-0.5,0.5,0.5952000000000001,11.877075470741936
3,-0.5,0.5,0.5968,11.866790287980644
3,-0.5,0.5,0.5984,11.856500593621819
3,-0.5,0.5,0.6,11.846206526673956
3,-0.5,0.5,0.6016,11.835908224884129
3,-0.5,0.5,0.6032000000000001,11.825605824747553
3,-0.5,0.5,0.6048,11.815299461517093
3,-0.5,0.5,0.6064,11.804989269212731
3,-0.5,0.5,0.608,11.794675380630993
3,-0.5,0.5,0.6096,11.784357927354318
3,-0.5,0.5,0.6112000000000001,11.774037039760396
3,-0.5,0.5,0.6128,11.763712847031448
3,-0.5,0.5,0.6144000000000001,11.75338547716346
3,-0.5,0.5,0.616,11.743055056975377
3,-0.5,0.5,0.6176,11.732721712118238
3,-0.5,0.5,0.6192000000000001,11.722385567084276
3,-0.5,0.5,0.6208,11.71204674521595
3,-0.5,0.5,0.6224000000000001,11.701705368714954
3,-0.5,0.5,0.624,11.691361558651149
3,-0.5,0.5,0.6256,11.681015434971469
3,-0.5,0.5,0.6272,11.670667116508763
3,-0.5,0.5,0.6288,11.660316720990584
3,-0.5,0.5,0.6304000000000001,11.649964365047946
3,-0.5,0.5,0.632,11.639610164224013
3,-0.5,0.5,0.6336,11.629254232982742
3,-0.5,0.5,0.6352,11.618896684717475
3,-0.5,0.5,0.6368,11.608537631759482
3,-0.5,0.5,0.6384000000000001,11.598177185386454
3,-0.5,0.5,0.64,11.58781545583094
3,-0.5,0.5,0.6416000000000001,11.577452552288735
3,-0.5,0.5,0.6432,11.567088582927209
3,-0.5,0.5,0.6448,11.556723654893606
3,-0.5,0.5,0.6464000000000001,11.546357874323263
3,-0.5,0.5,0.648,11.535991346347798
3,-0.5,0.5,0.6496000000000001,11.525624175103236
3,-0.5,0.5,0.6512,11.515256463738083
3,-0.5,0.5,0.6528,11.50488831442136
3,-0.5,0.5,0.6544,11.494519828350567
3,-0.5,0.5,0.656,11.484151105759604
3,-0.5,0.5,0.6576000000000001,11.473782245926651
3,-0.5,0.5,0.6592,11.463413347181971
3,-0.5,0.5,0.6608,11.453044506915687
3,-0.5,0.5,0.6624,11.442675821585484
3,-0.5,0.5,0.664,11.43230738672428
3,-0.5,0.5,0.6656000000000001,11.421939296947844
3,-0.5,0.5,0.6672,11.411571645962326
3,-0.5,0.5,0.6688000000000001,11.401204526571792
3,-0.5,0.5,0.6704,11.39083803068567
3,-0.5,0.5,0.672,11.38047224932615
3,-0.5,0.5,0.6736000000000001,11.370107272635543
3,-0.5,0.5,0.6752,11.359743189883579
3,-0.5,0.5,0.6768000000000001,11.349380089474657
3,-0.5,0.5,0.6784,11.33901805895505
3,-0.5,0.5,0.68,11.328657185020047
3,-0.5,0.5,0.6816,11.318297553521058
3,-0.5,0.5,0.6832,11.307939249472655
3,-0.5,0.5,0.6848000000000001,11.29758235705958
3,-0.5,0.5,0.6864,11.287226959643679
3,-0.5,0.5,0.6880000000000001,11.276873139770807
3,-0.5,0.5,0.6896,11.266520979177674
3,-0.5,0.5,0.6912,11.256170558798653
3,-0.5,0.5,0.6928000000000001,11.245821958772504
3,-0.5,0.5,0.6944,11.2354752584491
3,-0.5,0.5,0.6960000000000001,11.225130536396055
3,-0.5,0.5,0.6976,11.214787870405344
3,-0.5,0.5,0.6992,11.204447337499834
3,-0.5,0.5,0.7008,11.194109013939814
3,-0.5,0.5,0.7024,11.183772975229424
3,-0.5,0.5,0.7040000000000001,11.173439296123078
3,-0.5,0.5,0.7056,11.163108050631822
3,-0.5,0.5,0.7072,11.152779312029635
3,-0.5,0.5,0.7088,11.142453152859709
3,-0.5,0.5,0.7104,11.132129644940653
3,-0.5,0.5,0.7120000000000001,11.121808859372663
3,-0.5,0.5,0.7136,11.111490866543662
3,-0.5,0.5,0.7152000000000001,11.101175736135346
3,-0.5,0.5,0.7168,11.090863537129247
3,-0.5,0.5,0.7184,11.080554337812686
3,-0.5,0.5,0.7200000000000001,11.070248205784734
3,-0.5,0.5,0.7216,11.059945207962098
3,-0.5,0.5,0.7232000000000001,11.049645410584958
3,-0.5,0.5,0.7248,11.039348879222775
3,-0.5,0.5,0.7264,11.029055678780054
3,-0.5,0.5,0.728,11.018765873502046
3,-0.5,0.5,0.7296,11.008479526980425
3,-0.5,0.5,0.7312000000000001,10.998196702158895
3,-0.5,0.5,0.7328,10.987917461338784
3,-0.5,0.5,0.7344,10.977641866184577
3,-0.5,0.5,0.736,10.967369977729403
3,-0.5,0.5,0.7376,10.957101856380485
3,-0.5,0.5,0.7392000000000001,10.946837561924548
3,-0.5,0.5,0.7408,10.936577153533184
3,-0.5,0.5,0.7424000000000001,10.926320689768163
3,-0.5,0.5,0.744,10.91606822858672
3,-0.5,0.5,0.7456,10.905819827346788
3,-0.5,0.5,0.7472000000000001,10.895575542812194
3,-0.5,0.5,0.7488,10.885335431157811
3,-0.5,0.5,0.7504000000000001,10.875099547974669
3,-0.5,0.5,0.752,10.86486794827503
3,-0.5,0.5,0.7536,10.854640686497417
3,-0.5,0.5,0.7552,10.84441781651159
3,-0.5,0.5,0.7568,10.834199391623525
3,-0.5,0.5,0.7584000000000001,10.823985464580295
3,-0.5,0.5,0.76,10.81377608757495
3,-0.5,0.5,0.7616,10.80357131225136
3,-0.5,0.5,0.7632,10.793371189708989
3,-0.5,0.5,0.7648,10.783175770507654
3,-0.5,0.5,0.7664000000000001,10.772985104672241
3,-0.5,0.5,0.768,10.762799241697381
3,-0.5,0.5,0.7696000000000001,10.752618230552084
3,-0.5,0.5,0.7712,10.742442119684343
3,-0.5,0.5,0.7728,10.732270957025689
3,-0.5,0.5,0.7744000000000001,10.722104789995722
3,-0.5,0.5,0.776,10.711943665506595
3,-0.5,0.5,0.7776000000000001,10.70178762996747
3,-0.5,0.5,0.7792,10.69163672928893
3,-0.5,0.5,0.7808,10.681491008887354
3,-0.5,0.5,0.7824,10.671350513689257
3,-0.5,0.5,0.784,10.661215288135605
3,-0.5,0.5,0.7856000000000001,10.651085376186074
3,-0.5,0.5,0.7872,10.640960821323295
3,-0.5,0.5,0.7888000000000001,10.630841666557048
3,-0.5,0.5,0.7904,10.620727954428432
3,-0.5,0.5,0.792,10.610619727013987
3,-0.5,0.5,0.7936000000000001,10.600517025929799
3,-0.5,0.5,0.7952,10.590419892335557
3,-0.5,0.5,0.7968000000000001,10.58032836693859
3,-0.5,0.5,0.7984,10.570242489997842
3,-0.5,0.5,0.8,10.560162301327857
3,-0.5,0.5,0.8016000000000001,10.550087840302695
3,-0.5,0.5,0.8032,10.540019145859821
3,-0.5,0.5,0.8048000000000001,10.529956256503988
3,-0.5,0.5,0.8064,10.519899210311047
3,-0.5,0.5,0.808,10.509848044931752
3,-0.5,0.5,0.8096,10.499802797595535
3,-0.5,0.5,0.8112,10.489763505114226
3,-0.5,0.5,0.8128000000000001,10.479730203885765
3,-0.5,0.5,0.8144,10.469702929897878
3,-0.5,0.5,0.8160000000000001,10.459681718731707
3,-0.5,0.5,0.8176,10.449666605565428
3,-0.5,0.5,0.8192,10.43965762517783
3,-0.5,0.5,0.8208000000000001,10.429654811951867
3,-0.5,0.5,0.8224,10.419658199878166
3,-0.5,0.5,0.8240000000000001,10.409667822558538
3,-0.5,0.5,0.8256,10.399683713209408
3,-0.5,0.5,0.8272,10.389705904665277
3,-0.5,0.5,0.8288000000000001,10.379734429382111
3,-0.5,0.5,0.8304,10.369769319440703
3,-0.5,0.5,0.8320000000000001,10.359810606550036
3,-0.5,0.5,0.8336,10.349858322050585
3,-0.5,0.5,0.8352,10.339912496917613
3,-0.5,0.5,0.8368,10.329973161764425
3,-0.5,0.5,0.8384,10.320040346845603
3,-0.5,0.5,0.8400000000000001,10.310114082060212
3,-0.5,0.5,0.8416,10.300194396954966
3,-0.5,0.5,0.8432000000000001,10.290281320727393
3,-0.5,0.5,0.8448,10.280374882228948
3,-0.5,0.5,0.8464,10.270475109968107
3,-0.5,0.5,0.8480000000000001,10.260582032113447
3,-0.5,0.5,0.8496,10.25069567649668
3,-0.5,0.5,0.8512000000000001,10.240816070615676
3,-0.5,0.5,0.8528,10.230943241637448
3,-0.5,0.5,0.8544,10.221077216401117
3,-0.5,0.5,0.8560000000000001,10.211218021420867
3,-0.5,0.5,0.8576,10.201365682888838
3,-0.5,0.5,0.8592000000000001,10.191520226678032
3,-0.5,0.5,0.8608,10.181681678345171
3,-0.5,0.5,0.8624,10.17185006313354
3,-0.5,0.5,0.864,10.162025405975799
3,-0.5,0.5,0.8656,10.152207731496778
3,-0.5,0.5,0.8672000000000001,10.142397064016246
3,-0.5,0.5,0.8688,10.132593427551644
3,-0.5,0.5,0.8704000000000001,10.122796845820817
3,-0.5,0.5,0.872,10.113007342244712
3,-0.5,0.5,0.8736,10.103224939950039
3,-0.5,0.5,0.8752000000000001,10.09344966177192
3,-0.5,0.5,0.8768,10.083681530256534
3,-0.5,0.5,0.8784000000000001,10.073920567663707
3,-0.5,0.5,0.88,10.064166795969497
3,-0.5,0.5,0.8816,10.054420236868747
3,-0.5,0.5,0.8832000000000001,10.044680911777638
3,-0.5,0.5,0.8848,10.034948841836187
3,-0.5,0.5,0.8864000000000001,10.025224047910752
3,-0.5,0.5,0.888,10.015506550596497
3,-0.5,0.5,0.8896000000000001,10.00579637021985
3,-0.5,0.5,0.8912,9.996093526840916
3,-0.5,0.5,0.8928,9.986398040255906
3,-0.5,0.5,0.8944000000000001,9.976709929999506
3,-0.5,0.5,0.896,9.967029215347257
3,-0.5,0.5,0.8976000000000001,9.957355915317887
3,-0.5,0.5,0.8992,9.947690048675652
3,-0.5,0.5,0.9008,9.93803163393262
3,-0.5,0.5,0.9024000000000001,9.928380689350979
3,-0.5,0.5,0.904,9.918737232945285
3,-0.5,0.5,0.9056000000000001,9.909101282484711
3,-0.5,0.5,0.9072,9.89947285549528
3,-0.5,0.5,0.9088,9.889851969262057
3,-0.5,0.5,0.9104000000000001,9.880238640831353
3,-0.5,0.5,0.912,9.870632887012878
3,-0.5,0.5,0.9136000000000001,9.861034724381897
3,-0.5,0.5,0.9152,9.85144416928136
3,-0.5,0.5,0.9168000000000001,9.841861237824007
3,-0.5,0.5,0.9184,9.832285945894476
3,-0.5,0.5,0.92,9.822718309151359
3,-0.5,0.5,0.9216000000000001,9.813158343029269
3,-0.5,0.5,0.9232,9.803606062740876
3,-0.5,0.5,0.9248000000000001,9.794061483278934
3,-0.5,0.5,0.9264,9.784524619418267
3,-0.5,0.5,0.928,9.774995485717778
3,-0.5,0.5,0.9296000000000001,9.765474096522397
3,-0.5,0.5,0.9312,9.755960465965037
3,-0.5,0.5,0.9328000000000001,9.746454607968534
3,-0.5,0.5,0.9344,9.73695653624756
3,-0.5,0.5,0.936,9.727466264310522
3,-0.5,0.5,0.9376000000000001,9.717983805461442
3,-0.5,0.5,0.9392,9.708509172801831
3,-0.5,0.5,0.9408000000000001,9.69904237923253
3,-0.5,0.5,0.9424,9.689583437455555
3,-0.5,0.5,0.9440000000000001,9.680132359975907
3,-0.5,0.5,0.9456,9.670689159103375
3,-0.5,0.5,0.9472,9.661253846954324
3,-0.5,0.5,0.9488000000000001,9.651826435453462
3,-0.5,0.5,0.9504,9.642406936335599
3,-0.5,0.5,0.9520000000000001,9.632995361147385
3,-0.5,0.5,0.9536,9.623591721249031
3,-0.5,0.5,0.9552,9.614196027816023
3,-0.5,0.5,0.9568000000000001,9.604808291840813
3,-0.5,0.5,0.9584,9.595428524134492
3,-0.5,0.5,0.9600000000000001,9.58605673532847
3,-0.5,0.5,0.9616,9.576692935876105
3,-0.5,0.5,0.9632000000000001,9.567337136054357
3,-0.5,0.5,0.9648,9.557989345965392
3,-0.5,0.5,0.9664,9.548649575538203
3,-0.5,0.5,0.9680000000000001,9.539317834530195
3,-0.5,0.5,0.9696,9.529994132528754
3,-0.5,0.5,0.9712000000000001,9.520678478952828
3,-0.5,0.5,0.9728,9.511370883054466
3,-0.5,0.5,0.9744,9.502071353920364
3,-0.5,0.5,0.9760000000000001,9.492779900473375
3,-0.5,0.5,0.9776,9.483496531474028
3,-0.5,0.5,0.9792000000000001,9.474221255522021
3,-0.5,0.5,0.9808,9.464954081057707
3,-0.5,0.5,0.9824,9.455695016363562
3,-0.5,0.5,0.9840000000000001,9.446444069565638
3,-0.5,0.5,0.9856,9.437201248635017
3,-0.5,0.5,0.9872000000000001,9.42796656138923
3,-0.5,0.5,0.9888,9.418740015493686
3,-0.5,0.5,0.9904000000000001,9.409521618463076
3,-0.5,0.5,0.992,9.400311377662758
3,-0.5,0.5,0.9936,9.391109300310152
3,-0.5,0.5,0.9952000000000001,9.381915393476099
3,-0.5,0.5,0.9968,9.372729664086222
3,-0.5,0.5,0.9984000000000001,9.36355211892227
3,-0.5,0.5,1.0,9.354382764623452
3,-0.5,0.5,1.0016,9.345221607687758
3,-0.5,0.5,1.0032,9.336068654473276
3,-0.5,0.5,1.0048000000000001,9.32692391119947
3,-0.5,0.5,1.0064,9.317787383948486
3,-0.5,0.5,1.008,9.308659078666421
3,-0.5,0.5,1.0096,9.299539001164588
3,-0.5,0.5,1.0112,9.290427157120762
3,-0.5,0.5,1.0128000000000001,9.281323552080433
3,-0.5,0.5,1.0144,9.272228191458025
3,-0.5,0.5,1.016,9.263141080538126
3,-0.5,0.5,1.0176,9.254062224476689
3,-0.5,0.5,1.0192,9.244991628302236
3,-0.5,0.5,1.0208000000000002,9.235929296917039
3,-0.5,0.5,1.0224,9.226875235098307
3,-0.5,0.5,1.024,9.217829447499339
3,-0.5,0.5,1.0256,9.208791938650698
3,-0.5,0.5,1.0272000000000001,9.199762712961338
3,-0.5,0.5,1.0288000000000002,9.190741774719749
3,-0.5,0.5,1.0304,9.181729128095093
3,-0.5,0.5,1.032,9.172724777138303
3,-0.5,0.5,1.0336,9.16372872578319
3,-0.5,0.5,1.0352000000000001,9.154740977847558
3,-0.5,0.5,1.0368,9.145761537034264
3,-0.5,0.5,1.0384,9.136790406932313
3,-0.5,0.5,1.04,9.127827591017924
3,-0.5,0.5,1.0416,9.118873092655576
3,-0.5,0.5,1.0432000000000001,9.109926915099075
3,-0.5,0.5,1.0448,9.10098906149257
3,-0.5,0.5,1.0464,9.092059534871606
3,-0.5,0.5,1.048,9.08313833816413
3,-0.5,0.5,1.0496,9.074225474191502
3,-0.5,0.5,1.0512000000000001,9.065320945669509
3,-0.5,0.5,1.0528,9.05642475520935
3,-0.5,0.5,1.0544,9.047536905318626
3,-0.5,0.5,1.056,9.038657398402306
3,-0.5,0.5,1.0576,9.029786236763707
3,-0.5,0.5,1.0592000000000001,9.020923422605447
3,-0.5,0.5,1.0608,9.0120689580304
3,-0.5,0.5,1.0624,9.003222845042623
3,-0.5,0.5,1.064,8.994385085548316
3,-0.5,0.5,1.0656,8.985555681356722
3,-0.5,0.5,1.0672000000000001,8.976734634181064
3,-0.5,0.5,1.0688,8.96792194563943
3,-0.5,0.5,1.0704,8.9591176172557
3,-0.5,0.5,1.072,8.950321650460427
3,-0.5,0.5,1.0736,8.941534046591721
3,-0.5,0.5,1.0752000000000002,8.932754806896128
3,-0.5,0.5,1.0768,8.92398393252949
3,-0.5,0.5,1.0784,8.91522142455783
3,-0.5,0.5,1.08,8.906467283958186
3,-0.5,0.5,1.0816000000000001,8.897721511619464
3,-0.5,0.5,1.0832000000000002,8.88898410834327
3,-0.5,0.5,1.0848,8.880255074844753
3,-0.5,0.5,1.0864,8.871534411753428
3,-0.5,0.5,1.088,8.862822119613979
3,-0.5,0.5,1.0896000000000001,8.854118198887084
3,-0.5,0.5,1.0912,8.84542264995021
3,-0.5,0.5,1.0928,8.836735473098408
3,-0.5,0.5,1.0944,8.8280566685451
3,-0.5,0.5,1.096,8.81938623642287
3,-0.5,0.5,1.0976000000000001,8.810724176784225
3,-0.5,0.5,1.0992,8.80207048960237
3,-0.5,0.5,1.1008,8.793425174771967
3,-0.5,0.5,1.1024,8.784788232109886
3,-0.5,0.5,1.104,8.776159661355956
3,-0.5,0.5,1.1056000000000001,8.767539462173707
3,-0.5,0.5,1.1072,8.758927634151094
3,-0.5,0.5,1.1088,8.750324176801236
3,-0.5,0.5,1.1104,8.74172908956313
3,-0.5,0.5,1.112,8.733142371802366
3,-0.5,0.5,1.1136000000000001,8.724564022811837
3,-0.5,0.5,1.1152,8.715994041812444
3,-0.5,0.5,1.1168,8.707432427953783
3,-0.5,0.5,1.1184,8.698879180314844
3,-0.5,0.5,1.12,8.690334297904686
3,-0.5,0.5,1.1216000000000002,8.681797779663114
3,-0.5,0.5,1.1232,8.673269624461364
3,-0.5,0.5,1.1248,8.664749831102748
3,-0.5,0.5,1.1264,8.656238398323334
3,-0.5,0.5,1.1280000000000001,8.647735324792578
3,-0.5,0.5,1.1296000000000002,8.63924060911399
3,-0.5,0.5,1.1312,8.63075424982577
3,-0.5,0.5,1.1328,8.622276245401437
3,-0.5,0.5,1.1344,8.613806594250466
3,-0.5,0.5,1.1360000000000001,8.60534529471892
3,-0.5,0.5,1.1376,8.596892345090053
3,-0.5,0.5,1.1392,8.588447743584938
3,-0.5,0.5,1.1408,8.580011488363072
3,-0.5,0.5,1.1424,8.571583577522974
3,-0.5,0.5,1.1440000000000001,8.563164009102783
3,-0.5,0.5,1.1456,8.554752781080863
3,-0.5,0.5,1.1472,8.546349891376375
3,-0.5,0.5,1.1488,8.537955337849866
3,-0.5,0.5,1.1504,8.529569118303845
3,-0.5,0.5,1.1520000000000001,8.521191230483355
3,-0.5,0.5,1.1536,8.512821672076534
3,-0.5,0.5,1.1552,8.504460440715189
3,-0.5,0.5,1.1568,8.49610753397534
3,-0.5,0.5,1.1584,8.487762949377784
3,-0.5,0.5,1.1600000000000001,8.479426684388624
3,-0.5,0.5,1.1616,8.47109873641983
3,-0.5,0.5,1.1632,8.462779102829764
3,-0.5,0.5,1.1648,8.454467780923718
3,-0.5,0.5,1.1664,8.446164767954437
3,-0.5,0.5,1.1680000000000001,8.43787006112265
3,-0.5,0.5,1.1696,8.429583657577576
3,-0.5,0.5,1.1712,8.421305554417449
3,-0.5,0.5,1.1728,8.413035748690021
3,-0.5,0.5,1.1744,8.40477423739307
3,-0.5,0.5,1.1760000000000002,8.3965210174749
3,-0.5,0.5,1.1776,8.388276085834832
3,-0.5,0.5,1.1792,8.3800394393237
3,-0.5,0.5,1.1808,8.371811074744336
3,-0.5,0.5,1.1824000000000001,8.363590988852055
3,-0.5,0.5,1.1840000000000002,8.355379178355134
3,-0.5,0.5,1.1856,8.347175639915282
3,-0.5,0.5,1.1872,8.338980370148105
3,-0.5,0.5,1.1888,8.33079336562359
3,-0.5,0.5,1.1904000000000001,8.32261462286655
3,-0.5,0.5,1.192,8.314444138357084
3,-0.5,0.5,1.1936,8.30628190853104
3,-0.5,0.5,1.1952,8.298127929780454
3,-0.5,0.5,1.1968,8.289982198454002
3,-0.5,0.5,1.1984000000000001,8.281844710857433
3,-0.5,0.5,1.2,8.273715463254018
3,-0.5,0.5,1.2016,8.26559445186498
3,-0.5,0.5,1.2032,8.257481672869918
3,-0.5,0.5,1.2048,8.249377122407243
3,-0.5,0.5,1.2064000000000001,8.241280796574586
3,-0.5,0.5,1.208,8.233192691429233
3,-0.5,0.5,1.2096,8.225112802988532
3,-0.5,0.5,1.2112,8.217041127230301
3,-0.5,0.5,1.2128,8.208977660093245
3,-0.5,0.5,1.2144000000000001,8.200922397477349
3,-0.5,0.5,1.216,8.192875335244285
3,-0.5,0.5,1.2176,8.18483646921781
3,-0.5,0.5,1.2192,8.176805795184155
3,-0.5,0.5,1.2208,8.168783308892415
3,-0.5,0.5,1.2224000000000002,8.160769006054942
3,-0.5,0.5,1.224,8.15276288234772
3,-0.5,0.5,1.2256,8.14476493341075
3,-0.5,0.5,1.2272,8.13677515484842
3,-0.5,0.5,1.2288000000000001,8.12879354222989
3,-0.5,0.5,1.2304000000000002,8.120820091089445
3,-0.5,0.5,1.232,8.11285479692688
3,-0.5,0.5,1.2336,8.104897655207845
3,-0.5,0.5,1.2352,8.096948661364216
3,-0.5,0.5,1.2368000000000001,8.089007810794449
3,-0.5,0.5,1.2384000000000002,8.081075098863934
3,-0.5,0.5,1.24,8.073150520905347
3,-0.5,0.5,1.2416,8.065234072218994
3,-0.5,0.5,1.2432,8.057325748073152
3,-0.5,0.5,1.2448000000000001,8.049425543704427
3,-0.5,0.5,1.2464,8.041533454318069
3,-0.5,0.5,1.248,8.033649475088321
3,-0.5,0.5,1.2496,8.025773601158752
3,-0.5,0.5,1.2512,8.01790582764259
3,-0.5,0.5,1.2528000000000001,8.010046149623019
3,-0.5,0.5,1.2544,8.002194562153548
3,-0.5,0.5,1.256,7.994351060258305
3,-0.5,0.5,1.2576,7.986515638932349
3,-0.5,0.5,1.2592,7.978688293142002
3,-0.5,0.5,1.2608000000000001,7.970869017825156
3,-0.5,0.5,1.2624,7.963057807891576
3,-0.5,0.5,1.264,7.9552546582232155
3,-0.5,0.5,1.2656,7.947459563674513
3,-0.5,0.5,1.2672,7.939672519072702
3,-0.5,0.5,1.2688000000000001,7.931893519218102
3,-0.5,0.5,1.2704,7.924122558884417
3,-0.5,0.5,1.272,7.916359632819031
3,-0.5,0.5,1.2736,7.9086047357433
3,-0.5,0.5,1.2752000000000001,7.900857862352833
3,-0.5,0.5,1.2768000000000002,7.893119007317786
3,-0.5,0.5,1.2784,7.88538816528314
3,-0.5,0.5,1.28,7.877665330868985
3,-0.5,0.5,1.2816,7.869950498670798
3,-0.5,0.5,1.2832000000000001,7.862243663259719
3,-0.5,0.5,1.2848000000000002,7.854544819182818
3,-0.5,0.5,1.2864,7.8468539609633785
3,-0.5,0.5,1.288,7.839171083101156
3,-0.5,0.5,1.2896,7.831496180072646
3,-0.5,0.5,1.2912000000000001,7.823829246331351
3,-0.5,0.5,1.2928000000000002,7.816170276308043
3,-0.5,0.5,1.2944,7.808519264411015
3,-0.5,0.5,1.296,7.800876205026349
3,-0.5,0.5,1.2976,7.793241092518161
3,-0.5,0.5,1.2992000000000001,7.78561392122886
3,-0.5,0.5,1.3008,7.777994685479395
3,-0.5,0.5,1.3024,7.770383379569504
3,-0.5,0.5,1.304,7.762779997777958
3,-0.5,0.5,1.3056,7.7551845343628125
3,-0.5,0.5,1.3072000000000001,7.747596983561639
3,-0.5,0.5,1.3088,7.740017339591768
3,-0.5,0.5,1.3104,7.732445596650528
3,-0.5,0.5,1.312,7.724881748915484
3,-0.5,0.5,1.3136,7.717325790544661
3,-0.5,0.5,1.3152000000000001,7.709777715676783
3,-0.5,0.5,1.3168,7.7022375184315
3,-0.5,0.5,1.3184,7.694705192909615
3,-0.5,0.5,1.32,7.687180733193311
3,-0.5,0.5,1.3216,7.679664133346369
3,-0.5,0.5,1.3232000000000002,7.672155387414395
3,-0.5,0.5,1.3248,7.664654489425034
3,-0.5,0.5,1.3264,7.657161433388193
3,-0.5,0.5,1.328,7.649676213296253
3,-0.5,0.5,1.3296000000000001,7.64219882312428
3,-0.5,0.5,1.3312000000000002,7.634729256830244
3,-0.5,0.5,1.3328,7.627267508355221
3,-0.5,0.5,1.3344,7.619813571623603
3,-0.5,0.5,1.336,7.612367440543312
3,-0.5,0.5,1.3376000000000001,7.60492910900599
3,-0.5,0.5,1.3392000000000002,7.597498570887214
3,-0.5,0.5,1.3408,7.59007582004669
3,-0.5,0.5,1.3424,7.582660850328454
3,-0.5,0.5,1.344,7.575253655561068
3,-0.5,0.5,1.3456000000000001,7.567854229557818
3,-0.5,0.5,1.3472000000000002,7.560462566116906
3,-0.5,0.5,1.3488,7.553078659021642
3,-0.5,0.5,1.3504,7.545702502040635
3,-0.5,0.5,1.352,7.538334088927983
3,-0.5,0.5,1.3536000000000001,7.530973413423454
3,-0.5,0.5,1.3552,7.5236204692526805
3,-0.5,0.5,1.3568,7.516275250127336
3,-0.5,0.5,1.3584,7.508937749745319
3,-0.5,0.5,1.36,7.5016079617909375
3,-0.5,0.5,1.3616000000000001,7.4942858799350835
3,-0.5,0.5,1.3632,7.48697149783541
3,-0.5,0.5,1.3648,7.479664809136512
3,-0.5,0.5,1.3664,7.472365807470094
3,-0.5,0.5,1.368,7.46507448645515
3,-0.5,0.5,1.3696000000000002,7.457790839698127
3,-0.5,0.5,1.3712,7.450514860793103
3,-0.5,0.5,1.3728,7.443246543321947
3,-0.5,0.5,1.3744,7.435985880854492
3,-0.5,0.5,1.3760000000000001,7.4287328669487
3,-0.5,0.5,1.3776000000000002,7.421487495150822
3,-0.5,0.5,1.3792,7.414249758995562
3,-0.5,0.5,1.3808,7.407019652006242
3,-0.5,0.5,1.3824,7.399797167694953
3,-0.5,0.5,1.3840000000000001,7.392582299562726
3,-0.5,0.5,1.3856000000000002,7.385375041099675
3,-0.5,0.5,1.3872,7.37817538578516
3,-0.5,0.5,1.3888,7.370983327087942
3,-0.5,0.5,1.3904,7.3637988584663345
3,-0.5,0.5,1.3920000000000001,7.356621973368352
3,-0.5,0.5,1.3936000000000002,7.349452665231861
3,-0.5,0.5,1.3952,7.3422909274847346
3,-0.5,0.5,1.3968,7.335136753544991
3,-0.5,0.5,1.3984,7.327990136820949
3,-0.5,0.5,1.4000000000000001,7.320851070711363
3,-0.5,0.5,1.4016,7.313719548605575
3,-0.5,0.5,1.4032,7.306595563883652
3,-0.5,0.5,1.4048,7.299479109916531
3,-0.5,0.5,1.4064,7.292370180066156
3,-0.5,0.5,1.4080000000000001,7.285268767685613
3,-0.5,0.5,1.4096,7.278174866119281
3,-0.5,0.5,1.4112,7.27108846870295
3,-0.5,0.5,1.4128,7.264009568763972
3,-0.5,0.5,1.4144,7.256938159621384
3,-0.5,0.5,1.4160000000000001,7.249874234586047
3,-0.5,0.5,1.4176,7.2428177869607735
3,-0.5,0.5,1.4192,7.235768810040463
3,-0.5,0.5,1.4208,7.2287272971122265
3,-0.5,0.5,1.4224,7.221693241455513
3,-0.5,0.5,1.4240000000000002,7.214666636342246
3,-0.5,0.5,1.4256,7.2076474750369375
3,-0.5,0.5,1.4272,7.200635750796822
3,-0.5,0.5,1.4288,7.193631456871976
3,-0.5,0.5,1.4304000000000001,7.186634586505439
3,-0.5,0.5,1.4320000000000002,7.1796451329333415
3,-0.5,0.5,1.4336,7.172663089385018
3,-0.5,0.5,1.4352,7.165688449083131
3,-0.5,0.5,1.4368,7.158721205243787
3,-0.5,0.5,1.4384000000000001,7.151761351076658
3,-0.5,0.5,1.4400000000000002,7.144808879785091
3,-0.5,0.5,1.4416,7.137863784566231
3,-0.5,0.5,1.4432,7.130926058611128
3,-0.5,0.5,1.4448,7.123995695104856
3,-0.5,0.5,1.4464000000000001,7.117072687226622
3,-0.5,0.5,1.4480000000000002,7.110157028149881
3,-0.5,0.5,1.4496,7.10324871104244
3,-0.5,0.5,1.4512,7.096347729066573
3,-0.5,0.5,1.4528,7.089454075379127
3,-0.5,0.5,1.4544000000000001,7.082567743131632
3,-0.5,0.5,1.456,7.075688725470404
3,-0.5,0.5,1.4576,7.068817015536655
3,-0.5,0.5,1.4592,7.06195260646659
3,-0.5,0.5,1.4608,7.055095491391517
3,-0.5,0.5,1.4624000000000001,7.048245663437955
3,-0.5,0.5,1.464,7.04140311572772
3,-0.5,0.5,1.4656,7.034567841378043
3,-0.5,0.5,1.4672,7.027739833501659
3,-0.5,0.5,1.4688,7.020919085206914
3,-0.5,0.5,1.4704000000000002,7.014105589597853
3,-0.5,0.5,1.472,7.007299339774331
3,-0.5,0.5,1.4736,7.0005003288321
3,-0.5,0.5,1.4752,6.993708549862906
3,-0.5,0.5,1.4768000000000001,6.986923995954592
3,-0.5,0.5,1.4784000000000002,6.9801466601911795
3,-0.5,0.5,1.48,6.973376535652971
3,-0.5,0.5,1.4816,6.966613615416641
3,-0.5,0.5,1.4832,6.959857892555326
3,-0.5,0.5,1.4848000000000001,6.953109360138716
3,-0.5,0.5,1.4864000000000002,6.946368011233144
3,-0.5,0.5,1.488,6.93963383890168
3,-0.5,0.5,1.4896,6.9329068362042126
3,-0.5,0.5,1.4912,6.92618699619754
3,-0.5,0.5,1.4928000000000001,6.91947431193546
3,-0.5,0.5,1.4944000000000002,6.912768776468851
3,-0.5,0.5,1.496,6.90607038284576
3,-0.5,0.5,1.4976,6.899379124111489
3,-0.5,0.5,1.4992,6.892694993308676
3,-0.5,0.5,1.5008000000000001,6.88601798347738
3,-0.5,0.5,1.5024000000000002,6.879348087655164
3,-0.5,0.5,1.504,6.872685298877176
3,-0.5,0.5,1.5056,6.866029610176231
3,-0.5,0.5,1.5072,6.859381014582888
3,-0.5,0.5,1.5088000000000001,6.852739505125534
3,-0.5,0.5,1.5104,6.846105074830462
3,-0.5,0.5,1.512,6.839477716721949
3,-0.5,0.5,1.5136,6.832857423822332
3,-0.5,0.5,1.5152,6.826244189152086
3,-0.5,0.5,1.5168000000000001,6.819638005729903
3,-0.5,0.5,1.5184,6.8130388665727635
3,-0.5,0.5,1.52,6.8064467646960125
3,-0.5,0.5,1.5216,6.799861693113436
3,-0.5,0.5,1.5232,6.7932836448373335
3,-0.5,0.5,1.5248000000000002,6.786712612878588
3,-0.5,0.5,1.5264,6.780148590246744
3,-0.5,0.5,1.528,6.773591569950075
3,-0.5,0.5,1.5296,6.767041544995654
3,-0.5,0.5,1.5312000000000001,6.760498508389428
3,-0.5,0.5,1.5328000000000002,6.753962453136283
3,-0.5,0.5,1.5344,6.747433372240118
3,-0.5,0.5,1.536,6.740911258703914
3,-0.5,0.5,1.5376,6.734396105529792
3,-0.5,0.5,1.5392000000000001,6.727887905719096
3,-0.5,0.5,1.5408000000000002,6.721386652272445
3,-0.5,0.5,1.5424,6.714892338189808
3,-0.5,0.5,1.544,6.708404956470568
3,-0.5,0.5,1.5456,6.701924500113589
3,-0.5,0.5,1.5472000000000001,6.695450962117274
3,-0.5,0.5,1.5488000000000002,6.688984335479637
3,-0.5,0.5,1.5504,6.682524613198357
3,-0.5,0.5,1.552,6.67607178827085
3,-0.5,0.5,1.5536,6.669625853694328
3,-0.5,0.5,1.5552000000000001,6.663186802465857
3,-0.5,0.5,1.5568000000000002,6.656754627582425
3,-0.5,0.5,1.5584,6.6503293220409985
3,-0.5,0.5,1.56,6.64391087883858
3,-0.5,0.5,1.5616,6.637499290972271
3,-0.5,0.5,1.5632000000000001,6.631094551439335
3,-0.5,0.5,1.5648,6.6246966532372475
3,-0.5,0.5,1.5664,6.61830558936376
3,-0.5,0.5,1.568,6.611921352816953
3,-0.5,0.5,1.5696,6.6055439365953
3,-0.5,0.5,1.5712000000000002,6.599173333697716
3,-0.5,0.5,1.5728,6.5928095371236175
3,-0.5,0.5,1.5744,6.58645253987298
3,-0.5,0.5,1.576,6.5801023349463845
3,-0.5,0.5,1.5776000000000001,6.5737589153450875
3,-0.5,0.5,1.5792000000000002,6.567422274071057
3,-0.5,0.5,1.5808,6.561092404127039
3,-0.5,0.5,1.5824,6.554769298516604
3,-0.5,0.5,1.584,6.548452950244203
3,-0.5,0.5,1.5856000000000001,6.542143352315217
3,-0.5,0.5,1.5872000000000002,6.535840497736013
3,-0.5,0.5,1.5888,6.529544379513989
3,-0.5,0.5,1.5904,6.523254990657626
3,-0.5,0.5,1.592,6.516972324176546
3,-0.5,0.5,1.5936000000000001,6.510696373081553
3,-0.5,0.5,1.5952000000000002,6.504427130384683
3,-0.5,0.5,1.5968,6.498164589099261
3,-0.5,0.5,1.5984,6.49190874223994
3,-0.5,0.5,1.6,6.485659582822754
3,-0.5,0.5,1.6016000000000001,6.4794171038651625
3,-0.5,0.5,1.6032000000000002,6.4731812983861055
3,-0.5,0.5,1.6048,6.4669521594060395
3,-0.5,0.5,1.6064,6.460729679946991
3,-0.5,0.5,1.608,6.4545138530326005
3,-0.5,0.5,1.6096000000000001,6.448304671688169
3,-0.5,0.5,1.6112000000000002,6.442102128940702
3,-0.5,0.5,1.6128,6.435906217818953
3,-0.5,0.5,1.6144,6.429716931353473
3,-0.5,0.5,1.616,6.423534262576648
3,-0.5,0.5,1.6176000000000001,6.417358204522746
3,-0.5,0.5,1.6192,6.411188750227961
3,-0.5,0.5,1.6208,6.405025892730453
3,-0.5,0.5,1.6224,6.398869625070394
3,-0.5,0.5,1.624,6.392719940290006
3,-0.5,0.5,1.6256000000000002,6.386576831433606
3,-0.5,0.5,1.6272,6.380440291547644
3,-0.5,0.5,1.6288,6.3743103136807475
3,-0.5,0.5,1.6304,6.36818689088376
3,-0.5,0.5,1.6320000000000001,6.36207001620978
3,-0.5,0.5,1.6336000000000002,6.3559596827142055
3,-0.5,0.5,1.6352,6.349855883454768
3,-0.5,0.5,1.6368,6.343758611491574
3,-0.5,0.5,1.6384,6.337667859887144
3,-0.5,0.5,1.6400000000000001,6.331583621706451
3,-0.5,0.5,1.6416000000000002,6.325505890016957
3,-0.5,0.5,1.6432,6.319434657888651
3,-0.5,0.5,1.6448,6.3133699183940895
3,-0.5,0.5,1.6464,6.307311664608429
3,-0.5,0.5,1.6480000000000001,6.301259889609467
3,-0.5,0.5,1.6496000000000002,6.295214586477673
3,-0.5,0.5,1.6512,6.28917574829623
3,-0.5,0.5,1.6528,6.283143368151066
3,-0.5,0.5,1.6544,6.277117439130892
3,-0.5,0.5,1.6560000000000001,6.27109795432724
3,-0.5,0.5,1.6576000000000002,6.265084906834487
3,-0.5,0.5,1.6592,6.259078289749901
3,-0.5,0.5,1.6608,6.25307809617367
3,-0.5,0.5,1.6624,6.247084319208934
3,-0.5,0.5,1.6640000000000001,6.241096951961825
3,-0.5,0.5,1.6656,6.23511598754149
3,-0.5,0.5,1.6672,6.229141419060134
3,-0.5,0.5,1.6688,6.223173239633048
3,-0.5,0.5,1.6704,6.2172114423786375
3,-0.5,0.5,1.6720000000000002,6.211256020418465
3,-0.5,0.5,1.6736,6.20530696687727
3,-0.5,0.5,1.6752,6.199364274883007
3,-0.5,0.5,1.6768,6.193427937566876
3,-0.5,0.5,1.6784000000000001,6.187497948063353
3,-0.5,0.5,1.6800000000000002,6.181574299510216
3,-0.5,0.5,1.6816,6.175656985048585
3,-0.5,0.5,1.6832,6.169745997822941
3,-0.5,0.5,1.6848,6.163841330981163
3,-0.5,0.5,1.6864000000000001,6.157942977674554
3,-0.5,0.5,1.6880000000000002,6.152050931057875
3,-0.5,0.5,1.6896,6.146165184289367
3,-0.5,0.5,1.6912,6.140285730530781
3,-0.5,0.5,1.6928,6.134412562947413
3,-0.5,0.5,1.6944000000000001,6.128545674708122
3,-0.5,0.5,1.6960000000000002,6.122685058985367
3,-0.5,0.5,1.6976,6.116830708955229
3,-0.5,0.5,1.6992,6.110982617797439
3,-0.5,0.5,1.7008,6.105140778695406
3,-0.5,0.5,1.7024000000000001,6.099305184836246
3,-0.5,0.5,1.7040000000000002,6.093475829410801
3,-0.5,0.5,1.7056,6.087652705613675
3,-0.5,0.5,1.7072,6.081835806643254
3,-0.5,0.5,1.7088,6.076025125701733
3,-0.5,0.5,1.7104000000000001,6.070220655995139
3,-0.5,0.5,1.7120000000000002,6.0644223907333625
3,-0.5,0.5,1.7136,6.058630323130178
3,-0.5,0.5,1.7152,6.052844446403269
3,-0.5,0.5,1.7168,6.047064753774254
3,-0.5,0.5,1.7184000000000001,6.041291238468712
3,-0.5,0.5,1.72,6.035523893716198
3,-0.5,0.5,1.7216,6.029762712750283
3,-0.5,0.5,1.7232,6.0240076888085605
3,-0.5,0.5,1.7248,6.0182588151326835
3,-0.5,0.5,1.7264000000000002,6.0125160849683805
3,-0.5,0.5,1.728,6.006779491565476
3,-0.5,0.5,1.7296,6.001049028177921
3,-0.5,0.5,1.7312,5.995324688063812
3,-0.5,0.5,1.7328000000000001,5.989606464485411
3,-0.5,0.5,1.7344000000000002,5.983894350709171
3,-0.5,0.5,1.736,5.978188340005755
3,-0.5,0.5,1.7376,5.972488425650063
3,-0.5,0.5,1.7392,5.9667946009212445
3,-0.5,0.5,1.7408000000000001,5.9611068591027285
3,-0.5,0.5,1.7424000000000002,5.955425193482239
3,-0.5,0.5,1.744,5.949749597351822
3,-0.5,0.5,1.7456,5.9440800640078555
3,-0.5,0.5,1.7472,5.938416586751081
3,-0.5,0.5,1.7488000000000001,5.9327591588866175
3,-0.5,0.5,1.7504000000000002,5.927107773723984
3,-0.5,0.5,1.752,5.921462424577117
3,-0.5,0.5,1.7536,5.915823104764396
3,-0.5,0.5,1.7552,5.910189807608654
3,-0.5,0.5,1.7568000000000001,5.9045625264372035
3,-0.5,0.5,1.7584000000000002,5.898941254581853
3,-0.5,0.5,1.76,5.893325985378927
3,-0.5,0.5,1.7616,5.887716712169283
3,-0.5,0.5,1.7632,5.882113428298332
3,-0.5,0.5,1.7648000000000001,5.876516127116055
3,-0.5,0.5,1.7664000000000002,5.870924801977025
3,-0.5,0.5,1.768,5.8653394462404185
3,-0.5,0.5,1.7696,5.859760053270038
3,-0.5,0.5,1.7712,5.854186616434327
3,-0.5,0.5,1.7728000000000002,5.848619129106393
3,-0.5,0.5,1.7744,5.8430575846640185
3,-0.5,0.5,1.776,5.837501976489677
3,-0.5,0.5,1.7776,5.831952297970557
3,-0.5,0.5,1.7792000000000001,5.826408542498574
3,-0.5,0.5,1.7808000000000002,5.820870703470387
3,-0.5,0.5,1.7824,5.815338774287414
3,-0.5,0.5,1.784,5.809812748355856
3,-0.5,0.5,1.7856,5.8042926190867
3,-0.5,0.5,1.7872000000000001,5.7987783798957455
3,-0.5,0.5,1.7888000000000002,5.793270024203616
3,-0.5,0.5,1.7904,5.787767545435774
3,-0.5,0.5,1.792,5.782270937022541
3,-0.5,0.5,1.7936,5.776780192399104
3,-0.5,0.5,1.7952000000000001,5.771295305005542
3,-0.5,0.5,1.7968000000000002,5.765816268286829
3,-0.5,0.5,1.7984,5.760343075692859
3,-0.5,0.5,1.8,5.754875720678452
3,-0.5,0.5,1.8016,5.749414196703378
3,-0.5,0.5,1.8032000000000001,5.74395849723236
3,-0.5,0.5,1.8048000000000002,5.738508615735099
3,-0.5,0.5,1.8064,5.73306454568628
3,-0.5,0.5,1.808,5.727626280565589
3,-0.5,0.5,1.8096,5.722193813857729
3,-0.5,0.5,1.8112000000000001,5.716767139052429
3,-0.5,0.5,1.8128000000000002,5.7113462496444605
3,-0.5,0.5,1.8144,5.70593113913365
3,-0.5,0.5,1.816,5.700521801024891
3,-0.5,0.5,1.8176,5.695118228828157
3,-0.5,0.5,1.8192000000000002,5.68972041605852
3,-0.5,0.5,1.8208000000000002,5.684328356236155
3,-0.5,0.5,1.8224,5.678942042886355
3,-0.5,0.5,1.824,5.673561469539546
3,-0.5,0.5,1.8256000000000001,5.668186629731299
3,-0.5,0.5,1.8272000000000002,5.662817517002338
3,-0.5,0.5,1.8288,5.657454124898559
3,-0.5,0.5,1.8304,5.652096446971033
3,-0.5,0.5,1.832,5.6467444767760275
3,-0.5,0.5,1.8336000000000001,5.641398207875008
3,-0.5,0.5,1.8352000000000002,5.636057633834658
3,-0.5,0.5,1.8368,5.630722748226887
3,-0.5,0.5,1.8384,5.625393544628843
3,-0.5,0.5,1.84,5.620070016622917
3,-0.5,0.5,1.8416000000000001,5.614752157796766
3,-0.5,0.5,1.8432000000000002,5.609439961743313
3,-0.5,0.5,1.8448,5.6041334220607615
3,-0.5,0.5,1.8464,5.59883253235261
3,-0.5,0.5,1.848,5.593537286227656
3,-0.5,0.5,1.8496000000000001,5.588247677300012
3,-0.5,0.5,1.8512000000000002,5.582963699189109
3,-0.5,0.5,1.8528,5.577685345519714
3,-0.5,0.5,1.8544,5.572412609921937
3,-0.5,0.5,1.856,5.567145486031238
3,-0.5,0.5,1.8576000000000001,5.561883967488442
3,-0.5,0.5,1.8592000000000002,5.556628047939745
3,-0.5,0.5,1.8608,5.551377721036724
3,-0.5,0.5,1.8624,5.546132980436347
3,-0.5,0.5,1.864,5.540893819800984
3,-0.5,0.5,1.8656000000000001,5.535660232798412
3,-0.5,0.5,1.8672000000000002,5.530432213101825
3,-0.5,0.5,1.8688,5.525209754389853
3,-0.5,0.5,1.8704,5.5199928503465525
3,-0.5,0.5,1.872,5.51478149466143
3,-0.5,0.5,1.8736000000000002,5.509575681029443
3,-0.5,0.5,1.8752000000000002,5.504375403151015
3,-0.5,0.5,1.8768,5.499180654732039
3,-0.5,0.5,1.8784,5.493991429483884
3,-0.5,0.5,1.8800000000000001,5.48880772112341
3,-0.5,0.5,1.8816000000000002,5.483629523372972
3,-0.5,0.5,1.8832,5.478456829960427
3,-0.5,0.5,1.8848,5.4732896346191415
3,-0.5,0.5,1.8864,5.468127931088007
3,-0.5,0.5,1.8880000000000001,5.4629717131114335
3,-0.5,0.5,1.8896000000000002,5.4578209744393735
3,-0.5,0.5,1.8912,5.452675708827316
3,-0.5,0.5,1.8928,5.447535910036302
3,-0.5,0.5,1.8944,5.442401571832927
3,-0.5,0.5,1.8960000000000001,5.437272687989352
3,-0.5,0.5,1.8976000000000002,5.432149252283309
3,-0.5,0.5,1.8992,5.427031258498107
3,-0.5,0.5,1.9008,5.421918700422641
3,-0.5,0.5,1.9024,5.4168115718513965
3,-0.5,0.5,1.9040000000000001,5.4117098665844585
3,-0.5,0.5,1.9056000000000002,5.406613578427517
3,-0.5,0.5,1.9072,5.401522701191871
3,-0.5,0.5,1.9088,5.39643722869444
3,-0.5,0.5,1.9104,5.39135715475777
3,-0.5,0.5,1.9120000000000001,5.386282473210033
3,-0.5,0.5,1.9136000000000002,5.3812131778850425
3,-0.5,0.5,1.9152,5.376149262622251
3,-0.5,0.5,1.9168,5.371090721266763
3,-0.5,0.5,1.9184,5.366037547669337
3,-0.5,0.5,1.9200000000000002,5.360989735686392
3,-0.5,0.5,1.9216000000000002,5.355947279180012
3,-0.5,0.5,1.9232,5.350910172017958
3,-0.5,0.5,1.9248,5.3458784080736645
3,-0.5,0.5,1.9264000000000001,5.34085198122625
3,-0.5,0.5,1.9280000000000002,5.335830885360521
3,-0.5,0.5,1.9296,5.330815114366981
3,-0.5,0.5,1.9312,5.325804662141832
3,-0.5,0.5,1.9328,5.320799522586976
3,-0.5,0.5,1.9344000000000001,5.3157996896100315
3,-0.5,0.5,1.9360000000000002,5.310805157124326
3,-0.5,0.5,1.9376,5.30581591904891
3,-0.5,0.5,1.9392,5.300831969308556
3,-0.5,0.5,1.9408,5.295853301833764
3,-0.5,0.5,1.9424000000000001,5.290879910560775
3,-0.5,0.5,1.9440000000000002,5.28591178943156
3,-0.5,0.5,1.9456,5.280948932393836
3,-0.5,0.5,1.9472,5.2759913334010715
3,-0.5,0.5,1.9488,5.2710389864124805
3,-0.5,0.5,1.9504000000000001,5.2660918853930365
3,-0.5,0.5,1.9520000000000002,5.261150024313472
3,-0.5,0.5,1.9536,5.256213397150283
3,-0.5,0.5,1.9552,5.251281997885738
3,-0.5,0.5,1.9568,5.2463558205078735
3,-0.5,0.5,1.9584000000000001,5.241434859010506
3,-0.5,0.5,1.9600000000000002,5.236519107393231
3,-0.5,0.5,1.9616,5.231608559661426
3,-0.5,0.5,1.9632,5.22670320982626
3,-0.5,0.5,1.9648,5.221803051904693
3,-0.5,0.5,1.9664000000000001,5.216908079919477
3,-0.5,0.5,1.9680000000000002,5.212018287899166
3,-0.5,0.5,1.9696,5.207133669878116
3,-0.5,0.5,1.9712,5.202254219896485
3,-0.5,0.5,1.9728,5.197379932000246
3,-0.5,0.5,1.9744000000000002,5.192510800241176
3,-0.5,0.5,1.9760000000000002,5.187646818676874
3,-0.5,0.5,1.9776,5.182787981370755
3,-0.5,0.5,1.9792,5.177934282392054
3,-0.5,0.5,1.9808000000000001,5.173085715815833
3,-0.5,0.5,1.9824000000000002,5.168242275722979
3,-0.5,0.5,1.984,5.163403956200211
3,-0.5,0.5,1.9856,5.158570751340079
3,-0.5,0.5,1.9872,5.153742655240971
3,-0.5,0.5,1.9888000000000001,5.1489196620071125
3,-0.5,0.5,1.9904000000000002,5.1441017657485695
3,-0.5,0.5,1.992,5.13928896058125
3,-0.5,0.5,1.9936,5.13448124062691
3,-0.5,0.5,1.9952,5.129678600013155
3,-0.5,0.5,1.9968000000000001,5.124881032873439
3,-0.5,0.5,1.9984000000000002,5.12008853334707
3,-0.5,0.5,2.0,5.11530109557921
3,-0.5,0.5,2.0016000000000003,5.1105187137208805
3,-0.5,0.5,2.0032,5.1057413819289605
3,-0.5,0.5,2.0048,5.100969094366195
3,-0.5,0.5,2.0064,5.096201845201187
3,-0.5,0.5,2.008,5.091439628608408
3,-0.5,0.5,2.0096000000000003,5.086682438768197
3,-0.5,0.5,2.0112,5.081930269866762
3,-0.5,0.5,2.0128,5.077183116096181
3,-0.5,0.5,2.0144,5.072440971654407
3,-0.5,0.5,2.016,5.067703830745266
3,-0.5,0.5,2.0176000000000003,5.062971687578462
3,-0.5,0.5,2.0192,5.058244536369572
3,-0.5,0.5,2.0208,5.05352237134006
3,-0.5,0.5,2.0224,5.048805186717263
3,-0.5,0.5,2.024,5.044092976734404
3,-0.5,0.5,2.0256000000000003,5.039385735630588
3,-0.5,0.5,2.0272,5.034683457650807
3,-0.5,0.5,2.0288,5.029986137045936
3,-0.5,0.5,2.0304,5.025293768072737
3,-0.5,0.5,2.032,5.0206063449938645
3,-0.5,0.5,2.0336000000000003,5.015923862077858
3,-0.5,0.5,2.0352,5.011246313599149
3,-0.5,0.5,2.0368,5.00657369383806
3,-0.5,0.5,2.0384,5.001905997080805
3,-0.5,0.5,2.04,4.997243217619495
3,-0.5,0.5,2.0416000000000003,4.9925853497521295
3,-0.5,0.5,2.0432,4.987932387782607
3,-0.5,0.5,2.0448,4.983284326020719
3,-0.5,0.5,2.0464,4.978641158782155
3,-0.5,0.5,2.048,4.974002880388502
3,-0.5,0.5,2.0496000000000003,4.969369485167243
3,-0.5,0.5,2.0512,4.964740967451757
3,-0.5,0.5,2.0528,4.960117321581325
3,-0.5,0.5,2.0544000000000002,4.955498541901128
3,-0.5,0.5,2.056,4.950884622762242
3,-0.5,0.5,2.0576000000000003,4.946275558521646
3,-0.5,0.5,2.0592,4.941671343542219
3,-0.5,0.5,2.0608,4.937071972192738
3,-0.5,0.5,2.0624000000000002,4.932477438847883
3,-0.5,0.5,2.064,4.927887737888235
3,-0.5,0.5,2.0656,4.923302863700275
3,-0.5,0.5,2.0672,4.918722810676385
3,-0.5,0.5,2.0688,4.9141475732148505
3,-0.5,0.5,2.0704000000000002,4.909577145719852
3,-0.5,0.5,2.072,4.905011522601478
3,-0.5,0.5,2.0736,4.900450698275714
3,-0.5,0.5,2.0752,4.895894667164449
3,-0.5,0.5,2.0768,4.89134342369547
3,-0.5,0.5,2.0784000000000002,4.8867969623024665
3,-0.5,0.5,2.08,4.882255277425029
3,-0.5,0.5,2.0816,4.877718363508647
3,-0.5,0.5,2.0832,4.873186215004709
3,-0.5,0.5,2.0848,4.868658826370503
3,-0.5,0.5,2.0864000000000003,4.864136192069217
3,-0.5,0.5,2.088,4.859618306569939
3,-0.5,0.5,2.0896,4.855105164347654
3,-0.5,0.5,2.0912,4.850596759883241
3,-0.5,0.5,2.0928,4.846093087663481
3,-0.5,0.5,2.0944000000000003,4.841594142181049
3,-0.5,0.5,2.096,4.837099917934516
3,-0.5,0.5,2.0976,4.83261040942835
3,-0.5,0.5,2.0992,4.8281256111729105
3,-0.5,0.5,2.1008,4.8236455176844535
3,-0.5,0.5,2.1024000000000003,4.819170123485128
3,-0.5,0.5,2.104,4.814699423102971
3,-0.5,0.5,2.1056,4.810233411071915
3,-0.5,0.5,2.1072,4.8057720819317815
3,-0.5,0.5,2.1088,4.80131543022828
3,-0.5,0.5,2.1104000000000003,4.796863450513014
3,-0.5,0.5,2.112,4.792416137343467
3,-0.5,0.5,2.1136,4.787973485283012
3,-0.5,0.5,2.1152,4.783535488900909
3,-0.5,0.5,2.1168,4.779102142772302
3,-0.5,0.5,2.1184000000000003,4.7746734414782175
3,-0.5,0.5,2.12,4.770249379605562
3,-0.5,0.5,2.1216,4.7658299517471265
3,-0.5,0.5,2.1232,4.761415152501579
3,-0.5,0.5,2.1248,4.757004976473468
3,-0.5,0.5,2.1264000000000003,4.752599418273214
3,-0.5,0.5,2.128,4.748198472517121
3,-0.5,0.5,2.1296,4.743802133827361
3,-0.5,0.5,2.1312,4.739410396831983
3,-0.5,0.5,2.1328,4.7350232561649035
3,-0.5,0.5,2.1344000000000003,4.730640706465912
3,-0.5,0.5,2.136,4.726262742380665
3,-0.5,0.5,2.1376,4.721889358560687
3,-0.5,0.5,2.1392,4.7175205496633685
3,-0.5,0.5,2.1408,4.7131563103519625
3,-0.5,0.5,2.1424000000000003,4.708796635295584
3,-0.5,0.5,2.144,4.704441519169211
3,-0.5,0.5,2.1456,4.700090956653676
3,-0.5,0.5,2.1472,4.695744942435673
3,-0.5,0.5,2.1488,4.6914034712077495
3,-0.5,0.5,2.1504000000000003,4.687066537668307
3,-0.5,0.5,2.152,4.682734136521601
3,-0.5,0.5,2.1536,4.678406262477733
3,-0.5,0.5,2.1552000000000002,4.674082910252655
3,-0.5,0.5,2.1568,4.669764074568166
3,-0.5,0.5,2.1584000000000003,4.665449750151907
3,-0.5,0.5,2.16,4.661139931737366
3,-0.5,0.5,2.1616,4.656834614063865
3,-0.5,0.5,2.1632000000000002,4.652533791876571
3,-0.5,0.5,2.1648,4.6482374599264835
3,-0.5,0.5,2.1664000000000003,4.643945612970438
3,-0.5,0.5,2.168,4.639658245771102
3,-0.5,0.5,2.1696,4.635375353096972
3,-0.5,0.5,2.1712000000000002,4.631096929722375
3,-0.5,0.5,2.1728,4.626822970427463
3,-0.5,0.5,2.1744,4.62255346999821
3,-0.5,0.5,2.176,4.618288423226415
3,-0.5,0.5,2.1776,4.6140278249096935
3,-0.5,0.5,2.1792000000000002,4.6097716698514795
3,-0.5,0.5,2.1808,4.605519952861021
3,-0.5,0.5,2.1824,4.6012726687533805
3,-0.5,0.5,2.184,4.597029812349425
3,-0.5,0.5,2.1856,4.592791378475837
3,-0.5,0.5,2.1872000000000003,4.5885573619651
3,-0.5,0.5,2.1888,4.584327757655501
3,-0.5,0.5,2.1904,4.580102560391127
3,-0.5,0.5,2.192,4.575881765021863
3,-0.5,0.5,2.1936,4.571665366403391
3,-0.5,0.5,2.1952000000000003,4.567453359397185
3,-0.5,0.5,2.1968,4.56324573887051
3,-0.5,0.5,2.1984,4.55904249969642
3,-0.5,0.5,2.2,4.554843636753751
3,-0.5,0.5,2.2016,4.5506491449271245
3,-0.5,0.5,2.2032000000000003,4.546459019106943
3,-0.5,0.5,2.2048,4.542273254189385
3,-0.5,0.5,2.2064,4.538091845076403
3,-0.5,0.5,2.208,4.533914786675723
3,-0.5,0.5,2.2096,4.529742073900839
3,-0.5,0.5,2.2112000000000003,4.525573701671013
3,-0.5,0.5,2.2128,4.521409664911273
3,-0.5,0.5,2.2144,4.517249958552403
3,-0.5,0.5,2.216,4.513094577530951
3,-0.5,0.5,2.2176,4.508943516789214
3,-0.5,0.5,2.2192000000000003,4.504796771275246
3,-0.5,0.5,2.2208,4.500654335942853
3,-0.5,0.5,2.2224,4.496516205751583
3,-0.5,0.5,2.224,4.492382375666728
3,-0.5,0.5,2.2256,4.488252840659325
3,-0.5,0.5,2.2272000000000003,4.4841275957061475
3,-0.5,0.5,2.2288,4.480006635789702
3,-0.5,0.5,2.2304,4.4758899558982295
3,-0.5,0.5,2.232,4.4717775510257
3,-0.5,0.5,2.2336,4.467669416171809
3,-0.5,0.5,2.2352000000000003,4.463565546341974
3,-0.5,0.5,2.2368,4.459465936547335
3,-0.5,0.5,2.2384,4.455370581804745
3,-0.5,0.5,2.24,4.451279477136776
3,-0.5,0.5,2.2416,4.447192617571705
3,-0.5,0.5,2.2432000000000003,4.4431099981435205
3,-0.5,0.5,2.2448,4.439031613891915
3,-0.5,0.5,2.2464,4.43495745986228
3,-0.5,0.5,2.248,4.430887531105706
3,-0.5,0.5,2.2496,4.42682182267898
3,-0.5,0.5,2.2512000000000003,4.422760329644577
3,-0.5,0.5,2.2528,4.418703047070662
3,-0.5,0.5,2.2544,4.4146499700310855
3,-0.5,0.5,2.2560000000000002,4.410601093605377
3,-0.5,0.5,2.2576,4.406556412878751
3,-0.5,0.5,2.2592000000000003,4.402515922942087
3,-0.5,0.5,2.2608,4.398479618891946
3,-0.5,0.5,2.2624,4.394447495830549
3,-0.5,0.5,2.2640000000000002,4.390419548865788
3,-0.5,0.5,2.2656,4.386395773111213
3,-0.5,0.5,2.2672000000000003,4.3823761636860326
3,-0.5,0.5,2.2688,4.378360715715113
3,-0.5,0.5,2.2704,4.374349424328966
3,-0.5,0.5,2.2720000000000002,4.370342284663757
3,-0.5,0.5,2.2736,4.366339291861292
3,-0.5,0.5,2.2752,4.362340441069019
3,-0.5,0.5,2.2768,4.358345727440022
3,-0.5,0.5,2.2784,4.35435514613302
3,-0.5,0.5,2.2800000000000002,4.350368692312363
3,-0.5,0.5,2.2816,4.346386361148026
3,-0.5,0.5,2.2832,4.342408147815606
3,-0.5,0.5,2.2848,4.338434047496322
3,-0.5,0.5,2.2864,4.334464055377008
3,-0.5,0.5,2.2880000000000003,4.330498166650111
3,-0.5,0.5,2.2896,4.326536376513682
3,-0.5,0.5,2.2912,4.322578680171383
3,-0.5,0.5,2.2928,4.318625072832475
3,-0.5,0.5,2.2944,4.314675549711814
3,-0.5,0.5,2.2960000000000003,4.310730106029854
3,-0.5,0.5,2.2976,4.306788737012636
3,-0.5,0.5,2.2992,4.30285143789179
3,-0.5,0.5,2.3008,4.298918203904526
3,-0.5,0.5,2.3024,4.294989030293634
3,-0.5,0.5,2.3040000000000003,4.29106391230748
3,-0.5,0.5,2.3056,4.287142845200001
3,-0.5,0.5,2.3072,4.283225824230702
3,-0.5,0.5,2.3088,4.279312844664651
3,-0.5,0.5,2.3104,4.275403901772476
3,-0.5,0.5,2.3120000000000003,4.271498990830361
3,-0.5,0.5,2.3136,4.267598107120042
3,-0.5,0.5,2.3152,4.263701245928806
3,-0.5,0.5,2.3168,4.2598084025494805
3,-0.5,0.5,2.3184,4.255919572280436
3,-0.5,0.5,2.3200000000000003,4.25203475042558
3,-0.5,0.5,2.3216,4.248153932294352
3,-0.5,0.5,2.3232,4.244277113201721
3,-0.5,0.5,2.3248,4.24040428846818
3,-0.5,0.5,2.3264,4.236535453419745
3,-0.5,0.5,2.3280000000000003,4.232670603387947
3,-0.5,0.5,2.3296,4.228809733709832
3,-0.5,0.5,2.3312,4.224952839727952
3,-0.5,0.5,2.3328,4.221099916790368
3,-0.5,0.5,2.3344,4.217250960250638
3,-0.5,0.5,2.3360000000000003,4.213405965467823
3,-0.5,0.5,2.3376,4.209564927806468
3,-0.5,0.5,2.3392,4.205727842636618
3,-0.5,0.5,2.3408,4.2018947053337925
3,-0.5,0.5,2.3424,4.198065511278999
3,-0.5,0.5,2.3440000000000003,4.19424025585872
3,-0.5,0.5,2.3456,4.190418934464908
3,-0.5,0.5,2.3472,4.186601542494987
3,-0.5,0.5,2.3488,4.182788075351846
3,-0.5,0.5,2.3504,4.1789785284438326
3,-0.5,0.5,2.3520000000000003,4.1751728971847495
3,-0.5,0.5,2.3536,4.171371176993854
3,-0.5,0.5,2.3552,4.16757336329585
3,-0.5,0.5,2.3568000000000002,4.163779451520886
3,-0.5,0.5,2.3584,4.1599894371045485
3,-0.5,0.5,2.3600000000000003,4.156203315487863
3,-0.5,0.5,2.3616,4.152421082117281
3,-0.5,0.5,2.3632,4.148642732444686
3,-0.5,0.5,2.3648000000000002,4.144868261927378
3,-0.5,0.5,2.3664,4.1410976660280845
3,-0.5,0.5,2.3680000000000003,4.137330940214937
3,-0.5,0.5,2.3696,4.133568079961488
3,-0.5,0.5,2.3712,4.129809080746685
3,-0.5,0.5,2.3728000000000002,4.126053938054885
3,-0.5,0.5,2.3744,4.122302647375839
3,-0.5,0.5,2.3760000000000003,4.11855520420469
3,-0.5,0.5,2.3776,4.114811604041972
3,-0.5,0.5,2.3792,4.111071842393605
3,-0.5,0.5,2.3808000000000002,4.107335914770882
3,-0.5,0.5,2.3824,4.103603816690479
3,-0.5,0.5,2.384,4.099875543674441
3,-0.5,0.5,2.3856,4.096151091250179
3,-0.5,0.5,2.3872,4.092430454950467
3,-0.5,0.5,2.3888000000000003,4.088713630313437
3,-0.5,0.5,2.3904,4.085000612882577
3,-0.5,0.5,2.392,4.081291398206723
3,-0.5,0.5,2.3936,4.077585981840058
3,-0.5,0.5,2.3952,4.073884359342103
3,-0.5,0.5,2.3968000000000003,4.070186526277719
3,-0.5,0.5,2.3984,4.066492478217094
3,-0.5,0.5,2.4,4.062802210735749
3,-0.5,0.5,2.4016,4.059115719414526
3,-0.5,0.5,2.4032,4.055432999839584
3,-0.5,0.5,2.4048000000000003,4.051754047602398
3,-0.5,0.5,2.4064,4.048078858299756
3,-0.5,0.5,2.408,4.044407427533745
3,-0.5,0.5,2.4096,4.040739750911757
3,-0.5,0.5,2.4112,4.037075824046481
3,-0.5,0.5,2.4128000000000003,4.033415642555896
3,-0.5,0.5,2.4144,4.029759202063269
3,-0.5,0.5,2.416,4.026106498197151
3,-0.5,0.5,2.4176,4.022457526591372
3,-0.5,0.5,2.4192,4.0188122828850315
3,-0.5,0.5,2.4208000000000003,4.015170762722506
3,-0.5,0.5,2.4224,4.01153296175343
3,-0.5,0.5,2.424,4.007898875632702
3,-0.5,0.5,2.4256,4.004268500020478
3,-0.5,0.5,2.4272,4.000641830582161
3,-0.5,0.5,2.4288000000000003,3.997018862988405
3,-0.5,0.5,2.4304,3.993399592915104
3,-0.5,0.5,2.432,3.9897840160433886
3,-0.5,0.5,2.4336,3.986172128059626
3,-0.5,0.5,2.4352,3.9825639246554085
3,-0.5,0.5,2.4368000000000003,3.978959401527556
3,-0.5,0.5,2.4384,3.9753585543781043
3,-0.5,0.5,2.44,3.9717613789143056
3,-0.5,0.5,2.4416,3.9681678708486228
3,-0.5,0.5,2.4432,3.964578025898724
3,-0.5,0.5,2.4448000000000003,3.960991839787478
3,-0.5,0.5,2.4464,3.9574093082429505
3,-0.5,0.5,2.448,3.9538304269983975
3,-0.5,0.5,2.4496,3.9502551917922646
3,-0.5,0.5,2.4512,3.946683598368178
3,-0.5,0.5,2.4528000000000003,3.9431156424749423
3,-0.5,0.5,2.4544,3.9395513198665353
3,-0.5,0.5,2.456,3.935990626302103
3,-0.5,0.5,2.4576000000000002,3.932433557545956
3,-0.5,0.5,2.4592,3.9288801093675634
3,-0.5,0.5,2.4608000000000003,3.9253302775415504
3,-0.5,0.5,2.4624,3.9217840578476886
3,-0.5,0.5,2.464,3.9182414460708994
3,-0.5,0.5,2.4656000000000002,3.9147024380012407
3,-0.5,0.5,2.4672,3.911167029433908
3,-0.5,0.5,2.4688000000000003,3.907635216169229
3,-0.5,0.5,2.4704,3.9041069940126567
3,-0.5,0.5,2.472,3.900582358774764
3,-0.5,0.5,2.4736000000000002,3.8970613062712443
3,-0.5,0.5,2.4752,3.8935438323229
3,-0.5,0.5,2.4768000000000003,3.890029932755644
3,-0.5,0.5,2.4784,3.88651960340049
3,-0.5,0.5,2.48,3.88301284009355
3,-0.5,0.5,2.4816000000000003,3.8795096386760317
3,-0.5,0.5,2.4832,3.876009994994227
3,-0.5,0.5,2.4848,3.8725139048995154
3,-0.5,0.5,2.4864,3.8690213642483546
3,-0.5,0.5,2.488,3.8655323689022767
3,-0.5,0.5,2.4896000000000003,3.8620469147278826
3,-0.5,0.5,2.4912,3.8585649975968384
3,-0.5,0.5,2.4928,3.855086613385872
3,-0.5,0.5,2.4944,3.8516117579767637
3,-0.5,0.5,2.496,3.848140427256346
3,-0.5,0.5,2.4976000000000003,3.844672617116498
3,-0.5,0.5,2.4992,3.8412083234541385
3,-0.5,0.5,2.5008,3.837747542171223
3,-0.5,0.5,2.5024,3.834290269174738
3,-0.5,0.5,2.504,3.8308365003766967
3,-0.5,0.5,2.5056000000000003,3.8273862316941347
3,-0.5,0.5,2.5072,3.8239394590491047
3,-0.5,0.5,2.5088,3.8204961783686704
3,-0.5,0.5,2.5104,3.817056385584904
3,-0.5,0.5,2.512,3.813620076634881
3,-0.5,0.5,2.5136000000000003,3.8101872474606724
3,-0.5,0.5,2.5152,3.806757894009344
3,-0.5,0.5,2.5168,3.8033320122329495
3,-0.5,0.5,2.5184,3.7999095980885254
3,-0.5,0.5,2.52,3.796490647538086
3,-0.5,0.5,2.5216000000000003,3.793075156548621
3,-0.5,0.5,2.5232,3.789663121092089
3,-0.5,0.5,2.5248,3.786254537145411
3,-0.5,0.5,2.5264,3.782849400690467
3,-0.5,0.5,2.528,3.7794477077140933
3,-0.5,0.5,2.5296000000000003,3.776049454208074
3,-0.5,0.5,2.5312,3.772654636169138
3,-0.5,0.5,2.5328,3.769263249598955
3,-0.5,0.5,2.5344,3.7658752905041277
3,-0.5,0.5,2.536,3.7624907548961906
3,-0.5,0.5,2.5376000000000003,3.7591096387916028
3,-0.5,0.5,2.5392,3.7557319382117433
3,-0.5,0.5,2.5408,3.7523576491829074
3,-0.5,0.5,2.5424,3.7489867677362994
3,-0.5,0.5,2.544,3.7456192899080305
3,-0.5,0.5,2.5456000000000003,3.7422552117391126
3,-0.5,0.5,2.5472,3.738894529275453
3,-0.5,0.5,2.5488,3.7355372385678507
3,-0.5,0.5,2.5504000000000002,3.7321833356719907
3,-0.5,0.5,2.552,3.7288328166484384
3,-0.5,0.5,2.5536000000000003,3.725485677562637
3,-0.5,0.5,2.5552,3.722141914484901
3,-0.5,0.5,2.5568,3.7188015234904093
3,-0.5,0.5,2.5584000000000002,3.715464500659207
3,-0.5,0.5,2.56,3.7121308420761903
3,-0.5,0.5,2.5616000000000003,3.7088005438311114
3,-0.5,0.5,2.5632,3.7054736020185683
3,-0.5,0.5,2.5648,3.702150012738002
3,-0.5,0.5,2.5664000000000002,3.6988297720936885
3,-0.5,0.5,2.568,3.6955128761947376
3,-0.5,0.5,2.5696000000000003,3.692199321155088
3,-0.5,0.5,2.5712,3.6888891030934974
3,-0.5,0.5,2.5728,3.6855822181335434
3,-0.5,0.5,2.5744000000000002,3.682278662403616
3,-0.5,0.5,2.576,3.6789784320369123
3,-0.5,0.5,2.5776000000000003,3.675681523171433
3,-0.5,0.5,2.5792,3.672387931949976
3,-0.5,0.5,2.5808,3.6690976545201326
3,-0.5,0.5,2.5824000000000003,3.665810687034282
3,-0.5,0.5,2.584,3.6625270256495863
3,-0.5,0.5,2.5856000000000003,3.659246666527986
3,-0.5,0.5,2.5872,3.6559696058361957
3,-0.5,0.5,2.5888,3.6526958397456966
3,-0.5,0.5,2.5904000000000003,3.649425364432734
3,-0.5,0.5,2.592,3.646158176078313
3,-0.5,0.5,2.5936,3.6428942708681906
3,-0.5,0.5,2.5952,3.6396336449928737
3,-0.5,0.5,2.5968,3.636376294647611
3,-0.5,0.5,2.5984000000000003,3.6331222160323917
3,-0.5,0.5,2.6,3.629871405351938
3,-0.5,0.5,2.6016,3.626623858815702
3,-0.5,0.5,2.6032,3.623379572637859
3,-0.5,0.5,2.6048,3.6201385430373016
3,-0.5,0.5,2.6064000000000003,3.6169007662376402
3,-0.5,0.5,2.608,3.613666238467191
3,-0.5,0.5,2.6096,3.610434955958976
3,-0.5,0.5,2.6112,3.6072069149507158
3,-0.5,0.5,2.6128,3.6039821116848256
3,-0.5,0.5,2.6144000000000003,3.60076054240841
3,-0.5,0.5,2.616,3.5975422033732576
3,-0.5,0.5,2.6176,3.594327090835836
3,-0.5,0.5,2.6192,3.5911152010572884
3,-0.5,0.5,2.6208,3.587906530303427
3,-0.5,0.5,2.6224000000000003,3.58470107484473
3,-0.5,0.5,2.624,3.5814988309563325
3,-0.5,0.5,2.6256,3.5782997949180255
3,-0.5,0.5,2.6272,3.57510396301425
3,-0.5,0.5,2.6288,3.571911331534092
3,-0.5,0.5,2.6304000000000003,3.5687218967712773
3,-0.5,0.5,2.632,3.565535655024166
3,-0.5,0.5,2.6336,3.5623526025957486
3,-0.5,0.5,2.6352,3.559172735793641
3,-0.5,0.5,2.6368,3.555996050930078
3,-0.5,0.5,2.6384000000000003,3.5528225443219097
3,-0.5,0.5,2.64,3.549652212290597
3,-0.5,0.5,2.6416,3.5464850511622057
3,-0.5,0.5,2.6432,3.5433210572674025
3,-0.5,0.5,2.6448,3.540160226941447
3,-0.5,0.5,2.6464000000000003,3.5370025565241923
3,-0.5,0.5,2.648,3.533848042360075
3,-0.5,0.5,2.6496,3.530696680798111
3,-0.5,0.5,2.6512000000000002,3.527548468191894
3,-0.5,0.5,2.6528,3.5244034008995873
3,-0.5,0.5,2.6544000000000003,3.5212614752839198
3,-0.5,0.5,2.656,3.51812268771218
3,-0.5,0.5,2.6576,3.5149870345562135
3,-0.5,0.5,2.6592000000000002,3.511854512192415
3,-0.5,0.5,2.6608,3.5087251170017275
3,-0.5,0.5,2.6624000000000003,3.5055988453696316
3,-0.5,0.5,2.664,3.5024756936861454
3,-0.5,0.5,2.6656,3.4993556583458174
3,-0.5,0.5,2.6672000000000002,3.496238735747723
3,-0.5,0.5,2.6688,3.4931249222954572
3,-0.5,0.5,2.6704000000000003,3.4900142143971316
3,-0.5,0.5,2.672,3.486906608465369
3,-0.5,0.5,2.6736,3.4838021009172984
3,-0.5,0.5,2.6752000000000002,3.4807006881745486
3,-0.5,0.5,2.6768,3.4776023666632456
3,-0.5,0.5,2.6784000000000003,3.474507132814008
3,-0.5,0.5,2.68,3.4714149830619383
3,-0.5,0.5,2.6816,3.468325913846621
3,-0.5,0.5,2.6832000000000003,3.4652399216121186
3,-0.5,0.5,2.6848,3.4621570028069635
3,-0.5,0.5,2.6864000000000003,3.459077153884154
3,-0.5,0.5,2.688,3.456000371301151
3,-0.5,0.5,2.6896,3.452926651519873
3,-0.5,0.5,2.6912000000000003,3.4498559910066873
3,-0.5,0.5,2.6928,3.4467883862324107
3,-0.5,0.5,2.6944000000000004,3.4437238336723013
3,-0.5,0.5,2.696,3.440662329806052
3,-0.5,0.5,2.6976,3.437603871117789
3,-0.5,0.5,2.6992000000000003,3.4345484540960665
3,-0.5,0.5,2.7008,3.431496075233859
3,-0.5,0.5,2.7024,3.4284467310285587
3,-0.5,0.5,2.704,3.425400417981969
3,-0.5,0.5,2.7056,3.4223571326003026
3,-0.5,0.5,2.7072000000000003,3.419316871394173
3,-0.5,0.5,2.7088,3.41627963087859
3,-0.5,0.5,2.7104,3.413245407572959
3,-0.5,0.5,2.712,3.4102141980010687
3,-0.5,0.5,2.7136,3.407185998691093
3,-0.5,0.5,2.7152000000000003,3.4041608061755837
3,-0.5,0.5,2.7168,3.4011386169914632
3,-0.5,0.5,2.7184,3.3981194276800233
3,-0.5,0.5,2.72,3.395103234786918
3,-0.5,0.5,2.7216,3.39209003486216
3,-0.5,0.5,2.7232000000000003,3.3890798244601124
3,-0.5,0.5,2.7248,3.386072600139489
3,-0.5,0.5,2.7264,3.383068358463345
3,-0.5,0.5,2.728,3.3800670959990744
3,-0.5,0.5,2.7296,3.377068809318405
3,-0.5,0.5,2.7312000000000003,3.3740734949973925
3,-0.5,0.5,2.7328,3.371081149616415
3,-0.5,0.5,2.7344,3.368091769760171
3,-0.5,0.5,2.736,3.365105352017671
3,-0.5,0.5,2.7376,3.362121892982234
3,-0.5,0.5,2.7392000000000003,3.359141389251484
3,-0.5,0.5,2.7408,3.3561638374273435
3,-0.5,0.5,2.7424,3.353189234116028
3,-0.5,0.5,2.744,3.350217575928043
3,-0.5,0.5,2.7456,3.3472488594781775
3,-0.5,0.5,2.7472000000000003,3.3442830813855005
3,-0.5,0.5,2.7488,3.341320238273354
3,-0.5,0.5,2.7504,3.33836032676935
3,-0.5,0.5,2.7520000000000002,3.3354033435053654
3,-0.5,0.5,2.7536,3.3324492851175362
3,-0.5,0.5,2.7552000000000003,3.329498148246254
3,-0.5,0.5,2.7568,3.3265499295361582
3,-0.5,0.5,2.7584,3.3236046256361353
3,-0.5,0.5,2.7600000000000002,3.320662233199311
3,-0.5,0.5,2.7616,3.317722748883045
3,-0.5,0.5,2.7632000000000003,3.314786169348929
3,-0.5,0.5,2.7648,3.311852491262778
3,-0.5,0.5,2.7664,3.3089217112946296
3,-0.5,0.5,2.7680000000000002,3.305993826118736
3,-0.5,0.5,2.7696,3.3030688324135604
3,-0.5,0.5,2.7712000000000003,3.300146726861772
3,-0.5,0.5,2.7728,3.297227506150239
3,-0.5,0.5,2.7744,3.294311166970028
3,-0.5,0.5,2.7760000000000002,3.291397706016396
3,-0.5,0.5,2.7776,3.288487119988786
3,-0.5,0.5,2.7792000000000003,3.285579405590823
3,-0.5,0.5,2.7808,3.2826745595303075
3,-0.5,0.5,2.7824,3.2797725785192138
3,-0.5,0.5,2.7840000000000003,3.2768734592736806
3,-0.5,0.5,2.7856,3.2739771985140096
3,-0.5,0.5,2.7872000000000003,3.2710837929646597
3,-0.5,0.5,2.7888,3.2681932393542423
3,-0.5,0.5,2.7904,3.2653055344155164
3,-0.5,0.5,2.7920000000000003,3.262420674885383
3,-0.5,0.5,2.7936,3.25953865750488
3,-0.5,0.5,2.7952000000000004,3.2566594790191794
3,-0.5,0.5,2.7968,3.253783136177581
3,-0.5,0.5,2.7984,3.2509096257335073
3,-0.5,0.5,2.8000000000000003,3.2480389444445
3,-0.5,0.5,2.8016,3.2451710890722136
3,-0.5,0.5,2.8032,3.2423060563824113
3,-0.5,0.5,2.8048,3.2394438431449597
3,-0.5,0.5,2.8064,3.236584446133825
3,-0.5,0.5,2.8080000000000003,3.2337278621270675
3,-0.5,0.5,2.8096,3.2308740879068356
3,-0.5,0.5,2.8112,3.2280231202593637
3,-0.5,0.5,2.8128,3.225174955974966
3,-0.5,0.5,2.8144,3.2223295918480304
3,-0.5,0.5,2.8160000000000003,3.2194870246770146
3,-0.5,0.5,2.8176,3.2166472512644426
3,-0.5,0.5,2.8192,3.213810268416899
3,-0.5,0.5,2.8208,3.2109760729450225
3,-0.5,0.5,2.8224,3.2081446616635034
3,-0.5,0.5,2.8240000000000003,3.205316031391078
3,-0.5,0.5,2.8256,3.202490178950523
3,-0.5,0.5,2.8272,3.1996671011686524
3,-0.5,0.5,2.8288,3.196846794876311
3,-0.5,0.5,2.8304,3.1940292569083715
3,-0.5,0.5,2.8320000000000003,3.191214484103727
3,-0.5,0.5,2.8336,3.1884024733052883
3,-0.5,0.5,2.8352,3.185593221359979
3,-0.5,0.5,2.8368,3.1827867251187305
3,-0.5,0.5,2.8384,3.179982981436475
3,-0.5,0.5,2.8400000000000003,3.177181987172145
3,-0.5,0.5,2.8416,3.174383739188665
3,-0.5,0.5,2.8432,3.171588234352949
3,-0.5,0.5,2.8448,3.168795469535893
3,-0.5,0.5,2.8464,3.166005441612373
3,-0.5,0.5,2.8480000000000003,3.163218147461239
3,-0.5,0.5,2.8496,3.1604335839653097
3,-0.5,0.5,2.8512,3.15765174801137
3,-0.5,0.5,2.8528000000000002,3.1548726364901634
3,-0.5,0.5,2.8544,3.152096246296388
3,-0.5,0.5,2.8560000000000003,3.1493225743286932
3,-0.5,0.5,2.8576,3.146551617489673
3,-0.5,0.5,2.8592,3.143783372685863
3,-0.5,0.5,2.8608000000000002,3.1410178368277353
3,-0.5,0.5,2.8624,3.138255006829692
3,-0.5,0.5,2.8640000000000003,3.1354948796100626
3,-0.5,0.5,2.8656,3.132737452091099
3,-0.5,0.5,2.8672,3.1299827211989673
3,-0.5,0.5,2.8688000000000002,3.1272306838637505
3,-0.5,0.5,2.8704,3.1244813370194353
3,-0.5,0.5,2.8720000000000003,3.1217346776039134
3,-0.5,0.5,2.8736,3.1189907025589743
3,-0.5,0.5,2.8752,3.1162494088303005
3,-0.5,0.5,2.8768000000000002,3.113510793367463
3,-0.5,0.5,2.8784,3.110774853123918
3,-0.5,0.5,2.8800000000000003,3.1080415850569993
3,-0.5,0.5,2.8816,3.1053109861279173
3,-0.5,0.5,2.8832,3.102583053301751
3,-0.5,0.5,2.8848000000000003,3.099857783547445
3,-0.5,0.5,2.8864,3.097135173837803
3,-0.5,0.5,2.8880000000000003,3.094415221149487
3,-0.5,0.5,2.8896,3.0916979224630077
3,-0.5,0.5,2.8912,3.0889832747627244
3,-0.5,0.5,2.8928000000000003,3.0862712750368364
3,-0.5,0.5,2.8944,3.0835619202773805
3,-0.5,0.5,2.8960000000000004,3.080855207480226
3,-0.5,0.5,2.8976,3.07815113364507
3,-0.5,0.5,2.8992,3.0754496957754314
3,-0.5,0.5,2.9008000000000003,3.0727508908786483
3,-0.5,0.5,2.9024,3.0700547159658744
3,-0.5,0.5,2.9040000000000004,3.067361168052068
3,-0.5,0.5,2.9056,3.0646702441559954
3,-0.5,0.5,2.9072,3.0619819413002207
3,-0.5,0.5,2.9088000000000003,3.0592962565111033
3,-0.5,0.5,2.9104,3.0566131868187933
3,-0.5,0.5,2.912,3.0539327292572267
3,-0.5,0.5,2.9136,3.0512548808641196
3,-0.5,0.5,2.9152,3.048579638680965
3,-0.5,0.5,2.9168000000000003,3.0459069997530275
3,-0.5,0.5,2.9184,3.0432369611293386
3,-0.5,0.5,2.92,3.0405695198626934
3,-0.5,0.5,2.9216,3.0379046730096424
3,-0.5,0.5,2.9232,3.0352424176304926
3,-0.5,0.5,2.9248000000000003,3.0325827507892957
3,-0.5,0.5,2.9264,3.0299256695538515
3,-0.5,0.5,2.928,3.027271170995696
3,-0.5,0.5,2.9296,3.0246192521901003
3,-0.5,0.5,2.9312,3.021969910216067
3,-0.5,0.5,2.9328000000000003,3.019323142156323
3,-0.5,0.5,2.9344,3.016678945097317
3,-0.5,0.5,2.936,3.0140373161292127
3,-0.5,0.5,2.9376,3.0113982523458867
3,-0.5,0.5,2.9392,3.008761750844921
3,-0.5,0.5,2.9408000000000003,3.006127808727603
3,-0.5,0.5,2.9424,3.0034964230989143
3,-0.5,0.5,2.944,3.0008675910675335
3,-0.5,0.5,2.9456,2.9982413097458247
3,-0.5,0.5,2.9472,2.9956175762498387
3,-0.5,0.5,2.9488000000000003,2.992996387699304
3,-0.5,0.5,2.9504,2.9903777412176247
3,-0.5,0.5,2.952,2.9877616339318753
3,-0.5,0.5,2.9536000000000002,2.9851480629727964
3,-0.5,0.5,2.9552,2.9825370254747905
3,-0.5,0.5,2.9568000000000003,2.979928518575915
3,-0.5,0.5,2.9584,2.9773225394178806
3,-0.5,0.5,2.96,2.974719085146046
3,-0.5,0.5,2.9616000000000002,2.9721181529094123
3,-0.5,0.5,2.9632,2.969519739860619
3,-0.5,0.5,2.9648000000000003,2.966923843155941
3,-0.5,0.5,2.9664,2.964330459955281
3,-0.5,0.5,2.968,2.9617395874221666
3,-0.5,0.5,2.9696000000000002,2.959151222723747
3,-0.5,0.5,2.9712,2.956565363030786
3,-0.5,0.5,2.9728000000000003,2.9539820055176604
3,-0.5,0.5,2.9744,2.951401147362352
3,-0.5,0.5,2.976,2.948822785746445
3,-0.5,0.5,2.9776000000000002,2.9462469178551234
3,-0.5,0.5,2.9792,2.9436735408771617
3,-0.5,0.5,2.9808000000000003,2.9411026520049255
3,-0.5,0.5,2.9824,2.938534248434362
3,-0.5,0.5,2.984,2.935968327365002
3,-0.5,0.5,2.9856000000000003,2.9334048859999484
3,-0.5,0.5,2.9872,2.9308439215458755
3,-0.5,0.5,2.9888000000000003,2.928285431213024
3,-0.5,0.5,2.9904,2.9257294122151976
3,-0.5,0.5,2.992,2.923175861769755
3,-0.5,0.5,2.9936000000000003,2.9206247770976104
3,-0.5,0.5,2.9952,2.9180761554232237
3,-0.5,0.5,2.9968000000000004,2.915529993974601
3,-0.5,0.5,2.9984,2.9129862899832863
3,-0.5,0.5,3.0,2.910445040684359
3,-0.5,0.5,3.0016000000000003,2.9079062433164293
3,-0.5,0.5,3.0032,2.9053698951216327
3,-0.5,0.5,3.0048000000000004,2.902835993345627
3,-0.5,0.5,3.0064,2.9003045352375874
3,-0.5,0.5,3.008,2.8977755180502007
3,-0.5,0.5,3.0096000000000003,2.895248939039662
3,-0.5,0.5,3.0112,2.8927247954656723
3,-0.5,0.5,3.0128,2.8902030845914295
3,-0.5,0.5,3.0144,2.8876838036836268
3,-0.5,0.5,3.016,2.8851669500124495
3,-0.5,0.5,3.0176000000000003,2.8826525208515674
3,-0.5,0.5,3.0192,2.8801405134781333
3,-0.5,0.5,3.0208,2.8776309251727765
3,-0.5,0.5,3.0224,2.8751237532195986
3,-0.5,0.5,3.024,2.8726189949061705
3,-0.5,0.5,3.0256000000000003,2.870116647523527
3,-0.5,0.5,3.0272,2.8676167083661626
3,-0.5,0.5,3.0288,2.8651191747320266
3,-0.5,0.5,3.0304,2.8626240439225197
3,-0.5,0.5,3.032,2.8601313132424893
3,-0.5,0.5,3.0336000000000003,2.8576409800002236
3,-0.5,0.5,3.0352,2.85515304150745
3,-0.5,0.5,3.0368,2.852667495079328
3,-0.5,0.5,3.0384,2.8501843380344467
3,-0.5,0.5,3.04,2.8477035676948206
3,-0.5,0.5,3.0416000000000003,2.8452251813858824
3,-0.5,0.5,3.0432,2.8427491764364823
3,-0.5,0.5,3.0448,2.8402755501788812
3,-0.5,0.5,3.0464,2.837804299948748
3,-0.5,0.5,3.048,2.835335423085153
3,-0.5,0.5,3.0496000000000003,2.8328689169305656
3,-0.5,0.5,3.0512,2.830404778830851
3,-0.5,0.5,3.0528,2.827943006135261
3,-0.5,0.5,3.0544000000000002,2.8254835961964346
3,-0.5,0.5,3.056,2.823026546370393
3,-0.5,0.5,3.0576000000000003,2.8205718540165323
3,-0.5,0.5,3.0592,2.818119516497621
3,-0.5,0.5,3.0608,2.815669531179797
3,-0.5,0.5,3.0624000000000002,2.8132218954325605
3,-0.5,0.5,3.064,2.8107766066287736
3,-0.5,0.5,3.0656000000000003,2.808333662144651
3,-0.5,0.5,3.0672,2.8058930593597595
3,-0.5,0.5,3.0688,2.8034547956570126
3,-0.5,0.5,3.0704000000000002,2.801018868422666
3,-0.5,0.5,3.072,2.798585275046313
3,-0.5,0.5,3.0736000000000003,2.796154012920881
3,-0.5,0.5,3.0752,2.7937250794426265
3,-0.5,0.5,3.0768,2.7912984720111313
3,-0.5,0.5,3.0784000000000002,2.788874188029298
3,-0.5,0.5,3.08,2.786452224903347
3,-0.5,0.5,3.0816000000000003,2.7840325800428083
3,-0.5,0.5,3.0832,2.7816152508605225
3,-0.5,0.5,3.0848,2.779200234772633
3,-0.5,0.5,3.0864000000000003,2.776787529198583
3,-0.5,0.5,3.088,2.7743771315611103
3,-0.5,0.5,3.0896000000000003,2.7719690392862453
3,-0.5,0.5,3.0912,2.7695632498033036
3,-0.5,0.5,3.0928,2.7671597605448843
3,-0.5,0.5,3.0944000000000003,2.764758568946864
3,-0.5,0.5,3.096,2.762359672448393
3,-0.5,0.5,3.0976000000000004,2.759963068491894
3,-0.5,0.5,3.0992,2.757568754523053
3,-0.5,0.5,3.1008,2.755176727990818
3,-0.5,0.5,3.1024000000000003,2.7527869863473944
3,-0.5,0.5,3.104,2.7503995270482404
3,-0.5,0.5,3.1056000000000004,2.7480143475520635
3,-0.5,0.5,3.1072,2.7456314453208144
3,-0.5,0.5,3.1088,2.7432508178196855
3,-0.5,0.5,3.1104000000000003,2.7408724625171055
3,-0.5,0.5,3.112,2.738496376884734
3,-0.5,0.5,3.1136000000000004,2.7361225583974593
3,-0.5,0.5,3.1152,2.7337510045333917
3,-0.5,0.5,3.1168,2.7313817127738638
3,-0.5,0.5,3.1184000000000003,2.729014680603421
3,-0.5,0.5,3.12,2.726649905509821
3,-0.5,0.5,3.1216,2.724287384984028
3,-0.5,0.5,3.1232,2.7219271165202086
3,-0.5,0.5,3.1248,2.7195690976157287
3,-0.5,0.5,3.1264000000000003,2.7172133257711475
3,-0.5,0.5,3.128,2.714859798490216
3,-0.5,0.5,3.1296,2.7125085132798703
3,-0.5,0.5,3.1312,2.7101594676502296
3,-0.5,0.5,3.1328,2.7078126591145892
3,-0.5,0.5,3.1344000000000003,2.705468085189419
3,-0.5,0.5,3.136,2.703125743394358
3,-0.5,0.5,3.1376,2.700785631252212
3,-0.5,0.5,3.1392,2.698447746288947
3,-0.5,0.5,3.1408,2.6961120860336867
3,-0.5,0.5,3.1424000000000003,2.6937786480187076
3,-0.5,0.5,3.144,2.6914474297794344
3,-0.5,0.5,3.1456,2.6891184288544383
3,-0.5,0.5,3.1472,2.6867916427854306
3,-0.5,0.5,3.1488,2.684467069117258
3,-0.5,0.5,3.1504000000000003,2.682144705397902
3,-0.5,0.5,3.152,2.679824549178471
3,-0.5,0.5,3.1536,2.6775065980131982
3,-0.5,0.5,3.1552000000000002,2.6751908494594376
3,-0.5,0.5,3.1568,2.672877301077658
3,-0.5,0.5,3.1584000000000003,2.670565950431442
3,-0.5,0.5,3.16,2.6682567950874794
3,-0.5,0.5,3.1616,2.665949832615565
3,-0.5,0.5,3.1632000000000002,2.6636450605885917
3,-0.5,0.5,3.1648,2.6613424765825497
3,-0.5,0.5,3.1664000000000003,2.6590420781765207
3,-0.5,0.5,3.168,2.6567438629526743
3,-0.5,0.5,3.1696,2.6544478284962643
3,-0.5,0.5,3.1712000000000002,2.652153972395623
3,-0.5,0.5,3.1728,2.649862292242159
3,-0.5,0.5,3.1744000000000003,2.6475727856303526
3,-0.5,0.5,3.176,2.645285450157751
3,-0.5,0.5,3.1776,2.643000283424967
3,-0.5,0.5,3.1792000000000002,2.6407172830356704
3,-0.5,0.5,3.1808,2.6384364465965886
3,-0.5,0.5,3.1824000000000003,2.636157771717499
3,-0.5,0.5,3.184,2.6338812560112275
3,-0.5,0.5,3.1856,2.631606897093642
3,-0.5,0.5,3.1872000000000003,2.629334692583653
3,-0.5,0.5,3.1888,2.627064640103203
3,-0.5,0.5,3.1904000000000003,2.624796737277268
3,-0.5,0.5,3.192,2.6225309817338522
3,-0.5,0.5,3.1936,2.6202673711039806
3,-0.5,0.5,3.1952000000000003,2.6180059030216998
3,-0.5,0.5,3.1968,2.615746575124072
3,-0.5,0.5,3.1984000000000004,2.613489385051171
3,-0.5,0.5,3.2,2.611234330446077
3,-0.5,0.5,3.2016,2.608981408954875
3,-0.5,0.5,3.2032000000000003,2.60673061822665
3,-0.5,0.5,3.2048,2.6044819559134824
3,-0.5,0.5,3.2064000000000004,2.602235419670444
3,-0.5,0.5,3.208,2.5999910071555945
3,-0.5,0.5,3.2096,2.5977487160299777
3,-0.5,0.5,3.2112000000000003,2.595508543957618
3,-0.5,0.5,3.2128,2.593270488605516
3,-0.5,0.5,3.2144000000000004,2.591034547643643
3,-0.5,0.5,3.216,2.5888007187449387
3,-0.5,0.5,3.2176,2.586568999585308
3,-0.5,0.5,3.2192000000000003,2.5843393878436167
3,-0.5,0.5,3.2208,2.5821118812016848
3,-0.5,0.5,3.2224000000000004,2.5798864773442873
3,-0.5,0.5,3.224,2.577663173959147
3,-0.5,0.5,3.2256,2.5754419687369308
3,-0.5,0.5,3.2272000000000003,2.5732228593712465
3,-0.5,0.5,3.2288,2.57100584355864
3,-0.5,0.5,3.2304,2.5687909189985882
3,-0.5,0.5,3.232,2.5665780833934995
3,-0.5,0.5,3.2336,2.5643673344487063
3,-0.5,0.5,3.2352000000000003,2.562158669872462
3,-0.5,0.5,3.2368,2.559952087375939
3,-0.5,0.5,3.2384,2.557747584673223
3,-0.5,0.5,3.24,2.555545159481308
3,-0.5,0.5,3.2416,2.5533448095200955
3,-0.5,0.5,3.2432000000000003,2.551146532512389
3,-0.5,0.5,3.2448,2.548950326183889
3,-0.5,0.5,3.2464,2.546756188263192
3,-0.5,0.5,3.248,2.544564116481783
3,-0.5,0.5,3.2496,2.542374108574037
3,-0.5,0.5,3.2512000000000003,2.5401861622772093
3,-0.5,0.5,3.2528,2.5380002753314344
3,-0.5,0.5,3.2544,2.535816445479723
3,-0.5,0.5,3.2560000000000002,2.533634670467957
3,-0.5,0.5,3.2576,2.531454948044885
3,-0.5,0.5,3.2592000000000003,2.52927727596212
3,-0.5,0.5,3.2608,2.5271016519741356
3,-0.5,0.5,3.2624,2.524928073838261
3,-0.5,0.5,3.2640000000000002,2.522756539314677
3,-0.5,0.5,3.2656,2.5205870461664146
3,-0.5,0.5,3.2672000000000003,2.518419592159348
3,-0.5,0.5,3.2688,2.5162541750621927
3,-0.5,0.5,3.2704,2.514090792646503
3,-0.5,0.5,3.2720000000000002,2.5119294426866645
3,-0.5,0.5,3.2736,2.5097701229598934
3,-0.5,0.5,3.2752000000000003,2.5076128312462314
3,-0.5,0.5,3.2768,2.505457565328544
3,-0.5,0.5,3.2784,2.5033043229925123
3,-0.5,0.5,3.2800000000000002,2.5011531020266338
3,-0.5,0.5,3.2816,2.499003900222216
3,-0.5,0.5,3.2832000000000003,2.496856715373374
3,-0.5,0.5,3.2848,2.494711545277027
3,-0.5,0.5,3.2864,2.492568387732892
3,-0.5,0.5,3.2880000000000003,2.4904272405434833
3,-0.5,0.5,3.2896,2.488288101514106
3,-0.5,0.5,3.2912000000000003,2.4861509684528547
3,-0.5,0.5,3.2928,2.484015839170608
3,-0.5,0.5,3.2944,2.4818827114810267
3,-0.5,0.5,3.2960000000000003,2.4797515832005472
3,-0.5,0.5,3.2976,2.4776224521483807
3,-0.5,0.5,3.2992000000000004,2.4754953161465068
3,-0.5,0.5,3.3008,2.4733701730196724
3,-0.5,0.5,3.3024,2.4712470205953867
3,-0.5,0.5,3.3040000000000003,2.4691258567039167
3,-0.5,0.5,3.3056,2.467006679178285
3,-0.5,0.5,3.3072000000000004,2.4648894858542665
3,-0.5,0.5,3.3088,2.462774274570382
3,-0.5,0.5,3.3104,2.4606610431678972
3,-0.5,0.5,3.3120000000000003,2.458549789490818
3,-0.5,0.5,3.3136,2.4564405113858867
3,-0.5,0.5,3.3152000000000004,2.4543332067025796
3,-0.5,0.5,3.3168,2.4522278732931
3,-0.5,0.5,3.3184,2.4501245090123787
3,-0.5,0.5,3.3200000000000003,2.448023111718069
3,-0.5,0.5,3.3216,2.4459236792705408
3,-0.5,0.5,3.3232000000000004,2.4438262095328787
3,-0.5,0.5,3.3248,2.4417307003708792
3,-0.5,0.5,3.3264,2.439637149653047
3,-0.5,0.5,3.3280000000000003,2.4375455552505887
3,-0.5,0.5,3.3296,2.4354559150374127
3,-0.5,0.5,3.3312,2.4333682268901224
3,-0.5,0.5,3.3328,2.4312824886880144
3,-0.5,0.5,3.3344,2.4291986983130758
3,-0.5,0.5,3.3360000000000003,2.427116853649979
3,-0.5,0.5,3.3376,2.425036952586077
3,-0.5,0.5,3.3392,2.4229589930114024
3,-0.5,0.5,3.3408,2.4208829728186623
3,-0.5,0.5,3.3424,2.418808889903236
3,-0.5,0.5,3.3440000000000003,2.416736742163169
3,-0.5,0.5,3.3456,2.4146665274991714
3,-0.5,0.5,3.3472,2.4125982438146147
3,-0.5,0.5,3.3488,2.410531889015526
3,-0.5,0.5,3.3504,2.408467461010585
3,-0.5,0.5,3.3520000000000003,2.406404957711125
3,-0.5,0.5,3.3536,2.404344377031121
3,-0.5,0.5,3.3552,2.402285716887193
3,-0.5,0.5,3.3568000000000002,2.4002289751986
3,-0.5,0.5,3.3584,2.3981741498872355
3,-0.5,0.5,3.3600000000000003,2.396121238877626
3,-0.5,0.5,3.3616,2.394070240096926
3,-0.5,0.5,3.3632,2.392021151474915
3,-0.5,0.5,3.3648000000000002,2.389973970943993
3,-0.5,0.5,3.3664,2.387928696439179
3,-0.5,0.5,3.3680000000000003,2.3858853258981054
3,-0.5,0.5,3.3696,2.383843857261016
3,-0.5,0.5,3.3712,2.381804288470762
3,-0.5,0.5,3.3728000000000002,2.379766617472798
3,-0.5,0.5,3.3744,2.377730842215177
3,-0.5,0.5,3.3760000000000003,2.375696960648552
3,-0.5,0.5,3.3776,2.373664970726167
3,-0.5,0.5,3.3792,2.3716348704038563
3,-0.5,0.5,3.3808000000000002,2.36960665764004
3,-0.5,0.5,3.3824,2.3675803303957217
3,-0.5,0.5,3.3840000000000003,2.3655558866344832
3,-0.5,0.5,3.3856,2.363533324322483
3,-0.5,0.5,3.3872,2.3615126414284506
3,-0.5,0.5,3.3888000000000003,2.359493835923686
3,-0.5,0.5,3.3904,2.3574769057820526
3,-0.5,0.5,3.3920000000000003,2.355461848979977
3,-0.5,0.5,3.3936,2.3534486634964447
3,-0.5,0.5,3.3952,2.3514373473129937
3,-0.5,0.5,3.3968000000000003,2.349427898413715
3,-0.5,0.5,3.3984,2.3474203147852473
3,-0.5,0.5,3.4000000000000004,2.3454145944167752
3,-0.5,0.5,3.4016,2.343410735300023
3,-0.5,0.5,3.4032,2.3414087354292517
3,-0.5,0.5,3.4048000000000003,2.339408592801259
3,-0.5,0.5,3.4064,2.337410305415371
3,-0.5,0.5,3.4080000000000004,2.3354138712734427
3,-0.5,0.5,3.4096,2.3334192883798535
3,-0.5,0.5,3.4112,2.331426554741501
3,-0.5,0.5,3.4128000000000003,2.329435668367803
3,-0.5,0.5,3.4144,2.327446627270688
3,-0.5,0.5,3.4160000000000004,2.325459429464597
3,-0.5,0.5,3.4176,2.3234740729664773
3,-0.5,0.5,3.4192,2.3214905557957786
3,-0.5,0.5,3.4208000000000003,2.3195088759744524
3,-0.5,0.5,3.4224,2.3175290315269463
3,-0.5,0.5,3.4240000000000004,2.315551020480201
3,-0.5,0.5,3.4256,2.3135748408636467
3,-0.5,0.5,3.4272,2.3116004907092016
3,-0.5,0.5,3.4288000000000003,2.3096279680512652
3,-0.5,0.5,3.4304,2.3076572709267187
3,-0.5,0.5,3.4320000000000004,2.3056883973749187
3,-0.5,0.5,3.4336,2.3037213454376952
3,-0.5,0.5,3.4352,2.301756113159348
3,-0.5,0.5,3.4368000000000003,2.299792698586643
3,-0.5,0.5,3.4384,2.297831099768809
3,-0.5,0.5,3.44,2.2958713147575365
3,-0.5,0.5,3.4416,2.2939133416069692
3,-0.5,0.5,3.4432,2.291957178373706
3,-0.5,0.5,3.4448000000000003,2.290002823116794
3,-0.5,0.5,3.4464,2.2880502738977286
3,-0.5,0.5,3.448,2.286099528780447
3,-0.5,0.5,3.4496,2.284150585831326
3,-0.5,0.5,3.4512,2.282203443119179
3,-0.5,0.5,3.4528000000000003,2.2802580987152536
3,-0.5,0.5,3.4544,2.2783145506932247
3,-0.5,0.5,3.456,2.2763727971291967
3,-0.5,0.5,3.4576000000000002,2.274432836101694
3,-0.5,0.5,3.4592,2.2724946656916645
3,-0.5,0.5,3.4608000000000003,2.2705582839824694
3,-0.5,0.5,3.4624,2.2686236890598845
3,-0.5,0.5,3.464,2.266690879012096
3,-0.5,0.5,3.4656000000000002,2.2647598519296976
3,-0.5,0.5,3.4672,2.262830605905684
3,-0.5,0.5,3.4688000000000003,2.260903139035452
3,-0.5,0.5,3.4704,2.2589774494167942
3,-0.5,0.5,3.472,2.2570535351498986
3,-0.5,0.5,3.4736000000000002,2.2551313943373423
3,-0.5,0.5,3.4752,2.2532110250840893
3,-0.5,0.5,3.4768000000000003,2.251292425497488
3,-0.5,0.5,3.4784,2.2493755936872684
3,-0.5,0.5,3.48,2.2474605277655355
3,-0.5,0.5,3.4816000000000003,2.2455472258467704
3,-0.5,0.5,3.4832,2.243635686047825
3,-0.5,0.5,3.4848000000000003,2.241725906487918
3,-0.5,0.5,3.4864,2.239817885288633
3,-0.5,0.5,3.488,2.2379116205739154
3,-0.5,0.5,3.4896000000000003,2.2360071104700685
3,-0.5,0.5,3.4912,2.23410435310575
3,-0.5,0.5,3.4928000000000003,2.2322033466119686
3,-0.5,0.5,3.4944,2.2303040891220824
3,-0.5,0.5,3.496,2.228406578771794
3,-0.5,0.5,3.4976000000000003,2.2265108136991496
3,-0.5,0.5,3.4992,2.224616792044532
3,-0.5,0.5,3.5008000000000004,2.222724511950661
3,-0.5,0.5,3.5024,2.2208339715625884
3,-0.5,0.5,3.504,2.2189451690276956
3,-0.5,0.5,3.5056000000000003,2.217058102495689
3,-0.5,0.5,3.5072,2.215172770118599
3,-0.5,0.5,3.5088000000000004,2.213289170050775
3,-0.5,0.5,3.5104,2.2114073004488835
3,-0.5,0.5,3.512,2.209527159471904
3,-0.5,0.5,3.5136000000000003,2.2076487452811264
3,-0.5,0.5,3.5152,2.205772056040148
3,-0.5,0.5,3.5168000000000004,2.2038970899148693
3,-0.5,0.5,3.5184,2.202023845073492
3,-0.5,0.5,3.52,2.2001523196865147
3,-0.5,0.5,3.5216000000000003,2.1982825119267324
3,-0.5,0.5,3.5232,2.1964144199692295
3,-0.5,0.5,3.5248000000000004,2.1945480419913785
3,-0.5,0.5,3.5264,2.1926833761728393
3,-0.5,0.5,3.528,2.1908204206955513
3,-0.5,0.5,3.5296000000000003,2.1889591737437333
3,-0.5,0.5,3.5312,2.1870996335038804
3,-0.5,0.5,3.5328000000000004,2.1852417981647596
3,-0.5,0.5,3.5344,2.1833856659174096
3,-0.5,0.5,3.536,2.1815312349551323
3,-0.5,0.5,3.5376000000000003,2.179678503473495
3,-0.5,0.5,3.5392,2.177827469670324
3,-0.5,0.5,3.5408000000000004,2.175978131745704
3,-0.5,0.5,3.5424,2.174130487901973
3,-0.5,0.5,3.544,2.1722845363437204
3,-0.5,0.5,3.5456000000000003,2.170440275277782
3,-0.5,0.5,3.5472,2.1685977029132397
3,-0.5,0.5,3.5488,2.1667568174614167
3,-0.5,0.5,3.5504000000000002,2.1649176171358753
3,-0.5,0.5,3.552,2.163080100152413
3,-0.5,0.5,3.5536000000000003,2.1612442647290595
3,-0.5,0.5,3.5552,2.159410109086075
3,-0.5,0.5,3.5568,2.1575776314459447
3,-0.5,0.5,3.5584000000000002,2.1557468300333777
3,-0.5,0.5,3.56,2.1539177030753045
3,-0.5,0.5,3.5616000000000003,2.1520902488008717
3,-0.5,0.5,3.5632,2.1502644654414396
3,-0.5,0.5,3.5648,2.1484403512305814
3,-0.5,0.5,3.5664000000000002,2.1466179044040765
3,-0.5,0.5,3.568,2.1447971231999112
3,-0.5,0.5,3.5696000000000003,2.142978005858273
3,-0.5,0.5,3.5712,2.1411605506215485
3,-0.5,0.5,3.5728,2.139344755734321
3,-0.5,0.5,3.5744000000000002,2.137530619443365
3,-0.5,0.5,3.576,2.135718139997648
3,-0.5,0.5,3.5776000000000003,2.133907315648323
3,-0.5,0.5,3.5792,2.1320981446487264
3,-0.5,0.5,3.5808,2.1302906252543767
3,-0.5,0.5,3.5824000000000003,2.1284847557229702
3,-0.5,0.5,3.584,2.126680534314378
3,-0.5,0.5,3.5856000000000003,2.124877959290643
3,-0.5,0.5,3.5872,2.1230770289159784
3,-0.5,0.5,3.5888,2.1212777414567627
3,-0.5,0.5,3.5904000000000003,2.119480095181539
3,-0.5,0.5,3.592,2.1176840883610075
3,-0.5,0.5,3.5936000000000003,2.115889719268029
3,-0.5,0.5,3.5952,2.114096986177616
3,-0.5,0.5,3.5968,2.112305887366934
3,-0.5,0.5,3.5984000000000003,2.1105164211152965
3,-0.5,0.5,3.6,2.1087285857041613
3,-0.5,0.5,3.6016000000000004,2.1069423794171307
3,-0.5,0.5,3.6032,2.105157800539945
3,-0.5,0.5,3.6048,2.103374847360481
3,-0.5,0.5,3.6064000000000003,2.1015935181687504
3,-0.5,0.5,3.608,2.0998138112568947
3,-0.5,0.5,3.6096000000000004,2.098035724919184
3,-0.5,0.5,3.6112,2.096259257452012
3,-0.5,0.5,3.6128,2.0944844071538955
3,-0.5,0.5,3.6144000000000003,2.09271117232547
3,-0.5,0.5,3.616,2.0909395512694857
3,-0.5,0.5,3.6176000000000004,2.089169542290809
3,-0.5,0.5,3.6192,2.087401143696415
3,-0.5,0.5,3.6208,2.0856343537953856
3,-0.5,0.5,3.6224000000000003,2.083869170898909
3,-0.5,0.5,3.624,2.0821055933202732
3,-0.5,0.5,3.6256000000000004,2.080343619374865
3,-0.5,0.5,3.6272,2.078583247380168
3,-0.5,0.5,3.6288,2.07682447565576
3,-0.5,0.5,3.6304000000000003,2.075067302523306
3,-0.5,0.5,3.632,2.073311726306561
3,-0.5,0.5,3.6336000000000004,2.071557745331362
3,-0.5,0.5,3.6352,2.0698053579256284
3,-0.5,0.5,3.6368,2.0680545624193596
3,-0.5,0.5,3.6384000000000003,2.0663053571446284
3,-0.5,0.5,3.64,2.064557740435582
3,-0.5,0.5,3.6416000000000004,2.0628117106284383
3,-0.5,0.5,3.6432,2.061067266061481
3,-0.5,0.5,3.6448,2.0593244050750577
3,-0.5,0.5,3.6464000000000003,2.05758312601158
3,-0.5,0.5,3.648,2.0558434272155157
3,-0.5,0.5,3.6496,2.0541053070333897
3,-0.5,0.5,3.6512000000000002,2.05236876381378
3,-0.5,0.5,3.6528,2.0506337959073155
3,-0.5,0.5,3.6544000000000003,2.0489004016666703
3,-0.5,0.5,3.656,2.0471685794465646
3,-0.5,0.5,3.6576,2.045438327603761
3,-0.5,0.5,3.6592000000000002,2.043709644497059
3,-0.5,0.5,3.6608,2.0419825284872957
3,-0.5,0.5,3.6624000000000003,2.040256977937342
3,-0.5,0.5,3.664,2.0385329912120986
3,-0.5,0.5,3.6656,2.036810566678494
3,-0.5,0.5,3.6672000000000002,2.035089702705481
3,-0.5,0.5,3.6688,2.0333703976640356
3,-0.5,0.5,3.6704000000000003,2.0316526499271528
3,-0.5,0.5,3.672,2.0299364578698444
3,-0.5,0.5,3.6736,2.028221819869137
3,-0.5,0.5,3.6752000000000002,2.0265087343040658
3,-0.5,0.5,3.6768,2.024797199555676
3,-0.5,0.5,3.6784000000000003,2.0230872140070177
3,-0.5,0.5,3.68,2.0213787760431443
3,-0.5,0.5,3.6816,2.0196718840511094
3,-0.5,0.5,3.6832000000000003,2.0179665364199626
3,-0.5,0.5,3.6848,2.016262731540749
3,-0.5,0.5,3.6864000000000003,2.014560467806506
3,-0.5,0.5,3.688,2.0128597436122586
3,-0.5,0.5,3.6896,2.011160557355019
3,-0.5,0.5,3.6912000000000003,2.009462907433783
3,-0.5,0.5,3.6928,2.0077667922495257
3,-0.5,0.5,3.6944000000000004,2.0060722102052027
3,-0.5,0.5,3.696,2.004379159705743
3,-0.5,0.5,3.6976,2.002687639158049
3,-0.5,0.5,3.6992000000000003,2.0009976469709936
3,-0.5,0.5,3.7008,1.9993091815554154
3,-0.5,0.5,3.7024000000000004,1.9976222413241185
3,-0.5,0.5,3.704,1.9959368246918685
3,-0.5,0.5,3.7056,1.9942529300753902
3,-0.5,0.5,3.7072000000000003,1.992570555893365
3,-0.5,0.5,3.7088,1.9908897005664274
3,-0.5,0.5,3.7104000000000004,1.9892103625171633
3,-0.5,0.5,3.712,1.9875325401701065
3,-0.5,0.5,3.7136,1.9858562319517366
3,-0.5,0.5,3.7152000000000003,1.9841814362904762
3,-0.5,0.5,3.7168,1.982508151616688
3,-0.5,0.5,3.7184000000000004,1.9808363763626726
3,-0.5,0.5,3.72,1.9791661089626649
3,-0.5,0.5,3.7216,1.9774973478528328
3,-0.5,0.5,3.7232000000000003,1.9758300914712732
3,-0.5,0.5,3.7248,1.9741643382580099
3,-0.5,0.5,3.7264000000000004,1.9725000866549909
3,-0.5,0.5,3.728,1.9708373351060864
3,-0.5,0.5,3.7296,1.9691760820570845
3,-0.5,0.5,3.7312000000000003,1.9675163259556907
3,-0.5,0.5,3.7328,1.9658580652515236
3,-0.5,0.5,3.7344000000000004,1.9642012983961128
3,-0.5,0.5,3.736,1.962546023842896
3,-0.5,0.5,3.7376,1.960892240047217
3,-0.5,0.5,3.7392000000000003,1.9592399454663232
3,-0.5,0.5,3.7408,1.9575891385593613
3,-0.5,0.5,3.7424000000000004,1.955939817787377
3,-0.5,0.5,3.744,1.9542919816133104
3,-0.5,0.5,3.7456,1.9526456285019946
3,-0.5,0.5,3.7472000000000003,1.9510007569201533
3,-0.5,0.5,3.7488,1.9493573653363965
3,-0.5,0.5,3.7504000000000004,1.94771545222122
3,-0.5,0.5,3.7520000000000002,1.9460750160470004
3,-0.5,0.5,3.7536,1.9444360552879956
3,-0.5,0.5,3.7552000000000003,1.94279856842034
3,-0.5,0.5,3.7568,1.9411625539220414
3,-0.5,0.5,3.7584,1.9395280102729808
3,-0.5,0.5,3.7600000000000002,1.9378949359549078
3,-0.5,0.5,3.7616,1.9362633294514389
3,-0.5,0.5,3.7632000000000003,1.9346331892480537
3,-0.5,0.5,3.7648,1.9330045138320953
3,-0.5,0.5,3.7664,1.931377301692764
3,-0.5,0.5,3.7680000000000002,1.9297515513211174
3,-0.5,0.5,3.7696,1.9281272612100668
3,-0.5,0.5,3.7712000000000003,1.9265044298543745
3,-0.5,0.5,3.7728,1.9248830557506516
3,-0.5,0.5,3.7744,1.9232631373973557
3,-0.5,0.5,3.7760000000000002,1.9216446732947874
3,-0.5,0.5,3.7776,1.9200276619450887
3,-0.5,0.5,3.7792000000000003,1.9184121018522404
3,-0.5,0.5,3.7808,1.916797991522059
3,-0.5,0.5,3.7824,1.9151853294621943
3,-0.5,0.5,3.7840000000000003,1.9135741141821274
3,-0.5,0.5,3.7856,1.9119643441931675
3,-0.5,0.5,3.7872000000000003,1.9103560180084498
3,-0.5,0.5,3.7888,1.908749134142933
3,-0.5,0.5,3.7904,1.9071436911133963
3,-0.5,0.5,3.7920000000000003,1.9055396874384374
3,-0.5,0.5,3.7936,1.9039371216384697
3,-0.5,0.5,3.7952000000000004,1.9023359922357206
3,-0.5,0.5,3.7968,1.900736297754227
3,-0.5,0.5,3.7984,1.899138036719835
3,-0.5,0.5,3.8000000000000003,1.8975412076601965
3,-0.5,0.5,3.8016,1.8959458091047663
3,-0.5,0.5,3.8032000000000004,1.8943518395848002
3,-0.5,0.5,3.8048,1.892759297633353
3,-0.5,0.5,3.8064,1.8911681817852741
3,-0.5,0.5,3.8080000000000003,1.889578490577207
3,-0.5,0.5,3.8096,1.8879902225475858
3,-0.5,0.5,3.8112000000000004,1.8864033762366335
3,-0.5,0.5,3.8128,1.8848179501863584
3,-0.5,0.5,3.8144,1.8832339429405531
3,-0.5,0.5,3.8160000000000003,1.8816513530447903
3,-0.5,0.5,3.8176,1.880070179046422
3,-0.5,0.5,3.8192000000000004,1.878490419494576
3,-0.5,0.5,3.8208,1.8769120729401536
3,-0.5,0.5,3.8224,1.8753351379358276
3,-0.5,0.5,3.8240000000000003,1.8737596130360392
3,-0.5,0.5,3.8256,1.8721854967969964
3,-0.5,0.5,3.8272000000000004,1.8706127877766707
3,-0.5,0.5,3.8288,1.8690414845347951
3,-0.5,0.5,3.8304,1.8674715856328616
3,-0.5,0.5,3.8320000000000003,1.8659030896341187
3,-0.5,0.5,3.8336,1.8643359951035694
3,-0.5,0.5,3.8352000000000004,1.862770300607968
3,-0.5,0.5,3.8368,1.8612060047158185
3,-0.5,0.5,3.8384,1.8596431059973713
3,-0.5,0.5,3.8400000000000003,1.858081603024622
3,-0.5,0.5,3.8416,1.8565214943713075
3,-0.5,0.5,3.8432000000000004,1.8549627786129044
3,-0.5,0.5,3.8448,1.8534054543266274
3,-0.5,0.5,3.8464,1.851849520091425
3,-0.5,0.5,3.8480000000000003,1.8502949744879789
3,-0.5,0.5,3.8496,1.8487418160987008
3,-0.5,0.5,3.8512000000000004,1.8471900435077295
3,-0.5,0.5,3.8528000000000002,1.8456396553009295
3,-0.5,0.5,3.8544,1.844090650065889
3,-0.5,0.5,3.8560000000000003,1.8425430263919147
3,-0.5,0.5,3.8576,1.8409967828700333
3,-0.5,0.5,3.8592,1.8394519180929871
3,-0.5,0.5,3.8608000000000002,1.8379084306552307
3,-0.5,0.5,3.8624,1.8363663191529307
3,-0.5,0.5,3.8640000000000003,1.8348255821839619
3,-0.5,0.5,3.8656,1.8332862183479057
3,-0.5,0.5,3.8672,1.8317482262460476
3,-0.5,0.5,3.8688000000000002,1.8302116044813743
3,-0.5,0.5,3.8704,1.8286763516585718
3,-0.5,0.5,3.8720000000000003,1.8271424663840232
3,-0.5,0.5,3.8736,1.8256099472658063
3,-0.5,0.5,3.8752,1.8240787929136906
3,-0.5,0.5,3.8768000000000002,1.8225490019391362
3,-0.5,0.5,3.8784,1.8210205729552902
3,-0.5,0.5,3.8800000000000003,1.819493504576985
3,-0.5,0.5,3.8816,1.8179677954207363
3,-0.5,0.5,3.8832,1.8164434441047401
3,-0.5,0.5,3.8848000000000003,1.81492044924887
3,-0.5,0.5,3.8864,1.8133988094746767
3,-0.5,0.5,3.8880000000000003,1.8118785234053838
3,-0.5,0.5,3.8896,1.8103595896658864
3,-0.5,0.5,3.8912,1.8088420068827484
3,-0.5,0.5,3.8928000000000003,1.8073257736842008
3,-0.5,0.5,3.8944,1.8058108887001387
3,-0.5,0.5,3.8960000000000004,1.8042973505621192
3,-0.5,0.5,3.8976,1.8027851579033591
3,-0.5,0.5,3.8992,1.8012743093587333
3,-0.5,0.5,3.9008000000000003,1.7997648035647713
3,-0.5,0.5,3.9024,1.7982566391596564
3,-0.5,0.5,3.9040000000000004,1.796749814783221
3,-0.5,0.5,3.9056,1.7952443290769473
3,-0.5,0.5,3.9072,1.793740180683963
3,-0.5,0.5,3.9088000000000003,1.7922373682490393
3,-0.5,0.5,3.9104,1.79073589041859
3,-0.5,0.5,3.9120000000000004,1.7892357458406665
3,-0.5,0.5,3.9136,1.7877369331649593
3,-0.5,0.5,3.9152,1.786239451042792
3,-0.5,0.5,3.9168000000000003,1.7847432981271207
3,-0.5,0.5,3.9184,1.7832484730725333
3,-0.5,0.5,3.9200000000000004,1.7817549745352441
3,-0.5,0.5,3.9216,1.7802628011730937
3,-0.5,0.5,3.9232,1.7787719516455462
3,-0.5,0.5,3.9248000000000003,1.7772824246136874
3,-0.5,0.5,3.9264,1.7757942187402211
3,-0.5,0.5,3.9280000000000004,1.7743073326894687
3,-0.5,0.5,3.9296,1.772821765127366
3,-0.5,0.5,3.9312,1.77133751472146
3,-0.5,0.5,3.9328000000000003,1.7698545801409102
3,-0.5,0.5,3.9344,1.768372960056482
3,-0.5,0.5,3.9360000000000004,1.7668926531405467
3,-0.5,0.5,3.9376,1.7654136580670798
3,-0.5,0.5,3.9392,1.7639359735116573
3,-0.5,0.5,3.9408000000000003,1.7624595981514544
3,-0.5,0.5,3.9424,1.760984530665243
3,-0.5,0.5,3.9440000000000004,1.7595107697333898
3,-0.5,0.5,3.9456,1.7580383140378542
3,-0.5,0.5,3.9472,1.7565671622621852
3,-0.5,0.5,3.9488000000000003,1.7550973130915197
3,-0.5,0.5,3.9504,1.753628765212581
3,-0.5,0.5,3.9520000000000004,1.7521615173136755
3,-0.5,0.5,3.9536000000000002,1.7506955680846914
3,-0.5,0.5,3.9552,1.749230916217096
3,-0.5,0.5,3.9568000000000003,1.747767560403934
3,-0.5,0.5,3.9584,1.746305499339824
3,-0.5,0.5,3.9600000000000004,1.7448447317209579
3,-0.5,0.5,3.9616000000000002,1.7433852562450987
3,-0.5,0.5,3.9632,1.7419270716115771
3,-0.5,0.5,3.9648000000000003,1.7404701765212902
3,-0.5,0.5,3.9664,1.739014569676699
3,-0.5,0.5,3.968,1.7375602497818265
3,-0.5,0.5,3.9696000000000002,1.7361072155422557
3,-0.5,0.5,3.9712,1.7346554656651267
3,-0.5,0.5,3.9728000000000003,1.7332049988591354
3,-0.5,0.5,3.9744,1.7317558138345308
3,-0.5,0.5,3.976,1.7303079093031126
3,-0.5,0.5,3.9776000000000002,1.728861283978231
3,-0.5,0.5,3.9792,1.7274159365747812
3,-0.5,0.5,3.9808000000000003,1.7259718658092043
3,-0.5,0.5,3.9824,1.7245290703994838
3,-0.5,0.5,3.984,1.7230875490651432
3,-0.5,0.5,3.9856000000000003,1.7216473005272446
3,-0.5,0.5,3.9872,1.7202083235083867
3,-0.5,0.5,3.9888000000000003,1.718770616732702
3,-0.5,0.5,3.9904,1.7173341789258547
3,-0.5,0.5,3.992,1.7158990088150392
3,-0.5,0.5,3.9936000000000003,1.714465105128978
3,-0.5,0.5,3.9952,1.7130324665979189
3,-0.5,0.5,3.9968000000000004,1.7116010919536324
3,-0.5,0.5,3.9984,1.7101709799294118
3,-0.5,0.5,4.0,1.708742129260069
3,-0.5,0.5,4.0016,1.707314538681934
3,-0.5,0.5,4.0032000000000005,1.7058882069328505
3,-0.5,0.5,4.0048,1.7044631327521764
3,-0.5,0.5,4.0064,1.70303931488078
3,-0.5,0.5,4.008,1.7016167520610388
3,-0.5,0.5,4.0096,1.7001954430368373
3,-0.5,0.5,4.0112000000000005,1.6987753865535642
3,-0.5,0.5,4.0128,1.6973565813581113
3,-0.5,0.5,4.0144,1.6959390261988712
3,-0.5,0.5,4.016,1.694522719825734
3,-0.5,0.5,4.0176,1.6931076609900875
3,-0.5,0.5,4.0192000000000005,1.691693848444813
3,-0.5,0.5,4.0208,1.690281280944284
3,-0.5,0.5,4.0224,1.6888699572443655
3,-0.5,0.5,4.024,1.6874598761024093
3,-0.5,0.5,4.0256,1.6860510362772543
3,-0.5,0.5,4.027200000000001,1.6846434365292235
3,-0.5,0.5,4.0288,1.6832370756201211
3,-0.5,0.5,4.0304,1.6818319523132321
3,-0.5,0.5,4.032,1.6804280653733192
3,-0.5,0.5,4.0336,1.6790254135666212
3,-0.5,0.5,4.035200000000001,1.677623995660851
3,-0.5,0.5,4.0368,1.676223810425193
3,-0.5,0.5,4.0384,1.6748248566303012
3,-0.5,0.5,4.04,1.6734271330482982
3,-0.5,0.5,4.0416,1.6720306384527717
3,-0.5,0.5,4.043200000000001,1.670635371618774
3,-0.5,0.5,4.0448,1.6692413313228185
3,-0.5,0.5,4.0464,1.6678485163428785
3,-0.5,0.5,4.048,1.666456925458385
3,-0.5,0.5,4.0496,1.6650665574502248
3,-0.5,0.5,4.051200000000001,1.6636774111007384
3,-0.5,0.5,4.0528,1.6622894851937184
3,-0.5,0.5,4.0544,1.6609027785144062
3,-0.5,0.5,4.056,1.6595172898494917
3,-0.5,0.5,4.0576,1.6581330179871108
3,-0.5,0.5,4.059200000000001,1.656749961716842
3,-0.5,0.5,4.0608,1.6553681198297066
3,-0.5,0.5,4.0624,1.6539874911181653
3,-0.5,0.5,4.064,1.652608074376117
3,-0.5,0.5,4.0656,1.6512298683988949
3,-0.5,0.5,4.067200000000001,1.6498528719832684
3,-0.5,0.5,4.0688,1.6484770839274365
3,-0.5,0.5,4.0704,1.6471025030310296
3,-0.5,0.5,4.072,1.645729128095105
3,-0.5,0.5,4.0736,1.6443569579221469
3,-0.5,0.5,4.075200000000001,1.6429859913160627
3,-0.5,0.5,4.0768,1.6416162270821824
3,-0.5,0.5,4.0784,1.6402476640272552
3,-0.5,0.5,4.08,1.6388803009594495
3,-0.5,0.5,4.0816,1.637514136688349
3,-0.5,0.5,4.083200000000001,1.6361491700249524
3,-0.5,0.5,4.0848,1.63478539978167
3,-0.5,0.5,4.0864,1.6334228247723221
3,-0.5,0.5,4.088,1.6320614438121386
3,-0.5,0.5,4.0896,1.630701255717755
3,-0.5,0.5,4.091200000000001,1.6293422593072109
3,-0.5,0.5,4.0928,1.62798445339995
3,-0.5,0.5,4.0944,1.6266278368168143
3,-0.5,0.5,4.096,1.6252724083800467
3,-0.5,0.5,4.0976,1.623918166913286
3,-0.5,0.5,4.099200000000001,1.6225651112415662
3,-0.5,0.5,4.1008000000000004,1.621213240191313
3,-0.5,0.5,4.1024,1.6198625525903452
3,-0.5,0.5,4.104,1.6185130472678686
3,-0.5,0.5,4.1056,1.6171647230544777
3,-0.5,0.5,4.107200000000001,1.6158175787821512
3,-0.5,0.5,4.1088000000000005,1.6144716132842525
3,-0.5,0.5,4.1104,1.6131268253955255
3,-0.5,0.5,4.112,1.6117832139520938
3,-0.5,0.5,4.1136,1.610440777791459
3,-0.5,0.5,4.115200000000001,1.6090995157524983
3,-0.5,0.5,4.1168000000000005,1.6077594266754631
3,-0.5,0.5,4.1184,1.606420509401976
3,-0.5,0.5,4.12,1.6050827627750304
3,-0.5,0.5,4.1216,1.6037461856389883
3,-0.5,0.5,4.1232,1.6024107768395772
3,-0.5,0.5,4.1248000000000005,1.6010765352238894
3,-0.5,0.5,4.1264,1.59974345964038
3,-0.5,0.5,4.128,1.598411548938865
3,-0.5,0.5,4.1296,1.5970808019705187
3,-0.5,0.5,4.1312,1.5957512175878728
3,-0.5,0.5,4.1328000000000005,1.5944227946448137
3,-0.5,0.5,4.1344,1.593095531996582
3,-0.5,0.5,4.136,1.5917694284997685
3,-0.5,0.5,4.1376,1.5904444830123146
3,-0.5,0.5,4.1392,1.5891206943935086
3,-0.5,0.5,4.1408000000000005,1.5877980615039855
3,-0.5,0.5,4.1424,1.5864765832057233
3,-0.5,0.5,4.144,1.5851562583620427
3,-0.5,0.5,4.1456,1.583837085837605
3,-0.5,0.5,4.1472,1.5825190644984093
3,-0.5,0.5,4.1488000000000005,1.5812021932117923
3,-0.5,0.5,4.1504,1.5798864708464246
3,-0.5,0.5,4.152,1.5785718962723096
3,-0.5,0.5,4.1536,1.5772584683607829
3,-0.5,0.5,4.1552,1.575946185984508
3,-0.5,0.5,4.1568000000000005,1.5746350480174776
3,-0.5,0.5,4.1584,1.5733250533350083
3,-0.5,0.5,4.16,1.5720162008137417
3,-0.5,0.5,4.1616,1.5707084893316412
3,-0.5,0.5,4.1632,1.5694019177679899
3,-0.5,0.5,4.1648000000000005,1.56809648500339
3,-0.5,0.5,4.1664,1.5667921899197599
3,-0.5,0.5,4.168,1.565489031400333
3,-0.5,0.5,4.1696,1.5641870083296552
3,-0.5,0.5,4.1712,1.5628861195935837
3,-0.5,0.5,4.1728000000000005,1.5615863640792855
3,-0.5,0.5,4.1744,1.5602877406752353
3,-0.5,0.5,4.176,1.558990248271213
3,-0.5,0.5,4.1776,1.557693885758302
3,-0.5,0.5,4.1792,1.5563986520288895
3,-0.5,0.5,4.1808000000000005,1.5551045459766617
3,-0.5,0.5,4.1824,1.5538115664966041
3,-0.5,0.5,4.184,1.5525197124849988
3,-0.5,0.5,4.1856,1.5512289828394232
3,-0.5,0.5,4.1872,1.549939376458748
3,-0.5,0.5,4.1888000000000005,1.5486508922431348
3,-0.5,0.5,4.1904,1.5473635290940357
3,-0.5,0.5,4.192,1.5460772859141905
3,-0.5,0.5,4.1936,1.5447921616076254
3,-0.5,0.5,4.1952,1.5435081550796506
3,-0.5,0.5,4.1968000000000005,1.5422252652368593
3,-0.5,0.5,4.1984,1.5409434909871258
3,-0.5,0.5,4.2,1.5396628312396035
3,-0.5,0.5,4.2016,1.5383832849047228
3,-0.5,0.5,4.2032,1.5371048508941902
3,-0.5,0.5,4.2048000000000005,1.5358275281209863
3,-0.5,0.5,4.2064,1.5345513154993635
3,-0.5,0.5,4.208,1.5332762119448444
3,-0.5,0.5,4.2096,1.5320022163742213
3,-0.5,0.5,4.2112,1.530729327705552
3,-0.5,0.5,4.2128000000000005,1.5294575448581609
3,-0.5,0.5,4.2144,1.5281868667526353
3,-0.5,0.5,4.216,1.5269172923108245
3,-0.5,0.5,4.2176,1.5256488204558372
3,-0.5,0.5,4.2192,1.524381450112041
3,-0.5,0.5,4.2208000000000006,1.52311518020506
3,-0.5,0.5,4.2224,1.521850009661773
3,-0.5,0.5,4.224,1.5205859374103123
3,-0.5,0.5,4.2256,1.519322962380061
3,-0.5,0.5,4.2272,1.5180610835016528
3,-0.5,0.5,4.228800000000001,1.5168002997069685
3,-0.5,0.5,4.2304,1.5155406099291362
3,-0.5,0.5,4.232,1.5142820131025276
3,-0.5,0.5,4.2336,1.5130245081627576
3,-0.5,0.5,4.2352,1.5117680940466822
3,-0.5,0.5,4.236800000000001,1.510512769692398
3,-0.5,0.5,4.2384,1.5092585340392377
3,-0.5,0.5,4.24,1.5080053860277711
3,-0.5,0.5,4.2416,1.5067533245998024
3,-0.5,0.5,4.2432,1.5055023486983685
3,-0.5,0.5,4.244800000000001,1.5042524572677367
3,-0.5,0.5,4.2464,1.5030036492534047
3,-0.5,0.5,4.248,1.5017559236020968
3,-0.5,0.5,4.2496,1.5005092792617645
3,-0.5,0.5,4.2512,1.4992637151815824
3,-0.5,0.5,4.252800000000001,1.4980192303119484
3,-0.5,0.5,4.2544,1.4967758236044815
3,-0.5,0.5,4.256,1.4955334940120193
3,-0.5,0.5,4.2576,1.494292240488618
3,-0.5,0.5,4.2592,1.4930520619895493
3,-0.5,0.5,4.260800000000001,1.4918129574712993
3,-0.5,0.5,4.2624,1.4905749258915666
3,-0.5,0.5,4.264,1.4893379662092605
3,-0.5,0.5,4.2656,1.4881020773845004
3,-0.5,0.5,4.2672,1.486867258378613
3,-0.5,0.5,4.268800000000001,1.485633508154131
3,-0.5,0.5,4.2704,1.4844008256747916
3,-0.5,0.5,4.272,1.483169209905535
3,-0.5,0.5,4.2736,1.4819386598125017
3,-0.5,0.5,4.2752,1.4807091743630325
3,-0.5,0.5,4.276800000000001,1.4794807525256657
3,-0.5,0.5,4.2784,1.478253393270136
3,-0.5,0.5,4.28,1.4770270955673723
3,-0.5,0.5,4.2816,1.4758018583894965
3,-0.5,0.5,4.2832,1.4745776807098223
3,-0.5,0.5,4.284800000000001,1.4733545615028525
3,-0.5,0.5,4.2864,1.4721324997442782
3,-0.5,0.5,4.288,1.470911494410977
3,-0.5,0.5,4.2896,1.469691544481011
3,-0.5,0.5,4.2912,1.468472648933626
3,-0.5,0.5,4.292800000000001,1.467254806749249
3,-0.5,0.5,4.2944,1.466038016909487
3,-0.5,0.5,4.296,1.4648222783971256
3,-0.5,0.5,4.2976,1.463607590196127
3,-0.5,0.5,4.2992,1.4623939512916286
3,-0.5,0.5,4.300800000000001,1.4611813606699413
3,-0.5,0.5,4.3024000000000004,1.4599698173185478
3,-0.5,0.5,4.304,1.4587593202261013
3,-0.5,0.5,4.3056,1.457549868382424
3,-0.5,0.5,4.3072,1.4563414607785048
3,-0.5,0.5,4.308800000000001,1.4551340964064987
3,-0.5,0.5,4.3104000000000005,1.4539277742597243
3,-0.5,0.5,4.312,1.4527224933326628
3,-0.5,0.5,4.3136,1.4515182526209558
3,-0.5,0.5,4.3152,1.450315051121405
3,-0.5,0.5,4.316800000000001,1.4491128878319686
3,-0.5,0.5,4.3184000000000005,1.4479117617517614
3,-0.5,0.5,4.32,1.4467116718810535
3,-0.5,0.5,4.3216,1.445512617221267
3,-0.5,0.5,4.3232,1.444314596774975
3,-0.5,0.5,4.324800000000001,1.4431176095459017
3,-0.5,0.5,4.3264000000000005,1.4419216545389186
3,-0.5,0.5,4.328,1.440726730760044
3,-0.5,0.5,4.3296,1.4395328372164413
3,-0.5,0.5,4.3312,1.4383399729164177
3,-0.5,0.5,4.332800000000001,1.4371481368694217
3,-0.5,0.5,4.3344000000000005,1.4359573280860434
3,-0.5,0.5,4.336,1.4347675455780111
3,-0.5,0.5,4.3376,1.4335787883581899
3,-0.5,0.5,4.3392,1.4323910554405817
3,-0.5,0.5,4.3408,1.4312043458403219
3,-0.5,0.5,4.3424000000000005,1.430018658573679
3,-0.5,0.5,4.344,1.4288339926580529
3,-0.5,0.5,4.3456,1.4276503471119724
3,-0.5,0.5,4.3472,1.4264677209550949
3,-0.5,0.5,4.3488,1.4252861132082038
3,-0.5,0.5,4.3504000000000005,1.4241055228932082
3,-0.5,0.5,4.352,1.4229259490331405
3,-0.5,0.5,4.3536,1.4217473906521547
3,-0.5,0.5,4.3552,1.420569846775526
3,-0.5,0.5,4.3568,1.4193933164296475
3,-0.5,0.5,4.3584000000000005,1.4182177986420303
3,-0.5,0.5,4.36,1.4170432924413014
3,-0.5,0.5,4.3616,1.4158697968572025
3,-0.5,0.5,4.3632,1.414697310920587
3,-0.5,0.5,4.3648,1.4135258336634204
3,-0.5,0.5,4.3664000000000005,1.4123553641187783
3,-0.5,0.5,4.368,1.4111859013208439
3,-0.5,0.5,4.3696,1.4100174443049078
3,-0.5,0.5,4.3712,1.4088499921073656
3,-0.5,0.5,4.3728,1.4076835437657165
3,-0.5,0.5,4.3744000000000005,1.406518098318563
3,-0.5,0.5,4.376,1.4053536548056071
3,-0.5,0.5,4.3776,1.4041902122676508
3,-0.5,0.5,4.3792,1.4030277697465943
3,-0.5,0.5,4.3808,1.4018663262854332
3,-0.5,0.5,4.3824000000000005,1.4007058809282589
3,-0.5,0.5,4.384,1.3995464327202556
3,-0.5,0.5,4.3856,1.3983879807076993
3,-0.5,0.5,4.3872,1.397230523937957
3,-0.5,0.5,4.3888,1.3960740614594835
3,-0.5,0.5,4.3904000000000005,1.3949185923218224
3,-0.5,0.5,4.392,1.3937641155756024
3,-0.5,0.5,4.3936,1.3926106302725372
3,-0.5,0.5,4.3952,1.391458135465423
3,-0.5,0.5,4.3968,1.390306630208138
3,-0.5,0.5,4.3984000000000005,1.3891561135556403
3,-0.5,0.5,4.4,1.3880065845639664
3,-0.5,0.5,4.4016,1.3868580422902306
3,-0.5,0.5,4.4032,1.3857104857926226
3,-0.5,0.5,4.4048,1.384563914130406
3,-0.5,0.5,4.4064000000000005,1.3834183263639177
3,-0.5,0.5,4.408,1.3822737215545655
3,-0.5,0.5,4.4096,1.3811300987648274
3,-0.5,0.5,4.4112,1.3799874570582498
3,-0.5,0.5,4.4128,1.378845795499446
3,-0.5,0.5,4.4144000000000005,1.3777051131540952
3,-0.5,0.5,4.416,1.37656540908894
3,-0.5,0.5,4.4176,1.3754266823717867
3,-0.5,0.5,4.4192,1.3742889320715017
3,-0.5,0.5,4.4208,1.373152157258012
3,-0.5,0.5,4.4224000000000006,1.3720163570023025
3,-0.5,0.5,4.424,1.3708815303764155
3,-0.5,0.5,4.4256,1.3697476764534484
3,-0.5,0.5,4.4272,1.3686147943075526
3,-0.5,0.5,4.4288,1.367482883013933
3,-0.5,0.5,4.430400000000001,1.366351941648844
3,-0.5,0.5,4.432,1.3652219692895917
3,-0.5,0.5,4.4336,1.3640929650145297
3,-0.5,0.5,4.4352,1.3629649279030582
3,-0.5,0.5,4.4368,1.3618378570356235
3,-0.5,0.5,4.438400000000001,1.3607117514937161
3,-0.5,0.5,4.44,1.3595866103598688
3,-0.5,0.5,4.4416,1.3584624327176562
3,-0.5,0.5,4.4432,1.3573392176516923
3,-0.5,0.5,4.4448,1.3562169642476298
3,-0.5,0.5,4.446400000000001,1.3550956715921587
3,-0.5,0.5,4.448,1.3539753387730047
3,-0.5,0.5,4.4496,1.3528559648789276
3,-0.5,0.5,4.4512,1.3517375489997199
3,-0.5,0.5,4.4528,1.350620090226206
3,-0.5,0.5,4.454400000000001,1.3495035876502404
3,-0.5,0.5,4.456,1.3483880403647057
3,-0.5,0.5,4.4576,1.347273447463513
3,-0.5,0.5,4.4592,1.3461598080415986
3,-0.5,0.5,4.4608,1.345047121194923
3,-0.5,0.5,4.462400000000001,1.3439353860204708
3,-0.5,0.5,4.464,1.342824601616248
3,-0.5,0.5,4.4656,1.3417147670812806
3,-0.5,0.5,4.4672,1.340605881515614
3,-0.5,0.5,4.4688,1.3394979440203119
3,-0.5,0.5,4.470400000000001,1.338390953697453
3,-0.5,0.5,4.472,1.3372849096501325
3,-0.5,0.5,4.4736,1.3361798109824574
3,-0.5,0.5,4.4752,1.3350756567995483
3,-0.5,0.5,4.4768,1.3339724462075357
3,-0.5,0.5,4.478400000000001,1.3328701783135606
3,-0.5,0.5,4.48,1.331768852225771
3,-0.5,0.5,4.4816,1.3306684670533224
3,-0.5,0.5,4.4832,1.3295690219063754
3,-0.5,0.5,4.4848,1.3284705158960943
3,-0.5,0.5,4.486400000000001,1.3273729481346472
3,-0.5,0.5,4.488,1.3262763177352026
3,-0.5,0.5,4.4896,1.3251806238119292
3,-0.5,0.5,4.4912,1.3240858654799945
3,-0.5,0.5,4.4928,1.3229920418555627
3,-0.5,0.5,4.494400000000001,1.3218991520557946
3,-0.5,0.5,4.496,1.3208071951988454
3,-0.5,0.5,4.4976,1.319716170403864
3,-0.5,0.5,4.4992,1.3186260767909903
3,-0.5,0.5,4.5008,1.3175369134813557
3,-0.5,0.5,4.502400000000001,1.31644867959708
3,-0.5,0.5,4.5040000000000004,1.3153613742612722
3,-0.5,0.5,4.5056,1.3142749965980265
3,-0.5,0.5,4.5072,1.3131895457324236
3,-0.5,0.5,4.5088,1.3121050207905278
3,-0.5,0.5,4.510400000000001,1.3110214208993851
3,-0.5,0.5,4.5120000000000005,1.3099387451870246
3,-0.5,0.5,4.5136,1.3088569927824536
3,-0.5,0.5,4.5152,1.3077761628156588
3,-0.5,0.5,4.5168,1.3066962544176046
3,-0.5,0.5,4.518400000000001,1.305617266720231
3,-0.5,0.5,4.5200000000000005,1.3045391988564534
3,-0.5,0.5,4.5216,1.3034620499601601
3,-0.5,0.5,4.5232,1.302385819166211
3,-0.5,0.5,4.5248,1.301310505610438
3,-0.5,0.5,4.526400000000001,1.3002361084296417
3,-0.5,0.5,4.5280000000000005,1.2991626267615912
3,-0.5,0.5,4.5296,1.2980900597450227
3,-0.5,0.5,4.5312,1.2970184065196373
3,-0.5,0.5,4.5328,1.295947666226101
3,-0.5,0.5,4.534400000000001,1.2948778380060428
3,-0.5,0.5,4.5360000000000005,1.2938089210020536
3,-0.5,0.5,4.5376,1.2927409143576845
3,-0.5,0.5,4.5392,1.2916738172174453
3,-0.5,0.5,4.5408,1.2906076287268045
3,-0.5,0.5,4.542400000000001,1.2895423480321866
3,-0.5,0.5,4.5440000000000005,1.2884779742809715
3,-0.5,0.5,4.5456,1.2874145066214937
3,-0.5,0.5,4.5472,1.28635194420304
3,-0.5,0.5,4.5488,1.2852902861758484
3,-0.5,0.5,4.5504,1.2842295316911074
3,-0.5,0.5,4.5520000000000005,1.2831696799009544
3,-0.5,0.5,4.5536,1.2821107299584742
3,-0.5,0.5,4.5552,1.2810526810176983
3,-0.5,0.5,4.5568,1.2799955322336032
3,-0.5,0.5,4.5584,1.278939282762109
3,-0.5,0.5,4.5600000000000005,1.2778839317600792
3,-0.5,0.5,4.5616,1.2768294783853176
3,-0.5,0.5,4.5632,1.2757759217965687
3,-0.5,0.5,4.5648,1.2747232611535153
3,-0.5,0.5,4.5664,1.2736714956167785
3,-0.5,0.5,4.5680000000000005,1.2726206243479148
3,-0.5,0.5,4.5696,1.271570646509416
3,-0.5,0.5,4.5712,1.2705215612647085
3,-0.5,0.5,4.5728,1.26947336777815
3,-0.5,0.5,4.5744,1.26842606521503
3,-0.5,0.5,4.5760000000000005,1.2673796527415688
3,-0.5,0.5,4.5776,1.2663341295249142
3,-0.5,0.5,4.5792,1.2652894947331421
3,-0.5,0.5,4.5808,1.2642457475352549
3,-0.5,0.5,4.5824,1.2632028871011802
3,-0.5,0.5,4.5840000000000005,1.2621609126017688
3,-0.5,0.5,4.5856,1.261119823208795
3,-0.5,0.5,4.5872,1.2600796180949536
3,-0.5,0.5,4.5888,1.2590402964338598
3,-0.5,0.5,4.5904,1.258001857400048
3,-0.5,0.5,4.5920000000000005,1.25696430016897
3,-0.5,0.5,4.5936,1.2559276239169943
3,-0.5,0.5,4.5952,1.2548918278214045
3,-0.5,0.5,4.5968,1.253856911060398
3,-0.5,0.5,4.5984,1.2528228728130857
3,-0.5,0.5,4.6000000000000005,1.2517897122594892
3,-0.5,0.5,4.6016,1.250757428580541
3,-0.5,0.5,4.6032,1.2497260209580825
3,-0.5,0.5,4.6048,1.2486954885748633
3,-0.5,0.5,4.6064,1.2476658306145396
3,-0.5,0.5,4.6080000000000005,1.246637046261673
3,-0.5,0.5,4.6096,1.2456091347017295
3,-0.5,0.5,4.6112,1.2445820951210782
3,-0.5,0.5,4.6128,1.24355592670699
3,-0.5,0.5,4.6144,1.2425306286476363
3,-0.5,0.5,4.6160000000000005,1.2415062001320887
3,-0.5,0.5,4.6176,1.2404826403503166
3,-0.5,0.5,4.6192,1.2394599484931863
3,-0.5,0.5,4.6208,1.2384381237524602
3,-0.5,0.5,4.6224,1.2374171653207962
3,-0.5,0.5,4.6240000000000006,1.2363970723917441
3,-0.5,0.5,4.6256,1.2353778441597476
3,-0.5,0.5,4.6272,1.2343594798201403
3,-0.5,0.5,4.6288,1.2333419785691466
3,-0.5,0.5,4.6304,1.2323253396038796
3,-0.5,0.5,4.632000000000001,1.231309562122339
3,-0.5,0.5,4.6336,1.2302946453234127
3,-0.5,0.5,4.6352,1.2292805884068716
3,-0.5,0.5,4.6368,1.2282673905733728
3,-0.5,0.5,4.6384,1.2272550510244549
3,-0.5,0.5,4.640000000000001,1.2262435689625386
3,-0.5,0.5,4.6416,1.2252329435909253
3,-0.5,0.5,4.6432,1.2242231741137954
3,-0.5,0.5,4.6448,1.2232142597362077
3,-0.5,0.5,4.6464,1.222206199664098
3,-0.5,0.5,4.648000000000001,1.221198993104278
3,-0.5,0.5,4.6496,1.2201926392644338
3,-0.5,0.5,4.6512,1.2191871373531256
3,-0.5,0.5,4.6528,1.2181824865797857
3,-0.5,0.5,4.6544,1.2171786861547167
3,-0.5,0.5,4.656000000000001,1.2161757352890927
3,-0.5,0.5,4.6576,1.2151736331949559
3,-0.5,0.5,4.6592,1.2141723790852166
3,-0.5,0.5,4.6608,1.2131719721736514
3,-0.5,0.5,4.6624,1.2121724116749022
3,-0.5,0.5,4.664000000000001,1.2111736968044755
3,-0.5,0.5,4.6656,1.2101758267787408
3,-0.5,0.5,4.6672,1.2091788008149305
3,-0.5,0.5,4.6688,1.2081826181311355
3,-0.5,0.5,4.6704,1.2071872779463093
3,-0.5,0.5,4.672000000000001,1.206192779480262
3,-0.5,0.5,4.6736,1.2051991219536615
3,-0.5,0.5,4.6752,1.2042063045880327
3,-0.5,0.5,4.6768,1.2032143266057547
3,-0.5,0.5,4.6784,1.2022231872300617
3,-0.5,0.5,4.680000000000001,1.20123288568504
3,-0.5,0.5,4.6816,1.2002434211956274
3,-0.5,0.5,4.6832,1.1992547929876136
3,-0.5,0.5,4.6848,1.1982670002876366
3,-0.5,0.5,4.6864,1.1972800423231833
3,-0.5,0.5,4.688000000000001,1.1962939183225878
3,-0.5,0.5,4.6896,1.1953086275150302
3,-0.5,0.5,4.6912,1.194324169130536
3,-0.5,0.5,4.6928,1.193340542399974
3,-0.5,0.5,4.6944,1.192357746555056
3,-0.5,0.5,4.696000000000001,1.1913757808283363
3,-0.5,0.5,4.6976,1.1903946444532088
3,-0.5,0.5,4.6992,1.1894143366639067
3,-0.5,0.5,4.7008,1.1884348566955025
3,-0.5,0.5,4.7024,1.187456203783905
3,-0.5,0.5,4.704000000000001,1.1864783771658594
3,-0.5,0.5,4.7056000000000004,1.1855013760789466
3,-0.5,0.5,4.7072,1.1845251997615804
3,-0.5,0.5,4.7088,1.1835498474530077
3,-0.5,0.5,4.7104,1.1825753183933074
3,-0.5,0.5,4.712000000000001,1.181601611823389
3,-0.5,0.5,4.7136000000000005,1.180628726984991
3,-0.5,0.5,4.7152,1.1796566631206813
3,-0.5,0.5,4.7168,1.178685419473854
3,-0.5,0.5,4.7184,1.17771499528873
3,-0.5,0.5,4.720000000000001,1.1767453898103553
3,-0.5,0.5,4.7216000000000005,1.1757766022845997
3,-0.5,0.5,4.7232,1.1748086319581565
3,-0.5,0.5,4.7248,1.1738414780785407
3,-0.5,0.5,4.7264,1.1728751398940875
3,-0.5,0.5,4.728000000000001,1.1719096166539527
3,-0.5,0.5,4.7296000000000005,1.1709449076081098
3,-0.5,0.5,4.7312,1.1699810120073508
3,-0.5,0.5,4.7328,1.1690179291032834
3,-0.5,0.5,4.7344,1.168055658148331
3,-0.5,0.5,4.736000000000001,1.1670941983957317
3,-0.5,0.5,4.7376000000000005,1.1661335490995361
3,-0.5,0.5,4.7392,1.1651737095146075
3,-0.5,0.5,4.7408,1.1642146788966203
3,-0.5,0.5,4.7424,1.1632564565020587
3,-0.5,0.5,4.744000000000001,1.1622990415882157
3,-0.5,0.5,4.7456000000000005,1.1613424334131928
3,-0.5,0.5,4.7472,1.1603866312358977
3,-0.5,0.5,4.7488,1.1594316343160445
3,-0.5,0.5,4.7504,1.1584774419141515
3,-0.5,0.5,4.752000000000001,1.157524053291541
3,-0.5,0.5,4.7536000000000005,1.1565714677103378
3,-0.5,0.5,4.7552,1.1556196844334683
3,-0.5,0.5,4.7568,1.154668702724659
3,-0.5,0.5,4.7584,1.1537185218484363
3,-0.5,0.5,4.76,1.1527691410701246
3,-0.5,0.5,4.7616000000000005,1.1518205596558464
3,-0.5,0.5,4.7632,1.1508727768725198
3,-0.5,0.5,4.7648,1.1499257919878578
3,-0.5,0.5,4.7664,1.1489796042703684
3,-0.5,0.5,4.768,1.1480342129893528
3,-0.5,0.5,4.7696000000000005,1.1470896174149035
3,-0.5,0.5,4.7712,1.1461458168179046
3,-0.5,0.5,4.7728,1.1452028104700307
3,-0.5,0.5,4.7744,1.1442605976437443
3,-0.5,0.5,4.776,1.1433191776122966
3,-0.5,0.5,4.7776000000000005,1.1423785496497258
3,-0.5,0.5,4.7792,1.1414387130308552
3,-0.5,0.5,4.7808,1.140499667031294
3,-0.5,0.5,4.7824,1.1395614109274343
3,-0.5,0.5,4.784,1.138623943996452
3,-0.5,0.5,4.7856000000000005,1.137687265516304
3,-0.5,0.5,4.7872,1.1367513747657279
3,-0.5,0.5,4.7888,1.1358162710242414
3,-0.5,0.5,4.7904,1.1348819535721413
3,-0.5,0.5,4.792,1.1339484216905007
3,-0.5,0.5,4.7936000000000005,1.133015674661171
3,-0.5,0.5,4.7952,1.1320837117667784
3,-0.5,0.5,4.7968,1.1311525322907237
3,-0.5,0.5,4.7984,1.1302221355171813
3,-0.5,0.5,4.8,1.1292925207310986
3,-0.5,0.5,4.8016000000000005,1.1283636872181941
3,-0.5,0.5,4.8032,1.1274356342649576
3,-0.5,0.5,4.8048,1.1265083611586475
3,-0.5,0.5,4.8064,1.1255818671872915
3,-0.5,0.5,4.808,1.1246561516396847
3,-0.5,0.5,4.8096000000000005,1.1237312138053885
3,-0.5,0.5,4.8112,1.1228070529747305
3,-0.5,0.5,4.8128,1.1218836684388018
3,-0.5,0.5,4.8144,1.1209610594894581
3,-0.5,0.5,4.816,1.120039225419317
3,-0.5,0.5,4.8176000000000005,1.1191181655217575
3,-0.5,0.5,4.8192,1.11819787909092
3,-0.5,0.5,4.8208,1.1172783654217038
3,-0.5,0.5,4.8224,1.116359623809767
3,-0.5,0.5,4.824,1.1154416535515255
3,-0.5,0.5,4.8256000000000006,1.1145244539441512
3,-0.5,0.5,4.8272,1.1136080242855722
3,-0.5,0.5,4.8288,1.1126923638744708
3,-0.5,0.5,4.8304,1.1117774720102833
3,-0.5,0.5,4.832,1.1108633479931982
3,-0.5,0.5,4.833600000000001,1.109949991124156
3,-0.5,0.5,4.8352,1.1090374007048478
3,-0.5,0.5,4.8368,1.1081255760377144
3,-0.5,0.5,4.8384,1.1072145164259455
3,-0.5,0.5,4.84,1.1063042211734784
3,-0.5,0.5,4.841600000000001,1.1053946895849969
3,-0.5,0.5,4.8432,1.1044859209659315
3,-0.5,0.5,4.8448,1.103577914622456
3,-0.5,0.5,4.8464,1.1026706698614899
3,-0.5,0.5,4.848,1.101764185990694
3,-0.5,0.5,4.849600000000001,1.1008584623184723
3,-0.5,0.5,4.8512,1.099953498153969
3,-0.5,0.5,4.8528,1.099049292807068
3,-0.5,0.5,4.8544,1.098145845588393
3,-0.5,0.5,4.856,1.0972431558093056
3,-0.5,0.5,4.857600000000001,1.0963412227819043
3,-0.5,0.5,4.8592,1.0954400458190234
3,-0.5,0.5,4.8608,1.0945396242342331
3,-0.5,0.5,4.8624,1.0936399573418378
3,-0.5,0.5,4.864,1.0927410444568746
3,-0.5,0.5,4.865600000000001,1.0918428848951136
3,-0.5,0.5,4.8672,1.0909454779730554
3,-0.5,0.5,4.8688,1.0900488230079317
3,-0.5,0.5,4.8704,1.0891529193177039
3,-0.5,0.5,4.872,1.0882577662210609
3,-0.5,0.5,4.873600000000001,1.0873633630374202
3,-0.5,0.5,4.8752,1.0864697090869253
3,-0.5,0.5,4.8768,1.0855768036904458
3,-0.5,0.5,4.8784,1.084684646169576
3,-0.5,0.5,4.88,1.0837932358466333
3,-0.5,0.5,4.881600000000001,1.082902572044659
3,-0.5,0.5,4.8832,1.082012654087416
3,-0.5,0.5,4.8848,1.0811234812993873
3,-0.5,0.5,4.8864,1.0802350530057776
3,-0.5,0.5,4.888,1.0793473685325095
3,-0.5,0.5,4.889600000000001,1.0784604272062241
3,-0.5,0.5,4.8912,1.0775742283542797
3,-0.5,0.5,4.8928,1.0766887713047508
3,-0.5,0.5,4.8944,1.0758040553864279
3,-0.5,0.5,4.896,1.074920079928815
3,-0.5,0.5,4.897600000000001,1.074036844262131
3,-0.5,0.5,4.8992,1.0731543477173058
3,-0.5,0.5,4.9008,1.0722725896259822
3,-0.5,0.5,4.9024,1.0713915693205134
3,-0.5,0.5,4.904,1.0705112861339623
3,-0.5,0.5,4.905600000000001,1.0696317394001005
3,-0.5,0.5,4.9072000000000005,1.0687529284534087
3,-0.5,0.5,4.9088,1.0678748526290733
3,-0.5,0.5,4.9104,1.0669975112629881
3,-0.5,0.5,4.912,1.0661209036917514
3,-0.5,0.5,4.913600000000001,1.0652450292526663
3,-0.5,0.5,4.9152000000000005,1.0643698872837386
3,-0.5,0.5,4.9168,1.0634954771236778
3,-0.5,0.5,4.9184,1.0626217981118937
3,-0.5,0.5,4.92,1.061748849588498
3,-0.5,0.5,4.921600000000001,1.0608766308943018
3,-0.5,0.5,4.9232000000000005,1.0600051413708147
3,-0.5,0.5,4.9248,1.0591343803602447
3,-0.5,0.5,4.9264,1.058264347205497
3,-0.5,0.5,4.928,1.0573950412501725
3,-0.5,0.5,4.929600000000001,1.0565264618385681
3,-0.5,0.5,4.9312000000000005,1.055658608315675
3,-0.5,0.5,4.9328,1.0547914800271772
3,-0.5,0.5,4.9344,1.0539250763194519
3,-0.5,0.5,4.936,1.053059396539568
3,-0.5,0.5,4.937600000000001,1.0521944400352852
3,-0.5,0.5,4.9392000000000005,1.0513302061550531
3,-0.5,0.5,4.9408,1.0504666942480099
3,-0.5,0.5,4.9424,1.0496039036639826
3,-0.5,0.5,4.944,1.048741833753486
3,-0.5,0.5,4.945600000000001,1.0478804838677196
3,-0.5,0.5,4.9472000000000005,1.0470198533585695
3,-0.5,0.5,4.9488,1.0461599415786065
3,-0.5,0.5,4.9504,1.045300747881085
3,-0.5,0.5,4.952,1.0444422716199417
3,-0.5,0.5,4.953600000000001,1.0435845121497964
3,-0.5,0.5,4.9552000000000005,1.042727468825949
3,-0.5,0.5,4.9568,1.0418711410043795
3,-0.5,0.5,4.9584,1.0410155280417484
3,-0.5,0.5,4.96,1.0401606292953935
3,-0.5,0.5,4.961600000000001,1.039306444123331
3,-0.5,0.5,4.9632000000000005,1.0384529718842537
3,-0.5,0.5,4.9648,1.0376002119375296
3,-0.5,0.5,4.9664,1.0367481636432023
3,-0.5,0.5,4.968,1.0358968263619894
3,-0.5,0.5,4.9696,1.0350461994552813
3,-0.5,0.5,4.9712000000000005,1.0341962822851418
3,-0.5,0.5,4.9728,1.0333470742143054
3,-0.5,0.5,4.9744,1.0324985746061774
3,-0.5,0.5,4.976,1.0316507828248331
3,-0.5,0.5,4.9776,1.0308036982350166
3,-0.5,0.5,4.9792000000000005,1.0299573202021401
3,-0.5,0.5,4.9808,1.029111648092283
3,-0.5,0.5,4.9824,1.028266681272191
3,-0.5,0.5,4.984,1.0274224191092758
3,-0.5,0.5,4.9856,1.0265788609716127
3,-0.5,0.5,4.9872000000000005,1.0257360062279417
3,-0.5,0.5,4.9888,1.024893854247666
3,-0.5,0.5,4.9904,1.0240524044008494
3,-0.5,0.5,4.992,1.0232116560582192
3,-0.5,0.5,4.9936,1.022371608591161
3,-0.5,0.5,4.9952000000000005,1.0215322613717208
3,-0.5,0.5,4.9968,1.0206936137726035
3,-0.5,0.5,4.9984,1.0198556651671722
3,-0.5,0.5,5.0,1.019018414929446
4,0.0,-0.5,0.0,8.20849986238988
4,0.0,-0.5,0.0016,8.210075673716636
4,0.0,-0.5,0.0032,8.2116512496638
4,0.0,-0.5,0.0048000000000000004,8.213226590203512
4,0.0,-0.5,0.0064,8.214801695307967
4,0.0,-0.5,0.008,8.216376564949403
4,0.0,-0.5,0.009600000000000001,8.217951199100112
4,0.0,-0.5,0.0112,8.219525597732437
4,0.0,-0.5,0.0128,8.221099760818772
4,0.0,-0.5,0.014400000000000001,8.22267368833156
4,0.0,-0.5,0.016,8.22424738024329
4,0.0,-0.5,0.0176,8.225820836526491
4,0.0,-0.5,0.019200000000000002,8.227394057153676
4,0.0,-0.5,0.020800000000000003,8.22896704209718
4,0.0,-0.5,0.0224,8.230539791328697
4,0.0,-0.5,0.024,8.232112304818113
4,0.0,-0.5,0.0256,8.23368458253087
4,0.0,-0.5,0.027200000000000002,8.235256624422576
4,0.0,-0.5,0.028800000000000003,8.236828430428744
4,0.0,-0.5,0.0304,8.238400000446617
4,0.0,-0.5,0.032,8.239971334304725
4,0.0,-0.5,0.033600000000000005,8.241542431714617
4,0.0,-0.5,0.0352,8.243113292197679
4,0.0,-0.5,0.0368,8.244683914978712
4,0.0,-0.5,0.038400000000000004,8.246254298836789
4,0.0,-0.5,0.04,8.247824441903083
4,0.0,-0.5,0.041600000000000005,8.249394341394975
4,0.0,-0.5,0.0432,8.250963993275882
4,0.0,-0.5,0.0448,8.25253339183083
4,0.0,-0.5,0.046400000000000004,8.254102529149083
4,0.0,-0.5,0.048,8.255671394506738
4,0.0,-0.5,0.049600000000000005,8.257239973644447
4,0.0,-0.5,0.0512,8.258808247937878
4,0.0,-0.5,0.0528,8.260376193461267
4,0.0,-0.5,0.054400000000000004,8.261943779947288
4,0.0,-0.5,0.056,8.26351096964935
4,0.0,-0.5,0.057600000000000005,8.265077716115135
4,0.0,-0.5,0.0592,8.266643962882705
4,0.0,-0.5,0.0608,8.268209642112758
4,0.0,-0.5,0.062400000000000004,8.269774673172416
4,0.0,-0.5,0.064,8.271338961187347
4,0.0,-0.5,0.0656,8.27290239558001
4,0.0,-0.5,0.06720000000000001,8.274464848612286
4,0.0,-0.5,0.0688,8.27602617395092
4,0.0,-0.5,0.0704,8.277586205273773
4,0.0,-0.5,0.07200000000000001,8.279144754934254
4,0.0,-0.5,0.0736,8.280701612700199
4,0.0,-0.5,0.0752,8.282256544582186
4,0.0,-0.5,0.07680000000000001,8.283809291764742
4,0.0,-0.5,0.0784,8.285359569652144
4,0.0,-0.5,0.08,8.286907067038747
4,0.0,-0.5,0.0816,8.288451445411836
4,0.0,-0.5,0.08320000000000001,8.289992338393112
4,0.0,-0.5,0.0848,8.291529351323076
4,0.0,-0.5,0.0864,8.293062060990634
4,0.0,-0.5,0.08800000000000001,8.294590015508675
4,0.0,-0.5,0.0896,8.29611273433457
4,0.0,-0.5,0.0912,8.29762970843321
4,0.0,-0.5,0.09280000000000001,8.299140400578707
4,0.0,-0.5,0.0944,8.300644245789796
4,0.0,-0.5,0.096,8.302140651892858
4,0.0,-0.5,0.0976,8.30362900020565
4,0.0,-0.5,0.09920000000000001,8.305108646334068
4,0.0,-0.5,0.1008,8.306578921073692
4,0.0,-0.5,0.1024,8.308039131407469
4,0.0,-0.5,0.10400000000000001,8.309488561590483
4,0.0,-0.5,0.1056,8.310926474312739
4,0.0,-0.5,0.1072,8.31235211193064
4,0.0,-0.5,0.10880000000000001,8.31376469775801
4,0.0,-0.5,0.11040000000000001,8.315163437407582
4,0.0,-0.5,0.112,8.316547520174048
4,0.0,-0.5,0.1136,8.317916120450095
4,0.0,-0.5,0.11520000000000001,8.319268399167122
4,0.0,-0.5,0.1168,8.320603505252734
4,0.0,-0.5,0.1184,8.32192057709753
4,0.0,-0.5,0.12000000000000001,8.32321874402405
4,0.0,-0.5,0.1216,8.324497127751377
4,0.0,-0.5,0.1232,8.325754843849158
4,0.0,-0.5,0.12480000000000001,8.326991003175443
4,0.0,-0.5,0.1264,8.328204713293141
4,0.0,-0.5,0.128,8.329395079860385
4,0.0,-0.5,0.1296,8.33056120799059
4,0.0,-0.5,0.1312,8.331702203578406
4,0.0,-0.5,0.1328,8.33281717458823
4,0.0,-0.5,0.13440000000000002,8.3339052323024
4,0.0,-0.5,0.136,8.334965492526518
4,0.0,-0.5,0.1376,8.33599707674984
4,0.0,-0.5,0.13920000000000002,8.336999113258958
4,0.0,-0.5,0.1408,8.337970738203374
4,0.0,-0.5,0.1424,8.3389110966119
4,0.0,-0.5,0.14400000000000002,8.339819343359098
4,0.0,-0.5,0.1456,8.340694644081253
4,0.0,-0.5,0.1472,8.341536176041648
4,0.0,-0.5,0.14880000000000002,8.342343128945123
4,0.0,-0.5,0.1504,8.343114705702115
4,0.0,-0.5,0.152,8.343850123142587
4,0.0,-0.5,0.15360000000000001,8.344548612680414
4,0.0,-0.5,0.1552,8.34520942092895
4,0.0,-0.5,0.1568,8.345831810268619
4,0.0,-0.5,0.1584,8.346415059367569
4,0.0,-0.5,0.16,8.346958463656414
4,0.0,-0.5,0.16160000000000002,8.347461335758304
4,0.0,-0.5,0.1632,8.347923005875522
4,0.0,-0.5,0.1648,8.348342822134
4,0.0,-0.5,0.16640000000000002,8.348720150887065
4,0.0,-0.5,0.168,8.34905437697987
4,0.0,-0.5,0.1696,8.349344903975961
4,0.0,-0.5,0.17120000000000002,8.349591154347422
4,0.0,-0.5,0.1728,8.34979256963013
4,0.0,-0.5,0.1744,8.349948610545564
4,0.0,-0.5,0.17600000000000002,8.35005875709069
4,0.0,-0.5,0.1776,8.35012250859743
4,0.0,-0.5,0.1792,8.350139383763128
4,0.0,-0.5,0.18080000000000002,8.350108920653541
4,0.0,-0.5,0.1824,8.350030676679744
4,0.0,-0.5,0.184,8.349904228550384
4,0.0,-0.5,0.18560000000000001,8.349729172200695
4,0.0,-0.5,0.1872,8.34950512269955
4,0.0,-0.5,0.1888,8.34923171413599
4,0.0,-0.5,0.1904,8.348908599486386
4,0.0,-0.5,0.192,8.348535450463606
4,0.0,-0.5,0.19360000000000002,8.34811195734933
4,0.0,-0.5,0.1952,8.347637828810692
4,0.0,-0.5,0.1968,8.347112791702425
4,0.0,-0.5,0.19840000000000002,8.34653659085555
4,0.0,-0.5,0.2,8.3459089888537
4,0.0,-0.5,0.2016,8.345229765798098
4,0.0,-0.5,0.20320000000000002,8.34449871906212
4,0.0,-0.5,0.2048,8.343715663036418
4,0.0,-0.5,0.2064,8.342880428865486
4,0.0,-0.5,0.20800000000000002,8.341992864176515
4,0.0,-0.5,0.2096,8.341052832801342
4,0.0,-0.5,0.2112,8.340060214492318
4,0.0,-0.5,0.21280000000000002,8.339014904632755
4,0.0,-0.5,0.2144,8.337916813942737
4,0.0,-0.5,0.216,8.336765868180919
4,0.0,-0.5,0.21760000000000002,8.335562007842938
4,0.0,-0.5,0.2192,8.334305187857074
4,0.0,-0.5,0.22080000000000002,8.332995377277689
4,0.0,-0.5,0.22240000000000001,8.331632558976999
4,0.0,-0.5,0.224,8.330216729335692
4,0.0,-0.5,0.22560000000000002,8.32874789793284
4,0.0,-0.5,0.2272,8.327226087235564
4,0.0,-0.5,0.2288,8.325651332288887
4,0.0,-0.5,0.23040000000000002,8.32402368040613
4,0.0,-0.5,0.232,8.322343190860272
4,0.0,-0.5,0.2336,8.320609934576545
4,0.0,-0.5,0.23520000000000002,8.31882399382666
4,0.0,-0.5,0.2368,8.316985461924892
4,0.0,-0.5,0.2384,8.315094442926357
4,0.0,-0.5,0.24000000000000002,8.313151051327685
4,0.0,-0.5,0.2416,8.311155411770361
4,0.0,-0.5,0.2432,8.309107658746942
4,0.0,-0.5,0.24480000000000002,8.30700793631034
4,0.0,-0.5,0.2464,8.30485639778634
4,0.0,-0.5,0.248,8.30265320548957
4,0.0,-0.5,0.24960000000000002,8.300398530443013
4,0.0,-0.5,0.25120000000000003,8.29809255210124
4,0.0,-0.5,0.2528,8.295735458077448
4,0.0,-0.5,0.2544,8.293327443874473
4,0.0,-0.5,0.256,8.2908687126198
4,0.0,-0.5,0.2576,8.28835947480471
4,0.0,-0.5,0.2592,8.285799948027627
4,0.0,-0.5,0.26080000000000003,8.283190356741697
4,0.0,-0.5,0.2624,8.280530932006721
4,0.0,-0.5,0.264,8.277821911245406
4,0.0,-0.5,0.2656,8.275063538004032
4,0.0,-0.5,0.2672,8.272256061717538
4,0.0,-0.5,0.26880000000000004,8.26939973747906
4,0.0,-0.5,0.27040000000000003,8.266494825813902
4,0.0,-0.5,0.272,8.263541592458012
4,0.0,-0.5,0.2736,8.260540308140879
4,0.0,-0.5,0.2752,8.257491248372927
4,0.0,-0.5,0.2768,8.254394693237346
4,0.0,-0.5,0.27840000000000004,8.251250927186357
4,0.0,-0.5,0.28,8.248060238841893
4,0.0,-0.5,0.2816,8.244822920800678
4,0.0,-0.5,0.2832,8.241539269443665
4,0.0,-0.5,0.2848,8.238209584749802
4,0.0,-0.5,0.2864,8.234834170114095
4,0.0,-0.5,0.28800000000000003,8.231413332169936
4,0.0,-0.5,0.2896,8.22794738061564
4,0.0,-0.5,0.2912,8.224436628045156
4,0.0,-0.5,0.2928,8.220881389782896
4,0.0,-0.5,0.2944,8.217281983722659
4,0.0,-0.5,0.29600000000000004,8.213638730170562
4,0.0,-0.5,0.29760000000000003,8.209951951691961
4,0.0,-0.5,0.2992,8.206221972962286
4,0.0,-0.5,0.3008,8.202449120621743
4,0.0,-0.5,0.3024,8.198633723133824
4,0.0,-0.5,0.304,8.194776110647572
4,0.0,-0.5,0.30560000000000004,8.190876614863539
4,0.0,-0.5,0.30720000000000003,8.186935568903383
4,0.0,-0.5,0.3088,8.182953307183034
4,0.0,-0.5,0.3104,8.178930165289378
4,0.0,-0.5,0.312,8.174866479860395
4,0.0,-0.5,0.3136,8.170762588468692
4,0.0,-0.5,0.31520000000000004,8.166618829508373
4,0.0,-0.5,0.3168,8.162435542085174
4,0.0,-0.5,0.3184,8.158213065909804
4,0.0,-0.5,0.32,8.153951741194449
4,0.0,-0.5,0.3216,8.149651908552359
4,0.0,-0.5,0.32320000000000004,8.14531390890045
4,0.0,-0.5,0.32480000000000003,8.140938083364892
4,0.0,-0.5,0.3264,8.136524773189588
4,0.0,-0.5,0.328,8.132074319647522
4,0.0,-0.5,0.3296,8.127587063954854
4,0.0,-0.5,0.3312,8.123063347187784
4,0.0,-0.5,0.33280000000000004,8.11850351020207
4,0.0,-0.5,0.33440000000000003,8.113907893555153
4,0.0,-0.5,0.336,8.109276837430842
4,0.0,-0.5,0.3376,8.104610681566502
4,0.0,-0.5,0.3392,8.099909765182666
4,0.0,-0.5,0.3408,8.095174426915058
4,0.0,-0.5,0.34240000000000004,8.090405004748936
4,0.0,-0.5,0.34400000000000003,8.085601835955705
4,0.0,-0.5,0.3456,8.080765257031771
4,0.0,-0.5,0.3472,8.075895603639553
4,0.0,-0.5,0.3488,8.070993210550627
4,0.0,-0.5,0.3504,8.066058411590932
4,0.0,-0.5,0.35200000000000004,8.061091539588
4,0.0,-0.5,0.3536,8.056092926320158
4,0.0,-0.5,0.3552,8.051062902467642
4,0.0,-0.5,0.3568,8.046001797565602
4,0.0,-0.5,0.3584,8.04090993995891
4,0.0,-0.5,0.36000000000000004,8.035787656758783
4,0.0,-0.5,0.36160000000000003,8.030635273801108
4,0.0,-0.5,0.3632,8.025453115606481
4,0.0,-0.5,0.3648,8.020241505341883
4,0.0,-0.5,0.3664,8.015000764783965
4,0.0,-0.5,0.368,8.009731214283901
4,0.0,-0.5,0.36960000000000004,8.004433172733755
4,0.0,-0.5,0.37120000000000003,7.999106957534333
4,0.0,-0.5,0.3728,7.993752884564472
4,0.0,-0.5,0.3744,7.988371268151748
4,0.0,-0.5,0.376,7.982962421044532
4,0.0,-0.5,0.3776,7.977526654385386
4,0.0,-0.5,0.37920000000000004,7.972064277685738
4,0.0,-0.5,0.3808,7.966575598801826
4,0.0,-0.5,0.3824,7.961060923911862
4,0.0,-0.5,0.384,7.955520557494374
4,0.0,-0.5,0.3856,7.9499548023077065
4,0.0,-0.5,0.38720000000000004,7.944363959370646
4,0.0,-0.5,0.38880000000000003,7.938748327944132
4,0.0,-0.5,0.3904,7.933108205514016
4,0.0,-0.5,0.392,7.9274438877748725
4,0.0,-0.5,0.3936,7.92175566861478
4,0.0,-0.5,0.3952,7.9160438401010875
4,0.0,-0.5,0.39680000000000004,7.910308692467114
4,0.0,-0.5,0.39840000000000003,7.904550514099758
4,0.0,-0.5,0.4,7.898769591527996
4,0.0,-0.5,0.4016,7.892966209412243
4,0.0,-0.5,0.4032,7.887140650534526
4,0.0,-0.5,0.4048,7.881293195789493
4,0.0,-0.5,0.40640000000000004,7.875424124176175
4,0.0,-0.5,0.40800000000000003,7.869533712790523
4,0.0,-0.5,0.4096,7.86362223681868
4,0.0,-0.5,0.4112,7.857689969530953
4,0.0,-0.5,0.4128,7.851737182276484
4,0.0,-0.5,0.41440000000000005,7.845764144478582
4,0.0,-0.5,0.41600000000000004,7.839771123630705
4,0.0,-0.5,0.4176,7.833758385293063
4,0.0,-0.5,0.4192,7.827726193089828
4,0.0,-0.5,0.4208,7.821674808706927
4,0.0,-0.5,0.4224,7.8156044918904035
4,0.0,-0.5,0.42400000000000004,7.809515500445324
4,0.0,-0.5,0.42560000000000003,7.803408090235211
4,0.0,-0.5,0.4272,7.797282515181994
4,0.0,-0.5,0.4288,7.79113902726644
4,0.0,-0.5,0.4304,7.7849778765290765
4,0.0,-0.5,0.432,7.778799311071564
4,0.0,-0.5,0.43360000000000004,7.772603577058515
4,0.0,-0.5,0.43520000000000003,7.766390918719743
4,0.0,-0.5,0.4368,7.760161578352923
4,0.0,-0.5,0.4384,7.753915796326651
4,0.0,-0.5,0.44,7.747653811083881
4,0.0,-0.5,0.44160000000000005,7.741375859145749
4,0.0,-0.5,0.44320000000000004,7.735082175115732
4,0.0,-0.5,0.44480000000000003,7.728772991684164
4,0.0,-0.5,0.4464,7.7224485396330795
4,0.0,-0.5,0.448,7.716109047841367
4,0.0,-0.5,0.4496,7.709754743290238
4,0.0,-0.5,0.45120000000000005,7.7033858510689805
4,0.0,-0.5,0.45280000000000004,7.697002594381006
4,0.0,-0.5,0.4544,7.6906051945501535
4,0.0,-0.5,0.456,7.684193871027257
4,0.0,-0.5,0.4576,7.677768841396968
4,0.0,-0.5,0.4592,7.671330321384811
4,0.0,-0.5,0.46080000000000004,7.664878524864473
4,0.0,-0.5,0.46240000000000003,7.658413663865297
4,0.0,-0.5,0.464,7.65193594858001
4,0.0,-0.5,0.4656,7.645445587372623
4,0.0,-0.5,0.4672,7.638942786786545
4,0.0,-0.5,0.46880000000000005,7.63242775155287
4,0.0,-0.5,0.47040000000000004,7.6259006845988315
4,0.0,-0.5,0.47200000000000003,7.61936178705644
4,0.0,-0.5,0.4736,7.612811258271258
4,0.0,-0.5,0.4752,7.606249295811343
4,0.0,-0.5,0.4768,7.5996760954763225
4,0.0,-0.5,0.47840000000000005,7.5930918513066095
4,0.0,-0.5,0.48000000000000004,7.58649675559274
4,0.0,-0.5,0.48160000000000003,7.579890998884843
4,0.0,-0.5,0.4832,7.573274770002215
4,0.0,-0.5,0.4848,7.566648256043006
4,0.0,-0.5,0.4864,7.56001164239401
4,0.0,-0.5,0.48800000000000004,7.553365112740552
4,0.0,-0.5,0.48960000000000004,7.546708849076463
4,0.0,-0.5,0.4912,7.540043031714134
4,0.0,-0.5,0.4928,7.533367839294666
4,0.0,-0.5,0.4944,7.526683448798073
4,0.0,-0.5,0.496,7.519990035553568
4,0.0,-0.5,0.49760000000000004,7.513287773249909
4,0.0,-0.5,0.49920000000000003,7.5065768339458
4,0.0,-0.5,0.5008,7.499857388080349
4,0.0,-0.5,0.5024000000000001,7.493129604483578
4,0.0,-0.5,0.504,7.486393650386969
4,0.0,-0.5,0.5056,7.479649691434064
4,0.0,-0.5,0.5072,7.472897891691089
4,0.0,-0.5,0.5088,7.466138413657616
4,0.0,-0.5,0.5104000000000001,7.459371418277258
4,0.0,-0.5,0.512,7.452597064948382
4,0.0,-0.5,0.5136000000000001,7.445815511534843
4,0.0,-0.5,0.5152,7.439026914376743
4,0.0,-0.5,0.5168,7.432231428301204
4,0.0,-0.5,0.5184,7.4254292066331375
4,0.0,-0.5,0.52,7.418620401206042
4,0.0,-0.5,0.5216000000000001,7.411805162372798
4,0.0,-0.5,0.5232,7.404983639016457
4,0.0,-0.5,0.5248,7.398155978561042
4,0.0,-0.5,0.5264,7.391322326982338
4,0.0,-0.5,0.528,7.384482828818676
4,0.0,-0.5,0.5296000000000001,7.377637627181715
4,0.0,-0.5,0.5312,7.370786863767202
4,0.0,-0.5,0.5328,7.363930678865727
4,0.0,-0.5,0.5344,7.3570692113734655
4,0.0,-0.5,0.536,7.350202598802884
4,0.0,-0.5,0.5376000000000001,7.343330977293451
4,0.0,-0.5,0.5392,7.336454481622313
4,0.0,-0.5,0.5408000000000001,7.32957324521494
4,0.0,-0.5,0.5424,7.322687400155754
4,0.0,-0.5,0.544,7.315797077198737
4,0.0,-0.5,0.5456,7.308902405777989
4,0.0,-0.5,0.5472,7.3020035140182715
4,0.0,-0.5,0.5488000000000001,7.295100528745517
4,0.0,-0.5,0.5504,7.288193575497292
4,0.0,-0.5,0.552,7.281282778533244
4,0.0,-0.5,0.5536,7.274368260845486
4,0.0,-0.5,0.5552,7.267450144168968
4,0.0,-0.5,0.5568000000000001,7.260528548991792
4,0.0,-0.5,0.5584,7.253603594565494
4,0.0,-0.5,0.56,7.246675398915278
4,0.0,-0.5,0.5616,7.2397440788502125
4,0.0,-0.5,0.5632,7.232809749973375
4,0.0,-0.5,0.5648000000000001,7.225872526691958
4,0.0,-0.5,0.5664,7.2189325222273295
4,0.0,-0.5,0.5680000000000001,7.211989848625036
4,0.0,-0.5,0.5696,7.205044616764769
4,0.0,-0.5,0.5712,7.198096936370274
4,0.0,-0.5,0.5728,7.191146916019213
4,0.0,-0.5,0.5744,7.184194663152979
4,0.0,-0.5,0.5760000000000001,7.177240284086451
4,0.0,-0.5,0.5776,7.170283884017703
4,0.0,-0.5,0.5792,7.163325567037662
4,0.0,-0.5,0.5808,7.156365436139705
4,0.0,-0.5,0.5824,7.149403593229211
4,0.0,-0.5,0.5840000000000001,7.14244013913305
4,0.0,-0.5,0.5856,7.13547517360902
4,0.0,-0.5,0.5872,7.128508795355235
4,0.0,-0.5,0.5888,7.121541102019446
4,0.0,-0.5,0.5904,7.11457219020831
4,0.0,-0.5,0.5920000000000001,7.107602155496609
4,0.0,-0.5,0.5936,7.100631092436401
4,0.0,-0.5,0.5952000000000001,7.093659094566118
4,0.0,-0.5,0.5968,7.086686254419611
4,0.0,-0.5,0.5984,7.079712663535128
4,0.0,-0.5,0.6,7.072738412464239
4,0.0,-0.5,0.6016,7.065763590780705
4,0.0,-0.5,0.6032000000000001,7.05878828708928
4,0.0,-0.5,0.6048,7.051812589034463
4,0.0,-0.5,0.6064,7.044836583309183
4,0.0,-0.5,0.608,7.037860355663434
4,0.0,-0.5,0.6096,7.03088399091284
4,0.0,-0.5,0.6112000000000001,7.023907572947166
4,0.0,-0.5,0.6128,7.0169311847387705
4,0.0,-0.5,0.6144000000000001,7.009954908351
4,0.0,-0.5,0.616,7.002978824946517
4,0.0,-0.5,0.6176,6.996003014795569
4,0.0,-0.5,0.6192000000000001,6.989027557284209
4,0.0,-0.5,0.6208,6.982052530922443
4,0.0,-0.5,0.6224000000000001,6.975078013352322
4,0.0,-0.5,0.624,6.9681040813559765
4,0.0,-0.5,0.6256,6.961130810863594
4,0.0,-0.5,0.6272,6.954158276961324
4,0.0,-0.5,0.6288,6.947186553899145
4,0.0,-0.5,0.6304000000000001,6.940215715098646
4,0.0,-0.5,0.632,6.933245833160774
4,0.0,-0.5,0.6336,6.9262769798735
4,0.0,-0.5,0.6352,6.91930922621945
4,0.0,-0.5,0.6368,6.912342642383449
4,0.0,-0.5,0.6384000000000001,6.90537729776003
4,0.0,-0.5,0.64,6.8984132609608695
4,0.0,-0.5,0.6416000000000001,6.891450599822176
4,0.0,-0.5,0.6432,6.88448938141201
4,0.0,-0.5,0.6448,6.877529672037552
4,0.0,-0.5,0.6464000000000001,6.870571537252309
4,0.0,-0.5,0.648,6.863615041863266
4,0.0,-0.5,0.6496000000000001,6.856660249937979
4,0.0,-0.5,0.6512,6.849707224811612
4,0.0,-0.5,0.6528,6.84275602909391
4,0.0,-0.5,0.6544,6.835806724676124
4,0.0,-0.5,0.656,6.82885937273788
4,0.0,-0.5,0.6576000000000001,6.82191403375398
4,0.0,-0.5,0.6592,6.814970767501157
4,0.0,-0.5,0.6608,6.808029633064772
4,0.0,-0.5,0.6624,6.801090688845456
4,0.0,-0.5,0.664,6.794153992565692
4,0.0,-0.5,0.6656000000000001,6.787219601276349
4,0.0,-0.5,0.6672,6.78028757136315
4,0.0,-0.5,0.6688000000000001,6.773357958553102
4,0.0,-0.5,0.6704,6.7664308179208525
4,0.0,-0.5,0.672,6.759506203895013
4,0.0,-0.5,0.6736000000000001,6.752584170264407
4,0.0,-0.5,0.6752,6.745664770184282
4,0.0,-0.5,0.6768000000000001,6.738748056182458
4,0.0,-0.5,0.6784,6.731834080165427
4,0.0,-0.5,0.68,6.7249228934244005
4,0.0,-0.5,0.6816,6.718014546641306
4,0.0,-0.5,0.6832,6.7111090898947205
4,0.0,-0.5,0.6848000000000001,6.704206572665773
4,0.0,-0.5,0.6864,6.697307043843976
4,0.0,-0.5,0.6880000000000001,6.690410551733016
4,0.0,-0.5,0.6896,6.683517144056492
4,0.0,-0.5,0.6912,6.676626867963603
4,0.0,-0.5,0.6928000000000001,6.669739770034783
4,0.0,-0.5,0.6944,6.662855896287291
4,0.0,-0.5,0.6960000000000001,6.655975292180747
4,0.0,-0.5,0.6976,6.649098002622623
4,0.0,-0.5,0.6992,6.642224071973684
4,0.0,-0.5,0.7008,6.635353544053374
4,0.0,-0.5,0.7024,6.628486462145169
4,0.0,-0.5,0.7040000000000001,6.6216228690018655
4,0.0,-0.5,0.7056,6.614762806850832
4,0.0,-0.5,0.7072,6.607906317399212
4,0.0,-0.5,0.7088,6.6010534418390705
4,0.0,-0.5,0.7104,6.594204220852516
4,0.0,-0.5,0.7120000000000001,6.587358694616753
4,0.0,-0.5,0.7136,6.580516902809095
4,0.0,-0.5,0.7152000000000001,6.573678884611945
4,0.0,-0.5,0.7168,6.5668446787177155
4,0.0,-0.5,0.7184,6.560014323333709
4,0.0,-0.5,0.7200000000000001,6.553187856186958
4,0.0,-0.5,0.7216,6.546365314529011
4,0.0,-0.5,0.7232000000000001,6.539546735140687
4,0.0,-0.5,0.7248,6.5327321543367765
4,0.0,-0.5,0.7264,6.525921607970706
4,0.0,-0.5,0.728,6.519115131439155
4,0.0,-0.5,0.7296,6.512312759686631
4,0.0,-0.5,0.7312000000000001,6.5055145272100035
4,0.0,-0.5,0.7328,6.498720468063004
4,0.0,-0.5,0.7344,6.491930615860667
4,0.0,-0.5,0.736,6.485145003783742
4,0.0,-0.5,0.7376,6.478363664583067
4,0.0,-0.5,0.7392000000000001,6.4715866305838885
4,0.0,-0.5,0.7408,6.4648139336901576
4,0.0,-0.5,0.7424000000000001,6.458045605388773
4,0.0,-0.5,0.744,6.45128167675379
4,0.0,-0.5,0.7456,6.4445221784505895
4,0.0,-0.5,0.7472000000000001,6.43776714074001
4,0.0,-0.5,0.7488,6.431016593482436
4,0.0,-0.5,0.7504000000000001,6.424270566141854
4,0.0,-0.5,0.752,6.417529087789866
4,0.0,-0.5,0.7536,6.410792187109665
4,0.0,-0.5,0.7552,6.40405989239998
4,0.0,-0.5,0.7568,6.397332231578972
4,0.0,-0.5,0.7584000000000001,6.3906092321881065
4,0.0,-0.5,0.76,6.383890921395979
4,0.0,-0.5,0.7616,6.37717732600211
4,0.0,-0.5,0.7632,6.370468472440706
4,0.0,-0.5,0.7648,6.3637643867843705
4,0.0,-0.5,0.7664000000000001,6.357065094747802
4,0.0,-0.5,0.768,6.350370621691441
4,0.0,-0.5,0.7696000000000001,6.34368099262509
4,0.0,-0.5,0.7712,6.3369962322114874
4,0.0,-0.5,0.7728,6.330316364769868
4,0.0,-0.5,0.7744000000000001,6.323641414279471
4,0.0,-0.5,0.776,6.316971404383019
4,0.0,-0.5,0.7776000000000001,6.310306358390175
4,0.0,-0.5,0.7792,6.303646299280949
4,0.0,-0.5,0.7808,6.296991249709082
4,0.0,-0.5,0.7824,6.2903412320054
4,0.0,-0.5,0.784,6.283696268181129
4,0.0,-0.5,0.7856000000000001,6.277056379931182
4,0.0,-0.5,0.7872,6.27042158863741
4,0.0,-0.5,0.7888000000000001,6.263791915371835
4,0.0,-0.5,0.7904,6.2571673808998325
4,0.0,-0.5,0.792,6.250548005683299
4,0.0,-0.5,0.7936000000000001,6.243933809883781
4,0.0,-0.5,0.7952,6.237324813365576
4,0.0,-0.5,0.7968000000000001,6.230721035698807
4,0.0,-0.5,0.7984,6.224122496162462
4,0.0,-0.5,0.8,6.217529213747404
4,0.0,-0.5,0.8016000000000001,6.210941207159356
4,0.0,-0.5,0.8032,6.204358494821861
4,0.0,-0.5,0.8048000000000001,6.197781094879199
4,0.0,-0.5,0.8064,6.191209025199289
4,0.0,-0.5,0.808,6.18464230337656
4,0.0,-0.5,0.8096,6.178080946734787
4,0.0,-0.5,0.8112,6.1715249723299115
4,0.0,-0.5,0.8128000000000001,6.164974396952826
4,0.0,-0.5,0.8144,6.158429237132132
4,0.0,-0.5,0.8160000000000001,6.151889509136872
4,0.0,-0.5,0.8176,6.145355228979243
4,0.0,-0.5,0.8192,6.138826412417266
4,0.0,-0.5,0.8208000000000001,6.132303074957449
4,0.0,-0.5,0.8224,6.125785231857412
4,0.0,-0.5,0.8240000000000001,6.119272898128486
4,0.0,-0.5,0.8256,6.112766088538295
4,0.0,-0.5,0.8272,6.106264817613301
4,0.0,-0.5,0.8288000000000001,6.099769099641344
4,0.0,-0.5,0.8304,6.093278948674131
4,0.0,-0.5,0.8320000000000001,6.086794378529721
4,0.0,-0.5,0.8336,6.080315402794971
4,0.0,-0.5,0.8352,6.073842034827978
4,0.0,-0.5,0.8368,6.067374287760476
4,0.0,-0.5,0.8384,6.060912174500218
4,0.0,-0.5,0.8400000000000001,6.054455707733337
4,0.0,-0.5,0.8416,6.048004899926686
4,0.0,-0.5,0.8432000000000001,6.04155976333014
4,0.0,-0.5,0.8448,6.0351203099788995
4,0.0,-0.5,0.8464,6.028686551695746
4,0.0,-0.5,0.8480000000000001,6.0222585000932956
4,0.0,-0.5,0.8496,6.015836166576218
4,0.0,-0.5,0.8512000000000001,6.009419562343438
4,0.0,-0.5,0.8528,6.003008698390318
4,0.0,-0.5,0.8544,5.996603585510818
4,0.0,-0.5,0.8560000000000001,5.990204234299623
4,0.0,-0.5,0.8576,5.983810655154268
4,0.0,-0.5,0.8592000000000001,5.977422858277232
4,0.0,-0.5,0.8608,5.971040853678009
4,0.0,-0.5,0.8624,5.964664651175164
4,0.0,-0.5,0.864,5.958294260398369
4,0.0,-0.5,0.8656,5.951929690790409
4,0.0,-0.5,0.8672000000000001,5.945570951609184
4,0.0,-0.5,0.8688,5.939218051929683
4,0.0,-0.5,0.8704000000000001,5.932871000645928
4,0.0,-0.5,0.872,5.926529806472923
4,0.0,-0.5,0.8736,5.920194477948559
4,0.0,-0.5,0.8752000000000001,5.91386502343552
4,0.0,-0.5,0.8768,5.9075414511231505
4,0.0,-0.5,0.8784000000000001,5.901223769029327
4,0.0,-0.5,0.88,5.89491198500229
4,0.0,-0.5,0.8816,5.888606106722474
4,0.0,-0.5,0.8832000000000001,5.882306141704307
4,0.0,-0.5,0.8848,5.8760120972979974
4,0.0,-0.5,0.8864000000000001,5.869723980691308
4,0.0,-0.5,0.888,5.863441798911305
4,0.0,-0.5,0.8896000000000001,5.857165558826088
4,0.0,-0.5,0.8912,5.850895267146515
4,0.0,-0.5,0.8928,5.844630930427898
4,0.0,-0.5,0.8944000000000001,5.838372555071683
4,0.0,-0.5,0.896,5.832120147327124
4,0.0,-0.5,0.8976000000000001,5.825873713292922
4,0.0,-0.5,0.8992,5.819633258918874
4,0.0,-0.5,0.9008,5.813398790007472
4,0.0,-0.5,0.9024000000000001,5.807170312215517
4,0.0,-0.5,0.904,5.800947831055696
4,0.0,-0.5,0.9056000000000001,5.79473135189816
4,0.0,-0.5,0.9072,5.788520879972065
4,0.0,-0.5,0.9088,5.782316420367122
4,0.0,-0.5,0.9104000000000001,5.776117978035113
4,0.0,-0.5,0.912,5.769925557791397
4,0.0,-0.5,0.9136000000000001,5.76373916431641
4,0.0,-0.5,0.9152,5.757558802157138
4,0.0,-0.5,0.9168000000000001,5.751384475728574
4,0.0,-0.5,0.9184,5.745216189315176
4,0.0,-0.5,0.92,5.739053947072296
4,0.0,-0.5,0.9216000000000001,5.732897753027597
4,0.0,-0.5,0.9232,5.726747611082462
4,0.0,-0.5,0.9248000000000001,5.720603525013383
4,0.0,-0.5,0.9264,5.7144654984733405
4,0.0,-0.5,0.928,5.708333534993161
4,0.0,-0.5,0.9296000000000001,5.702207637982874
4,0.0,-0.5,0.9312,5.696087810733039
4,0.0,-0.5,0.9328000000000001,5.689974056416082
4,0.0,-0.5,0.9344,5.683866378087588
4,0.0,-0.5,0.936,5.677764778687611
4,0.0,-0.5,0.9376000000000001,5.671669261041949
4,0.0,-0.5,0.9392,5.665579827863419
4,0.0,-0.5,0.9408000000000001,5.659496481753115
4,0.0,-0.5,0.9424,5.653419225201644
4,0.0,-0.5,0.9440000000000001,5.6473480605903745
4,0.0,-0.5,0.9456,5.641282990192643
4,0.0,-0.5,0.9472,5.6352240161749645
4,0.0,-0.5,0.9488000000000001,5.629171140598234
4,0.0,-0.5,0.9504,5.623124365418904
4,0.0,-0.5,0.9520000000000001,5.6170836924901595
4,0.0,-0.5,0.9536,5.611049123563076
4,0.0,-0.5,0.9552,5.605020660287768
4,0.0,-0.5,0.9568000000000001,5.598998304214531
4,0.0,-0.5,0.9584,5.592982056794956
4,0.0,-0.5,0.9600000000000001,5.586971919383055
4,0.0,-0.5,0.9616,5.5809678932363544
4,0.0,-0.5,0.9632000000000001,5.574969979516992
4,0.0,-0.5,0.9648,5.568978179292796
4,0.0,-0.5,0.9664,5.562992493538355
4,0.0,-0.5,0.9680000000000001,5.5570129231360745
4,0.0,-0.5,0.9696,5.551039468877229
4,0.0,-0.5,0.9712000000000001,5.545072131462997
4,0.0,-0.5,0.9728,5.5391109115054915
4,0.0,-0.5,0.9744,5.533155809528768
4,0.0,-0.5,0.9760000000000001,5.527206825969844
4,0.0,-0.5,0.9776,5.521263961179682
4,0.0,-0.5,0.9792000000000001,5.515327215424184
4,0.0,-0.5,0.9808,5.509396588885167
4,0.0,-0.5,0.9824,5.503472081661327
4,0.0,-0.5,0.9840000000000001,5.497553693769195
4,0.0,-0.5,0.9856,5.491641425144088
4,0.0,-0.5,0.9872000000000001,5.4857352756410425
4,0.0,-0.5,0.9888,5.479835245035742
4,0.0,-0.5,0.9904000000000001,5.473941333025438
4,0.0,-0.5,0.992,5.468053539229857
4,0.0,-0.5,0.9936,5.462171863192102
4,0.0,-0.5,0.9952000000000001,5.456296304379543
4,0.0,-0.5,0.9968,5.450426862184696
4,0.0,-0.5,0.9984000000000001,5.4445635359260995
4,0.0,-0.5,1.0,5.438706324849176
4,0.0,-0.5,1.0016,5.432855228127088
4,0.0,-0.5,1.0032,5.427010244861583
4,0.0,-0.5,1.0048000000000001,5.4211713740838325
4,0.0,-0.5,1.0064,5.415338614755263
4,0.0,-0.5,1.008,5.409511965768374
4,0.0,-0.5,1.0096,5.40369142594755
4,0.0,-0.5,1.0112,5.39787699404987
4,0.0,-0.5,1.0128000000000001,5.392068668765895
4,0.0,-0.5,1.0144,5.386266448720466
4,0.0,-0.5,1.016,5.380470332473474
4,0.0,-0.5,1.0176,5.374680318520641
4,0.0,-0.5,1.0192,5.368896405294275
4,0.0,-0.5,1.0208000000000002,5.363118591164034
4,0.0,-0.5,1.0224,5.357346874437672
4,0.0,-0.5,1.024,5.351581253361778
4,0.0,-0.5,1.0256,5.345821726122511
4,0.0,-0.5,1.0272000000000001,5.340068290846329
4,0.0,-0.5,1.0288000000000002,5.3343209456007
4,0.0,-0.5,1.0304,5.3285796883948215
4,0.0,-0.5,1.032,5.322844517180318
4,0.0,-0.5,1.0336,5.317115429851941
4,0.0,-0.5,1.0352000000000001,5.311392424248258
4,0.0,-0.5,1.0368,5.305675498152334
4,0.0,-0.5,1.0384,5.299964649292409
4,0.0,-0.5,1.04,5.294259875342566
4,0.0,-0.5,1.0416,5.28856117392339
4,0.0,-0.5,1.0432000000000001,5.2828685426026265
4,0.0,-0.5,1.0448,5.277181978895828
4,0.0,-0.5,1.0464,5.271501480266998
4,0.0,-0.5,1.048,5.265827044129225
4,0.0,-0.5,1.0496,5.260158667845306
4,0.0,-0.5,1.0512000000000001,5.2544963487283765
4,0.0,-0.5,1.0528,5.248840084042519
4,0.0,-0.5,1.0544,5.243189871003383
4,0.0,-0.5,1.056,5.237545706778775
4,0.0,-0.5,1.0576,5.231907588489263
4,0.0,-0.5,1.0592000000000001,5.226275513208769
4,0.0,-0.5,1.0608,5.220649477965147
4,0.0,-0.5,1.0624,5.215029479740769
4,0.0,-0.5,1.064,5.20941551547309
4,0.0,-0.5,1.0656,5.203807582055221
4,0.0,-0.5,1.0672000000000001,5.1982056763364906
4,0.0,-0.5,1.0688,5.192609795122996
4,0.0,-0.5,1.0704,5.187019935178153
4,0.0,-0.5,1.072,5.181436093223244
4,0.0,-0.5,1.0736,5.175858265937951
4,0.0,-0.5,1.0752000000000002,5.170286449960893
4,0.0,-0.5,1.0768,5.16472064189015
4,0.0,-0.5,1.0784,5.1591608382837855
4,0.0,-0.5,1.08,5.153607035660363
4,0.0,-0.5,1.0816000000000001,5.148059230499459
4,0.0,-0.5,1.0832000000000002,5.142517419242166
4,0.0,-0.5,1.0848,5.136981598291594
4,0.0,-0.5,1.0864,5.131451764013365
4,0.0,-0.5,1.088,5.125927912736106
4,0.0,-0.5,1.0896000000000001,5.120410040751934
4,0.0,-0.5,1.0912,5.114898144316928
4,0.0,-0.5,1.0928,5.109392219651619
4,0.0,-0.5,1.0944,5.103892262941446
4,0.0,-0.5,1.096,5.098398270337229
4,0.0,-0.5,1.0976000000000001,5.092910237955628
4,0.0,-0.5,1.0992,5.0874281618796
4,0.0,-0.5,1.1008,5.081952038158844
4,0.0,-0.5,1.1024,5.076481862810259
4,0.0,-0.5,1.104,5.071017631818371
4,0.0,-0.5,1.1056000000000001,5.065559341135784
4,0.0,-0.5,1.1072,5.060106986683602
4,0.0,-0.5,1.1088,5.054660564351865
4,0.0,-0.5,1.1104,5.049220069999966
4,0.0,-0.5,1.112,5.043785499457075
4,0.0,-0.5,1.1136000000000001,5.038356848522553
4,0.0,-0.5,1.1152,5.032934112966356
4,0.0,-0.5,1.1168,5.027517288529453
4,0.0,-0.5,1.1184,5.022106370924221
4,0.0,-0.5,1.12,5.016701355834839
4,0.0,-0.5,1.1216000000000002,5.0113022389176916
4,0.0,-0.5,1.1232,5.005909015801749
4,0.0,-0.5,1.1248,5.0005216820889595
4,0.0,-0.5,1.1264,4.995140233354625
4,0.0,-0.5,1.1280000000000001,4.989764665147783
4,0.0,-0.5,1.1296000000000002,4.984394972991581
4,0.0,-0.5,1.1312,4.979031152383639
4,0.0,-0.5,1.1328,4.973673198796423
4,0.0,-0.5,1.1344,4.968321107677601
4,0.0,-0.5,1.1360000000000001,4.962974874450405
4,0.0,-0.5,1.1376,4.957634494513985
4,0.0,-0.5,1.1392,4.952299963243757
4,0.0,-0.5,1.1408,4.946971275991753
4,0.0,-0.5,1.1424,4.9416484280869595
4,0.0,-0.5,1.1440000000000001,4.9363314148356645
4,0.0,-0.5,1.1456,4.931020231521788
4,0.0,-0.5,1.1472,4.9257148734072125
4,0.0,-0.5,1.1488,4.920415335732121
4,0.0,-0.5,1.1504,4.915121613715314
4,0.0,-0.5,1.1520000000000001,4.909833702554535
4,0.0,-0.5,1.1536,4.904551597426791
4,0.0,-0.5,1.1552,4.899275293488662
4,0.0,-0.5,1.1568,4.894004785876619
4,0.0,-0.5,1.1584,4.88874006970733
4,0.0,-0.5,1.1600000000000001,4.8834811400779685
4,0.0,-0.5,1.1616,4.878227992066511
4,0.0,-0.5,1.1632,4.872980620732038
4,0.0,-0.5,1.1648,4.867739021115033
4,0.0,-0.5,1.1664,4.8625031882376675
4,0.0,-0.5,1.1680000000000001,4.8572731171041
4,0.0,-0.5,1.1696,4.8520488027007564
4,0.0,-0.5,1.1712,4.846830239996617
4,0.0,-0.5,1.1728,4.841617423943493
4,0.0,-0.5,1.1744,4.836410349476308
4,0.0,-0.5,1.1760000000000002,4.831209011513371
4,0.0,-0.5,1.1776,4.826013404956644
4,0.0,-0.5,1.1792,4.820823524692021
4,0.0,-0.5,1.1808,4.815639365589585
4,0.0,-0.5,1.1824000000000001,4.8104609225038715
4,0.0,-0.5,1.1840000000000002,4.805288190274134
4,0.0,-0.5,1.1856,4.800121163724596
4,0.0,-0.5,1.1872,4.7949598376647105
4,0.0,-0.5,1.1888,4.789804206889408
4,0.0,-0.5,1.1904000000000001,4.784654266179348
4,0.0,-0.5,1.192,4.779510010301164
4,0.0,-0.5,1.1936,4.774371434007709
4,0.0,-0.5,1.1952,4.7692385320383
4,0.0,-0.5,1.1968,4.764111299118947
4,0.0,-0.5,1.1984000000000001,4.7589897299625985
4,0.0,-0.5,1.2,4.753873819269374
4,0.0,-0.5,1.2016,4.748763561726791
4,0.0,-0.5,1.2032,4.743658952009993
4,0.0,-0.5,1.2048,4.738559984781987
4,0.0,-0.5,1.2064000000000001,4.733466654693851
4,0.0,-0.5,1.208,4.728378956384968
4,0.0,-0.5,1.2096,4.723296884483236
4,0.0,-0.5,1.2112,4.7182204336052935
4,0.0,-0.5,1.2128,4.713149598356725
4,0.0,-0.5,1.2144000000000001,4.708084373332282
4,0.0,-0.5,1.216,4.703024753116083
4,0.0,-0.5,1.2176,4.697970732281829
4,0.0,-0.5,1.2192,4.692922305393004
4,0.0,-0.5,1.2208,4.68787946700308
4,0.0,-0.5,1.2224000000000002,4.682842211655715
4,0.0,-0.5,1.224,4.677810533884955
4,0.0,-0.5,1.2256,4.672784428215429
4,0.0,-0.5,1.2272,4.667763889162544
4,0.0,-0.5,1.2288000000000001,4.662748911232674
4,0.0,-0.5,1.2304000000000002,4.657739488923353
4,0.0,-0.5,1.232,4.652735616723463
4,0.0,-0.5,1.2336,4.647737289113419
4,0.0,-0.5,1.2352,4.6427445005653505
4,0.0,-0.5,1.2368000000000001,4.637757245543291
4,0.0,-0.5,1.2384000000000002,4.6327755185033475
4,0.0,-0.5,1.24,4.6277993138938855
4,0.0,-0.5,1.2416,4.622828626155704
4,0.0,-0.5,1.2432,4.617863449722208
4,0.0,-0.5,1.2448000000000001,4.612903779019578
4,0.0,-0.5,1.2464,4.607949608466949
4,0.0,-0.5,1.248,4.60300093247657
4,0.0,-0.5,1.2496,4.598057745453972
4,0.0,-0.5,1.2512,4.593120041798137
4,0.0,-0.5,1.2528000000000001,4.588187815901659
4,0.0,-0.5,1.2544,4.583261062150899
4,0.0,-0.5,1.256,4.578339774926154
4,0.0,-0.5,1.2576,4.573423948601807
4,0.0,-0.5,1.2592,4.568513577546487
4,0.0,-0.5,1.2608000000000001,4.563608656123224
4,0.0,-0.5,1.2624,4.558709178689594
4,0.0,-0.5,1.264,4.553815139597877
4,0.0,-0.5,1.2656,4.5489265331952025
4,0.0,-0.5,1.2672,4.544043353823698
4,0.0,-0.5,1.2688000000000001,4.539165595820634
4,0.0,-0.5,1.2704,4.53429325351857
4,0.0,-0.5,1.272,4.5294263212454915
4,0.0,-0.5,1.2736,4.5245647933249575
4,0.0,-0.5,1.2752000000000001,4.519708664076235
4,0.0,-0.5,1.2768000000000002,4.51485792781444
4,0.0,-0.5,1.2784,4.510012578850669
4,0.0,-0.5,1.28,4.505172611492139
4,0.0,-0.5,1.2816,4.500338020042316
4,0.0,-0.5,1.2832000000000001,4.495508798801051
4,0.0,-0.5,1.2848000000000002,4.490684942064704
4,0.0,-0.5,1.2864,4.48586644412628
4,0.0,-0.5,1.288,4.481053299275553
4,0.0,-0.5,1.2896,4.476245501799187
4,0.0,-0.5,1.2912000000000001,4.471443045980866
4,0.0,-0.5,1.2928000000000002,4.4666459261014175
4,0.0,-0.5,1.2944,4.461854136438929
4,0.0,-0.5,1.296,4.457067671268873
4,0.0,-0.5,1.2976,4.452286524864222
4,0.0,-0.5,1.2992000000000001,4.4475106914955695
4,0.0,-0.5,1.3008,4.4427401654312435
4,0.0,-0.5,1.3024,4.437974940937419
4,0.0,-0.5,1.304,4.433215012278239
4,0.0,-0.5,1.3056,4.42846037371592
4,0.0,-0.5,1.3072000000000001,4.423711019510862
4,0.0,-0.5,1.3088,4.418966943921764
4,0.0,-0.5,1.3104,4.414228141205728
4,0.0,-0.5,1.312,4.409494605618367
4,0.0,-0.5,1.3136,4.404766331413912
4,0.0,-0.5,1.3152000000000001,4.400043312845313
4,0.0,-0.5,1.3168,4.395325544164347
4,0.0,-0.5,1.3184,4.390613019621716
4,0.0,-0.5,1.32,4.385905733467155
4,0.0,-0.5,1.3216,4.38120367994952
4,0.0,-0.5,1.3232000000000002,4.376506853316897
4,0.0,-0.5,1.3248,4.371815247816698
4,0.0,-0.5,1.3264,4.36712885769575
4,0.0,-0.5,1.328,4.362447677200401
4,0.0,-0.5,1.3296000000000001,4.357771700576607
4,0.0,-0.5,1.3312000000000002,4.353100922070025
4,0.0,-0.5,1.3328,4.34843533592611
4,0.0,-0.5,1.3344,4.343774936390199
4,0.0,-0.5,1.336,4.339119717707607
4,0.0,-0.5,1.3376000000000001,4.334469674123713
4,0.0,-0.5,1.3392000000000002,4.3298247998840464
4,0.0,-0.5,1.3408,4.325185089234376
4,0.0,-0.5,1.3424,4.320550536420794
4,0.0,-0.5,1.344,4.315921135689802
4,0.0,-0.5,1.3456000000000001,4.311296881288393
4,0.0,-0.5,1.3472000000000002,4.306677767464137
4,0.0,-0.5,1.3488,4.302063788465258
4,0.0,-0.5,1.3504,4.297454938540718
4,0.0,-0.5,1.352,4.292851211940298
4,0.0,-0.5,1.3536000000000001,4.288252602914669
4,0.0,-0.5,1.3552,4.28365910571548
4,0.0,-0.5,1.3568,4.279070714595429
4,0.0,-0.5,1.3584,4.274487423808339
4,0.0,-0.5,1.36,4.269909227609236
4,0.0,-0.5,1.3616000000000001,4.265336120254419
4,0.0,-0.5,1.3632,4.260768096001537
4,0.0,-0.5,1.3648,4.2562051491096575
4,0.0,-0.5,1.3664,4.2516472738393425
4,0.0,-0.5,1.368,4.247094464452714
4,0.0,-0.5,1.3696000000000002,4.24254671521353
4,0.0,-0.5,1.3712,4.238004020387245
4,0.0,-0.5,1.3728,4.233466374241084
4,0.0,-0.5,1.3744,4.228933771044112
4,0.0,-0.5,1.3760000000000001,4.2244062050672895
4,0.0,-0.5,1.3776000000000002,4.219883670583552
4,0.0,-0.5,1.3792,4.2153661618678635
4,0.0,-0.5,1.3808,4.2108536731972865
4,0.0,-0.5,1.3824,4.206346198851043
4,0.0,-0.5,1.3840000000000001,4.201843733110575
4,0.0,-0.5,1.3856000000000002,4.197346270259612
4,0.0,-0.5,1.3872,4.192853804584224
4,0.0,-0.5,1.3888,4.1883663303728875
4,0.0,-0.5,1.3904,4.183883841916542
4,0.0,-0.5,1.3920000000000001,4.179406333508648
4,0.0,-0.5,1.3936000000000002,4.174933799445251
4,0.0,-0.5,1.3952,4.170466234025026
4,0.0,-0.5,1.3968,4.166003631549347
4,0.0,-0.5,1.3984,4.161545986322333
4,0.0,-0.5,1.4000000000000001,4.157093292650909
4,0.0,-0.5,1.4016,4.15264554484486
4,0.0,-0.5,1.4032,4.148202737216876
4,0.0,-0.5,1.4048,4.14376486408262
4,0.0,-0.5,1.4064,4.139331919760764
4,0.0,-0.5,1.4080000000000001,4.134903898573051
4,0.0,-0.5,1.4096,4.130480794844343
4,0.0,-0.5,1.4112,4.1260626029026675
4,0.0,-0.5,1.4128,4.121649317079277
4,0.0,-0.5,1.4144,4.117240931708685
4,0.0,-0.5,1.4160000000000001,4.112837441128723
4,0.0,-0.5,1.4176,4.108438839680585
4,0.0,-0.5,1.4192,4.104045121708876
4,0.0,-0.5,1.4208,4.099656281561655
4,0.0,-0.5,1.4224,4.095272313590484
4,0.0,-0.5,1.4240000000000002,4.0908932121504735
4,0.0,-0.5,1.4256,4.086518971600324
4,0.0,-0.5,1.4272,4.0821495863023705
4,0.0,-0.5,1.4288,4.07778505062263
4,0.0,-0.5,1.4304000000000001,4.073425358930837
4,0.0,-0.5,1.4320000000000002,4.0690705056004965
4,0.0,-0.5,1.4336,4.064720485008911
4,0.0,-0.5,1.4352,4.060375291537234
4,0.0,-0.5,1.4368,4.056034919570505
4,0.0,-0.5,1.4384000000000001,4.051699363497693
4,0.0,-0.5,1.4400000000000002,4.047368617711728
4,0.0,-0.5,1.4416,4.043042676609549
4,0.0,-0.5,1.4432,4.038721534592137
4,0.0,-0.5,1.4448,4.0344051860645544
4,0.0,-0.5,1.4464000000000001,4.030093625435985
4,0.0,-0.5,1.4480000000000002,4.025786847119763
4,0.0,-0.5,1.4496,4.021484845533417
4,0.0,-0.5,1.4512,4.017187615098704
4,0.0,-0.5,1.4528,4.012895150241643
4,0.0,-0.5,1.4544000000000001,4.008607445392547
4,0.0,-0.5,1.456,4.004324494986065
4,0.0,-0.5,1.4576,4.000046293461208
4,0.0,-0.5,1.4592,3.995772835261389
4,0.0,-0.5,1.4608,3.991504114834449
4,0.0,-0.5,1.4624000000000001,3.987240126632695
4,0.0,-0.5,1.464,3.982980865112928
4,0.0,-0.5,1.4656,3.978726324736478
4,0.0,-0.5,1.4672,3.9744764999692315
4,0.0,-0.5,1.4688,3.9702313852816644
4,0.0,-0.5,1.4704000000000002,3.9659909751488716
4,0.0,-0.5,1.472,3.9617552640505935
4,0.0,-0.5,1.4736,3.957524246471251
4,0.0,-0.5,1.4752,3.95329791689997
4,0.0,-0.5,1.4768000000000001,3.94907626983061
4,0.0,-0.5,1.4784000000000002,3.9448592997617955
4,0.0,-0.5,1.48,3.940647001196938
4,0.0,-0.5,1.4816,3.936439368644267
4,0.0,-0.5,1.4832,3.932236396616857
4,0.0,-0.5,1.4848000000000001,3.92803807963265
4,0.0,-0.5,1.4864000000000002,3.9238444122144855
4,0.0,-0.5,1.488,3.9196553888901224
4,0.0,-0.5,1.4896,3.915471004192268
4,0.0,-0.5,1.4912,3.911291252658598
4,0.0,-0.5,1.4928000000000001,3.907116128831786
4,0.0,-0.5,1.4944000000000002,3.902945627259523
4,0.0,-0.5,1.496,3.8987797424945434
4,0.0,-0.5,1.4976,3.894618469094647
4,0.0,-0.5,1.4992,3.890461801622723
4,0.0,-0.5,1.5008000000000001,3.8863097346467694
4,0.0,-0.5,1.5024000000000002,3.882162262739921
4,0.0,-0.5,1.504,3.8780193804804632
4,0.0,-0.5,1.5056,3.8738810824518617
4,0.0,-0.5,1.5072,3.869747363242776
4,0.0,-0.5,1.5088000000000001,3.865618217447086
4,0.0,-0.5,1.5104,3.8614936396639097
4,0.0,-0.5,1.512,3.8573736244976202
4,0.0,-0.5,1.5136,3.8532581665578713
4,0.0,-0.5,1.5152,3.849147260459614
4,0.0,-0.5,1.5168000000000001,3.845040900823116
4,0.0,-0.5,1.5184,3.840939082273977
4,0.0,-0.5,1.52,3.8368417994431527
4,0.0,-0.5,1.5216,3.8327490469669683
4,0.0,-0.5,1.5232,3.828660819487139
4,0.0,-0.5,1.5248000000000002,3.8245771116507865
4,0.0,-0.5,1.5264,3.820497918110455
4,0.0,-0.5,1.528,3.81642323352413
4,0.0,-0.5,1.5296,3.8123530525552543
4,0.0,-0.5,1.5312000000000001,3.8082873698727417
4,0.0,-0.5,1.5328000000000002,3.8042261801509976
4,0.0,-0.5,1.5344,3.8001694780699298
4,0.0,-0.5,1.536,3.7961172583149665
4,0.0,-0.5,1.5376,3.7920695155770727
4,0.0,-0.5,1.5392000000000001,3.788026244552761
4,0.0,-0.5,1.5408000000000002,3.7839874399441085
4,0.0,-0.5,1.5424,3.7799530964587715
4,0.0,-0.5,1.544,3.775923208809999
4,0.0,-0.5,1.5456,3.7718977717166458
4,0.0,-0.5,1.5472000000000001,3.7678767799031854
4,0.0,-0.5,1.5488000000000002,3.7638602280997246
4,0.0,-0.5,1.5504,3.759848111042017
4,0.0,-0.5,1.552,3.755840423471473
4,0.0,-0.5,1.5536,3.751837160135173
4,0.0,-0.5,1.5552000000000001,3.7478383157858826
4,0.0,-0.5,1.5568000000000002,3.7438438851820592
4,0.0,-0.5,1.5584,3.739853863087869
4,0.0,-0.5,1.56,3.735868244273194
4,0.0,-0.5,1.5616,3.731887023513646
4,0.0,-0.5,1.5632000000000001,3.727910195590576
4,0.0,-0.5,1.5648,3.7239377552910855
4,0.0,-0.5,1.5664,3.719969697408038
4,0.0,-0.5,1.568,3.7160060167400664
4,0.0,-0.5,1.5696,3.712046708091585
4,0.0,-0.5,1.5712000000000002,3.7080917662728003
4,0.0,-0.5,1.5728,3.7041411860997173
4,0.0,-0.5,1.5744,3.7001949623941526
4,0.0,-0.5,1.576,3.69625308998374
4,0.0,-0.5,1.5776000000000001,3.692315563701942
4,0.0,-0.5,1.5792000000000002,3.6883823783880563
4,0.0,-0.5,1.5808,3.684453528887227
4,0.0,-0.5,1.5824,3.68052901005045
4,0.0,-0.5,1.584,3.6766088167345834
4,0.0,-0.5,1.5856000000000001,3.6726929438023532
4,0.0,-0.5,1.5872000000000002,3.6687813861223626
4,0.0,-0.5,1.5888,3.6648741385690995
4,0.0,-0.5,1.5904,3.660971196022942
4,0.0,-0.5,1.592,3.657072553370167
4,0.0,-0.5,1.5936000000000001,3.653178205502957
4,0.0,-0.5,1.5952000000000002,3.6492881473194063
4,0.0,-0.5,1.5968,3.645402373723527
4,0.0,-0.5,1.5984,3.641520879625257
4,0.0,-0.5,1.6,3.6376436599404633
4,0.0,-0.5,1.6016000000000001,3.6337707095909524
4,0.0,-0.5,1.6032000000000002,3.629902023504471
4,0.0,-0.5,1.6048,3.6260375966147147
4,0.0,-0.5,1.6064,3.622177423861333
4,0.0,-0.5,1.608,3.6183215001899325
4,0.0,-0.5,1.6096000000000001,3.6144698205520855
4,0.0,-0.5,1.6112000000000002,3.6106223799053323
4,0.0,-0.5,1.6128,3.606779173213186
4,0.0,-0.5,1.6144,3.6029401954451385
4,0.0,-0.5,1.616,3.5991054415766635
4,0.0,-0.5,1.6176000000000001,3.5952749065892213
4,0.0,-0.5,1.6192,3.591448585470263
4,0.0,-0.5,1.6208,3.5876264732132346
4,0.0,-0.5,1.6224,3.5838085648175793
4,0.0,-0.5,1.624,3.579994855288743
4,0.0,-0.5,1.6256000000000002,3.5761853396381764
4,0.0,-0.5,1.6272,3.5723800128833396
4,0.0,-0.5,1.6288,3.5685788700477037
4,0.0,-0.5,1.6304,3.564781906160755
4,0.0,-0.5,1.6320000000000001,3.5609891162579967
4,0.0,-0.5,1.6336000000000002,3.5572004953809526
4,0.0,-0.5,1.6352,3.553416038577171
4,0.0,-0.5,1.6368,3.549635740900223
4,0.0,-0.5,1.6384,3.5458595974097076
4,0.0,-0.5,1.6400000000000001,3.542087603171255
4,0.0,-0.5,1.6416000000000002,3.5383197532565265
4,0.0,-0.5,1.6432,3.5345560427432163
4,0.0,-0.5,1.6448,3.5307964667150546
4,0.0,-0.5,1.6464,3.5270410202618083
4,0.0,-0.5,1.6480000000000001,3.523289698479283
4,0.0,-0.5,1.6496000000000002,3.519542496469323
4,0.0,-0.5,1.6512,3.5157994093398157
4,0.0,-0.5,1.6528,3.512060432204688
4,0.0,-0.5,1.6544,3.508325560183912
4,0.0,-0.5,1.6560000000000001,3.5045947884035025
4,0.0,-0.5,1.6576000000000002,3.5008681119955183
4,0.0,-0.5,1.6592,3.4971455260980657
4,0.0,-0.5,1.6608,3.4934270258552953
4,0.0,-0.5,1.6624,3.4897126064174038
4,0.0,-0.5,1.6640000000000001,3.4860022629406346
4,0.0,-0.5,1.6656,3.482295990587277
4,0.0,-0.5,1.6672,3.478593784525667
4,0.0,-0.5,1.6688,3.4748956399301894
4,0.0,-0.5,1.6704,3.471201551981272
4,0.0,-0.5,1.6720000000000002,3.4675115158653895
4,0.0,-0.5,1.6736,3.463825526775063
4,0.0,-0.5,1.6752,3.4601435799088596
4,0.0,-0.5,1.6768,3.4564656704713883
4,0.0,-0.5,1.6784000000000001,3.452791793673304
4,0.0,-0.5,1.6800000000000002,3.4491219447313033
4,0.0,-0.5,1.6816,3.4454561188681248
4,0.0,-0.5,1.6832,3.441794311312551
4,0.0,-0.5,1.6848,3.4381365172994003
4,0.0,-0.5,1.6864000000000001,3.4344827320695304
4,0.0,-0.5,1.6880000000000002,3.4308329508698394
4,0.0,-0.5,1.6896,3.4271871689532585
4,0.0,-0.5,1.6912,3.4235453815787547
4,0.0,-0.5,1.6928,3.4199075840113276
4,0.0,-0.5,1.6944000000000001,3.416273771522008
4,0.0,-0.5,1.6960000000000002,3.412643939387856
4,0.0,-0.5,1.6976,3.4090180828919596
4,0.0,-0.5,1.6992,3.405396197323432
4,0.0,-0.5,1.7008,3.40177827797741
4,0.0,-0.5,1.7024000000000001,3.3981643201550527
4,0.0,-0.5,1.7040000000000002,3.3945543191635377
4,0.0,-0.5,1.7056,3.3909482703160596
4,0.0,-0.5,1.7072,3.387346168931828
4,0.0,-0.5,1.7088,3.383748010336065
4,0.0,-0.5,1.7104000000000001,3.380153789860001
4,0.0,-0.5,1.7120000000000002,3.3765635028408747
4,0.0,-0.5,1.7136,3.3729771446219283
4,0.0,-0.5,1.7152,3.3693947105524065
4,0.0,-0.5,1.7168,3.365816195987552
4,0.0,-0.5,1.7184000000000001,3.362241596288603
4,0.0,-0.5,1.72,3.3586709068227916
4,0.0,-0.5,1.7216,3.355104122963339
4,0.0,-0.5,1.7232,3.351541240089453
4,0.0,-0.5,1.7248,3.3479822535863244
4,0.0,-0.5,1.7264000000000002,3.3444271588451246
4,0.0,-0.5,1.728,3.340875951263002
4,0.0,-0.5,1.7296,3.3373286262430777
4,0.0,-0.5,1.7312,3.3337851791944435
4,0.0,-0.5,1.7328000000000001,3.330245605532156
4,0.0,-0.5,1.7344000000000002,3.3267099006772365
4,0.0,-0.5,1.736,3.323178060056663
4,0.0,-0.5,1.7376,3.3196500791033707
4,0.0,-0.5,1.7392,3.316125953256245
4,0.0,-0.5,1.7408000000000001,3.3126056779601187
4,0.0,-0.5,1.7424000000000002,3.3090892486657695
4,0.0,-0.5,1.744,3.3055766608299133
4,0.0,-0.5,1.7456,3.302067909915203
4,0.0,-0.5,1.7472,3.2985629913902215
4,0.0,-0.5,1.7488000000000001,3.2950619007294786
4,0.0,-0.5,1.7504000000000002,3.2915646334134085
4,0.0,-0.5,1.752,3.288071184928364
4,0.0,-0.5,1.7536,3.284581550766611
4,0.0,-0.5,1.7552,3.281095726426327
4,0.0,-0.5,1.7568000000000001,3.277613707411594
4,0.0,-0.5,1.7584000000000002,3.274135489232394
4,0.0,-0.5,1.76,3.2706610674046064
4,0.0,-0.5,1.7616,3.267190437450003
4,0.0,-0.5,1.7632,3.263723594896242
4,0.0,-0.5,1.7648000000000001,3.2602605352768643
4,0.0,-0.5,1.7664000000000002,3.2568012541312874
4,0.0,-0.5,1.768,3.2533457470048024
4,0.0,-0.5,1.7696,3.249894009448569
4,0.0,-0.5,1.7712,3.2464460370196084
4,0.0,-0.5,1.7728000000000002,3.243001825280801
4,0.0,-0.5,1.7744,3.23956136980088
4,0.0,-0.5,1.776,3.236124666154425
4,0.0,-0.5,1.7776,3.2326917099218613
4,0.0,-0.5,1.7792000000000001,3.229262496689449
4,0.0,-0.5,1.7808000000000002,3.225837022049283
4,0.0,-0.5,1.7824,3.2224152815992837
4,0.0,-0.5,1.784,3.218997270943195
4,0.0,-0.5,1.7856,3.2155829856905758
4,0.0,-0.5,1.7872000000000001,3.212172421456798
4,0.0,-0.5,1.7888000000000002,3.2087655738630376
4,0.0,-0.5,1.7904,3.2053624385362736
4,0.0,-0.5,1.792,3.201963011109276
4,0.0,-0.5,1.7936,3.198567287220608
4,0.0,-0.5,1.7952000000000001,3.195175262514615
4,0.0,-0.5,1.7968000000000002,3.19178693264142
4,0.0,-0.5,1.7984,3.188402293256921
4,0.0,-0.5,1.8,3.18502134002278
4,0.0,-0.5,1.8016,3.1816440686064222
4,0.0,-0.5,1.8032000000000001,3.1782704746810273
4,0.0,-0.5,1.8048000000000002,3.174900553925526
4,0.0,-0.5,1.8064,3.171534302024591
4,0.0,-0.5,1.808,3.168171714668634
4,0.0,-0.5,1.8096,3.1648127875537986
4,0.0,-0.5,1.8112000000000001,3.161457516381955
4,0.0,-0.5,1.8128000000000002,3.158105896860693
4,0.0,-0.5,1.8144,3.1547579247033184
4,0.0,-0.5,1.816,3.1514135956288425
4,0.0,-0.5,1.8176,3.1480729053619805
4,0.0,-0.5,1.8192000000000002,3.1447358496331446
4,0.0,-0.5,1.8208000000000002,3.1414024241784344
4,0.0,-0.5,1.8224,3.1380726247396358
4,0.0,-0.5,1.824,3.1347464470642112
4,0.0,-0.5,1.8256000000000001,3.131423886905295
4,0.0,-0.5,1.8272000000000002,3.128104940021686
4,0.0,-0.5,1.8288,3.1247896021778434
4,0.0,-0.5,1.8304,3.121477869143879
4,0.0,-0.5,1.832,3.1181697366955508
4,0.0,-0.5,1.8336000000000001,3.114865200614256
4,0.0,-0.5,1.8352000000000002,3.1115642566870267
4,0.0,-0.5,1.8368,3.1082669007065227
4,0.0,-0.5,1.8384,3.1049731284710234
4,0.0,-0.5,1.84,3.101682935784424
4,0.0,-0.5,1.8416000000000001,3.0983963184562278
4,0.0,-0.5,1.8432000000000002,3.0951132723015395
4,0.0,-0.5,1.8448,3.091833793141058
4,0.0,-0.5,1.8464,3.0885578768010724
4,0.0,-0.5,1.848,3.0852855191134525
4,0.0,-0.5,1.8496000000000001,3.082016715915645
4,0.0,-0.5,1.8512000000000002,3.078751463050664
4,0.0,-0.5,1.8528,3.0754897563670878
4,0.0,-0.5,1.8544,3.072231591719048
4,0.0,-0.5,1.856,3.068976964966228
4,0.0,-0.5,1.8576000000000001,3.065725871973851
4,0.0,-0.5,1.8592000000000002,3.0624783086126777
4,0.0,-0.5,1.8608,3.0592342707589957
4,0.0,-0.5,1.8624,3.055993754294618
4,0.0,-0.5,1.864,3.05275675510687
4,0.0,-0.5,1.8656000000000001,3.049523269088588
4,0.0,-0.5,1.8672000000000002,3.0462932921381083
4,0.0,-0.5,1.8688,3.043066820159264
4,0.0,-0.5,1.8704,3.0398438490613757
4,0.0,-0.5,1.872,3.036624374759246
4,0.0,-0.5,1.8736000000000002,3.033408393173152
4,0.0,-0.5,1.8752000000000002,3.030195900228838
4,0.0,-0.5,1.8768,3.0269868918575096
4,0.0,-0.5,1.8784,3.023781363995827
4,0.0,-0.5,1.8800000000000001,3.020579312585896
4,0.0,-0.5,1.8816000000000002,3.017380733575265
4,0.0,-0.5,1.8832,3.014185622916913
4,0.0,-0.5,1.8848,3.0109939765692464
4,0.0,-0.5,1.8864,3.007805790496092
4,0.0,-0.5,1.8880000000000001,3.0046210606666874
4,0.0,-0.5,1.8896000000000002,3.001439783055676
4,0.0,-0.5,1.8912,2.998261953643099
4,0.0,-0.5,1.8928,2.9950875684143896
4,0.0,-0.5,1.8944,2.991916623360366
4,0.0,-0.5,1.8960000000000001,2.9887491144772222
4,0.0,-0.5,1.8976000000000002,2.985585037766523
4,0.0,-0.5,1.8992,2.982424389235197
4,0.0,-0.5,1.9008,2.979267164895527
4,0.0,-0.5,1.9024,2.976113360765147
4,0.0,-0.5,1.9040000000000001,2.9729629728670304
4,0.0,-0.5,1.9056000000000002,2.969815997229489
4,0.0,-0.5,1.9072,2.9666724298861578
4,0.0,-0.5,1.9088,2.9635322668759962
4,0.0,-0.5,1.9104,2.9603955042432744
4,0.0,-0.5,1.9120000000000001,2.9572621380375694
4,0.0,-0.5,1.9136000000000002,2.954132164313759
4,0.0,-0.5,1.9152,2.9510055791320107
4,0.0,-0.5,1.9168,2.947882378557778
4,0.0,-0.5,1.9184,2.944762558661791
4,0.0,-0.5,1.9200000000000002,2.941646115520051
4,0.0,-0.5,1.9216000000000002,2.938533045213822
4,0.0,-0.5,1.9232,2.9354233438296258
4,0.0,-0.5,1.9248,2.9323170074592304
4,0.0,-0.5,1.9264000000000001,2.929214032199647
4,0.0,-0.5,1.9280000000000002,2.9261144141531195
4,0.0,-0.5,1.9296,2.923018149427121
4,0.0,-0.5,1.9312,2.919925234134343
4,0.0,-0.5,1.9328,2.916835664392691
4,0.0,-0.5,1.9344000000000001,2.9137494363252743
4,0.0,-0.5,1.9360000000000002,2.910666546060402
4,0.0,-0.5,1.9376,2.907586989731574
4,0.0,-0.5,1.9392,2.904510763477471
4,0.0,-0.5,1.9408,2.901437863441955
4,0.0,-0.5,1.9424000000000001,2.8983682857740516
4,0.0,-0.5,1.9440000000000002,2.895302026627953
4,0.0,-0.5,1.9456,2.8922390821630044
4,0.0,-0.5,1.9472,2.889179448543697
4,0.0,-0.5,1.9488,2.8861231219396624
4,0.0,-0.5,1.9504000000000001,2.883070098525667
4,0.0,-0.5,1.9520000000000002,2.8800203744816
4,0.0,-0.5,1.9536,2.87697394599247
4,0.0,-0.5,1.9552,2.8739308092483973
4,0.0,-0.5,1.9568,2.870890960444603
4,0.0,-0.5,1.9584000000000001,2.867854395781408
4,0.0,-0.5,1.9600000000000002,2.8648211114642192
4,0.0,-0.5,1.9616,2.8617911037035264
4,0.0,-0.5,1.9632,2.8587643687148936
4,0.0,-0.5,1.9648,2.8557409027189524
4,0.0,-0.5,1.9664000000000001,2.8527207019413927
4,0.0,-0.5,1.9680000000000002,2.849703762612958
4,0.0,-0.5,1.9696,2.8466900809694358
4,0.0,-0.5,1.9712,2.843679653251653
4,0.0,-0.5,1.9728,2.8406724757054658
4,0.0,-0.5,1.9744000000000002,2.8376685445817524
4,0.0,-0.5,1.9760000000000002,2.83466785613641
4,0.0,-0.5,1.9776,2.83167040663034
4,0.0,-0.5,1.9792,2.8286761923294486
4,0.0,-0.5,1.9808000000000001,2.825685209504635
4,0.0,-0.5,1.9824000000000002,2.8226974544317835
4,0.0,-0.5,1.984,2.819712923391759
4,0.0,-0.5,1.9856,2.8167316126703983
4,0.0,-0.5,1.9872,2.8137535185585016
4,0.0,-0.5,1.9888000000000001,2.8107786373518278
4,0.0,-0.5,1.9904000000000002,2.807806965351084
4,0.0,-0.5,1.992,2.8048384988619217
4,0.0,-0.5,1.9936,2.8018732341949266
4,0.0,-0.5,1.9952,2.798911167665613
4,0.0,-0.5,1.9968000000000001,2.795952295594416
4,0.0,-0.5,1.9984000000000002,2.792996614306683
4,0.0,-0.5,2.0,2.7900441201326682
4,0.0,-0.5,2.0016000000000003,2.787094809407525
4,0.0,-0.5,2.0032,2.7841486784712983
4,0.0,-0.5,2.0048,2.781205723668916
4,0.0,-0.5,2.0064,2.778265941350183
4,0.0,-0.5,2.008,2.775329327869775
4,0.0,-0.5,2.0096000000000003,2.7723958795872288
4,0.0,-0.5,2.0112,2.769465592866937
4,0.0,-0.5,2.0128,2.7665384640781396
4,0.0,-0.5,2.0144,2.763614489594917
4,0.0,-0.5,2.016,2.760693665796182
4,0.0,-0.5,2.0176000000000003,2.7577759890656743
4,0.0,-0.5,2.0192,2.754861455791952
4,0.0,-0.5,2.0208,2.7519500623683832
4,0.0,-0.5,2.0224,2.7490418051931416
4,0.0,-0.5,2.024,2.746136680669196
4,0.0,-0.5,2.0256000000000003,2.743234685204307
4,0.0,-0.5,2.0272,2.740335815211015
4,0.0,-0.5,2.0288,2.737440067106637
4,0.0,-0.5,2.0304,2.7345474373132572
4,0.0,-0.5,2.032,2.7316579222577198
4,0.0,-0.5,2.0336000000000003,2.728771518371623
4,0.0,-0.5,2.0352,2.72588822209131
4,0.0,-0.5,2.0368,2.7230080298578643
4,0.0,-0.5,2.0384,2.720130938117098
4,0.0,-0.5,2.04,2.7172569433195513
4,0.0,-0.5,2.0416000000000003,2.7143860419204784
4,0.0,-0.5,2.0432,2.711518230379845
4,0.0,-0.5,2.0448,2.7086535051623186
4,0.0,-0.5,2.0464,2.705791862737262
4,0.0,-0.5,2.048,2.7029332995787274
4,0.0,-0.5,2.0496000000000003,2.700077812165447
4,0.0,-0.5,2.0512,2.6972253969808273
4,0.0,-0.5,2.0528,2.69437605051294
4,0.0,-0.5,2.0544000000000002,2.691529769254519
4,0.0,-0.5,2.056,2.688686549702948
4,0.0,-0.5,2.0576000000000003,2.6858463883602566
4,0.0,-0.5,2.0592,2.683009281733114
4,0.0,-0.5,2.0608,2.680175226332817
4,0.0,-0.5,2.0624000000000002,2.6773442186752883
4,0.0,-0.5,2.064,2.6745162552810666
4,0.0,-0.5,2.0656,2.6716913326752993
4,0.0,-0.5,2.0672,2.6688694473877375
4,0.0,-0.5,2.0688,2.6660505959527265
4,0.0,-0.5,2.0704000000000002,2.6632347749091987
4,0.0,-0.5,2.072,2.6604219808006686
4,0.0,-0.5,2.0736,2.657612210175224
4,0.0,-0.5,2.0752,2.6548054595855195
4,0.0,-0.5,2.0768,2.65200172558877
4,0.0,-0.5,2.0784000000000002,2.64920100474674
4,0.0,-0.5,2.08,2.646403293625743
4,0.0,-0.5,2.0816,2.6436085887966287
4,0.0,-0.5,2.0832,2.6408168868347777
4,0.0,-0.5,2.0848,2.638028184320097
4,0.0,-0.5,2.0864000000000003,2.635242477837007
4,0.0,-0.5,2.088,2.632459763974443
4,0.0,-0.5,2.0896,2.629680039325839
4,0.0,-0.5,2.0912,2.6269033004891273
4,0.0,-0.5,2.0928,2.6241295440667285
4,0.0,-0.5,2.0944000000000003,2.621358766665545
4,0.0,-0.5,2.096,2.6185909648969545
4,0.0,-0.5,2.0976,2.6158261353768015
4,0.0,-0.5,2.0992,2.6130642747253936
4,0.0,-0.5,2.1008,2.6103053795674906
4,0.0,-0.5,2.1024000000000003,2.6075494465322993
4,0.0,-0.5,2.104,2.604796472253467
4,0.0,-0.5,2.1056,2.6020464533690744
4,0.0,-0.5,2.1072,2.599299386521627
4,0.0,-0.5,2.1088,2.59655526835805
4,0.0,-0.5,2.1104000000000003,2.593814095529681
4,0.0,-0.5,2.112,2.5910758646922636
4,0.0,-0.5,2.1136,2.5883405725059374
4,0.0,-0.5,2.1152,2.5856082156352356
4,0.0,-0.5,2.1168,2.582878790749074
4,0.0,-0.5,2.1184000000000003,2.580152294520748
4,0.0,-0.5,2.12,2.577428723627921
4,0.0,-0.5,2.1216,2.5747080747526234
4,0.0,-0.5,2.1232,2.571990344581239
4,0.0,-0.5,2.1248,2.569275529804504
4,0.0,-0.5,2.1264000000000003,2.566563627117498
4,0.0,-0.5,2.128,2.5638546332196346
4,0.0,-0.5,2.1296,2.561148544814659
4,0.0,-0.5,2.1312,2.558445358610638
4,0.0,-0.5,2.1328,2.555745071319954
4,0.0,-0.5,2.1344000000000003,2.5530476796592994
4,0.0,-0.5,2.136,2.5503531803496675
4,0.0,-0.5,2.1376,2.547661570116348
4,0.0,-0.5,2.1392,2.5449728456889185
4,0.0,-0.5,2.1408,2.5422870038012384
4,0.0,-0.5,2.1424000000000003,2.539604041191443
4,0.0,-0.5,2.144,2.536923954601933
4,0.0,-0.5,2.1456,2.5342467407793743
4,0.0,-0.5,2.1472,2.5315723964746852
4,0.0,-0.5,2.1488,2.528900918443033
4,0.0,-0.5,2.1504000000000003,2.5262323034438245
4,0.0,-0.5,2.152,2.5235665482407033
4,0.0,-0.5,2.1536,2.5209036496015385
4,0.0,-0.5,2.1552000000000002,2.518243604298423
4,0.0,-0.5,2.1568,2.5155864091076614
4,0.0,-0.5,2.1584000000000003,2.5129320608097676
4,0.0,-0.5,2.16,2.5102805561894552
4,0.0,-0.5,2.1616,2.5076318920356337
4,0.0,-0.5,2.1632000000000002,2.504986065141399
4,0.0,-0.5,2.1648,2.5023430723040287
4,0.0,-0.5,2.1664000000000003,2.499702910324975
4,0.0,-0.5,2.168,2.4970655760098577
4,0.0,-0.5,2.1696,2.4944310661684566
4,0.0,-0.5,2.1712000000000002,2.491799377614707
4,0.0,-0.5,2.1728,2.4891705071666923
4,0.0,-0.5,2.1744,2.486544451646637
4,0.0,-0.5,2.176,2.483921207880899
4,0.0,-0.5,2.1776,2.481300772699967
4,0.0,-0.5,2.1792000000000002,2.4786831429384493
4,0.0,-0.5,2.1808,2.476068315435069
4,0.0,-0.5,2.1824,2.473456287032659
4,0.0,-0.5,2.184,2.470847054578154
4,0.0,-0.5,2.1856,2.468240614922582
4,0.0,-0.5,2.1872000000000003,2.465636964921063
4,0.0,-0.5,2.1888,2.463036101432796
4,0.0,-0.5,2.1904,2.46043802132106
4,0.0,-0.5,2.192,2.457842721453199
4,0.0,-0.5,2.1936,2.4552501987006226
4,0.0,-0.5,2.1952000000000003,2.4526604499387954
4,0.0,-0.5,2.1968,2.450073472047234
4,0.0,-0.5,2.1984,2.4474892619094963
4,0.0,-0.5,2.2,2.4449078164131777
4,0.0,-0.5,2.2016,2.4423291324499043
4,0.0,-0.5,2.2032000000000003,2.439753206915328
4,0.0,-0.5,2.2048,2.4371800367091163
4,0.0,-0.5,2.2064,2.434609618734949
4,0.0,-0.5,2.208,2.4320419499005106
4,0.0,-0.5,2.2096,2.4294770271174837
4,0.0,-0.5,2.2112000000000003,2.4269148473015445
4,0.0,-0.5,2.2128,2.424355407372354
4,0.0,-0.5,2.2144,2.4217987042535527
4,0.0,-0.5,2.216,2.4192447348727555
4,0.0,-0.5,2.2176,2.416693496161542
4,0.0,-0.5,2.2192000000000003,2.4141449850554535
4,0.0,-0.5,2.2208,2.411599198493986
4,0.0,-0.5,2.2224,2.4090561334205822
4,0.0,-0.5,2.224,2.406515786782626
4,0.0,-0.5,2.2256,2.403978155531439
4,0.0,-0.5,2.2272000000000003,2.401443236622269
4,0.0,-0.5,2.2288,2.398911027014288
4,0.0,-0.5,2.2304,2.396381523670585
4,0.0,-0.5,2.232,2.3938547235581566
4,0.0,-0.5,2.2336,2.3913306236479066
4,0.0,-0.5,2.2352000000000003,2.388809220914635
4,0.0,-0.5,2.2368,2.386290512337033
4,0.0,-0.5,2.2384,2.3837744948976773
4,0.0,-0.5,2.24,2.381261165583025
4,0.0,-0.5,2.2416,2.378750521383404
4,0.0,-0.5,2.2432000000000003,2.3762425592930114
4,0.0,-0.5,2.2448,2.3737372763099027
4,0.0,-0.5,2.2464,2.3712346694359887
4,0.0,-0.5,2.248,2.368734735677029
4,0.0,-0.5,2.2496,2.366237472042625
4,0.0,-0.5,2.2512000000000003,2.363742875546213
4,0.0,-0.5,2.2528,2.3612509432050612
4,0.0,-0.5,2.2544,2.3587616720402607
4,0.0,-0.5,2.2560000000000002,2.35627505907672
4,0.0,-0.5,2.2576,2.353791101343159
4,0.0,-0.5,2.2592000000000003,2.3513097958721043
4,0.0,-0.5,2.2608,2.3488311396998807
4,0.0,-0.5,2.2624,2.346355129866607
4,0.0,-0.5,2.2640000000000002,2.3438817634161904
4,0.0,-0.5,2.2656,2.3414110373963166
4,0.0,-0.5,2.2672000000000003,2.33894294885845
4,0.0,-0.5,2.2688,2.336477494857822
4,0.0,-0.5,2.2704,2.3340146724534283
4,0.0,-0.5,2.2720000000000002,2.331554478708022
4,0.0,-0.5,2.2736,2.3290969106881056
4,0.0,-0.5,2.2752,2.3266419654639297
4,0.0,-0.5,2.2768,2.3241896401094824
4,0.0,-0.5,2.2784,2.3217399317024863
4,0.0,-0.5,2.2800000000000002,2.31929283732439
4,0.0,-0.5,2.2816,2.3168483540603657
4,0.0,-0.5,2.2832,2.314406478999299
4,0.0,-0.5,2.2848,2.3119672092337864
4,0.0,-0.5,2.2864,2.309530541860129
4,0.0,-0.5,2.2880000000000003,2.3070964739783237
4,0.0,-0.5,2.2896,2.3046650026920608
4,0.0,-0.5,2.2912,2.302236125108716
4,0.0,-0.5,2.2928,2.2998098383393466
4,0.0,-0.5,2.2944,2.2973861394986823
4,0.0,-0.5,2.2960000000000003,2.294965025705123
4,0.0,-0.5,2.2976,2.29254649408073
4,0.0,-0.5,2.2992,2.2901305417512225
4,0.0,-0.5,2.3008,2.287717165845971
4,0.0,-0.5,2.3024,2.2853063634979907
4,0.0,-0.5,2.3040000000000003,2.2828981318439365
4,0.0,-0.5,2.3056,2.2804924680240957
4,0.0,-0.5,2.3072,2.278089369182385
4,0.0,-0.5,2.3088,2.275688832466344
4,0.0,-0.5,2.3104,2.273290855027127
4,0.0,-0.5,2.3120000000000003,2.270895434019499
4,0.0,-0.5,2.3136,2.268502566601831
4,0.0,-0.5,2.3152,2.266112249936093
4,0.0,-0.5,2.3168,2.263724481187847
4,0.0,-0.5,2.3184,2.261339257526245
4,0.0,-0.5,2.3200000000000003,2.2589565761240196
4,0.0,-0.5,2.3216,2.256576434157481
4,0.0,-0.5,2.3232,2.2541988288065085
4,0.0,-0.5,2.3248,2.251823757254548
4,0.0,-0.5,2.3264,2.249451216688603
4,0.0,-0.5,2.3280000000000003,2.2470812042992327
4,0.0,-0.5,2.3296,2.2447137172805443
4,0.0,-0.5,2.3312,2.242348752830186
4,0.0,-0.5,2.3328,2.2399863081493443
4,0.0,-0.5,2.3344,2.2376263804427357
4,0.0,-0.5,2.3360000000000003,2.2352689669186034
4,0.0,-0.5,2.3376,2.2329140647887114
4,0.0,-0.5,2.3392,2.230561671268336
4,0.0,-0.5,2.3408,2.2282117835762647
4,0.0,-0.5,2.3424,2.2258643989347875
4,0.0,-0.5,2.3440000000000003,2.2235195145696918
4,0.0,-0.5,2.3456,2.221177127710258
4,0.0,-0.5,2.3472,2.2188372355892527
4,0.0,-0.5,2.3488,2.216499835442926
4,0.0,-0.5,2.3504,2.214164924511001
4,0.0,-0.5,2.3520000000000003,2.2118325000366714
4,0.0,-0.5,2.3536,2.2095025592665976
4,0.0,-0.5,2.3552,2.207175099450898
4,0.0,-0.5,2.3568000000000002,2.2048501178431446
4,0.0,-0.5,2.3584,2.20252761170036
4,0.0,-0.5,2.3600000000000003,2.200207578283006
4,0.0,-0.5,2.3616,2.197890014854986
4,0.0,-0.5,2.3632,2.195574918683632
4,0.0,-0.5,2.3648000000000002,2.1932622870397056
4,0.0,-0.5,2.3664,2.1909521171973885
4,0.0,-0.5,2.3680000000000003,2.1886444064342774
4,0.0,-0.5,2.3696,2.186339152031382
4,0.0,-0.5,2.3712,2.1840363512731145
4,0.0,-0.5,2.3728000000000002,2.1817360014472875
4,0.0,-0.5,2.3744,2.179438099845109
4,0.0,-0.5,2.3760000000000003,2.1771426437611754
4,0.0,-0.5,2.3776,2.174849630493468
4,0.0,-0.5,2.3792,2.172559057343345
4,0.0,-0.5,2.3808000000000002,2.170270921615537
4,0.0,-0.5,2.3824,2.167985220618145
4,0.0,-0.5,2.384,2.1657019516626304
4,0.0,-0.5,2.3856,2.163421112063813
4,0.0,-0.5,2.3872,2.1611426991398637
4,0.0,-0.5,2.3888000000000003,2.1588667102123007
4,0.0,-0.5,2.3904,2.1565931426059834
4,0.0,-0.5,2.392,2.154321993649107
4,0.0,-0.5,2.3936,2.1520532606731986
4,0.0,-0.5,2.3952,2.149786941013109
4,0.0,-0.5,2.3968000000000003,2.1475230320070122
4,0.0,-0.5,2.3984,2.145261530996395
4,0.0,-0.5,2.4,2.1430024353260557
4,0.0,-0.5,2.4016,2.1407457423440968
4,0.0,-0.5,2.4032,2.1384914494019203
4,0.0,-0.5,2.4048000000000003,2.136239553854224
4,0.0,-0.5,2.4064,2.133990053058994
4,0.0,-0.5,2.408,2.1317429443775
4,0.0,-0.5,2.4096,2.129498225174292
4,0.0,-0.5,2.4112,2.127255892817193
4,0.0,-0.5,2.4128000000000003,2.125015944677296
4,0.0,-0.5,2.4144,2.122778378128956
4,0.0,-0.5,2.416,2.1205431905497876
4,0.0,-0.5,2.4176,2.1183103793206595
4,0.0,-0.5,2.4192,2.1160799418256877
4,0.0,-0.5,2.4208000000000003,2.1138518754522315
4,0.0,-0.5,2.4224,2.111626177590889
4,0.0,-0.5,2.424,2.1094028456354907
4,0.0,-0.5,2.4256,2.107181876983097
4,0.0,-0.5,2.4272,2.104963269033989
4,0.0,-0.5,2.4288000000000003,2.102747019191668
4,0.0,-0.5,2.4304,2.100533124862847
4,0.0,-0.5,2.432,2.098321583457447
4,0.0,-0.5,2.4336,2.096112392388594
4,0.0,-0.5,2.4352,2.0939055490726086
4,0.0,-0.5,2.4368000000000003,2.0917010509290073
4,0.0,-0.5,2.4384,2.089498895380495
4,0.0,-0.5,2.44,2.0872990798529565
4,0.0,-0.5,2.4416,2.0851016017754587
4,0.0,-0.5,2.4432,2.082906458580238
4,0.0,-0.5,2.4448000000000003,2.0807136477027024
4,0.0,-0.5,2.4464,2.0785231665814212
4,0.0,-0.5,2.448,2.076335012658123
4,0.0,-0.5,2.4496,2.0741491833776897
4,0.0,-0.5,2.4512,2.0719656761881518
4,0.0,-0.5,2.4528000000000003,2.0697844885406838
4,0.0,-0.5,2.4544,2.0676056178895985
4,0.0,-0.5,2.456,2.065429061692343
4,0.0,-0.5,2.4576000000000002,2.063254817409495
4,0.0,-0.5,2.4592,2.0610828825047527
4,0.0,-0.5,2.4608000000000003,2.0589132544449376
4,0.0,-0.5,2.4624,2.0567459306999845
4,0.0,-0.5,2.464,2.0545809087429374
4,0.0,-0.5,2.4656000000000002,2.0524181860499455
4,0.0,-0.5,2.4672,2.050257760100259
4,0.0,-0.5,2.4688000000000003,2.0480996283762227
4,0.0,-0.5,2.4704,2.0459437883632714
4,0.0,-0.5,2.472,2.043790237549927
4,0.0,-0.5,2.4736000000000002,2.0416389734277915
4,0.0,-0.5,2.4752,2.039489993491544
4,0.0,-0.5,2.4768000000000003,2.0373432952389336
4,0.0,-0.5,2.4784,2.0351988761707784
4,0.0,-0.5,2.48,2.033056733790956
4,0.0,-0.5,2.4816000000000003,2.0309168656064043
4,0.0,-0.5,2.4832,2.0287792691271096
4,0.0,-0.5,2.4848,2.02664394186611
4,0.0,-0.5,2.4864,2.0245108813394848
4,0.0,-0.5,2.488,2.0223800850663527
4,0.0,-0.5,2.4896000000000003,2.0202515505688656
4,0.0,-0.5,2.4912,2.018125275372205
4,0.0,-0.5,2.4928,2.0160012570045764
4,0.0,-0.5,2.4944,2.013879492997205
4,0.0,-0.5,2.496,2.0117599808843316
4,0.0,-0.5,2.4976000000000003,2.0096427182032075
4,0.0,-0.5,2.4992,2.00752770249409
4,0.0,-0.5,2.5008,2.005414931300237
4,0.0,-0.5,2.5024,2.003304402167904
4,0.0,-0.5,2.504,2.0011961126463382
4,0.0,-0.5,2.5056000000000003,1.9990900602877737
4,0.0,-0.5,2.5072,1.9969862426474279
4,0.0,-0.5,2.5088,1.994884657283497
4,0.0,-0.5,2.5104,1.9927853017571506
4,0.0,-0.5,2.512,1.9906881736325277
4,0.0,-0.5,2.5136000000000003,1.9885932704767313
4,0.0,-0.5,2.5152,1.9865005898598251
4,0.0,-0.5,2.5168,1.984410129354828
4,0.0,-0.5,2.5184,1.9823218865377101
4,0.0,-0.5,2.52,1.9802358589873883
4,0.0,-0.5,2.5216000000000003,1.978152044285721
4,0.0,-0.5,2.5232,1.9760704400175046
4,0.0,-0.5,2.5248,1.9739910437704686
4,0.0,-0.5,2.5264,1.9719138531352705
4,0.0,-0.5,2.528,1.969838865705492
4,0.0,-0.5,2.5296000000000003,1.967766079077635
4,0.0,-0.5,2.5312,1.965695490851116
4,0.0,-0.5,2.5328,1.9636270986282625
4,0.0,-0.5,2.5344,1.9615609000143082
4,0.0,-0.5,2.536,1.9594968926173888
4,0.0,-0.5,2.5376000000000003,1.957435074048537
4,0.0,-0.5,2.5392,1.9553754419216791
4,0.0,-0.5,2.5408,1.9533179938536296
4,0.0,-0.5,2.5424,1.9512627274640872
4,0.0,-0.5,2.544,1.9492096403756307
4,0.0,-0.5,2.5456000000000003,1.947158730213714
4,0.0,-0.5,2.5472,1.9451099946066632
4,0.0,-0.5,2.5488,1.9430634311856696
4,0.0,-0.5,2.5504000000000002,1.9410190375847873
4,0.0,-0.5,2.552,1.938976811440929
4,0.0,-0.5,2.5536000000000003,1.9369367503938604
4,0.0,-0.5,2.5552,1.9348988520861974
4,0.0,-0.5,2.5568,1.9328631141634
4,0.0,-0.5,2.5584000000000002,1.9308295342737696
4,0.0,-0.5,2.56,1.9287981100684437
4,0.0,-0.5,2.5616000000000003,1.926768839201392
4,0.0,-0.5,2.5632,1.9247417193294118
4,0.0,-0.5,2.5648,1.9227167481121243
4,0.0,-0.5,2.5664000000000002,1.9206939232119704
4,0.0,-0.5,2.568,1.918673242294205
4,0.0,-0.5,2.5696000000000003,1.9166547030268943
4,0.0,-0.5,2.5712,1.9146383030809109
4,0.0,-0.5,2.5728,1.9126240401299301
4,0.0,-0.5,2.5744000000000002,1.9106119118504248
4,0.0,-0.5,2.576,1.9086019159216618
4,0.0,-0.5,2.5776000000000003,1.9065940500256977
4,0.0,-0.5,2.5792,1.9045883118473745
4,0.0,-0.5,2.5808,1.9025846990743147
4,0.0,-0.5,2.5824000000000003,1.900583209396919
4,0.0,-0.5,2.584,1.8985838405083602
4,0.0,-0.5,2.5856000000000003,1.89658659010458
4,0.0,-0.5,2.5872,1.8945914558842845
4,0.0,-0.5,2.5888,1.89259843554894
4,0.0,-0.5,2.5904000000000003,1.8906075268027693
4,0.0,-0.5,2.592,1.8886187273527473
4,0.0,-0.5,2.5936,1.8866320349085965
4,0.0,-0.5,2.5952,1.8846474471827832
4,0.0,-0.5,2.5968,1.8826649618905138
4,0.0,-0.5,2.5984000000000003,1.8806845767497296
4,0.0,-0.5,2.6,1.8787062894811037
4,0.0,-0.5,2.6016,1.876730097808037
4,0.0,-0.5,2.6032,1.874755999456653
4,0.0,-0.5,2.6048,1.872783992155795
4,0.0,-0.5,2.6064000000000003,1.87081407363702
4,0.0,-0.5,2.608,1.868846241634598
4,0.0,-0.5,2.6096,1.866880493885505
4,0.0,-0.5,2.6112,1.8649168281294202
4,0.0,-0.5,2.6128,1.8629552421087217
4,0.0,-0.5,2.6144000000000003,1.8609957335684824
4,0.0,-0.5,2.616,1.8590383002564654
4,0.0,-0.5,2.6176,1.8570829399231221
4,0.0,-0.5,2.6192,1.8551296503215855
4,0.0,-0.5,2.6208,1.8531784292076678
4,0.0,-0.5,2.6224000000000003,1.8512292743398568
4,0.0,-0.5,2.624,1.8492821834793098
4,0.0,-0.5,2.6256,1.8473371543898518
4,0.0,-0.5,2.6272,1.8453941848379707
4,0.0,-0.5,2.6288,1.8434532725928132
4,0.0,-0.5,2.6304000000000003,1.841514415426181
4,0.0,-0.5,2.632,1.8395776111125266
4,0.0,-0.5,2.6336,1.8376428574289498
4,0.0,-0.5,2.6352,1.8357101521551937
4,0.0,-0.5,2.6368,1.8337794930736404
4,0.0,-0.5,2.6384000000000003,1.8318508779693075
4,0.0,-0.5,2.64,1.829924304629844
4,0.0,-0.5,2.6416,1.8279997708455258
4,0.0,-0.5,2.6432,1.8260772744092535
4,0.0,-0.5,2.6448,1.8241568131165466
4,0.0,-0.5,2.6464000000000003,1.822238384765541
4,0.0,-0.5,2.648,1.820321987156984
4,0.0,-0.5,2.6496,1.8184076180942312
4,0.0,-0.5,2.6512000000000002,1.8164952753832428
4,0.0,-0.5,2.6528,1.814584956832579
4,0.0,-0.5,2.6544000000000003,1.8126766602533961
4,0.0,-0.5,2.656,1.8107703834594442
4,0.0,-0.5,2.6576,1.8088661242670616
4,0.0,-0.5,2.6592000000000002,1.8069638804951715
4,0.0,-0.5,2.6608,1.8050636499652792
4,0.0,-0.5,2.6624000000000003,1.8031654305014666
4,0.0,-0.5,2.664,1.8012692199303892
4,0.0,-0.5,2.6656,1.799375016081273
4,0.0,-0.5,2.6672000000000002,1.7974828167859094
4,0.0,-0.5,2.6688,1.7955926198786527
4,0.0,-0.5,2.6704000000000003,1.7937044231964152
4,0.0,-0.5,2.672,1.7918182245786638
4,0.0,-0.5,2.6736,1.7899340218674173
4,0.0,-0.5,2.6752000000000002,1.788051812907241
4,0.0,-0.5,2.6768,1.7861715955452433
4,0.0,-0.5,2.6784000000000003,1.7842933676310737
4,0.0,-0.5,2.68,1.7824171270169167
4,0.0,-0.5,2.6816,1.7805428715574891
4,0.0,-0.5,2.6832000000000003,1.7786705991100369
4,0.0,-0.5,2.6848,1.7768003075343302
4,0.0,-0.5,2.6864000000000003,1.774931994692661
4,0.0,-0.5,2.688,1.7730656584498385
4,0.0,-0.5,2.6896,1.771201296673186
4,0.0,-0.5,2.6912000000000003,1.7693389072325363
4,0.0,-0.5,2.6928,1.7674784880002294
4,0.0,-0.5,2.6944000000000004,1.7656200368511075
4,0.0,-0.5,2.696,1.7637635516625119
4,0.0,-0.5,2.6976,1.7619090303142804
4,0.0,-0.5,2.6992000000000003,1.7600564706887414
4,0.0,-0.5,2.7008,1.7582058706707122
4,0.0,-0.5,2.7024,1.7563572281474944
4,0.0,-0.5,2.704,1.7545105410088708
4,0.0,-0.5,2.7056,1.7526658071471013
4,0.0,-0.5,2.7072000000000003,1.7508230244569196
4,0.0,-0.5,2.7088,1.74898219083553
4,0.0,-0.5,2.7104,1.7471433041826028
4,0.0,-0.5,2.712,1.745306362400271
4,0.0,-0.5,2.7136,1.7434713633931274
4,0.0,-0.5,2.7152000000000003,1.7416383050682207
4,0.0,-0.5,2.7168,1.7398071853350512
4,0.0,-0.5,2.7184,1.7379780021055689
4,0.0,-0.5,2.72,1.7361507532941682
4,0.0,-0.5,2.7216,1.7343254368176848
4,0.0,-0.5,2.7232000000000003,1.732502050595393
4,0.0,-0.5,2.7248,1.7306805925490014
4,0.0,-0.5,2.7264,1.7288610606026493
4,0.0,-0.5,2.728,1.7270434526829037
4,0.0,-0.5,2.7296,1.7252277667187559
4,0.0,-0.5,2.7312000000000003,1.7234140006416165
4,0.0,-0.5,2.7328,1.721602152385314
4,0.0,-0.5,2.7344,1.7197922198860902
4,0.0,-0.5,2.736,1.7179842010825963
4,0.0,-0.5,2.7376,1.7161780939158906
4,0.0,-0.5,2.7392000000000003,1.7143738963294337
4,0.0,-0.5,2.7408,1.7125716062690866
4,0.0,-0.5,2.7424,1.7107712216831052
4,0.0,-0.5,2.744,1.7089727405221389
4,0.0,-0.5,2.7456,1.7071761607392257
4,0.0,-0.5,2.7472000000000003,1.70538148028979
4,0.0,-0.5,2.7488,1.7035886971316379
4,0.0,-0.5,2.7504,1.7017978092249542
4,0.0,-0.5,2.7520000000000002,1.7000088145322994
4,0.0,-0.5,2.7536,1.6982217110186058
4,0.0,-0.5,2.7552000000000003,1.6964364966511747
4,0.0,-0.5,2.7568,1.6946531693996725
4,0.0,-0.5,2.7584,1.692871727236127
4,0.0,-0.5,2.7600000000000002,1.6910921681349245
4,0.0,-0.5,2.7616,1.6893144900728065
4,0.0,-0.5,2.7632000000000003,1.6875386910288663
4,0.0,-0.5,2.7648,1.6857647689845452
4,0.0,-0.5,2.7664,1.6839927219236295
4,0.0,-0.5,2.7680000000000002,1.6822225478322466
4,0.0,-0.5,2.7696,1.6804542446988628
4,0.0,-0.5,2.7712000000000003,1.6786878105142786
4,0.0,-0.5,2.7728,1.676923243271627
4,0.0,-0.5,2.7744,1.6751605409663683
4,0.0,-0.5,2.7760000000000002,1.6733997015962876
4,0.0,-0.5,2.7776,1.671640723161492
4,0.0,-0.5,2.7792000000000003,1.6698836036644065
4,0.0,-0.5,2.7808,1.6681283411097716
4,0.0,-0.5,2.7824,1.6663749335046385
4,0.0,-0.5,2.7840000000000003,1.6646233788583673
4,0.0,-0.5,2.7856,1.662873675182623
4,0.0,-0.5,2.7872000000000003,1.6611258204913724
4,0.0,-0.5,2.7888,1.6593798128008805
4,0.0,-0.5,2.7904,1.657635650129708
4,0.0,-0.5,2.7920000000000003,1.6558933304987071
4,0.0,-0.5,2.7936,1.6541528519310187
4,0.0,-0.5,2.7952000000000004,1.652414212452069
4,0.0,-0.5,2.7968,1.650677410089567
4,0.0,-0.5,2.7984,1.6489424428735
4,0.0,-0.5,2.8000000000000003,1.6472093088361313
4,0.0,-0.5,2.8016,1.6454780060119967
4,0.0,-0.5,2.8032,1.6437485324379009
4,0.0,-0.5,2.8048,1.642020886152915
4,0.0,-0.5,2.8064,1.640295065198373
4,0.0,-0.5,2.8080000000000003,1.638571067617868
4,0.0,-0.5,2.8096,1.6368488914572499
4,0.0,-0.5,2.8112,1.635128534764622
4,0.0,-0.5,2.8128,1.6334099955903376
4,0.0,-0.5,2.8144,1.631693271986996
4,0.0,-0.5,2.8160000000000003,1.6299783620094415
4,0.0,-0.5,2.8176,1.628265263714758
4,0.0,-0.5,2.8192,1.6265539751622677
4,0.0,-0.5,2.8208,1.6248444944135256
4,0.0,-0.5,2.8224,1.6231368195323188
4,0.0,-0.5,2.8240000000000003,1.6214309485846623
4,0.0,-0.5,2.8256,1.6197268796387956
4,0.0,-0.5,2.8272,1.6180246107651794
4,0.0,-0.5,2.8288,1.616324140036494
4,0.0,-0.5,2.8304,1.6146254655276344
4,0.0,-0.5,2.8320000000000003,1.6129285853157076
4,0.0,-0.5,2.8336,1.6112334974800309
4,0.0,-0.5,2.8352,1.6095402001021262
4,0.0,-0.5,2.8368,1.6078486912657195
4,0.0,-0.5,2.8384,1.6061589690567362
4,0.0,-0.5,2.8400000000000003,1.6044710315632986
4,0.0,-0.5,2.8416,1.6027848768757225
4,0.0,-0.5,2.8432,1.6011005030865149
4,0.0,-0.5,2.8448,1.5994179082903694
4,0.0,-0.5,2.8464,1.5977370905841657
4,0.0,-0.5,2.8480000000000003,1.5960580480669633
4,0.0,-0.5,2.8496,1.5943807788400006
4,0.0,-0.5,2.8512,1.5927052810066922
4,0.0,-0.5,2.8528000000000002,1.591031552672624
4,0.0,-0.5,2.8544,1.5893595919455512
4,0.0,-0.5,2.8560000000000003,1.5876893969353962
4,0.0,-0.5,2.8576,1.5860209657542435
4,0.0,-0.5,2.8592,1.5843542965163384
4,0.0,-0.5,2.8608000000000002,1.5826893873380834
4,0.0,-0.5,2.8624,1.5810262363380352
4,0.0,-0.5,2.8640000000000003,1.5793648416369015
4,0.0,-0.5,2.8656,1.5777052013575383
4,0.0,-0.5,2.8672,1.5760473136249469
4,0.0,-0.5,2.8688000000000002,1.5743911765662706
4,0.0,-0.5,2.8704,1.5727367883107923
4,0.0,-0.5,2.8720000000000003,1.5710841469899306
4,0.0,-0.5,2.8736,1.5694332507372377
4,0.0,-0.5,2.8752,1.5677840976883965
4,0.0,-0.5,2.8768000000000002,1.5661366859812167
4,0.0,-0.5,2.8784,1.564491013755633
4,0.0,-0.5,2.8800000000000003,1.562847079153701
4,0.0,-0.5,2.8816,1.561204880319595
4,0.0,-0.5,2.8832,1.5595644153996056
4,0.0,-0.5,2.8848000000000003,1.557925682542135
4,0.0,-0.5,2.8864,1.556288679897696
4,0.0,-0.5,2.8880000000000003,1.5546534056189076
4,0.0,-0.5,2.8896,1.5530198578604935
4,0.0,-0.5,2.8912,1.5513880347792774
4,0.0,-0.5,2.8928000000000003,1.549757934534182
4,0.0,-0.5,2.8944,1.548129555286225
4,0.0,-0.5,2.8960000000000004,1.5465028951985162
4,0.0,-0.5,2.8976,1.5448779524362548
4,0.0,-0.5,2.8992,1.5432547251667272
4,0.0,-0.5,2.9008000000000003,1.5416332115593026
4,0.0,-0.5,2.9024,1.5400134097854312
4,0.0,-0.5,2.9040000000000004,1.538395318018642
4,0.0,-0.5,2.9056,1.536778934434538
4,0.0,-0.5,2.9072,1.5351642572107949
4,0.0,-0.5,2.9088000000000003,1.533551284527158
4,0.0,-0.5,2.9104,1.5319400145654387
4,0.0,-0.5,2.912,1.5303304455095126
4,0.0,-0.5,2.9136,1.5287225755453153
4,0.0,-0.5,2.9152,1.5271164028608417
4,0.0,-0.5,2.9168000000000003,1.5255119256461407
4,0.0,-0.5,2.9184,1.5239091420933144
4,0.0,-0.5,2.92,1.5223080503965143
4,0.0,-0.5,2.9216,1.5207086487519383
4,0.0,-0.5,2.9232,1.5191109353578287
4,0.0,-0.5,2.9248000000000003,1.517514908414469
4,0.0,-0.5,2.9264,1.5159205661241806
4,0.0,-0.5,2.928,1.5143279066913207
4,0.0,-0.5,2.9296,1.5127369283222794
4,0.0,-0.5,2.9312,1.5111476292254775
4,0.0,-0.5,2.9328000000000003,1.5095600076113616
4,0.0,-0.5,2.9344,1.507974061692404
4,0.0,-0.5,2.936,1.5063897896830987
4,0.0,-0.5,2.9376,1.5048071897999578
4,0.0,-0.5,2.9392,1.50322626026151
4,0.0,-0.5,2.9408000000000003,1.501646999288298
4,0.0,-0.5,2.9424,1.5000694051028747
4,0.0,-0.5,2.944,1.4984934759298008
4,0.0,-0.5,2.9456,1.4969192099956434
4,0.0,-0.5,2.9472,1.4953466055289708
4,0.0,-0.5,2.9488000000000003,1.4937756607603516
4,0.0,-0.5,2.9504,1.492206373922352
4,0.0,-0.5,2.952,1.4906387432495316
4,0.0,-0.5,2.9536000000000002,1.4890727669784425
4,0.0,-0.5,2.9552,1.4875084433476258
4,0.0,-0.5,2.9568000000000003,1.485945770597608
4,0.0,-0.5,2.9584,1.4843847469709002
4,0.0,-0.5,2.96,1.482825370711994
4,0.0,-0.5,2.9616000000000002,1.4812676400673592
4,0.0,-0.5,2.9632,1.4797115532854406
4,0.0,-0.5,2.9648000000000003,1.4781571086166572
4,0.0,-0.5,2.9664,1.476604304313397
4,0.0,-0.5,2.968,1.4750531386300159
4,0.0,-0.5,2.9696000000000002,1.473503609822835
4,0.0,-0.5,2.9712,1.471955716150137
4,0.0,-0.5,2.9728000000000003,1.4704094558721648
4,0.0,-0.5,2.9744,1.4688648272511176
4,0.0,-0.5,2.976,1.4673218285511496
4,0.0,-0.5,2.9776000000000002,1.4657804580383662
4,0.0,-0.5,2.9792,1.4642407139808218
4,0.0,-0.5,2.9808000000000003,1.4627025946485173
4,0.0,-0.5,2.9824,1.4611660983133974
4,0.0,-0.5,2.984,1.4596312232493482
4,0.0,-0.5,2.9856000000000003,1.458097967732194
4,0.0,-0.5,2.9872,1.4565663300396952
4,0.0,-0.5,2.9888000000000003,1.4550363084515454
4,0.0,-0.5,2.9904,1.4535079012493692
4,0.0,-0.5,2.992,1.4519811067167194
4,0.0,-0.5,2.9936000000000003,1.450455923139074
4,0.0,-0.5,2.9952,1.448932348803834
4,0.0,-0.5,2.9968000000000004,1.4474103820003215
4,0.0,-0.5,2.9984,1.4458900210197754
4,0.0,-0.5,3.0,1.444371264155351
4,0.0,-0.5,3.0016000000000003,1.4428541097021153
4,0.0,-0.5,3.0032,1.441338555957046
4,0.0,-0.5,3.0048000000000004,1.4398246012190279
4,0.0,-0.5,3.0064,1.438312243788852
4,0.0,-0.5,3.008,1.4368014819692105
4,0.0,-0.5,3.0096000000000003,1.435292314064696
4,0.0,-0.5,3.0112,1.4337847383817988
4,0.0,-0.5,3.0128,1.4322787532289032
4,0.0,-0.5,3.0144,1.430774356916287
4,0.0,-0.5,3.016,1.4292715477561175
4,0.0,-0.5,3.0176000000000003,1.4277703240624489
4,0.0,-0.5,3.0192,1.4262706841512207
4,0.0,-0.5,3.0208,1.4247726263402538
4,0.0,-0.5,3.0224,1.4232761489492503
4,0.0,-0.5,3.024,1.421781250299788
4,0.0,-0.5,3.0256000000000003,1.420287928715321
4,0.0,-0.5,3.0272,1.4187961825211748
4,0.0,-0.5,3.0288,1.4173060100445447
4,0.0,-0.5,3.0304,1.4158174096144938
4,0.0,-0.5,3.032,1.4143303795619495
4,0.0,-0.5,3.0336000000000003,1.412844918219702
4,0.0,-0.5,3.0352,1.4113610239224013
4,0.0,-0.5,3.0368,1.4098786950065547
4,0.0,-0.5,3.0384,1.4083979298105247
4,0.0,-0.5,3.04,1.406918726674526
4,0.0,-0.5,3.0416000000000003,1.4054410839406237
4,0.0,-0.5,3.0432,1.4039649999527304
4,0.0,-0.5,3.0448,1.402490473056604
4,0.0,-0.5,3.0464,1.4010175015998447
4,0.0,-0.5,3.048,1.3995460839318936
4,0.0,-0.5,3.0496000000000003,1.3980762184040294
4,0.0,-0.5,3.0512,1.3966079033693661
4,0.0,-0.5,3.0528,1.3951411371828506
4,0.0,-0.5,3.0544000000000002,1.3936759182012612
4,0.0,-0.5,3.056,1.3922122447832035
4,0.0,-0.5,3.0576000000000003,1.3907501152891097
4,0.0,-0.5,3.0592,1.3892895280812345
4,0.0,-0.5,3.0608,1.3878304815236546
4,0.0,-0.5,3.0624000000000002,1.3863729739822643
4,0.0,-0.5,3.064,1.3849170038247742
4,0.0,-0.5,3.0656000000000003,1.3834625694207094
4,0.0,-0.5,3.0672,1.3820096691414063
4,0.0,-0.5,3.0688,1.3805583013600098
4,0.0,-0.5,3.0704000000000002,1.3791084644514717
4,0.0,-0.5,3.072,1.3776601567925484
4,0.0,-0.5,3.0736000000000003,1.3762133767617981
4,0.0,-0.5,3.0752,1.374768122739578
4,0.0,-0.5,3.0768,1.3733243931080432
4,0.0,-0.5,3.0784000000000002,1.3718821862511437
4,0.0,-0.5,3.08,1.370441500554621
4,0.0,-0.5,3.0816000000000003,1.3690023344060085
4,0.0,-0.5,3.0832,1.3675646861946258
4,0.0,-0.5,3.0848,1.3661285543115789
4,0.0,-0.5,3.0864000000000003,1.3646939371497564
4,0.0,-0.5,3.088,1.363260833103828
4,0.0,-0.5,3.0896000000000003,1.361829240570242
4,0.0,-0.5,3.0912,1.3603991579472228
4,0.0,-0.5,3.0928,1.3589705836347685
4,0.0,-0.5,3.0944000000000003,1.3575435160346487
4,0.0,-0.5,3.096,1.3561179535504024
4,0.0,-0.5,3.0976000000000004,1.3546938945873357
4,0.0,-0.5,3.0992,1.3532713375525194
4,0.0,-0.5,3.1008,1.3518502808547854
4,0.0,-0.5,3.1024000000000003,1.3504307229047274
4,0.0,-0.5,3.104,1.3490126621146956
4,0.0,-0.5,3.1056000000000004,1.3475960968987966
4,0.0,-0.5,3.1072,1.3461810256728892
4,0.0,-0.5,3.1088,1.3447674468545838
4,0.0,-0.5,3.1104000000000003,1.3433553588632392
4,0.0,-0.5,3.112,1.3419447601199603
4,0.0,-0.5,3.1136000000000004,1.340535649047597
4,0.0,-0.5,3.1152,1.33912802407074
4,0.0,-0.5,3.1168,1.3377218836157199
4,0.0,-0.5,3.1184000000000003,1.336317226110605
4,0.0,-0.5,3.12,1.3349140499851981
4,0.0,-0.5,3.1216,1.333512353671035
4,0.0,-0.5,3.1232,1.3321121356013825
4,0.0,-0.5,3.1248,1.3307133942112355
4,0.0,-0.5,3.1264000000000003,1.3293161279373151
4,0.0,-0.5,3.128,1.3279203352180657
4,0.0,-0.5,3.1296,1.3265260144936544
4,0.0,-0.5,3.1312,1.3251331642059663
4,0.0,-0.5,3.1328,1.3237417827986055
4,0.0,-0.5,3.1344000000000003,1.3223518687168896
4,0.0,-0.5,3.136,1.3209634204078498
4,0.0,-0.5,3.1376,1.3195764363202276
4,0.0,-0.5,3.1392,1.3181909149044728
4,0.0,-0.5,3.1408,1.3168068546127423
4,0.0,-0.5,3.1424000000000003,1.3154242538988952
4,0.0,-0.5,3.144,1.314043111218494
4,0.0,-0.5,3.1456,1.3126634250288003
4,0.0,-0.5,3.1472,1.3112851937887726
4,0.0,-0.5,3.1488,1.309908415959066
4,0.0,-0.5,3.1504000000000003,1.3085330900020267
4,0.0,-0.5,3.152,1.3071592143816935
4,0.0,-0.5,3.1536,1.3057867875637932
4,0.0,-0.5,3.1552000000000002,1.3044158080157393
4,0.0,-0.5,3.1568,1.3030462742066298
4,0.0,-0.5,3.1584000000000003,1.3016781846072445
4,0.0,-0.5,3.16,1.3003115376900436
4,0.0,-0.5,3.1616,1.2989463319291654
4,0.0,-0.5,3.1632000000000002,1.2975825658004236
4,0.0,-0.5,3.1648,1.2962202377813064
4,0.0,-0.5,3.1664000000000003,1.2948593463509723
4,0.0,-0.5,3.168,1.29349988999025
4,0.0,-0.5,3.1696,1.292141867181635
4,0.0,-0.5,3.1712000000000002,1.2907852764092884
4,0.0,-0.5,3.1728,1.2894301161590338
4,0.0,-0.5,3.1744000000000003,1.288076384918356
4,0.0,-0.5,3.176,1.2867240811763982
4,0.0,-0.5,3.1776,1.2853732034239607
4,0.0,-0.5,3.1792000000000002,1.2840237501534977
4,0.0,-0.5,3.1808,1.2826757198591168
4,0.0,-0.5,3.1824000000000003,1.281329111036575
4,0.0,-0.5,3.184,1.2799839221832778
4,0.0,-0.5,3.1856,1.2786401517982766
4,0.0,-0.5,3.1872000000000003,1.277297798382268
4,0.0,-0.5,3.1888,1.2759568604375884
4,0.0,-0.5,3.1904000000000003,1.2746173364682156
4,0.0,-0.5,3.192,1.2732792249797655
4,0.0,-0.5,3.1936,1.2719425244794882
4,0.0,-0.5,3.1952000000000003,1.2706072334762686
4,0.0,-0.5,3.1968,1.2692733504806228
4,0.0,-0.5,3.1984000000000004,1.2679408740046965
4,0.0,-0.5,3.2,1.2666098025622625
4,0.0,-0.5,3.2016,1.2652801346687192
4,0.0,-0.5,3.2032000000000003,1.2639518688410882
4,0.0,-0.5,3.2048,1.2626250035980127
4,0.0,-0.5,3.2064000000000004,1.2612995374597542
4,0.0,-0.5,3.208,1.2599754689481921
4,0.0,-0.5,3.2096,1.258652796586821
4,0.0,-0.5,3.2112000000000003,1.2573315189007483
4,0.0,-0.5,3.2128,1.256011634416692
4,0.0,-0.5,3.2144000000000004,1.2546931416629798
4,0.0,-0.5,3.216,1.253376039169546
4,0.0,-0.5,3.2176,1.2520603254679301
4,0.0,-0.5,3.2192000000000003,1.2507459990912742
4,0.0,-0.5,3.2208,1.2494330585743216
4,0.0,-0.5,3.2224000000000004,1.2481215024534142
4,0.0,-0.5,3.224,1.2468113292664906
4,0.0,-0.5,3.2256,1.2455025375530848
4,0.0,-0.5,3.2272000000000003,1.2441951258543236
4,0.0,-0.5,3.2288,1.2428890927129246
4,0.0,-0.5,3.2304,1.2415844366731936
4,0.0,-0.5,3.232,1.2402811562810243
4,0.0,-0.5,3.2336,1.2389792500838943
4,0.0,-0.5,3.2352000000000003,1.2376787166308647
4,0.0,-0.5,3.2368,1.2363795544725773
4,0.0,-0.5,3.2384,1.2350817621612529
4,0.0,-0.5,3.24,1.233785338250689
4,0.0,-0.5,3.2416,1.2324902812962586
4,0.0,-0.5,3.2432000000000003,1.2311965898549069
4,0.0,-0.5,3.2448,1.2299042624851506
4,0.0,-0.5,3.2464,1.2286132977470754
4,0.0,-0.5,3.248,1.2273236942023342
4,0.0,-0.5,3.2496,1.2260354504141446
4,0.0,-0.5,3.2512000000000003,1.224748564947288
4,0.0,-0.5,3.2528,1.2234630363681065
4,0.0,-0.5,3.2544,1.2221788632445016
4,0.0,-0.5,3.2560000000000002,1.2208960441459324
4,0.0,-0.5,3.2576,1.2196145776434129
4,0.0,-0.5,3.2592000000000003,1.218334462309511
4,0.0,-0.5,3.2608,1.217055696718346
4,0.0,-0.5,3.2624,1.2157782794455863
4,0.0,-0.5,3.2640000000000002,1.2145022090684485
4,0.0,-0.5,3.2656,1.213227484165695
4,0.0,-0.5,3.2672000000000003,1.2119541033176315
4,0.0,-0.5,3.2688,1.2106820651061063
4,0.0,-0.5,3.2704,1.2094113681145067
4,0.0,-0.5,3.2720000000000002,1.2081420109277585
4,0.0,-0.5,3.2736,1.2068739921323237
4,0.0,-0.5,3.2752000000000003,1.2056073103161984
4,0.0,-0.5,3.2768,1.2043419640689115
4,0.0,-0.5,3.2784,1.2030779519815216
4,0.0,-0.5,3.2800000000000002,1.2018152726466165
4,0.0,-0.5,3.2816,1.2005539246583097
4,0.0,-0.5,3.2832000000000003,1.1992939066122403
4,0.0,-0.5,3.2848,1.1980352171055701
4,0.0,-0.5,3.2864,1.1967778547369818
4,0.0,-0.5,3.2880000000000003,1.195521818106677
4,0.0,-0.5,3.2896,1.1942671058163745
4,0.0,-0.5,3.2912000000000003,1.1930137164693082
4,0.0,-0.5,3.2928,1.1917616486702265
4,0.0,-0.5,3.2944,1.190510901025388
4,0.0,-0.5,3.2960000000000003,1.1892614721425623
4,0.0,-0.5,3.2976,1.188013360631026
4,0.0,-0.5,3.2992000000000004,1.1867665651015615
4,0.0,-0.5,3.3008,1.185521084166456
4,0.0,-0.5,3.3024,1.1842769164394993
4,0.0,-0.5,3.3040000000000003,1.1830340605359801
4,0.0,-0.5,3.3056,1.1817925150726873
4,0.0,-0.5,3.3072000000000004,1.1805522786679055
4,0.0,-0.5,3.3088,1.179313349941415
4,0.0,-0.5,3.3104,1.1780757275144882
4,0.0,-0.5,3.3120000000000003,1.1768394100098891
4,0.0,-0.5,3.3136,1.1756043960518718
4,0.0,-0.5,3.3152000000000004,1.174370684266177
4,0.0,-0.5,3.3168,1.1731382732800315
4,0.0,-0.5,3.3184,1.171907161722146
4,0.0,-0.5,3.3200000000000003,1.170677348222713
4,0.0,-0.5,3.3216,1.169448831413406
4,0.0,-0.5,3.3232000000000004,1.1682216099273757
4,0.0,-0.5,3.3248,1.1669956823992507
4,0.0,-0.5,3.3264,1.1657710474651337
4,0.0,-0.5,3.3280000000000003,1.1645477037626009
4,0.0,-0.5,3.3296,1.163325649930699
4,0.0,-0.5,3.3312,1.162104884609945
4,0.0,-0.5,3.3328,1.1608854064423226
4,0.0,-0.5,3.3344,1.1596672140712818
4,0.0,-0.5,3.3360000000000003,1.1584503061417366
4,0.0,-0.5,3.3376,1.1572346813000631
4,0.0,-0.5,3.3392,1.1560203381940983
4,0.0,-0.5,3.3408,1.1548072754731373
4,0.0,-0.5,3.3424,1.1535954917879323
4,0.0,-0.5,3.3440000000000003,1.1523849857906905
4,0.0,-0.5,3.3456,1.1511757561350726
4,0.0,-0.5,3.3472,1.149967801476191
4,0.0,-0.5,3.3488,1.1487611204706074
4,0.0,-0.5,3.3504,1.1475557117763322
4,0.0,-0.5,3.3520000000000003,1.1463515740528214
4,0.0,-0.5,3.3536,1.1451487059609757
4,0.0,-0.5,3.3552,1.143947106163139
4,0.0,-0.5,3.3568000000000002,1.1427467733230954
4,0.0,-0.5,3.3584,1.1415477061060684
4,0.0,-0.5,3.3600000000000003,1.14034990317872
4,0.0,-0.5,3.3616,1.1391533632091468
4,0.0,-0.5,3.3632,1.1379580848668798
4,0.0,-0.5,3.3648000000000002,1.1367640668228822
4,0.0,-0.5,3.3664,1.135571307749548
4,0.0,-0.5,3.3680000000000003,1.1343798063206993
4,0.0,-0.5,3.3696,1.1331895612115865
4,0.0,-0.5,3.3712,1.1320005710988836
4,0.0,-0.5,3.3728000000000002,1.1308128346606896
4,0.0,-0.5,3.3744,1.1296263505765247
4,0.0,-0.5,3.3760000000000003,1.1284411175273297
4,0.0,-0.5,3.3776,1.1272571341954636
4,0.0,-0.5,3.3792,1.1260743992647018
4,0.0,-0.5,3.3808000000000002,1.1248929114202353
4,0.0,-0.5,3.3824,1.1237126693486679
4,0.0,-0.5,3.3840000000000003,1.1225336717380152
4,0.0,-0.5,3.3856,1.121355917277703
4,0.0,-0.5,3.3872,1.1201794046585642
4,0.0,-0.5,3.3888000000000003,1.11900413257284
4,0.0,-0.5,3.3904,1.1178300997141746
4,0.0,-0.5,3.3920000000000003,1.1166573047776163
4,0.0,-0.5,3.3936,1.1154857464596144
4,0.0,-0.5,3.3952,1.114315423458018
4,0.0,-0.5,3.3968000000000003,1.1131463344720745
4,0.0,-0.5,3.3984,1.1119784782024271
4,0.0,-0.5,3.4000000000000004,1.1108118533511142
4,0.0,-0.5,3.4016,1.109646458621567
4,0.0,-0.5,3.4032,1.1084822927186078
4,0.0,-0.5,3.4048000000000003,1.1073193543484487
4,0.0,-0.5,3.4064,1.1061576422186896
4,0.0,-0.5,3.4080000000000004,1.1049971550383173
4,0.0,-0.5,3.4096,1.1038378915177027
4,0.0,-0.5,3.4112,1.1026798503685995
4,0.0,-0.5,3.4128000000000003,1.1015230303041434
4,0.0,-0.5,3.4144,1.100367430038849
4,0.0,-0.5,3.4160000000000004,1.0992130482886096
4,0.0,-0.5,3.4176,1.098059883770694
4,0.0,-0.5,3.4192,1.096907935203747
4,0.0,-0.5,3.4208000000000003,1.095757201307785
4,0.0,-0.5,3.4224,1.094607680804197
4,0.0,-0.5,3.4240000000000004,1.0934593724157409
4,0.0,-0.5,3.4256,1.0923122748665435
4,0.0,-0.5,3.4272,1.091166386882097
4,0.0,-0.5,3.4288000000000003,1.0900217071892604
4,0.0,-0.5,3.4304,1.0888782345162538
4,0.0,-0.5,3.4320000000000004,1.08773596759266
4,0.0,-0.5,3.4336,1.0865949051494217
4,0.0,-0.5,3.4352,1.0854550459188401
4,0.0,-0.5,3.4368000000000003,1.0843163886345724
4,0.0,-0.5,3.4384,1.0831789320316318
4,0.0,-0.5,3.44,1.0820426748463847
4,0.0,-0.5,3.4416,1.0809076158165494
4,0.0,-0.5,3.4432,1.079773753681194
4,0.0,-0.5,3.4448000000000003,1.078641087180736
4,0.0,-0.5,3.4464,1.07750961505694
4,0.0,-0.5,3.448,1.0763793360529152
4,0.0,-0.5,3.4496,1.0752502489131155
4,0.0,-0.5,3.4512,1.074122352383337
4,0.0,-0.5,3.4528000000000003,1.0729956452107159
4,0.0,-0.5,3.4544,1.0718701261437278
4,0.0,-0.5,3.456,1.0707457939321863
4,0.0,-0.5,3.4576000000000002,1.0696226473272399
4,0.0,-0.5,3.4592,1.0685006850813725
4,0.0,-0.5,3.4608000000000003,1.0673799059483997
4,0.0,-0.5,3.4624,1.0662603086834692
4,0.0,-0.5,3.464,1.065141892043058
4,0.0,-0.5,3.4656000000000002,1.0640246547849708
4,0.0,-0.5,3.4672,1.0629085956683384
4,0.0,-0.5,3.4688000000000003,1.0617937134536173
4,0.0,-0.5,3.4704,1.0606800069025868
4,0.0,-0.5,3.472,1.0595674747783481
4,0.0,-0.5,3.4736000000000002,1.0584561158453227
4,0.0,-0.5,3.4752,1.0573459288692508
4,0.0,-0.5,3.4768000000000003,1.0562369126171889
4,0.0,-0.5,3.4784,1.0551290658575097
4,0.0,-0.5,3.48,1.0540223873598995
4,0.0,-0.5,3.4816000000000003,1.0529168758953569
4,0.0,-0.5,3.4832,1.051812530236192
4,0.0,-0.5,3.4848000000000003,1.050709349156023
4,0.0,-0.5,3.4864,1.0496073314297774
4,0.0,-0.5,3.488,1.0485064758336875
4,0.0,-0.5,3.4896000000000003,1.0474067811452907
4,0.0,-0.5,3.4912,1.046308246143428
4,0.0,-0.5,3.4928000000000003,1.0452108696082416
4,0.0,-0.5,3.4944,1.044114650321174
4,0.0,-0.5,3.496,1.0430195870649657
4,0.0,-0.5,3.4976000000000003,1.0419256786236546
4,0.0,-0.5,3.4992,1.0408329237825742
4,0.0,-0.5,3.5008000000000004,1.0397413213283513
4,0.0,-0.5,3.5024,1.038650870048906
4,0.0,-0.5,3.504,1.037561568733449
4,0.0,-0.5,3.5056000000000003,1.03647341617248
4,0.0,-0.5,3.5072,1.0353864111577873
4,0.0,-0.5,3.5088000000000004,1.034300552482445
4,0.0,-0.5,3.5104,1.033215838940812
4,0.0,-0.5,3.512,1.032132269328531
4,0.0,-0.5,3.5136000000000003,1.0310498424425265
4,0.0,-0.5,3.5152,1.0299685570810033
4,0.0,-0.5,3.5168000000000004,1.0288884120434445
4,0.0,-0.5,3.5184,1.0278094061306116
4,0.0,-0.5,3.52,1.026731538144541
4,0.0,-0.5,3.5216000000000003,1.025654806888544
4,0.0,-0.5,3.5232,1.0245792111672052
4,0.0,-0.5,3.5248000000000004,1.0235047497863794
4,0.0,-0.5,3.5264,1.0224314215531922
4,0.0,-0.5,3.528,1.0213592252760373
4,0.0,-0.5,3.5296000000000003,1.0202881597645752
4,0.0,-0.5,3.5312,1.0192182238297327
4,0.0,-0.5,3.5328000000000004,1.0181494162836993
4,0.0,-0.5,3.5344,1.017081735939928
4,0.0,-0.5,3.536,1.0160151816131329
4,0.0,-0.5,3.5376000000000003,1.0149497521192867
4,0.0,-0.5,3.5392,1.013885446275621
4,0.0,-0.5,3.5408000000000004,1.0128222629006238
4,0.0,-0.5,3.5424,1.0117602008140383
4,0.0,-0.5,3.544,1.0106992588368615
4,0.0,-0.5,3.5456000000000003,1.009639435791342
4,0.0,-0.5,3.5472,1.0085807305009804
4,0.0,-0.5,3.5488,1.007523141790526
4,0.0,-0.5,3.5504000000000002,1.0064666684859758
4,0.0,-0.5,3.552,1.0054113094145731
4,0.0,-0.5,3.5536000000000003,1.0043570634048067
4,0.0,-0.5,3.5552,1.0033039292864088
4,0.0,-0.5,3.5568,1.0022519058903538
4,0.0,-0.5,3.5584000000000002,1.0012009920488565
4,0.0,-0.5,3.56,1.0001511865953705
4,0.0,-0.5,3.5616000000000003,0.9991024883645881
4,0.0,-0.5,3.5632,0.9980548961924375
4,0.0,-0.5,3.5648,0.9970084089160817
4,0.0,-0.5,3.5664000000000002,0.9959630253739177
4,0.0,-0.5,3.568,0.9949187444055738
4,0.0,-0.5,3.5696000000000003,0.9938755648519093
4,0.0,-0.5,3.5712,0.9928334855550128
4,0.0,-0.5,3.5728,0.9917925053582006
4,0.0,-0.5,3.5744000000000002,0.9907526231060152
4,0.0,-0.5,3.576,0.9897138376442243
4,0.0,-0.5,3.5776000000000003,0.9886761478198189
4,0.0,-0.5,3.5792,0.9876395524810123
4,0.0,-0.5,3.5808,0.9866040504772384
4,0.0,-0.5,3.5824000000000003,0.9855696406591503
4,0.0,-0.5,3.584,0.9845363218786191
4,0.0,-0.5,3.5856000000000003,0.9835040929887323
4,0.0,-0.5,3.5872,0.9824729528437927
4,0.0,-0.5,3.5888,0.9814429002993165
4,0.0,-0.5,3.5904000000000003,0.980413934212032
4,0.0,-0.5,3.592,0.979386053439879
4,0.0,-0.5,3.5936000000000003,0.9783592568420061
4,0.0,-0.5,3.5952,0.9773335432787708
4,0.0,-0.5,3.5968,0.9763089116117364
4,0.0,-0.5,3.5984000000000003,0.975285360703672
4,0.0,-0.5,3.6,0.9742628894185505
4,0.0,-0.5,3.6016000000000004,0.9732414966215476
4,0.0,-0.5,3.6032,0.9722211811790396
4,0.0,-0.5,3.6048,0.9712019419586029
4,0.0,-0.5,3.6064000000000003,0.9701837778290126
4,0.0,-0.5,3.608,0.9691666876602403
4,0.0,-0.5,3.6096000000000004,0.9681506703234536
4,0.0,-0.5,3.6112,0.9671357246910139
4,0.0,-0.5,3.6128,0.9661218496364762
4,0.0,-0.5,3.6144000000000003,0.9651090440345865
4,0.0,-0.5,3.616,0.964097306761281
4,0.0,-0.5,3.6176000000000004,0.9630866366936851
4,0.0,-0.5,3.6192,0.962077032710111
4,0.0,-0.5,3.6208,0.9610684936900578
4,0.0,-0.5,3.6224000000000003,0.9600610185142084
4,0.0,-0.5,3.624,0.9590546060644298
4,0.0,-0.5,3.6256000000000004,0.9580492552237707
4,0.0,-0.5,3.6272,0.9570449648764605
4,0.0,-0.5,3.6288,0.9560417339079079
4,0.0,-0.5,3.6304000000000003,0.9550395612046997
4,0.0,-0.5,3.632,0.9540384456545989
4,0.0,-0.5,3.6336000000000004,0.9530383861465441
4,0.0,-0.5,3.6352,0.9520393815706479
4,0.0,-0.5,3.6368,0.9510414308181955
4,0.0,-0.5,3.6384000000000003,0.9500445327816427
4,0.0,-0.5,3.64,0.9490486863546161
4,0.0,-0.5,3.6416000000000004,0.9480538904319105
4,0.0,-0.5,3.6432,0.9470601439094878
4,0.0,-0.5,3.6448,0.9460674456844759
4,0.0,-0.5,3.6464000000000003,0.9450757946551674
4,0.0,-0.5,3.648,0.9440851897210181
4,0.0,-0.5,3.6496,0.9430956297826456
4,0.0,-0.5,3.6512000000000002,0.9421071137418282
4,0.0,-0.5,3.6528,0.9411196405015038
4,0.0,-0.5,3.6544000000000003,0.9401332089657676
4,0.0,-0.5,3.656,0.9391478180398721
4,0.0,-0.5,3.6576,0.9381634666302248
4,0.0,-0.5,3.6592000000000002,0.937180153644387
4,0.0,-0.5,3.6608,0.9361978779910732
4,0.0,-0.5,3.6624000000000003,0.935216638580149
4,0.0,-0.5,3.664,0.9342364343226304
4,0.0,-0.5,3.6656,0.9332572641306817
4,0.0,-0.5,3.6672000000000002,0.932279126917615
4,0.0,-0.5,3.6688,0.9313020215978888
4,0.0,-0.5,3.6704000000000003,0.9303259470871057
4,0.0,-0.5,3.672,0.9293509023020128
4,0.0,-0.5,3.6736,0.9283768861604988
4,0.0,-0.5,3.6752000000000002,0.9274038975815939
4,0.0,-0.5,3.6768,0.9264319354854678
4,0.0,-0.5,3.6784000000000003,0.9254609987934282
4,0.0,-0.5,3.68,0.9244910864279207
4,0.0,-0.5,3.6816,0.923522197312526
4,0.0,-0.5,3.6832000000000003,0.9225543303719599
4,0.0,-0.5,3.6848,0.9215874845320711
4,0.0,-0.5,3.6864000000000003,0.92062165871984
4,0.0,-0.5,3.688,0.9196568518633789
4,0.0,-0.5,3.6896,0.9186930628919281
4,0.0,-0.5,3.6912000000000003,0.917730290735857
4,0.0,-0.5,3.6928,0.9167685343266613
4,0.0,-0.5,3.6944000000000004,0.9158077925969627
4,0.0,-0.5,3.696,0.9148480644805072
4,0.0,-0.5,3.6976,0.9138893489121634
4,0.0,-0.5,3.6992000000000003,0.9129316448279222
4,0.0,-0.5,3.7008,0.911974951164895
4,0.0,-0.5,3.7024000000000004,0.9110192668613122
4,0.0,-0.5,3.704,0.9100645908565222
4,0.0,-0.5,3.7056,0.9091109220909903
4,0.0,-0.5,3.7072000000000003,0.9081582595062975
4,0.0,-0.5,3.7088,0.9072066020451384
4,0.0,-0.5,3.7104000000000004,0.9062559486513211
4,0.0,-0.5,3.712,0.9053062982697652
4,0.0,-0.5,3.7136,0.9043576498465009
4,0.0,-0.5,3.7152000000000003,0.9034100023286676
4,0.0,-0.5,3.7168,0.9024633546645129
4,0.0,-0.5,3.7184000000000004,0.9015177058033904
4,0.0,-0.5,3.72,0.9005730546957598
4,0.0,-0.5,3.7216,0.8996294002931852
4,0.0,-0.5,3.7232000000000003,0.8986867415483328
4,0.0,-0.5,3.7248,0.8977450774149716
4,0.0,-0.5,3.7264000000000004,0.8968044068479706
4,0.0,-0.5,3.728,0.8958647288032981
4,0.0,-0.5,3.7296,0.8949260422380209
4,0.0,-0.5,3.7312000000000003,0.8939883461103016
4,0.0,-0.5,3.7328,0.8930516393793997
4,0.0,-0.5,3.7344000000000004,0.8921159210056682
4,0.0,-0.5,3.736,0.8911811899505534
4,0.0,-0.5,3.7376,0.8902474451765936
4,0.0,-0.5,3.7392000000000003,0.8893146856474179
4,0.0,-0.5,3.7408,0.8883829103277446
4,0.0,-0.5,3.7424000000000004,0.8874521181833807
4,0.0,-0.5,3.744,0.8865223081812197
4,0.0,-0.5,3.7456,0.8855934792892414
4,0.0,-0.5,3.7472000000000003,0.88466563047651
4,0.0,-0.5,3.7488,0.8837387607131729
4,0.0,-0.5,3.7504000000000004,0.8828128689704599
4,0.0,-0.5,3.7520000000000002,0.8818879542206819
4,0.0,-0.5,3.7536,0.8809640154372292
4,0.0,-0.5,3.7552000000000003,0.8800410515945714
4,0.0,-0.5,3.7568,0.8791190616682544
4,0.0,-0.5,3.7584,0.8781980446349008
4,0.0,-0.5,3.7600000000000002,0.8772779994722084
4,0.0,-0.5,3.7616,0.8763589251589484
4,0.0,-0.5,3.7632000000000003,0.8754408206749648
4,0.0,-0.5,3.7648,0.8745236850011726
4,0.0,-0.5,3.7664,0.8736075171195572
4,0.0,-0.5,3.7680000000000002,0.8726923160131731
4,0.0,-0.5,3.7696,0.8717780806661425
4,0.0,-0.5,3.7712000000000003,0.8708648100636541
4,0.0,-0.5,3.7728,0.8699525031919619
4,0.0,-0.5,3.7744,0.8690411590383846
4,0.0,-0.5,3.7760000000000002,0.8681307765913034
4,0.0,-0.5,3.7776,0.8672213548401616
4,0.0,-0.5,3.7792000000000003,0.8663128927754632
4,0.0,-0.5,3.7808,0.8654053893887718
4,0.0,-0.5,3.7824,0.8644988436727088
4,0.0,-0.5,3.7840000000000003,0.8635932546209533
4,0.0,-0.5,3.7856,0.8626886212282402
4,0.0,-0.5,3.7872000000000003,0.8617849424903594
4,0.0,-0.5,3.7888,0.8608822174041539
4,0.0,-0.5,3.7904,0.8599804449675195
4,0.0,-0.5,3.7920000000000003,0.8590796241794035
4,0.0,-0.5,3.7936,0.8581797540398027
4,0.0,-0.5,3.7952000000000004,0.8572808335497636
4,0.0,-0.5,3.7968,0.8563828617113801
4,0.0,-0.5,3.7984,0.8554858375277924
4,0.0,-0.5,3.8000000000000003,0.8545897600031868
4,0.0,-0.5,3.8016,0.8536946281427936
4,0.0,-0.5,3.8032000000000004,0.8528004409528863
4,0.0,-0.5,3.8048,0.8519071974407806
4,0.0,-0.5,3.8064,0.8510148966148324
4,0.0,-0.5,3.8080000000000003,0.8501235374844383
4,0.0,-0.5,3.8096,0.8492331190600325
4,0.0,-0.5,3.8112000000000004,0.8483436403530873
4,0.0,-0.5,3.8128,0.8474551003761107
4,0.0,-0.5,3.8144,0.8465674981426462
4,0.0,-0.5,3.8160000000000003,0.8456808326672712
4,0.0,-0.5,3.8176,0.8447951029655957
4,0.0,-0.5,3.8192000000000004,0.8439103080542617
4,0.0,-0.5,3.8208,0.8430264469509414
4,0.0,-0.5,3.8224,0.8421435186743367
4,0.0,-0.5,3.8240000000000003,0.8412615222441776
4,0.0,-0.5,3.8256,0.8403804566812213
4,0.0,-0.5,3.8272000000000004,0.8395003210072509
4,0.0,-0.5,3.8288,0.8386211142450747
4,0.0,-0.5,3.8304,0.8377428354185242
4,0.0,-0.5,3.8320000000000003,0.8368654835524539
4,0.0,-0.5,3.8336,0.8359890576727396
4,0.0,-0.5,3.8352000000000004,0.8351135568062776
4,0.0,-0.5,3.8368,0.8342389799809833
4,0.0,-0.5,3.8384,0.8333653262257904
4,0.0,-0.5,3.8400000000000003,0.8324925945706494
4,0.0,-0.5,3.8416,0.8316207840465266
4,0.0,-0.5,3.8432000000000004,0.8307498936854034
4,0.0,-0.5,3.8448,0.8298799225202745
4,0.0,-0.5,3.8464,0.8290108695851475
4,0.0,-0.5,3.8480000000000003,0.8281427339150408
4,0.0,-0.5,3.8496,0.8272755145459837
4,0.0,-0.5,3.8512000000000004,0.8264092105150144
4,0.0,-0.5,3.8528000000000002,0.8255438208601792
4,0.0,-0.5,3.8544,0.8246793446205314
4,0.0,-0.5,3.8560000000000003,0.82381578083613
4,0.0,-0.5,3.8576,0.8229531285480394
4,0.0,-0.5,3.8592,0.8220913867983267
4,0.0,-0.5,3.8608000000000002,0.8212305546300623
4,0.0,-0.5,3.8624,0.8203706310873178
4,0.0,-0.5,3.8640000000000003,0.8195116152151651
4,0.0,-0.5,3.8656,0.8186535060596755
4,0.0,-0.5,3.8672,0.8177963026679181
4,0.0,-0.5,3.8688000000000002,0.8169400040879599
4,0.0,-0.5,3.8704,0.816084609368863
4,0.0,-0.5,3.8720000000000003,0.8152301175606848
4,0.0,-0.5,3.8736,0.8143765277144764
4,0.0,-0.5,3.8752,0.8135238388822817
4,0.0,-0.5,3.8768000000000002,0.8126720501171364
4,0.0,-0.5,3.8784,0.8118211604730662
4,0.0,-0.5,3.8800000000000003,0.8109711690050868
4,0.0,-0.5,3.8816,0.8101220747692021
4,0.0,-0.5,3.8832,0.8092738768224031
4,0.0,-0.5,3.8848000000000003,0.8084265742226674
4,0.0,-0.5,3.8864,0.8075801660289571
4,0.0,-0.5,3.8880000000000003,0.8067346513012192
4,0.0,-0.5,3.8896,0.8058900291003833
4,0.0,-0.5,3.8912,0.8050462984883605
4,0.0,-0.5,3.8928000000000003,0.8042034585280436
4,0.0,-0.5,3.8944,0.8033615082833043
4,0.0,-0.5,3.8960000000000004,0.8025204468189937
4,0.0,-0.5,3.8976,0.8016802732009399
4,0.0,-0.5,3.8992,0.8008409864959483
4,0.0,-0.5,3.9008000000000003,0.8000025857717992
4,0.0,-0.5,3.9024,0.7991650700972475
4,0.0,-0.5,3.9040000000000004,0.7983284385420216
4,0.0,-0.5,3.9056,0.7974926901768223
4,0.0,-0.5,3.9072,0.7966578240733213
4,0.0,-0.5,3.9088000000000003,0.7958238393041608
4,0.0,-0.5,3.9104,0.7949907349429519
4,0.0,-0.5,3.9120000000000004,0.7941585100642742
4,0.0,-0.5,3.9136,0.7933271637436737
4,0.0,-0.5,3.9152,0.7924966950576632
4,0.0,-0.5,3.9168000000000003,0.7916671030837196
4,0.0,-0.5,3.9184,0.7908383869002842
4,0.0,-0.5,3.9200000000000004,0.7900105455867613
4,0.0,-0.5,3.9216,0.7891835782235163
4,0.0,-0.5,3.9232,0.7883574838918758
4,0.0,-0.5,3.9248000000000003,0.787532261674126
4,0.0,-0.5,3.9264,0.786707910653512
4,0.0,-0.5,3.9280000000000004,0.7858844299142361
4,0.0,-0.5,3.9296,0.7850618185414575
4,0.0,-0.5,3.9312,0.7842400756212908
4,0.0,-0.5,3.9328000000000003,0.783419200240805
4,0.0,-0.5,3.9344,0.7825991914880228
4,0.0,-0.5,3.9360000000000004,0.7817800484519192
4,0.0,-0.5,3.9376,0.7809617702224202
4,0.0,-0.5,3.9392,0.780144355890403
4,0.0,-0.5,3.9408000000000003,0.7793278045476935
4,0.0,-0.5,3.9424,0.7785121152870662
4,0.0,-0.5,3.9440000000000004,0.7776972872022428
4,0.0,-0.5,3.9456,0.7768833193878912
4,0.0,-0.5,3.9472,0.7760702109396244
4,0.0,-0.5,3.9488000000000003,0.7752579609539999
4,0.0,-0.5,3.9504,0.7744465685285181
4,0.0,-0.5,3.9520000000000004,0.7736360327616219
4,0.0,-0.5,3.9536000000000002,0.7728263527526948
4,0.0,-0.5,3.9552,0.7720175276020611
4,0.0,-0.5,3.9568000000000003,0.7712095564109837
4,0.0,-0.5,3.9584,0.7704024382816635
4,0.0,-0.5,3.9600000000000004,0.769596172317239
4,0.0,-0.5,3.9616000000000002,0.7687907576217843
4,0.0,-0.5,3.9632,0.767986193300309
4,0.0,-0.5,3.9648000000000003,0.7671824784587563
4,0.0,-0.5,3.9664,0.7663796122040024
4,0.0,-0.5,3.968,0.765577593643856
4,0.0,-0.5,3.9696000000000002,0.7647764218870564
4,0.0,-0.5,3.9712,0.7639760960432729
4,0.0,-0.5,3.9728000000000003,0.7631766152231042
4,0.0,-0.5,3.9744,0.7623779785380765
4,0.0,-0.5,3.976,0.7615801851006434
4,0.0,-0.5,3.9776000000000002,0.7607832340241841
4,0.0,-0.5,3.9792,0.7599871244230035
4,0.0,-0.5,3.9808000000000003,0.7591918554123298
4,0.0,-0.5,3.9824,0.7583974261083144
4,0.0,-0.5,3.984,0.757603835628031
4,0.0,-0.5,3.9856000000000003,0.756811083089474
4,0.0,-0.5,3.9872,0.756019167611558
4,0.0,-0.5,3.9888000000000003,0.7552280883141163
4,0.0,-0.5,3.9904,0.7544378443179007
4,0.0,-0.5,3.992,0.75364843474458
4,0.0,-0.5,3.9936000000000003,0.7528598587167389
4,0.0,-0.5,3.9952,0.7520721153578772
4,0.0,-0.5,3.9968000000000004,0.7512852037924089
4,0.0,-0.5,3.9984,0.750499123145661
4,0.0,-0.5,4.0,0.7497138725438729
4,0.0,-0.5,4.0016,0.7489294511141947
4,0.0,-0.5,4.0032000000000005,0.7481458579846871
4,0.0,-0.5,4.0048,0.7473630922843199
4,0.0,-0.5,4.0064,0.7465811531429709
4,0.0,-0.5,4.008,0.7458000396914255
4,0.0,-0.5,4.0096,0.7450197510613751
4,0.0,-0.5,4.0112000000000005,0.7442402863854164
4,0.0,-0.5,4.0128,0.7434616447970506
4,0.0,-0.5,4.0144,0.7426838254306822
4,0.0,-0.5,4.016,0.7419068274216181
4,0.0,-0.5,4.0176,0.7411306499060665
4,0.0,-0.5,4.0192000000000005,0.7403552920211361
4,0.0,-0.5,4.0208,0.739580752904835
4,0.0,-0.5,4.0224,0.7388070316960703
4,0.0,-0.5,4.024,0.7380341275346458
4,0.0,-0.5,4.0256,0.7372620395612627
4,0.0,-0.5,4.027200000000001,0.7364907669175175
4,0.0,-0.5,4.0288,0.7357203087459013
4,0.0,-0.5,4.0304,0.734950664189799
4,0.0,-0.5,4.032,0.7341818323934886
4,0.0,-0.5,4.0336,0.7334138125021391
4,0.0,-0.5,4.035200000000001,0.7326466036618111
4,0.0,-0.5,4.0368,0.7318802050194548
4,0.0,-0.5,4.0384,0.7311146157229093
4,0.0,-0.5,4.04,0.7303498349209014
4,0.0,-0.5,4.0416,0.7295858617630459
4,0.0,-0.5,4.043200000000001,0.7288226953998427
4,0.0,-0.5,4.0448,0.7280603349826773
4,0.0,-0.5,4.0464,0.7272987796638194
4,0.0,-0.5,4.048,0.7265380285964217
4,0.0,-0.5,4.0496,0.7257780809345196
4,0.0,-0.5,4.051200000000001,0.7250189358330295
4,0.0,-0.5,4.0528,0.7242605924477482
4,0.0,-0.5,4.0544,0.7235030499353525
4,0.0,-0.5,4.056,0.7227463074533973
4,0.0,-0.5,4.0576,0.7219903641603151
4,0.0,-0.5,4.059200000000001,0.7212352192154153
4,0.0,-0.5,4.0608,0.7204808717788828
4,0.0,-0.5,4.0624,0.7197273210117773
4,0.0,-0.5,4.064,0.7189745660760326
4,0.0,-0.5,4.0656,0.7182226061344554
4,0.0,-0.5,4.067200000000001,0.7174714403507242
4,0.0,-0.5,4.0688,0.7167210678893886
4,0.0,-0.5,4.0704,0.7159714879158686
4,0.0,-0.5,4.072,0.7152226995964532
4,0.0,-0.5,4.0736,0.7144747020982997
4,0.0,-0.5,4.075200000000001,0.7137274945894325
4,0.0,-0.5,4.0768,0.7129810762387431
4,0.0,-0.5,4.0784,0.7122354462159882
4,0.0,-0.5,4.08,0.7114906036917887
4,0.0,-0.5,4.0816,0.7107465478376298
4,0.0,-0.5,4.083200000000001,0.7100032778258591
4,0.0,-0.5,4.0848,0.7092607928296862
4,0.0,-0.5,4.0864,0.7085190920231812
4,0.0,-0.5,4.088,0.7077781745812749
4,0.0,-0.5,4.0896,0.7070380396797568
4,0.0,-0.5,4.091200000000001,0.7062986864952744
4,0.0,-0.5,4.0928,0.7055601142053328
4,0.0,-0.5,4.0944,0.7048223219882933
4,0.0,-0.5,4.096,0.7040853090233726
4,0.0,-0.5,4.0976,0.7033490744906421
4,0.0,-0.5,4.099200000000001,0.7026136175710266
4,0.0,-0.5,4.1008000000000004,0.7018789374463038
4,0.0,-0.5,4.1024,0.7011450332991032
4,0.0,-0.5,4.104,0.7004119043129051
4,0.0,-0.5,4.1056,0.6996795496720398
4,0.0,-0.5,4.107200000000001,0.6989479685616867
4,0.0,-0.5,4.1088000000000005,0.6982171601678737
4,0.0,-0.5,4.1104,0.6974871236774755
4,0.0,-0.5,4.112,0.6967578582782133
4,0.0,-0.5,4.1136,0.6960293631586544
4,0.0,-0.5,4.115200000000001,0.69530163750821
4,0.0,-0.5,4.1168000000000005,0.6945746805171353
4,0.0,-0.5,4.1184,0.6938484913765285
4,0.0,-0.5,4.12,0.6931230692783291
4,0.0,-0.5,4.1216,0.6923984134153183
4,0.0,-0.5,4.1232,0.6916745229811169
4,0.0,-0.5,4.1248000000000005,0.6909513971701855
4,0.0,-0.5,4.1264,0.6902290351778226
4,0.0,-0.5,4.128,0.6895074362001646
4,0.0,-0.5,4.1296,0.6887865994341839
4,0.0,-0.5,4.1312,0.6880665240776892
4,0.0,-0.5,4.1328000000000005,0.6873472093293235
4,0.0,-0.5,4.1344,0.686628654388564
4,0.0,-0.5,4.136,0.685910858455721
4,0.0,-0.5,4.1376,0.6851938207319367
4,0.0,-0.5,4.1392,0.6844775404191848
4,0.0,-0.5,4.1408000000000005,0.6837620167202696
4,0.0,-0.5,4.1424,0.6830472488388244
4,0.0,-0.5,4.144,0.6823332359793115
4,0.0,-0.5,4.1456,0.681619977347021
4,0.0,-0.5,4.1472,0.6809074721480696
4,0.0,-0.5,4.1488000000000005,0.6801957195894003
4,0.0,-0.5,4.1504,0.6794847188787813
4,0.0,-0.5,4.152,0.6787744692248048
4,0.0,-0.5,4.1536,0.6780649698368867
4,0.0,-0.5,4.1552,0.6773562199252651
4,0.0,-0.5,4.1568000000000005,0.6766482187010001
4,0.0,-0.5,4.1584,0.6759409653759724
4,0.0,-0.5,4.16,0.6752344591628827
4,0.0,-0.5,4.1616,0.6745286992752508
4,0.0,-0.5,4.1632,0.6738236849274147
4,0.0,-0.5,4.1648000000000005,0.6731194153345297
4,0.0,-0.5,4.1664,0.6724158897125676
4,0.0,-0.5,4.168,0.6717131072783156
4,0.0,-0.5,4.1696,0.6710110672493761
4,0.0,-0.5,4.1712,0.6703097688441652
4,0.0,-0.5,4.1728000000000005,0.6696092112819116
4,0.0,-0.5,4.1744,0.6689093937826571
4,0.0,-0.5,4.176,0.668210315567254
4,0.0,-0.5,4.1776,0.6675119758573655
4,0.0,-0.5,4.1792,0.6668143738754642
4,0.0,-0.5,4.1808000000000005,0.6661175088448317
4,0.0,-0.5,4.1824,0.6654213799895572
4,0.0,-0.5,4.184,0.6647259865345373
4,0.0,-0.5,4.1856,0.6640313277054746
4,0.0,-0.5,4.1872,0.663337402728877
4,0.0,-0.5,4.1888000000000005,0.6626442108320569
4,0.0,-0.5,4.1904,0.661951751243131
4,0.0,-0.5,4.192,0.6612600231910178
4,0.0,-0.5,4.1936,0.6605690259054386
4,0.0,-0.5,4.1952,0.6598787586169155
4,0.0,-0.5,4.1968000000000005,0.6591892205567708
4,0.0,-0.5,4.1984,0.6585004109571263
4,0.0,-0.5,4.2,0.6578123290509025
4,0.0,-0.5,4.2016,0.6571249740718177
4,0.0,-0.5,4.2032,0.6564383452543869
4,0.0,-0.5,4.2048000000000005,0.6557524418339217
4,0.0,-0.5,4.2064,0.6550672630465283
4,0.0,-0.5,4.208,0.6543828081291078
4,0.0,-0.5,4.2096,0.6536990763193548
4,0.0,-0.5,4.2112,0.6530160668557562
4,0.0,-0.5,4.2128000000000005,0.6523337789775914
4,0.0,-0.5,4.2144,0.6516522119249306
4,0.0,-0.5,4.216,0.6509713649386346
4,0.0,-0.5,4.2176,0.6502912372603529
4,0.0,-0.5,4.2192,0.6496118281325243
4,0.0,-0.5,4.2208000000000006,0.6489331367983752
4,0.0,-0.5,4.2224,0.6482551625019186
4,0.0,-0.5,4.224,0.647577904487954
4,0.0,-0.5,4.2256,0.6469013620020662
4,0.0,-0.5,4.2272,0.646225534290624
4,0.0,-0.5,4.228800000000001,0.6455504206007805
4,0.0,-0.5,4.2304,0.6448760201804713
4,0.0,-0.5,4.232,0.6442023322784136
4,0.0,-0.5,4.2336,0.6435293561441066
4,0.0,-0.5,4.2352,0.6428570910278291
4,0.0,-0.5,4.236800000000001,0.6421855361806401
4,0.0,-0.5,4.2384,0.6415146908543768
4,0.0,-0.5,4.24,0.6408445543016548
4,0.0,-0.5,4.2416,0.6401751257758664
4,0.0,-0.5,4.2432,0.6395064045311802
4,0.0,-0.5,4.244800000000001,0.6388383898225405
4,0.0,-0.5,4.2464,0.6381710809056659
4,0.0,-0.5,4.248,0.6375044770370495
4,0.0,-0.5,4.2496,0.6368385774739568
4,0.0,-0.5,4.2512,0.6361733814744257
4,0.0,-0.5,4.252800000000001,0.6355088882972655
4,0.0,-0.5,4.2544,0.6348450972020564
4,0.0,-0.5,4.256,0.6341820074491481
4,0.0,-0.5,4.2576,0.6335196182996595
4,0.0,-0.5,4.2592,0.6328579290154774
4,0.0,-0.5,4.260800000000001,0.6321969388592562
4,0.0,-0.5,4.2624,0.6315366470944169
4,0.0,-0.5,4.264,0.6308770529851463
4,0.0,-0.5,4.2656,0.6302181557963962
4,0.0,-0.5,4.2672,0.6295599547938826
4,0.0,-0.5,4.268800000000001,0.6289024492440844
4,0.0,-0.5,4.2704,0.6282456384142439
4,0.0,-0.5,4.272,0.6275895215723645
4,0.0,-0.5,4.2736,0.626934097987211
4,0.0,-0.5,4.2752,0.6262793669283083
4,0.0,-0.5,4.276800000000001,0.625625327665941
4,0.0,-0.5,4.2784,0.6249719794711517
4,0.0,-0.5,4.28,0.6243193216157412
4,0.0,-0.5,4.2816,0.6236673533722674
4,0.0,-0.5,4.2832,0.6230160740140441
4,0.0,-0.5,4.284800000000001,0.622365482815141
4,0.0,-0.5,4.2864,0.6217155790503821
4,0.0,-0.5,4.288,0.6210663619953454
4,0.0,-0.5,4.2896,0.620417830926362
4,0.0,-0.5,4.2912,0.6197699851205155
4,0.0,-0.5,4.292800000000001,0.6191228238556407
4,0.0,-0.5,4.2944,0.618476346410323
4,0.0,-0.5,4.296,0.6178305520638983
4,0.0,-0.5,4.2976,0.6171854400964512
4,0.0,-0.5,4.2992,0.6165410097888151
4,0.0,-0.5,4.300800000000001,0.6158972604225705
4,0.0,-0.5,4.3024000000000004,0.6152541912800452
4,0.0,-0.5,4.304,0.6146118016443128
4,0.0,-0.5,4.3056,0.6139700907991922
4,0.0,-0.5,4.3072,0.6133290580292468
4,0.0,-0.5,4.308800000000001,0.6126887026197837
4,0.0,-0.5,4.3104000000000005,0.612049023856853
4,0.0,-0.5,4.312,0.6114100210272472
4,0.0,-0.5,4.3136,0.6107716934184996
4,0.0,-0.5,4.3152,0.6101340403188846
4,0.0,-0.5,4.316800000000001,0.6094970610174164
4,0.0,-0.5,4.3184000000000005,0.6088607548038482
4,0.0,-0.5,4.32,0.6082251209686714
4,0.0,-0.5,4.3216,0.6075901588031152
4,0.0,-0.5,4.3232,0.6069558675991457
4,0.0,-0.5,4.324800000000001,0.6063222466494641
4,0.0,-0.5,4.3264000000000005,0.605689295247508
4,0.0,-0.5,4.328,0.605057012687449
4,0.0,-0.5,4.3296,0.6044253982641924
4,0.0,-0.5,4.3312,0.6037944512733763
4,0.0,-0.5,4.332800000000001,0.6031641710113712
4,0.0,-0.5,4.3344000000000005,0.6025345567752791
4,0.0,-0.5,4.336,0.6019056078629323
4,0.0,-0.5,4.3376,0.6012773235728937
4,0.0,-0.5,4.3392,0.6006497032044544
4,0.0,-0.5,4.3408,0.6000227460576348
4,0.0,-0.5,4.3424000000000005,0.5993964514331825
4,0.0,-0.5,4.344,0.5987708186325719
4,0.0,-0.5,4.3456,0.5981458469580037
4,0.0,-0.5,4.3472,0.5975215357124036
4,0.0,-0.5,4.3488,0.5968978841994227
4,0.0,-0.5,4.3504000000000005,0.5962748917234354
4,0.0,-0.5,4.352,0.5956525575895392
4,0.0,-0.5,4.3536,0.5950308811035541
4,0.0,-0.5,4.3552,0.5944098615720216
4,0.0,-0.5,4.3568,0.5937894983022041
4,0.0,-0.5,4.3584000000000005,0.5931697906020843
4,0.0,-0.5,4.36,0.5925507377803642
4,0.0,-0.5,4.3616,0.5919323391464639
4,0.0,-0.5,4.3632,0.5913145940105223
4,0.0,-0.5,4.3648,0.5906975016833947
4,0.0,-0.5,4.3664000000000005,0.590081061476653
4,0.0,-0.5,4.368,0.5894652727025846
4,0.0,-0.5,4.3696,0.5888501346741923
4,0.0,-0.5,4.3712,0.5882356467051925
4,0.0,-0.5,4.3728,0.5876218081100153
4,0.0,-0.5,4.3744000000000005,0.5870086182038033
4,0.0,-0.5,4.376,0.5863960763024112
4,0.0,-0.5,4.3776,0.5857841817224048
4,0.0,-0.5,4.3792,0.5851729337810602
4,0.0,-0.5,4.3808,0.5845623317963637
4,0.0,-0.5,4.3824000000000005,0.5839523750870104
4,0.0,-0.5,4.384,0.5833430629724031
4,0.0,-0.5,4.3856,0.5827343947726529
4,0.0,-0.5,4.3872,0.5821263698085772
4,0.0,-0.5,4.3888,0.5815189874016999
4,0.0,-0.5,4.3904000000000005,0.5809122468742497
4,0.0,-0.5,4.392,0.5803061475491601
4,0.0,-0.5,4.3936,0.5797006887500684
4,0.0,-0.5,4.3952,0.5790958698013154
4,0.0,-0.5,4.3968,0.578491690027944
4,0.0,-0.5,4.3984000000000005,0.5778881487556986
4,0.0,-0.5,4.4,0.5772852453110249
4,0.0,-0.5,4.4016,0.5766829790210687
4,0.0,-0.5,4.4032,0.5760813492136749
4,0.0,-0.5,4.4048,0.5754803552173882
4,0.0,-0.5,4.4064000000000005,0.5748799963614502
4,0.0,-0.5,4.408,0.5742802719758004
4,0.0,-0.5,4.4096,0.573681181391075
4,0.0,-0.5,4.4112,0.5730827239386059
4,0.0,-0.5,4.4128,0.5724848989504203
4,0.0,-0.5,4.4144000000000005,0.5718877057592396
4,0.0,-0.5,4.416,0.571291143698479
4,0.0,-0.5,4.4176,0.5706952121022469
4,0.0,-0.5,4.4192,0.570099910305344
4,0.0,-0.5,4.4208,0.5695052376432624
4,0.0,-0.5,4.4224000000000006,0.5689111934521851
4,0.0,-0.5,4.424,0.5683177770689852
4,0.0,-0.5,4.4256,0.5677249878312257
4,0.0,-0.5,4.4272,0.5671328250771575
4,0.0,-0.5,4.4288,0.56654128814572
4,0.0,-0.5,4.430400000000001,0.5659503763765402
4,0.0,-0.5,4.432,0.565360089109931
4,0.0,-0.5,4.4336,0.5647704256868917
4,0.0,-0.5,4.4352,0.5641813854491066
4,0.0,-0.5,4.4368,0.5635929677389447
4,0.0,-0.5,4.438400000000001,0.5630051718994582
4,0.0,-0.5,4.44,0.5624179972743827
4,0.0,-0.5,4.4416,0.5618314432081364
4,0.0,-0.5,4.4432,0.5612455090458186
4,0.0,-0.5,4.4448,0.56066019413321
4,0.0,-0.5,4.446400000000001,0.5600754978167714
4,0.0,-0.5,4.448,0.5594914194436427
4,0.0,-0.5,4.4496,0.5589079583616433
4,0.0,-0.5,4.4512,0.5583251139192705
4,0.0,-0.5,4.4528,0.557742885465699
4,0.0,-0.5,4.454400000000001,0.5571612723507801
4,0.0,-0.5,4.456,0.5565802739250411
4,0.0,-0.5,4.4576,0.5559998895396849
4,0.0,-0.5,4.4592,0.555420118546589
4,0.0,-0.5,4.4608,0.5548409602983047
4,0.0,-0.5,4.462400000000001,0.5542624141480565
4,0.0,-0.5,4.464,0.5536844794497416
4,0.0,-0.5,4.4656,0.5531071555579291
4,0.0,-0.5,4.4672,0.552530441827859
4,0.0,-0.5,4.4688,0.5519543376154422
4,0.0,-0.5,4.470400000000001,0.5513788422772589
4,0.0,-0.5,4.472,0.5508039551705587
4,0.0,-0.5,4.4736,0.5502296756532596
4,0.0,-0.5,4.4752,0.5496560030839472
4,0.0,-0.5,4.4768,0.5490829368218743
4,0.0,-0.5,4.478400000000001,0.5485104762269596
4,0.0,-0.5,4.48,0.5479386206597878
4,0.0,-0.5,4.4816,0.5473673694816087
4,0.0,-0.5,4.4832,0.546796722054336
4,0.0,-0.5,4.4848,0.5462266777405473
4,0.0,-0.5,4.486400000000001,0.5456572359034831
4,0.0,-0.5,4.488,0.5450883959070458
4,0.0,-0.5,4.4896,0.5445201571157998
4,0.0,-0.5,4.4912,0.5439525188949699
4,0.0,-0.5,4.4928,0.5433854806104412
4,0.0,-0.5,4.494400000000001,0.5428190416287589
4,0.0,-0.5,4.496,0.5422532013171262
4,0.0,-0.5,4.4976,0.5416879590434047
4,0.0,-0.5,4.4992,0.5411233141761137
4,0.0,-0.5,4.5008,0.5405592660844293
4,0.0,-0.5,4.502400000000001,0.5399958141381832
4,0.0,-0.5,4.5040000000000004,0.5394329577078633
4,0.0,-0.5,4.5056,0.5388706961646114
4,0.0,-0.5,4.5072,0.5383090288802242
4,0.0,-0.5,4.5088,0.5377479552271512
4,0.0,-0.5,4.510400000000001,0.5371874745784952
4,0.0,-0.5,4.5120000000000005,0.5366275863080107
4,0.0,-0.5,4.5136,0.5360682897901033
4,0.0,-0.5,4.5152,0.5355095843998304
4,0.0,-0.5,4.5168,0.5349514695128983
4,0.0,-0.5,4.518400000000001,0.5343939445056632
4,0.0,-0.5,4.5200000000000005,0.5338370087551302
4,0.0,-0.5,4.5216,0.5332806616389519
4,0.0,-0.5,4.5232,0.532724902535429
4,0.0,-0.5,4.5248,0.5321697308235085
4,0.0,-0.5,4.526400000000001,0.5316151458827835
4,0.0,-0.5,4.5280000000000005,0.5310611470934924
4,0.0,-0.5,4.5296,0.5305077338365184
4,0.0,-0.5,4.5312,0.5299549054933891
4,0.0,-0.5,4.5328,0.5294026614462751
4,0.0,-0.5,4.534400000000001,0.5288510010779899
4,0.0,-0.5,4.5360000000000005,0.5282999237719889
4,0.0,-0.5,4.5376,0.5277494289123693
4,0.0,-0.5,4.5392,0.5271995158838688
4,0.0,-0.5,4.5408,0.5266501840718651
4,0.0,-0.5,4.542400000000001,0.5261014328623758
4,0.0,-0.5,4.5440000000000005,0.5255532616420566
4,0.0,-0.5,4.5456,0.525005669798202
4,0.0,-0.5,4.5472,0.5244586567187437
4,0.0,-0.5,4.5488,0.5239122217922504
4,0.0,-0.5,4.5504,0.5233663644079265
4,0.0,-0.5,4.5520000000000005,0.5228210839556123
4,0.0,-0.5,4.5536,0.5222763798257829
4,0.0,-0.5,4.5552,0.5217322514095477
4,0.0,-0.5,4.5568,0.5211886980986496
4,0.0,-0.5,4.5584,0.5206457192854642
4,0.0,-0.5,4.5600000000000005,0.5201033143629996
4,0.0,-0.5,4.5616,0.5195614827248953
4,0.0,-0.5,4.5632,0.5190202237654223
4,0.0,-0.5,4.5648,0.5184795368794812
4,0.0,-0.5,4.5664,0.5179394214626026
4,0.0,-0.5,4.5680000000000005,0.5173998769109462
4,0.0,-0.5,4.5696,0.5168609026213
4,0.0,-0.5,4.5712,0.5163224979910798
4,0.0,-0.5,4.5728,0.5157846624183282
4,0.0,-0.5,4.5744,0.5152473953017146
4,0.0,-0.5,4.5760000000000005,0.514710696040534
4,0.0,-0.5,4.5776,0.5141745640347064
4,0.0,-0.5,4.5792,0.5136389986847768
4,0.0,-0.5,4.5808,0.5131039993919136
4,0.0,-0.5,4.5824,0.5125695655579088
4,0.0,-0.5,4.5840000000000005,0.5120356965851767
4,0.0,-0.5,4.5856,0.5115023918767537
4,0.0,-0.5,4.5872,0.5109696508362975
4,0.0,-0.5,4.5888,0.5104374728680866
4,0.0,-0.5,4.5904,0.5099058573770193
4,0.0,-0.5,4.5920000000000005,0.5093748037686134
4,0.0,-0.5,4.5936,0.5088443114490055
4,0.0,-0.5,4.5952,0.5083143798249503
4,0.0,-0.5,4.5968,0.5077850083038202
4,0.0,-0.5,4.5984,0.5072561962936043
4,0.0,-0.5,4.6000000000000005,0.5067279432029078
4,0.0,-0.5,4.6016,0.5062002484409519
4,0.0,-0.5,4.6032,0.5056731114175723
4,0.0,-0.5,4.6048,0.5051465315432195
4,0.0,-0.5,4.6064,0.5046205082289574
4,0.0,-0.5,4.6080000000000005,0.5040950408864632
4,0.0,-0.5,4.6096,0.5035701289280262
4,0.0,-0.5,4.6112,0.503045771766548
4,0.0,-0.5,4.6128,0.5025219688155411
4,0.0,-0.5,4.6144,0.5019987194891286
4,0.0,-0.5,4.6160000000000005,0.5014760232020438
4,0.0,-0.5,4.6176,0.500953879369629
4,0.0,-0.5,4.6192,0.5004322874078353
4,0.0,-0.5,4.6208,0.499911246733222
4,0.0,-0.5,4.6224,0.49939075676295575
4,0.0,-0.5,4.6240000000000006,0.49887081691481006
4,0.0,-0.5,4.6256,0.4983514266071646
4,0.0,-0.5,4.6272,0.49783258525900476
4,0.0,-0.5,4.6288,0.4973142922899208
4,0.0,-0.5,4.6304,0.49679654712010735
4,0.0,-0.5,4.632000000000001,0.49627934917036265
4,0.0,-0.5,4.6336,0.4957626978620883
4,0.0,-0.5,4.6352,0.4952465926172883
4,0.0,-0.5,4.6368,0.49473103285856845
4,0.0,-0.5,4.6384,0.49421601800913584
4,0.0,-0.5,4.640000000000001,0.4937015474927982
4,0.0,-0.5,4.6416,0.4931876207339633
4,0.0,-0.5,4.6432,0.4926742371576384
4,0.0,-0.5,4.6448,0.4921613961894295
4,0.0,-0.5,4.6464,0.4916490972555408
4,0.0,-0.5,4.648000000000001,0.4911373397827741
4,0.0,-0.5,4.6496,0.49062612319852805
4,0.0,-0.5,4.6512,0.4901154469307977
4,0.0,-0.5,4.6528,0.48960531040817407
4,0.0,-0.5,4.6544,0.489095713059843
4,0.0,-0.5,4.656000000000001,0.48858665431558507
4,0.0,-0.5,4.6576,0.48807813360577457
4,0.0,-0.5,4.6592,0.48757015036137935
4,0.0,-0.5,4.6608,0.4870627040139598
4,0.0,-0.5,4.6624,0.4865557939956684
4,0.0,-0.5,4.664000000000001,0.4860494197392492
4,0.0,-0.5,4.6656,0.48554358067803705
4,0.0,-0.5,4.6672,0.48503827624595724
4,0.0,-0.5,4.6688,0.48453350587752453
4,0.0,-0.5,4.6704,0.4840292690078429
4,0.0,-0.5,4.672000000000001,0.4835255650726046
4,0.0,-0.5,4.6736,0.48302239350809
4,0.0,-0.5,4.6752,0.4825197537511667
4,0.0,-0.5,4.6768,0.48201764523928875
4,0.0,-0.5,4.6784,0.4815160674104965
4,0.0,-0.5,4.680000000000001,0.4810150197034157
4,0.0,-0.5,4.6816,0.4805145015572569
4,0.0,-0.5,4.6832,0.48001451241181486
4,0.0,-0.5,4.6848,0.4795150517074683
4,0.0,-0.5,4.6864,0.4790161188851787
4,0.0,-0.5,4.688000000000001,0.47851771338649024
4,0.0,-0.5,4.6896,0.4780198346535289
4,0.0,-0.5,4.6912,0.4775224821290018
4,0.0,-0.5,4.6928,0.47702565525619706
4,0.0,-0.5,4.6944,0.4765293534789827
4,0.0,-0.5,4.696000000000001,0.47603357624180614
4,0.0,-0.5,4.6976,0.47553832298969406
4,0.0,-0.5,4.6992,0.4750435931682511
4,0.0,-0.5,4.7008,0.47454938622365994
4,0.0,-0.5,4.7024,0.4740557016026802
4,0.0,-0.5,4.704000000000001,0.473562538752648
4,0.0,-0.5,4.7056000000000004,0.47306989712147557
4,0.0,-0.5,4.7072,0.47257777615765056
4,0.0,-0.5,4.7088,0.47208617531023533
4,0.0,-0.5,4.7104,0.4715950940288663
4,0.0,-0.5,4.712000000000001,0.47110453176375366
4,0.0,-0.5,4.7136000000000005,0.4706144879656806
4,0.0,-0.5,4.7152,0.47012496208600274
4,0.0,-0.5,4.7168,0.46963595357664767
4,0.0,-0.5,4.7184,0.4691474618901139
4,0.0,-0.5,4.720000000000001,0.4686594864794711
4,0.0,-0.5,4.7216000000000005,0.46817202679835845
4,0.0,-0.5,4.7232,0.4676850823009853
4,0.0,-0.5,4.7248,0.4671986524421296
4,0.0,-0.5,4.7264,0.46671273667713764
4,0.0,-0.5,4.728000000000001,0.46622733446192355
4,0.0,-0.5,4.7296000000000005,0.46574244525296865
4,0.0,-0.5,4.7312,0.46525806850732093
4,0.0,-0.5,4.7328,0.46477420368259426
4,0.0,-0.5,4.7344,0.4642908502369681
4,0.0,-0.5,4.736000000000001,0.4638080076291868
4,0.0,-0.5,4.7376000000000005,0.46332567531855895
4,0.0,-0.5,4.7392,0.462843852764957
4,0.0,-0.5,4.7408,0.46236253942881633
4,0.0,-0.5,4.7424,0.46188173477113503
4,0.0,-0.5,4.744000000000001,0.4614014382534733
4,0.0,-0.5,4.7456000000000005,0.4609216493379526
4,0.0,-0.5,4.7472,0.46044236748725526
4,0.0,-0.5,4.7488,0.459963592164624
4,0.0,-0.5,4.7504,0.4594853228338612
4,0.0,-0.5,4.752000000000001,0.45900755895932827
4,0.0,-0.5,4.7536000000000005,0.4585303000059454
4,0.0,-0.5,4.7552,0.4580535454391906
4,0.0,-0.5,4.7568,0.4575772947250993
4,0.0,-0.5,4.7584,0.4571015473302641
4,0.0,-0.5,4.76,0.45662630272183335
4,0.0,-0.5,4.7616000000000005,0.4561515603675117
4,0.0,-0.5,4.7632,0.4556773197355586
4,0.0,-0.5,4.7648,0.4552035802947881
4,0.0,-0.5,4.7664,0.4547303415145685
4,0.0,-0.5,4.768,0.45425760286482125
4,0.0,-0.5,4.7696000000000005,0.45378536381602097
4,0.0,-0.5,4.7712,0.45331362383919444
4,0.0,-0.5,4.7728,0.4528423824059203
4,0.0,-0.5,4.7744,0.4523716389883282
4,0.0,-0.5,4.776,0.45190139305909877
4,0.0,-0.5,4.7776000000000005,0.45143164409146236
4,0.0,-0.5,4.7792,0.4509623915591991
4,0.0,-0.5,4.7808,0.4504936349366379
4,0.0,-0.5,4.7824,0.4500253736986562
4,0.0,-0.5,4.784,0.44955760732067923
4,0.0,-0.5,4.7856000000000005,0.4490903352786794
4,0.0,-0.5,4.7872,0.4486235570491759
4,0.0,-0.5,4.7888,0.4481572721092341
4,0.0,-0.5,4.7904,0.4476914799364651
4,0.0,-0.5,4.792,0.44722618000902475
4,0.0,-0.5,4.7936000000000005,0.4467613718056136
4,0.0,-0.5,4.7952,0.4462970548054761
4,0.0,-0.5,4.7968,0.4458332284884
4,0.0,-0.5,4.7984,0.445369892334716
4,0.0,-0.5,4.8,0.44490704582529694
4,0.0,-0.5,4.8016000000000005,0.44444468844155754
4,0.0,-0.5,4.8032,0.4439828196654535
4,0.0,-0.5,4.8048,0.4435214389794814
4,0.0,-0.5,4.8064,0.4430605458666774
4,0.0,-0.5,4.808,0.44260013981061774
4,0.0,-0.5,4.8096000000000005,0.44214022029541716
4,0.0,-0.5,4.8112,0.44168078680572903
4,0.0,-0.5,4.8128,0.44122183882674465
4,0.0,-0.5,4.8144,0.44076337584419234
4,0.0,-0.5,4.816,0.44030539734433755
4,0.0,-0.5,4.8176000000000005,0.4398479028139817
4,0.0,-0.5,4.8192,0.439390891740462
4,0.0,-0.5,4.8208,0.43893436361165067
4,0.0,-0.5,4.8224,0.4384783179159546
4,0.0,-0.5,4.824,0.4380227541423147
4,0.0,-0.5,4.8256000000000006,0.4375676717802053
4,0.0,-0.5,4.8272,0.4371130703196337
4,0.0,-0.5,4.8288,0.4366589492511396
4,0.0,-0.5,4.8304,0.4362053080657947
4,0.0,-0.5,4.832,0.43575214625520176
4,0.0,-0.5,4.833600000000001,0.43529946331149455
4,0.0,-0.5,4.8352,0.43484725872733687
4,0.0,-0.5,4.8368,0.43439553199592235
4,0.0,-0.5,4.8384,0.4339442826109737
4,0.0,-0.5,4.84,0.43349351006674225
4,0.0,-0.5,4.841600000000001,0.43304321385800754
4,0.0,-0.5,4.8432,0.4325933934800763
4,0.0,-0.5,4.8448,0.43214404842878257
4,0.0,-0.5,4.8464,0.4316951782004868
4,0.0,-0.5,4.848,0.4312467822920753
4,0.0,-0.5,4.849600000000001,0.43079886020095964
4,0.0,-0.5,4.8512,0.4303514114250765
4,0.0,-0.5,4.8528,0.42990443546288676
4,0.0,-0.5,4.8544,0.429457931813375
4,0.0,-0.5,4.856,0.42901189997604905
4,0.0,-0.5,4.857600000000001,0.42856633945093964
4,0.0,-0.5,4.8592,0.42812124973859955
4,0.0,-0.5,4.8608,0.4276766303401031
4,0.0,-0.5,4.8624,0.4272324807570459
4,0.0,-0.5,4.864,0.426788800491544
4,0.0,-0.5,4.865600000000001,0.42634558904623365
4,0.0,-0.5,4.8672,0.4259028459242706
4,0.0,-0.5,4.8688,0.42546057062932935
4,0.0,-0.5,4.8704,0.4250187626656032
4,0.0,-0.5,4.872,0.42457742153780315
4,0.0,-0.5,4.873600000000001,0.4241365467511578
4,0.0,-0.5,4.8752,0.4236961378114125
4,0.0,-0.5,4.8768,0.42325619422482896
4,0.0,-0.5,4.8784,0.4228167154981846
4,0.0,-0.5,4.88,0.42237770113877254
4,0.0,-0.5,4.881600000000001,0.42193915065440013
4,0.0,-0.5,4.8832,0.42150106355338945
4,0.0,-0.5,4.8848,0.42106343934457596
4,0.0,-0.5,4.8864,0.4206262775373086
4,0.0,-0.5,4.888,0.42018957764144865
4,0.0,-0.5,4.889600000000001,0.41975333916736995
4,0.0,-0.5,4.8912,0.4193175616259576
4,0.0,-0.5,4.8928,0.4188822445286083
4,0.0,-0.5,4.8944,0.4184473873872287
4,0.0,-0.5,4.896,0.418012989714236
4,0.0,-0.5,4.897600000000001,0.41757905102255677
4,0.0,-0.5,4.8992,0.4171455708256267
4,0.0,-0.5,4.9008,0.4167125486373898
4,0.0,-0.5,4.9024,0.4162799839722984
4,0.0,-0.5,4.904,0.415847876345312
4,0.0,-0.5,4.905600000000001,0.4154162252718973
4,0.0,-0.5,4.9072000000000005,0.41498503026802713
4,0.0,-0.5,4.9088,0.41455429085018064
4,0.0,-0.5,4.9104,0.41412400653534215
4,0.0,-0.5,4.912,0.41369417684100085
4,0.0,-0.5,4.913600000000001,0.4132648012851504
4,0.0,-0.5,4.9152000000000005,0.4128358793862884
4,0.0,-0.5,4.9168,0.4124074106634157
4,0.0,-0.5,4.9184,0.41197939463603594
4,0.0,-0.5,4.92,0.41155183082415514
4,0.0,-0.5,4.921600000000001,0.41112471874828127
4,0.0,-0.5,4.9232000000000005,0.4106980579294234
4,0.0,-0.5,4.9248,0.4102718478890916
4,0.0,-0.5,4.9264,0.409846088149296
4,0.0,-0.5,4.928,0.4094207782325467
4,0.0,-0.5,4.929600000000001,0.4089959176618527
4,0.0,-0.5,4.9312000000000005,0.40857150596072245
4,0.0,-0.5,4.9328,0.40814754265316205
4,0.0,-0.5,4.9344,0.4077240272636755
4,0.0,-0.5,4.936,0.40730095931726407
4,0.0,-0.5,4.937600000000001,0.4068783383394257
4,0.0,-0.5,4.9392000000000005,0.40645616385615474
4,0.0,-0.5,4.9408,0.4060344353939411
4,0.0,-0.5,4.9424,0.4056131524797698
4,0.0,-0.5,4.944,0.40519231464112077
4,0.0,-0.5,4.945600000000001,0.404771921405968
4,0.0,-0.5,4.9472000000000005,0.4043519723027792
4,0.0,-0.5,4.9488,0.4039324668605153
4,0.0,-0.5,4.9504,0.40351340460863
4,0.0,-0.5,4.952,0.4030947850770691
4,0.0,-0.5,4.953600000000001,0.40267660779627
4,0.0,-0.5,4.9552000000000005,0.40225887229716145
4,0.0,-0.5,4.9568,0.4018415781111628
4,0.0,-0.5,4.9584,0.40142472477018365
4,0.0,-0.5,4.96,0.4010083118066232
4,0.0,-0.5,4.961600000000001,0.40059233875336997
4,0.0,-0.5,4.9632000000000005,0.4001768051438009
4,0.0,-0.5,4.9648,0.39976171051178144
4,0.0,-0.5,4.9664,0.39934705439166457
4,0.0,-0.5,4.968,0.3989328363182906
4,0.0,-0.5,4.9696,0.39851905582698627
4,0.0,-0.5,4.9712000000000005,0.3981057124535647
4,0.0,-0.5,4.9728,0.39769280573432475
4,0.0,-0.5,4.9744,0.3972803352060505
4,0.0,-0.5,4.976,0.3968683004060106
4,0.0,-0.5,4.9776,0.39645670087195817
4,0.0,-0.5,4.9792000000000005,0.3960455361421298
4,0.0,-0.5,4.9808,0.3956348057552454
4,0.0,-0.5,4.9824,0.3952245092505078
4,0.0,-0.5,4.984,0.3948146461676018
4,0.0,-0.5,4.9856,0.39440521604669426
4,0.0,-0.5,4.9872000000000005,0.39399621842843313
4,0.0,-0.5,4.9888,0.39358765285394715
4,0.0,-0.5,4.9904,0.39317951886484537
4,0.0,-0.5,4.992,0.39277181600321665
4,0.0,-0.5,4.9936,0.3923645438116293
4,0.0,-0.5,4.9952000000000005,0.39195770183313006
4,0.0,-0.5,4.9968,0.39155128961124447
4,0.0,-0.5,4.9984,0.3911453066899757
4,0.0,-0.5,5.0,0.3907397526138043
